:0200000460009A
:100000004643464200000156000000000101020084
:1000100000000000000000000000000000000000E0
:1000200000000000000000000000000000000000D0
:1000300000000000000000000000000000000000C0
:1000400000000000010406010000000000000000A4
:100050000000800000000000000000000000000020
:100060000000000000000000000000000000000090
:100070000000000000000000000000000000000080
:10008000EB04180AFF1E04320126000000000000E5
:100090000000000000000000000000000000000060
:1000A0000000000000000000000000000000000050
:1000B0000000000000000000000000000000000040
:1000C0000000000000000000000000000000000030
:1000D0000000000000000000000000000000000020
:1000E0000000000000000000000000000000000010
:1000F0000000000000000000000000000000000000
:1001000000000000000000000000000000000000EF
:1001100000000000000000000000000000000000DF
:1001200000000000000000000000000000000000CF
:1001300000000000000000000000000000000000BF
:1001400000000000000000000000000000000000AF
:10015000000000000000000000000000000000009F
:10016000000000000000000000000000000000008F
:10017000000000000000000000000000000000007F
:10018000000000000000000000000000000000006F
:10019000000000000000000000000000000000005F
:1001A000000000000000000000000000000000004F
:1001B000000000000000000000000000000000003F
:1001C000000100000010000001000000000000001D
:1001D000000001000000000000000000000000001E
:1001E000000000000000000000000000000000000F
:1001F00000000000000000000000000000000000FF
:10020000FFFFFFFFFFFFFFFFFFFFFFFFFFFFFFFFFE
:10021000FFFFFFFFFFFFFFFFFFFFFFFFFFFFFFFFEE
:10022000FFFFFFFFFFFFFFFFFFFFFFFFFFFFFFFFDE
:10023000FFFFFFFFFFFFFFFFFFFFFFFFFFFFFFFFCE
:10024000FFFFFFFFFFFFFFFFFFFFFFFFFFFFFFFFBE
:10025000FFFFFFFFFFFFFFFFFFFFFFFFFFFFFFFFAE
:10026000FFFFFFFFFFFFFFFFFFFFFFFFFFFFFFFF9E
:10027000FFFFFFFFFFFFFFFFFFFFFFFFFFFFFFFF8E
:10028000FFFFFFFFFFFFFFFFFFFFFFFFFFFFFFFF7E
:10029000FFFFFFFFFFFFFFFFFFFFFFFFFFFFFFFF6E
:1002A000FFFFFFFFFFFFFFFFFFFFFFFFFFFFFFFF5E
:1002B000FFFFFFFFFFFFFFFFFFFFFFFFFFFFFFFF4E
:1002C000FFFFFFFFFFFFFFFFFFFFFFFFFFFFFFFF3E
:1002D000FFFFFFFFFFFFFFFFFFFFFFFFFFFFFFFF2E
:1002E000FFFFFFFFFFFFFFFFFFFFFFFFFFFFFFFF1E
:1002F000FFFFFFFFFFFFFFFFFFFFFFFFFFFFFFFF0E
:10030000FFFFFFFFFFFFFFFFFFFFFFFFFFFFFFFFFD
:10031000FFFFFFFFFFFFFFFFFFFFFFFFFFFFFFFFED
:10032000FFFFFFFFFFFFFFFFFFFFFFFFFFFFFFFFDD
:10033000FFFFFFFFFFFFFFFFFFFFFFFFFFFFFFFFCD
:10034000FFFFFFFFFFFFFFFFFFFFFFFFFFFFFFFFBD
:10035000FFFFFFFFFFFFFFFFFFFFFFFFFFFFFFFFAD
:10036000FFFFFFFFFFFFFFFFFFFFFFFFFFFFFFFF9D
:10037000FFFFFFFFFFFFFFFFFFFFFFFFFFFFFFFF8D
:10038000FFFFFFFFFFFFFFFFFFFFFFFFFFFFFFFF7D
:10039000FFFFFFFFFFFFFFFFFFFFFFFFFFFFFFFF6D
:1003A000FFFFFFFFFFFFFFFFFFFFFFFFFFFFFFFF5D
:1003B000FFFFFFFFFFFFFFFFFFFFFFFFFFFFFFFF4D
:1003C000FFFFFFFFFFFFFFFFFFFFFFFFFFFFFFFF3D
:1003D000FFFFFFFFFFFFFFFFFFFFFFFFFFFFFFFF2D
:1003E000FFFFFFFFFFFFFFFFFFFFFFFFFFFFFFFF1D
:1003F000FFFFFFFFFFFFFFFFFFFFFFFFFFFFFFFF0D
:10040000FFFFFFFFFFFFFFFFFFFFFFFFFFFFFFFFFC
:10041000FFFFFFFFFFFFFFFFFFFFFFFFFFFFFFFFEC
:10042000FFFFFFFFFFFFFFFFFFFFFFFFFFFFFFFFDC
:10043000FFFFFFFFFFFFFFFFFFFFFFFFFFFFFFFFCC
:10044000FFFFFFFFFFFFFFFFFFFFFFFFFFFFFFFFBC
:10045000FFFFFFFFFFFFFFFFFFFFFFFFFFFFFFFFAC
:10046000FFFFFFFFFFFFFFFFFFFFFFFFFFFFFFFF9C
:10047000FFFFFFFFFFFFFFFFFFFFFFFFFFFFFFFF8C
:10048000FFFFFFFFFFFFFFFFFFFFFFFFFFFFFFFF7C
:10049000FFFFFFFFFFFFFFFFFFFFFFFFFFFFFFFF6C
:1004A000FFFFFFFFFFFFFFFFFFFFFFFFFFFFFFFF5C
:1004B000FFFFFFFFFFFFFFFFFFFFFFFFFFFFFFFF4C
:1004C000FFFFFFFFFFFFFFFFFFFFFFFFFFFFFFFF3C
:1004D000FFFFFFFFFFFFFFFFFFFFFFFFFFFFFFFF2C
:1004E000FFFFFFFFFFFFFFFFFFFFFFFFFFFFFFFF1C
:1004F000FFFFFFFFFFFFFFFFFFFFFFFFFFFFFFFF0C
:10050000FFFFFFFFFFFFFFFFFFFFFFFFFFFFFFFFFB
:10051000FFFFFFFFFFFFFFFFFFFFFFFFFFFFFFFFEB
:10052000FFFFFFFFFFFFFFFFFFFFFFFFFFFFFFFFDB
:10053000FFFFFFFFFFFFFFFFFFFFFFFFFFFFFFFFCB
:10054000FFFFFFFFFFFFFFFFFFFFFFFFFFFFFFFFBB
:10055000FFFFFFFFFFFFFFFFFFFFFFFFFFFFFFFFAB
:10056000FFFFFFFFFFFFFFFFFFFFFFFFFFFFFFFF9B
:10057000FFFFFFFFFFFFFFFFFFFFFFFFFFFFFFFF8B
:10058000FFFFFFFFFFFFFFFFFFFFFFFFFFFFFFFF7B
:10059000FFFFFFFFFFFFFFFFFFFFFFFFFFFFFFFF6B
:1005A000FFFFFFFFFFFFFFFFFFFFFFFFFFFFFFFF5B
:1005B000FFFFFFFFFFFFFFFFFFFFFFFFFFFFFFFF4B
:1005C000FFFFFFFFFFFFFFFFFFFFFFFFFFFFFFFF3B
:1005D000FFFFFFFFFFFFFFFFFFFFFFFFFFFFFFFF2B
:1005E000FFFFFFFFFFFFFFFFFFFFFFFFFFFFFFFF1B
:1005F000FFFFFFFFFFFFFFFFFFFFFFFFFFFFFFFF0B
:10060000FFFFFFFFFFFFFFFFFFFFFFFFFFFFFFFFFA
:10061000FFFFFFFFFFFFFFFFFFFFFFFFFFFFFFFFEA
:10062000FFFFFFFFFFFFFFFFFFFFFFFFFFFFFFFFDA
:10063000FFFFFFFFFFFFFFFFFFFFFFFFFFFFFFFFCA
:10064000FFFFFFFFFFFFFFFFFFFFFFFFFFFFFFFFBA
:10065000FFFFFFFFFFFFFFFFFFFFFFFFFFFFFFFFAA
:10066000FFFFFFFFFFFFFFFFFFFFFFFFFFFFFFFF9A
:10067000FFFFFFFFFFFFFFFFFFFFFFFFFFFFFFFF8A
:10068000FFFFFFFFFFFFFFFFFFFFFFFFFFFFFFFF7A
:10069000FFFFFFFFFFFFFFFFFFFFFFFFFFFFFFFF6A
:1006A000FFFFFFFFFFFFFFFFFFFFFFFFFFFFFFFF5A
:1006B000FFFFFFFFFFFFFFFFFFFFFFFFFFFFFFFF4A
:1006C000FFFFFFFFFFFFFFFFFFFFFFFFFFFFFFFF3A
:1006D000FFFFFFFFFFFFFFFFFFFFFFFFFFFFFFFF2A
:1006E000FFFFFFFFFFFFFFFFFFFFFFFFFFFFFFFF1A
:1006F000FFFFFFFFFFFFFFFFFFFFFFFFFFFFFFFF0A
:10070000FFFFFFFFFFFFFFFFFFFFFFFFFFFFFFFFF9
:10071000FFFFFFFFFFFFFFFFFFFFFFFFFFFFFFFFE9
:10072000FFFFFFFFFFFFFFFFFFFFFFFFFFFFFFFFD9
:10073000FFFFFFFFFFFFFFFFFFFFFFFFFFFFFFFFC9
:10074000FFFFFFFFFFFFFFFFFFFFFFFFFFFFFFFFB9
:10075000FFFFFFFFFFFFFFFFFFFFFFFFFFFFFFFFA9
:10076000FFFFFFFFFFFFFFFFFFFFFFFFFFFFFFFF99
:10077000FFFFFFFFFFFFFFFFFFFFFFFFFFFFFFFF89
:10078000FFFFFFFFFFFFFFFFFFFFFFFFFFFFFFFF79
:10079000FFFFFFFFFFFFFFFFFFFFFFFFFFFFFFFF69
:1007A000FFFFFFFFFFFFFFFFFFFFFFFFFFFFFFFF59
:1007B000FFFFFFFFFFFFFFFFFFFFFFFFFFFFFFFF49
:1007C000FFFFFFFFFFFFFFFFFFFFFFFFFFFFFFFF39
:1007D000FFFFFFFFFFFFFFFFFFFFFFFFFFFFFFFF29
:1007E000FFFFFFFFFFFFFFFFFFFFFFFFFFFFFFFF19
:1007F000FFFFFFFFFFFFFFFFFFFFFFFFFFFFFFFF09
:10080000FFFFFFFFFFFFFFFFFFFFFFFFFFFFFFFFF8
:10081000FFFFFFFFFFFFFFFFFFFFFFFFFFFFFFFFE8
:10082000FFFFFFFFFFFFFFFFFFFFFFFFFFFFFFFFD8
:10083000FFFFFFFFFFFFFFFFFFFFFFFFFFFFFFFFC8
:10084000FFFFFFFFFFFFFFFFFFFFFFFFFFFFFFFFB8
:10085000FFFFFFFFFFFFFFFFFFFFFFFFFFFFFFFFA8
:10086000FFFFFFFFFFFFFFFFFFFFFFFFFFFFFFFF98
:10087000FFFFFFFFFFFFFFFFFFFFFFFFFFFFFFFF88
:10088000FFFFFFFFFFFFFFFFFFFFFFFFFFFFFFFF78
:10089000FFFFFFFFFFFFFFFFFFFFFFFFFFFFFFFF68
:1008A000FFFFFFFFFFFFFFFFFFFFFFFFFFFFFFFF58
:1008B000FFFFFFFFFFFFFFFFFFFFFFFFFFFFFFFF48
:1008C000FFFFFFFFFFFFFFFFFFFFFFFFFFFFFFFF38
:1008D000FFFFFFFFFFFFFFFFFFFFFFFFFFFFFFFF28
:1008E000FFFFFFFFFFFFFFFFFFFFFFFFFFFFFFFF18
:1008F000FFFFFFFFFFFFFFFFFFFFFFFFFFFFFFFF08
:10090000FFFFFFFFFFFFFFFFFFFFFFFFFFFFFFFFF7
:10091000FFFFFFFFFFFFFFFFFFFFFFFFFFFFFFFFE7
:10092000FFFFFFFFFFFFFFFFFFFFFFFFFFFFFFFFD7
:10093000FFFFFFFFFFFFFFFFFFFFFFFFFFFFFFFFC7
:10094000FFFFFFFFFFFFFFFFFFFFFFFFFFFFFFFFB7
:10095000FFFFFFFFFFFFFFFFFFFFFFFFFFFFFFFFA7
:10096000FFFFFFFFFFFFFFFFFFFFFFFFFFFFFFFF97
:10097000FFFFFFFFFFFFFFFFFFFFFFFFFFFFFFFF87
:10098000FFFFFFFFFFFFFFFFFFFFFFFFFFFFFFFF77
:10099000FFFFFFFFFFFFFFFFFFFFFFFFFFFFFFFF67
:1009A000FFFFFFFFFFFFFFFFFFFFFFFFFFFFFFFF57
:1009B000FFFFFFFFFFFFFFFFFFFFFFFFFFFFFFFF47
:1009C000FFFFFFFFFFFFFFFFFFFFFFFFFFFFFFFF37
:1009D000FFFFFFFFFFFFFFFFFFFFFFFFFFFFFFFF27
:1009E000FFFFFFFFFFFFFFFFFFFFFFFFFFFFFFFF17
:1009F000FFFFFFFFFFFFFFFFFFFFFFFFFFFFFFFF07
:100A0000FFFFFFFFFFFFFFFFFFFFFFFFFFFFFFFFF6
:100A1000FFFFFFFFFFFFFFFFFFFFFFFFFFFFFFFFE6
:100A2000FFFFFFFFFFFFFFFFFFFFFFFFFFFFFFFFD6
:100A3000FFFFFFFFFFFFFFFFFFFFFFFFFFFFFFFFC6
:100A4000FFFFFFFFFFFFFFFFFFFFFFFFFFFFFFFFB6
:100A5000FFFFFFFFFFFFFFFFFFFFFFFFFFFFFFFFA6
:100A6000FFFFFFFFFFFFFFFFFFFFFFFFFFFFFFFF96
:100A7000FFFFFFFFFFFFFFFFFFFFFFFFFFFFFFFF86
:100A8000FFFFFFFFFFFFFFFFFFFFFFFFFFFFFFFF76
:100A9000FFFFFFFFFFFFFFFFFFFFFFFFFFFFFFFF66
:100AA000FFFFFFFFFFFFFFFFFFFFFFFFFFFFFFFF56
:100AB000FFFFFFFFFFFFFFFFFFFFFFFFFFFFFFFF46
:100AC000FFFFFFFFFFFFFFFFFFFFFFFFFFFFFFFF36
:100AD000FFFFFFFFFFFFFFFFFFFFFFFFFFFFFFFF26
:100AE000FFFFFFFFFFFFFFFFFFFFFFFFFFFFFFFF16
:100AF000FFFFFFFFFFFFFFFFFFFFFFFFFFFFFFFF06
:100B0000FFFFFFFFFFFFFFFFFFFFFFFFFFFFFFFFF5
:100B1000FFFFFFFFFFFFFFFFFFFFFFFFFFFFFFFFE5
:100B2000FFFFFFFFFFFFFFFFFFFFFFFFFFFFFFFFD5
:100B3000FFFFFFFFFFFFFFFFFFFFFFFFFFFFFFFFC5
:100B4000FFFFFFFFFFFFFFFFFFFFFFFFFFFFFFFFB5
:100B5000FFFFFFFFFFFFFFFFFFFFFFFFFFFFFFFFA5
:100B6000FFFFFFFFFFFFFFFFFFFFFFFFFFFFFFFF95
:100B7000FFFFFFFFFFFFFFFFFFFFFFFFFFFFFFFF85
:100B8000FFFFFFFFFFFFFFFFFFFFFFFFFFFFFFFF75
:100B9000FFFFFFFFFFFFFFFFFFFFFFFFFFFFFFFF65
:100BA000FFFFFFFFFFFFFFFFFFFFFFFFFFFFFFFF55
:100BB000FFFFFFFFFFFFFFFFFFFFFFFFFFFFFFFF45
:100BC000FFFFFFFFFFFFFFFFFFFFFFFFFFFFFFFF35
:100BD000FFFFFFFFFFFFFFFFFFFFFFFFFFFFFFFF25
:100BE000FFFFFFFFFFFFFFFFFFFFFFFFFFFFFFFF15
:100BF000FFFFFFFFFFFFFFFFFFFFFFFFFFFFFFFF05
:100C0000FFFFFFFFFFFFFFFFFFFFFFFFFFFFFFFFF4
:100C1000FFFFFFFFFFFFFFFFFFFFFFFFFFFFFFFFE4
:100C2000FFFFFFFFFFFFFFFFFFFFFFFFFFFFFFFFD4
:100C3000FFFFFFFFFFFFFFFFFFFFFFFFFFFFFFFFC4
:100C4000FFFFFFFFFFFFFFFFFFFFFFFFFFFFFFFFB4
:100C5000FFFFFFFFFFFFFFFFFFFFFFFFFFFFFFFFA4
:100C6000FFFFFFFFFFFFFFFFFFFFFFFFFFFFFFFF94
:100C7000FFFFFFFFFFFFFFFFFFFFFFFFFFFFFFFF84
:100C8000FFFFFFFFFFFFFFFFFFFFFFFFFFFFFFFF74
:100C9000FFFFFFFFFFFFFFFFFFFFFFFFFFFFFFFF64
:100CA000FFFFFFFFFFFFFFFFFFFFFFFFFFFFFFFF54
:100CB000FFFFFFFFFFFFFFFFFFFFFFFFFFFFFFFF44
:100CC000FFFFFFFFFFFFFFFFFFFFFFFFFFFFFFFF34
:100CD000FFFFFFFFFFFFFFFFFFFFFFFFFFFFFFFF24
:100CE000FFFFFFFFFFFFFFFFFFFFFFFFFFFFFFFF14
:100CF000FFFFFFFFFFFFFFFFFFFFFFFFFFFFFFFF04
:100D0000FFFFFFFFFFFFFFFFFFFFFFFFFFFFFFFFF3
:100D1000FFFFFFFFFFFFFFFFFFFFFFFFFFFFFFFFE3
:100D2000FFFFFFFFFFFFFFFFFFFFFFFFFFFFFFFFD3
:100D3000FFFFFFFFFFFFFFFFFFFFFFFFFFFFFFFFC3
:100D4000FFFFFFFFFFFFFFFFFFFFFFFFFFFFFFFFB3
:100D5000FFFFFFFFFFFFFFFFFFFFFFFFFFFFFFFFA3
:100D6000FFFFFFFFFFFFFFFFFFFFFFFFFFFFFFFF93
:100D7000FFFFFFFFFFFFFFFFFFFFFFFFFFFFFFFF83
:100D8000FFFFFFFFFFFFFFFFFFFFFFFFFFFFFFFF73
:100D9000FFFFFFFFFFFFFFFFFFFFFFFFFFFFFFFF63
:100DA000FFFFFFFFFFFFFFFFFFFFFFFFFFFFFFFF53
:100DB000FFFFFFFFFFFFFFFFFFFFFFFFFFFFFFFF43
:100DC000FFFFFFFFFFFFFFFFFFFFFFFFFFFFFFFF33
:100DD000FFFFFFFFFFFFFFFFFFFFFFFFFFFFFFFF23
:100DE000FFFFFFFFFFFFFFFFFFFFFFFFFFFFFFFF13
:100DF000FFFFFFFFFFFFFFFFFFFFFFFFFFFFFFFF03
:100E0000FFFFFFFFFFFFFFFFFFFFFFFFFFFFFFFFF2
:100E1000FFFFFFFFFFFFFFFFFFFFFFFFFFFFFFFFE2
:100E2000FFFFFFFFFFFFFFFFFFFFFFFFFFFFFFFFD2
:100E3000FFFFFFFFFFFFFFFFFFFFFFFFFFFFFFFFC2
:100E4000FFFFFFFFFFFFFFFFFFFFFFFFFFFFFFFFB2
:100E5000FFFFFFFFFFFFFFFFFFFFFFFFFFFFFFFFA2
:100E6000FFFFFFFFFFFFFFFFFFFFFFFFFFFFFFFF92
:100E7000FFFFFFFFFFFFFFFFFFFFFFFFFFFFFFFF82
:100E8000FFFFFFFFFFFFFFFFFFFFFFFFFFFFFFFF72
:100E9000FFFFFFFFFFFFFFFFFFFFFFFFFFFFFFFF62
:100EA000FFFFFFFFFFFFFFFFFFFFFFFFFFFFFFFF52
:100EB000FFFFFFFFFFFFFFFFFFFFFFFFFFFFFFFF42
:100EC000FFFFFFFFFFFFFFFFFFFFFFFFFFFFFFFF32
:100ED000FFFFFFFFFFFFFFFFFFFFFFFFFFFFFFFF22
:100EE000FFFFFFFFFFFFFFFFFFFFFFFFFFFFFFFF12
:100EF000FFFFFFFFFFFFFFFFFFFFFFFFFFFFFFFF02
:100F0000FFFFFFFFFFFFFFFFFFFFFFFFFFFFFFFFF1
:100F1000FFFFFFFFFFFFFFFFFFFFFFFFFFFFFFFFE1
:100F2000FFFFFFFFFFFFFFFFFFFFFFFFFFFFFFFFD1
:100F3000FFFFFFFFFFFFFFFFFFFFFFFFFFFFFFFFC1
:100F4000FFFFFFFFFFFFFFFFFFFFFFFFFFFFFFFFB1
:100F5000FFFFFFFFFFFFFFFFFFFFFFFFFFFFFFFFA1
:100F6000FFFFFFFFFFFFFFFFFFFFFFFFFFFFFFFF91
:100F7000FFFFFFFFFFFFFFFFFFFFFFFFFFFFFFFF81
:100F8000FFFFFFFFFFFFFFFFFFFFFFFFFFFFFFFF71
:100F9000FFFFFFFFFFFFFFFFFFFFFFFFFFFFFFFF61
:100FA000FFFFFFFFFFFFFFFFFFFFFFFFFFFFFFFF51
:100FB000FFFFFFFFFFFFFFFFFFFFFFFFFFFFFFFF41
:100FC000FFFFFFFFFFFFFFFFFFFFFFFFFFFFFFFF31
:100FD000FFFFFFFFFFFFFFFFFFFFFFFFFFFFFFFF21
:100FE000FFFFFFFFFFFFFFFFFFFFFFFFFFFFFFFF11
:100FF000FFFFFFFFFFFFFFFFFFFFFFFFFFFFFFFF01
:10100000D1002043F1150060000000000000000046
:10101000201000600010006000F803600000000075
:10102000000000600004040000000000FFFFFFFF5C
:10103000FFFFFFFFFFFFFFFFFFFFFFFFFFFFFFFFC0
:10104000FFFFFFFFFFFFFFFFFFFFFFFFFFFFFFFFB0
:10105000FFFFFFFFFFFFFFFFFFFFFFFFFFFFFFFFA0
:10106000FFFFFFFFFFFFFFFFFFFFFFFFFFFFFFFF90
:10107000FFFFFFFFFFFFFFFFFFFFFFFFFFFFFFFF80
:10108000FFFFFFFFFFFFFFFFFFFFFFFFFFFFFFFF70
:10109000FFFFFFFFFFFFFFFFFFFFFFFFFFFFFFFF60
:1010A000FFFFFFFFFFFFFFFFFFFFFFFFFFFFFFFF50
:1010B000FFFFFFFFFFFFFFFFFFFFFFFFFFFFFFFF40
:1010C000FFFFFFFFFFFFFFFFFFFFFFFFFFFFFFFF30
:1010D000FFFFFFFFFFFFFFFFFFFFFFFFFFFFFFFF20
:1010E000FFFFFFFFFFFFFFFFFFFFFFFFFFFFFFFF10
:1010F000FFFFFFFFFFFFFFFFFFFFFFFFFFFFFFFF00
:10110000FFFFFFFFFFFFFFFFFFFFFFFFFFFFFFFFEF
:10111000FFFFFFFFFFFFFFFFFFFFFFFFFFFFFFFFDF
:10112000FFFFFFFFFFFFFFFFFFFFFFFFFFFFFFFFCF
:10113000FFFFFFFFFFFFFFFFFFFFFFFFFFFFFFFFBF
:10114000FFFFFFFFFFFFFFFFFFFFFFFFFFFFFFFFAF
:10115000FFFFFFFFFFFFFFFFFFFFFFFFFFFFFFFF9F
:10116000FFFFFFFFFFFFFFFFFFFFFFFFFFFFFFFF8F
:10117000FFFFFFFFFFFFFFFFFFFFFFFFFFFFFFFF7F
:10118000FFFFFFFFFFFFFFFFFFFFFFFFFFFFFFFF6F
:10119000FFFFFFFFFFFFFFFFFFFFFFFFFFFFFFFF5F
:1011A000FFFFFFFFFFFFFFFFFFFFFFFFFFFFFFFF4F
:1011B000FFFFFFFFFFFFFFFFFFFFFFFFFFFFFFFF3F
:1011C000FFFFFFFFFFFFFFFFFFFFFFFFFFFFFFFF2F
:1011D000FFFFFFFFFFFFFFFFFFFFFFFFFFFFFFFF1F
:1011E000FFFFFFFFFFFFFFFFFFFFFFFFFFFFFFFF0F
:1011F000FFFFFFFFFFFFFFFFFFFFFFFFFFFFFFFFFF
:10120000FFFFFFFFFFFFFFFFFFFFFFFFFFFFFFFFEE
:10121000FFFFFFFFFFFFFFFFFFFFFFFFFFFFFFFFDE
:10122000FFFFFFFFFFFFFFFFFFFFFFFFFFFFFFFFCE
:10123000FFFFFFFFFFFFFFFFFFFFFFFFFFFFFFFFBE
:10124000FFFFFFFFFFFFFFFFFFFFFFFFFFFFFFFFAE
:10125000FFFFFFFFFFFFFFFFFFFFFFFFFFFFFFFF9E
:10126000FFFFFFFFFFFFFFFFFFFFFFFFFFFFFFFF8E
:10127000FFFFFFFFFFFFFFFFFFFFFFFFFFFFFFFF7E
:10128000FFFFFFFFFFFFFFFFFFFFFFFFFFFFFFFF6E
:10129000FFFFFFFFFFFFFFFFFFFFFFFFFFFFFFFF5E
:1012A000FFFFFFFFFFFFFFFFFFFFFFFFFFFFFFFF4E
:1012B000FFFFFFFFFFFFFFFFFFFFFFFFFFFFFFFF3E
:1012C000FFFFFFFFFFFFFFFFFFFFFFFFFFFFFFFF2E
:1012D000FFFFFFFFFFFFFFFFFFFFFFFFFFFFFFFF1E
:1012E000FFFFFFFFFFFFFFFFFFFFFFFFFFFFFFFF0E
:1012F000FFFFFFFFFFFFFFFFFFFFFFFFFFFFFFFFFE
:10130000FFFFFFFFFFFFFFFFFFFFFFFFFFFFFFFFED
:10131000FFFFFFFFFFFFFFFFFFFFFFFFFFFFFFFFDD
:10132000FFFFFFFFFFFFFFFFFFFFFFFFFFFFFFFFCD
:10133000FFFFFFFFFFFFFFFFFFFFFFFFFFFFFFFFBD
:10134000FFFFFFFFFFFFFFFFFFFFFFFFFFFFFFFFAD
:10135000FFFFFFFFFFFFFFFFFFFFFFFFFFFFFFFF9D
:10136000FFFFFFFFFFFFFFFFFFFFFFFFFFFFFFFF8D
:10137000FFFFFFFFFFFFFFFFFFFFFFFFFFFFFFFF7D
:10138000FFFFFFFFFFFFFFFFFFFFFFFFFFFFFFFF6D
:10139000FFFFFFFFFFFFFFFFFFFFFFFFFFFFFFFF5D
:1013A000FFFFFFFFFFFFFFFFFFFFFFFFFFFFFFFF4D
:1013B000FFFFFFFFFFFFFFFFFFFFFFFFFFFFFFFF3D
:1013C000FFFFFFFFFFFFFFFFFFFFFFFFFFFFFFFF2D
:1013D000FFFFFFFFFFFFFFFFFFFFFFFFFFFFFFFF1D
:1013E000FFFFFFFFFFFFFFFFFFFFFFFFFFFFFFFF0D
:1013F000FFFFFFFFFFFFFFFFFFFFFFFFFFFFFFFFFD
:10140000824205D051F8043B40F8043B8242F9D8AF
:10141000704700BF044A05494FF0000342F8043BFF
:101420009142FBD8704700BFC00201200026012076
:1014300008B5BFF34F8F01F05BFC544C544B0820B0
:101440005449C3F85401544AC3F800115348C3F82F
:10145000F0405349FFF7D4FF524A53495348FFF72E
:10146000CFFF534CFFF7D6FF4FF470004FF0E02151
:101470000023504AC1F8880D44F823200133B02BD3
:10148000FAD14D4B80214D4A03F8011B9342FBD109
:101490004FF0E0254A4E4B4A4FF0FF31C5F8084D5A
:1014A000D5F8243D43F4E023C5F8243DF36923F047
:1014B0007F0343F04003F361736A23F07F0343F03B
:1014C000400373629166D1661167516701F018FCA1
:1014D0003D4A3E4BA2636322E36300246A61032317
:1014E0003B4AAC612B61C5F8202DD5F8FC2D394B5A
:1014F00042F080723849C5F8FC2D1A6842F00102AA
:101500001A605B680B6001F0CBFD344801F0A8FF66
:10151000F16E334B334A41F44051F1661C60C3F81D
:101520000841C3F81841C3F82841C3F83841936B08
:10153000DB0708D442F615632B4951651365936B9D
:1015400043F001039363274A284C936843F0011347
:10155000936001F063FC01F00FFF01F05DFF01F00B
:10156000D1FD01F0C7FB2368132BFCD901F066FE07
:101570002368B3F5967FFBD301F0C0FB01F0BCFB01
:1015800001F05EFF01F098FF30BFFDE70C0D111375
:1015900000800D401B101820C88E020000000000C3
:1015A000DC620060C0020120A8F10260000000209F
:1015B0000000012015E4010000E400E0A0E400E0E8
:1015C00000C00F4000C00A404DF8010051F8010072
:1015D00000002020001000E0482101200046C32325
:1015E0000040084000400D400000C056502101203E
:1015F000054B4FF42A01054A05485A641864054A08
:1016000099639546FFF714FF00C00A40FFAFAAAAEE
:1016100007002000000005200D4B1B6813B9704720
:101620009B699BB193F800C08445F9D110B45C6804
:101630008C4208D09B693BB193F800C08445F9D136
:101640005C688C42F6D15A6110BC7047704700BF8D
:101650000C13012038B5037A04460D3B1B2B16D81A
:10166000DFE803F00E151515152944541515151549
:1016700015151515151515151515151515151552DD
:101680000D21002001F04AF8214B186070B10121B2
:1016900000236218084601F02FFF40B10022217894
:1016A00001F0E2FE6078FF3818BF012038BDFF234B
:1016B0000020637038BD174D0121002362180846D1
:1016C00001F01AFF0028F2D00022217801F0CCFEB0
:1016D000237A114A190102EB03135258DB68C5E95A
:1016E00000236078FF3818BF012038BD0121002396
:1016F0004218084601F000FF0028D8D000222178C7
:10170000064D01F0B1FEE3E7054DD5E7054DD3E702
:10171000D41C0120AC0A0120A0770020840A0120FB
:10172000CC1C0120C41C012000285CD02DE9F8430A
:101730002F4B1B68002B57D02E4B04462E4F93F88F
:10174000B430DFF8C8805A072B492C4A44BF4FF009
:10175000FF33FB62D8F800305B0801F0C1FE98B39C
:10176000BA684FF6FE7909254A4510D90226D8F8FD
:1017700000307600214A20461F490135B3FBF6F3BD
:1017800001F0AEFEBA684A4501D90F2DEFD1194BD1
:101790002946174893F8B4300068C3F3800300F07B
:1017A000EDFF97F82020164B22F0010287F8202049
:1017B000A17A2046636211F0010118BF0E4901F0C1
:1017C00037FE0120BDE8F883E36893F820305B061C
:1017D00005D50146636A9FED0B0A20469847002213
:1017E000094BA263E4E770471846BDE8F88300BFE1
:1017F000D41C0120F01A0120D81C0120A41B0120B8
:10180000C5100000000000004D0F000098EE002001
:1018100010B504461C2001F03FFEB8B18646616851
:101820002068A268F446E368ACE80F0061692069AB
:10183000084AACE8030013680021CEF8181033B151
:101840001A469B69002BFBD1C2F818E010BDC2F804
:1018500000E010BD0C1301202DE9F047304C884604
:101860001746304D237F002643F00103237755F8B8
:10187000083C3946627F2046A3F1010A15F80E9C08
:1018800015F818ECBAFA8AFAA360267101364FEA05
:101890005A1AE560C4F814902C356AF3041284F8DF
:1018A00005E0627755F81C3C2361C0470E2EDED15F
:1018B0001D4D022305F50C79A383EB6839461848C2
:1018C00033F002020DD02A7A95F800E06261A3603D
:1018D0006A686B6926710136E26084F805E023616D
:1018E000C0471C354D45E8D1104B1D683DB914E08B
:1018F00039460B4823610136C047AD696DB1EA68CE
:1019000026716B6962612A7862716868A060002B39
:10191000EED101F0B1FD0346EAE7BDE8F08700BF74
:10192000E8080120B8F40020D8F700200C130120AB
:101930002DE9F043404C83B08146404F04F50C78CC
:1019400002E01C3444451CD0E36801210B2BF8D085
:10195000257A6668284601F063FDE3682A0107EBF3
:1019600005150C2BB958EA68C6E90012E9D162687E
:101970001C346B4610684445516803C3C0F8881096
:10198000E2D12F4900222F4B2F481A60CB6E43F42F
:101990004053CB662D4BC0F828322D4C02212D4BE5
:1019A0004FF0E02584F87A104FF08061C5F80C11F3
:1019B000D98B21F00101D9834FF48351DA809981C9
:1019C000402199822449C0F86012114684F8882089
:1019D0004FF48074C5F81041DC8B44F00104DC83C3
:1019E0001E4BC0F8B4321E4B41F22425D7F8D44028
:1019F0000126D88B00F00100D8834846DA80052202
:101A00009D81DA81DA8B174D42F00102DA8326607C
:101A100099F80030144CA3F11703B3FA83F35B0970
:101A20002B70D4F80C3198473046D4F8883098475A
:101A3000287803B0BDE8F083D8F70020A077002015
:101A400000C00F400040084000000120710E00005F
:101A500000E400E000801E40810700005D130000EC
:101A600000001E409C25012008060120A64B1B7883
:101A7000002B00F08F812DE9F04F0C46DFF8D0826B
:101A8000002185B08146D8F8903008469847E00795
:101A900000F190819D4AB0EE006A9D48938A9D496D
:101AA00023F03003D9ED437ADFED9B5A9382D8F8C7
:101AB000203077EEE57A0268A1FB03039748A1FB8B
:101AC000021237EE866A9B0C920C07EE103A06EE75
:101AD000902A98F80822B8EEC77AF8EEE66A9107DD
:101AE00027EE067A67EEA67ABCEEC77AFCEEE77AB6
:101AF00080ED027A17EE903AC0ED007A00F1EA80AC
:101B00008749824AC8F898101380938A854923F040
:101B10008003938293899381834BC1F8603299F853
:101B200027114FF0E02299F828310E257F4C2C2602
:101B30004B40A4F50F7703F0010113F0040F01F1FE
:101B40000101039114BF0221012113F0020F4FF094
:101B500000530291C2F8903114BF02230123019374
:101B60002269013DB2F5801F05D006FB05710B8986
:101B700023F478730B812378013B292B29D8DFE8E4
:101B800003F0A6A3282828A02828282828282828C1
:101B90002828282828282828282828282828289756
:101BA000979728288B8B8B282815151599F828319D
:101BB00006FB0571029843F3800303F0030383F0EF
:101BC0000103400140EAC303088920F47E70034307
:101BD0000B8198F8083213F0010309D0A2F5807246
:101BE00006FB0573B2FA82F25B7A520942EAD3131A
:101BF00006FB0572517A63F3C711137A03F01803D9
:101C00005172A07A082B14BF0321022101F008FCB5
:101C1000A369B3F1844F00F0B980454A934200F0C4
:101C2000B78002F5804293420CBF0223032362690E
:101C300084F8203022B104F1180303CB1060516006
:101C400006FB057ABAF8081011F4787B40F0828020
:101C50002C3C002D84D1374C374EA4F1780594F8F4
:101C60006100FF280CD094F8621049B194F86030FC
:101C70001C2B26FA03F200F28E80D20740F18B80F3
:101C8000183CAC42EBD14FF0E0234FF00052C3F8C8
:101C9000102105B0BDE8F08F99F8283106FB0571D9
:101CA000019843F3400303F0030383F0010388E743
:101CB00099F8283106FB0571039803F001030133FD
:101CC0007FE71E4B636184E71D4B636181E71D4B1A
:101CD00063617EE7D9ED447AF5EEC07AF1EE10FA51
:101CE0007FF70EAF77EEE57AF4EEE57AF1EE10FAD3
:101CF00001D8DFED157A67EEA67A1449FCEEE77A93
:101D0000C0ED017AFDE600BF9C25012000801E4049
:101D100098EE002083DE1B43CDCC4C3EAC2001204E
:101D2000B90100000000012081070000DCF600205E
:101D30000040004228F1002000400014B40A0120B5
:101D4000740A01207C0A0120CDCCCC3E090300009E
:101D500008060120C1F34411204601F0BDFBA16932
:101D60000868E169084214BF01210021BBF1800F1E
:101D70008AF822103FF46CAF9AF82210BBF1400FA2
:101D800018BF81F001018AF8221061E700234EE7B5
:101D900001234CE770478B0707D0B4F86430B9F8DB
:101DA0009C201A4214BF02210121D8F86C310A4A42
:101DB000984765E7094C012194F9000001F010FBF8
:101DC000FFF7B2FC01F010FB94F9003098427FF469
:101DD00061AE01F001FB5DE60D1200000BFF00207B
:101DE000914B1A682DE9F04F904C89B0002A00F011
:101DF00075838F4A4FF000088E4B8F4D4646DFF8B3
:101E0000F0B2E56345468D4C92E803008C4A998018
:101E1000090C126899718B491860C0B2A1FB0212BB
:101E20004FF07E5183F80580920CE1618649626231
:101E3000404514BF1A4642464FF4806361638349AC
:101E4000A362834BE260E363824B834AC4F884302D
:101E5000824BA263824AC4E922138249824BC4F8AE
:101E6000A0108249C4F80C2161678149814A6160F0
:101E70008149A1608149C4E925232161804B8149C1
:101E8000814AC4F890306161804B8149C4E91623CE
:101E9000A161804B8049814A2162A367804B8149BF
:101EA000C4F8EC31804BE266804AC4E91313804BDE
:101EB0008049C4E91023804B804AC4F8E431804B48
:101EC000A164C4F8D8317F497F4BC4F8E0217F4A30
:101ED000C4E968137E4BC4E9512300F05DFE00F0B5
:101EE0007FFE01F0A9FA01F0FFFA7A4B94F808227C
:101EF0000321C4F814324FF02C0E42F07F027648D2
:101F000084F8AC1184F8082284F81A12A4F8188214
:101F1000CDF81480CDF81080CDE906336F4B5A68A8
:101F200093F800906E4B0392C4F8D0316D4BC4F817
:101F3000D4316D4B5A6893F800C002926B4B0EE09F
:101F400011F4C06F07D0039A002A00F0F08109F164
:101F500001094FF0010801352C330E2D46D0634A9C
:101F600019690EFB0522B1F5801F177947F00107AB
:101F70001771177A47F0010717729F7A4FEA071215
:101F800082589A6100EB0712D268DA61D8D1029ABE
:101F9000002A00F0C881554A0CF13E0183F821C0A7
:101FA00001260EFB052219700CEB060A918821F41C
:101FB0007E714904490C41F4034141F0F8019180DC
:101FC000117A66F3C4011172002249490E7BFF2E7B
:101FD00006D0B74200F0918101321831052AF5D1BF
:101FE000D446012601352C330E2DB8D1B8F1000F9F
:101FF00002D03A4B83F80090059B13B1374B039AFC
:102000005A6016B1384B83F800C0049B13B1364BAD
:10201000029A5A60DFF8E0C00021364D63460CF5A5
:102020000C76DFF8D8E073E04C210120000001209D
:10203000247B00208C120120990E0000080601204C
:102040009CEE002083DE1B43F5060000990C000087
:10205000CD0E00002101000031190060B500000024
:102060006D1A0060AD000000B9010000950D000080
:102070002C7B002069010000387B0020407B002081
:102080007D000000687B0020D50A0000D109000017
:10209000747B00206906000000366E0121050000F7
:1020A000E5060000DD060000E1060000B1060000C4
:1020B000BD060000D1060000C5090000690000004F
:1020C00059180060111800601916006069090000B5
:1020D0005109000007000200A0770020FC10012039
:1020E0002109000039090000900C0120A0F4002013
:1020F00028F10020880C0120D8F70020980C01203E
:10210000BBF10B0F00F01D811C330131B34246D0EF
:10211000C1EBC102D3F80CB0D3F804904FEAC10A66
:102120000CEB8202BBF1090F92F8108048F0020814
:1021300082F8108093F808804FEA08128258C9F894
:10214000002000EB0812D268C9F80420D8D1DEF8CC
:102150000420002A00F009819EF800A0DFF8F8B200
:10216000AAF16F021A700522DBF84470013A002FC1
:1021700040F0E1809BF84890C14540F0DC809146FA
:10218000B54A02EB091989F801A0C9F80C301C33D3
:102190000AF1010A0131B3428EF800A0B8D1AF496B
:1021A000AF4800F0A3F92B78002B40F09281AD4DA1
:1021B00044F2E03701F04CF905F178066878FF2821
:1021C00000F0DB802B69002B00F0FB8000236A1CF1
:1021D0000120194601F090F9002800F0CB80C16879
:1021E0002A464369A9602B7312F8041B01F03CF9DD
:1021F0002B78032B08D12B699B4A94F808121360A3
:102200005A7A61F3C7125A721835B542D6D1924D37
:1022100005F150076E682846012E00F0E9802B7A00
:10222000FF2B00F002816B78FF2B01D0FFF712FA31
:102230001035AF42EED18D4801F0F6F88C498D484B
:1022400001F0E6F88C4B8D4D187001F051F9012129
:102250001B2001F0E5F80121162001F0E1F801F062
:102260004FF940F2011318424FF01B0014BF012137
:102270000021297001F018F92B78002B40F02481FF
:102280007F4D804B296BD4F8A82119607E4BD5F87F
:10229000EC102B637D4B7E4819607E4B7E491A60A3
:1022A0007E4BC5F8EC10C4F8A83101F0BDF801214F
:1022B0000F2001F0B5F800210F2001F0F5F841F2F0
:1022C00088320021764801F097F8764B286DD4F8D3
:1022D000A8212B65744B75491A60754B08607548C9
:1022E000C4F8A83101F0A0F82068A0F10A00B0FA03
:1022F00080F0400909B0BDE8F08F8E68002E7FF4B1
:102300006BAE02EB42020BEBC2011BF832200E2A2D
:1023100081F801C00B617FF463AE4FF00402D44634
:1023200001268A705EE601220293049233E60122BE
:10233000039305920BE6ABF1100B002A7FF414AF68
:1023400025E76A68A2B1AAEB010A0CEB8A0A9AF89F
:10235000112042F008028AF811202A7802F10108BF
:10236000573A85F800801A70CEE6CEF80430F3E6CE
:102370006B60E8E7FF236B7046E7AB784FF000082F
:102380002A7B03F01F03FE2A4FEA431343F48043E2
:1023900003EA070363F30F0855D0FF2A7FF434AF35
:1023A0004246454B00210120009501F071F80028BC
:1023B0003FF42AAFB4F81032AA881343A4F81032BD
:1023C00022E73E4A0E2303E02C3A002B3FF4FEAEF8
:1023D000D2F84C12013BB1F5801FF5D192F85D1295
:1023E0008142F1D12C22354902FB03132B61EDE62A
:1023F000334B4FF4A03231463046009501F048F897
:1024000000283FF415AF6A1C00233146304601F026
:1024100073F80022E86000283FF40AAF297801F041
:1024200023F82846FFF716F902E70121244B4FF461
:1024300080420095084601F02BF803462846002B01
:102440003FF4F6AEF2E642461E4B00210120009515
:1024500001F01EF82A7BA0E7A0F10020980C0120D3
:10246000900C012028F100201C0E012014F2002005
:10247000948700200C3500600BFF0020A52501206B
:10248000E004012084120120FD0B000074120120E1
:1024900008F70020280E0120D50B000031070000AE
:1024A000710C0000DD0D0000240E01205C120120E3
:1024B0006D07000018F70020DD080000A0F40020E0
:1024C000690B0000750000000021162000F0ECFFF1
:1024D000D6E60449044800F07FF868E6E26B1A602B
:1024E00087E400BF880C0120800C012010B50E4A43
:1024F00086B004784068EC460C4B106048680C4A83
:102500001C701060DFF82CE00A78DA70BEE80F006B
:10251000ACE80F009EE803008CE80300684600F07A
:10252000D7FF06B010BD00BFA00C0120EC0D0120AC
:10253000A80C0120180900202DE9F04FC56883B0D0
:10254000DFF890800E462F1D0190D8F8002030460D
:102550003946520800F080FF8246E8B1AA684FF67B
:10256000FE7909244A4511D94FF0020BD8F8002012
:102570004FEA4B0B394630460134B2FBFBF200F018
:102580006BFFAA684A4501D90F2CEFD12146286874
:10259000337E00F0F3F818B9504603B0BDE8F08F71
:1025A0000A4A019BD2781B799A42F5D9084AC3EBB3
:1025B000C303717E126881F0010002EB8302537C39
:1025C00060F3041361F345135374E5E7780C0120BD
:1025D000AC0C012098EE00202DE9F047374D8EB06D
:1025E0000378426802AC2B70354B364E1A604B684C
:1025F000354F33600B78EB700FCF0FC43B6802A8E8
:10260000236000F05DFF002855D0E978002952D002
:102610002E4BC1EBC1013268002007932C4B02EB1B
:102620008101089009930C9313460D90CDE90A009F
:102630005C7C1C33E40648BF01308B42F8D1DFF8E4
:1026400098904FF0000828210192444600F028FF9E
:10265000019AC9F8000000E03268C4EBC40AE7B28E
:1026600002EB8A035A7CD2061CD5D9F80020002040
:10267000C2B1197A00F052F8A0B1336808EB8801B2
:10268000D9F8002003EB8A0342F83100394683F879
:102690001880012008F1010800F0B2FE002207A90D
:1026A000FFF74AFF9FED0B0A384600F00DFF01349B
:1026B000EB78A342D0D80EB0BDE8F087780C0120AB
:1026C000A40C0120AC0C01203009002000409C45E6
:1026D0000000C84200000000C8130120362913D8AA
:1026E000DFF834C01CF8310078B1094B1B686BB1BE
:1026F000084A0CEBC10102EB830201E0013B05D06B
:1027000052F8040D8842F9D100207047012070472B
:102710000C120120CC130120805E006036291CD8E9
:10272000134B13F83100B8B103EBC10010B5DFF85B
:1027300048E0DEF800C0BCF1000F10D00D4B1C4685
:1027400003EB8C02634601E0013B09D052F8041D03
:102750008842F9D1002010BD704700207047054C19
:102760000CF1010344F82C00CEF8003010BD00BF7E
:10277000805E0060CC1301200C1201202DE9F04195
:1027800090F801E00E461F4637210EF0030E594B1C
:1027900000E029B1984201F1FF31A3F10803F8D11B
:1027A0000478012C36D0022C04D0201E18BF012042
:1027B000BDE8F0817302D0F804C0002F904603F406
:1027C000F05342F224024FF000074FEA4E1643EA5C
:1027D000020208BF0D250CEB4E1318BF0F259F8179
:1027E000DD81DF802CF80680A3F810809A81012318
:1027F000BCF81E2003FA0EF31343ACF81E303E4B18
:10280000C278201E03EB011318BF01205B681A6019
:10281000BDE8F081D0F804C0384B9C4563D051D856
:10282000A3F500439C4558D003F580439C4504D153
:10283000334DAB6F43F44023AB674FF200053301D8
:10284000ACF88C514FF00F05DBB2ACF88E514FF065
:10285000000543F48063ACF890510EEB4E05BCF8D4
:1028600088610CEB451546F0F006A846ACF8886187
:102870004EF20006AE80EB806FB383781D464FF4B6
:10288000807303FA05F50EEB4E03164600220CEB9F
:1028900043135D841A86A8F802205A81DE815A8289
:1028A000DA825A83DA830123BCF8882103FA0EF313
:1028B0001343ACF88831BCF8883143F47063ACF84A
:1028C00088319CE70F4B9C45B7D10D4DAB6F43F45E
:1028D0004003AB67B1E73D46D5E7094DAB6F43F425
:1028E0004033AB67A9E7064DAB6F43F44013AB67CA
:1028F000A3E700BF30600060A077002000403E40AA
:1029000000C00F4000803E4007EE901A9FED287AED
:102910004FF0040CB6EE005AF8EE677A9FED256A88
:10292000624641F6FF71C7EE275A00B54FF0010E1F
:1029300007EE902AF8EEE77A85EEA77A77EE057A29
:10294000FDEEE77A17EE903A8B42A8BF0B46012BBB
:10295000B8BF012307EE903AF8EEE76A76EEC76A51
:10296000C6EE877AF5EEC07AF1EE10FA01D5F1EEF7
:10297000677AF4EEC67AF1EE10FA03D8B0EE676A21
:1029800094469E460132212AD2D10CF1FF33BCF18C
:10299000080F4FEA0363CCBF4FF0000C4FF0010C5F
:1029A00003F0F8534EEA4C4E43EA0E03036100BDB8
:1029B000001BB74BEC78AD6038B504464068374B28
:1029C0000268A568DFF8E0C02A430260227D03EBBD
:1029D0000212D2E90120C0F800C0A0691060E269CB
:1029E0000AB1206A106094F824204FF0D90C03EB50
:1029F0000213D3E90120C0F800C0D4E90A03106033
:102A00000BB1226B1A602068FFF77EFF0021DFF810
:102A10009CC0C1600120237B256903F01F024FEA9F
:102A2000531E103300FA02F24CF82E201C4A42F8D2
:102A300023501C4BACF1800C227BD154237B2268A9
:102A400003F01F015B0900FA01F14CF82310936AAF
:102A500013F0700FC3F3021106D0022088400F2834
:102A6000D4BFC0F341010321936A9B0003F01C0310
:102A70000F2B10D8DB0303F4403319434FF47014C9
:102A8000D162936A43F0880393629461536923F09F
:102A90008053536138BD4FF44033EEE7A0770020F8
:102AA0000000012000E400E038F0010080E100E0D7
:102AB00030B5164C83B0A37C9A0724D443F00203AC
:102AC000054613F04001A37406D02946104800F0D3
:102AD000EFFC0F4803B030BD40F20C420D480191AD
:102AE00000F092FC4FF4027201990B4800F08CFC4C
:102AF00029460A48FFF760FFA378094A43F04003DC
:102B00001080A370E1E7002003B030BD14FE002068
:102B100038600060000020200C0420204861006024
:102B20009425012030B5164C83B0A3789A0724D49D
:102B300043F00203054613F04001A37006D0294676
:102B4000104800F0B5FC0F4803B030BD40F20C4215
:102B50000D48019100F058FC4FF4027201990B48A6
:102B600000F052FC29460A48FFF726FFA378094ADD
:102B700043F040031080A370E1E7002003B030BDB4
:102B800014FE00209060006014062020200A2020FF
:102B900068E700209825012010B50B4C0B48D4F8AD
:102BA000A0319847D4F8A03109489847D4F8A0310B
:102BB000084898470848D4F8A03198470748BDE826
:102BC000104000F055BC00BF0806012018610060ED
:102BD00030610060E860006000610060E8FE002095
:102BE00010B5114C40F20C420021104800F00CFCD2
:102BF0004FF486720021204600F006FC04F10C031D
:102C0000A36000F03DFCB0F5807F094A094928BF68
:102C10004FF48070A0F11403106D08600649074856
:102C20006360116510BD00BF34102020280C2020E7
:102C3000E004012058120120DDD501007C61006014
:102C4000294A00210123C2F8A000C2F8A410C2F84A
:102C5000B0305369D907FCD501234FF4803C224999
:102C60005361C2F8A000C2F8A4C0C2F8B0304B69EA
:102C7000DB07FCD501234FF4003C1B4A4B61C1F834
:102C8000A000C1F8A4C0C1F8B0305369D907FCD581
:102C90000123DFF858C014495361C2F8A000C2F8FC
:102CA000A4C0C2F8B0304B69DB07FCD5D1F80031C5
:102CB00045F60D504FF0210C9AB2C1F814C0824273
:102CC00010D045F69D518A420AD1C3F34253032BDB
:102CD00008D0A3F10403B3FA83F35B09180170472A
:102CE000002070470820704700402A40040003007D
:102CF000704700BF704700BF704700BF00BF7047FC
:102D00004FF0E02300214FF0100C3448C3F8941D1D
:102D1000C3F89CCD4FF0110CC3F8A00D3048C3F898
:102D20009CCD4FF0120CC3F8A00D2E48C3F89CCDDB
:102D30002D4AC3F8A00DDFF8D0C042F015022B4891
:102D4000C3F89CCDC3F8A00DDFF8C0C02848C3F875
:102D50009CCDC3F8A00DDFF8B8C0C3F89C2D254862
:102D6000254AC3F8A0CDC3F89C0DC3F8A02D02F5E9
:102D7000A022DFF8A0C00C322048C3F89CCDC3F8D5
:102D8000A02D1F4AC3F89C0DC3F8A02D02F140628C
:102D9000DFF884C002321B48C3F89CCDC3F8A02DD5
:102DA0000A32C3F89C0DC3F8A02D00BF00BF00BFBE
:102DB00000BF00BF0122C3F8942DBFF34F8FBFF3B4
:102DC0006F8FC3F8501FBFF34F8FBFF36F8FD3F8D0
:102DD000142D42F44032C3F8142D70473F00001008
:102DE0002500080709001000002601202100020725
:102DF000250008131600202027000B131800006080
:102E00002F000B071A000080130020001400002080
:102E100009000010170000401900007030B5864B03
:102E200085B0DFF874E21822844D0120C3F85CE21B
:102E30008349C3F86052A5F58055DFF860C2814C24
:102E4000C3F864E2C3F868522125C3F86CC2C3F822
:102E500070C2C3F874C2C3F878C248F20C7CDA6658
:102E60001A675A679A67DA67C3F88020C3F8842024
:102E7000C3F88820C1F82C03734AC1F83003C1F8A5
:102E80003403C1F83803C1F83C03C1F85003A16909
:102E90006E4B0A406E486F4913436F4AA361D4F8E2
:102EA000843043F00C03C4F884304FF0FF340368DF
:102EB00043F002030360036803EA0C031A43674B01
:102EC000026044608A68664C1340664A43F00053CF
:102ED0008360C36823F07803C360036A23401A4306
:102EE000604B0262026A22405F4C1343002243623D
:102EF0008462C46240F20564D1F8B83023F03F0325
:102F000043F00103C0F8B830D1F8BC30574923F082
:102F10003F0343F00103C0F8BC3002610567C0F80D
:102F200080404567C0F884400224036823F0020310
:102F3000036081614E4B4F49C46143F8042B8B42BF
:102F4000FBD1434C236843F001032360256815F04F
:102F50000105FBD14548022240F2F561A06140F233
:102F60009940E26140F26642C4F8001242F2014127
:102F7000C4F81022404AC4F82002C4F8302240F2BB
:102F80003542C4F834123D48C4F840223C4AC4F8E3
:102F900050022846C4F8542242F201223949C4F8AA
:102FA0006012C4F86422FFF74BFE0246002839D0B5
:102FB000810201234FF4802021662549C4F8A050E6
:102FC000C4F8A400C4F8B0304B69D807FCD5150587
:102FD0000124039228464C61FFF732FE039A2A4BE4
:102FE0000244D2B21A7080B1194980024FF4802392
:102FF00048660846C1F8A050C1F8A430C1F8B040F6
:103000004369DB07FCD501234361204900242048A4
:1030100001230094401A00EB02521E4800F034FADB
:1030200005B030BD1B4B184918600870D860C3E963
:10303000010005B030BD00BF00801F40F910010045
:1030400000841F4000C00F40FFFCFF1F00030080F2
:1030500000402A4000802A401200FFFFFF37F7009F
:1030600000FFF07C40000080FF000F83F05AF05A10
:1030700000422A4000432A409F041830EB06180AF9
:10308000063201263806180AA92501200000007022
:1030900000000070700E0120F9B00100F97001000D
:1030A00010B5174A4FF480544FF4005E4FF4404C73
:1030B0004FF4803043F24201136913F0020F0DD137
:1030C00013F4005F0FD013F4805F0FD0002BF3DAFE
:1030D00013F4803F0CD15B060ED510BDC2F818C0AA
:1030E00050619161E8E7C2F814E0E5E75461E3E775
:1030F0004FF480339361DFE740235361DCE700BF87
:1031000000800D40414A03204149F3EE095AD2F8AC
:1031100080309FED406A23F001039FED3F5ADFF8B6
:1031200014C100B5C2F88030C2F89000D1F8E010A8
:10313000DFF804E1CBB23948CEF8003007EE903A20
:103140000B0DC1F30B21F8EEE77A06EE903A07EE8D
:10315000101A334BB8EEC77ACCF80010F8EEE66AD6
:10316000304937EEC66A37EEC55A76EEC76A77EE53
:10317000E57A26EE266AC3ED006A25EE265AD2F8D5
:10318000803067EEA64AC0ED007AC6EE275A264880
:1031900085EE276AC4EEA76A75EE875AFCEEE55AFB
:1031A00036EE076A15EE90CABCEEC66A43EA0C53C7
:1031B00076EE877AC2F8803016EE103AD2F890C1D7
:1031C000FCEEE77A01EA034141EA0C014FF0000C02
:1031D00017EE903AC2F89011C3F30B03D2F8901196
:1031E0000B431249C2F89031D2F8803043F0020309
:1031F000C2F880300E4B80F840C0C1F840314FF02B
:10320000E0230122C3F8082100BD00BF00810D406A
:1032100000441F400000AA420000B44250180120A0
:10322000541801200000FF0F00E400E0000001201E
:10323000F5E50100481801204C180120314B40F6FB
:10324000617210B5C3F8202140F2044400F0FCF88C
:103250002D4A2E49D2F880302D4843F00303C2F89E
:1032600080302C4BC1F8604102681A4203D1D1F87A
:10327000A8319A071BD0254A4FF00041244B5963CF
:10328000D2F8403143F00203C2F84031D2F8403165
:103290009B07FBD44FF400304FF0E0211C4B4FF064
:1032A0000042C1F88C0219209A6300F0A1F8184B73
:1032B0000021164C4FF080420A209A634FF420728E
:1032C0001960C4F8A801144800F09EF84FF4800279
:1032D00003464FF4810040F243111860C4F858319E
:1032E0001A640E4B0E4AC4F84811C3F804224FF07A
:1032F000E0224FF400310123C2F80C11C4F8403130
:1033000010BD00BF00800D4000C00F4000002E40E7
:1033100000900D40001C1E00000000200000012055
:10332000F9E7010008B50E4B1B6E9B0700D4FBBEEE
:1033300072B60C4B00200C4AC3F8400103F1604305
:103340000A49A3F55F2311649D46BFF34F8F4FF4E5
:103350000013074A0748DB6902609B68984700BF73
:1033600000441F4000002E4000C00A40030020001F
:10337000000012EB008020200F4B40F2376C0F4A08
:10338000A020D96E41F44031D966D96E41F4407124
:10339000D966C2F844C09064936C1B06FCD4084AFA
:1033A00040F23761A02351649364936C13F080035F
:1033B000FBD1044A1370704700C00F4000400C401E
:1033C00000800C40A2250120F8B500BFF8BC08BC65
:1033D0009E467047000000005FF800F00D7301008A
:1033E0005FF800F0197101005FF800F06D710100E5
:1033F0005FF800F041DC01005FF800F0DD6E0000D6
:103400005FF800F0C9CD01005FF800F079480200D4
:103410005FF800F0557001005FF800F06DF90100F1
:103420005FF800F085DD01005FF800F019B30100DE
:103430005FF800F0E97101005FF800F021A50100DC
:103440005FF800F0695F02005FF800F065EF0100CF
:103450005FF800F0D96E00005FF800F0858E000084
:103460005FF800F02DD901005FF800F0E18900005D
:103470005FF800F0499F01005FF800F0691C000050
:103480005FF800F04DF601005FF800F0ADFA0100C2
:103490005FF800F0718B00005FF800F0A91B0200DC
:1034A0005FF800F01D1B02005FF800F041DD010035
:1034B0005FF800F02DA101005FF800F065E2010067
:1034C0005FF800F0098D00005FF800F01DCD0100ED
:1034D0005FF800F0A98D00005FF800F08918000087
:1034E0005FF800F0557901005FF800F069DE010037
:1034F0005FF800F035BC00005FF800F05188000074
:0C3500005FF800F0D97F010045000000DA
:10350C00000B00000000000000001B010000000088
:10351C00000000000000000000000000000000009F
:10352C0029170060C51000001106000009060000F4
:10353C00151000000000000000000000000000005A
:10354C0000000000207C0020790C0000030000002B
:10355C00247C002001000000387C002002000000C8
:10356C00AC7C002003000000247D0020040000003F
:10357C00987D002005000000347E0020060000002D
:10358C00987E002007000000C87E00200800000084
:10359C00047F002009000000707F00200A0000005A
:1035AC00FC7F00200B0000001C8000200C000000A1
:1035BC00588000200D000000888000200E000000C4
:1035CC00C08000200F000000F480002010000000DC
:1035DC00A081002011000000C0810020120000001A
:1035EC00D081002013000000F081002014000000A6
:1035FC001C820020000000007082002001000000EE
:10360C007882002002000000848200200300000069
:10361C0064D7002004000000908200200500000008
:10362C00A082002006000000B082002007000000ED
:10363C00C082002008000000D48200200900000095
:10364C00E08200200A000000F08200200B00000045
:10365C00008300200D000000108300200E000000ED
:10366C00248300200F0000002C8300201000000099
:10367C003C830020110000004C8300201700000048
:10368C005C830020180000006C83002019000000EF
:10369C007C8300201A0000008C8300201B0000009B
:1036AC00948300201C000000A88300200C00000064
:1036BC00B48300201D000000CC8300201E000000FD
:1036CC00DC8300201F000000E883002020000000A5
:1036DC00F883002021000000048400202200000058
:1036EC000C8400202300000018840020240000001B
:1036FC0024840020250000003484002026000000D3
:10370C00408400202700000048840020280000008E
:10371C005484002029000000608400202A0000004E
:10372C00708400202B0000007C8400202C00000002
:10373C00848400203C000000908400203D000000A8
:10374C00A08400203E000000B08400203F00000058
:10375C00BC84002040000000C88400204100000010
:10376C00D484002042000000E084002043000000CC
:10377C00EC84002044000000F88400204500000088
:10378C000485002046000000108500204700000042
:10379C001C850020480000002885002049000000FE
:1037AC00348500204A000000408500204B000000BA
:1037BC004C8500204C000000588500204D00000076
:1037CC00648500204E000000708500204F00000032
:1037DC007C850020500000008885002051000000EE
:1037EC009485002052000000A085002053000000AA
:1037FC00AC85002054000000B88500205500000066
:10380C00C485002056000000D08500205700000021
:10381C00E085002058000000F085002059000000D1
:10382C00008600205A000000108600205B0000007B
:10383C00208600205C000000308600205D00000027
:10384C00408600205E000000508600205F000000D3
:10385C005886002060000000608600206100000097
:10386C006886002062000000708600206300000063
:10387C007886002069000000808600206A00000025
:10388C00888600206B000000908600206C000000F1
:10389C00988600206D000000A08600206E000000BD
:1038AC00A88600207D000000B08600207E0000006D
:1038BC00C08600207F000000D08600208000000021
:1038CC00DC86002081000000E886002087000000D4
:1038DC00F4860020740000000087002075000000B2
:1038EC000C8700207600000018870020770000006D
:1038FC002487002078000000308700207900000029
:10390C003C8700207A000000488700207B000000E4
:10391C00548700207C000000608700208900000094
:10392C006C8700208A000000788700208B00000044
:10393C008C8700208C000000988700208D000000F0
:10394C00A88700208E000000BC8700208F0000009C
:10395C00CC87002090000000D4870020910000004C
:10396C00DC87002092000000E88700209300000014
:10397C00F4870020940000000088002095000000CF
:10398C000C8800209600000018880020970000008A
:10399C002488002098000000308800209900000046
:1039AC003C8800209A000000488800209B00000002
:1039BC00548800209C000000608800209D000000BE
:1039CC006C8800209E000000788800209F0000007A
:1039DC0084880020A000000090880020A000000037
:1039EC009C880020A1000000A8880020A2000000F4
:1039FC00B4880020A3000000C0880020A4000000B0
:103A0C00CC880020A5000000D8880020A60000006B
:103A1C00E4880020A7000000F0880020A900000026
:103A2C00FC880020AA00000010890020AB000000D8
:103A3C0024890020AC00000038890020AD00000073
:103A4C004C890020AE00000060890020AF0000000F
:103A5C0074890020B000000088890020B1000000AB
:103A6C009C890020B2000000A0890020B300000057
:103A7C00A8890020B4000000B0890020B500000027
:103A8C00B8890020B6000000C0890020B7000000F3
:103A9C00D0890020B8000000E4890020B9000000A3
:103AAC00F4890020BA000000048A0020BB0000004A
:103ABC000C8A0020BC000000148A0020BD0000000D
:103ACC001C8A0020BE000000248A0020BF000000D9
:103ADC00308A0020C00000003C8A0020C100000099
:103AEC004C8A0020C2000000588A0020C30000004D
:103AFC00608A0020C4000000688A0020C500000015
:103B0C00708A0020C6000000808A0020C7000000D8
:103B1C008C8A0020C8000000908A0020C900000098
:103B2C00948A0020CA000000988A0020CB00000074
:103B3C00B08A0020CC000000B88A0020CD00000024
:103B4C00C08A0020CE000000CC8A0020CF000000EC
:103B5C00D88A0020D0000000E08A0020D1000000AC
:103B6C00E88A0020D2000000F08A0020D300000078
:103B7C00F88A0020D4000000008B0020D500000043
:103B8C00088B0020D6000000108B0020D70000000E
:103B9C00188B002000000000000000000100000055
:103BAC00208B002002000000648B0020030000002A
:103BBC00B48B002004000000E88B002005000000FE
:103BCC00208C002006000000608C00200700000004
:103BDC009C8C002008000000E88C002009000000EC
:103BEC004C8D00200A000000888D00200B00000086
:103BFC00C48D00200C000000108E00200D00000071
:103C0C00588E00200E000000948E00200F00000043
:103C1C00DC8E002010000000208F0020110000001E
:103C2C00588F002012000000788F00201300000035
:103C3C00888F0020140000009C8F002015000000CD
:103C4C00D48F0020160000001890002017000000F0
:103C5C0048900020180000007C9000201900000003
:103C6C00C49000201A000000EC9000201B00000003
:103C7C00489100201C000000689100201D000000ED
:103C8C009C9100201E000000D09100201F0000001D
:103C9C0000920020200000004C9200202100000027
:103CAC008492002022000000A89200202300000033
:103CBC00C89200202400000004930020250000007E
:103CCC0028930020260000007C9300202700000091
:103CDC00C893002028000000DC930020290000007D
:103CEC00149400202A0000005C9400202B0000009B
:103CFC007C9400202C000000989400202D000000E3
:103D0C00AC9400202E000000E49400202F00000052
:103D1C0000950020300000003C9500203100000090
:103D2C0054950020320000008C95002033000000D8
:103D3C00C081002034000000A49500203500000054
:103D4C00C4950020360000000896002037000000C3
:103D5C0034960020380000006C96002039000000DA
:103D6C008C9600203A000000AC9600204D0000001C
:103D7C00C49600204E000000E09600204F0000008A
:103D8C00F0960020540000001C970020FD0000005D
:103D9C0034970020560000005097002000000000CF
:103DAC000000000000000000000000000000000007
:103DBC00000000000000000000000000080F0120BF
:103DCC00040000000C0F012004000000100F012063
:103DDC0004000000FC0E012004000000000F012074
:103DEC0004000000040F012004000000000000008B
:103DFC00000000006C0F0120020000000000000019
:103E0C0000000000180F012004000000000000005A
:103E1C000000000000000000000000000000000096
:103E2C0000000000200F012004000000240F0120DE
:103E3C0004000000280F012004000000700F012076
:103E4C000200000000000000000000000000000064
:103E5C00000000000000000000000000440F0120E2
:103E6C0004000000480F0120040000004C0F01204A
:103E7C000400000078080020D0080020000000009A
:103E8C00949F0020010000005098002002000000C8
:103E9C0064980020030000007898002004000000C3
:103EAC008C9800200500000094980020060000006B
:103EBC00A098002007000000AC980020080000002B
:103ECC00BC98002009000000C49800200A000000E3
:103EDC00D89800200B000000EC9800200C0000008B
:103EEC00F89800200D000000289900200E0000001A
:103EFC00409900200F000000609900201000000085
:103F0C008C99002011000000B899002012000000CC
:103F1C00D899002013000000149A0020140200000D
:103F2C00309A002015000000549A00201600000062
:103F3C003CD5002017000000709A0020A09A0020A9
:103F4C000000000000000000A89A00200100000002
:103F5C0000000000B09A00200200000000000000E9
:103F6C00B89A00200300000000000000C89A00204E
:103F7C000400000000000000D09A002005000000A2
:103F8C0000000000D89A002006000000000000008D
:103F9C00E09A00200700000000000000EC9A0020CE
:103FAC000800000000000000F89A00200900000042
:103FBC0000000000089B00200A0000000000000028
:103FCC00189B00200B000000000000002C9B002020
:103FDC000C000000000000003C9B00200D000000C5
:103FEC00000000004C9B00200E00000000000000B0
:103FFC005C9B00200F00000000000000709B002064
:10400C001000000000000000809B00201100000048
:10401C0000000000949B0020120000000000000033
:10402C00A89B00201300000000000000BC9B002097
:10403C001400000000000000D49B002015000000BC
:10404C0000000000E89B00201600000000000000AB
:10405C00F49B00201700000000000000009C0020D2
:10406C001800000000000000089C0020190000004F
:10407C0000000000109C00201A000000000000004E
:10408C00209C00201B00000000000000309C002041
:10409C001C00000000000000409C00201D000000DF
:1040AC00000000004C9C00201E00000000000000DE
:1040BC00549C00201F00000000000000609C0020A9
:1040CC002000000000000000689C0020210000007F
:1040DC00000000007C9B002022000000000000007B
:1040EC00789C00202300000000000000809C002031
:1040FC002400000000000000889C00202500000027
:10410C0000000000909C0020260000000000000031
:10411C00989C00202700000000000000A09C0020BC
:10412C0028000000000000005C9C0020290000001A
:10413C0000000000649C00202A0000000000000029
:10414C006C9C00202B00000000000000749C0020E0
:10415C002C000000000000007C9C00202D000000C2
:10416C0000000000849C00202E00000000000000D5
:10417C008C9C00202F00000000000000949C00206C
:10418C0030000000000000009C9C0020310000006A
:10419C0000000000A49C0020320000000000000081
:1041AC00B49C00203300000000000000C49C0020E0
:1041BC003400000000000000D49C002035000000FA
:1041CC0000000000E89C0020360000000000000009
:1041DC00F49C00203700000000000000049D00202B
:1041EC003800000000000000149D00203900000081
:1041FC0000000000289D00203A0000000000000094
:10420C00389D00203B00000000000000449D002071
:10421C003C00000000000000589D00203D00000004
:10422C0000000000C513CD1321BE0000CE13CE1329
:10423C0039BC000029143114D5BD00003D144514BF
:10424C0089BD000047144F1409BF00005A145A14BA
:10425C00C9BC00005B146314DDBC0000641464145E
:10426C00ADBC000065146E1429BD000079148214D5
:10427C0029BD00008D14961429BD0000A114AA14A8
:10428C0029BD0000B514BE1429BD0000C914D214F8
:10429C0029BD0000DD14E61429BD0000F114FA1448
:1042AC0029BD000005150E1529BD000017151715A1
:1042BC0055BC00001815181565BC00001915211502
:1042CC0079BC00002C15341541BF0000DF15DF153B
:1042DC0011BD00001F1C1F1E1F1E1F1F1E1F1E1F97
:1042EC00000000007CA70020010000005CA800205A
:1042FC0002000000D4A8002003000000FCA800204D
:10430C000400000028A9002005000000DCA9002002
:10431C000600000004AA00200900000028AA0020C2
:10432C0008000000CCAA00200A0000006CAB0020A2
:10433C000B00000068AC00200C000000C0AC00209A
:10434C000D00000034AD00200E00000090AD0020E8
:10435C000F00000030AE00201000000064AE002002
:10436C0011000000ACAE00201200000074AF002061
:10437C0013000000D8AF0020140000003CB0002057
:10438C00150000009CB00020160000003CB100207D
:10439C0017000000D4B20020180000003CB300202D
:1043AC00190000008CB300201A000000DCB30020C0
:1043BC001B00000028B400201C0000008CB400205E
:1043CC001D000000C0B400201E00000020B500201D
:1043DC001F00000060B5002020000000F0B5002098
:1043EC002100000078B600202200000090B60020CA
:1043FC0023000000C0B6002024000000F0B600200E
:10440C002500000020B700202600000058B700202F
:10441C002700000080B700202800000018B80020FA
:10442C002900000050B800202A00000084B80020A9
:10443C002B000000B8B800202C000000ECB80020C5
:10444C002D0000000CB900202E0000002CB900201B
:10445C00320000004CB90020330000007CB9002071
:10446C0034000000ACB9002035000000DCB900209D
:10447C003600000004BA00203700000004BA002007
:10448C003800000028BA0020390000006CBA002067
:10449C003A000000A0BA00203B000000E4BA002063
:1044AC003C0000001CBB00203D00000050BB002065
:1044BC003E00000004BC00203F00000018BC00209F
:1044CC004000000058BC00204100000080BC0020CF
:1044DC005A000000949F00205B000000949F002075
:1044EC005C000000949F00205F000000E8BC0020EE
:1044FC006400000010BD0020650000003CBD0020E1
:10450C006E00000064BD0020780000008CBD00200F
:10451C0082000000E0BD0020A000000060BE002072
:10452C00AA00000088BE0020B40000003CB30020AC
:10453C00BE0000008CB3002054010000D0BE00204F
:10454C0055010000D8BF00205601000058C20020C1
:10455C005701000094C2002058010000ECC200205A
:10456C005901000040C300205A01000088C30020FC
:10457C005B010000F8C400205C01000030C5002085
:10458C005D01000058C500208001000080C500209E
:10459C0088010000C4C50020890100001CC6002051
:1045AC008A01000074C600208B01000008C700209F
:1045BC008E01000028C70020E101000050C7002038
:1045CC00E201000094C70020E4010000B0C7002005
:1045DC00E601000008C800201B0200003CC80020B7
:1045EC0007020000D0C800208A02000004C9002085
:1045FC009F02000024C90020A10200004CC9002029
:10460C00A402000080C90020A8020000A8C9002054
:10461C000000230000CA002010CA00200600000081
:10462C00C0CD0020BC2001200000000005000000CF
:10463C00AD410100C5520100000000000000000067
:10464C000100230020CA002030CA00200B0000000B
:10465C0040CA00200000000048CA002004000000EE
:10466C00041C0120000000000000000000000000FD
:10467C000200230050CA00200000000004000000CB
:10468C00000000000000000000000000040000001A
:10469C00F41B0120000000000000000000000000DE
:1046AC000300230064CA0020000000000400000086
:1046BC0000000000000000000000000004000000EA
:1046CC00F51B0120000000000000000000000000AD
:1046DC00040023007CCA002000000000040000003D
:1046EC0000000000000000000000000004000000BA
:1046FC00F71B01200000000000000000000000007B
:10470C00050003009CCA002000000000040000000B
:10471C000000000000000000000000000400000089
:10472C00171C012000000000000000000000000029
:10473C0006000C00B0CA00200000000001000000C0
:10474C0078FD0020000000000000000005000000C3
:10475C00E1490100254E0100714A010000000000F2
:10476C0007000600C4CA0020000000000000000082
:10477C000000000000000000000000000500000028
:10478C0041420100254E0100714A01000000000069
:10479C0008002300D0CA0020000000000100000027
:1047AC00A0F3002000000000000000000300000047
:1047BC00BD410100254E0100714A010000000000BE
:1047CC0009000600F0CA00200000000002000000F2
:1047DC0004CB0020000000000000000003000000DB
:1047EC005D420100254E0100714A010000000000ED
:1047FC000A0001004CCB002000000000010000006A
:10480C0064CB00200000000000000000030000004A
:10481C0031420100254E01000000000000000000A4
:10482C000B00010050CC002064CC002006000000DE
:10483C0068CC002000000000000000000400000014
:10484C00F41A01200000000000000000000000002D
:10485C000C00010074CC002064CC00200600000089
:10486C0068CC0020000000000000000004000000E4
:10487C00F81A0120000000000000000000000000F9
:10488C000D00010084CC002000000000000000009E
:10489C000000000000000000000000000500000007
:1048AC00494A0100254E01000000000000000000F4
:1048BC000E00020098CC0020000000000100000057
:1048CC002CF2002000000000000000000700000097
:1048DC00F5550100254E0100714A01000000000051
:1048EC000F000500B0CC002000000000010000000B
:1048FC00DCF20020000000000000000002000000BC
:10490C00921B0120000000000000000000000000CD
:10491C0010000600C8CC00200000000001000000C0
:10492C00A0FE0020000000000000000003000000BA
:10493C001D480100254E0100714A010001000000D4
:10494C0011000200E0CC002000000000010000007B
:10495C002CF200200000000000000000030000000A
:10496C00BD490100254E0100714A01000000000004
:10497C001200030000CD0020000000000400000025
:10498C000000000000000000000000000200000019
:10499C00181C0120000000000000000000000000B6
:1049AC0013000C001CCD00200000000001000000D2
:1049BC0078FD002000000000000000000500000051
:1049CC0079490100254E0100714A010000000000E8
:1049DC001400030038CD002000000000000000008F
:1049EC0000000000000000000000000005000000B6
:1049FC00C15A0100254E010000000000000000001B
:104A0C00150003004CCD0020000000000200000047
:104A1C0060CD002000000000000000000700000036
:104A2C0065430100254E010000000000000000005D
:104A3C0016000B0074CD00200000000002000000E6
:104A4C00B8F3002000000000000000000700000088
:104A5C00155A0100254E0100000000000000000066
:104A6C0017000B0084CD00200000000004000000A3
:104A7C000000000000000000000000000400000026
:104A8C00801C01200000000000000000000000005D
:104A9C0018000B009CCD0020B4CD002006000000B7
:104AAC00BCCD00200000000000000000050000004C
:104ABC0061440100C552010000000000000000002C
:104ACC0019000B00C8CD0020B4CD0020060000005A
:104ADC00BCCD00200000000000000000050000001C
:104AEC0061440100C55201000000000000000000FC
:104AFC001A000B00E0CD002030CA00200B00000093
:104B0C0000CE0020000000000000000004000000A7
:104B1C007C1C0120000000000000000000000000D0
:104B2C001B000B0004CE002064CC0020060000000B
:104B3C0068CC002000000000000000000500000010
:104B4C0055560100C5520100000000000000000095
:104B5C001C00010024CE002064CC002006000000C4
:104B6C0068CC0020000000000000000002000000E3
:104B7C00FC1A0120000000000000000000000000F2
:104B8C001D0023003CCE002010CA002006000000AF
:104B9C00C0CD002000000000D488002002000000DE
:104BAC00001C0120000000000000000000000000BC
:104BBC001E00060048CE002060CE0020060000003B
:104BCC0068CC002000000000000000000400000081
:104BDC00A81B012000000000714A01000000000029
:104BEC001F00060064CE002060CE002006000000EE
:104BFC0068CC002000000000000000000400000051
:104C0C00AC1B012000000000714A010000000000F4
:104C1C00200001007CCE00200000000003000000FA
:104C2C0090CE0020000000000000000005000000F5
:104C3C00C9470100254E01000000000000000000E3
:104C4C0021000600B0CE0020C8CE002006000000D7
:104C5C00CCCE00200000000000000000020000008C
:104C6C00B01B012000000000714A01000000000090
:104C7C0022000600D4CE0020ECCE0020060000005E
:104C8C00F4CE002000000000FCCE0020020000004A
:104C9C00B41B012000000000714A0100000000005C
:104CAC002300060000CF0020ECCE00200600000000
:104CBC00F4CE002000000000FCCE0020020000001A
:104CCC00B81B012000000000714A01000000000028
:104CDC002400060018CF0020ECCE002006000000B7
:104CEC00F4CE002000000000FCCE002002000000EA
:104CFC00BC1B012000000000714A010000000000F4
:104D0C002500230030CF002000000000040000002C
:104D1C000000000000000000000000000300000084
:104D2C00ED410100254E01000000000000000000D4
:104D3C00260006004CCF0020000000000B000000F5
:104D4C0070CF0020000000000000000002000000F6
:104D5C009A1B012000000000714A010001000000B4
:104D6C002700010078CF00200000000000000000A8
:104D7C000000000000000000000000000300000024
:104D8C00F9430100254E0100000000000000000066
:104D9C0028000E0094CF002000000000000000004E
:104DAC0000000000000000000000000003000000F4
:104DBC00CD430100254E0100000000000000000062
:104DCC0029000D00A8CF0020000000000200000008
:104DDC00B8CF00200000000000000000030000001D
:104DEC0015440100254E01000000000000000000E9
:104DFC002A000D00F4CF002000000000030000008A
:104E0C0004D00020000000000000000002000000A0
:104E1C001D1C01200000000000000000000000002C
:104E2C002B000B000CD00020000000000A0000003A
:104E3C0000CE0020F08700201CD0002002000000D3
:104E4C00811C012000000000000000000000000098
:104E5C002C000B0020D000200000000004000000FB
:104E6C000000000000000000000000000300000033
:104E7C00B1470100254E01000000000000000000B9
:104E8C002D000B003CD000200000000004000000AE
:104E9C000000000000000000000000000300000003
:104EAC00B1470100254E0100000000000000000089
:104EBC002E000B0058D00020000000000400000061
:104ECC0000000000000000000000000003000000D3
:104EDC00B1470100254E0100000000000000000059
:104EEC0038000D0074D0002064CC002006000000B7
:104EFC0090D0002000000000000000000200000024
:104F0C002C1C01200000000000000000000000002C
:104F1C0039000D0098D00020B4CD00200600000010
:104F2C0090D00020000000000000000002000000F3
:104F3C00281C012000000000000000000000000000
:104F4C003A000D00B0D0002064CC00200600000018
:104F5C00C0D00020C8D000200000000002000000DB
:104F6C00201C0120000000000000000000000000D8
:104F7C003B000D00D0D00020B4CD00200600000076
:104F8C0090D0002000000000000000000200000093
:104F9C00241C0120000000000000000000000000A4
:104FAC003C000100E4D000200000000000000000E4
:104FBC0000000000000000000000000003000000E2
:104FCC0045440100254E01000000000000000000D7
:104FDC003D000D00F8D00020000000000100000092
:104FEC0024F300200000000000000000020000007C
:104FFC00301C012000000000714A0100000000007C
:10500C003E0001000CD10020000000000000000058
:10501C000000000000000000000000000300000081
:10502C00A1440100254E0100714A0100000000005E
:10503C003F0001001CD10020000000000100000016
:10504C0030D1002000000000000000000300000030
:10505C00BD440100254E01000000000000000000CE
:10506C004000010078D1002000000000000000008A
:10507C000000000000000000000000000300000021
:10508C004D450100254E010000000000000000000D
:10509C0041000C008CD10020000000000100000039
:1050AC0094FD002000000000000000000300000040
:1050BC0069450100254E0100714A01000000000005
:1050CC005A0007009CD100200000000006000000E0
:1050DC00B0D1002000000000000000000200000021
:1050EC003C1C0120000000001962010000000000BF
:1050FC005B000700BCD1002000000000060000008F
:10510C00B0D10020000000000000000002000000F0
:10511C00401C01200000000019620100000000008A
:10512C005C000700D0D10020000000000600000049
:10513C00B0D10020000000000000000002000000C0
:10514C00441C012000000000196201000000000056
:10515C005F000700E4D10020000000000600000002
:10516C00B0D1002000000000000000000200000090
:10517C004C1C01200000000019620100000000001E
:10518C0064002B0004D2002008F20020060000006E
:10519C001CD20020000000000000000005000000F0
:1051AC007D560100C5520100000000000C000000FB
:1051BC006E002B002CD2002000F200200600000014
:1051CC0068CC00200000000000000000050000007A
:1051DC007D560100C5520100000000000C000000CB
:1051EC0078002B0040D20020F0F1002006000000D7
:1051FC0068CC00200000000000000000050000004A
:10520C007D560100C5520100000000000C0000009A
:10521C0082002B0054D20020FCF10020060000007C
:10522C0068CC002000000000000000000500000019
:10523C007D560100C5520100000000000C0000006A
:10524C00A0002B006CD20020FCF100200600000016
:10525C001CD2002000000000000000000300000031
:10526C007D560100C5520100000000000C0000003A
:10527C00AA002B0088D2002064CC0020060000007D
:10528C00A0D20020A8D200205C88002003000000DF
:10529C007D560100C5520100714A01000C0000004E
:1052AC00B4002B00ACD2002000F20020060000005D
:1052BC0070CF002000000000000000000100000082
:1052CC007D560100C5520100714A01000C0000001E
:1052DC00BE002B00CCD2002000F200200600000003
:1052EC0070CF002000000000000000000100000052
:1052FC007D560100C5520100714A01000C000000EE
:10530C0054010600ECD20020ECCE00200600000078
:10531C00F4CE00200000000000000000030000009C
:10532C0061460100C5520100714A010000000000F5
:10533C005501090008D30020000000000300000004
:10534C001CD300200000000000000000030000003F
:10535C0079470100254E0100714A01000000000050
:10536C005601090074D3002064CC00200600000014
:10537C00BCCD002000000000000000000300000075
:10538C00FD450100C5520100714A010000000000FA
:10539C005701090094D30020B4CD00200600000072
:1053AC00BCCD002000000000000000000200000046
:1053BC00101B012000000000714A010000000000D9
:1053CC0058010900B4D30020B4CD00200600000021
:1053DC00BCCD002000000000000000000200000016
:1053EC00141B012000000000714A010000000000A5
:1053FC0059010900D4D30020B4CD002006000000D0
:10540C00BCCD0020000000000000000002000000E5
:10541C00181B012000000000714A01000000000070
:10542C005A010900F4D30020000000000100000024
:10543C0008D4002000000000000000000300000061
:10544C001D460100254E0100714A010000000000BC
:10545C005B0104004CD40020ECCE002006000000C0
:10546C00F4CE0020E4870020FCCE002002000000D7
:10547C00701C012000000000714A010000000000B7
:10548C005C01040064D4002064CC00200600000001
:10549C0068CC0020000000000000000002000000AA
:1054AC00781C012000000000714A0100000000007F
:1054BC005D01040080D4002064CC002006000000B4
:1054CC0068CC00200000000000000000020000007A
:1054DC00741C012000000000714A01000000000053
:1054EC00800101009CD4002000000000000000009E
:1054FC00000000000000000000000000030000009D
:10550C0031450100254E01000000000000000000A4
:10551C0088010D00B4D4002090CF002006000000BC
:10552C00C0CD0020E8A60020D48800200200000096
:10553C00341C0120000000000000000002000000EC
:10554C0089010D00C8D4002090CF00200600000077
:10555C00C0CD0020E8A60020D48800200200000066
:10556C00381C0120000000000000000002000000B8
:10557C008A010600B4D4002090CF00200600000061
:10558C00C0CD0020E8A60020D48800200300000035
:10559C0061460100C5520100714A01000200000081
:1055AC008B010600DCD4002000000000030000008A
:1055BC00A41D0120000000000000000003000000FA
:1055CC0039470100254E0100714A0100010000001D
:1055DC008E010100ECD40020000000000B00000044
:1055EC0040CA0020CCA1002004D5002002000000FD
:1055FC00061B01200000000000000000010000005C
:10560C00E10101000CD5002020D500200B0000008A
:10561C0070CF0020FCCE002004D500200300000039
:10562C0011420100254E01000000000003000000A3
:10563C00E401010024D5002000000000000000005F
:10564C00000000000000000000000000030000004B
:10565C0019430100254E0100714A010000000000B1
:10566C00E501090044D50020000000000000000006
:10567C00000000000000000000000000030000001B
:10568C0049430100254E010000000000000000000D
:10569C00E601010064D500200000000001000000BC
:1056AC007CD500200000000000000000020000007B
:1056BC00141C01200000000000000000000000008D
:1056CC000702060090D50020000000000300000037
:1056DC00A41D0120000000000000000003000000D9
:1056EC0001470100254E0100714A01000000000035
:1056FC001B020600A0D5002090CF00200600000061
:10570C00C0CD0020E8A60020D488002003000000B3
:10571C0061460100C5520100714A010002000000FF
:10572C008A020100B4D50020000000000100000036
:10573C0068F30020000000000000000002000000E0
:10574C00151C012000000000714A0100000000003F
:10575C009F020300CCD500200000000004000000D4
:10576C00000000000000000000000000020000002B
:10577C00901B012000000000714A01000000000095
:10578C00A1020500C8D4002090CF00200600000024
:10579C00C0CD0020E8A60020D48800200300000023
:1057AC0061460100C5520100714A0100020000006F
:1057BC00E6022300E0D500200000000004000000F9
:1057CC0000000000000000000000000002000000CB
:1057DC00881C012000000000714A0100000000003C
:1057EC00E7022300FCD500200000000004000000AC
:1057FC00000000000000000000000000020000009B
:10580C00891C012000000000714A0100000000000A
:10581C00E802230018D6002000000000040000005D
:10582C00000000000000000000000000020000006A
:10583C008A1C012000000000714A010000000000D9
:10584C00E902230034D60020000000000400000010
:10585C00000000000000000000000000020000003A
:10586C008B1C012000000000714A010000000000A8
:10587C00A402010050D6002000000000010000002E
:10588C0060D60020000000000000000003000000B3
:10589C00E5440100254E010000000000000000005E
:1058AC00A8022300D0D6002020D500200B00000039
:1058BC0000CE002000000000E8D60020020000000E
:1058CC008E1C012000000000000000000000000001
:1058DC0000000000ECD60020A941010000010000EE
:1058EC00F4D60020A941010000020000FCD60020E3
:1058FC0000000000000300000CD700200000000096
:10590C000304000014D70020000000000005000074
:10591C0020D70020000000000006000028D700203F
:10592C00000000000607000030D700200000000037
:10593C000009000040D7002000000000000B000010
:10594C004CD7002000000000000C000054D70020B1
:10595C0000000000000D00005CD7002000000000DB
:10596C00000E000070D70020000000000023000093
:10597C0078D70020000000000024000080D7002011
:10598C0000000000002A000090D70020A94101006F
:10599C002A2B000098D70020A94101002A2C0000D6
:1059AC00A0D70020A94101002A2D0000A8D7002073
:1059BC00A9410100170BF8030AD7233C6F12033BD4
:1059CC000000000000000000000064000000000067
:1059DC00040000000000C841000048430000484398
:1059EC000000F0410000984200F20547E00F974B91
:1059FC000A8F98C40000000000C09E440000FE42C4
:105A0C009A063150000000000000984200F2054751
:105A1C00E00F974BB87A18C50000000000C09E44F8
:105A2C000000FE429A063150000000000000CE42F9
:105A3C0000409C450055D74A0000B2C2000000004F
:105A4C0000C09E440000FE429C577C4F00000000AA
:105A5C000000000000000000000003000B0B000021
:105A6C0000000000000000000000000000007A446C
:105A7C000000000000409C450000000000000000F9
:105A8C000000C842000000000000C07F00000000C1
:105A9C00000000000000C07F0000000000000000BB
:105AAC000000C07F00000000000000000000C07F6C
:105ABC0000000000000000000000000000000000DA
:105ACC000000204100000000FF00000078100000E2
:105ADC00D04060000000000000000500000700003E
:105AEC00000200000000A0C00000FA430000C84201
:105AFC000000A04001000000000080400000803F3A
:105B0C000000000000000000000000000000000089
:105B1C000000000000000000000000000000000079
:105B2C000000000000000000000000000000000069
:105B3C005C8FA2400000A0400000C8410000204043
:105B4C00FA000B0003010403000000000000000039
:105B5C000000000000000000000000000000000039
:105B6C000000000007000500F59D0100000000008A
:105B7C0000000000AC89002055AF010003000000BC
:105B8C00E4DA0020F8DA002085AB01000000000008
:105B9C00FCDA002018DB0020F9AE01000200000046
:105BAC001CDB0020F4A000207DAF010002000000EF
:105BBC007CDB00201CDC00208DAE0100020000000C
:105BCC0020DC00203CDC002031AE01000200000093
:105BDC0040DC0020B4890020C1A5010005000000B4
:105BEC00B9A60100A87B00205DA5010005000000FE
:105BFC00B9A6010078DC002025A6010005000000F4
:105C0C00B9A60100D8A60020B1AA0100010000002D
:105C1C007CDC00201487002001AC01000000000097
:105C2C00A0DC0020ECA2002011AE0100040000005A
:105C3C0045AB0100B0DC002019AE010000000000F3
:105C4C0000000000B4DC002021AE010000000000C8
:105C5C0000000000B8DC002029AE010000000000AC
:105C6C0000000000BCDC0020393C010003000000F7
:105C7C00C0DC0020DCDA0020A9AA01000200000030
:105C8C00E0DC002024DD0020A1AA010003000000BC
:105C9C0030DD002054DD002099AA01000300000033
:105CAC0060DD002088DD0020E1AA01000100000079
:105CBC008CDD0020A0DD0020E9AF01000100000018
:105CCC00A4DD0020C0DD002095AA01000100000029
:105CDC00C4DD0020A0A0002051AA01000200000099
:105CEC00D8DD002018DE002039AA010003000000D6
:105CFC001CDE002040DE0020D9A9010006000000B7
:105D0C0029A70100A4A0002091A901000300000014
:105D1C0044DE00205CDE002089A9010000000000A8
:105D2C0060DE002080DE002081A901000000000060
:105D3C0084DE0020A4DE002075A801000300000012
:105D4C00A8DE0020BCDE00206DA8010003000000CE
:105D5C00C0DE0020E4DE002085A801000300000066
:105D6C00E8DE002000DF00207DA801000300000019
:105D7C0004DF00202CDF00208DA8010003000000B0
:105D8C0030DF00204CDF0020D5A80100030000000C
:105D9C0050DF002064DF0020C9A8010003000000D0
:105DAC0068DF00208CDF0020BDA80100030000008C
:105DBC0090DF0020B8DF002095A801000300000050
:105DCC00BCDF0020E8DF0020C53D0100070000001B
:105DDC00A1A60100F0DF0020D93E01000700000061
:105DEC00B1A70100FCDF0020553E010003000000BC
:105DFC0004E0002024E00020413B010003000000EF
:105E0C0028E000204CE00020F13B010003000000E2
:105E1C0050E000206CE000200D3D0100040000006B
:105E2C00A5AB010070E0002085A701000400000074
:105E3C00A5AB010074E00020F13F01000700000059
:105E4C0089A6010078E0002045A8010007000000A9
:105E5C0011A7010080E0002005A801000600000049
:105E6C0015AB010084E00020C9A70100030000006D
:105E7C008CE000200101000400C03D400100000442
:105E8C0000C03D400132020100803E400132010160
:105E9C0000803E400110020100003E400111020151
:105EAC0000003E400112020200003E4001030106C8
:105EBC0000C03D400103020600C03D40011201023A
:105ECC0000003E400200000100C01D400202000123
:105EDC0000C01D400201000100C01D400210000165
:105EEC0000001E400222000100401E40022300015F
:105EFC0000401E40000000000000000000000000F8
:105F0C00000000000221000100401E4002200001A0
:105F1C0000401E40000000000000000000000000D7
:105F2C00000000000130020100803E4001310201FE
:105F3C0000803E400102000400C03D40010300040B
:105F4C0000C03D4000000000000000000000000008
:105F5C00000000000121010100403E40012102012E
:105F6C0000403E4000000000000000000000000067
:105F7C000000000000000000000000000110010102
:105F8C0000003E4000000000000000000000000087
:105F9C00000000000113020600003E400113010640
:105FAC0000003E4000000000000000000000000067
:105FBC0000000000000000000000000000000000D5
:105FCC00000000000101010100C03D40010102017F
:105FDC0000C03D400100010100C03D400100020134
:105FEC0000C03D400102010100C03D400102020120
:105FFC0000C03D4000000000000000000000000058
:10600C00000000000000000000000000012301015E
:10601C0000403E40000000000000000000000000B6
:10602C00000000000120020100403E400001000081
:10603C008D9D010011D20100CDD2010000000000A5
:10604C0065D2010031D30100C9D1010031D2010068
:10605C0041D201003DD3010015D40100E5D201006D
:10606C004DD40100F9D10100FDD20100EDD10100A8
:10607C009DD401006DD40100000000000000000060
:10608C0000000000000000008D9D0100C5CF010044
:10609C0081D001000000000019D00100E5D0010002
:1060AC007DCF0100E5CF0100F5CF0100F1D001005B
:1060BC0021D4010099D001002DD40100ADCF0100F5
:1060CC00B1D00100A1CF0100B9D40100D5D4010099
:1060DC00000000000000000000000000C7000000ED
:1060EC00110000000000000019000000000000007A
:1060FC0000000000C80000001100000000000000BB
:10610C00180000000200000000000000C7000000A2
:10611C001000000000000000000000000000000063
:10612C0000000000C800000010000000000000008B
:10613C0001000000020000000000000000401840B8
:10614C007CC00F4000000003140000004DD3010080
:10615C001900000002000000000000000000000018
:10616C001800000002000000000000000000000009
:10617C000000020005D501005DD50100F9D8010031
:10618C000000000005D90100C1D5010099D501001E
:10619C00B1D6010079D50100CDD50100A5D60100FD
:1061AC00C5D601000000000045D50100000000002C
:1061BC0000000000000000000000000000000000D3
:1061CC0000000000000000001603550053004200C0
:1061DC002000530065007200690061006C00000033
:1061EC0018035400650065006E00730079006400AC
:1061FC00750069006E006F00040309040902620057
:10620C00030100C032080B00020202010009040065
:10621C000001020201000524001001052401010106
:10622C000424020605240600010705820310001051
:10623C0009040100020A00000007050302400000E7
:10624C00070584024000000904020002FF6AFF00F7
:10625C000705810240000107050102400001000012
:10626C0009026200030100C032080B0002020201A5
:10627C0000090400000102020100052400100105C0
:10628C0024010101042402060524060001070582ED
:10629C000310000509040100020A000000070503B1
:1062AC000200020007058402000200090402000239
:1062BC00FF6AC70007058102000201070501020001
:1062CC00020100000A060002EF020140010000007A
:1062DC0000000000000000000000000000000000B2
:1062EC0000000000000000000000000000000000A2
:1062FC000548064B1B1AD90F01EBA301491002D01C
:10630C00034B03B118477047C0020120C0020120A3
:10631C000000000008B5054B1BB105490548AFF35B
:10632C000080BDE80840FFF7E3BF00BF000000009D
:10633C003C12012000040460014B1868704700BF38
:10634C005021012001205170704700BFC0B20129BB
:10635C00084A94BF80F0070C4FF0070C11F0FD0FAA
:10636C00054B82F800C018BF002080F007001870A1
:10637C00704700BF64F7002068F700204FF0020060
:10638C00704700BF154B164A93F807315840C307A6
:10639C00D2E9001216D5C1F88420124A10F0020F6F
:1063AC00114BD2E9001CD3E9002311D0C1F884C0F1
:1063BC00C2F884300D4B4107D3E9002305D5C2F850
:1063CC0084307047C1F88820E7E7C2F888307047FE
:1063DC00C1F888C0C2F88830ECE700BFF01A012081
:1063EC002C0E0120340E01203C0E0120440E012005
:1063FC0010B50E4C00214FF00700D4F88C309847A4
:10640C00226A0B490B4BA1FB02125209C3F8002163
:10641C00D3F80C2142F00102C3F80C21D3F8082167
:10642C0042F00302C3F8082110BD00BF080601208A
:10643C00D34D621000400840104AB0F5801FD2F8CE
:10644C00083123F00103C2F8083114D20C4B9B68BD
:10645C00984238BF1846094BC3F80001D3F80C21F9
:10646C0042F00102C3F80C21D3F8082142F00102DA
:10647C00C3F8082170470348EDE700BF004008400F
:10648C00AC200120FFFF0F0043784BB30021464A9C
:10649C00C378417092F805C1444983EA0C0313F0A8
:1064AC00010FD1E900C169D1CCF8881013F0020FAB
:1064BC003F49D1E900C169D0CCF8841013F0040F26
:1064CC003C49D1E900C169D0CCF8841092F806217E
:1064DC005340394A9B07D2E9001262D5C1F8842097
:1064EC0082788AB3354B30491B7891F804111340EC
:1064FC00DFF8E0C032484B409CF800C013F0010FAD
:10650C0002EA0C0281EA0201D0E900201DD1C2F896
:10651C00880013F0020F2B4AD2E900021DD0C0F8FC
:10652C0084208907284AD2E900021DD5C0F88420AE
:10653C005B07264AD2E900121DD5C1F88420244AF3
:10654C00938943F4005393817047C2F8840013F08D
:10655C00020F1C4AD2E90002E1D1C0F88820890759
:10656C00194AD2E90002E1D4C0F888205B07174A27
:10657C00D2E90012E1D4C1F88820E0E7CCF884100D
:10658C0013F0020F0A49D1E900C195D1CCF888105B
:10659C0013F0040F0749D1E900C195D1CCF888104C
:1065AC0094E7C1F888209BE7F01A0120F40D012034
:1065BC00FC0D01200C0E0120040E012064F70020BC
:1065CC008C200120942001209C200120A42001205B
:1065DC0000801E4068F7002041788378002935D16F
:1065EC00002B32D0734A7449127891F804111A4076
:1065FC00DFF8E8C171484A409CF800C012F0010F66
:10660C0003EA0C0381EA0301D0E9003079D1C3F825
:10661C00880012F0020F6A4BD3E9000379D0C0F85E
:10662C0084308907674BD3E9000379D5C0F88430EF
:10663C005207654BD3E9001379D5C1F88430634A0E
:10664C00938943F40053938170477047DFF868C116
:10665C0010B59CF8052190F803E082EA0E02DFF8F1
:10666C0080E112F0010FDEE9004E35D1C4F888E06C
:10667C0012F0020FDFF86CE1DEE9004E35D0C4F801
:10668C0084E012F0040FDFF860E1DEE9004E35D053
:10669C00C4F884E09CF806E182EA0E02DFF84CE1D3
:1066AC009207DEE9004E45D5C4F884E08BB119425F
:1066BC0043D090F802C0464A464B474982F80CC07A
:1066CC00C3F86012414B52681A809A8942F4005206
:1066DC009A810023437010BDC4F884E012F0020FBD
:1066EC00DFF800E1DEE9004EC9D1C4F888E012F011
:1066FC00040FDFF8F4E0DEE9004EC9D1C4F888E0FD
:10670C00C8E7C3F8840012F0020F2D4BD3E9000345
:10671C0085D1C0F8883089072A4BD3E9000385D48A
:10672C00C0F888305207284BD3E9001385D4C1F840
:10673C00883084E7C4F888E0B8E7DFF878E09CF8A4
:10674C00042126499EF800C0097803EA0C0C194074
:10675C0082EA0C034A401949DC07D1E900C11CD478
:10676C00CCF8881016499C07D1E900C11ED5CCF88D
:10677C00841014499207D1E900C114D5CCF88410C7
:10678C00114A5B07D2E900120AD5C1F884200F4ADE
:10679C00938943F4005393819BE7CCF88410E1E791
:1067AC00C1F88820F3E7CCF88810E9E7CCF888101A
:1067BC00DFE700BF64F70020F01A01208C200120D5
:1067CC00942001209C200120A420012000801E4048
:1067DC00AC20012000000120F907000068F7002020
:1067EC00F40D0120FC0D01200C0E0120040E0120E3
:1067FC0030483149F8B5D0E90050304B2D68304C59
:10680C000542B4F89C2014BF01200020D1E90051AE
:10681C002DED028B2D680D42D3E9005314BF0121DD
:10682C0000212D681D42154660F3861514BF012307
:10683C00002361F3410563F38205224B1B785B0750
:10684C002DD594F89C30C3F3C00383F00103DBB265
:10685C0063F3C3051C4C1D4F9FED1D8A5540A4F1DD
:10686C00780694F87430B0EE480A0022012093B1F7
:10687C0094F86110B4F86430FF2925EA030507D0B9
:10688C00D7F858319847012802D1B4F864301D4329
:10689C00183CB442E5D12846BDEC028BF8BD0D4B3B
:1068AC001B68D3E906130968194214BF012300239E
:1068BC00CEE700BFB40A01207C0A0120740A012033
:1068CC00F01A0120E80D012028F100200806012013
:1068DC00000000001C0E0120C0680021836E1847C8
:1068EC001249134BD0F804C093F8B430114A18462F
:1068FC009CF808C000B5D1E900E1DEF800E01EEA22
:10690C00010F14BF0121002161F30000D2E9001234
:10691C000968114214BF0122002262F34100434076
:10692C00184643EA0C0363F3000000BDCC1C0120A5
:10693C00F01A0120C41C01200E4B0F4A0F48D3E95A
:10694C0000C190F8A200DCF800C003461CEA010F5D
:10695C00D2E900C114BF01220022DCF800C062F3AE
:10696C0000031CEA010F14BF0122002262F3410351
:10697C0058407047840A0120AC0A0120F01A01200B
:10698C0072B603680B43036062B67047034672B677
:10699C0000681A6822EA01021A6062B6704700BFEA
:1069AC00034672B60068196062B6704762B67047EB
:1069BC0072B670474FF0E023014AC3F80C2D7047B4
:1069CC000400FA05024B03481B68C01A704700BF4D
:1069DC00B0EE00200000282071B1487860B90B7827
:1069EC00A3F13002012A07D8A3F13103034AB3FA09
:1069FC0083F35B091370704703207047C82501208F
:106A0C00024B0021024A1B6811701847280E012006
:106A1C00C825012071B1487860B90B78A3F1300218
:106A2C00012A07D8A3F13103034AB3FA83F35B09B4
:106A3C0013707047032070470AFF0020024B01219E
:106A4C00024A1B6811701847240E01200AFF00200F
:106A5C001748184B828A184993F8043122F0100217
:106A6C00D1F804C082820A68D90716D5C2F884C04E
:106A7C00124913F0020F124AD1E9000CD2E90012AC
:106A8C0011D0C0F884C0C1F884200E4A5B07D2E94B
:106A9C00001205D5C1F884207047C2F888C0E7E71A
:106AAC00C1F888207047C0F888C0C1F88820ECE78E
:106ABC0000801E40F01A01208C200120942001201F
:106ACC009C200120A42001202D49DFF8D4C08B8A02
:106ADC002C4823F010032C4A92F804218B82017B62
:106AEC009CF80030DFF8BCC00B409CF800C0534051
:106AFC0001EA0C01DFF8B0C013F0010F82EA0102C9
:106B0C00DCE9001C23D0C1F884C013F0020F1F492C
:106B1C00D1E900C123D0CCF8841092071C49D1E9EB
:106B2C0000C123D51B4A5B07CCF88410D2E90012B4
:106B3C0023D5C1F88420184B184AC3F86022104B97
:106B4C0002681A809A8942F400529A817047C1F8FF
:106B5C0088C013F0020F0D49D1E900C1DBD1CCF88C
:106B6C00881092070A49D1E900C1DBD4094A5B07B6
:106B7C00CCF88810D2E90012DBD4C1F88820DAE70F
:106B8C0000801E40AC200120F01A0120942001202E
:106B9C009C200120A420012000000120810700007E
:106BAC0064F7002068F700208C20012030B500230A
:106BBC0083B0054614468DF807100DF107021946EF
:106BCC00012007F0ADFF60B19DF807302246284642
:106BDC006370E9686B69A160237312F8041B08F0F9
:106BEC0067F86078FF3818BF012003B030BD00BFD4
:106BFC0008B5044B0021D3F8B0211DF009FB01208E
:106C0C0008BD00BF0806012008B5044B0021D3F8CD
:106C1C00B0211DF07FFC012008BD00BF080601203B
:106C2C0010B5044B01241C7024F098FD1DF036FDAA
:106C3C00204610BDB9250120154A0346107800B92D
:106C4C00704730B585B001931DF016FD0021029000
:106C5C0002A8039124F088FB019B00F120010C4A4F
:106C6C000468103050F80C5C103350F808EC50F8F5
:106C7C0004CC884243F8104C43F80C5C43F808EC05
:106C8C0043F804CCECD101681960107805B030BD24
:106C9C00B925012008B51DF091F9002108BD00BFF0
:106CAC003A4B4FF0000C3A49D3E9000200B50068AA
:106CBC0083B0DFF8ECE01042CDF800C09EF827312D
:106CCC0014BF01200020D1F800C0DAB24968DCF80A
:106CDC0000C060F300022F481CEA010F8DF8003051
:106CEC00D1B28DF8002018BF4FF0010E2A4A08BF10
:106CFC004FF0000E8DF80230D0E900C06EF3410168
:106D0C00DCF800C08DF80010D9B21CEA000FD2E9F3
:106D1C0000C014BF01220022DCF800C062F3410164
:106D2C009DF800201CEA000F8DF8021014BF012101
:106D3C00002161F382028DF8002043B19DF802100E
:106D4C00D2B25A404B408DF800208DF8023017F02B
:106D5C00ABFA10F0180F09D1104B1B7813B900982F
:106D6C0003B000BD17F0A0FA4307F8D49DF8022039
:106D7C009DF8003022F0040223F004038DF8022069
:106D8C008DF80030009803B000BD00BF8C0A0120C4
:106D9C00940A01209C0A0120A40A0120C825012084
:106DAC00F01A01202DE9F047804682B0214F4FF0B8
:106DBC002C0988F0010608468A463C7801F072F8E6
:106DCC000190013C786809FB04F54219D2E90632BE
:106DDC009A61B8F1000F02D05FFA8AF151B9C6B1CD
:106DEC005969012621EA02025A61002CE9D102B04C
:106DFC00BDE8F087405D00F0EFFF7A682A44116926
:106E0C009369B1F5007FD2690AD09DF80510014253
:106E1C00E6D1596900260A435A61002CD1D1E6E724
:106E2C009DF804100142DBD1596900260A435A61CE
:106E3C00F3E700BFFC100120536810B5012B82B0A2
:106E4C008DF8071013D01078144601F059F8012171
:106E5C0003460DF10702084607F062FE88B19DF863
:106E6C0007006070FF3818BF012002B010BD117A06
:106E7C00436999420BD05078FF3818BF012002B0FB
:106E8C0010BD6078FF3818BF012002B010BD836AB6
:106E9C00002BF0D09DF807005070FF3818BF012070
:106EAC0002B010BD074B01220021162010B51A703C
:106EBC001DF0AEF8044B1B6813B1BDE81040184729
:106ECC0010BD00BFB825012074120120194A0346D9
:106EDC00126800B583B012B101909047019B40F24B
:106EEC000112DFF858C013409CF8002014BF012198
:106EFC0000218A4204D1104B1A7892B903B000BD1C
:106F0C001B2001938CF800101DF082F8019B002BC4
:106F1C00F1D0002116201DF07BF8074B1A78002ABF
:106F2C00ECD0002116201DF073F80022024B1A70D1
:106F3C0003B000BD84120120B8250120A525012035
:106F4C0001210F201DF064B808B50221044810F08F
:106F5C003DFD044B00216420DB6B984728F008F9B9
:106F6C00107B002008060120344AD2F8083123F0A7
:106F7C000303C2F80831002844D0314A314992F851
:106F8C00043113F0010FD1E9000100B53BD1C0F879
:106F9C0088102D4913F0020FD1E900CE2B49D1E90D
:106FAC0000013CD0CCF884E05B07C0F88410284981
:106FBC00D1E900013CD5C0F8841092F8053125497F
:106FCC0013F0010FD1E9000135D0C0F8841022492B
:106FDC0013F0020FD1E900011BD0C0F884101F4937
:106FEC0013F0040FD1E9000110D0C0F8841092F80E
:106FFC0006111B4A4B409B07D2E900120CD5C1F875
:10700C00842000BD7047C0F88410C2E7C0F8881017
:10701C00EDE7C0F88810E2E7C1F8882000BDCCF895
:10702C0088E05B07C0F888100949D1E90001C2D497
:10703C00C0F88810C1E7C0F88810C8E700400840C5
:10704C00F01A01208C200120942001209C2001208A
:10705C00A4200120F40D0120FC0D01200C0E0120B8
:10706C00040E01200E4B0F4A93F8A2305840C30770
:10707C00D2E9001209D5C1F8842081070A4BD3E963
:10708C00002309D5C2F884307047C1F888208107E5
:10709C00054BD3E90023F5D4C2F88830704700BF04
:1070AC00F01A0120840A0120AC0A01201D4B1B6838
:1070BC0010B5044603B198471B4B1B7853B31B4BBD
:1070CC001B783BBB1A4AD2F8E031984719490B6838
:1070DC00C31A042B1ED940F2E73308601C4219D1A5
:1070EC00134AD36E984710F0020F114A0DD0102C92
:1070FC0010D0114B1B786BB134F008030AD1136C10
:10710C0008210E48BDE8104018470B4B0121102CEC
:10711C00197000D010BD136C02210848BDE8104056
:10712C00184700BF5C1201200AFF0020480901200B
:10713C0008060120F8100120AF2501208409012048
:10714C00074BD3F80C21D20709D5D3F80C210549EC
:10715C0042F00102D1F89C10C3F80C21084770478B
:10716C0000400840080601200A4B00B51B6883B09C
:10717C009847094B1A6852B11A68013A1A6032B929
:10718C00596821B101928847034B019A5A6003B0A8
:10719C0000BD00BF4C2101207410012028B170B536
:1071AC000C4C2060616049B170BD0A4B1A6812B179
:1071BC00012258601A6001B1084770472368002B00
:1071CC00F2D0054B5D6D17F06FF8A8472368002BC4
:1071DC00F7D170BD74100120E004012090F820302C
:1071EC009B070AD50C4BD0E90221521A59801A82FE
:1071FC009A8942F400529A817047074B9A89C2F3DC
:10720C000C029A81DA8922F00802DA81DA8942F0DA
:10721C000402DA81704700BF00001E402E4AC3688A
:10722C0011F0010092F8B4200FD193F8201060F304
:10723C00861183F82010490722D5284B9207D3E9F1
:10724C00001322D5C1F884307047C1F340012348A4
:10725C0000B5C2F3400E7145D0E900C026D0CCF881
:10726C00840093F82010490712D5910721D593F883
:10727C002020CCF8880042F0400283F8202000BD8A
:10728C00174BD007D3E90013DCD4C1F88830704712
:10729C001349D207D1E9000114D493F82020C0F887
:1072AC00841042F0400283F8202000BDCCF8880006
:1072BC00D7E793F82020CCF8840042F0400283F802
:1072CC00202000BD93F82020C0F8881042F0400226
:1072DC0083F8202000BD00BFF01A0120C41C01203F
:1072EC00CC1C0120C068C26890F820308A420DD0B6
:1072FC0003F04802082A2AD08268224B521A59807D
:10730C001A829A8942F400529A8170471A0714D54E
:10731C0023F040031C491A4680F8203091F8B43011
:10732C0051070CD519499B07D1E900C10CD4CCF8F5
:10733C0088109206E9D5C169DEE7FFF74FBF144903
:10734C00DB07D1E900C1F2D5CCF88410F1E70E4A85
:10735C005B0792F8B4200DD50C4B9207D3E900C310
:10736C000DD5CCF8883090F8203043F0400380F8ED
:10737C002030C1E7064BD207D3E900C3F1D4CCF8D7
:10738C008430F0E700001E40F01A0120C41C0120DC
:10739C00CC1C012038B5C3685FFA81FC93F820201F
:1073AC00540726D51CF0020F48D0B5EE400AF1EE7A
:1073BC0010FA01D114076DD4DFF81CC1444A9CF8B3
:1073CC00B4C01CF0020FD2E9001234D0C1F88820EE
:1073DC0093F8202005469C6E002142F0400218468E
:1073EC0083F82020A04701462846BDE83840FFF727
:1073FC0079BF1CF0010F21D0DFF8D4E0C1F34001BC
:10740C00DFF8D4C0DEE900459CF8B4E0CEF3400EC2
:10741C00714537D0B5EE400AC4F88450F1EE10FA3D
:10742C0001D1120738D49CF8B4C02A4A1CF0010FC1
:10743C00D2E90012CAD1C1F88420C9E793F8202000
:10744C00254822F04002D1B283F8202090F8B420D5
:10745C0049070BD41F49D407D1E900010BD5C0F85B
:10746C0084101846BDE83840FFF7B8BE1849950798
:10747C00D1E90001F3D4C0F888101846BDE83840B3
:10748C00FFF7ACBEB5EE400AC4F88850F1EE10FA26
:10749C00C7D0C8E7DFF840C093F8202022F04002A4
:1074AC0083F82020D2B29CF8B430550707D5084A8F
:1074BC009807D2E9001207D5C1F8842038BD054AD7
:1074CC00DB07D2E90012F7D4C1F8882038BD00BF21
:1074DC00C41C0120CC1C0120F01A0120F0B5494C31
:1074EC0083B00523A446224692F86110013B183A5A
:1074FC00884212D103EB43030CEBC3039E889B78A9
:10750C003546042B0DD056B129041CD53E4B1B6FB0
:10751C00284603B0BDE8F0401847002BE4D103B077
:10752C00F0BD394B01469FED390A0022D3F8583192
:10753C0001209847B0FA80F0400960F3CF35AEB225
:10754C00002EE1D1EBE73248DFF8DCC03149324A9A
:10755C00BCF89C50D0E900E02B46DEF800E01EEAB7
:10756C00000FD1E900010768D2E900E014BF012245
:10757C000022DEF800E00F4262F38613274A14BFA4
:10758C000121002112781EEA000F61F3410314BFA0
:10759C0001210021520761F382032BD4204A126887
:1075AC00D2E906120968114214BF0122002262F3CB
:1075BC00C3035D40144B94F8741000229FED130A22
:1075CC00B1B1B4F8641025EA010594F86110FF29F3
:1075DC000AD0D3F8587101200193B8470128019BB8
:1075EC0002D1B4F864201543183C0E4AA242E2D1F1
:1075FC0035438CE79CF89C20C2F3C00282F0010258
:10760C00D2B2D4E728F100200806012000000000C7
:10761C00B40A01207C0A0120740A0120E80D012023
:10762C001C0E0120B0F00020F01A01202DE9F043CF
:10763C004FF0844E87B0DFF8DCC20E25DEF8180060
:10764C004FF00109DEF81430A04C1840A04FA14EA9
:10765C000290DCF81810DCF8143019400391A26980
:10766C0063691A400492BB69D7F8148003EA0803D3
:10767C004FF000080593CEF81800CCF81810A26152
:10768C0006F50F74BB612C2706E02369B3F5801F48
:10769C0009D0B4421ED02C3C013D07FB05631B896D
:1076AC0013F4787FF1D094F82030E2690DEB83036A
:1076BC009B681342EDD007FB0562537A82F8229047
:1076CC00DB0910D12369B3F5801F25D0B44248EAF9
:1076DC000308E0D118F4C06F7CD118F4807F1FD15F
:1076EC0007B0BDE8F083282221467B4805F05EFDFB
:1076FC000028E7D0D4E906124B6923EA02034B6158
:10770C002378032B00F0CA80CD2BC2D1734A137897
:10771C0043F008031370BCE720461BF021FCB8E7CC
:10772C006F4B704A7049DFF8E481B1F89C50D8F87F
:10773C007070D3E90003006818426C4BD2E9000268
:10774C0014BF0126002600681042D3E900202B4606
:10775C00146814BF0122002266F38613044262F3FC
:10776C0041035E4A14BF01200020127860F38203AB
:10777C00520700F1A2805E4A1268D2E9061209682B
:10778C00114214BF0122002262F3C303594C5D4025
:10779C00A4F1780694F8743000229FED570A01206A
:1077AC0093B194F86110B4F86430FF2925EA03050D
:1077BC0007D0D8F858319847012802D1B4F8643072
:1077CC001D43183CB442E5D128463B4607B0BDE802
:1077DC00F0431847494B0020434C0090D3E900126A
:1077EC0094F8273109688DF802301142DAB2444915
:1077FC0018BF012060F30002D1E900018DF80020D0
:10780C0002680A429DF800203E4914BF0120002066
:10781C0060F34102D1E900018DF8002002680A42B0
:10782C00DAB2394914BF0120002060F34102D1E9DA
:10783C0000018DF8022002680A429DF8002014BF56
:10784C000121002161F382028DF8002043B19DF8E3
:10785C000210D2B25A404B408DF800208DF8023005
:10786C0016F022FD10F0180F1ED09DF802209DF886
:10787C00003022F0040223F004038DF802208DF86E
:10788C0000300098019008F0B3FBC0B200283FF420
:10789C0024AF1E4B00981B6E98471EE70F4A1378B7
:1078AC0043F004031370F4E6194B1B78002BE8D05B
:1078BC0016F0FAFC4107D8D5E3E791F89C20C2F307
:1078CC00C00282F00102D2B25EE700BF008000422B
:1078DC0000C00042A0F4002049160000E80D012071
:1078EC00B40A01207C0A0120F01A0120740A01203C
:1078FC001C0E012028F10020000000008C0A012041
:10790C00940A01209C0A0120A40A012008060120E7
:10791C00C825012000400042F0B5037885B0032B48
:10792C0004D17E4A137823F004031370038903F403
:10793C007873802B0BD0D0E9062114680C420CBF55
:10794C0001240024403B18BF01239C4261D00369F1
:10795C000446B3F5806F6CD060D8B3F5807F65D1E9
:10796C006F4B704A7049176F704AB1F89C50D3E94D
:10797C000003006818426E4BD2E9000E0668D3E98A
:10798C0000202B46D2F800C014BF0122002216EAB8
:10799C000E0F62F3861314BF012200221CEA000FA3
:1079AC0062F341035D4A14BF01200020127860F39A
:1079BC008203520740F1A88091F89C20C2F3C002C8
:1079CC0082F00102D2B262F3C3035D40594B93F8CB
:1079DC00741000229FED580AB9B1B3F8641025EA6F
:1079EC00010593F86110FF290BD0019301204D4B39
:1079FC00D3F8583198470128019B02D1B3F8642081
:107A0C001543183B4D4A9342E1D12846B847D4E977
:107A1C00062153690B43536105B0F0BDB3F5801FCC
:107A2C0001D11BF09DFAD4E90621F2E7B3F5007FF2
:107A3C00F9D1434B00203C4D0290D3E9001295F84C
:107A4C00273109688DF80A301142DAB23D4918BF66
:107A5C00012060F30002D1E900018DF808200268D2
:107A6C000A429DF80820384914BF0120002060F319
:107A7C004102D1E900018DF8082002680A42DAB20D
:107A8C00324914BF0120002060F34102D1E900010A
:107A9C008DF80A2002680A429DF8082014BF0121C3
:107AAC00002161F382028DF8082043B19DF80A1081
:107ABC00D2B25A404B408DF808208DF80A3016F09F
:107ACC00F3FB10F0180F12D1214B1B785BB9029805
:107ADC00039008F08DFAC0B20028A4D0114B029884
:107AEC001B6E98479FE716F0DFFB4107EFD49DF81C
:107AFC000A209DF8083022F0040223F004038DF8CC
:107B0C000A208DF80830E2E7124A1268D2E9061210
:107B1C000968114214BF0122002254E7E80D01202C
:107B2C00B40A012008060120F01A01207C0A012069
:107B3C00740A012028F1002000000000B0F00020A1
:107B4C008C0A0120940A01209C0A0120A40A01201D
:107B5C00C82501201C0E0120D0E9063229B959692B
:107B6C0021EA020159619A61704704292FD092FAD7
:107B7C00A2FC0229BCFA8CFC00B54AD0082932D0F0
:107B8C00A1F10101B1FA81F149094900D3F81CE0D6
:107B9C00BCF10F0F2EEA020EC3F81CE026DC4FEAF4
:107BAC004C0C4FF0030E01FA0CF10EFA0CFED3F84C
:107BBC000CC02CEA0E0C4CEA0101D9609A610169E7
:107BCC0011F4C06F02D159690A435A6100BDD969D9
:107BDC001143D96101699A6111F4C06F05D15969DA
:107BEC000A435A6170470221D0E77047ACF1100C80
:107BFC004FF0030E4FEA4C0C01FA0CF10EFA0CFE8E
:107C0C00D3F810C02CEA0E0C4CEA010119619A61F0
:107C1C00D5E70321BAE700BF00487047F8F200200F
:107C2C00014B1878704700BFAD250120F8B5124DF7
:107C3C00C6B204460F46AB6F9847C0B2B04209D0EB
:107C4C006B6F2046984707B12EB92020BDE8F8404D
:107C5C0019F058BFF8BD07EE907A084B9FED080A53
:107C6C00F8EE677A987887EE800A0BF0F7FB202005
:107C7C00BDE8F84019F046BF08060120480901206C
:107C8C0000007A44134B1978B1B95B78A3B9124947
:107C9C00024600B583B0496F0092019388479DF866
:107CAC0000201AB10D4AB2F8A42032B9202003B03A
:107CBC005DF804EB19F026BF704707EE902A9FED94
:107CCC00080A0198F8EE677A87EE800A0BF0C6FB7B
:107CDC00ECE700BF4809012008060120F01A01203A
:107CEC0000007A4410B5044616F0DEFA022801D1E1
:107CFC00012010BD0DF0A0FD0028FAD02046FFF7A2
:107D0C00C1FFF5E700295CD084462F4A2DE9F041EC
:107D1C004718DFF8C0804FF6FF7040F60F762B4CFB
:107D2C0043F233352A4945F2555E1CF8013B43407A
:107D3C00BC454FEA132040EA032303EA040003EA9C
:107D4C00060380B24FEA101040EA031000EA010368
:107D5C0000EA05009BB24FEA930343EA800303EA6F
:107D6C00020003EA0E0380B24FEA500040EA4303DC
:107D7C00C3F3072038F8100080EA0323C3F307206D
:107D8C0040EA032000EA040300EA06009BB24FEA33
:107D9C00131343EA001303EA010003EA050380B25C
:107DAC004FEA900040EA830000EA020300EA0E006A
:107DBC009BB24FEA530343EA400398B2B5D1BDE8F6
:107DCC00F0814FF6FF707047AAAAFFFFF0F0FFFF9B
:107DDC00CCCCFFFF4006002003464FF000002B2BBD
:107DEC0011D80E2B19D90F3B01221349DBB202FA21
:107DFC0003F30B4215D111490B4219D110490B4217
:107E0C0012D0104670477E2B0FD0872B06D07F3BAD
:107E1C00DAB2072A01D80120984070474FF00300CE
:107E2C0070474FF00400704770474FF007007047E1
:107E3C004FF00200704700BF0404001E0202F00065
:107E4C0001810700104A92F81832E3B90F4892F8F2
:107E5C00151290F8900192F8172221EA000122EAFB
:107E6C0000020B4801F0070102F0070281F0070C39
:107E7C006CF3070382F0070C61F30F236CF31743C9
:107E8C0062F31F630360704708060120F01A01209B
:107E9C0080100120024B82B0186802B0704700BFFE
:107EAC0080100120144B93F8183213B1134B18683F
:107EBC007047124AC0B210B592F800C082B09478E4
:107ECC0092F803E0517844EA0C0C1A4660F307036D
:107EDC004EEA01016CF3070260F30F2361F30F22EA
:107EEC0060F3174364F3174260F31F636EF31F6272
:107EFC0002EA030002B010BD080601208010012028
:107F0C0000B50B4B8646B42293F898C5013A012173
:107F1C000020F44504D1D3F89C05B0FA80F149094E
:107F2C00083B0AB10029EFD100B100BD014800BDEA
:107F3C000036006040820020103803280BD8074B15
:107F4C0000B585B00DEB800C0FCB8DE80F00DCF885
:107F5C00000005B000BD0020704700BF40080020A5
:107F6C000D2803D8012303FA00F070470020704756
:107F7C00C0F3072303F03803082B01D00C487047DB
:107F8C0010B5C0F383408AB0DFF828C00DEB800435
:107F9C00EE46BCE80F00AEE80F00BCE80F00AEE800
:107FAC000F009CE803008EE8030020680AB010BDA7
:107FBC0044820020500800200048704704F3002041
:107FCC00D0F810C010B5DCF83C4082B0002C3FD08B
:107FDC00027D0346204922F020028DED010A027534
:107FEC001E4A82ED1D0A002280ED000A8260CA8BB7
:107FFC00120A42F040024276012088771876CA7F36
:10800C000243CA775A7E02435A766422DCF8043063
:10801C00DA60A0479DED010AD0ED007A20EE270A28
:10802C00B5EE400AF1EE10FA0FD00D4B9FED0D7A24
:10803C00D3ED1F7A67EE877AB4EEE70AF1EE10FA09
:10804C00CCBF2B20002002B010BD292002B010BDE7
:10805C00142002B010BD00BF48090120900F012070
:10806C00F01A01206666663F0D4B10B5DB6E0446B8
:10807C00984710F0080004D0082C03D8601F18BFD4
:10808C00012010BD402C04D83D2C94BF00200120B1
:10809C0010BD433C012C8CBF0020012010BD00BF43
:1080AC0008060120084B93F89320013202F00302DA
:1080BC0002EB420183F8932003EB810307C894334E
:1080CC0083E8070019F052BC900F0120F0B501F1C4
:1080DC001C0783B00E4600F11C0105460C223846E5
:1080EC00019122F05DFC604B01999B6A7BB195F884
:1080FC002C3096F82C20534013F0010307D1AB6AB7
:10810C005B68DA68B36D9A4200F0A9800123574C82
:10811C002371002840F09380B27906F13C07AB79CB
:10812C009342237816BF01210021AA7161F38203C7
:10813C002A792370337921789A4282EA030018BF96
:10814C002B7160F3C301B278AB7821709342237822
:10815C0016BF01210021AA7061F34513EA78237040
:10816C00F37821789A4282EA030018BFEB7060F32F
:10817C008611EB793846F27921709342637816BFF9
:10818C0001210021EA710C2261F3000305F13C018D
:10819C006370019122F004FC002856D196F82E2031
:1081AC0095F82E309342637816BF0121002185F893
:1081BC002E2061F34103307D63702B7D8342637805
:1081CC0014BF0122002262F3C303637004D005F1D3
:1081DC000801287513F0ACFF727F6B7F93426378B4
:1081EC0016BF012100216A7761F345136A79637028
:1081FC00737961789A4282EA0300727E18BF6B71C0
:10820C0060F386116B7E61709342A37816BF0121D7
:10821C0000216A7661F3C303A98DA370B38DA27894
:10822C00994214BF0121002161F30412A27002D003
:10823C000F4AAB85D38303B0F0BD012323710B46EA
:10824C00F0697968BA6807C366E76278019B42F007
:10825C000102F06B316C6270726C07C39EE7034CC9
:10826C000028EAD1207157E7900F01206C0C0120F7
:10827C0048090120164B9A6910B582B0B2B10C4670
:10828C00DB699847034674B1006860B1019324F030
:10829C003FFA01301FF0F0FD019B206018B1196806
:1082AC0024F086F9019B586802B010BD094B0446B6
:1082BC00DFF824E0D3F8D430F446186859689A688B
:1082CC00DB68ACE80F007046CEF8104002B010BD71
:1082DC00E0040120900F01205824012008B50C2047
:1082EC001FF0CAFD80B10A4B8446DFF828E093E802
:1082FC000700DEF800308CE8070033B11A469B68A3
:10830C00002BFBD1C2F808C008BDCEF800C008BDD8
:10831C007C0F0120AC120120064B9B691BB1064B54
:10832C00C3F8D4007047044B0269D3F8D4301A61F7
:10833C00704700BFE0040120900F01201F49B7EEE9
:10834C00007A0022A1F10C000B4610B473ED017AF7
:10835C005200F4EE477AD2B2F1EE10FA18BF42F0A6
:10836C0001029842F2D1F7EE007A154B4FF0000C57
:10837C00144CC3ED057AC3F808C0C3ED047AC3F8F6
:10838C0004C0C3ED037AC3F800C0002384F82F3077
:10839C0031ED017A5B00B4EE677ADBB2F1EE10FAE4
:1083AC0018BF43F001038142F2D1934201D110BCBA
:1083BC007047022010BC19F0A5BB00BF14FE0020B2
:1083CC00FCFD0020900F012030B500F1360483B085
:1083DC004723124DE4B22B803B2C204628BF3B2078
:1083EC000AF074FE0190284624F092F90199284471
:1083FC0022F096FF3B2C02D8084803B030BD084A47
:10840C000346A4F13B0012881A800AF05FFE014675
:10841C00284622F0DDFB014803B030BD280D0120B9
:10842C00947E00200048704708FE0020094BB7EEF0
:10843C00007A0020A3F10C0273ED017A4000F4EEF7
:10844C00477AC0B2F1EE10FA18BF40F001009A4220
:10845C00F2D1704714FE002000B5034683B001B37F
:10846C00174940F20112B1F818118A4319D0019042
:10847C0017F0D6FD0028019B13DB00EB4000114ADE
:10848C00184402EB830102EB800291ED027AD1EDEC
:10849C000F7A92ED250A30EE070A30EE270A03B068
:1084AC0000BD084A02EB830090ED020A90ED327A8F
:1084BC00D0ED0F7A30EE070A30EE270A03B000BD7C
:1084CC00F01A0120900F012070B5A0B3022802D041
:1084DC002A4BD87170BD01EBC10C294B07EE902AC9
:1084EC00DFF898E003EB8C03F8EEE77AD3ED0C6A37
:1084FC0001F10E0387EEA67A0EEB8303D3ED017A1E
:10850C00F4EE477A83ED017A1E4BF1EE10FA9B697B
:10851C0014BF4FF0010C4FF0000C43B38EF8070062
:10852C00BCF1000FD6D04FF4806019F0EBFABDE827
:10853C00704019F01BBADFF844E08446114A002160
:10854C00DEF8D43095690EF14802A3F10C0672EDF9
:10855C00017AF5EE407A1160F1EE10FA18BF4CF08A
:10856C00010C05B99960043BB342F0D1D6E7DEF8B3
:10857C00D43003EB810383ED007ACFE7900F012019
:10858C00F01A0120E004012071B1012905D1022269
:10859C000023817002704370704701220223002176
:1085AC0002704370817070470A46012302210270E9
:1085BC0043708170704700BF2DE9F0476F4F86B054
:1085CC0097F88160002E51D06D4D00216D4CD82252
:1085DC0028466D4E22F0B8FA94F81E31D9067CD597
:1085EC00F369D4F8A00198474368C5F8D430002B40
:1085FC0073D0B369002B79D0644B1C682CB1204626
:10860C00A4681FF041FC002CF9D1FB8B0020604CBE
:10861C00AB85EC6614F0BAFFA862FFF78FFEA4F1ED
:10862C001401287D13F084FD10B9B3680720984716
:10863C0097F88130002B45D0524B93F81D319B0796
:10864C0066D5736C43B15349002208680292CDE998
:10865C00002200286CD098470AF0FEFCF36A002B2D
:10866C0038D0474806B0BDE8F0471847444D03AB37
:10867C00804605F13C0495F8149095F807A094E811
:10868C00070083E80700C8223146284622F05CFA2E
:10869C0003AA414BD5F8D4C0D3F8283107CA84E8D3
:1086AC000700DCF81020C5F8882013B1314660466D
:1086BC009847354EB8F1000F9ED085F8149085F888
:1086CC0007A099E7736C002BC5D10AF0C5FCF36ABF
:1086DC00002BC6D106B0BDE8F087F369002098479F
:1086EC004368C5F8D430B369002B85D1D5F8D420B4
:1086FC00136053609360D360136194F81E31DA06F3
:10870C007FF57AAFD4F8A021D5F8D4301A6173E78D
:10871C0022490B2013F00CFD08BBB36807209847C7
:10872C00736C002B98D097F88120002A8BD192E79C
:10873C004C6894428FD18C6894428CD10A46059037
:10874C00CDE9030052F8C00F002884D150680028EE
:10875C0081D1D1F8C81000297FF47DAF7CE795F961
:10876C0093304FF00C01942213FB01231D440B4B4F
:10877C0093E8070085E80700D2E700BF480901200D
:10878C00900F0120F01A0120E0040120AC1201200E
:10879C00AC0F0120980F0120080601205810012071
:1087AC0000487047AC0F012008B50022054BC3E907
:1087BC0000229A6015F00AFA1020BDE8084019F062
:1087CC00A1B900BFAC0F012008B5054A054B507686
:1087DC005B6F98472020BDE8084019F093B900BFA3
:1087EC00900F01200806012040B110B50446204628
:1087FC00A4681FF049FB002CF9D110BD704700BFD5
:10880C00E8B10F4A0346D2F8C82000B583B012B1C4
:10881C0001909047019B1A782AB9184603B05DF86D
:10882C0004EB1FF031BB1846002101930FF0CEF87A
:10883C00019B184603B05DF804EB1FF025BB704795
:10884C00E0040120014B1868704700BF9C0E01200A
:10885C0038B510B12A4A137813B10023184638BD25
:10886C0051780029FAD1274C054601462046FFF7DE
:10887C002DFCA96C224A244B2167A98DD1839A78AF
:10888C00D10636D410072CD45A78110720D45206AE
:10889C0019D41B7983B194F82C10A06A01F0010152
:1088AC0014F0C2FF50B1194B94ED090A217FA06A54
:1088BC00B3F8AC2015F01CF90123CFE7A96DA06A21
:1088CC0014F026FFEFE7082019F01CF90E4BE0E737
:1088DC004FF4007019F016F919F048F80A4B5A7851
:1088EC00D5E70A4A607EB2F8A410FFF79FF9064B51
:1088FC00CAE7D5E914010CF009F8034B9A78C1E7E3
:10890C0048090120900F01206C0C0120F01A012065
:10891C002DE9F0470378044682B0581E1F2804D86E
:10892C0014F8013F581E1F28FAD93B2B58D02F2B77
:10893C0052D02378002B70D091468A46651CA046F5
:10894C000026202B09D9292B05F1FF371AD03B2BF8
:10895C0014D0282B0CD0002E2DD015F8013B002B59
:10896C00EFD10023204688F8003002B0BDE8F08734
:10897C002E4615F8013B002BE3D1F2E7002EECD18B
:10898C003E70EEE78EB1434B93F891306BB905F81E
:10899C00013C414B93F80A321B0729D4B9F1000F63
:1089AC0055D0D9F80030002B39D015F8013B0026F2
:1089BC00002BC6D1D5E7A3F1610103F05F0042465D
:1089CC00C9B2192998BF034602F8013B904615F825
:1089DC00013B002BB5D1C4E7304B1B89D80605D51C
:1089EC0000232046237002B0BDE8F0870134A0E7D5
:1089FC003378002BD9D0B9F1000F03D0D9F800305F
:108A0C00002BD2D1264BD3F8CC30002BCDD0304616
:108A1C00002698478AF800009FE7A046A1E7204B64
:108A2C00D3F8C4203AB1304600939047009BC9F864
:108A3C0000000028B9D104221A493046009322F0D4
:108A4C0065F9009B38B13278002ADCD1ADE7337878
:108A5C00002BAAD0D6E7BA1B0193D71E009238463A
:108A6C001FF00AFAC9F80000DDE900230028EAD05B
:108A7C003379202B0CD1731D194613F8017B202F51
:108A8C00FAD0771C17447F1A3A461BF05BFD8CE733
:108A9C00311DF9E7900F012008060120480901203B
:108AAC00E0040120649700202DE9F04FDFF8FCA1D1
:108ABC0000227A4EDAF8083196F88D502DED028BA3
:108ACC00934218BF85F00105B1B01B928DF86B2055
:108ADC0025B19B1A18BF012386F88D301BAA0DF106
:108AEC006B01FFF715FF9DF86B800446B8F1000F82
:108AFC0009D10378252B0CD07BB91B9808B1FFF753
:108B0C007FFE9DF86B80404631B0BDEC028BBDE81A
:108B1C00F08F4378002B00F0AF80614DF0220021E4
:108B2C005E4E284622F010F84FF000020023B646A5
:108B3C008DF8282005F1080CF26E1F4607930B9256
:108B4C00ADF81830BEE80F00ACE80F00BEE80F001F
:108B5C00ACE80F00BEE80F00ACE80F009EE8070081
:108B6C008CE807002378242B00F00883224601238D
:108B7C001C9300231E9392F800B0CDE91F33BBF178
:108B8C00000F01F06584BBF1400F8CBF0023012363
:108B9C00BBF1240F08BF0023BBF15A0F88BF43F071
:108BAC0001030993002B40F00C83BBF14F0F00F035
:108BBC00ED821CAB1DAA2046194605930AF0B8FBA2
:108BCC00002800F0BD84099B994608EE103A0C93DE
:108BDC000893DDED1D7AF4EE677AF0EE676AF1EE3C
:108BEC0010FA13D6B6EEE77ABCEEC77A9FED2D6A73
:108BFC00F8EE475A8DED1E7A77EEE57A67EE867AB7
:108C0C00F8FE677AFCEEE77AB0EE678ABBF1470FA5
:108C1C004ED0BBF14D0F40F0BF802B78412B00F0B4
:108C2C003381DDF87890B9F1630F40F2BF811E4BB0
:108C3C000022D3F8FC302092002B00F0AA8018EE12
:108C4C00102A1FFA89F0002A00F0D98200EB80006C
:108C5C0000EB800002EB800080B298478146002830
:108C6C0000F097801E9B18EE102A03EB830303EB96
:108C7C00830302EB8303C8E2037096F88D30002B5C
:108C8C0000F0A282002D40F0758396F88C30002BFA
:108C9C0041F0108339238DF86B302EE7900F0120B3
:108CAC00A00E01200000C842E004012008060120AB
:108CBC00002320931E9B632B6BD8DFE813F0290352
:108CCC00290329032903890329036A0077037703FE
:108CDC006A003D036A006A006A006A006A006A0062
:108CEC006103610361036A036A036A006A006A0034
:108CFC006A006A006A003D036A003D036A006A006C
:108D0C00A9036A006A006A006A00C4066A00BD060C
:108D1C006A006A0091036A006A006A006A006A00CD
:108D2C009103E603E6036A008903D702D702D70250
:108D3C00D702D702D7026A00A6066A006A006A0048
:108D4C0091066A006A006A006A006A006A006A009A
:108D5C00AF026A006A00A9036A006A006A00DD06B5
:108D6C00AF02AF02AF02AF02AF02AF026A006A00FD
:108D7C00AF02C903C9033D03BF03BF03B406FD0320
:108D8C00FD03DC03DC03844B93F82C31580700F112
:108D9C00E3814FF01408B6E60023ABF1240B1F93CC
:108DAC00BBF1360FF5D801A353F82BF03336000086
:108DBC00C32A0000C32A0000C32A0000C32A0000F3
:108DCC00C32A0000C32A0000C32A0000C32A0000E3
:108DDC00C32A0000C32A0000C32A0000C32A0000D3
:108DEC00C32A0000C32A0000C32A0000C32A0000C3
:108DFC00C32A0000C32A0000C32A0000C32A0000B3
:108E0C00C32A0000C32A0000C32A0000C32A0000A2
:108E1C00C32A0000C32A0000C32A0000C32A000092
:108E2C0013360000F3350000D3350000AF350000D9
:108E3C008D35000067350000C32A00002135000085
:108E4C00F134000009330000E3320000A5320000C9
:108E5C00C32A0000793200007D2C0000AD340000E4
:108E6C008D340000CF34000069340000073400005A
:108E7C00E7330000C7330000A73300007F33000046
:108E8C00573300002F33000095F8D930990601F1C3
:108E9C00658243F02003C5ED1E6A85F8D9301C9B12
:108EAC005A1C1C9214F803B0BBF1000F00F0808622
:108EBC00BBF1400F8CBF00230123BBF1240F08BF73
:108ECC000023002B40F07D81BBF15A0F00F2798119
:108EDC00BBF14F0F12D01DAA059920460AF028FAB3
:108EEC0000287FF476AEB9F1020F40F02983DFED54
:108EFC002B7AF0EE676ACDED1D7A87E6284B1EAA19
:108F0C00059920461D930AF0BDF98DF86B000028D9
:108F1C0041F03482DDED1D7A1F90F4EE677AF1EEAC
:108F2C0010FA13D6B6EEE77ABCEEC77ADFED1D6AFF
:108F3C00B8EE476A8DED1E7A77EEC67A67EEA67AA2
:108F4C00F8FE677AFCEEE77AB0EE678A18EE103A14
:108F5C00002B40F01C869DF87D3043F080038DF88B
:108F6C007D301E9B1F9AC5F8C830D5F8D83013EA4F
:108F7C00020108EE101A41F0F1810B490A4207D0A8
:108F8C00DDED1D7AF5EEC07AF1EE10FA01F12C81CF
:108F9C001343C5F8D83082E7F01A01200000C07FD7
:108FAC000000C07F0000C84280CA180018EE103ABA
:108FBC00002B40F0EC858DED208AB9F1630F00F2A7
:108FCC00168101A353F829F00B3200000B3200007C
:108FDC000B32000067360000673600006736000071
:108FEC0019380000B5360000B5360000B536000063
:108FFC001F2F00001F2F00001F2F00001F2F00002D
:10900C001F2F00001F2F00001F2F00001F2F00001C
:10901C001F2F00001F2F00001F2F00001F2F00000C
:10902C001F2F00001F2F00001F2F00001F2F0000FC
:10903C001F2F00001F2F00001F2F00001F2F0000EC
:10904C000B3200001F2F00001F2F00001F2F0000ED
:10905C001F2F00001F2F00001F2F00001F2F0000CC
:10906C001F2F00001F2F00001F2F00001F2F0000BC
:10907C001F2F00001F2F00001F2F00001F2F0000AC
:10908C001F2F00001F2F0000892E0000892E0000CA
:10909C00892E0000892E00001F2F0000892E000051
:1090AC001F2F00001F2F0000B72A00001F2F0000E9
:1090BC001F2F00001F2F00000B320000893800000A
:1090CC0047320000473200004732000047320000B0
:1090DC0051380000B7370000B73700001F2F0000D1
:1090EC006332000063320000633200006332000020
:1090FC001F2F00001F2F00001F2F00001F2F00002C
:10910C001F2F00001F2F00001F2F00001F2F00001B
:10911C001F2F00001F2F00001F2F00001F2F00000B
:10912C001F2F00001F2F00001F2F00001F2F0000FB
:10913C001F2F00001F2F00001F2F00001F2F0000EB
:10914C001F2F00001F2F00001F2F00001F2F0000DB
:10915C001F2F0000F737000085F801904FF0000931
:10916C009DF8823043F010038DF882304FF4801359
:10917C001F4241F0FA803B431F4690E60123E21C5C
:10918C00AF722B81ADF818300423F1E41CA9C74B46
:10919C001EAA204605911D930AF074F881468DF89D
:1091AC006B00002841F0AD84DDED1D7AF4EE677A9A
:1091BC00F0EE676AF1EE10FA81F1DB8008900C900A
:1091CC0010E54FF001089EE496F88C30DFF8E0B221
:1091DC0083F0010386F88C30DBF8F03013B196F88D
:1091EC008C0098472378002B3FF487AC95E4B04B68
:1091FC00D3F8FC30002B3FF4CCAD1FFA89F0984724
:10920C00814600283FF4C5AD1E9B6B809DF88230D3
:10921C0043F020038DF88230209BA9E7089A002A9E
:10922C0043F0648399B29DF88020338842F00202A7
:10923C0029815B1A8DF8802018BF0123069A63F3ED
:10924C004102012385F8383002230692089318EE68
:10925C00103A002B40F09B84209B17EA030208EE87
:10926C00102A41F082801F43914618E69DF8812018
:10927C003B2B42F008028DF88120A3F136022A77AD
:10928C00E5D118EE102A1E2A3FF683AD01A353F840
:10929C0022F000BFC7380000C32A0000C32A000018
:1092AC00C32A0000C32A0000C32A0000C32A0000FE
:1092BC00C32A0000C32A0000C32A0000AB380000F8
:1092CC00C32A0000C32A0000C32A0000C32A0000DE
:1092DC00C32A0000C32A0000C32A0000C32A0000CE
:1092EC00C32A0000AB380000C32A0000C32A0000C8
:1092FC00C32A0000C32A0000C32A0000C32A0000AE
:10930C00C32A0000C32A0000C32A0000AB380000A7
:10931C00089A002A43F0EA829DF88020052B42F03F
:10932C0002028DF8802000F08087022208922B81A7
:10933C00002385F838308AE718EE102A002A40F00E
:10934C00D387089A002A43F0D1829DF8802023F01D
:10935C0002012B7042F001021C298DF880201A4664
:10936C0041F07C800123089318EE103A1A44012333
:10937C002A7072E70123DFF838B186F88C302BE7BE
:10938C00113BAB739DF8803043F004038DF88030B3
:10939C005DE7A3F11403B3FA83F35B09EB729DF859
:1093AC00803043F040038DF8803050E7414A127E04
:1093BC00022A7FF4EEACA3F10703B3FA83F35B0943
:1093CC006B739DF8813043F040038DF881303EE79C
:1093DC002B709DF8803043F001038DF8803036E718
:1093EC009DF88120312B42F001028DF8812001F093
:1093FC000D8018EE103A002B41F00E802C4B9B691F
:10940C00002B3FF4C6AC0123EB734FF4807324E7BD
:10941C0018EE102A002A7FF4BCAC089A002A43F0FC
:10942C0065822B819DF8803043F002038DF88030EB
:10943C00002385F83830022308930EE7C3F15E034E
:10944C00AB729DF8803043F020038DF88030FEE63F
:10945C0018EE102A002A40F07087A3F15B03B3FAD0
:10946C0083F35B092B739DF8803043F008038DF870
:10947C0080300823F1E6623B85F836309DF8813068
:10948C0043F002038DF88130E1E6A3F13303B3FA24
:10949C0083F35B0985F837309DF8813043F0040382
:1094AC008DF8813004230893D1E600BF0000C07F03
:1094BC00E0040120F01A0120CB4A127E022A7FF42C
:1094CC0068AC603B83F0010385F859309DF881301E
:1094DC0043F020038DF88130B9E69DF8813043F0DC
:1094EC0080038DF88130B9F1000F00F04A87B9F193
:1094FC00010F40F048879AF810329A0640F1DB874A
:10950C00DAF86C309847830640F1DA874FF000099F
:10951C004FF400432CE6DAF86C309847010740F121
:10952C006786B9F1410F00F063864FF00D08FFF725
:10953C00EABA85F8EC903B464FF000091F46AEE4C2
:10954C004FF00208FFF7DFBA9DF87D30F6EEE66AC1
:10955C00FDEEE66A43F040038DF87D30D5F8D83047
:10956C00C5ED316A590400F1F986DDED1D7A4FF431
:10957C00804207E518EE103A002B40F00883F4EE19
:10958C00666A9DF87D3043F01003F1EE10FA8DF809
:10959C007D3074BF1E9BFF2385F8D430D5F8D830AE
:1095AC0013F4805208EE102A40F0D8864FF4805203
:1095BC00EEE4079BC5ED1C6A43F0040307939DF88A
:1095CC007C3043F040038DF87C30D5F8D830580609
:1095DC0000F1C4864022DBE4079BC5ED1B6A43F017
:1095EC00020307939DF87C3043F020038DF87C3008
:1095FC00D5F8D8309A0600F1B1862022C8E40A9B2F
:10960C00C5ED2B6A43F004030A939DF87F3043F0B9
:10961C0004038DF87F30D5F8D8305A0100F19E86BE
:10962C004FF08062B4E40A9BC5ED2A6A43F0020352
:10963C000A939DF87F3043F002038DF87F30D5F804
:10964C00D830990100F18A864FF00072A0E40A9B91
:10965C00C5ED296A43F001030A939DF87F3043F06E
:10966C0001038DF87F30D5F8D830D80100F176861B
:10967C004FF080728CE49DF87E30C5ED286A43F083
:10968C0080038DF87E30D5F8D8301A0200F166864A
:10969C004FF400027CE49DF87E30C5ED276A43F060
:1096AC0040038DF87E30D5F8D830590200F156863B
:1096BC004FF480026CE49DF87E30C5ED266A43F0D1
:1096CC0020038DF87E30D5F8D830980200F146860C
:1096DC004FF400125CE418EE103A002B40F0578265
:1096EC00424B1E989A69002A00F03C86DB69984729
:1096FC004368B3FA83F35B09002B41F0FA85DDED87
:10970C001D7A9DF87E30F4EE677A43F01003F1EE8B
:10971C0010FA8DF87E3074BF1E9B4FF0FF33C5F8E6
:10972C00D030D5F8D83013F4801208EE102A40F05F
:10973C0015864FF4801225E49DF87E30C5ED226A23
:10974C0043F008038DF87E30D5F8D8301A0300F1B9
:10975C000586DDED1D7A4FF4002213E49DF87E3072
:10976C00C5ED206A43F002038DF87E30D5F8D83071
:10977C00980300F1F3854FF4003209E49DF87E3034
:10978C00C5ED1F6A43F001038DF87E30D5F8D83053
:10979C00DA0300F1E3854FF48032FFF7F9BB9DF853
:1097AC007E30C5ED216A43F004038DF87E30D5F888
:1097BC00D830590300F1D2854FF48022FFF7E8BB73
:1097CC00079BC5ED1A6A43F0010307939DF87C30A3
:1097DC0043F010038DF87C30D5F8D830D90600F161
:1097EC00BD851022FFF7D4BBF01A0120E004012044
:1097FC0018EE103A002B40F0CA81F4EE666A9DF820
:10980C007D3043F00803F1EE10FA8DF87D3074BF13
:10981C001E9B4FF0FF33C5F8CC30D5F8D83013F47D
:10982C00006208EE102A40F09985DDED1D7A4FF4A8
:10983C000062FFF7A7BB9DF87D30C5ED196A43F0B8
:10984C0002038DF87D30D5F8D830980500F1868567
:10985C00DDED1D7A4FF40072FFF794BB9DF87D305F
:10986C00C5ED186A43F001038DF87D30D5F8D8307A
:10987C00DA0500F173854FF48072FFF789BB9DF810
:10988C007C30C5ED176A43F080038DF87C30D5F839
:10989C00D830190600F16285DDED1D7A8022FFF7C4
:1098AC0071BB9DF87C30C5ED256A43F008038DF83B
:1098BC007C30D5F8D830180700F150850822FFF716
:1098CC0067BB9DF87C30C5ED246A43F004038DF82A
:1098DC007C30D5F8D8305A0700F140850422FFF7C8
:1098EC0057BB9DF87C30C5ED236A43F002038DF81D
:1098FC007C30D5F8D830990700F130850222FFF77B
:10990C0047BB18EE103A002B40F041819DF87C309B
:10991C00FDEEE66A43F00103C5ED306A8DF87C304C
:10992C00D5F8D83013F0010208EE102A40F0168555
:10993C000122FFF72DBBDAF86C309847010703D5ED
:10994C00B9F1050F7FF4F1AD1E9B4FF0000995F8AE
:10995C005820A3F10401053B22F00302B1FA81F176
:10996C0018BF0123490943EA4103134385F85830D2
:10997C009DF8823043F004038DF882304FF480233D
:10998C00FFF7F6BBDAF86C309847020703D5B9F14C
:10999C00090F7FF4CAAD069B43F4807306939DF8C0
:1099AC00823043F008038DF882301E9B082B00F0A8
:1099BC007584092B00F04885072B40F075849AF8C4
:1099CC001A329B077FF5E5A995F821304FF0000975
:1099DC0043F0020385F821304FF40023FFF7C8BB96
:1099EC009DF8803043F001038DF8803041232B70BB
:1099FC0018EE103A002B7FF4CCA9694BD3F8203128
:109A0C00002B3FF4C6A9012327E49DF8813043F0D5
:109A1C0010038DF8813018EE103A002B7FF4B9A9A1
:109A2C004FF4805319E49DF8803043F020038DF8F7
:109A3C0080300223AB720AE49DF8803043F080033F
:109A4C008DF8803003E4DAF81431002B3FF4A1A92F
:109A5C0018EE101AA1F114031E2B3FF69AA9514AC5
:109A6C0042FA03F3D8073FF594A94F4BA3FB01230C
:109A7C00DB088A331E93D0E49DF8802042F002026A
:109A8C008DF8802053E4DAF86C30984710F0080910
:109A9C007FF44BAD05F0AAF940077FF57AA90121B7
:109AAC00484604F0FFFF00283FF473A99DF882306C
:109ABC0043F001038DF882309DF878300C934FF40D
:109ACC008033FFF755BB9DF88130632243F0800350
:109ADC008DF88130324B85F82020D3F82431002BBF
:109AEC007FF414ADFFF755B9DAF8303198470028F8
:109AFC0040F0CA832D4B1B7F042B3FF41CADDAF8CE
:109B0C00E030002B3FF445A99DF882304FF000095E
:109B1C0043F002038DF882304FF40033FFF728BB7B
:109B2C0005F064F903077FF534A90021012004F046
:109B3C00B9FF0146002800F05A849DF882304FF09E
:109B4C00000943F001038DF882309DF878300C93B6
:109B5C004FF48033FFF70CBBDAF86C304FF0000990
:109B6C0098479DF88230012243F0020309928DF848
:109B7C0082304FF40033FFF7FBBA0B4BA3FB0223ED
:109B8C00DB0805332B774FF40063FFF766BB4FF010
:109B9C001708FEF7B8BF4FF40063FFF75EBB00BFBA
:109BAC00E0040120FEFBEFBFCDCCCCCCF01A0120A1
:109BBC009DF88030DB0703D52B78412B00F05684C1
:109BCC009DF828B0BBF1000F00F02083089B002B00
:109BDC0040F01C8396F890301BB1069BDC0740F1DB
:109BEC00DE870223089395F8D930580605D5974B94
:109BFC00D5F8C4209A4200F37384C7F3074313F0DB
:109C0C00200200F01F836C88002C00F01684904A10
:109C1C009048D2F80021D5F8D8400D939047059084
:109C2C001E90002840F01386D5F8D8200D9B544088
:109C3C0014F0E06203D02BEA12628DF82820079909
:109C4C00C4F3021221EA0202A1050792C4F307220F
:109C5C0040F101860021D5ED198A6966100605D5FB
:109C6C00D5F8C81000220591C5F8C8202103C4F30B
:109C7C00074240F1F7850021D5F88890C5F8881087
:109C8C0012F0100200F0EB85D5F8D01000220F91E5
:109C9C00C5F8D020BDF8181001F0010211F0010137
:109CAC000D9200F0D78295F8D920920740F12784C5
:109CBC00E97A95F8D82039B1D5ED197A9FED667A05
:109CCC0067EE877AC5ED197AD10737D595F8DA2082
:109CDC00120700F17F82B8073A460AD5298940F26B
:109CEC004B10814218BF212900F074824C2900F0DE
:109CFC007182910603D5AA7A022A00F06B82BA040B
:109D0C00C7F3072B03F0040100F16682D8060A465C
:109D1C0003D56878332800F05F82002A00F03B837B
:109D2C00D5F8C020511CC1F2AF85002A01F3AC85D7
:109D3C0095F8D82022F0010285F8D820AA7A022AB8
:109D4C0000F02D83B804C7F3072B00F136830B9A70
:109D5C00002A00F0FC840B9A95F8DA105278080768
:109D6C0085F8592040F13983012A00F07F850122C2
:109D7C001392099995F8DA20002900F03F83920795
:109D8C0042F13C8295ED200A0E9309F04DFB0E9B9F
:109D9C0000283FF4FCAE2E49D5ED207A8A69002AC2
:109DAC0000F09885FDEEE77ACA690E9317EE900ADB
:109DBC00904742680E9BB2FA82F25209002A41F097
:109DCC009882D5ED207A95F8DA10FCEEE77A62F3FA
:109DDC004101C5ED347A85F8DA100C9A12B1D90725
:109DEC0000F171845B0740F1568395F85830980761
:109DFC0006D50B9BDB689B7A13F00A0F3EF4C9AFB8
:109E0C00C7F3C04395F82110727E91420CBF00231A
:109E1C0003F0010363F3D347F90232D595F8DA3036
:109E2C00DA0700F106854FF07E53EB676B78303B19
:109E3C00082B1FD8DFE813F01200B001A00190012D
:109E4C001E0080011E001E006A0100BF8096980053
:109E5C00E0040120A00E01203333CB4195F83530BE
:109E6C0023F0010385F8353095F8343023F00103E5
:109E7C0085F83430AB8EB28D9B1A18BF012363F377
:109E8C0014572B78042B10D195F8DA30D90742F1FE
:109E9C00B581D5ED1F7AF5EEC07AF1EE10FA00F12E
:109EAC00A38123F0010385F8DA30AB7B1093002BF0
:109EBC0000F0B884012B00F0AD8402230022CDE920
:109ECC00113201231093EB7A9BB11FED1D7A032302
:109EDC009DF82800B74A013B20FA03F1C90705D5C4
:109EEC00D2ED2B7A67EE877AC2ED2B7A043A002BEF
:109EFC00F1D16B7B53B10A9BDB0707D5B6EE007A29
:109F0C00D5ED297A67EE877AC5ED297A089B042B63
:109F1C0000F0298496F82F00E0B195F80CE00323AB
:109F2C00A44D9DF828C0A4492A46013B2CFA03F005
:109F3C00C0070BD5D2ED2B7AD1ED056ABEF1000F1F
:109F4C0000F0B88367EEA67AC2ED2B7A043A043996
:109F5C00002BEAD11BF0010F2DD0EB7B022B01F073
:109F6C00CC81032B01F0B281012B24D1DFF85CB240
:109F7C00DBF81830002B3EF40CAF95F8D9301807ED
:109F8C0041F16283D5F8CC0040B98C4B93F89C31ED
:109F9C00590703D4D5F8D000C5F8CC00DBF81C3039
:109FAC0098474368002B01F0A48195F8D93023F031
:109FBC00080385F8D930C7F3C023287F327D82424D
:109FCC000CBF002303F0010363F3CB27002B40F0FD
:109FDC00778472796B7B5340C7F3803213402A78B5
:109FEC0063F38E370A2A9DF828309B4600F07F8455
:109FFC005C2A00F0BD8223B92989023989B2012972
:10A00C0017D80899032901F00E83DFF8C4C1032087
:10A01C006849013823FA00FE1EF0010F40F08185DB
:10A02C00DCF880E0C1F8ACE0ACF1040C0439002899
:10A03C00EFD1352A01F08C8341F2A682412A40F0FF
:10A04C00B88295F8DA30DB0742F1D880DFED5C7A24
:10A05C0095ED1F7AB4EEE77AF1EE10FA01F3148461
:10A06C0008F0EAFFD82303FB006008F04DFF00283E
:10A07C0002F0468595F8DA3023F0010385F8DA30E2
:10A08C004FF00003D5F8D8108DF828304908C5F8E2
:10A09C00D810002901F0AC8208EE109A4FF0010B99
:10A0AC00A946484B484D19E00120042900FA0BF051
:10A0BC0009D192ED000A1A6802431FFA8BF01A605C
:10A0CC0008F032F93F4BD9F8D8100BF1010B0835D9
:10A0DC004908C9F8D810002901F00286C807F2D542
:10A0EC00AA68002AEFD0297B0229DDD1012192ED4B
:10A0FC00000A1A681FFA8BF001FA0BF1B8EE400A4D
:10A10C000A431A6008F010F92E4BDCE72B4B93F83E
:10A11C002C3158077FF5AEAED5ED1F7A95F835305A
:10A12C00F5EE407AF1EE10FA0CBF0122002262F338
:10A13C00820385F835309DE6D5ED1F7A95F83530DC
:10A14C00F5EE407AF1EE10FA0CBF0122002262F318
:10A15C00410385F835308DE6D5ED1F7A95F834300E
:10A16C00F5EE407AF1EE10FA0CBF43F0010323F048
:10A17C00010385F834307DE6D5ED1F7A95F835303E
:10A18C00F5EE407AF1EE10FA0CBF0122002262F3D8
:10A19C00000385F835306DE695F8353043F0010352
:10A1AC0085F8353095F8343043F0010385F83430B8
:10A1BC0060E600BFA00E0120FCFD0020F01A01207B
:10A1CC0000FF7F479C0E0120A83D0060E0040120A9
:10A1DC00900F012003F00401D5F8C020002940F0B5
:10A1EC0056818A42BFF6A1AD4FF00408FEF78BBC36
:10A1FC0004F0FCFD82077EF5CCAD0121084604F08D
:10A20C0051FC00287FF499ACFEF7C3BD089BA3F169
:10A21C000202B2FA82F2520996F89030002B3FF407
:10A22C00E2AC002A3FF4DFACD7E418EE102A1AB1E6
:10A23C000A2A7EF4AEAD33232B81002385F8383007
:10A24C00FFF7F9B84FF0000914460F9208EE909AF8
:10A25C0005921FE52A89212A00F02581A97A012976
:10A26C0000F0428111F0FD0F40F00B8195F8D90000
:10A27C0095F8D820800700F18984B07888427FF463
:10A28C0023AD316F69661FE502287EF482ADDAF8E2
:10A29C002C31002B7FF438ACFEF77BBD95F82130C8
:10A2AC0043F0010385F821304FF000094FF40023EF
:10A2BC00FEF75EBFDFF8B0B286F88C800BF0BCFA0C
:10A2CC000820DBF80C309847DBF84C50002D3EF49E
:10A2DC0083AF13F0E9FFA0F10201FF20B1FA81F185
:10A2EC004909A847FEF778BF9DF8802023F00201AA
:10A2FC002B7042F001021C298DF880201A4615D0D3
:10A30C005C2B7FF444AC18EE103A1E2B3EF641AD9C
:10A31C00934B18EE102A1341DB073EF53AAD18EEBD
:10A32C00103A5C332B70209BFEF797BF18EE103A57
:10A33C000A2B3FF419A8FEF72CBD9DF8802042F0A3
:10A34C0010028DF8802018EE102A0A2A7EF421AD16
:10A35C005A2B3EF41EAD1023FEF77FBF4FF01908A9
:10A36C00FEF7D1BBC30FFFF7C7B94FF01508FEF7C7
:10A37C00CABB1F900C900890FEF7EDBD8046FEF70F
:10A38C00C2BB4FF0030985F820904FF400434FF007
:10A39C000009FEF7EDBEAA7A022A7FF4D8AC0B9A1C
:10A3AC00002A3EF4F6ACD268D26B002A3EF4F1AC33
:10A3BC00BA04C7F3072B7FF5CEAC95F85920012AC8
:10A3CC0000F0A1800B984178012900F08383427042
:10A3DC0095F8DA1008073FF5CAAC002A40F0658101
:10A3EC000B9A9268C5F8882000221392C1E404F0FD
:10A3FC0059FB00287FF4A1ABFEF7CBBCD0063FF590
:10A40C00ECACD6F88820C5F8D020E6E40023EB733A
:10A41C004FF48073FEF721BF142B5AD00A2B7EF415
:10A42C00B8AC089B002B42F0618202230322EB7331
:10A43C004FF480730892FEF710BF4FF000090F9491
:10A44C00059408EE909A25E4002385F821302BE73B
:10A45C00CDF830B0CDE908BBFFF7C5BB5C2B4FF096
:10A46C00010308933FF45BAFFEF7F6BE089BCDF8F3
:10A47C001CB0A3F102028DF828B0B2FA82F2520994
:10A48C00CAE695F8D820D2077FF55CAC1EE4002A0A
:10A49C00BFF64BACA8E60B9B002B3FF4B1AC1B7882
:10A4AC0085F85830ACE495F8D820500600F1F481CA
:10A4BC00716F696708E42B4B1B8958063FF526A87A
:10A4CC0001234FF0000985F820304FF40043FEF7CC
:10A4DC004FBE254B9B69002B3EF45BAC032396E7E8
:10A4EC004FF01B08FEF70FBB08990229C9D1502A5F
:10A4FC00C7D0002AC5D095F8D9209207C1D44FF007
:10A50C001608FEF700BB0B9AD268917AC9077EF544
:10A51C0040AC95F8DA10080741F1708695F9D8002F
:10A52C0092ED067A00285168C0F2C08781ED077A57
:10A53C0001210B98417095F8DA10090740F1B780AA
:10A54C00E97AD5ED227A002900F026839FED077A6F
:10A55C0067EE877A5268C5ED227AC2ED047A06E47A
:10A56C00FEFBEFBF48090120E0040120666698431A
:10A57C00002B02F0BC82BF490322BF48013A23FAE8
:10A58C0002FC1CF0010F00F0AF81D0ED207A91EDB0
:10A59C00066AD1ED2B6A77EEC67A90ED117A77EEDA
:10A5AC00E67A77EEC77A04390438C1ED2C7A002AA2
:10A5BC00E4D1B5F808B0BBF1500F00F00783089B4D
:10A5CC00022B00F050830D9B03F0FF0B2BB995F879
:10A5DC00DA3023F0180385F8DA3095F8D93023F007
:10A5EC00420385F8D930089B002B40F0938200235E
:10A5FC00D5F8D8100893002942F0C78126AB282241
:10A60C0018460E9320F0A0FA96F893309B498DF8DB
:10A61C00B23091F899309DF8AD20B3FA83F30791DD
:10A62C005B0963F3410263F382028DF8AD20B38DB5
:10A63C00ADF8B030BBF1000F00F0578337F0490391
:10A64C0040F0FE872B78352B02D0002B40F0F8879A
:10A65C00727E27AC8A4B8DF8AE2096F88F600FCBAC
:10A66C0084E80F00002E41F0F88095F8243013F0A8
:10A67C00020303D02B6B9B7AC3F3C0039DF8AC5041
:10A68C00804C63F3C7150E9822467A498DF8AC506E
:10A69C0007F0C4F8804600287EF435AA7A4B93E87C
:10A6AC00070084E80700FEF72EBA0B9AD2685268AE
:10A6BC00D26997E691ED027A77EEC77AA7EEA67A81
:10A6CC0082ED2B7A42E4422A00F0028700F2988253
:10A6DC003E3A032A3FF686AB95F8DA20D00741F1D3
:10A6EC008D85D5ED1F7AF5EEC07AF1EE10FA3FF5B7
:10A6FC007BAD0121CDED0E7A1093084604F0D2F912
:10A70C00DDED0E7AFCEEE77A17EE903A834281F09B
:10A71C00BB8095F8DA20D5ED1F7A22F00102FCEE11
:10A72C00E77A85F8DA200C9B17EE902A402B18BF9D
:10A73C003E2B109B85F8DD204FF0010285F8DC20C4
:10A74C000CBF01220022C5F8E020FFF74BBB95F8A7
:10A75C00DA20C2F3C001139111077FF50AAB0B9AF3
:10A76C005278FFF701BB95F83730002B00F0858647
:10A77C009DF828C000235FFA8CF085F8373000284C
:10A78C0002F0B581CDF828B0A34603241497674690
:10A79C00B7EE007A013C0E9320FA04FC1CF0010F7A
:10A7AC00CDE91586A846334E384D18D198F83700A8
:10A7BC00043E38B9D5ED027AF4EE477AF1EE10FA90
:10A7CC0018BF0120043D88F83700002C00F0BC8134
:10A7DC00F8B2013C20FA04FC1CF0010FE6D0D6EDD7
:10A7EC002B7A0127D5ED056A0E9BA740F4EE676A1C
:10A7FC00C5ED057A20EA070702208DED177AF1EEF8
:10A80C0010FA18BF43F001030E9317F07BF99DED7E
:10A81C00177ACBE7109B002012930223CDE910305E
:10A82C00FFF751BB01234FF0020CCDE9113CFFF7B0
:10A83C004ABBD5ED1F7AF5EEC07AF1EE10FA3FF572
:10A84C00D3AC23F0010385F8DA30FFF7EFBADDF86B
:10A85C001480FEF758B9DFED0E8AFFF7FFB90F929F
:10A86C00FFF718BA4FF00009FFF70ABA0B9AD26833
:10A87C0066E600BFA00E0120900F012048090120C0
:10A88C00C40E012008100120440F0120FCFD002003
:10A89C00000000003333CB4161F38612D5ED1C7AF6
:10A8AC0085F8D820EA7A2AB11FED067A67EE877A06
:10A8BC00C5ED1C7A95F8D820C5ED1D7AFFF704BAC2
:10A8CC00B94911F035FC00287FF483AB4FF0070831
:10A8DC00FEF719B99FEDB57AF4EEC77AF1EE10FADE
:10A8EC00C8BF0122FFF76ABAD0ED347A5BE64BB9E8
:10A8FC0095F8D420142A02F0FA8095F8DA20500743
:10A90C0042F1F580D5F8D82012F4883F01F0768416
:10A91C00D5ED1F7AF5EEC07AF1EE10FA3FF564AC86
:10A92C0095F8D420F6EEE77AFCEEE77A013ACDED15
:10A93C000E7A9DF83800132A3EF62BAA01A151F885
:10A94C0022F000BFC546000091470000C32A00005A
:10A95C00C32A0000C32A0000C32A0000C32A000037
:10A96C00C32A0000C32A0000C5460000C5460000EB
:10A97C00C32A0000C32A0000C32A0000C32A000017
:10A98C00C32A0000C32A0000C32A0000C32A000007
:10A99C009B470000DFF830B2DBF8181000293EF4BA
:10A9AC00F8A9DBF81C100E93884742681492002A11
:10A9BC0000F09F8495F8DA100E9B11F0040F08D06C
:10A9CC00D5F88410D16095F8DA1021F0040185F8DF
:10A9DC00DA1095F8D4100B2901F0C28726AA0E9232
:10A9EC0095F8D4E016941C46AEF10A017048DFF8D5
:10A9FC00C4C1CAB2149915920322013A24FA02F581
:10AA0C00ED0740F13187BEF1010F00F03787BEF141
:10AA1C000A0F01F09387BEF10B0F08D10E9D9CED30
:10AA2C002B7AD5ED027A77EEC77AC1ED027A0E9DBC
:10AA3C000438ACF1040C0439043D0E95002ADCD129
:10AA4C00BEF1010F169C5B4D03D1DBF8243014983A
:10AA5C009847D5F8D83023F48833C5F8D830A8E512
:10AA6C0095F8DA2051073EF594A9092800F2908751
:10AA7C00002840F0F586287F4F490E9385F8BC00DE
:10AA8C0011F056FB00283FF421AF4C4A0E9B92F874
:10AA9C00242132B195F8BC100639C8B2022841F213
:10AAAC006C8795F8D4C00320424D41492A460138A1
:10AABC0023FA00FE1EF0010F07D0BCF1140F92ED2B
:10AACC002B7A00F0D18782ED2E7A0439043A0028D3
:10AADC00EDD1BEE70B994A682AB100220E934A6069
:10AAEC000AF0AAFE0E9B0B99CA68526812688A601B
:10AAFC0095F859204A7095F8DA1009073FF534A9F2
:10AB0C006BE48046FDF7FFBFD5F8D8302C4A1A40CD
:10AB1C00C5F8D820D5F8D81021F0E061C5F8D810C8
:10AB2C0069E5352A3FF480AA95F80CE091ED2B7A73
:10AB3C00BEF1000F00F06785DCED207A77EE877AA6
:10AB4C00C1ED2B7AFFF770BA169E45460E9A5C46FD
:10AB5C0096F82F30DDF828B043408DF82870DDF8DA
:10AB6C0054801A43D5F8D830149F23F0E063D2B246
:10AB7C0086F82F00C5F8D830002A3FF4CDA9022062
:10AB8C0016F0C0FF96F82F00FFF7C6B9E97A002936
:10AB9C003FF49AA8FFF790B89FED0A7AD8E44FF0EB
:10ABAC002808FDF7B0BF00BFB00E01200000004F19
:10ABBC00900F0120A00E0120500F0120F01A01204F
:10ABCC00FFBDE7FF00007A44E00401209DF8283027
:10ABDC00002B00F01385089B012B40F059860023B5
:10ABEC0085F836300D9B03F0FF0B002B8CD095F8BD
:10ABFC00D930CDF820B023F0420385F8D93089E75D
:10AC0C000C9A433A012A3FF6EDA88D49D5F8D82085
:10AC1C00114201F0F382D5ED187A012100200E9338
:10AC2C00BCEEE78A03F03EFF18EE103A83420E9B0F
:10AC3C0081F0598795ED187AD5F8D820BCEEC77AF3
:10AC4C008049D5ED207A114017EE102AFDEEE77AF7
:10AC5C00C5F8D81085F8DD200022C5ED387A85F8C6
:10AC6C00DC20FFF7BFB8338806990D93B3EB0B03C9
:10AC7C0018BF012363F34921ADF81810BBF1000F85
:10AC8C0040F032859DF8283001F00102002B40F095
:10AC9C000084002A40F0F886D5F8D8206A4B13407F
:10ACAC009B46C5F8D830002B41F06F8626AB282286
:10ACBC00594618460E931FF047FF96F89330634998
:10ACCC008DF8B23091F899309DF8AD20B3FA83F33A
:10ACDC00CDF820B007915B0963F3410263F3820264
:10ACEC008DF8AD20B38DADF8B0300B9B3BB3DB686A
:10ACFC009B7A190723D52B89052B18BF332B06D02C
:10AD0C00013B022B03D9069B43F0400306930B9A9D
:10AD1C009DF8283011781BB1089B022B01F0FA85A5
:10AD2C0001F00303012B00F0538611F0020304D051
:10AD3C00069BC3F3801383F0010386F88F30D5F89C
:10AD4C00C430C6F884302D9313F0AEFA831EDDF8B0
:10AD5C006CB00D9018BF01231593BBF1000F0BD0F5
:10AD6C0053B1584621F0D4FC01301DF085F82E90DB
:10AD7C0010B1594621F01CFCBA0601D5AB7AB37060
:10AD8C006B6E0B9A33675378012B00F0FC84D2ED79
:10AD9C00027A95ED227A069BF4EE477A1493F1EE43
:10ADAC0010FA01D19B060BD50B9B1B78D80703D54A
:10ADBC00149B190640F14086D5F888300B9A9360A5
:10ADCC00149B580640F110840023D5F8D000299329
:10ADDC00D6F88830834225D00D9BC6F88800022B0C
:10ADEC0020D00021FDF746FA099B1690002B40F06D
:10ADFC00A6879AF80A32590700F19C87144B1B7FDF
:10AE0C00042B00F09C87DAF8E030002B00F09287DE
:10AE1C00DAF82831002B01F06E86099A169882F028
:10AE2C00010198470C9BBBB13E3B062B14D8DFE8C5
:10AE3C0013F011001100370237022602110017021D
:10AE4C0000010200FFFEFDFFFFBDE7FF48090120E6
:10AE5C00F01A0120FDF742FABA034ED5099B002BDC
:10AE6C004BD1159B002B48D02E9BD6F88800002B7D
:10AE7C0001F078860021FDF7FDF909900AF0DCFC61
:10AE8C002E9818B1FDF7BCFC00232E93D6F8D430C5
:10AE9C0009981B6902699A422FD0DFF8ACB2DBF833
:10AEAC00D03063B10B9A12780C9298470B9A1378A6
:10AEBC000C9A934203D047F4802785F85830DAF87F
:10AECC002C31002B01F040869E4898471E9000289C
:10AEDC007FF454AA802016F015FE0998FDF71CFA91
:10AEEC00DBF8D4304BB113F0DFF9B0F5007F04D0B0
:10AEFC00DBF8D430D6F8D40098477B0329D50B9ACD
:10AF0C0095F8581013788B4212D013469DED290AF0
:10AF1C005278D86812F0BEFD30B10B99CB685A68E4
:10AF2C0095F8583013720B7080F00100C3B2139374
:10AF3C00079AD37F23F00803D377139B4BB1824B33
:10AF4C00DB6B33B10B989DED290A42780178C06810
:10AF5C0098470B9B95F8EC20F366A2F14603032B64
:10AF6C0020D8DFE813F00400FF00AE00040000233B
:10AF7C00079925934B6924930B692393B36A13B1F7
:10AF8C005B68DB682593A2F1490C96ED1C0A23A99A
:10AF9C006C48DCF1000242EB0C0207F03BFF00288E
:10AFAC0001F0A883336F2693B378012B05D19DF85C
:10AFBC00AC3043F020038DF8AC30F26E0DF19C0CEC
:10AFCC0096F88F30D1682A9110685168ACE803006C
:10AFDC0012788DF89C209DF8AC2063F3C7128DF885
:10AFEC00AC200BB196F88E309DF8AD203903C7F329
:10AFFC00074B63F300028DF8AD2000F1B983737E2B
:10B00C0000211BF0100F8DF8AE30079B83F8201039
:10B01C0007D0AB8EDA05B38500F17486B08D06F0DF
:10B02C00B7FD6B88DBB1159BCBB12B79002B40F0B6
:10B03C006586059BC5F8D840C5F8C8300F9BC5ED93
:10B04C00198AC5F8D030404BC5F88890D3F8044124
:10B05C0013F02AF93D49A0470023C5F8D8302B78C6
:10B06C00042B00F0458617F0040FB94601D0AB7BDA
:10B07C00B37119F0400F01D0EB7AF370FB05C7F3F5
:10B08C00072B40F15E81EB7BF37103F0FD03012B89
:10B09C0040F02B862C4BD5F8CC00DB6998474468E4
:10B0AC0096F807E04FF0000C264E03222749334652
:10B0BC00013ABEF1030F01F2EC86DFE80EF0978146
:10B0CC00B55607F00DFF834600283FF46BAF0146E1
:10B0DC001F48FCF7FBFFDBF8483033671D4B1B7830
:10B0EC00980601D5AB7AB3701A4B5B78D90701F18E
:10B0FC001585184B9B78DA0601F10685154B9B7864
:10B10C00180701F1FB82134B1B79BBB1124A134B8D
:10B11C0007CA83E8070096F82C10B06A01F0010109
:10B12C0012F082FB002800F01D830D4B96ED090AEE
:10B13C00B3F8AC20317FB06A12F0DAFC054B1B6817
:10B14C001F432FE7900F0120E0040120A00E0120E7
:10B15C00A80E01206C0C0120C40E0120AC0F0120A4
:10B16C00F01A012007F098FE1CE794ED027AD3ED5B
:10B17C00117AB5EE407A77EE877AF1EE10FAC3EDDC
:10B18C00117A18BF4CF0010C002A00F0D18094ED1C
:10B19C00017A043BD3ED117A043CB5EE407A0439C4
:10B1AC0077EE877AF1EE10FAC3ED117A18BF4CF0F6
:10B1BC00010C5FFA8CFC043B043C0439012277E758
:10B1CC00D4ED027A93ED117AB4EE677AF1EE10FABF
:10B1DC0000F09C80C3ED117A002A00F0AC80043B97
:10B1EC00043C0439013A4FF0010CE9E7D3ED117A34
:10B1FC000020F5EE407A5864F1EE10FA18BF4CF0CE
:10B20C00010C002A00F09480D3ED107A043C1864F1
:10B21C000439F5EE407A043BF1EE10FA18BF4CF00D
:10B22C00010C5FFA8CFCC6E79DF8280020FA02F7A7
:10B23C00FF0740F1E383D1ED2B7A93ED117AF4EE15
:10B24C00477AF1EE10FA01F06B83C3ED117A002A04
:10B25C0071D0043B043C0439013A4FF0010CE5E792
:10B26C004420FCF701FF00287EF45FA9D5ED387A65
:10B27C0095F8DD00B8EEE70A03F088FEECE595EDF5
:10B28C00200A95F8D42095F8DD1095F8DC0003F031
:10B29C0099FE079B58644FF4006016F033FCDBE515
:10B2AC000C98FCF7E1FE00287EF43FA9D5ED387A26
:10B2BC0095F8DD00F8EEE77AF5EE407AF1EE10FA4B
:10B2CC0014BF0121002103F06BFEC5E5A74B9A6961
:10B2DC00002A3DF45EAD95F8D920120740F18E8717
:10B2EC00D5F8CC0028B1DB6998474368002B7EF475
:10B2FC005CAE4FF02608FDF706BC9DF82830002BFD
:10B30C007EF459AE4FF02508FDF7FDBB82B1D4EDAC
:10B31C00017A043B93ED117A043C0439013AB4EE02
:10B32C00677AF1EE10FA40F07E83002A7FF443AF87
:10B33C00BCF1000F05D04FF4806016F0E3FB16F063
:10B34C0015FB1BF0080F40F06C8219F0080F01D0B0
:10B35C002B7B33711BF0400F40F05D821BF0020F12
:10B36C0003D095F8363086F82E302B78412B00F22E
:10B37C0071811B2B40F2B0831C3B252B3CD8DFE8A2
:10B38C0013F010033B0010033B003B003B003B0061
:10B39C003B003B003B000B033B00F0023B003B003F
:10B3AC003B003B003B003B003B003B003B003B00B9
:10B3BC003B003B003B003B003B003B003B003B00A9
:10B3CC003B003B003B003B003B003B00CF02684B8B
:10B3DC0093F81D31980703D466490B2010F076FEC4
:10B3EC00644C2046FCF75EFE002386F8C430624BAA
:10B3FC0094E8070083E80700089A2B89911E338094
:10B40C004A424A41502B95F8381008BF002286F862
:10B41C003010002A40F09E832E9808B1FDF7F0F909
:10B42C0095F82030337623B9079B1B891B067DF5D5
:10B43C006AAB0AF001FA337E632B00F06B83032BAB
:10B44C0000F0FB8195F82030012B00F0F6813C2BAD
:10B45C0000F0F381079A1289170641F19A820D9B2D
:10B46C00022B06D0DAF8403008214448984709F0FE
:10B47C0089FE00233376FDF746BBFCF75FFFFEF732
:10B48C0049BD069A9DF8283002F00102002B3FF4CA
:10B49C0000AC002A00F01A8495F8D9304FF0010B5B
:10B4AC0023F0420385F8D930FFF734BBD5ED177A7A
:10B4BC00B4EEE77AF1EE10FA77FE877AC1ED077AEF
:10B4CC0095F8D81021F0800185F8D810FFF730B826
:10B4DC00D5F8D81011F4043F00F09086284A8A431E
:10B4EC0001F0148295F8D420042A00F2CD813AB1EF
:10B4FC00D5ED207AF5EE407AF1EE10FA00F0C48129
:10B50C0095F8DA20D10723D5D5ED1F7AF5EEC07A60
:10B51C00F1EE10FA3EF568AE00210120CDED0E7A69
:10B52C00109303F0BFFADDED0E7AFCEEE77A17EE1E
:10B53C00903A834280F0A881D5ED1F7A0122109BAE
:10B54C00FCEEE77A85F8DC2017EE902A85F8DD20F2
:10B55C0095F8D920D20700F17083D5F8D820094985
:10B56C001140C5F8D810FEF73DBC00BFE004012027
:10B57C00F01A012034E30020581001208409012026
:10B58C0000010100FFEEFCFF02F0FD011C297FF41D
:10B59C0010A81C2ACC490E9314BF0A20092010F0C5
:10B5AC00C7FD00283FF492A90E9B002B40F0AF83FF
:10B5BC0029899DF83420502908BF85F83630002A97
:10B5CC0040F06282D5F8D830C04A1A40C5F8D8206D
:10B5DC00FFF70DB80B9B95ED220A197812F040F984
:10B5EC00D5F888300B9A9360D5F88830FFF7EDBB0F
:10B5FC00B5F808B0BBF1500F7EF4E1AF002385F82D
:10B60C003630FEF7E0BFDCED347A91ED066ADCED06
:10B61C00116A77EE867A77EEA67A77EE877AC1EDA5
:10B62C002B7AFEF701BD352A00F0A081ACD9412A56
:10B63C003EF407AD2A89502A7EF4C5AFFFF7C8BA8D
:10B64C004FF01008FDF75FBAD5F8D030C5F8CC3004
:10B65C00FEF7B1BC5C3BDAB21E2A3FF6CDAE1E2B18
:10B66C003FF6CAAE01A252F823F000BF15560000F7
:10B67C0029510000295100002951000029510000D6
:10B68C0029510000295100002951000029510000C6
:10B69C0029510000FF5000002951000029510000E1
:10B6AC0029510000295100002951000029510000A6
:10B6BC0029510000295100002951000011510000AE
:10B6CC002951000029510000295100002951000086
:10B6DC002951000029510000295100002951000076
:10B6EC0029510000C955000095F8380008B985F8B3
:10B6FC00360095F85930012B00F05685BBF1210F1F
:10B70C0000F03F85BBF14C0F00F0F883D5ED197AB2
:10B71C00F5EE407AF1EE10FA3EF4F1AE002840F06E
:10B72C003F83BBF1050F00F255850BF1FF31042966
:10B73C0000F2218501A353F821F000BFB3510000A2
:10B74C00F1610000F9610000A75E0000496400008F
:10B75C00B5F808B0BBF1010F7EF631AF4FF01E0803
:10B76C00FDF7D1B9DBF85810B06A11F0D1FFDCE469
:10B77C0095F82100FCF7B6FA00283FF440AC95F898
:10B78C00213073763BE42B89502B36D0ABB3119917
:10B79C000B9806EB8103D3ED327A93ED027A37EEF8
:10B7AC00277AD3ED0F7A37EE277AD3ED1E7AC3685A
:10B7BC0077EEC77A5B6803F11002D3ED076AF5EEFA
:10B7CC00C07A42605962F1EE10FA83ED087A0DD915
:10B7DC009FED3F7A93ED046A67EE877A86EE277ABF
:10B7EC00B4EEE67AF1EE10FA76FE876A0B9BD3ED97
:10B7FC00027AC5ED226AFFF7CCBA0B9A53681BB1DB
:10B80C00002353600AF018F80B9BD3ED027AC5EDB8
:10B81C00227AFFF7BEBA6B7B0820737116F072F9AF
:10B82C009CE52C4B2C4C0FCB84E80F004FF4007094
:10B83C0016F068F916F09AF887E50D9B022B3FF489
:10B84C0018AE95F820303C2B7FF40CAEDAF8E831CA
:10B85C00002B3FF407AE984704E60123FEF70EBF1A
:10B86C000138C0B2FFF708B9159D012D3FF6DFA8CE
:10B87C00D0ED117AC1ED027AFFF7D9B8DCED2B7A55
:10B88C00C1ED027AFFF7D3B84FF02708FDF73BB9AB
:10B89C004FF01F08FDF737B923AC0B20214610F0F1
:10B8AC0047FC2046FCF7FEFB0C220C4920461FF0FF
:10B8BC0077F8031E18BF012386F8C430084B94E8B0
:10B8CC00070083E8070097E5500F0120FFBDE7FF55
:10B8DC00DB0FC940B00E0120980F012034E300208B
:10B8EC00581001208F4F904C3846FCF7DBFB97E843
:10B8FC00070084E807000C228C4920461FF050F802
:10B90C00031E18BF012386F8C430894B93F81D31F0
:10B91C009F073FF571AD21460B2010F0D7FB6BE56F
:10B92C009FED840A844806F0D7FF9FED820A834876
:10B93C0006F0D2FFD5ED1F7A814BFCEEE77AD3F8F7
:10B94C00203117EE902A90B29847FE28044600F05A
:10B95C00AB8707F0F5FAFF2C08BF2724A046FDF7AC
:10B96C00D2B878490A2010F0B1FB45E52B89012BA0
:10B97C003FF6F4AE0D9B03F0FF0B002B3FF4C4A875
:10B98C0095F8D93023F0420385F8D930FFF7C2B8C7
:10B99C004FF01D08FDF7B7B86A49092010F096FB67
:10B9AC002AE59DF8AC3043F001038DF8AC30089BD0
:10B9BC00002B40F07D87644C0E99204605F05EF814
:10B9CC00604B94E8070083E80700FCF7B7FC13E52D
:10B9DC003288069B332A18BF052A03F0400300F077
:10B9EC00A887013A022A40F2A487002B7FF49DA974
:10B9FC00069B43F020030693FFF797B9002A3FF408
:10BA0C0097AC013A043B043C0439D040C0077FF5A5
:10BA1C008CACD1ED2B7A93ED117AB4EE677AF1EE12
:10BA2C0010FA3FF482AC4FF0010CC3ED117A002AEE
:10BA3C003FF47EACFFF7BFBB0B9BDB685B6883ED11
:10BA4C00007A09F0F9FE149A0B9B5206D8687FF520
:10BA5C00C1AD19789FED370A11F002FFD5F8883087
:10BA6C000B9A9360FFF7B0B9D1ED207A91ED346A5F
:10BA7C0077EEC77AD1ED116A77EEC67A77EEE67A71
:10BA8C00C2ED2E7AFFF721B895F8D93023F0420396
:10BA9C0085F8D930D5F8D810002940F0768726AB38
:10BAAC00282218460E931FF04FF896F893309DF805
:10BABC00AD208DF8B230B38DADF8B030234B93F888
:10BACC009930B3FA83F35B0963F3410263F38202A7
:10BADC008DF8AD20FEF7B2BD0A2B7FF48DAC95F836
:10BAEC00D430022B02D0142B7FF486AC164C95F874
:10BAFC00BC00214610F0EAFA327D95F8BC309A422F
:10BB0C007FF47AAC124B94E8070083E8070015F039
:10BB1C002DFF71E40A4BD3F82431002B3FF4A9AC70
:10BB2C009847A6E4440F01205810012034E300206C
:10BB3C00F01A0120000000006C9700207497002080
:10BB4C00E004012008100120500F012048090120B9
:10BB5C00980F01208A4F542B39682F9100F2AE8632
:10BB6C00542B56D8DFE813F0AF08A708300930097A
:10BB7C0055007E08550055005500550055005500E0
:10BB8C005500550055005500550055005500550001
:10BB9C0055005500550055005500550055005500F1
:10BBAC00550055005500550055000C095500550021
:10BBBC0055005500550055005500550055005500D1
:10BBCC005500550055005500550055005500D60838
:10BBDC0055005500550055005500550055005500B1
:10BBEC0055005500550055005500550055005500A1
:10BBFC0055005500550055005500390855005500A5
:10BC0C0016085500550055005500390839083908F3
:10BC1C00390800202F9A079B3A605A78002A7FF443
:10BC2C00FBAB002800F06B8601287FF4F5AB55497F
:10BC3C00554815F0BDFEFFF7EFBBD5ED187A002186
:10BC4C000E93FCEEE77A0846B0EE678A02F02AFF04
:10BC5C0018EE103A8342BFF417AE95F8D420002AA0
:10BC6C007FF412AED5ED187A85F8DC20FCEEE77A7D
:10BC7C000E9B17EE902A85F8DD206EE4ABF1560C86
:10BC8C004FF00003DCF1000141EB0C0161F3070301
:10BC9C0061F30F23A6F8683095F8DA30DA0740F133
:10BCAC00A982D5ED1F6AF5EEC06AF1EE10FA3EF5E9
:10BCBC009BAA23F00103C6ED186A85F8DA3037EE3B
:10BCCC00677A86ED177AC1073FF5E6ABD5F8D82031
:10BCDC004FF0000B2D4B1340C5F8D830FEF71ABFB0
:10BCEC004D4618EE109AFEF764BC0024FFF7D8B945
:10BCFC0095ED1F0A05F0E0FDFFF7B5B909F09CFDC5
:10BD0C00FFF797B9084608F001FEFFF787B92048FE
:10BD1C0003222049013A23FA02FC1CF0010F03D143
:10BD2C00D0F880C0C1F8B8C004380439002AF1D169
:10BD3C00FEF73FBCDAF82C31002B7FF469A8DFF852
:10BD4C0058B01698FCF7E8FADBF8D03063B10B9AD0
:10BD5C001278179298470B9A1378179A934203D03C
:10BD6C0047F4802785F85830DBF8D43013B1D6F877
:10BD7C00D4009847802015F0C5FEFFF749B800BFE6
:10BD8C00AC120120D409012008100120FFBDE7FFEF
:10BD9C00900F0120A00E0120E00401203333CB4191
:10BDAC00069810F0020E1CD0B378012B00F04285DF
:10BDBC0095F8DA305A0740F121829DF82830129A12
:10BDCC00D340DB0740F11A82109B002206EB830361
:10BDDC0032661A65119B06EB83031A650123A6F8DC
:10BDEC00683095F8D930D90600F13985012385F8EA
:10BDFC00D43095F8DA305A0718D5EB7AB7EE007ACA
:10BE0C00D5ED217A002B5FED1B6A2B7B07FE267A82
:10BE1C0027EE877A002B00F01185129B06EB83032B
:10BE2C00D3ED1E7A77EE277AC6ED197A9DF8283075
:10BE3C000321CDF81C80B8462E4A0746DFF8B8C05F
:10BE4C001846013996ED197A20FA01F3DB070DD566
:10BE5C00129BDCED2B7A8B42C2ED167A00F0168524
:10BE6C00D2ED206A77EEE67AC2ED167A043AACF19E
:10BE7C00040C0029E5D1129B38464746DDF81C809E
:10BE8C0006EB8303D3ED147AF4EEC77AF1EE10FAD5
:10BE9C0000F3B881D5F8D83023F48223C5F8D83014
:10BEAC00ABF14903102B3FF60EAF01A252F823F071
:10BEBC00C95F0000F7590000F7590000F75900005E
:10BECC00F7590000F7590000F7590000F759000026
:10BEDC00B15F00003D5F0000C95F00003D5F0000E6
:10BEEC00B15F0000AD590000F7590000F759000090
:10BEFC00AD590000900F0120A00E01200B9BD3F830
:10BF0C000CC0DCF83C30002B3CF443AFAB7B012B7A
:10BF1C0040F0EC839DF828109DF8283011F0FA0FB2
:10BF2C0040F0338595F8DA10079111F004010E9169
:10BF3C0009D0F7EE007A95ED217AB4EEE77AF1EEBE
:10BF4C0010FA3FF5A1AC5A0740F15881D5F8D8202A
:10BF5C00B5491140002900F05181D5ED1F5AF5EE7D
:10BF6C00C05AF1EE10FA3EF53FA9D5ED1B6AF5EE7D
:10BF7C00C06AF1EE10FA3EF537A995ED1C6AB5EEE4
:10BF8C00C06AF1EE10FA3EF52FA995ED1A7AB5EECE
:10BF9C00407AF1EE10FA3FF477ACF5EE406AF1EE30
:10BFAC0010FA3FF471ACF4EEC66AF1EE10FABFF67B
:10BFBC006BAC95F8D91011F01002149205D095F8CD
:10BFCC00D4E0BEF1030F3FF65FAC0B9A9CED055A23
:10BFDC00D2ED027AF4EEC57AF1EE10FA00F1838517
:10BFEC009CED065AF4EEC57AF1EE10FA00F37B855F
:10BFFC000D9A4C2A40F043828C4AB5EEC07AD5EDAE
:10C00C002B7AC2ED005AC2ED017AF1EE10FA00F172
:10C01C0033824FF07E5CB0EEC77AC2F824C095F83C
:10C02C000BC0C2ED036A82ED046A82ED027ABCF1A8
:10C03C00000F0DD09FED7E5A27EE057A66EE856ACD
:10C04C0026EE056A82ED027AC2ED036A82ED046A7D
:10C05C0095F80DC0BCF1000F13D0B6EE005A92ED5E
:10C06C00026AD2ED036A92ED047A26EE056A66EE58
:10C07C00856A27EE057A82ED026AC2ED036A82EDCB
:10C08C00047A042B35D0D6ED326A95ED046A96ED20
:10C09C000F5A36EE266A96ED207AD5ED296A37EEE0
:10C0AC00C77ACDED167A36EE056A0D92CDED195A9A
:10C0BC0027EE070A76EEC66AB0EEC77AA6EEA60A97
:10C0CC00C2ED066A85ED1F7A8DED157ACDE9170163
:10C0DC0019F0A6FEDDED195A9DED157A65EE805A24
:10C0EC000D9ADDED167AC5EE876ADDE91701C2ED12
:10C0FC00006A0B0702D5D5F8CC309362149B1BB1A8
:10C10C0095F8D43082F82C30CB0701D52B6ED36147
:10C11C0092ED077AB5EEC07AF1EE10FA54D992F896
:10C12C002C30002B50D096ED206AF6EE006A77EE9C
:10C13C00C67AF0EEE77A67EEA67AB4EEE77AF1EE1D
:10C14C0010FA3FF7A1AB0E9B13B1D5F884305361B5
:10C15C00079B990702D5D5F880301362069B354AA8
:10C16C0043F020030693D5F8D8301A40C5F8D820F0
:10C17C0000287FF415AE069BDB077FF5A7ADFFF714
:10C18C008BB90B9BDB68DB6B002B3CF402AED5ED63
:10C19C001D7AF5EE407AF1EE10FA3FF475AB069B82
:10C1AC0043F020030693E3E795F85830D90707D5F9
:10C1BC00D5ED227AF5EE407AF1EE10FA7FF49EAAD4
:10C1CC004FF02908FCF79FBC0023D361002382F8B1
:10C1DC002C30B8E7BBF1330F00F00481ABF18C03CA
:10C1EC00032BC8D8ABF18D03022B29D8DFE803F061
:10C1FC0024282400BEF1000F3FF461AD4FF01C0861
:10C20C00FCF781BC4FF03608FCF77DBCBBF1540F3A
:10C21C007FF442AD0B9BDB689B7A59077CF5B9AD7B
:10C22C00002386F8683037E570000100F423012004
:10C23C003333CB418FE6F8FF069B43F01003069394
:10C24C00ABF18E01012940F2CB80069BC3F3C003F6
:10C25C00069A63F3C3029DF828309346ADF8182074
:10C26C00002B00F044840C228C498D481EF098FB66
:10C27C00002800F0B1801BF0010F7FF40DA925E51B
:10C28C0037EE677ABBF1550F86ED177A7FF41BAD4D
:10C29C00002386F8683016E595F8DA309A0740F1F5
:10C2AC00E680D5ED207AF5EEC07AF1EE10FA7DF647
:10C2BC009BAF23F00203B7EE007ADFED7A6A85F8C4
:10C2CC00DA30EB7A002B07FE267A67EE877AC6ED1A
:10C2DC00177A4FF07A533366C3073FF5DDA8F5E4C0
:10C2EC00079B1A4200F0FA8195F8D83023F07003BE
:10C2FC0085F8D830EB7A8BB1DFED6A6A03236A4A92
:10C30C00013B0799D940C90705D592ED1C7A27EE58
:10C31C00267A82ED1C7A043A002BF1D1BBF1000F86
:10C32C0013D0614A03236149013B0798D840C007E9
:10C33C0007D592ED1C7AD1ED056A27EE267A82EDAF
:10C34C001C7A043A0439002BEED1119B05EB8303C4
:10C35C0093ED1A7A109B77EEC77A8DED0D7A05EB7B
:10C36C008303D3ED1A6A67EEA77A36EE666ACDEDD3
:10C37C00076AE6EE067AB0EE670A19F051FD9DEDFC
:10C38C000D7ADDED076AB0EE408A27EE077AA6EE4D
:10C39C00A67AB0EE470A19F043FD78EE407A9FED8D
:10C3AC00447A85ED210AF0EEE77AF4EEC77AF1EEE5
:10C3BC0010FA7FF7E0AEB6EE007AF4EEC77AF1EE43
:10C3CC0010FA09DC9FED3B7A20EE070AB4EEE70A7F
:10C3DC00F1EE10FA7FF5CFAE4FF02108FCF793BBCE
:10C3EC00012335E7AB7B002B40F080819DF8283092
:10C3FC00032B00F27B82D5F8D83003F03003302BBE
:10C40C007FF4FCAED5ED1A7AF5EE407AF1EE10FA27
:10C41C003FF43AAAEB7A5BB1DFED226A95ED1B7A19
:10C42C0067EEA67A27EE267AC5ED1A7A85ED1B7A89
:10C43C0096F82F3083B11D4B95ED1A7AD5ED1B7AFA
:10C44C0093ED036AD3ED046A27EE067A67EEA67ABB
:10C45C0085ED1A7AC5ED1B7A95F8D83023F03003A8
:10C46C0085F8D830069BD8073FF516A82EE4BEF108
:10C47C00000F3FF42EAFC1E6DFF840C0CBE50E4A0B
:10C48C004FF07E5C42F804CC4FF0000CC2E900CCBB
:10C49C00C2E902CCC2E904CC183AAEE5440F012043
:10C4AC00081001203333CB41A00E0120FCFD0020ED
:10C4BC000AD7A33B6F12833A0C240120000080BFE3
:10C4CC00069B43F0040306939DF82830002B00F0E4
:10C4DC000E830121109A119801FA02F201FA00F070
:10C4EC000243134200F0FE8095F8DA30D80700F1D1
:10C4FC00D480C5F8E8101099119805EB810396F8D3
:10C50C002FB093ED296A06EB8103D3ED1E7A05EB70
:10C51C00800336EE676AD3ED297A06EB800393ED40
:10C52C001E7A77EEC77ABBF1000F18D0D04B03EB15
:10C53C00810103EB800391ED037AD3ED036A27EEBF
:10C54C00267AB5EEC07AF1EE10FA08D5BDF81810BF
:10C55C00C1F3800383F0010363F38201069195F824
:10C56C00DA3059077FF5BCAE23F00403CDED0D7A1C
:10C57C008DED076A0C22BF49BF4885F8DA301EF0F2
:10C58C000FFA9DED076ADDED0D7A00283FF424AF1C
:10C59C00EB7A3BB195ED217ADFEDB86A27EE267A7E
:10C5AC0085ED217ABBF1000F16D0B14B109AD5ED69
:10C5BC00215A03EB820292ED037A119A03EB820368
:10C5CC00D3ED036AB4EEE67AF1EE10FA37FE267A72
:10C5DC0027EE257A85ED217AB1EE007AD5ED216A28
:10C5EC0026EE065A67EEA75A26EE877AB0EE450A73
:10C5FC0096EE870A30EE650AB5EEC00AF1EE10FA37
:10C60C0068D4CDED0D6ACDED147A8DED156ACDEDB6
:10C61C00075A8DED0E5A19F003FCDDED075AB0EEFA
:10C62C00408A9DED0E5A35EE250A19F0F9FBF1EE14
:10C63C00485ADDED0D6A2B8985EE807ADDED147A92
:10C64C00032B9DED156AF5EEC06A08BFB1EE477A73
:10C65C00F1EE10FA05D5F1EE666AB1EE477AC5ED4A
:10C66C00216AF0EE466A109B05EB8303E7EE676ADE
:10C67C00E7EE067AB6EE006A26EE867A67EE867AE2
:10C68C0083ED1A7A119B05EB8303C3ED1A7A069B93
:10C69C00D8073EF501AFFFF719BB95ED1F0A0D92B8
:10C6AC0006F0C2FE00283DF472AAD5ED1F7AF6EE14
:10C6BC00E77AFCEEE77A17EE903AC5ED3A7A002B62
:10C6CC003FF4E2A895F8DA3023F0010385F8DA306C
:10C6DC000D9A10E74FF02208FCF715BA4FF023081B
:10C6EC00FCF711BA4FF02008FCF70DBA4FF02A08EE
:10C6FC00FCF709BA4FF05308FCF705BA23F008030E
:10C70C005F4A95F8210093705E4B7076B3F8A410D5
:10C71C00FBF78CFAFEF7F7BCAB7B002BE6D19DF850
:10C72C002830032B00F2E280D5F8D83003F44032E5
:10C73C00B2F5403F7FF462AD069A920504D503F042
:10C74C003003302B7FF45AAD95F8D830D5ED1F6AF5
:10C75C0003F0300395ED206AEA7A002B5FD0002AB3
:10C76C0047D0D5ED1A7ADFED455A95ED1B7A67EE79
:10C77C00A57A96F82F3027EE257AC5ED1A7A85ED35
:10C78C001B7A63B13A4B93ED035AD3ED045A67EE1F
:10C79C00857A25EE877AC5ED1A7A85ED1B7ADFED61
:10C7AC00377A66EEA76A26EE276AC5ED1F6A85ED15
:10C7BC00206A96F82F3083B12D4B95ED1F7AD5ED6D
:10C7CC00207A93ED036AD3ED046A27EE067A67EEBE
:10C7DC00A67A85ED1F7AC5ED207AD5F8D8202A4B9C
:10C7EC001340C5F8D830EB6F7363D5F88030B36362
:10C7FC00C1E496F82F30002BEFD01D4B95ED1A6A43
:10C80C00D5ED1B7A93ED037AD3ED046A27EE067A05
:10C81C0067EEA67A85ED1A7AC5ED1B7ACDE7B1EEF7
:10C82C00667AF1EE467A85ED1A7AC5ED1B7A002A06
:10C83C00BFD0B4E74FF00308FCF765B9129A05EBCB
:10C84C008203D3ED047A06EB8203D3ED326A77EEE2
:10C85C00A67AD3ED0F6A77EEA67AFFF7E3BA95F8CE
:10C86C00D430002B7FF4C5AA4FF01308FCF74BB95A
:10C87C00FCFD0020440F0120081001203333CB4174
:10C88C006C0C0120F01A0120CFFFFCFF2B7B002B3E
:10C89C003FF4ECAAD2ED206A77EEE67A77EE877A4F
:10C8AC00C2ED167AFFF7E2BA0024A046FCF72BB9CA
:10C8BC000E99AE4804F0E2F8FFF77DB88C3B032BE1
:10C8CC0018D8AB4B9DF8AC0093F82031BDF818206C
:10C8DC00C3F300130E9983F0010363F304108DF876
:10C8EC00AC00A24805F000F8FFF794B94FF0180817
:10C8FC00FCF709B9079B5B78002B7EF48DAD9B4A46
:10C90C009C4B07CA83E80700FEF786BD4FF0300842
:10C91C00FCF7F9B8069B43F080030693FEF705BAC3
:10C92C00002A3EF405AD043B043C0439013AFEF701
:10C93C007DBC002B7FF45CA8FEF7F7B9D0ED207A14
:10C94C0090ED046AD0ED346A77EEC67A9CED2B7AC2
:10C95C0077EEE67A77EEC77AC1ED027AFEF767B822
:10C96C00159326AB082019460E930FF0E1FB159B8F
:10C97C0000287EF435A8FDF7A9BFCA40D2077EF582
:10C98C0090A84FF03808FCF7BEB84FF02408FCF71D
:10C99C00BAB81E2B03D1159B002B40F09D800122B1
:10C9AC0000233280327D85F8383086F88C30B371B4
:10C9BC003371B370002A40F08980B38DB26A6FF383
:10C9CC000803B3850023737632B1B38352683362A4
:10C9DC00117A63F304111172654C94F81C1194F8DC
:10C9EC002C318D0703F001024ED50B996420C968D8
:10C9FC004968C86052B103F0060396F82D20981FC1
:10CA0C004342434163F3820286F82D206423079A44
:10CA1C00C2E90433B38DD3830D9B022B18D0564936
:10CA2C00307D0FF085FB00283DF450AF94F81D319C
:10CA3C009C0739D514F09AFF11F0C8F8DAF8743065
:10CA4C00707E9847102015F05DF8202015F05AF8EC
:10CA5C00DFF83CB1DBF84C302BB10D9A901E414203
:10CA6C004141307E9847454B1C6802E0A4681BF09E
:10CA7C000BFA2046002CF9D106F00EFADBF80C303C
:10CA8C0008209847FEF7F5BC52B103F006039A1F35
:10CA9C005342534196F82D2063F3820286F82D20E1
:10CAAC00B38D079AD383B7E70B2023A90FF040FB74
:10CABC000028BFD023A80C2231491DF071FF00289B
:10CACC00B8D02F490B200FF001FBB3E74FF40070E7
:10CADC00337515F017F870E7DAF8E831002B3FF4EE
:10CAEC005EAF98475BE74FF02C08FCF70CB84FF0A3
:10CAFC001A08FCF708B8802015F004F8FEF792B974
:10CB0C004FF05208FBF7FFBF23F010031D4ADBE97F
:10CB1C001401937007F0FAFEFEF7F0BA23F001034C
:10CB2C00184A537014F022FF4FF4806014F0EAFF9F
:10CB3C00EA7B154BDBF83C00DBF84010F271DBF8BC
:10CB4C00442007C3FEF7D5BA1E9301234FF480612E
:10CB5C000E4886F89030DAF84030984708F012FB0F
:10CB6C00FEF7BBB92EA9FEF786B900BF440F012012
:10CB7C00F01A012008100120980F0120AC1201209E
:10CB8C00581001206C0C0120CC0F012084090120CD
:10CB9C00E0040120DFF820B308F04EFE079B9BED6C
:10CBAC00000A0E9893F81F90DC8BFBF709FA0346EA
:10CBBC00002840F006810E98C9F340035A46B94943
:10CBCC0004F0C6FC204604F0E3FF2F9B3B60079B60
:10CBDC005B78002B7EF420AC91E6542B00F0358171
:10CBEC000024A146069408940594109B0E9A8DF887
:10CBFC008430119B8DF88530129B8DF88630219BEB
:10CC0C00ADF800301B0C8DF80230A74B0293283383
:10CC1C0095F8D4100191D5F888103088299196F8A0
:10CC2C002E1086F86A10A14904F03EFB3388542B71
:10CC3C00CBD186F82C40002C00F0FB80079B059A8A
:10CC4C001A61069A96F82D3062F3410369F30003DA
:10CC5C0086F82D30B9F1000F00F0E580B08D04F0AE
:10CC6C0097FFB2E796ED1E6A95ED1A4AD6ED1F6A4C
:10CC7C00D5ED1B4A36EE046A95ED297A96ED0D5AE0
:10CC8C0076EEA46AD5ED2A7AD6ED0E5A37EE057AF1
:10CC9C000E9977EEA57A8DED216ACDED226A8DED98
:10CCAC00237A23AB7F4A8148009321ABCDED247AC4
:10CCBC0004F0AAF989E7B378022B0FD00E997B48C0
:10CCCC0003F0DCFE81E79DF8AC300E9943F00103D4
:10CCDC0076488DF8AC3003F0D1FE76E79DF8AC3099
:10CCEC0043F040038DF8AC30714B1B7E022B0AD104
:10CCFC0095ED2B7AD6ED207AB4EE677AF1EE10FA38
:10CD0C0014BF012200229DF89C3062F3C7138DF8EA
:10CD1C009C30D3E796ED1E3AF0EE085A95ED1A6A60
:10CD2C00D6ED1F3A33EE067AD5ED1B6A95ED294AFE
:10CD3C0036EE066A73EEA67AD5ED2A4A37EE447AB9
:10CD4C000E9976EEA66A77EEE47A37EE077A86EEDF
:10CD5C00255A77EEA77A86EEA56AC7EE256A87EE86
:10CD6C00A57A75EE035A76EE237ACDED215ACDEDE8
:10CD7C00227A76EE846ACDED236A77EE247A90E7F8
:10CD8C0008F05AFDDDF83890079B95ED1D0A4846D2
:10CD9C00DC8BFBF715F9034698B99DF89C30494696
:10CDAC00424843F080038DF89C309DF8B13043F03D
:10CDBC0002038DF8B13003F061FE204604F0E8FE6A
:10CDCC0003E79846FBF79FBEB378022B0BD19DF877
:10CDDC009C3043F080038DF89C309DF8AC3043F0D0
:10CDEC0040038DF8AC30149AD5F8E8305207109AFD
:10CDFC0095ED210A8DF8842048BF5B42119A01936E
:10CE0C008DF88520129A0E998DF88620219B254A43
:10CE1C00ADF800301B0C8DF80230264B03F13C00B2
:10CE2C0003F0EAFED1E6079B0598596907F06EFD01
:10CE3C0014E721462A9810F0F7FC00287FF4FEAE88
:10CE4C0008992A9810F064FCF8E62A9B6420079A4B
:10CE5C005B6896F82C40DB685169089396F82D3086
:10CE6C00B6F82CB003F00109C3F340030693136921
:10CE7C00059307F04BFD44F0010363F3070BCBF371
:10CE8C00072343F0030363F30F2B584604F080FE93
:10CE9C00ABE6002A3EF44CAA043B043C0439FEF7F2
:10CEAC008AB900BF08100120E00F0120440F0120B7
:10CEBC00F01A0120080F0120F4230120704700BF55
:10CECC0000207047054B00B5DB6D83B09847C0F36D
:10CEDC000743C0B240EA032003B000BD080601209E
:10CEEC00024A034BD2F8C0001B6818470806012001
:10CEFC00E0040120094A0346126800B583B012B160
:10CF0C0001939047019BDBB2054AA3F10703B3FAE7
:10CF1C0083F35B0982F8843003B000BDC02001208C
:10CF2C0048090120074B70B51B6805460C4698470D
:10CF3C00054BDB6E23B121462846BDE870401847EF
:10CF4C0070BD00BF7C100120E0040120034B93F85E
:10CF5C000A02400800F00200704700BF08060120DA
:10CF6C002DE9F843374F3B68002B67D0364B374ED3
:10CF7C0093F88330CBB1336D98473C68F36C002C3D
:10CF8C005ED000253D609847314F01E0904764B179
:10CF9C0023463968D4E90120E4685D60DD6000292E
:10CFAC00F4D13B609047002CF2D1D6F8E031984791
:10CFBC00284B80461A6882423ED0274D274A2C685F
:10CFCC001768BC4238D0186037B1D7E901309847A0
:10CFDC00FF68002FF9D12C68002C2DD00027DFF82A
:10CFEC0070900BE0F36C9847D9F80020E760D4E917
:10CFFC0001306760D2B198472C68ECB12368A3EB81
:10D00C000803002B18DC336D98472B68A3420AD019
:10D01C00002BE7D01A46DB68002BE3D0A342F9D1F2
:10D02C00E368D360DEE7E3682B60DBE7C9F8004018
:10D03C0098472C68002CE1D1BDE8F883034EB4E787
:10D04C009847B2E7901001204809012008060120FA
:10D05C009C100120A4100120341201205821012021
:10D06C0008B50DF0EFF9024B0022C3F8242108BDDE
:10D07C00E004012000B585B0FAF70CFF0C4B0290D0
:10D08C00DB6D98479DF80A309DF80B109DF808C091
:10D09C0003EA10439DF8092001EA106102EA10220C
:10D0AC0000EA0C000B43104340EA032005B000BD1E
:10D0BC0008060120144B30B51D788BB0DFF850E01A
:10D0CC0085F0FF05EC461D70BEE80F00ACE80F00C4
:10D0DC009EE80F00ACE8070028468CF8003005F0FD
:10D0EC00F5FF054668461FF013FB294668441EF001
:10D0FC0017F9064A03460021128868461A800AF07E
:10D10C0065FC0BB030BD00BF58F30020A497002085
:10D11C0084970020F8B50E4B0E4F0F48D3F8C03053
:10D12C0098473C689CB10D4E002502E090473C604E
:10D13C006CB123463168D4E90120E4685D60DD60A0
:10D14C000029F3D1336090473C60002CF1D1F8BD3D
:10D15C000806012054120120A89700209C100120E1
:10D16C004AB1064A92F82121920704D5044A18467E
:10D17C00D2F81C3118470020704700BFF01A01206C
:10D18C0008060120074B93F81E21D20604D502692C
:10D19C00D3F8A0118A4200D17047C3F8A0210EF039
:10D1AC0067BB00BFF01A0120704700BFF0B5214CDF
:10D1BC00054683B00E46236D1746984715B31E4B94
:10D1CC001A6822B300211960D4F8E0310192984713
:10D1DC00019A002338445560184DD3602B681060B9
:10D1EC00966023B31968411A002904DC1EE0196803
:10D1FC00411A002903DB1D46DB68002BF7D1D360F5
:10D20C00EA600125E36C9847284603B0F0BD0C4A50
:10D21C0028231146D1F87402013B103918B1002BA8
:10D22C00F8D11D46EEE702EB0312CDE7D3602A607E
:10D23C00E7E700BF080601209C10012034120120F2
:10D24C00742101200E4808B50389C3F340219B05C6
:10D25C000CD50C4B01213C301B6C98470A4B002120
:10D26C000A489A8ABDE80840FFF7A0BF064B9A8A85
:10D27C0002B908BD0648BDE80840FFF797BF00BFDC
:10D28C004809012008060120F01A0120756F0000E2
:10D29C00C56F0000054B00211B899B05044B4CBF3F
:10D2AC00044805489A8AFFF781BF00BF480901204E
:10D2BC00F01A0120756F0000C56F0000C30700D481
:10D2CC007047322200210148FFF770BF456E000005
:10D2DC0030B51B4C83B0236DCDE900109847DFF8B7
:10D2EC0068C0DCF8003013B30022DDE9001002E066
:10D2FC001A46D368DBB15D688542F9D169B19D6886
:10D30C008D420AD0DA6892B155688542F1D19E46B9
:10D31C0013469D6872468D42F4D1D96862B1D160D2
:10D32C000849002208685A60DA6000B90B60E36CA7
:10D33C0003B0BDE830401847CCF80010F0E700BF50
:10D34C00080601209C1001203412012010B504465F
:10D35C00E30706D40A4B1B6883B12046BDE8104096
:10D36C00184700210748FFF7B3FFC82200210548E2
:10D37C00FFF71CFF024B1B68002BEED110BD00BF4A
:10D38C0068120120116C000010B5184C82B0236D8E
:10D39C00CDE900109847DFF85CE0DEF80030D3B13F
:10D3AC004FF0000CDDE9001003E0DA689C461346F0
:10D3BC008AB15A688242F8D19A688A42F5D1DA6801
:10D3CC00BCF1000F0ED0CCF80C20094900220868E3
:10D3DC005A60DA6020B1E36C02B0BDE81040184727
:10D3EC000B60F8E7CEF80020EFE700BF080601203D
:10D3FC009C1001205821012030B51C4C83B00D46E7
:10D40C00236D01909847019838B3194B1A689AB15B
:10D41C000021196000231749D3600B68C2E901058C
:10D42C000BB31946DB68002BFBD1CA600125E36CFA
:10D43C009847284603B030BD0F4928230A46D2F836
:10D44C0074C2013B103ABCF1000F03D0002BF6D193
:10D45C001D46ECE701EB0312DCE70546E36C98474D
:10D46C00284603B030BD0A60E0E700BF0806012083
:10D47C009C1001209010012074210120224B70B5CA
:10D48C0093F8814082B014B3204D0E4601902B6D61
:10D49C0098470198A8B11E4B1A68EAB1002119608F
:10D4AC0000231C495060C2E902630B682BB3194678
:10D4BC00DB68002BFBD1CA60EB6C9847204602B0AE
:10D4CC0070BD0446EB6C9847204602B070BD02B0AC
:10D4DC00BDE87040FFF790BF0F4928230A46D2F8E9
:10D4EC0074C2013B103ABCF1000F03D0002BF6D1F3
:10D4FC001C46E1E701EB0312D2E7EB6C0A6098479C
:10D50C00204602B070BD00BF48090120080601206A
:10D51C009C10012054120120742101202DE9F047A8
:10D52C00B84C84B0DFF84C839C22002120461DF0BF
:10D53C000BFB4FF420720021B3481DF005FB4FF498
:10D54C009472002140461DF0FFFAB04BB04D002103
:10D55C00C8F818314FF40872AE4BAF4FC8F81C31F5
:10D56C00AE4BAF4EC8F85C30AE4BC8F86430AE4B27
:10D57C00C8F87830AD4BC8F87C30AD4BC8E91455C1
:10D58C00AC4DC8F88030AC4B2846C8F8D4301DF0F0
:10D59C00DBFAAA4B0A226B654FF480632A60C5F84C
:10D5AC00B0310123A64A85F81A32C5F8A8214FF0EC
:10D5BC008042A44BEA612B67A34AA44B2A66C5F8A8
:10D5CC0004324FF6FF73A24AA5F812320123C5F8B4
:10D5DC009C20A04A84F88130C5F83021C5E9136637
:10D5EC0003F0BEF900260FF04FFB0CF02BFF21F0DF
:10D5FC00C7FD3B7860F300033B7006F075FB06F04B
:10D60C00BBFB0FF04BFB95F80822397802F0600356
:10D61C0042F0600221F01801C4F89460A3F1600399
:10D62C0085F80822C2F3400284F88560B3FA83F3CC
:10D63C005B09DB0043EA0213D5F88C2003F01803D6
:10D64C000B43FF2B3B70844B1A60844BC5F88C301A
:10D65C000CBF01233346C4E9236684F882300FD112
:10D66C007F4BD5F80C21C5F80C317E4B7E481A60E7
:10D67C00AB6B98473B7884F8826060F341033B7056
:10D68C00794E0DF10E0196F8A8000FF05FFF814660
:10D69C00002800F0B7810DF10F0196F8A9000FF0EA
:10D6AC0055FF18B996F8A83086F8A9309DF90E00E8
:10D6BC000FF094FF3B78814660F382033B700028A7
:10D6CC0000F08A8100200FF061FFC36A2BB1006B60
:10D6DC00B0F1000918BF4FF001093B7869F38203E0
:10D6EC003B7095F8093213F0040305D196F89C2190
:10D6FC0063F3410286F89C213B78FF2B06D0102364
:10D70C0000215A4884F88030FFF7B8FED5F88C30E9
:10D71C00012196F80801984710F058FA6B6F4FF0FA
:10D72C0000009847D5F800320BB1514898474FF09C
:10D73C00070003F047F994F88030103B18BF012321
:10D74C0084F883306B6E002B00F0198196F88F31C2
:10D75C00DF0700F11481B28A002A40F0198195F894
:10D76C00093213F00C0F0DD0C3F38001C3F3C003C7
:10D77C0040F28A2041F0040141EA430101F0070123
:10D78C000FF052F895F8B63003F00C03042B00F0B0
:10D79C005581D8F8B430002B00F0428195F90A324B
:10D7AC00002BC0F221814FF000090CF04BFEE37806
:10D7BC00D4E9047A23B196F98E31002B80F2C28021
:10D7CC00442200210F481DF0BFF96FF0010294F8BC
:10D7DC0081306264002B40F0C28096F81E3100202C
:10D7EC0013F0400F08BF642713F0200F08BF4FF051
:10D7FC00640AC4E9047A0FF0BDFE002840F0B8803A
:10D80C003AE000BF480901207421012091E8000092
:10D81C00916C0000A1A0010058F30020ED6B0000FA
:10D82C000DD50000D5B3010049190000E91C00001A
:10D83C001D5D010008060120B56E0000F16B0000B3
:10D84C00916D000081B00100359D00009D9F01008D
:10D85C00418D01007D6C0000C0200120256C000072
:10D86C00556C00007C100120F01A0120E56D0000C1
:10D87C00D4090120E0040120B38A2189003B96F8E9
:10D88C002C2118BF012363F349212181D10705D530
:10D89C00E37FC2F3400262F38203E37706F084FB7A
:10D8AC00D5F8D430984796F81E01C0F34000FAF72B
:10D8BC0083FE96F82601AB6D4FF0000100F00100DD
:10D8CC00984706F01FFC11F001FD03F015F813F05A
:10D8DC0023FD06F0D9FF5F495F4814F069F8D5F8CD
:10D8EC00903013B100210846984795F80A325A0730
:10D8FC006CD5D8F80030D5F8C400984796F91D318E
:10D90C00002B5ADA95F80A32DB0707D594F88530E4
:10D91C00002B0CBF8020872007F0A2FF07F0A6FC8D
:10D92C000746002839D084F881900CF08BFDE37801
:10D93C00D4E9047A002B3FF443AF96F98E31002BD7
:10D94C00FFF63EAF8022002144481DF0FDF86FF039
:10D95C00010294F881306264002B3FF43EAF6427DF
:10D96C000020BA46C4E9047A0FF004FE002883D0E4
:10D97C0000200FF00BFE64224368DA607CE795F818
:10D98C0015327BBB364BB28A6B66002A3FF4E7AE8E
:10D99C0000213448FFF70AFCE1E6D5F8DC31C3B1CD
:10D9AC00984784F8817000287FF4FFAE019006F050
:10D9BC00CFF9019804B0BDE8F08710F075FCB0F514
:10D9CC00807F9FD1012010F075FC9BE714F0DAFEEC
:10D9DC008FE784F88130E8E60FF0E6FD0FF0FEFDEE
:10D9EC0081467AE6204BCEE795F91032002BBFF634
:10D9FC00DAAEEB6E984741B21C48C943C90FFFF72A
:10DA0C003DFDD0E60FF01AFD49460FF0EDFCE8B1F4
:10DA1C0090F9002043788DF80E2086F8A8303AE66D
:10DA2C0095F80B3298077FF5B9AED5F81C31002B61
:10DA3C003FF4B4AE0E4BC8F8B430AFE60D4BD5F88E
:10DA4C0004211A600C4BC5F80431A2E602460B23E4
:10DA5C00E1E700BFD409012008100120480901208A
:10DA6C00F56B0000756F0000A56D00004DE7000020
:10DA7C00916E0000681201207D7000002DE9F843C2
:10DA8C00DFF848914A4E99F883503368002D63D1E2
:10DA9C003BB348485A68DFF838818242D8F8001006
:10DAAC0000F08280DA6809B91946012500245C600F
:10DABC00DC6042B157681346874260D0D2685C6024
:10DACC00DC60002AF6D10DB1C8F800104FF0000E42
:10DADC0005E00DB1C8F80010BCF1000F01D0C6F87C
:10DAEC0000E0354C236833B158680021FFF7F0FB98
:10DAFC002368002BF8D1314C236833B158680021CE
:10DB0C00FFF742FC2368002BF8D13368FBB199F87E
:10DB1C00833023B92A4B93F8B62051072BD43468A1
:10DB2C000025DFF8AC8002E0904734607CB12346DE
:10DB3C00D8F80010D4E90120E4685D60DD600029AC
:10DB4C00F2D1C8F8003090473460002CEFD199F82E
:10DB5C0083302BB1BDE8F883002BE0D1BDE8F8830E
:10DB6C00174B93F8B620520705D4164D2C6D10F0B8
:10DB7C009BFBA047FAE7144AC3F80421F5E7964645
:10DB8C004FF0010C0024D368002BA2D05F688742B1
:10DB9C0008D0DF68D7605C60DC600029F3D11946DF
:10DBAC000125F0E71A46EEE71A46AC46EAE700BF55
:10DBBC005412012059170100341201205821012060
:10DBCC0008060120E0040120ED6F00004809012047
:10DBDC009C100120294B2DE9F04741EA40081C68B4
:10DBEC00274FDC238946054603FB087301EB410AEA
:10DBFC00134493F8C06002E0646A002C33D023789D
:10DC0C00AB42F9D1236A534459788E42F4D39B78B2
:10DC1C00711A4846B342C9B2EED3636998470028DB
:10DC2C00EAD0DC22236A447902FB0872036092F882
:10DC3C00BE10A1421AD90021427E09EB49090446C3
:10DC4C0061F386124B44427602795B781A440123C5
:10DC5C009340DC2202FB0877427FD7F8B0100B40D0
:10DC6C0063F3861242772046BDE8F08792F8BF1026
:10DC7C00A14234BF00210121DEE700BF6413012063
:10DC8C0008FA002030B5164C4FF0DC0E1D46DFF8BC
:10DC9C0054C0236841EA40040EFB04CC01EB410460
:10DCAC0094449CF8C0E001E05B6AC3B193F800C0F7
:10DCBC008445F9D11A6A02EB040C9CF801209645B4
:10DCCC00F2D39CF802C0F445EED3AEEB020E08463C
:10DCDC002A461B695FFA8EF1BDE83040184730BD0B
:10DCEC006413012008FA00202DE9F04F41EA4008A6
:10DCFC00594FDC2685B006FB0876D6F8B04016786E
:10DD0C0024FA06FB1BF0010B40F09E801446009396
:10DD1C00524B3246A2468146DC460E4601EB41058B
:10DD2C001C6805E0646A002C00F08A809AF80020D8
:10DD3C0023784B45F6D1236A2B4459789142F1D87C
:10DD4C009B78511A30469342C9B2EBD3636998471A
:10DD5C004FF0010C00287DD0437E5B06E2D53546A2
:10DD6C00DC2206469AF80000234654460CFA00F0D2
:10DD7C0002FB087CDCF8B01001439CF8C000CCF826
:10DD8C00B0109AF80010884208D0354802FB0802FF
:10DD9C0012F8010F0BF1010B8842F9D1DC2202FBC6
:10DDAC000870019090F8B40058452AD92C4902FB10
:10DDBC000812CDE9023802EB0B0ADDF804809AF860
:10DDCC0001305FFA8BF2FF2B0AF8013B10D0D8F828
:10DDDC0008304FEA8B000BEB4B012BB1BBF1090F59
:10DDEC0088BFA0F10A010B4429464846FFF74AFFB9
:10DDFC000BF1010B98F8B4305B45E0D82178DDE9E4
:10DE0C000238186A05EB450C009A844428460093A6
:10DE1C009CF80150491B1D69C9B2A847009B4FF0E3
:10DE2C00010C1B6A3360DC23217803FB087797F81D
:10DE3C00B430FA1882F8C0105A1E87F8B420237038
:10DE4C00604605B0BDE8F08F4FF0000C604605B0A1
:10DE5C00BDE8F08F844665E708FA002064130120C2
:10DE6C00C8FA00200D4B0E4A0344106893F89C111D
:10DE7C0001E0406A88B18368002BFAD00278002A4E
:10DE8C00F7D1026A92F804C06145F2D352798A4202
:10DE9C00EFD3A1EB0C00C0B21847704708FA002072
:10DEAC0064130120184B194A1844136890F8540352
:10DEBC0001E05B6A33B35A68002AFAD093F800C0C9
:10DECC00BCF1010FF5D100B5D3F820C09CF804E0EB
:10DEDC00704509D39CF805C0844505D3A0EB0E0012
:10DEEC005DF804EBC0B210475B6A53B15A68002A64
:10DEFC00FAD093F800C0BCF1010FE5D05B6A002B9F
:10DF0C00F4D100BD704700BF08FA00206413012053
:10DF1C0010B5DFF854C04FF0DC0E14464200114B24
:10DF2C000EFB02CC1B688C449CF8C0E001E05B6AE1
:10DF3C00ABB1DA68002AFAD093F800C08445F6D168
:10DF4C00196A91F801C0E645F1D389787145EED391
:10DF5C00AEEB0C002146C0B2BDE8104010474FF0AC
:10DF6C00FF3010BD6413012008FA002030B5144CAA
:10DF7C001546DFF850C00444DCF8003094F878E221
:10DF8C0001E05B6AD3B1DC69002CFAD093F800C0D5
:10DF9C00BCF1010FF5D11A6A92F801C0E645F0D335
:10DFAC0092787245EDD3AEEB0C0E2B460A46A44686
:10DFBC0001465FFA8EF0BDE830406047184630BD30
:10DFCC0008FA002064130120DFF814C0084611463B
:10DFDC001A46DCF8003000B55DF804EB184700BFBA
:10DFEC00EC1A0120A0F5B9702DE9F04F85B003288B
:10DFFC000FD8DFE810F0EB0091004F0012003A460A
:10E00C005046A14BC0F86C211B6813B14FF4B9708A
:10E01C009847002005B0BDE8F08F9C4D9C48D5F882
:10E02C004033D0F8784101EA0302A242F1D0002734
:10E03C005440DFF8608205F5557691468246ADF87E
:10E04C000C708DF80E7001E064080137E20703D400
:10E05C0064080137E307F7D5B5F95013FAB2D8F8CD
:10E06C006031701800E029B110F801CD01399445E8
:10E07C00F9D1CAB201210846984730B1036A23B1DD
:10E08C00427F12F0300100F02781640800F0F1802B
:10E09C000137DFE77D4D7E48D5F86C33D0F87441FD
:10E0AC0001EA0302A242B4D000270DF10C0E544039
:10E0BC00DFF8E081924605F555798346ADF80C7092
:10E0CC008DF80E70CDF804E001E064080137E0072C
:10E0DC0003D464080137E107F7D5B5F95013FAB248
:10E0EC00D8F8603109EB010000E029B110F801CD3E
:10E0FC0001399445F9D1CAB201210846984730B18B
:10E10C00036A23B1427F12F0300200F005816408EB
:10E11C0000F0C2800137DEE75C4D5D48D5F8643213
:10E12C00D0F870411940A14200F0958000264C4077
:10E13C00DFF8608105F51E790F468346ADF80C605B
:10E14C008DF80E6001E064080136E20703D4640820
:10E15C000136E307F7D5B5F97412F2B2D8F860318D
:10E16C0009EB010000E029B110F801CD013994450B
:10E17C00F9D1CAB200210120984718B3036A0BB336
:10E18C000122B2403A420CBF012202228DF80E202D
:10E19C00427F12F004010CD090F805C095F876126D
:10E1AC00614500F2848095F87712614534BF0021F7
:10E1BC000121C2F380028DF80C1003A98DF80D20FB
:10E1CC0000229847640844D00136C2E72F4D3048EE
:10E1DC00D5F89032D0F86C4101EA0302A2423FF428
:10E1EC0010AF00265440DFF8AC8005F51E791746B9
:10E1FC008246ADF80C608DF80E6001E064080136C3
:10E20C00E00703D464080136E107F7D5B5F97412B9
:10E21C00F2B2D8F8603109EB010000E029B110F836
:10E22C0001CD01399445F9D1CAB20021012098479A
:10E23C0050B1036A43B1417995F876C28C4503D845
:10E24C0095F877C28C4534D264083FF4D8AE0136C9
:10E25C00DAE7394658460C4BC0F870111B68002B96
:10E26C003FF4D7AE40F273109847002005B0BDE8DC
:10E27C00F08F054BCAF878911B68002B3FF4C9AEA0
:10E28C0040F275109847C4E67812012008FA002075
:10E29C00F01A012008060120304BCBF874A11B6842
:10E2AC00002B3FF4B6AE4FF4BA709847B1E600219C
:10E2BC007FE7027F03A9C2F3C1028DF80E20012271
:10E2CC00B2403A424FF0000214BF4FF0010C94469A
:10E2DC008DF80CC09847B7E712F004020BD090F8F9
:10E2EC0005C095F85223624535D895F853236245FD
:10E2FC0034BF002201228DF80C20012203A9BA4060
:10E30C0012EA090F4FF0000214BF4FF0010C9446B3
:10E31C008DF80DC09847B8E690F805C095F852E313
:10E32C00E6453FF6F4AE95F853E3E645FFF4EFAE61
:10E33C00017FC1F380018DF80D100121B94011EA64
:10E34C000A0F019914BF4FF0010C4FF0000C8DF81F
:10E35C000CC09847DBE60A46CDE700BF78120120D7
:10E36C00964B1B682DE9F041064684B003B19847E3
:10E37C00934B93F8823013B904B0BDE8F081914C03
:10E38C004FF00008D6F87431D4F89002ADF808803C
:10E39C00ADF80C808DF80A808DF80E80D6E95B12F2
:10E3AC000140C6F86C11D4F890120A40C6F87021DE
:10E3BC00D4F86C231340C6F87431D6F87831D4F8FD
:10E3CC006C231340C6F87831D4F8BC31002B40D004
:10E3DC0094F87232002B3CD0013B7B4FDDB2B4F988
:10E3EC007432EAB27949D7F860C1194400E02BB114
:10E3FC0011F8010D013B9042F9D1DAB20021012054
:10E40C00E047034618B3026A944602B3427F407950
:10E41C00C2F3C0128DF8092094F87622824254D8A7
:10E42C0094F87722824250D30122D6F86C11AA407C
:10E43C000A421A7FC2F3C1028DF80A2014BF0122CE
:10E44C0000228DF808201846002202A9E047013D61
:10E45C00C5D2D4F898327BB394F84E3363B3013BF6
:10E46C00594FDDB2B4F95033EAB25949D7F860814B
:10E47C00194400E02BB111F8010D013B9042F9D188
:10E48C00DAB201210846C047A0B10123D0F82080A0
:10E49C00D4F86C13AB40B8F1000F05D00B4203D08D
:10E4AC00427F12F0300265D021EA03014FF4BA70BA
:10E4BC000EF0BAF9013DD5D2464B1B68002B3FF448
:10E4CC005BAF984704B0BDE8F0811A288DF808803E
:10E4DC001FD01C283FD00E282DD00D28B3D8019367
:10E4EC00F9F73EFD82B2019B002A62D0B6F89C106F
:10E4FC00B6F89E000A42196A8C4614BF012100210D
:10E50C0002420CBF012200228DF808108DF80A205F
:10E51C0099E731498DF8098091F8202191F8211162
:10E52C00C2F34002C1F3800182F001028DF80810A1
:10E53C008DF80A2087E7284A8DF8098092F8202167
:10E54C00C2F34001C2F300028DF8082081F00102F1
:10E55C008DF80A2077E7204A8DF8098092F820215F
:10E56C0082F0FF01C2F380128DF80820CA098DF8E1
:10E57C000A2068E7D6F8741119400BD090F805C042
:10E58C0094F85213614517D894F85313614534BF6E
:10E59C0000210121D6F878218DF80C1003A9134223
:10E5AC004FF0000214BF012313468DF80D30C04705
:10E5BC0080E71A6A944646E71146EBE77C12012085
:10E5CC004809012008FA00200806012080FC0020E0
:10E5DC005CFD002080120120F01A012000B58BB0E8
:10E5EC002422002101A81CF0AFFA242201A913480F
:10E5FC001CF0D6F948B1124A124BD2F86001C01A7D
:10E60C00B0FA80F040090BB000BD0D4BDFF834C000
:10E61C000D490E480E4AC3F864010120C3F8542179
:10E62C000C4AC3E9571CDFF834C00B49C3F850C17E
:10E63C00C3F85811C3F86C210BB000BD540701206E
:10E64C000806012005790000B5790000197A000050
:10E65C00957B00009D7C0000417C0000D57B000078
:10E66C000388B3F5BA7F0FD3A3F5BA73012B09D87E
:10E67C000C4BD3F8980230B1D3F86C03003818BFA8
:10E68C000120704700207047B3F5B97FFAD3054BD2
:10E69C00D3F8BC010028F6D0D3F89002003818BF8C
:10E6AC000120704708FA0020A0F5B970032823D880
:10E6BC00DFE800F01A120A02104A114BD2F8780166
:10E6CC00D3F84033184070470C4A0D4BD2F8740104
:10E6DC00D3F8403318407047084A094BD2F8700100
:10E6EC00D3F8643218407047044A054BD2F86C01D9
:10E6FC00D3F864321840704700207047F01A01209C
:10E70C0008FA002010B542EA410186461BB31E4AA6
:10E71C00DC2000FB0120B0F9BAC05FFA8CFC0CEBDA
:10E72C0003048EF801C0B0F9BC00844225DC184605
:10E73C000CF1FF3CDC23844403FB01238EF802C064
:10E74C005C68F4B1DC234FF6FF7C03FB0123A3F8D8
:10E75C00B6C0034605E04FF0FF0C18460A4A8EF887
:10E76C0001C04FF0DC0C0CFB0122B2F8BA100B44C8
:10E77C00A2F8BA308EF8000010BDA0EB0C00C0B2AD
:10E78C00D6E7C3F804E0DDE708FA00202DE9F04FE6
:10E79C0001294FEA410887B005461C46894648F0D6
:10E7AC00010A00F0C48013460022FFF7ABFF23469A
:10E7BC00B44C0122494694F84E61304484F84E0121
:10E7CC00E81CFFF79FFF94F84F31184484F84F0171
:10E7DC00AD48DC2303FB08F203FB0AF18418431851
:10E7EC00B4F9BA60B3F9BA309E42B8BF1E46002ED7
:10E7FC0000F09780A368002B00F0E88094F8C030FC
:10E80C00FF2B00F03B81A14B4FF0000B134413F88E
:10E81C00012F0BF1010BFF2AF9D1DC2202FB0A03B9
:10E82C0093F8C030FF2B00F02781984B002702FB98
:10E83C000A3313F8012F0137FF2AFAD1B9F1010F6E
:10E84C004FF000040CBF924B924B1A68DC23CDE9BD
:10E85C00017903FB0A01814603FB08038A600391DB
:10E86C0004939A602B782BB36B78A34222D8AB78A5
:10E87C00A3421FD3049901EB0B0383F8C040109BF8
:10E88C009BB16A788B68A21AD2B253B15FFA8BF043
:10E89C0000EB4001A0F10A0C8C44092888BF6146AA
:10E8AC000B4400210298109FB847172C0BF1010B59
:10E8BC0040F2B880EB7823B32B79A34221D86B7943
:10E8CC00A3421ED3039901980B1883F8C040109BE8
:10E8DC0093B12A798B68A21AD2B24BB1C0B200EBB9
:10E8EC004001A0F10A0C8C44092888BF61460B44F6
:10E8FC0001210298109FB847172C77D9019B01333F
:10E90C0001930134A642ADD2DC2303FB089803FB30
:10E91C000A90D8F8D820D0F8D830C8F8AC20C0F875
:10E92C00AC30301E18BF012007B0BDE8F08FA2BB81
:10E93C00FF2343705448B0F8723252491344A0F884
:10E94C0072322A7091F84C31134481F84C31002CFE
:10E95C0000F08480B0F94E33DBB22B711F19B0F983
:10E96C0050635A1EF31ADBB2B742C8BF1C46A31839
:10E97C006B71D0F89832002B77D04FF6FF73A0F85C
:10E98C004A33B0F84E332344A0F84E33EC7091F870
:10E99C004D31234481F84D311BE73B48B0F97232BD
:10E9AC00DBB26B709F18B0F97462591EF31ADBB2AC
:10E9BC00B742C8BF1A465318AB70D0F8BC31002B05
:10E9CC0057D04FF6FF73A0F86E32B4E7324BA3F179
:10E9DC0018041A440B440C44FF2103F8011DA342F4
:10E9EC0002F8011DF9D10027BB4627E7DC230120E3
:10E9FC0003FB0AF3A04009EB03010C33D1F8D82038
:10EA0C004B440243C1F8D8206CB3244918460593F3
:10EA1C001CF0DEF8204604F059FB014605981CF06A
:10EA2C00D7F86BE7DC23012003FB08F3A04009EBCC
:10EA3C0003010C33D1F8D8204B440243C1F8D82041
:10EA4C007CB11649184605931CF0C2F8204604F018
:10EA5C003DFB014605981CF0BBF82BE7FF232B71FF
:10EA6C008FE70F49EEE70E49D0E7EB1CC0F8983260
:10EA7C0083E7C0F8BC51A4E70027DFE64FF0000B9A
:10EA8C00CBE600BF0806012008FA0020C8FA0020D7
:10EA9C00803E0060843E0060E0FA0020DC9700209D
:10EAAC00D49700202DE9F047DFF86C80DC2541EA93
:10EABC00400905FB0985B5F9B8305A1C02D0D8B20B
:10EACC00BDE8F087DFF854A00024DAF86031A5F82F
:10EADC00B840F3B10F460646E2B239463046984785
:10EAEC0080B1437F5B0604D4B5F8B8300133A5F888
:10EAFC00B8300134DAF8603139463046E2B2984722
:10EB0C000028EED1DC2303FB098898F8B800BDE897
:10EB1C00F0871846BDE8F08708FA002008060120A7
:10EB2C002DE9F04F604F85B0D7F86441002C00F010
:10EB3C008E80012872D0002940F08F8097F84E41CA
:10EB4C0001949E46904641EA4003DC22DFF85C913A
:10EB5C000E4603FB02F20546029309EB020BDBF8AF
:10EB6C000430002B70D09BF8BAA0D7F86031BAF102
:10EB7C00000F69D0002B67D009F1C0015446CDF8C5
:10EB8C000CE08A18009298F800209246013C31461D
:10EB9C002846E4B222469847A0B190F81DC01CF05C
:10EBAC00400F0FD190F805E09BF8BE309E453AD34C
:10EBBC009BF8BF20724536D3AEEB030E5FFA8EFE88
:10EBCC00F24504D0002C3FD0D7F86031DEE71CF0C2
:10EBDC00400F824638D1039B424631462846D7F82F
:10EBEC006441A0479AF81D3060F386138AF81D30F3
:10EBFC0050B3029ADC23012D03FB02934FF6FF72F4
:10EC0C00A3F8B8203BD086BB97F84E31019A9342BB
:10EC1C001FD1019B013B87F84E311AE009BB97F8D5
:10EC2C004C4101948DE7BBF9BC30009A90F804E09C
:10EC3C001A4401E0002BC3D012F8011D013B7145B1
:10EC4C00F8D15FFA83FEBBE7FF2388F800304FF062
:10EC5C00000A504605B0BDE8F08F97F84F4101947B
:10EC6C006FE797F84D4101946BE797F84F31019A94
:10EC7C009342EED1019B013B87F84F31E9E74EB946
:10EC8C0097F84C31019A9342E3D1019B013B87F8F1
:10EC9C004C31DEE797F84D31019A9342D9D1019B63
:10ECAC00013B87F84D31D4E70806012008FA002013
:10ECBC004A4B2DE9F0431C6883B0002C44D0437FB1
:10ECCC0091460E4605461F46037FC3F3400802E0FB
:10ECDC00646A002C38D02B68226A9A42F8D1EB6A0D
:10ECEC0031462846002BF3D0984703460028EFD036
:10ECFC00C7F3C002216ADC2082F001042A7F2D793F
:10ED0C00C2F3400C02F0020248EA4404624404FBE1
:10ED1C0000F00A44012152782A44314D914005EB10
:10ED2C00000C4FF0FF32DCF8D870CCF8B6202A5C1F
:10ED3C0027EA0101022ACCF8D8101FD0032A08D0E8
:10ED4C00184603B0BDE8F0832346184603B0BDE86F
:10ED5C00F0838F2E3AD0902E06D1224890F81A22AA
:10ED6C0042F0010280F81A224FF4BA7001930DF0B0
:10ED7C005BFD019B184603B0BDE8F083B9F1000FB1
:10ED8C0007D01849B9F80000B1F810220243A1F8D5
:10ED9C0010221C2E03D8144AF240D20707D4304656
:10EDAC000193F9F7DDF8019B80B20028C8D0DC2272
:10EDBC004FF4B970019302FB0452D2F8D8100DF045
:10EDCC0033FD019B184603B0BDE8F083054890F86D
:10EDDC001A2242F0020280F81A22C5E764130120BD
:10EDEC0008FA00200806012000400014134AD2F84B
:10EDFC006001C8B1D2F86431D2F85801003BD2E9B5
:10EE0C0054C118BF01230A1E18BF0122BCF1000116
:10EE1C0018BF0121003843EA410318BF012043EA1F
:10EE2C00820343EAC000704701460346024643EAA8
:10EE3C00410343EA820343EAC000704708060120FD
:10EE4C002DE9F04FDC2441EA40084E4D83B004FB21
:10EE5C0008F805EB080466681EB11F46B4F9BA3011
:10EE6C001BB9002003B0BDE8F08F0193BB4692465E
:10EE7C000F4606469146FFF7B9FFC307F1D5C035DB
:10EE8C00BAF1000F40D0019B05EB0809DFF8F880C0
:10EE9C005D1EB4F9BC10EAB2D8F8603101EB090080
:10EEAC0000E029B110F801CD01399445F9D1CAB26D
:10EEBC0039463046984718B183693AEA030303D0C0
:10EECC00002DCED0013DE4E7437994F8BE20934267
:10EEDC000BD394F8BF10994207D39B1AD9B20C9A52
:10EEEC00D8470028ECD00120BCE7B4F9BC3001793C
:10EEFC0003EB090201E0002BF1D012F801CD013B2C
:10EF0C008C45F8D1D9B2EAE705EB080ADFF878802E
:10EF1C00B4F9BC305FFA89F2D8F8605103EB0A01FE
:10EF2C0000E02BB111F8010D013B9042F9D1DAB29E
:10EF3C0039463046A84770B1437994F8BE209342C5
:10EF4C0010D394F8BF1099420CD39B1AD9B20C9AD7
:10EF5C00D8470028C7D109F10109B4F9BA304B459B
:10EF6C00D6D87EE7B4F9BC30017903EB0A0201E094
:10EF7C00002BECD012F801CD013B8C45F8D1D9B265
:10EF8C00E5E700BF08FA002008060120034BD3F880
:10EF9C00543103B118471846704700BF08060120CA
:10EFAC00074A08B5D2F8503133B1003918BF0121E6
:10EFBC009847034AD2F85031181E18BF012008BDDB
:10EFCC0008060120034BD3F8583103B118474FF012
:10EFDC00FF3070470806012001680A78CB78DA42C6
:10EFEC0002D100231846704710B586B00446CDE90F
:10EFFC00042303461D480391DB680360FFF7EEFA18
:10F00C00DDE9042318B90023184606B010BDDFF85B
:10F01C0064C000210398CDF800C0FFF7B7FB0028AF
:10F02C00F1D003900121282018F0E0FE039B00286A
:10F03C00EAD00F490A68B2B11146526A002AFBD1D4
:10F04C004862002122680170216902624161E16815
:10F05C000161D17809B1616881601278002AD3D03E
:10F06C00A268C260D0E70860EBE700BFEC1A012091
:10F07C0064130120F97C000001680A78CB78DA422D
:10F08C0002D100231846704710B586B00446CDE96E
:10F09C0004230346274803911B690360FFF79EFA7C
:10F0AC00DDE9042318B90023184606B010BDDFF8BB
:10F0BC00A0C001210398CDF800C0FFF767FB002822
:10F0CC00F1D003900121282018F090FE039BD0B1C1
:10F0DC0019490A68002A2AD01146526A002AFBD123
:10F0EC0048620121226801706169026241612169F3
:10F0FC000161D17809B16168416012781AB1D4E923
:10F10C000221C160C2610D4A11780029CCD10C4991
:10F11C004FF0010C0B480393CB6E82F800C00A4AE7
:10F12C0003600A48CA660CF059FF039BBCE70860F1
:10F13C00D7E700BFEC1A012064130120B32501208E
:10F14C00E00401207C1201209180000068FE002068
:10F15C00F97C0000D0ED026A90ED017A0A60F4EEC1
:10F16C00C76AF1EE10FA45DD07EE902A90ED004AE1
:10F17C00D0ED044A76EEC75AB8EE676A90ED055AA0
:10F18C0090ED033ADFED2C3AC6EE047A81ED057A68
:10F19C00B5EE403AF1EE10FA14BF012300234B7781
:10F1AC00FCEEE77AB8EE674A17EE902AC1ED017AC9
:10F1BC0024EE055A64EE247A87EEA36AC5EE237A10
:10F1CC00BCEEC66A16EE10CAFCEEE77A17EE903A61
:10F1DC00C1E903C3A3EB0C0307EE903AF8EE677A90
:10F1EC00C7EEA55AC1ED065A0CD10B7F002B08BFF8
:10F1FC0000228A60F4EEC76AF1EE10FACCBF01204F
:10F20C0000207047437EA3B9B5EEC03AF1EE10FA78
:10F21C000FDD24EE034A013A087FC4EE237AFCEE9C
:10F22C00E77A17EE903AD21A002818BF13468B6073
:10F23C00E0E7C1F808C0DDE70000C842D0ED057A70
:10F24C000246F4EEC07AF1EE10FA16D530EE670AEB
:10F25C00D0ED067AD0E9031020EE270ABBFE400A57
:10F26C00BCEEC00A10EE103A0B4498420CD8137F37
:10F27C0013B15368013B181A7047B5EE400AF1EE12
:10F28C0010FA09D180687047994238BF1946137F2C
:10F29C000846002BF0D0ECE7037FC068002BEBD0C6
:10F2AC005368013B181AE7E738B53E4B1B68002B37
:10F2BC003BD0D0F800C001E05B6AB3B31A6A624578
:10F2CC00FAD1437F027FC3F3C003C2F3400283F041
:10F2DC00010342EA430302EB4202944401229CF8EC
:10F2EC0001E090F804C0F4444FF0DC0E02FA0CF28A
:10F2FC00DFF8B8C00EFB03CEDEF8D8E012EA0E0F32
:10F30C000BD0294C91F800E0D4F86C51BEF1000FF1
:10F31C003DD042EA050EC4F86CE14FF0DC0E0EFB5A
:10F32C0003CCDCF8AC301A4223D140790E2814D02F
:10F33C000D2803D9BDE838400CF09ABA0C46F8F702
:10F34C000FFE80B20028F5D0174B2178B3F89C2023
:10F35C0019B31043A3F89C00ECE7134B097893F80E
:10F36C00202161F3000283F82021BDE838400CF025
:10F37C007FBADFF834C091F802E0DCF87031BEF1EE
:10F38C00010F14BF13439343CCF87031CDE725EA3A
:10F39C00020E054CC4F86CE1BFE722EA0002A3F8A8
:10F3AC009C20C7E764130120F01A012008FA002002
:10F3BC00294B1B68002B41D0D0F800C002E05B6ADF
:10F3CC00002B3BD01A6A6245F9D1437F027FC3F30D
:10F3DC00C003C2F3400283F0010342EA430302EB91
:10F3EC0042029444012210B59CF801C00079DFF868
:10F3FC0070E060448240DC2000FB03E0D0F8D800D1
:10F40C00024208D00878DFF854C0F0B1DCF874017F
:10F41C001043CCF87401DC2000FB03E3D3F8AC30D0
:10F42C001A4207D00D484978D0F8783141B11343CE
:10F43C00C0F87831BDE810400CF01ABA0CF018BACC
:10F44C0023EA0203C0F87831F4E7DCF8740120EA0F
:10F45C000200CCF87401DEE764130120F01A0120DD
:10F46C0008FA00207C4B1B6803B118477B4AD2F882
:10F47C00BC318BB1B2F9723273B106382DE9F0415F
:10F48C0084B00D2856D8DFE800F008555555555571
:10F49C0055555855555855087047013B0022704F2B
:10F4AC00DCB2704EADF80C208DF80E206B4BE2B236
:10F4BC00D7F86051B3F97432F11800E02BB111F8A0
:10F4CC00010D013B9042F9D1DAB200210120A8478D
:10F4DC0060B3036A53B342791A2A00F09C801C2A49
:10F4EC0000F089800E2A21D10022DFF87CC18DF832
:10F4FC000D209CF82021C2F300018DF80C10C2F3F2
:10F50C00400102F0010281F001014FF0010E8DF873
:10F51C000E10DCF86C110EFA04FE002A68D04EEACC
:10F52C000101CCF86C11002203A99847631E1C46FC
:10F53C000133BBD104B0BDE8F081013B0022484F40
:10F54C00DDB2484EADF80C208DF80E20434BEAB2DC
:10F55C00D7F86041B3F97432F11800E02BB111F80F
:10F56C00010D013B9042F9D1DAB200210120A047F4
:10F57C00034620B1026A12B140790D2804D96B1EE2
:10F58C001D460133E2D1D5E75A7F01240193C2F322
:10F59C00C0128DF80D20F8F7E3FC334980B204FA61
:10F5AC0005FC019BD1F86C2100284AD00C46B1F81F
:10F5BC009C100842B4F89E1014BF4FF0010E4FF08F
:10F5CC00000E08420CBF012100218DF80E108DF8A1
:10F5DC000CE0BEF1000F31D04CEA02022249184671
:10F5EC00C1F86C2103A91A6A134600229847C6E792
:10F5FC0021EA0E0195E70022DFF86CC08DF80D2092
:10F60C009CF8202182F0FF01C2F3801EC9097246CA
:10F61C008DF80CE079E7DFF850C000229CF820113F
:10F62C008DF80D209CF82121C1F34001C2F3800E0E
:10F63C0081F0010172468DF80CE066E722EA0C02BB
:10F64C00CCE71CEA020F197F18BF4FF0010EC1F373
:10F65C00C10108BF8646B8E77812012008FA0020DD
:10F66C000806012080FC0020F01A0120FAB1DFF816
:10F67C005CC09CF848C01CEA010F30B5CDB214D068
:10F68C00032101392CFA01FE25FA01F41EF0010FB9
:10F69C0016D0E40714D5D0ED027A93ED027AF4EE8D
:10F6AC00C77AF1EE10FA04D50022104630BD104690
:10F6BC00704793ED057AF4EEC77AF1EE10FAF3DCAD
:10F6CC00043B04380029DCD1EFE700BF48090120D6
:10F6DC006D4B93F848C0BCF1000F2ED0F0B519B1AA
:10F6EC000CF00703072B29D068490323013B2CFAA4
:10F6FC0003FE1EF0010F1AD0D1ED217AF5EEC07A7F
:10F70C00F1EE10FA13D5D0ED027AD2ED056A92ED36
:10F71C00027AF4EEE76AF1EE10FA77FEA67AF4EECE
:10F72C00C77AF1EE10FA77FE877AC0ED027A2439A7
:10F73C000438043A002BD9D1F0BD70470F4601F1C3
:10F74C000C0400F10C05DFED526A0021032375ED6A
:10F75C00017A013B34ED017A81F001064FF0010E84
:10F76C0077EEC77AF0EEE77AF4EEE67AF1EE10FA7D
:10F77C0002DD06EA0E0E013113B1BEF1000FE6D127
:10F78C000229B1D1D0ED004A92ED004AD7ED006AC2
:10F79C00F4EEC44A90ED017AD7ED013A34EEE65A14
:10F7AC0097ED026AF1EE10FAD0ED027A77EE635A19
:10F7BC0077EEC67A06D492ED034AF4EEC44AF1EE23
:10F7CC0010FA13DD85EE857A80ED004AC7EE854A86
:10F7DC0074EE666AB0EE474AB0EE637AA4EE267A0F
:10F7EC00A6EEA46A80ED017A80ED026AD2ED016A80
:10F7FC00F4EEC76AF1EE10FA2EDCD2ED046AF4EEE8
:10F80C00C76AF1EE10FA27D490ED027AD2ED026AB3
:10F81C00F4EEC76AF1EE10FA07DCD2ED056AF4EEED
:10F82C00C76AF1EE10FA7FF55FAF85EEA76AD7EDE8
:10F83C00025A97ED007AC5EE274AD7ED017AC0ED52
:10F84C00026A76EEE56AE6EE867AA4EEA67AC0ED5A
:10F85C00017A80ED007A47E785EE254AD7ED013A2B
:10F86C0097ED006A97ED027AC0ED016AC7EEA54AE2
:10F87C0076EEE36AA4EE266AA6EEA47A80ED006A20
:10F88C0080ED027AC2E700BF48090120F01A01207E
:10F89C006F12833A2DE9F04FD64E8846994696F86A
:10F8AC0099102DED048B8BB00192D34A189BD2F892
:10F8BC000C714A078DED020ACDED030A00F0B480FD
:10F8CC009DF80450B9F1000F9DF80540844600EBFB
:10F8DC00850292ED006A00EB8402D2ED006A08EB1F
:10F8EC00850276EE405A92ED007A08EB840276EEB1
:10F8FC00E04AD2ED007A37EE405A37EEE04A63DD4B
:10F90C00B9F1010F54D030EE417A0DF1100ED8F848
:10F91C000000F246D8F80410D8F80820AAE807002E
:10F92C004FF00F0A70EEC17A0DEB850282ED047A6E
:10F93C000DEB8402704696F89910CB46C2ED047A12
:10F94C000122C146B0EE418AB0EE609AE046F0EE7C
:10F95C00408A0093B84730B3BBF1000FD4BF4A467E
:10F96C0042460DF11C0C1AF0080F009B10685168F0
:10F97C009268ACE807006ED038EE280A0DEB8505CE
:10F98C001AF0010F85ED070A56D038EE091A9A4A7B
:10F99C000DEB840496F8991007A8D2F80C510122AB
:10F9AC0084ED071AA8470BB0BDEC048BBDE8F08FB3
:10F9BC00B0EE443AF0EE653AB0EE644AF0EE455AD9
:10F9CC00F0EE434AB0EE635AF5EEC04AF1EE10FA8F
:10F9DC00F5EEC05A4EDBF1EE10FAB5EEC04A7ADD08
:10F9EC00F1EE10FAB5EEC05AC0F20881F1EE10FA41
:10F9FC0040F2C780F4EEC55AF1EE10FA00F2A9807D
:10FA0C00B9F1010F30EE417A0DF1100E3FF47FAFDA
:10FA1C00DCF80000F246DCF80410DCF80820AAE858
:10FA2C0007004FF00F0A7DE70122BC460BB0BDEC7E
:10FA3C00048BBDE8F04F604709EB840208EB840CA3
:10FA4C0092ED001ADCED007AF4EEC17AF1EE10FAC8
:10FA5C0031FE271A9BE709EB850292ED000A08EBB1
:10FA6C008502D2ED007AB4EEE70AF1EE10FA30FE20
:10FA7C00270A83E7F1EE10FAB5EEC04A00F199803F
:10FA8C00F1EE10FAB5EEC05A59D4F1EE10FAB4EE0C
:10FA9C00C76A40F3F580F1EE10FA0DF1100E37FE47
:10FAAC00067AB9F1010F00F0A481DCF80000F246EF
:10FABC00DCF80410DCF80820AAE807004FF0080A6C
:10FACC00F4EEE67A0DEB850282ED047AF1EE10FA93
:10FADC0077FEA67A2CE7F1EE10FAB5EEC05A16DBDB
:10FAEC00F1EE10FA86DDB9F1010F30EE417A0DF12D
:10FAFC00100E00F05B81DCF80000F246DCF804101C
:10FB0C00DCF80820AAE807004FF00E0A0AE7F1EE2D
:10FB1C0010FA0DF1100E30EE417A40F2F080B9F18E
:10FB2C00010F00F07E81DCF80000F246DCF80410D6
:10FB3C00DCF80820AAE807004FF0060AF2E6F1EE1E
:10FB4C0010FA00F1C880F4EEC55AF1EE10FABFF6C7
:10FB5C0057AFB4EEC76A0DF1100EF1EE10FA37FE86
:10FB6C00067AB9F1010F00F0F180DCF80000F246E2
:10FB7C00DCF80410DCF80820AAE807004FF0000AB3
:10FB8C009EE7B4EEC76A0DF1100EF1EE10FA37FED7
:10FB9C00067AB9F1010F00F01581DCF80000F2468D
:10FBAC00DCF80410DCF80820AAE807004FF0010A82
:10FBBC0086E7F1EE10FAB5EEC05A36D4F1EE10FA33
:10FBCC00B4EEC76A71DDF1EE10FA0DF1100E37FECE
:10FBDC00067AB9F1010F00F0C580DCF80000F2469E
:10FBEC00DCF80410DCF80820AAE807004FF00C0A37
:10FBFC0098E600BF48090120E0040120F1EE10FA5C
:10FC0C000DF1100E30EE417A2AD9B9F1010F00F046
:10FC1C00B580DCF80000F246DCF80410DCF80820B3
:10FC2C00AAE807004FF0070A7CE6F1EE10FA8ADD2D
:10FC3C00B4EEC76A0DF1100EF1EE10FA37FE067A2B
:10FC4C00B9F1010F00F0A680DCF80000F246DCF8F8
:10FC5C000410DCF80820AAE807004FF0040A61E65B
:10FC6C00B9F1010F00F0D180DCF80000F246DCF8AD
:10FC7C000410DCF80820AAE807004FF0030A1FE77D
:10FC8C00F1EE10FA0DF1100E37FE067AB9F1010FF4
:10FC9C0044D0DCF80000F246DCF80410DCF8082054
:10FCAC00AAE807004FF0090A0AE7F1EE10FA0DF185
:10FCBC00100E37FE067AB9F1010F00F08E80DCF8D9
:10FCCC000000F246DCF80410DCF80820AAE8070073
:10FCDC004FF00D0A26E6B9F1010F30EE417A0DF125
:10FCEC00100E00F0AA80DCF80000F246DCF80410DC
:10FCFC00DCF80820AAE807004FF00B0AE0E6B9F19F
:10FD0C00010F17D0DCF80000F246DCF80410DCF828
:10FD1C000820AAE807004FF0020AD1E6D8F8000044
:10FD2C00F246D8F80410D8F80820AAE807004FF0DB
:10FD3C00090AC5E6D8F80000F246D8F80410D8F83D
:10FD4C000820AAE807004FF0020AB9E6D8F800002C
:10FD5C00F246D8F80410D8F80820AAE807004FF0AB
:10FD6C00000AADE6D8F80000F246D8F80410D8F82E
:10FD7C000820AAE807004FF00C0AD3E5D8F80000D9
:10FD8C00F246D8F80410D8F80820AAE807004FF07B
:10FD9C00070AC7E5D8F80000F246D8F80410D8F8DE
:10FDAC000820AAE807004FF0040ABBE5D8F80000C9
:10FDBC00F246D8F80410D8F80820AAE807004FF04B
:10FDCC000E0AAFE5D8F80000F246D8F80410D8F8BF
:10FDDC000820AAE80700CA4672E6D8F80000F246E6
:10FDEC00D8F80410D8F80820AAE807004FF00D0A3C
:10FDFC0098E5D8F80000F246D8F80410D8F8082096
:10FE0C00AAE807004FF0080A5AE6D8F80000F246B4
:10FE1C00D8F80410D8F80820AAE807004FF0030A15
:10FE2C004EE6D8F80000F246D8F80410D8F80820AE
:10FE3C00AAE807004FF0060A74E5D8F80000F2466D
:10FE4C00D8F80410D8F80820AAE807004FF00B0ADD
:10FE5C0036E600BFF0B591B000240646C5B206A840
:10FE6C000F468DED010A0594CDE9034404F0B4FD71
:10FE7C009DF82C30474903A843F012030D948DF8DC
:10FE8C002C3011F095FD3946434F03AA032397F804
:10FE9C0090E19DED010A013B25FA03F02EFA03FCDB
:10FEAC00C00710D5D1ED027A1CF0010F92ED027A49
:10FEBC0004F1010460EE277A14BF37EE277A37EE8F
:10FECC00677A82ED027A043A0439002BE3D107EE0B
:10FEDC00904AB8EE670AD7ED117AB5EE400AF1EE0A
:10FEEC0010FA4DD4B1EEC07A2C4B06A903A82C4CB9
:10FEFC005B7E67EE877A8DF82E30CDED067A04F0B6
:10FF0C00C1FA0423E672274EA3720FF049FB0EF0E0
:10FF1C00EDFF01E0336D98470FF042FBE36B0420DB
:10FF2C0013F0640FF6D0E76B1F4EBA0603D5B26C14
:10FF3C0006211E4890477B0603D5B36C07211B484E
:10FF4C009847736E9847ADF8080040EA10231D429D
:10FF5C0003D0B36C082115489847256C4DB9736CC8
:10FF6C000421134898470FF0B1F90120A57211B084
:10FF7C00F0BD01F02FFE05F005F9002011B0F0BD29
:10FF8C00CDED017A15F04CFFDDED017AB0EE407A43
:10FF9C00AAE700BFD4090120F01A0120900F01201C
:10FFAC0048090120E00401200806012088090120ED
:10FFBC00840901200D4A92F88F3113F0020309D005
:10FFCC00C0B2002890FAA0F0B0FA80F00CBF4FF04D
:10FFDC00FF33034603EBC303012902EB830292EDCB
:10FFEC00110AD2ED127A07FE800A7047F01A01202E
:04FFFC00034640EA8E
:02000004600199
:10000000104082B040EA132040EA136002B070470B
:1000100010B50D4C82B0C4F8880001900EF04AF97A
:1000200040F20113184201D1236C0BB102B010BD94
:1000300001F0D6FD054B012104F140009B6C02B09C
:10004000BDE81040184700BF4809012008060120FC
:10005000F0B5DFF8BCE003232A4F9EF82651714625
:100060009EF88E413A4697F8486005F0010504F085
:1000700008042548DFED256A013B26FA03FC1CF045
:10008000010F21D035B197F80CC02CFA03FC1CF0FD
:10009000010F33D19FED1D7AD1ED217A77EE277ACA
:1000A000E4B19EF890C12CFA03FC1CF0010F1CD1A6
:1000B0004FF0000CC2ED187A2439043AC2F870C02F
:1000C0000438002BD8D1F0BDC2ED1B6AC2ED186A0E
:1000D000043A24390438002BCED1F0BDB1EE477A72
:1000E000C2ED187A82ED1B7AF2E7F1EE677A4FF0F3
:1000F000000CC2F860C0C2ED1B7AE9E790ED027A0D
:10010000CAE700BF48090120841001200000000058
:10011000F01A0120F0B5264E85B0C2B296F88E31A5
:100120001F0710D52349032300250024013B22FA91
:1001300003F0C60702D50D6041F8404C0439002B8E
:10014000F4D105B0F0BD0F4634461B4D03231949C9
:10015000013B22FA03F0C0071AD596F89001D84067
:10016000C0071CD5D4ED217A1FB195ED027A77EE48
:10017000877A94ED1E0A41ED107A27EE800A0191EC
:10018000CDE9023215F0A2FE0199DDE902320860E4
:10019000243C043D0439002BDAD105B0F0BDDFED7D
:1001A000077A002FE5D0D5ED027AF1EE677AE0E725
:1001B000F01A0120DC090120841001200000000059
:1001C0002DE9F04F064E33782DED028BA1B00BB91F
:1001D00077783FB1002021B0BDEC028BBDE8F08FF5
:1001E00048090120C3B20546CAB2C14916A8059301
:1001F00091F89141B846019204F0F4FB9DF86C30FF
:10020000FFEE086A9FEDBB7A032143F01203B84A60
:100210004FF0010CDDF804908DF86C305FFA85FA30
:10022000B54B1D975B7E8DF86E3010AB18460139CB
:100230000CFA01F729FA01FE40F8047D2AFA01F7C9
:10024000FF070FD5D2ED217A67EEA67AB4EEE77AF2
:10025000C3ED027AF1EE10FA37FE277A1EF0010F95
:1002600018BF8846243A043B0029E0D1B5EE407A15
:10027000CDF80880F1EE10FA00F00F829F4B28466F
:100280009B6E9847B5EE400AB0EE408AF1EE10FA48
:10029000A0D0012303EB44030793019B002B00F044
:1002A0000C82934A08EBC803DFED955A92ED607A11
:1002B00002EB830392ED616AB1EE477AD2ED626A96
:1002C000C7EE257AD3ED0F5A93ED0C7A67EEA57A37
:1002D000B4EEE76AF1EE10FA77FE867AF4EEE67A8B
:1002E000F1EE10FA77FEA67A67EE877AF6EEE77AF5
:1002F000FDEEE77ACDED067A7D4B4FF00008DFF892
:100300000C9293F819314546C346CDF8108013F08E
:10031000100F14BF6523642309937A4913A811F0C1
:100320004DFB4FF0000A724B13A80FA910AA93F8C7
:1003300090E1544603230395013B059F27FA03FCF4
:100340001CF0010F2EFA03FC16D06E4F00251CF096
:10035000010FD2ED027A0AF1010A47F8235000F0AA
:100360001D81BBF1020F01D0F1EE677A91F800C058
:10037000C0ED027A44EA0C0404380439043A002B34
:10038000DAD1D9F8AC30039D2BB1B0EE480A59460A
:100390009DF81400984707EE90AAB8EE670AB5EEEC
:1003A000400AF1EE10FA00F1A181F1EEC07A16A92F
:1003B00013A8F47228EE278A8DED168A04F068F8E7
:1003C0000423B3720FF0F2F80EF096FD029B03F1D6
:1003D000220A06EB8A0ACDF80CA0DDF824A0BBF1B6
:1003E000020F54D0454B5B6E9847012D4FEA102306
:1003F000ADF82C0000F0C480022D00F0C78043EA65
:1004000000050199EAB20D4018D0434011EA0305F6
:1004100000F0C28022EA01020142384B08460892ED
:1004200008BF0225039A18BF0125D3F890304FF07A
:1004300001085268294604929847089A10A9032394
:1004400051F8040D013B044222FA03FC0ED00120B6
:100450001CF0010F00FA03F008D0029F24EA000408
:100460009F420CBF4FF0000808F00108002BE7D1B5
:10047000F472B8F1000F0AD0039B049A5B68D31A98
:10048000069A002BB8BF5B42934200F30C810FF039
:100490008DF8F16B11EA0A010AD0012940F083803E
:1004A000164F19487B6C9847D7F8C40008F042FCF7
:1004B0000420D9F850309847600790D10EF00CFF17
:1004C0000B4A0E4B0021B2F88C01DB6B9847BBF155
:1004D000020F00F0958000244FF0020B059F594653
:1004E000064B3846BA469B6E9847B2EE047A0FE048
:1004F000F01A012000000000900F012008060120E2
:100500000000C842D409012084090120E004012030
:10051000F7EE007A002CB0EE408A774A10AB4FF02D
:100520000304384607FE877A013C20FA04F1C90724
:1005300005D5D2ED027A67EE877AC3ED027A043AE6
:10054000043B002CF0D1019B3BB16C4BA0462546EF
:100550002146D3F8903020469847B5EEC08AF1EE98
:1005600010FACCBF01230023002B4DD0059B002B9C
:100570004AD0079B002B47D0079B013B0793CCE653
:10058000019A20EA02000343DAB257E7019A23EA0C
:1005900002030343DAB251E7A8464FE7BBF1020F6B
:1005A0007FF4E4AEE0E68A060B4606D5534B039192
:1005B00006219A6C52489047039B5F0606D5039329
:1005C00007214E4B4E489A6C9047039B03930021A2
:1005D0004A4B0220DA6B9047BBF1020F70D0039BAD
:1005E0005C0704D5454B092145489B6C9847336C03
:1005F000002B76D1414B042142485B6C98475DE764
:100600004FF0010B5C4669E7019B002B36D0029A44
:100610003D4902EBC203D40001EB8303D3ED107A12
:10062000F5EE407AF1EE10FA28D0F5EEC07A334BB1
:10063000D3F89030F1EE10FA51D40121019D2846F3
:100640009847029A304BB7EE000A144410A9284686
:1006500003EB8403D3ED107A20ABF0EEE77A03EBE3
:10066000820343ED107AFFF7FBFB00283FF4B2ADA5
:100670000021224B0846D3F890309847012150467C
:10068000FFF748FD504600F0A3F996F84830059969
:1006900000220B43B27286F84830012021B0BDEC35
:1006A000028BBDE8F08F154B0F2115489B6C9847C6
:1006B00001F096FA04F06CFD8CE5019B06931BE6B5
:1006C0000E4C636E9847059BADF8300040EA102051
:1006D00003428CD0A36C08210948984787E7022180
:1006E000ACE701F07DFA04F053FD73E515F09EFBD5
:1006F000F0EE407A5BE600BF84100120080601207E
:100700008809012084090120F01A0120034630B134
:10071000DFF810C0006859689A68ACE80700014823
:10072000704700BF84100120F0B5524F83B00446DB
:100730004FF0000597F88F31C6B29B0733D497F876
:10074000260121464C4F00F00100BB6D9847D7F8B9
:10075000A030EBB10120984706EA000212F0FF0634
:1007600016D0D7F89030002B55D0F3074FF0010585
:100770004FF0010104D44B003342D9B2FBD00D46F7
:100780008E4248D17B6E984740EA1020064246D1FF
:100790003A4B29462046D3F808319847461EF6B210
:1007A000304603B0F0BD304603F014F80128C6D936
:1007B000002EC4D03A4633464FF0FF0C0021D80734
:1007C00047D5BCF1FF0F08D18C465B084AD0D8074B
:1007D00001F1010102F1240240D50CEBCC00D2ED75
:1007E000127A07EB800090ED127AB4EE677AF1EEA0
:1007F00010FA08D190ED117AD2ED117AB4EE677A41
:10080000F1EE10FAE1D000250124F10711D40135F1
:10081000C6F3470617E03726304603B0F0BDB2EE08
:10082000040A17492846FFF71BFB0028B0D12D26E4
:10083000B6E704FA05F0FFF777FFC0B9C6F347063D
:10084000002EADD00135F207F3D40135C6F34706CB
:10085000DBE75B0801312432D807B2D401315B08F1
:100860002432ACE7BCF1FE0F7FF469AFCBE706465C
:1008700096E700BFF01A012008060120E0040120DD
:10088000841001204A0538B5C1F3072302D59B0720
:100890002CD538BD164C0122164B94F89910D3F87C
:1008A0000C5104F15803A8470028F2D1238943F0E2
:1008B000040323810DF0FEFC08280F4C0CD10146E7
:1008C000236C0E48984702E00DF0F4FC20B104F0D0
:1008D0005FFC0028F8D138BD01F082F9A36C022139
:1008E00007489847BDE8384004F052BC004CDDE7AB
:1008F00048090120E00401200806012084090120A4
:10090000880901200849094A91F8943191F893C166
:1009100091F8920143EA0C0392F8481003431940FE
:10092000137382F848107047F01A0120480901201B
:100930000C4B93F88E3103F00502052A01D00020FC
:100940007047094A92F8810048B1107B0028F7D01F
:1009500092F84830984314BF0120002070475B068E
:10096000EED4F2E7F01A012048090120084B0949AA
:10097000094ADFF834C00948C1F868C0C3F80C213F
:100980000749084AC3E94401C3F80821704700BF7A
:10099000E0040120080601209D930000C595000099
:1009A00001940000E59E0000E59C0000002307493B
:1009B00001E0182B08D011F8332001EBC30C0133F0
:1009C0008242F6D16046704700207047883E006042
:1009D000F8B5234E0324C7B2224D2DED028B013C06
:1009E00027FA04F3DB070BD4043E243D002CF6D198
:1009F0001D491E48BDEC028BBDE8F84010F0DEBF7B
:100A000095ED1E8A95ED260A28EE000A15F05EFA8D
:100A1000144A0028E8D007EE900A0123DFF850C0FE
:100A2000F8EE677AA3409CF80010DBB292F89001D0
:100A300087EE887A1943E0408CF8001010F0010F1F
:100A4000DFF830C09CF8001043EA010021EA0301FE
:100A50000CBF8CF800008CF8001086ED027AC3E71A
:100A6000B00C0120F01A0120D409012068210120D6
:100A7000BC0C0120140E01200149024810F09EBF59
:100A8000D4090120682101204B7D03F00603062BC9
:100A90002DE9F0430C468BB0074602D04969FFF7B9
:100AA000F1FE0DF007FC02280CD1504B1A781AB158
:100AB00000200BB0BDE8F083587880F001000BB047
:100AC000BDE8F08304F064FB0028EED0484B93F8B7
:100AD00000E0BEF1000F51D0DFF820C13A46454991
:100AE00004234FF000091EEA030F0ED0D1ED027A65
:100AF00092ED027AB4EEE77AF1EE10FA5FDD3E4E47
:100B000035781D4225EA030569D1043AA7F10C05A1
:100B10005B08ACF1040C9542A1F10401E3D1B9F1F9
:100B2000000F23D0684603F05DFF237D9DF814205D
:100B300003F00103216822F0090243F00803009149
:100B40001343E2698DF81430E3680792039305E0DC
:100B500004F03EF804F01CFB0028AAD003F0B0FB20
:100B60000028F5D16946234803F092FC214B3868F0
:100B70007968BA6807C301E004F02AF804F008FBBA
:100B8000002896D003F09CFB0028F5D1214638467A
:100B900003F07EFC002888D123699B7A1B0784D54B
:100BA000237903F00303012B7FF47FAF04F04AFEA7
:100BB000206994ED030A2179436A984775E7A4D523
:100BC0000D4E35781D4245EA03059ED19CED027A13
:100BD000357077EEC77A8146C1ED027A95E79CEDD4
:100BE000027A357077EE877AF5E700BF4809012071
:100BF000BC0C012068210120140E0120B00C012042
:100C0000000000002DE9F04F2DED0C8B8DB0144647
:100C10001A46B0EE40CA9DF888900E4603930746E8
:100C2000239B04EB890A9DF88980049302EB8903D6
:100C300004EB880B9AED00AA93ED006A059302EB92
:100C4000880300EB89029BED00BA93ED001AB7EE22
:100C5000C66A92ED007A00EB8802B7EEC11A9DF8E1
:100C60008A10B7EECAAA92ED005AB7EECBBA069335
:100C7000B7EEC77A02913AEE06AB3BEE01BBB7EE98
:100C8000C55A37EE4A7BB1EE418B35EE4B5B21EE18
:100C9000070B21EE451BA6EE450BA6EE471BB1EE5A
:100CA000469B15F0C1F8049BB7EEC07B002B40F3C8
:100CB0007481DFEDD27AB4EEE77AF1EE10FA40F209
:100CC0006381727D500720D4CD49D1F81051E5B130
:100CD00042F00402B7EECA0BF7EECB0B8DED077AAC
:100CE0007275B0EE4C1AC74A214638468DED090A96
:100CF0000092CDED0A0A229A0493A847727D60F310
:100D0000410272759DED077A049B83EAE375A5EBBA
:100D1000E375012D7ADD6A1E002B7968B0EE48DBA1
:100D200006EE102AD4BFB1EE474AB0EE474A029A07
:100D3000B8EEC66A002B04EB82033868B7EEC44AEB
:100D40000797B7EEC66AD3ED007A07EB8203BA685D
:100D5000F0EE478ACDF810A0A5F10205CCBF01271F
:100D60004FF0FF379FEDA15B26EE056B9FEDA15B7A
:100D700034EE066BD3ED004A09AB74EEE74AF7EEAA
:100D8000C66B07C384EEA66ADAF8002003EB89037A
:100D90000CA943F80C2C0DEB8803DBF800205A62F9
:100DA000029A01EB820A36EE066AB7EEC66A26EEB2
:100DB000056BF7EEC6CB029B7CEEA77A8DF8889088
:100DC00022468DF8898031468DF88A3009A8229B09
:100DD000B0EE4C0A4AED037AADF800301B0C0197D7
:100DE0008DF80230039BFFF70DFF09AB07CB2060A6
:100DF0006160A2601DB1013D5AED037ADBE7B0EE00
:100E0000687ADDF810A0B0EE4D8B079F7E4B3CEE6C
:100E10000C0AD3ED026AB4EEE60AF1EE10FA40F3E2
:100E2000AA8030EE660AF6EE007A20EE260A67EE19
:100E3000277AB5EE400A27EE8CCAF1EE10FAB0EE32
:100E4000CCCA00F1CA80F1EEC06ACCEE267AFBFE75
:100E5000677AFCEEE77A17EE902A002A00F08B8082
:100E6000337DB8EE676A990600F1A880012A00F088
:100E70008280C7EE06CADFED656A029B00250297F5
:100E80004FF0010904EB830807EB83031746F0EEEC
:100E9000007AB1EE007AF6EE005AECEEEC7A6CEEE7
:100EA000A66AF0EE6CDA37EE877A67EEA57A66EE20
:100EB000876A98ED007AB0EE67DAD3ED007A77EEC4
:100EC000C77AF0EE66CA87EE86CA2DE0B7EECD6A25
:100ED000B7EEEC5A26EE087B28EE458BA5EE097B93
:100EE000A6EE098BB0EE489BB7EEC78BB7EEC88A6B
:100EF00031463AEE097B204609F101093BEE086BC9
:100F0000B7EEC77BB7EEC66B8AED007A8BED006A51
:100F1000D8ED007A77EE8C7AC8ED007AFFF7B4FD51
:100F2000002855D04F4525D00C2D05F10105CDD118
:100F300007EE909A0025B8EE678A28EE2D8AB0EE6B
:100F4000480A15F07FFAF0EE408AB0EE480A15F034
:100F500079F9069B93ED008A059B28EE009AD3ED64
:100F6000007A28EEC88AA7EEE89AA7EEC08AB7EE04
:100F7000C99ABBE7029F314638460DB0BDEC0C8BD9
:100F8000BDE8F04FFFF780BDB7EEC77A9FED176B56
:100F900037EE067BB7EEC77B93E6DFED1D7AB4EE46
:100FA000E77AF1EE10FAFFF68CAEB7EEC77A9FED56
:100FB0000F6B37EE467BB7EEC77B82E6D6ED007A45
:100FC00023F0200367EE867A3375C6ED007A4DE78D
:100FD0000DB0BDEC0C8BBDE8F08F8DED037A14F0F5
:100FE00025FF9DED037AF0EE406A2EE7182D44545C
:100FF000FB211940182D4454FB210940BD3706350B
:10100000E0040120A0090120F01A0120ABAA2A3E29
:10101000BD3706B52DE9F0412DED108B9FEDA29A5D
:1010200084B0F7EE009A1446B0EE49AA0746884607
:10103000106851681E46926801AB1A9DDFED9B8ACD
:10104000DFED9BDA07C339EE289A95ED001A95ED8E
:10105000010AB6EE002A97ED00BA0022B4EEE99A32
:1010600097ED01CAD6ED001AD6ED010AF1EE10FA9D
:10107000D4ED00AAD4ED01BADDED01CA39FE898AAA
:1010800079EEC87A6BEE082A9DED02DA2CEE083A6A
:1010900061EE086A20EE087AE1EE272AE1EEA76AFF
:1010A000A0EEA77AA0EE273A61EE884A20EE885A91
:1010B00068EE222AEAEEA74AABEEA75A28EE033AD8
:1010C00068EE265A28EE076AE7EEA62AA7EE273A28
:1010D000F0EE656AB0EE467AE7EEA46AA5EE277AEE
:1010E00062EE882A23EE083AE7EEA62AA7EE273A10
:1010F00053E078EE287A7DEE034A3CEEA24A67EE92
:10110000827A39EEE77A6BEE276A2CEE276A21EEB7
:10111000275AE1EE076AA0EE076A60EE275AA1EEB1
:10112000875A61EEA7FAE0EE875A20EEA7FAEAEEB8
:1011300087FA67EEA66AABEE87FA27EE866AE7EED5
:10114000056A27EEA5EAA5EE876A67EE85EAAFEEA7
:1011500007EAE7EE2FEA66EEA76A26EE276AAEEE0A
:10116000076AE7EE2E6AF0EE465AB0EE667AE4EED3
:10117000C25AA4EE427AF0EEE55AB0EEC77A37EEE4
:10118000257AB4EECA7AF1EE10FA0FD9B0EE463AEB
:101190000122F0EE662AB0EE678A78EE683AF4EE45
:1011A000ED3AB0EE639AF1EE10FAA2DAAAB1414636
:1011B00001A8F0EE488ACDED012A8DED023AFFF745
:1011C00063FC28B1B4EEE98AF1EE10FA3FF53BAFCB
:1011D00004B0BDEC108BBDE8F081B0EE005AF6EE25
:1011E000005A59E0F0EE687AE3EE857AF4EEE97A97
:1011F000F1EE10FADBDA39EEE77A2BEE276A6CEEC5
:10120000276A61EE27EAA1EE076AE0EE076AE1EEDF
:1012100087EA60EE273A21EEA7EA20EEA72AE0EE61
:10122000873AAAEE87EA27EE866AABEE872A67EE50
:10123000A66AA7EE2E6A27EEAE4AE3EE876A67EE4D
:10124000A34AA7EE0E4AE2EE074A26EE276A66EEAA
:10125000A76AA7EE046AE4EE876AB0EE627A7CEED3
:10126000864A3DEE264AA4EEE57AF0EE434AE4EEE5
:10127000654AB0EEC77AF0EEE44A37EE247AB4EE6F
:10128000CA7AF1EE10FA92DCB0EE678AB0EE663AF6
:10129000F0EE462A77EEE83AF4EECA3AB0EE639AF8
:1012A000F1EE10FA9ED982E7CDCCCC3D00000000D3
:1012B0006F12033B2DE9F04F2DED048B85B01446E2
:1012C0001F46127D9DF84A908046149D42F001020F
:1012D00003EB89069DF8483095ED057A8B46D6EDEF
:1012E000007A0293F4EEC77A9DF849302275019393
:1012F000F1EE10FA00F1D380AA7EDBF80000DBF8F3
:101300000410012ADBF808200CBF95ED059AB0EE19
:10131000679A3860384679602146BA60C6ED007A2F
:10132000FFF7B2FB002868D0139B002B00F0DA8097
:10133000B246A8F15406013BDFED849AB6FA86F670
:10134000039376099AED008AD5ED057AB4EEE78A23
:10135000F1EE10FA00F3AE8005EB890393ED007A0D
:10136000B4EEC78AF1EE10FA40F3AF80D5ED037A00
:101370002146237D384638EE678A23F00103B4EE18
:10138000C87A2375F1EE10FA37FE088A8AED008AD2
:10139000FFF77AFB002830D0B8F1540F50D0D5EDCC
:1013A000048AF5EEC08AF1EE10FA3DDC6B7E33B1B3
:1013B0002069B0EE690A4FF00001436A9847B8F11E
:1013C000490F20D0F0EE497A237D21462A7E384607
:1013D000CAED007A62F300032375FFF755FB60B195
:1013E0006B7E0BB9002EB7D094ED030A6279217998
:1013F00020690CF055FB0028AED1002005B0BDECF3
:10140000048BBDE8F08F05EB8903DAED007A93EDEC
:10141000007AF4EE477AF1EE10FAD3D04C4B93ED0C
:10142000037A77EE877ACFE70CF044FF0228BDD02D
:1014300004F008FAB0EE680A002002F015F8B5E7EB
:10144000B0EE690A62794FF0000120690CF028FBC8
:101450000028D2D021792069C1F3400394ED030A1A
:1014600083F0010363F34101436A217198472379B3
:10147000D5ED048AC3F34002F5EEC08A82F0010282
:10148000F1EE10FA62F34103237103DC6B7E002B53
:1014900098D08DE70CF00EFF0228F7D0C8E7214660
:1014A000384686ED007AFFF7EFFA0028A5D0D6ED92
:1014B000007A21E721463846CAED007AFFF7E4FAC0
:1014C00000289AD09AED008A46E7237D43F0010375
:1014D0002375039B33B11F4B1B79ABB9039B013BB6
:1014E00003932FE73A687868B968CBF800201A4A66
:1014F000CBF804001378CBF80810002B7FF47DAFF5
:10150000507880F0010079E7029A2146384607EBCF
:10151000820305EB8202D3ED007A92ED007A019A04
:1015200077EE877AC3ED007A07EB820305EB820240
:10153000D3ED007A92ED007A77EE877AC3ED007AE8
:10154000FFF7A2FA0028C9D157E700BF000000004A
:10155000F01A0120900F0120480901202DE9F047E1
:10156000D2ED057A1546B7EE007A0F4695ED080ADA
:101570009846044600262DED088B92F82C20C7EEE5
:10158000278ADFEDA77A86B012F0010995ED038A6C
:1015900014BFD5ED079ADFEDA39A12F0020320EEF7
:1015A000270A9A4614BF95ED07AA9FED9EAA14F04C
:1015B00065FCD7ED02BAB0EE409A95ED04BA03ABE4
:1015C000F0EE6BAA38687968BA68EBEE00AA07C338
:1015D0000136F0EE680A07EE906AB8EE670A14F07A
:1015E000A5FC28EE000AB4EEC0BAF1EE10FAEFDC6A
:1015F00095ED01BAAA6A3BEE6BBAB5EEC0BAF1EE50
:1016000010FA08DDB9F1000F01D0F1EE699ABAF1D4
:10161000000F40F0F28095ED067A79EE8A7AB5EE09
:10162000407A37EE8BBAF1EE10FA07D027EE0B7A3C
:101630007BEE677AC7EE276AC5ED066AB5EE409A7B
:10164000237D43F00103F1EE10FA237540F0D880BA
:1016500012EB060900F0B680012695F82C3003A89D
:10166000D5ED027AD90797ED007A78EE277AD5ED95
:10167000096A48BF95ED046A214648BF77EEC67AED
:10168000A7EEA67A8DED037AFFF7FEF9002800F0A9
:10169000998004F0D7F8002800F09980217D227904
:1016A000637E21F0010142F0800243F002032175C4
:1016B0002271637695F82C30DA0715D5DDED037AC3
:1016C000214695ED046A03A8D5ED096A9DED057ADA
:1016D000E6EE267A37EE697A8DED057ACDED037A5E
:1016E000FFF7D2F900286DD0DDED057A214603A879
:1016F00077EE8B7ACDED057AFFF7C6F9002861D039
:1017000095F82C309B0715D5DDED037A214695ED34
:10171000046A03A8D5ED096A9DED057AE6EE667ABE
:1017200037EE4A7A8DED057ACDED037AFFF7ACF905
:10173000002847D004F086F8002859D0227DB14512
:10174000237942F0010223F080032275237144D0F3
:10175000013695ED038AF0EE680A07EE906AB8EE5E
:10176000670A14F0E3FB28EE008AD5ED047A2146DF
:10177000D5ED096A03A8F4EEC87A97ED007AF1EE88
:1017800010FA38FE278A78EE677AA7EEA67A8DEDF2
:10179000037AFFF779F9A8B1B5EE409A637EF0EECF
:1017A0006A7A214668F3410303A8F1EE10FA6376E2
:1017B00018BFE9EE487ACDED057AFFF765F9002804
:1017C0007FF44BAF06B0BDEC088BBDE8F0870CF0A2
:1017D00071FD00283FF462AFF4E73B68214603A89F
:1017E0000393FFF751F906B0BDEC088BBDE8F08715
:1017F0000CF060FD0028A1D0E4E7B1EE4AAA0AE7A8
:10180000F0EE6A7A214603A80192E8EE497ACDED1E
:10181000057AFFF739F9019A00287FF419AFD1E76B
:1018200035FA8E3C0000000070B50546944621480C
:10183000AB8A4A6E43F4C2632A6043F00403AB826E
:10184000D1F8C430EB6190F826315B0713D501F174
:10185000A404194B194A6146D3F81431204698471D
:1018600029462046FFF710F90CF024FD30F40073F0
:1018700014D0002070BD124B01F1A40493F89920FC
:10188000002AEDD00C48114658330122D0F80C61E3
:101890002046B0470028E3D10F2070BD02F0F2FCD3
:1018A0000028E6D020200CF00BFD0DF07FFE0DF09F
:1018B00023FBDEE7F01A0120E0040120A00901204B
:1018C0004809012008B52DED028BB0EE408A0CF0DE
:1018D000F1FC022802D1BDEC028B08BD03F0B2FF7F
:1018E000B0EE480A0020BDEC028BBDE8084001F0D4
:1018F000BBBD00BF2DE9F04F87B004468A46934632
:101900000CF0D8FC022800F0A680874B93F8213118
:10191000DA0700F1848004F10C07834EDFF834828B
:101920003D4635ED010A243ED6ED277A20EE270A02
:1019300014F0CCFAA54248F8040DF2D17B4BDFF845
:1019400018921B7D89F82A3003F07CFF0546002899
:101950007DD0DFF8EC81D8F8B43043B10CF0AAFCAC
:10196000B0F5007F03D099F848309B077FD1002560
:101970000095D8F8B83013B303A86D4910F01EF8DD
:1019800006AADFED6C6A002003234FF0010C77ED0F
:10199000017A013B32ED017A0CFA03F177EEC77A56
:1019A000F0EEE77AF4EEE67AF1EE10FA00DD0843A5
:1019B000002BECD1D8F8B830524621469847B9F8F8
:1019C000083001215C4FCBF3C00023F00203A9F8DB
:1019D0000830D7F810319847D7F81431984700F0FD
:1019E0000303022B23D1514620460193FFF74CF805
:1019F00068B301230199514889F838303B6C984706
:101A000008E00CF057FC002845D00CF053FCB0F572
:101A1000007F40D003F0BCFB0028F2D117E0484B18
:101A20000021484A2046D3F81431984773E7BB6C2D
:101A300004214548984703F0ABFB0021D7F810314B
:101A4000084698475DB9D8F8BC3003B198470220E2
:101A500007B0BDE8F08F002007B0BDE8F08F00238D
:101A6000D8F8B440009A19461846A047EBE7B1EE03
:101A7000040A0820D8F8B4600FF0B4FF0021024631
:101A8000012300900846B0479AF8153060F3C3036D
:101A90008AF815306DE799F83830012B31D0B9F854
:101AA000083043F00203A9F80830D7F810310027B6
:101AB0003946384689F83870984703F069FB35B1E4
:101AC000009A3B46D8F8B44039463846A0470DF056
:101AD00003FC02F01DFB02F0DDFE15491B480FF070
:101AE0006DFF114B93F91831002B19DBD8F8BC307E
:101AF00003B19847B9F80800C0F3400007B0BDE84B
:101B0000F08F134B1BF0100F03F1600207CA83E83C
:101B10000700CAD103F114000521BB6C9847C4E744
:101B200006F074F8E2E700BFF01A0120900F0120E0
:101B3000D409012017B7D1380806012084090120F3
:101B4000E0040120A009012088090120682101206A
:101B50007409012080090120480901200E4B1A78E0
:101B60000AB10020704700B583B002F091FC0A4B27
:101B700010B9002003B000BD9A7A019022F005024E
:101B800042F004029A720DF07FFC0DF00FFD0DF093
:101B9000B3F9019803B000BD480901200F4B81B291
:101BA0000246D88B884210B582B004D0019203F06F
:101BB00049FE019A094B187808B102B010BD1446CD
:101BC000DA83F6F7F3FDC0680028F6D004F00101CF
:101BD00002B0BDE810400BF02DBE00BF4809012047
:101BE00070B5244CE36B99062DD4234D202104F1CC
:101BF0003C002B6C984723792BBB607918BBD5F838
:101C0000E03003B198470CF055FB10F02C0F1BD0BF
:101C10000123E3700CF04EFB042822D0AB6C0321AF
:101C2000164898470DF098F9EB6E9847420611D583
:101C3000AB6C0A2111489847114BD3F8EC3013B123
:101C4000BDE87040184770BDA37A13F00603DFD1DA
:101C5000E370E9E7C305EFD5AB6C1121074898475E
:101C6000EAE7236C002BDDD1AB6C062103489847D3
:101C7000D8E700BF48090120080601208809012093
:101C8000E00401202DE9F0430022954B954C85B0EE
:101C90001A60814694F88E21C5B2910629D5A3F128
:101CA000880713F87C1C0DBB19BB97F848302946F0
:101CB0004FF00700072543F0070387F84830FEF789
:101CC00029FA03F065FA002800F0CB8094F88E31F1
:101CD0009B0640F1AB8007233D7B002123EA0505ED
:101CE00087F848302846FEF715FA9FE0294000F0B3
:101CF000AD80D4ED117AF5EEC07AF1EE10FA40F233
:101D0000BA8094F82631DFF8F8811A070BD598F8D5
:101D1000183243B9D8F85C309847FEF76FF9C0B273
:101D2000002840F0CE8004200CF0CAFA94F8190183
:101D300010F0100609D16C480121D8F840309847BE
:101D400030469FED6A0A01F08FFB0BF063FF00281D
:101D500073D1D8F878309847C0B200284DD1002D03
:101D600051D1634F3A7B97F8483023EA0203614A26
:101D700087F84830D31C12F8016F36BB9342FAD172
:101D800094F826014FF00001D8F8583000F0010017
:101D90009847002D75D104200FF0BAFE94F8263133
:101DA00003F00303032B1BD04FF00009FEF750F99B
:101DB000514AD2F8B02022B1B9FA89F1284649092E
:101DC0009047484605B0BDE8F0833046019235465D
:101DD000FEF7AAFC8146002859D1484B019ACDE76D
:101DE000474BDB6D9847FEF709F9414B93F8983064
:101DF0000342D9D04FF02D09DAE74FF00000F6F793
:101E0000E9FC002DADD04846FEF78EFC94F8261173
:101E1000D8F85820814601F001004FF000019047AA
:101E200003F0B6F9E8B1B9F1000F3DD102F032FD8F
:101E3000344935480FF0C2FDADE7F6F7BBFCD8F8E2
:101E400078309847C0B2002889D0D6E797F8483054
:101E50002B4387F84830FEF75DF903F099F9002825
:101E6000E4D1254BD3F8B03013B100212846984770
:101E70004FF0FF09A5E74FF00509484605B0BDE85A
:101E8000F08303F085F900287FF420AFE9E794F8A8
:101E900026014FF00001D8F8582000F001009047CB
:101EA00003F076F90028DCD00CF004FA042812D0F4
:101EB000114AD2F8B020002A83D00021284690474A
:101EC0007FE7FFF78DFE0121D8F848304FF0FF097A
:101ED0000E48984775E700200CF0F2F9E8E700BFDC
:101EE000D0090120F01A012084090120CDCCCC3D7D
:101EF00048090120811C0120E0040120841C0120EC
:101F000008060120D40901200810012088090120B9
:101F1000704700BF044B1B899B074CBFB7EE000AFC
:101F20009FED020A704700BF480901200000000031
:101F3000024B93ED110AB8EEC00A70474809012020
:101F4000034BD3F8D43093ED040AB8EEC00A7047BF
:101F5000900F0120094BA3FB0023DB0803EB830355
:101F6000A0EB430080B2032805D8054B03EB8003A8
:101F700093ED0F0A70479FED030A7047CDCCCCCC90
:101F8000900F012000000000054BF7EE007A1B7D4A
:101F900000EE103AB8EE400A30EE270A704700BF54
:101FA000900F0120034B93F8C43000EE103AB8EEC6
:101FB000400A7047900F0120094BA3FB0023DB0868
:101FC00003EB8303A0EB430080B2032805D8054B45
:101FD00003EB800393ED310A70479FED030A7047CE
:101FE000CDCCCCCC900F012000000000044B93F826
:101FF0001D3103F0010300EE103AB8EE400A7047BD
:10200000F01A012010B99FED140A7047DFF850C094
:10201000ACFB0023DB0803EB8303A0EB43039BB281
:102020005A1E022A10B5144684B00AD80B4A6946D3
:102030008218D01AACFB00C0C0F307100AF07EF87B
:1020400018B99FED050A04B010BD0DEB840393EDA4
:10205000000A04B010BD00BF000000009CEBFFFFB1
:10206000CDCCCCCC104BA3FB0023DB0803EB8303CC
:10207000A0EB430083B2032B02D99FED0C0A7047FB
:1020800000B587B00A2002A901930AF057F818B9E1
:102090009FED060A07B000BD019B0DEB830393ED96
:1020A000010A07B000BD00BFCDCCCCCC00000000C1
:1020B000104BA3FB0023DB0803EB8303A0EB4300DF
:1020C00083B2032B02D99FED0C0A704700B587B08D
:1020D000092002A901930AF031F818B99FED060A08
:1020E00007B000BD019B0DEB830393ED010A07B020
:1020F00000BD00BFCDCCCCCC00000000334BA3FB17
:102100000023DB0803EB8303A0EB430083B25A1EDA
:10211000022A0BD92E499FED2F0A91F81C31DB07BB
:1021200003D5DFED2D7A20EE270A704730B52B4C12
:1021300087B02B4D94F82A00297D814215D127497B
:1021400001EB83032249D3ED0A7A02EBC20301EBD0
:102150008303F8EEE77A93ED0C7A87EE870A204B3B
:1021600003EB8202D2ED027A2CE002A9CDE9002332
:1021700009F0E4FF60B99FED170A154991F81C3189
:10218000DA0703D5DFED147A20EE270A07B030BD59
:10219000019B009A04EB83030D4994F82A00D3EDC8
:1021A0000A7A02EBC20301EB8303F8EEE77A93EDC0
:1021B0000C7A2B7D87EE870A9842D0D00DEB8202F5
:1021C000D2ED027A30EE670AD8E700BFCDCCCCCC96
:1021D000F01A0120000000003333CB4148090120F0
:1021E000900F012010B50446F6F722F9094BA3FB26
:1021F0000423DB0803EB8303A4EB4304A4B2032C06
:1022000004D800EB840010ED010A10BD9FED020A16
:1022100010BD00BFCDCCCCCC000000001F4BA3FBF9
:102220000023DB0803EB8303A0EB430080B202280A
:102230000BD91B4B9FED1B0A93F81C31DB0744BFE6
:10224000DFED197A20EE270A7047DFF860C000EB57
:10225000C002134B00210CEB800C03EB82029CEDBF
:10226000237AD2ED0C6AB8EEC77A00B5C7EE267AAB
:1022700083B00193CDED007AF6F7F4F8019BDDED24
:10228000007A93F81C3137EEC00ADA0703D5DFED88
:10229000067A20EE270A03B000BD00BFCDCCCCCC1F
:1022A000F01A0120000000003333CB41480901201F
:1022B000431E41F2C3329BB293424FF0000310B56C
:1022C0001BD9DFF86CE00B6016237246B2F8A8C089
:1022D000013B84450CD8B2F8AA40844208D30EEBE7
:1022E000C3030C465B68984784ED000A012010BDCB
:1022F000083A002BEAD1184610BD1E280B6010D9F1
:102300000024094B1B681BB9F0E7DB68002BEDD0FC
:102310001A68A242F9D19A888242F6D19B680B6072
:10232000E4E7024B1C68ECE704140120300D0120A7
:1023300030420060431E41F2C3329BB2934201D946
:10234000002070471E2810B584B013D90024284AF5
:10235000014613681BB932E0DA6872B113461A6895
:10236000A242F9D19A888A42F6D1012083ED020A6D
:1023700004B010BD1F4B1C68E9E7B5EE400AF1EE52
:1023800010FA07D1B5EE400AF1EE10FA0CBF0120A9
:102390000020EDE710208DED030A0093CDE9012127
:1023A00015F070FD02999DED030ADDE90032002869
:1023B000E8D081800460C260D8600346D5E7B5EEFE
:1023C000400AF1EE10FADDD0009010208DED010AE8
:1023D00015F058FD064A034600999DED010A0028B4
:1023E000D0D0002099801C601360D860BDE700BF8A
:1023F00004140120300D012010B5034682B03D28A1
:1024000000F2F281DFE810F0C801C501BC00B200A3
:10241000A600A3009E00990094008F003E008A0051
:10242000850074006C000B010401FC00F400420004
:10243000B901BF01B101EC00E700E200DB002301BC
:1024400042001C0118011201640064006400640071
:1024500064006400640064006400460046004600B6
:102460004600460046004600460046002A01A301F9
:102470009601710169016101520143013201D300EA
:10248000CD00C200A24B9B78012B2DD09FEDA10A5D
:1024900002B010BDA0F12902022A1DDC9E4902EB08
:1024A000C2029E4801EB830100EB8203044651ED1A
:1024B000067A93ED0C7AF8EEE77A87EE870A94F8BD
:1024C0001C31D807E4D5DFED967A20EE270ADFE746
:1024D0002038022840F36E819FED8E0A8F4CEEE784
:1024E0008B4BDB79002BD1D0B7EE000A02B010BDC8
:1024F000874B1A7D02EB820119294FEA4103C8BFBD
:1025000002F12D0303F5077300EE103AB8EEC00A8E
:10251000BEE77F4B9B78022BB8D1E5E77C4B9B78DD
:10252000002BE1D0B2E77A4B1B79002BDCD1ADE771
:10253000774B1B79002BA9D1D6E7754BDB78002BA5
:10254000D2D1A3E7724BDB78002B9FD1CCE79FED74
:10255000750A9DE76E4B4FF00A01AA229B7913FB87
:10256000012300EE103AB8EEC00A91E7684B1B88D1
:1025700003EB83035B0007EE903AB8EEE70A87E7C8
:10258000634B93ED210AB8EEC00A81E7664B5B6BA3
:10259000002B00F09F80984700EE100ABBEECB0A9C
:1025A00076E7624B93ED060AB8EE400A70E75A4BA5
:1025B00093F8483000EE103AB8EE400A68E7544B02
:1025C00093F82C30002B7FF461AF8DE7504B5B7E8E
:1025D000DA0789D45AE74E4B5B7E990784D455E7D6
:1025E0000020F6F7E3F8037898073FF57DAF4DE755
:1025F0000020F6F7DBF84378012B7FF447AF73E751
:102600000020F6F7D3F84378002B3FF46DAF3DE799
:102610003F4B93F82E30012B7FF438AF64E73C4BEF
:1026200093F82E30002B3FF45FAF2FE70020F6F732
:10263000BDF890ED020A2BE7354B93ED1C0A27E716
:10264000334B93F82D309C073FF520AF4CE7304BD0
:1026500093F82D30DB073FF519AF45E72C4BD3F846
:10266000D43093ED040AB8EEC00A11E72A4A137B6E
:102670003BB92A4B93F88E3113F0220F3FF406AF8B
:10268000072392F8482093437FF400AF2CE7264BB2
:1026900093F80B2292071DD5D3F81831D3B101203E
:1026A000984700EE100AB8EE400AF1E61E4B93F888
:1026B0000B22D1070ED5D3F818315BB10220984711
:1026C00000EE100AB8EE400AE2E6174B93F90A2230
:1026D000002A64DBBFEE000ADAE6154B1B68013303
:1026E00000EE103AB8EE400AD2E6094BD3F8D420F7
:1026F000D3F8880013699842ECD00C4BDB699847FB
:10270000B0F9083000EE103AB8EEC00AC0E600BFDB
:10271000900F01200000000048090120F01A01205C
:102720003333CB410000C84308060120E0040120F8
:1027300024F200202E4BD3F8D420D3F8883012692D
:102740009342C7D007EE903AB8EEE70AA0E6284ACF
:10275000284BD2F8D420DB6910699847B0F90830CB
:1027600000EE103AB8EEC00A92E60020F6F71EF826
:102770000378DC073FF5B8AE88E61D4B5B79002B8C
:102780007FF4B2AE82E61A4B5B79002B7FF47EAE0B
:10279000AAE69FED190A7BE69FED180A78E6D3F8C2
:1027A0001831002B96D00020984700EE100AB8EEA2
:1027B000400A6DE6124900EBC002124C01EB8303A4
:1027C000002104EB820293ED037AD2ED0C6AB8EE9D
:1027D000C77AC7EE267ACDED017AF5F743FEDDED37
:1027E000017A37EEC00A6AE69FED070A50E600BF9D
:1027F000900F0120E0040120C0027E48CDCC8C3F28
:1028000048090120F01A01200000C07F70B503784C
:102810000E46304D002B5AD001300024294601E0ED
:102820001F2C15D0A3F1410C43F02002202B8E4623
:102830005FFA8CFCD2B207D9BCF1190F98BF1346CE
:1028400001340EF8013B714610F8013B002BE7D133
:1028500000230B702B785F2B08BF6B78B3FA83F3E0
:102860005B09DBB9002333602B785F2B18D01A4B40
:102870001D681A4B1C6814B910E0A46A74B123686F
:10288000AB42FAD11349201D19F028FD0028F4D1DC
:1028900094ED090A012086ED000A70BD002070BD8C
:1028A0003E240F4DD5F8DC12013C0A480C3D19F0CE
:1028B00015FD18B1002CF5D12546DAE704EB4404E8
:1028C000074B03EB84031879FFF796FDE2E72946EF
:1028D000BEE700BF10120120300D012000140120BE
:1028E000483F006030B52DED028B0378B0EE408A92
:1028F00083B0414D002B7CD001304FF0000CAE4630
:1029000002E0BCF11F0F14D0A3F1410143F02002FB
:10291000202B7446C9B2D2B207D9192998BF1346E1
:102920000CF1010C04F8013BA64610F8013B002B0A
:10293000E7D100238EF800302B785F2B40D0002B9E
:102940004ED02E4B1D682E4B1C68FCB92C2015F068
:1029500099FA0446002843D02749043019F02EFE86
:102960000022274B25601C60A26284ED098A04F1D5
:10297000240003B0BDEC028B30BD1F49201D19F0AF
:10298000ADFC0028F1D0A36A33B11C462368AB42EA
:10299000F3D0A36A002BF8D12C20009315F072FA23
:1029A000009B0246E0B1101D13490193009219F0FB
:1029B00005FE009A019B15609362A2621446D4E75B
:1029C0006B786BB10F4D3E24013CD5F8DC120A4800
:1029D0000C3D19F083FC44B10028F5D10446C6E74C
:1029E000002003B0BDEC028B30BD0028F6D0254698
:1029F000A9E7AE469DE700BF10120120300D01206F
:102A000000140120483F0060C3B20246013B2DE99B
:102A1000F04385B0052B00F21281DFE803F00C30A3
:102A20003D869E039F4AD37F43F00803D37700205F
:102A300005B0BDE8F0830090F5F70AFFC0F3074545
:102A4000800325D5984B009A18681E46002800F090
:102A5000AC80964B196803E0C068002800F0A580A0
:102A600003689942F8D18388112BF5D1D0ED027A11
:102A7000FCEEE77A17EE903A1FFA83F896E0F5F746
:102A8000E7FEC0F3074000F00600062800F0EC80E7
:102A90001C2005B0BDE8F083F5F7DAFEC106F7D5D6
:102AA000814BC0F307421E461B68144602F0020C1D
:102AB000002B00F091817D4A1846116801E0C06842
:102AC00060B102689142FAD18288042AF7D1D0ED30
:102AD000027AFCEEE77A17EE902A90B2BCF1000F72
:102AE00040F0BE8003A9FFF7E3FBE0B122079DEDB4
:102AF000030A40F16781306888B16C4B1A6801E0C5
:102B0000C06860B103689A42FAD18388132BF7D169
:102B1000D0ED027AFCEEE77A17EE903A98B2FFF722
:102B200009FC002883D1272082E70BF0C3FB002893
:102B300090FAA0F35E48B3FA83F308BF4FF0FF3377
:102B4000013300EE103AB8EEC00AFFF7CBFEB7EE45
:102B5000000A5848FFF7C6FE69E7F5F779FE8303D8
:102B600096D5514A544B1068D3F81C11002800F038
:102B700030814E4B1A6803E0C068002800F0E08006
:102B800003689A42F8D18388112BF5D1D0ED027AEF
:102B9000002940F0DA80F5EE407AF1EE10FAC2D169
:102BA0004FF480200EF0B4FF41E7804600214046FC
:102BB000009209F0A9FC07460028B4D090F80CC098
:102BC00005F008030188BCF1060F009A8946A8EBBE
:102BD000010540F09880002B00F0CB803368002B7B
:102BE00000F0FF803149096803E0DB68002B00F04A
:102BF000ED8018688842F8D198881328F5D193EDB4
:102C0000020A3B88BCF1060F4344A3EB09031FFAF9
:102C100083F800F0E880FCEEC07A009217EE900A8C
:102C200000F05AFA009A01464046009209F03AFF35
:102C3000009A002800F0B280FF287FF4F9AE1F4B05
:102C40001B68002B00F08C80104605B0BDE8F043F7
:102C500018479A88112A70D0DB68002B00F0828018
:102C60001A689142F8D1F4E7154B9A690AB92620FF
:102C7000DEE60D4ADC691368002B00F0BF800B4ACA
:102C80001846126801E0C068F8B101688A42FAD1BA
:102C900081881129F7D1D0ED027AFDEEE77A17EE9F
:102CA000900A12E04809012004140120300D01208F
:102CB0006C97002074970020080601206C120120F8
:102CC000E0040120DB68002B60D019688A42F9D14A
:102CD00099881229F6D1D3ED027ACDED007AA0477A
:102CE0004268DDED007A002AC1D0FCEEE77ACDED36
:102CF000007A9DF80030022BB9D802EB83024448D9
:102D000092ED000A21E7CDE9003209F089FDDDE905
:102D1000003248B1002B41D03368002B54D03D49DC
:102D200097F80CC0096864E73846CDE9003209F02D
:102D30006FFDD0B1DDE90032ECE793ED020AEEE67B
:102D400000293FF42DAFDFED347AFCEEE77ACDEDCC
:102D5000007A9DF80000884700287FF421AFE2E662
:102D6000FF2065E69FED2C0AD9E63B7B062B7FF41E
:102D70005EAE2946384609F019F92548FFF7B2FD3D
:102D8000B7EE000A2548FFF7ADFD50E60093A047D7
:102D90004268002A3FF46BAF009BAEE73B7B062BFB
:102DA000E7D02946384609F0D5F800EE100A184851
:102DB000B8EE400AFFF796FDB7EE000A1748FFF796
:102DC00091FD34E61248C0E697F80CC09FED120A58
:102DD00017E70029BFD1E3E6BCF1000F0AD1604636
:102DE00080E69FED0D0A0620009200F099F9009A06
:102DF000014619E79FED080A184690E61846009329
:102E0000A0474268009B002A7FF477AF2FE700BFFE
:102E10006C970020300D0120000000007497002006
:102E20001D4B1B68F0B517465A1C83B006460C466E
:102E300024D003EB4303194A9B0003F10805134414
:102E40009B681544F3B1286898B1314650228DED46
:102E5000010A11F07DFB20682B686168A2689DED76
:102E6000010A186559659A65286880ED120A80F88C
:102E70004C70003818BF012003B0F0BD084D2B681E
:102E8000002BE0D15C208DED010A14F0FBFF9DEDDD
:102E9000010A2860D8E700BF24F20020340D012089
:102EA000081201200E4B1B685A1C15D003EB43037C
:102EB0000C499B0003F108020B440A449B6853B180
:102EC000106800B583B0019214F0E4FF0023019A6A
:102ED000136003B000BD7047034A1368EFE700BFFB
:102EE00024F20020340D012008120120064B1B683B
:102EF0005A1C06D0054A03EB430302EB8303986890
:102F00007047034B1868704724F20020340D0120ED
:102F1000081201200A4A1368082B0CDC03F1010394
:102F2000DFF824C0136003EB4303064ACCF800002B
:102F300002EB83035860D4BF01200020704700BF1C
:102F400024F20020340D0120300D01202DE9F8433A
:102F5000374F3D68002D3CDB364B1E68DEB1DFF895
:102F6000DC90D9F8004044B1A04623682046E468CC
:102F70009E423FD08046002CF7D1DFF8C490D9F8AC
:102F8000004044B1A04623682046A46A9E4226D051
:102F90008046002CF7D1284E05EB45036C0006EB6C
:102FA0008303986850B190F84C30002B35D12C44F5
:102FB00014F070FF002306EB8404A360013D002D94
:102FC0003D600ADB05EB450306EB83067368194A8F
:102FD0001360E843C00FBDE8F8830023F7E7D9F892
:102FE0000030834211D0C8F8284014F053FF002C61
:102FF000C9D1D0E7D9F8003083420AD0C8F80C40D4
:1030000014F048FF002CB0D1B7E7A046C9F8004043
:10301000EBE7A046C9F80040F2E7F5F71FFC3D6872
:1030200005EB45036C0006EB83039868BFE700BF20
:1030300024F20020300D0120340D01200414012061
:1030400000140120014B18680130704724F2002061
:10305000034B93F81C0100F001000330704700BFE0
:10306000F01A0120154B1A785AB9154A4FF0010C85
:103070001449D2F8200183F800C0134B0860C2F84D
:103080002031124B1B685A1C15D003EB4303104927
:103090009B0003F108020B440A449B6853B110687B
:1030A00000B583B0019214F0F5FE0023019A13607D
:1030B00003B000BD7047074A1368EFE7AB25012056
:1030C000E00401206C1201202DC7000024F2002032
:1030D000340D0120081201200F4B00229A7320B9F1
:1030E0003022184600F80D2F7047014603F10E00FC
:1030F00000B5DFF828E0AEFB013209294FEAD20221
:1031000002EB8203A1EB4303114603F1300300F805
:10311000013DF0D800BD00BFE80C0120CDCCCCCCE7
:10312000B5EEC00A464B0022F1EE10FA10B59A73C4
:1031300075D4F0EE407A434B03EB800393ED007AB5
:1031400077EE877ABCEEE77A17EE101A00284ED099
:10315000B8EE477A012877EEC77A5BD003469FED39
:103160003A7A023B67EE877A012BFAD84308C3F11B
:10317000010300EB4303022B4CD10138334AFCEE30
:10318000E77A5FFA80FE501E17EE903AA0EB0E042D
:103190002F48A0FB030C002B44D04FEADC0C0CEBB7
:1031A0008C00A3EB40006346303002F8010DA242D0
:1031B000EED1284BA3EB0E032E2203F8012CE1B134
:1031C000581E234CA4FB013209294FEAD20202EB1C
:1031D0008203A1EB4303114603F1300300F8013DE4
:1031E000F0D8B5EEC00AF1EE10FA0FD410BD174BAF
:1031F0002E2203F8012C0029E2D1B5EEC00A3022BC
:10320000981E03F8022CF1EE10FAEFD52D230138A9
:10321000037010BDB2EE047A67EE877AADE7F1EE87
:10322000407A88E73020531E02F8010CA342C0D038
:1032300002F8020D9442F6D1064BA3EB0E03BBE756
:10324000E80C0120E0E100200000C842F60C01205B
:10325000CDCCCCCCF50C012010B52E21044617F0B6
:10326000F3FC78B1204619F059FA0138235C204468
:10327000302B05D1002200F801290378302BFAD039
:103280002E2B01D0204610BD00230370204610BD18
:103290000B68F0B51746C218C35C2D2B4AD02B2BF8
:1032A0000C46054640D002F1010C002B38D000211D
:1032B000214E0A468E4608460EE0CAB953EA0E0170
:1032C00019D00130042B88BF092801D8B64529D967
:1032D0001CF8013B0121C3B1303B092BEDD902336E
:1032E0001CD1DAB91CF8013BC3B1303B092B15D80E
:1032F000F3B90122E6E796460EEB8E0E1CF8013B71
:1033000001EB4E0E0121002BE6D1ACEB050CC7F80A
:1033100000E000200CF1FF332360F0BD0029F4D160
:103320000220F0BD1946E7E702F1020C5378BCE732
:103330001720F0BD0420F0BD999999190B682DE96B
:10334000F04310F8038091460D460746B8F12D0F63
:1033500000EB030259D0B8F12B0F56D002F1010E49
:103360004346002B60D000200246844606460446B1
:103370000FE053EA0C014FF001000CEB8C0118BF79
:103380003618092E45D8A41A03EB410C1EF8013B50
:103390005BB1303B82F00101092BEAD99A1C14BFC2
:1033A0000023012313EA0102F0D160B307EE90CAB3
:1033B000F8EE677AF5EE407AF1EE10FA17D0611C5C
:1033C0000CDA9FED1A7A2346023367EE877A5A1C8D
:1033D000FADB0234634223F001031C44631C1ED059
:1033E0002CB1B2EE047A013C67EE877AFBD1B8F1DA
:1033F0002D0FAEEB070E08BFF1EE677A0EF1FF332B
:10340000C9ED007A2B60BDE8F08302F1020E53781B
:10341000A7E71046002AB9D101340120B6E79FED95
:10342000047A67EE877AE2E71846ECE70AD7233C8E
:10343000CDCCCC3DB4EE400AF1EE10FA0FD6F6EE4C
:10344000C07A30EE670ADFED077AB0EEC00AB4EE5C
:10345000E70AF1EE10FA4CBF01200020704700206F
:10346000704700BF6F12833AF3EE047A70B520EE16
:10347000270ABAFE400AFCEEC07A17EE904A5CB109
:1034800005460B4E55B901F083FE50B1F36B002198
:1034900032209847013CF5D1012070BD01F0B0FB0E
:1034A00008B9002070BD0AF0F5FE0028F9D1EDE75B
:1034B0000806012000B59FED1C0A83B000F10C0343
:1034C00073ED017AF5EE407AF1EE10FA18BFA7EE2F
:1034D000A70A9842F4D1B5EE400AF1EE10FA1BD4D7
:1034E000F1EEC05AD0ED026A90ED017AD0ED007A8B
:1034F000B7EE005AB0EE650A85EE256A66EE866A7A
:1035000027EE067A67EE867AC0ED026A80ED017AD0
:10351000C0ED007A03B000BD019012F087FC019865
:10352000F0EE405ADEE700BF000000004FF0FF332E
:1035300000224FF0FF3130B5A24CC5184FF0FF30DC
:103540009646A26044E902019F48C4E9002244E98A
:10355000063344E904336B7805F1010CC15C49077B
:1035600000F19F802D2B00F0A7803A2B00F0A48063
:10357000542B18BF5A2B00D073B90EF1FF31042918
:1035800004D8DFE801F0365803037F0065460EF1EA
:10359000010E0022002BDED154E9021354E904028B
:1035A0000B43134354E9062103430B431343002BFE
:1035B00040F3CB80854830BDA2F2B271812900F280
:1035C000BA802D2B40F0B780A2F26C7205F1020C8C
:1035D00044F8042CAB78C25C520700F1CD803A2B42
:1035E00007D02D2B05D0542B18BF5A2B01D0002B00
:1035F000D2D165464FF0010EC9E72D2B02F1FF3203
:1036000040F0D7800B2A00F2D48044F8082C05F152
:10361000020CAB78C25C550700F1B9803A2B00F080
:10362000C4802D2B00F0C180542B18BF5A2B01D021
:10363000002BB1D10022542B40F0B780002A00F0BB
:10364000B48054F8083C624D23EAE371012B695CB5
:103650007DD0914201D344F80C2C654600224FF0F6
:10366000030E78E73A2B6BD13B2A69D844F8142C27
:103670001CF8013FC25C520710D43A2B01D02D2B0D
:1036800073D10022002B18BF5A2B03D13B2A01D83B
:1036900044F8182C65464FF0050E78E700224FF0ED
:1036A000050E02EB8202A3F13001654601EB4202F6
:1036B000002B7FF450AF6FE7BEF1050F26D801A1B4
:1036C00051F82EF0DDD200001FD3000031D40000ED
:1036D00001D4000089D30000B1D200003A2B25D1DB
:1036E000172A23D844F8102C05F1020CAB78C25CE1
:1036F000510710D43A2B07D02D2B03D0542B18BFD1
:103700005A2B4FD13A2B59D10022AFE70EF1010EBF
:10371000654600221FE70022A3F130014FF0040E9E
:10372000654602EB820201EB4202C1E765460022D8
:103730004FF0040E0FE7724665464FF0010E0AE7A0
:10374000654600224FF0050E05E7002030BD54F815
:10375000043C642B3FF47DAFC3F30103002B08BF8F
:1037600001319142BFF477AF77E7542B18BF5A2B42
:1037700087D0002B85D00FE77246A3F130014FF0C0
:10378000010E654602EB820201EB420290E7002245
:10379000A3F130014FF0020E654602EB820201EB0D
:1037A000420285E7002BADD0F6E665464FF0020EEB
:1037B000EDE6654600224FF0020ECCE665464FF07E
:1037C000040EE4E6C8040120B10B0020B00401207F
:1037D000E0420060034628B100205A1E0130134029
:1037E000FBD17047704700BF704700BF014B1B689B
:1037F000185C704778F7002010B90E4B01225A7000
:103800000D4ADFF838C01378DCF800C06BB9B0FAA5
:1038100080F300B55B091CF800E00CF800108E4541
:1038200018BF43F00103137000BD13700CF80010B3
:10383000704700BFA01C0120A425012078F70020BC
:10384000F0B5264E83B084460C46B6F8BC51964679
:103850001F4625B1B6F8BE612E448E4236D33D4692
:103860007146634617BBF1B12F461D4E366801F114
:10387000FF3C06F1FF3E03EB0C0203F1FF3CA644C4
:103880001EF8010F0CF8010F9445F9D15DB10C44FD
:103890003219335D527843EA0223D81BB0FA80F024
:1038A000400903B0F0BD012003B0F0BD0C4ECDF8CF
:1038B00004C03068CDF800E02044F4F729FA074648
:1038C000DDE900130029D1D13668E1E7054CD4F8D1
:1038D00020C003B0BDE8F040604700BF08060120EB
:1038E00078F70020101301202DE9F843604FFC69A0
:1038F000002C00F08E805F4E737843B15E4A002347
:10390000116818460122A04780F001007070B3785A
:103910005BB1594A0023FC69012011684FF4D97248
:103920000131A04780F00100B070F37863B1524AD2
:103930000023FC6940F2B7301168482201F2B73128
:10394000A04780F00100F07072791AB30224DFF80A
:1039500028912346013B22FA03F1C80713D55842A8
:103960000121FD6901FA03F800F04800D9F80010C0
:10397000002322EA080200F2263072710144482234
:10398000A84700286ED1012C4FF0010402D07279B3
:103990002346DFE7F188E1B14FF42A790C24DFF800
:1039A000D880E14000230E224846C9070BD5D8F83D
:1039B0000010FD694944A847012320B1F288A340C3
:1039C00022EA0303F38074B1A9F10E09013CF188E6
:1039D000E7E733794BB9B378CBB97379BBB9F378EF
:1039E0003370BDE8F88333797BB1244BB3F8BE2143
:1039F000002A2CD02049B3F8BC0100230968FC69D7
:103A00000144A04780F001003071F3881BB301230B
:103A1000E6E7BB6A002BE4D0174D042428689847DA
:103A200030B9013C0AD0BB6A286898470028F8D012
:103A3000104B0022C3E90022BDE8F88302211048A0
:103A400003F0CAFF0B4B0022C3E90022F4E7F3881E
:103A50003271002BDBD1B378002BD8D13379002B16
:103A6000D5D1BAE7737923EA080373718BE700BFF6
:103A700010130120A01C012078F700200806012067
:103A8000689D00202DE9F04F944D85B084460C468A
:103A9000B5F8BC7192461E462FB1B5F8BEE1774429
:103AA0008742C0F096806346002E73D1DFF83CE277
:103AB0008EF80060BAF1000F00F0A4800396884AE7
:103AC00004EB0A0721460020D2F800B04FF00109AC
:103AD0001A46DFF81C820BF1FF3C9C44CDE901BE85
:103AE000B2FA82F411F801EB0AB988F8019064097E
:103AF000013230B99CF801B0F3450CBF204644F0C8
:103B000001008F420CF801EFEAD13C46DDE901BE2D
:103B10008EF80000002E4BD198F8012052B9D5F84C
:103B2000B821A24206D09EF8002032B9012005B08B
:103B3000BDE8F08F01228EF800206A4A1278002A30
:103B4000F4D0B5F8BC2101219A4288F8001002D8BF
:103B5000002A40F0808001210022634C04E0C2B2C0
:103B600034F822100029E1D0994202F10100F6D187
:103B700004EB82039B78042BD8D801A151F823F0E1
:103B8000C1D9000051D80000ABD9000095D9000080
:103B90008DD9000051462046CDF804C0F4F7B8F89E
:103BA000019B0390BAF1000F7CD0DFF840E186E77B
:103BB00013EB0A0A9DF80C2012D14FF0010A88F885
:103BC00001A048B38BF80020039A110AD3440122C4
:103BD00013E0444CD4F81CC005B0BDE8F04F60477A
:103BE00028B30BEB0A0002701AF1010A039A4FEA9C
:103BF0001221EBD1012288F801208BF800108EF8F9
:103C0000002089E7DFF8E88086E7DFF8E48001211B
:103C1000DFF8D8E088F801109BF8001091421DD021
:103C20008BF800204FF0010A039A110ACEE71BF827
:103C30000A100BEB0A009142D5D10399C1F3072179
:103C40001AF1010A0270D5D0D3449BF80020521A11
:103C500018BF0122D1E788F8041067E7039A0BF137
:103C6000010B110A0122C8E7012388F803305DE740
:103C700004EB8204012398F80520E1788B4013437C
:103C800088F8053052E704EB82040123B8F80620D7
:103C9000E1788B401343A8F8063047E7012388F802
:103CA000023043E70E4AD2F800B09DF80C20002BFA
:103CB000ABD01BF803100BEB0300914205D09A46E2
:103CC000DFF828E0DFF828808DE703999A46DFF8CF
:103CD0001CE0C1F30721DFF81880B1E708060120D6
:103CE00078F70020101301200CE40020A425012007
:103CF000A01C012017490B681BB1181E18BF01201A
:103D00007047154AD2F8B421B2F5006F1AD9B2F54E
:103D1000805F28BF4FF480524A60104600B583B0E0
:103D2000019214F0AFF80B490346086028B1019ADC
:103D3000FF21009016F00EFF009B181E18BF0120F7
:103D400003B000BD4A68B2F5806FE6D2181E18BFF6
:103D50000120704778F700200806012008B5074BBE
:103D6000186850B1064A12781AB1FFF7BDFD034B2F
:103D70001868BDE8084014F08DB808BD78F7002039
:103D8000A01C01202DE9F041434C444DD4F8B03142
:103D90002F68013B43F003030133C4F8B031002F17
:103DA00069D03F4E04F5D67EB446BEE80F00ACE8BD
:103DB0000F00BEE80F0096F80080ACE80F00B8F1E5
:103DC000030F9EE807008CE807005AD0B8F1000FF7
:103DD0002ED10423334A84F8AC31334BC4E9702329
:103DE000324A334BC4E97488C4E97223314B1878E2
:103DF00008F0FEF93378032B48D0F76947B1002368
:103E0000B4F8BE212968184602F58062B8473378B5
:103E1000002B34D0284B07209B6898472868002245
:103E2000264B801AC3E9002218BF0120BDE8F081AB
:103E3000B4F8BE2100233846376A02F5806219467D
:103E4000B8473278042384F8AC31164BC4F8C0313B
:103E5000154BC4F8C431154BC4F8C831144BC4F821
:103E6000CC310023C4E97433002ABFD0286803781A
:103E7000172BBBD1D3E712491248F9F705FB286885
:103E8000CDE7736A384698473278DBE7B36A28682B
:103E900098473378BCE700BF0806012078F7002078
:103EA0001013012011D500001DD50000A9D7000076
:103EB00065D5000058E30020E0040120A01C01208B
:103EC000809D002059170100024B1B780BB1FFF7B2
:103ED0000BBD7047A01C0120044890F8AC31042BA6
:103EE0000CBF034800F5D670704700BF08060120DC
:103EF00010130120064A13685168013303F00F03C1
:103F0000994203D0116813600A441072704700BFD1
:103F1000800E0120064A53681168994206D0591C48
:103F2000134401F00F01187A516070470020704768
:103F3000800E0120064A13685168013303F00F0315
:103F4000994203D0116813600A441072704700BF91
:103F5000AC1C0120064A53681168994206D0591CCE
:103F6000134401F00F01187A516070470020704728
:103F7000AC1C0120064A13685168013303F00F039B
:103F8000994203D0116813600A441072704700BF51
:103F9000B40D0120064A53681168994206D0591C95
:103FA000134401F00F01187A5160704700207047E8
:103FB000B40D0120002305480549064A436003600B
:103FC0004B600B6053601360704700BFB40D01205D
:103FD000AC1C0120800E01202DE9F041DFF820818A
:103FE00082B0454DD8F800102A68CC6DA24244D06A
:103FF000D4ED0C7AD4ED0D6A77EEA77A94ED0B7AB6
:10400000E36D67EEA67AF4EEC77AF1EE10FA37FEAA
:10401000277A9A4284ED0A7A63D0384F1FE093EDF5
:104020000B7AD3ED0A7A2A68F4EE477AF1EE10FAA9
:1040300011D0D3ED0C6AD4ED0A7A76EEA66A93ED30
:104040000D6AE6EE867AB4EEE77AF1EE10FA77FEC4
:10405000877AC3ED0A7A8A421C460B4610D0D96D86
:104060003A688A42DBD10020CDE900310BF0AEF98D
:10407000DDE90031D3E700B12E6002B0BDE8F08188
:10408000D8F80010136E8B42F7D0D2ED0A7A0020D8
:104090001DE0D2ED0C6A92ED0D6A76EEA66AE6EEB0
:1040A000867AB4EEE77AF1EE10FA17DD1E460120AB
:1040B000C3ED0A7A93ED0B7A1A46B4EE677AF1EE05
:1040C00010FA01D11E4601201B6E8B42D3D093ED16
:1040D0000A7AB4EEE77AF1EE10FADADCF0EE477A1B
:1040E000E8E7064B1B689A42CCD100200BF06EF932
:1040F0002A68D8F80010C5E7DC0C0120E40C012088
:10410000D80C0120014B1868704700BFE00C01205B
:104110002DE9F843DFF80C81D8F80030002B44D0AB
:10412000374F384D384E2C68A4B133689C4211D0BB
:104130004FF00009606D18B113F0ACFEC4F8549054
:10414000A06D08B1F4F756FB2A683368146E9C42E0
:104150002C60EFD1202200212C4816F0FBFCD8F86F
:104160000000D7F800C064226FF0C70700F16403B5
:1041700002FB0CF200213F1A6145024401F10101EA
:1041800014BF1C46044603F1640343E91B2407EBF8
:104190000302F1D1016E01241D4A1E4B30602860DC
:1041A000186020461160BDE8F8831B4B4FF064098E
:1041B000134FDE8A354605FB09903D6013F062FE21
:1041C000282DB0FA80F4C8F800004FEA541498BFC4
:1041D00000247CB9AE4204D10028A2D12046BDE81B
:1041E000F8830E490E48F9F74FF9D8F80000002877
:1041F000F4D096E7FA2D34BF0A236423ED1ADAE7E8
:10420000E00C0120E40C0120D80C01203C1301201B
:1042100030120120DC0C0120F01A0120A09D0020AA
:1042200021170100D40C0120104A114913680968B4
:104230008B4219D0586D10B582B030B1019313F094
:1042400029FE0021019B094A5965986D18B1F4F7C0
:10425000D1FA064A13680748196E046811609C4237
:1042600008BF016002B010BD704700BFE40C012020
:10427000D80C0120DC0C0120014B1868704700BFEE
:10428000D80C0120034A044B10681B68834208BF06
:1042900000207047E40C0120D80C0120054B064A91
:1042A0001B6812681B6E9A4214BF93ED0A0A9FEDB9
:1042B000030A7047E40C0120D80C01200000000024
:1042C000044A054B10681B68C01AB0FA80F0400918
:1042D000704700BFE40C012030120120027D03462C
:1042E00090ED100A500600B583B01AD493F944102B
:1042F000002916DBD10728D5234B9FED247AD3ED77
:10430000057AF8EE677A67EE877A27EE800AF7EE8D
:10431000007AB4EEE70AF1EE10FA30FE270A03B095
:1043200000BD1A6D01208DED010AD26B00939047FC
:10433000009B17491A7DD0ED007A9DED010AC1ED71
:10434000077AD10720EE270AD6D40F49D3ED0F7A8A
:104350000B69642B11D0D2060FD407EE103AB4EEDD
:10436000E70ADFED0A6AB8EE477AF1EE10FA27EEB7
:10437000267A37FE800A27EE000AB4EEE70AF1EE4D
:1043800010FA37FE800AC2E7480901200AD7233C09
:104390003C13012070B51C4E1C4D346828688442C3
:1043A0002DED028B29D09FED1A0A0FE028EE088A26
:1043B000D4ED0E7A2B68B4EEE78AF1EE10FA77FEB0
:1043C000887AC4ED0B7A246EA3420CD0B0EE408AFA
:1043D0002046FFF783FFB4EEC80AF1EE10FAE5DCE1
:1043E00020EE008AE4E730680A4A181A82ED060ACD
:1043F00018BF0120BDEC028B70BD0346BDEC028BE3
:10440000181A18BF012070BDE40C0120D80C01203F
:104410009976967E3C130120014601200B6D00B574
:1044200083B0DB6B01919847144BD0ED007A93ED8C
:10443000077A0199B4EE677AF1EE10FA06D0C3ED6F
:10444000077AFFF7A7FF40B903B000BD0A220C4866
:1044500003B05DF804EBF8F7AFBE00200AF0B6FF3A
:10446000084B094A1B681268084993420B60EBD05D
:1044700003B05DF804EBFFF7AFBD00BF3C130120B4
:104480003DE10000E40C0120D80C0120DC0C0120EF
:104490002DE9F04F0E46C34905465C220C68002109
:1044A0002DED028B91B0DFEDC08A0190204616F011
:1044B00051FB7068B1680DF11C0CF2680DF1280910
:1044C0003369E3466064C846A164E26423657369A6
:1044D0006361338B6382F369A361B37E6374D6E94E
:1044E0000823C4E91523AB686A6829680325636259
:1044F000237D22629F07E161019B4CBFAB4AAC4A1E
:1045000003F10C0AAB4F07CA03978CE80700029629
:104510004E4697ED1E8A013D3AED010A28EE000A4B
:1045200011F0D4FC56F8042D4BF8040D801A00F05D
:10453000858007EE900A80EAE0710123B8EEE77A01
:10454000A1EBE07144F82510C7EE087AE2688A42D0
:1045500038BF0A460028E26003FA05F2964BD2B251
:10456000197821EA020041EA0201C8ED027A6ADB09
:10457000914B1870243FA8F10408002DC9D18E4B2F
:10458000029E1B782374A36C002B50D05A69894873
:104590000DEB820193ED046AD3ED037AD1ED076A46
:1045A00002EBC20100EB8101F8EEE66AD1ED0C5A94
:1045B00086EEA57A37EE467AB5EEC07AF1EE10FABD
:1045C0000EDDDFED7E6AD3ED005A27EE267AC5EECA
:1045D000876AF4EEE76AC4ED136AF1EE10FA03DDC0
:1045E000F0EE676AC4ED137A019901EB820A9AED45
:1045F000007A37EE467AB5EEC07AF1EE10FA40F363
:10460000C9809FED6E6AD3ED005A27EE067A85EEDB
:10461000876AB4EEE76AF1EE10FA00F3BB80F0EEC1
:10462000467A83ED016A77EEE67AC3ED027AE068B6
:1046300058B911B0BDEC028BBDE8F08F44F82500ED
:10464000C8ED028A96E7197094E700234846C6E948
:104650000833FEF72FFF0DA9DFED596A554A0B46C7
:1046600084ED0D0A33ED017AB5EE407AF1EE10FAE1
:104670000BD092ED206AC6EE077AF0EEE77AF4EE00
:10468000E67AF1EE10FA76FEA76A4B45A2F1240213
:10469000E8D1DFED4B7A0B46464AC4ED0C6A73ED68
:1046A000016AF5EE406AF1EE10FA0BD092ED1F6A46
:1046B00086EE267AB0EEC77AB4EEE77AF1EE10FA1B
:1046C00077FE877A4B45A2F12402E8D1237DC4ED21
:1046D0000F7ADD0705D4D6ED007A980648BF67EE5D
:1046E000807A384A03F00203C4ED107A10682D4A2C
:1046F0001268824272D0002B4FD110AD9FED2A8AF2
:10470000314A2B4671ED017A32ED017A494577EE57
:10471000C76AA7EE678A63ED016AF3D1DFED2B7AF2
:10472000B4EEE78AF1EE10FA5EDD0023A3632046C3
:10473000FFF7D4FD1E4BD3ED067AB4EEE70AF1EE97
:1047400010FA5ADD67EEA77A94ED0E7A227DF4EE28
:10475000C77A83ED060AF1EE10FA37FE277A1207C0
:1047600084ED0B7A08D41A4C99E8070084E8070016
:1047700004AA07CA83E80700164B0A481A68116E94
:1047800002601960FFF728FC012011B0BDEC028B1C
:10479000BDE8F08FC3ED017A45E70023A362A36370
:1047A000F2E700BFD80C012000000000D40901206E
:1047B0003C130120F01A0120180E0120DB0FC94024
:1047C0009976967EE40C012054130120EFFF7F3F81
:1047D0004813012030120120EFFF7FBF0022A262A8
:1047E000A263002BD0D1A2E75FED057AB4EEE78A91
:1047F000F1EE10FA04D5234B98E760EE007AA3E7B8
:104800000DA8FEF757FEDFED207A039B75ED016AD8
:10481000F5EE406AF1EE10FA0BD093ED206A86EEC9
:10482000267AB0EEC77AB4EEE77AF1EE10FA77FEA8
:10483000877A0DAA243B9542E8D1F7EE006A134B24
:10484000B6EE006A9FED127AD3ED015A36EEC88AB1
:10485000237D67EEA57A03F0020328EE068AB1EE07
:10486000C86A67EE867A76EEC66A87EEA66AB4EE06
:10487000C67AF1EE10FA37FE067A84ED0E7A002B36
:1048800082D154E79976967E9976967EF01A012029
:1048900000000000034A044B07CA83E80700FCF746
:1048A000EBB800BFD40901203C1301200A4A0B4B8E
:1048B00012681868824207D30949121A094B9210EC
:1048C000086803FB12007047801A064B801003FB38
:1048D00000F00138704700BFD80C0120E40C012023
:1048E000E00C0120295C8FC208B500200AF06EFDA3
:1048F000064B074A1B681268064993420B6003D0B7
:10490000BDE80840FFF768BB08BD00BFE40C01200C
:10491000D80C0120DC0C01202D4A92F81FC01CF09D
:10492000010C39D130B5146983B028B3C8280346C7
:1049300028BFC8230A2B38BF0A2300293DD1A34230
:1049400028D050690D4650614020136101930DF04D
:10495000DFF8FFF71FFD019BF8B91E494A6BCAB18A
:104960009C4202D0002090471A499DB14B6B002019
:1049700003B0BDE83040184761B16429234628BF21
:1049800064210529084638BF05205169814201D0BC
:104990000125D8E703B030BD704700200AF016FDAE
:1049A0000D4A0E491268019B0A600D4909688A4246
:1049B000D3D0FFF711FB019BCFE7642928BF642107
:1049C0000529084638BF0520A342DED06546BAE770
:1049D00048090120E0040120E40C0120DC0C012046
:1049E000D80C01202822002110B5044616F0B2F898
:1049F0000B4B4FF0FF3093F89330A376F3F7D6FECE
:104A0000084B627D93F89930C168B3FA83F3216152
:104A10005B0963F3410263F38202627510BD00BF5C
:104A2000900F012048090120114BD3F824218AB1AD
:104A300002280ED0D3F8142110B504469047C0F3D5
:104A400007223F2A04D80A4B93F90A22002A02DBE4
:104A500010BD10477047C0F34002201E18BF012050
:104A60008242F5D0D3F82431BDE81040184700BF8A
:104A700008060120374B00B5D3F8D03083B09847F3
:104A800003B20D2B3DDC5A1C2BDB5A1C0E2A46D8D8
:104A9000DFE802F02545454545454545453945088A
:104AA000454508002C4A00202C4B116858541878B2
:104AB00000283ED1DFF8ACC0002101938CF89200B1
:104AC000DFF8A4C019701160DCF808100092884764
:104AD000009A019B12686AB90023214A137003B03F
:104AE00000BD1D4A116841BB01F1010C1B4BC2F80E
:104AF00000C058541B78A3F12403B3FA83F35B0975
:104B0000EBE77F2B0BD114490A68002AE4D0013A65
:104B1000124B00200A609854002AEBD1DCE70E4AC1
:104B2000116851B9202BD7D001210C4B116018709E
:104B3000E0E7242805D00920BCE7FF29D4D9074B9A
:104B4000D8E71846019200930CF0C6FDDDE900326B
:104B5000B0E700BF08060120AC0D012004110120C0
:104B6000AE250120900F0120E0040120154B1B7899
:104B70000BB10020704710B5044609F09BFBD0B97B
:104B8000114BDB6B1B060ED4104B93F88C2062B1DB
:104B90001B7E53B92378242B07D163784A2B04D189
:104BA000A3783D2B01D1002010BD2146054817F008
:104BB00005FD012010BD09F07DFB40F221231842C4
:104BC000DED1F0E79024012048090120900F012058
:104BD000084B1A780AB95A7802B1704710B5FFF736
:104BE00051FB30B1044A02210448136CBDE8104067
:104BF000184710BD4809012008060120840901203A
:104C00002DE9F041944C82B0236C3BB1934E0021CE
:104C100004F14000B36C984700284DD10025E36BA8
:104C200033B18E4E00218E48B36C9847024610BBBC
:104C30008C4D2E6D09F03EFBB04794F82030DF0715
:104C400040F1DA8013F0040200F0CC80990740F1C3
:104C50008E8009F02FFB10F0FC0F40F08580237848
:104C60001BB1002002B0BDE8F081607880F0010047
:104C700002B0BDE8F081C0F34013237110F02003AF
:104C800040F0D281C10600F1FB80764DD70700F1DC
:104C90000082D60400F1F881900400F1F081110542
:104CA00000F1E881530400F1E0816F4810400028D2
:104CB000BFD009F04DFDBCE7E56B0190C5F3401294
:104CC00015F020052271C2B240F087811046009293
:104CD0000CF0D0FEDDE90021142A00F2A281634B22
:104CE000D340D80740F19D810123B56C60486371C2
:104CF0000092A847009A5B4D0A2AE96800F03282C8
:104D0000112A00F0EA81012088470023594A1370D4
:104D1000594A1360D6F8D43098472021736C504814
:104D2000984710E0E36B01214D48DB0705D5736C14
:104D30009847D6F8C40003F0FDFFFFF79BFE4FF441
:104D400080702B6D9847E36BC3F340129F0622706F
:104D5000E8D5F36E984710F4A071E3D1B36C4448E2
:104D60000091984700987DE70AF020FC77E7FFF76D
:104D700011F9034600283FF46CAF404A1746567EAF
:104D80000CE0A12B40F03A81344B93F81A329A0789
:104D900000F13B81FFF7FEF8034698B1A02BF0D15C
:104DA0002E4B93F81A32DB07F4D509F083FA00286A
:104DB00040F0B281F34363F30006FFF7EBF80346DC
:104DC0000028EBD17A7EF1B291423FF442AF3046F7
:104DD0000093F3F7FFFC6A6B002A3FF43AAF0098A8
:104DE000904736E70092FFF7B5F80646002840F0F6
:104DF000AA8094F8203029E7FFF78CF8C0B1D4E9F5
:104E000004679038072806D8DFE800F015201C1743
:104E10001E0424226427092E12D9C82E28BFC826B2
:104E2000FFF778F80028ECD139463046FFF774FDDB
:104E300094F8203006E76426F2E70136092EECD814
:104E40000A26EDE70A3EE6E7013EE4E70A36E2E736
:104E50001927E0E73227DEE748090120080601208C
:104E600084090120E0040120EE87FFFF0604120000
:104E70008809012004110120AC0D0120900F0120B0
:104E80000121A37284F820306170218963F34511F8
:104E9000E37F5B06218100F11B81A34F0023009279
:104EA00087F89030D6F8A83198472389009A13F4F0
:104EB000807FC3F3002009D1D6F8E03033B19847A2
:104EC000009A18B1D6F8D8309847009A2389E1792A
:104ED00023F4807323810092002900F0F3800AF00C
:104EE0008FF80346E079E3700CF0C4FD8F4D00238A
:104EF000009AE37101200092F3F764FBFFF708F9D1
:104F00000AF0EAF9FFF7C6FC89498A480CF056FD19
:104F1000F3F750FC4FF00000F3F75CFCFFF74AF8A2
:104F200009F0C8F90128009A00F00F81F36E009291
:104F30009847C0F3C000800109F0C2F9EB68162061
:104F40009847009AA2E64FF0FF30F3F72FFCC368B2
:104F5000009F98465B68D968A6F19903052B00F27B
:104F60000D81DFE803F0033634382F2764210091E8
:104F7000FEF7F0FF009906460028EDD1404608F004
:104F8000CDFB002F3FF435AF09F094F910287FF4E2
:104F900030AF4FF0FF30F3F709FC0378DE077FF501
:104FA00028AF227F002A40F0E080022294F82030CF
:104FB00022774BE687F00107092906D9C82928BFBF
:104FC000C821D4E701390929F8D80A21CFE70A39DD
:104FD000F2E70A31F0E70131EEE7009208F0FCFD5C
:104FE000736F4FF00000984700980CF043FDD6F81F
:104FF000A83198470125DDE900216DE6AA6D002A58
:105000003FF4C8AED8B29047C4E609F053F900287F
:1050100040F09480C6F3400383F0010363F341063C
:10502000B8E600236371FAE5002D00F09580F36E79
:105030009847C0F3801383F00103237010F04003FE
:105040002ED0D6F8D43098470A200CF013FD374BF9
:105050000C20DB68984715B9D6F8A8319847207816
:1050600080F0010002B0BDE8F0810092F8F70CFD7D
:10507000009A1AE6009205F0E5F9009A12E600920D
:1050800002F022FE009A0AE6009202F0E7FF009A80
:1050900002E6D6F8C400009203F04CFE009AF8E550
:1050A000F26E00939047C005D5D5009BD6F8D4206A
:1050B0002370904711200CF0DDFC1C4B1020DB68A6
:1050C0009847C8E709F09CFF009A48B9174D11E7C7
:1050D000154B1F469B8DE383E0E61020884714E6BE
:1050E00080200092114D09F033FB009A01920AF0E2
:1050F0005DFA2B6D009309F0DDF8009B984709F0ED
:105100007FFF019A0028F1D10146B36C0A48009252
:105110009847009A0243EDE609F0CCF810F0180F1A
:105120007FF448AE36E600BF900F0120E004012076
:10513000D4090120081001208409012009F0BAF8DF
:1051400010F0180F7FF466AF24E694F880300B3B24
:10515000022B7FF69BADE9E608F03EFD736F284613
:10516000984764E70C208847CFE5D0077FF541AE2C
:1051700042F0040294F82030227767E5AB6D002BF3
:105180003FF41AAFF0B200919847009914E700BFBE
:1051900070B5FFF735FD40B92F4C23781BB9607807
:1051A00080F0010070BD002070BD2B4C09F082F82A
:1051B0000646A3788BB95EB9284B1B78002BECD040
:1051C000274B93F88C30002BE7D1FEF77DFEE4E708
:1051D00040F201131E42EFD1DFE780280CBF01230C
:1051E000002363710AD129E01E4B93F81C311B0781
:1051F0001ED4FFF705FDA378002BDCD02378002B0D
:10520000D9D16379BBB909F0D9FD09F053F8402829
:10521000EAD1154DEB6E984702074FF40041E3D4F5
:105220002B6C124898470F4B93F81C311B07E0D5A5
:1052300007F0D2FEDDE7FFF71DFCE4E700230C4991
:10524000094A0C480B70D2F8D42003609047A37829
:10525000002BD3D1A1E700BF48090120A01C0120E9
:10526000900F0120F01A0120080601208409012076
:1052700004110120AC0D01202DE9F04FDFF87092F0
:1052800085B099F88000102800F06182904CE36EA0
:105290009847420649D4E36E9847C30500F15E8201
:1052A0008C4D95F820319F0604D5E36E984746044F
:1052B00000F17082FBF73CFB0646002840F0568266
:1052C00095F8263103F00303032B00F08B8299F845
:1052D00081303BB195F81C3198060ED4E36E9847A7
:1052E000C1070AD408F0E6FF10F0810000F09482B4
:1052F00099F880300B2B00F07182012008F0E0FF5C
:10530000754B0220DB68984799F88130C3B10025BE
:1053100008F062FC636F284698474FF48041236C85
:105320006E4889F8815098470AE00A200CF0A2FBE9
:10533000694B0C20DB68984799F88130002BE6D147
:105340000027DFF8B081664E664B3D46DFF888B136
:1053500088F8007037601F70D4F8D0309847431C2D
:1053600082461B2B1DD8DFE813F07D001C001C00BB
:105370001C001C001C001C001C001C00C7001C00A2
:105380004A001C001C004A001C001C001C001C00E1
:105390001C001C001C001C001C001C00F9001C0050
:1053A000A7003368002B40F05481BAF1200FD3DD01
:1053B000BAF13B0F00F37A81BAF1230F40F37D81FC
:1053C000AAF12401172900F2E480DFE811F03A0184
:1053D000E200E200E2002401DB00E200E200E20081
:1053E000E200E200E200E200E200E200E200E200AD
:1053F000E200E200E200E200E200E2001C013368A9
:10540000002FB3FA83F34FEA531308BF002313B1FD
:10541000574540F0B580FFF7BBFE002800F06981DA
:1054200031490020336815F00107C85400F01D8190
:105430002E4B0B2183F892105FFA8AF799F800201F
:1054400082B999F801A0BAF1000F0BD193F892003C
:105450005546DBF808309847224BC6F800A083F881
:1054600000A079E798F8003083B1242B00F0038185
:1054700008F020FF40F22113184200F01381DBF8FE
:10548000083009209847002388F80030FFF7A0FB78
:10549000FFF77EFE20B999F80030002B40F02981FB
:1054A0000C4B002293F81C3189F801201B077FF573
:1054B00053AF07F091FD4FE7DBF8F830002B3FF4D6
:1054C0004BAF0A4AD4F8080192F89210984743E784
:1054D00008060120F01A0120E004012084090120BF
:1054E000AC0D0120AE25012004110120900F0120F8
:1054F00048090120902401203368002B3FF42CAF91
:10550000013B9E4900223360CA5415460B78002B9C
:1055100000F0C380944601223B2B12D8232B14D9D0
:10552000243B172B11D8DFE803F00E101010544E57
:10553000101010101010101010101010101010106B
:1055400010425B2B01D142EA0C0C11F8013F002202
:10555000002BE1D18A4B83F800C0FDE60023894A85
:1055600087491D4688F800300B70336082F892300E
:1055700008F0A0FE202803D1236C802182489847A0
:105580000027E9E615F0040103D17D4A61F34105E6
:105590001170FF2B8CBF0121002161F300053FF644
:1055A000DBAE591C3160754901F803A0D4E6AA07A7
:1055B000CBD445F0040511F8013F4FF0000C002258
:1055C000002BA9D1C6E715F00403BED163F3410552
:1055D000F1E7BCF1000FB8D194F80A3205F00402EB
:1055E00003F008031A43C5F380034FF0000283F071
:1055F000010308BF4FF0010C63F3410511F8013FAF
:10560000002B89D1A6E715F00201C2D15C4A45F012
:1056100004051170BDE75A4A11780029B9D1C5F3C4
:10562000800105F0040081F0010161F341050028CB
:10563000AFD194F80A12C1F3C00181F001011170D9
:10564000A7E7002BA5D101214D4A25F001051170D6
:10565000A7E7BAF11F0F7FF77FAEBAF13B0F2FDC40
:10566000BAF1230F3FF7ACAE93E7087838B9454B52
:1056700083F89200E0E640460CF02EF803E7242879
:1056800052D05B2825D1414BD3F8A0300BB308464C
:1056900098473C4B83F89200CEE69C46384B83F803
:1056A00000C059E64046F3F705FAECE6BAF15B0FA5
:1056B000C9D0BAF17F0F3FF44FAE63F3000570E736
:1056C000BAF15B0F3FF465AFBAF17F0F3FF418AF4B
:1056D0005FE7019108F0EEFD40F22113184211D06E
:1056E00001990B78252B5DD0264B092183F8921068
:1056F000A2E6B9F80800C0F3C00080F0010005B0D0
:10570000BDE8F08F1F4B93F8921011B128297FF458
:1057100093AE1A480193F3F7CDF9019B83F89200F9
:1057200000283FF489AE89E608460BF0D5FF154BFB
:105730002D2883F892007FF47FAE0C2001930CF0AB
:1057400099F912490720C9688847019B74E600232C
:105750000F4C89F880300CF08DF9EDE511200CF03C
:1057600089F90A4B1020DB689847E5E50B200CF01F
:1057700081F9064B0D20DB689847DDE50411012017
:10578000AE250120900F012084090120E0040120B2
:10579000080601200D200CF06DF9274B1520DB6861
:1057A0009847C9E54F78002F9ED108F083FD40F25D
:1057B0000113184298D0214B1F4993F88C00D1F85F
:1057C000F01080F0010083F8927083F88C000029BB
:1057D0003FF432AE01938847019B2DE6002389F800
:1057E00080308AE5E36D98470390FAF707FC99F853
:1057F000983003423FF46BAD99F880300C2B03D105
:10580000E36E9847450513D40C200CF033F90A4B8E
:105810000720DB6898478FE508F052FD95F88F3137
:1058200013F004017FF488AD0548F7F7EBFD83E53D
:10583000304608F045FD7FE5E0040120900F01208F
:1058400005B3010010B5FFF7C3F902E0FEF71AFD3A
:1058500030B1FFF79DFC04460028F7D1204610BD6B
:1058600008F028FD0828F4D0F8E700BF01464FF003
:105870000000CB1E10B582B0A12B00F2B080DFE893
:1058800013F03302AE00F300AE00AE00AE00AE0087
:10589000EC00AE00AE00EC00AE00AE00AE00AE001C
:1058A000AE00AE000702AE00AE00AE001A012F013E
:1058B000AE00AE00AE00AE00AE00AE00AE00AE0078
:1058C000AE00AE002202AE00AE00AE00AE00AE00F2
:1058D000AE00AE00AE00AE00AE00AE00AE00AE0058
:1058E000AE00AE00AE00AE00AE00AE00AE00AE0048
:1058F000AE00AE00AE00AE00AE00AE00AE00AE0038
:10590000AE00AE00AE00AE00AE00AE00AE00AE0027
:10591000AE00AE00AE00AE00AE00AE00AE00AE0017
:10592000AE00AE00AE00AE00AE00AE00AE00AE0007
:10593000AE00AE00AE00AE00AE00AE00AE00AE00F7
:10594000AE00AE00AE00AE00AE00AE00AE00AE00E7
:10595000AE00AE00AE00AE00AE00AE00AE00AE00D7
:10596000AE00AE00AE00AE00AE00AE00AE00AE00C7
:10597000AE00AE00AE00AE00AE00AE00F300180206
:10598000A2002B013F010301AE0090013E02B101D4
:10599000E5007B016801AE00AE00AE00D700D70085
:1059A000D700D700D700D700D700D700AE00DE0061
:1059B000DE00DE00DE00DE00DE00AE00E500E50019
:1059C0006401AE005801A74B08211B6CA6489847FC
:1059D000A64B00221A700123184602B010BD1F29E1
:1059E0008CBF00230123082908BF002323B981F0BD
:1059F00080023F2A00F29E819D4BD3F89430002B09
:105A000062D0084600919847009900285CD1994BD4
:105A1000A1F11B00954AB0FA80F01B78400983F091
:105A2000010310707E2994BF002303F00103D3E724
:105A30000846FEF75FFA8D4B00221A70CBE7084646
:105A4000FEF778FA894B00221A70C4E70846FEF781
:105A500091FA864B00221A70BDE7844B00221A701F
:105A60000023184602B010BD83480389C3F34022C7
:105A70009B0529D47B4B01213C3000921B6C98473D
:105A80007A4B009A1A70A6E7764B7C4A0091002167
:105A9000D3F8D83011609847754B0099D3F8DC30B3
:105AA00093B1009308F006FC009B98476F4B4FF0B2
:105AB00000021A708FE76B4B0091DB6E984710F075
:105AC0004000009900F06F81A1F11B01674BB1FA12
:105AD00081F1490919707EE7624B4FF4805174E7F8
:105AE000604A10216048136C98475E4A002363495E
:105AF000D2F8D8200B6090475C4A002313706AE705
:105B000008F0D8FB402800F046815B4B40215C4800
:105B10001A8990F82C01DFF84CC160F30C3203F1C4
:105B20003C00DCF840401A81A047504B00221A701C
:105B300051E74C4BD3F8243123B302215148F7F7F6
:105B400061FC4A4B00221A7045E7464B4FF4006156
:105B50003BE74B4B9B8AABB1474A4FF0000C4348A5
:105B600013891189C3F3402380F800C083F0010337
:105B700063F3492111812EE73A4B93F8B430012B9E
:105B800000F01881394A3B4B00201B78107083F0DD
:105B900001037E2994BF002303F00103184602B0DD
:105BA00010BD354A2F4C516C92F825304A1C3648AE
:105BB000C3F38003B4BF002101219B0243EAC12348
:105BC000D4F81C11003918BF012143EA814318435E
:105BD0000BF09EFF236C012123489847234B0022A2
:105BE0001A70F8E61F4B93F81122C2F3C003110795
:105BF00083F0010363F3CB2000F1C780DFF878C0A6
:105C0000012382B2BCF80810BCF808E0C1F3C0114F
:105C1000594061F3C71EACF808E014494FF0000C7E
:105C200081F800C0002A3FF4D7AE114AD2F8902084
:105C300022B1CDE900039047DDE9000342077FF57B
:105C4000CBAE084B022108481B6C9847084B0F4A03
:105C50000021D3F88C3082F89010002B3FF4BBAEBB
:105C60009847B8E60806012084090120A6250120EE
:105C7000E0040120AE25012048090120AC0D0120DF
:105C8000F01A01204DE70000FFF31B80900F012068
:105C9000534A1378002B3FF476AF524BD3F8EC31D4
:105CA000002B3FF470AF009298470023009A1370C6
:105CB000D6E64D4B00214A4A4FF004001B78117084
:105CC00083F00103B1E7494B1A68002A7FF45AAF09
:105CD000474B454993F81C314148C3F38013027088
:105CE00083F001030B70BBE6FBF77AFF414A3C49A6
:105CF00000201389087043F0080313816BE6394BC9
:105D000093F81022C2F34013940683F0010363F367
:105D100045103AD4DFF8DCC0012382B2BCF8081089
:105D2000BCF808E0C1F38011594061F3861EACF85D
:105D300008E072E72C4A3F29127810D07E2918D04B
:105D400021293FD1002A3FF43EAE294B93F81C3164
:105D500013F040037FF437AE214A137080E62AB176
:105D6000234B93F81C3113F04003F5D01D4B012158
:105D70002BE642B11E4A92F81C21C2F3801262F354
:105D8000820082B249E70122F9E7174B82B21B7801
:105D900083F0010341E7144B0021114A1B78117075
:105DA00083F0010318E60090FBF71AFF0C4B0098F4
:105DB000187010E600211048F7F724FB084B00226A
:105DC0001A7008E682F0010205484FF0000C7E29A7
:105DD00094BF002302F0010380F800C0FCE500BF7F
:105DE000A625012008060120AE250120AC0D0120CA
:105DF000F01A01204809012051A50100F8B50378E7
:105E00008BB10D461C46024610F8013F2A2B12D0DA
:105E1000242C15F8012B08D05AB12E2C01D0A24207
:105E200007D1002BEED10120F8BDCBB10AB1242A55
:105E3000E8D00020F8BDA4F12E07961CB7FA87F72A
:105E40007F0929463046FFF7D9FF0028ECD12B788F
:105E50000135002BE8D0A342F3D0002FF1D1F8BDDB
:105E6000B2FA82F04009F8BD10B40023034C044993
:105E7000024623700B70034810BC1047C625012052
:105E8000B5250120C49D0020024B0348D3F8C03043
:105E9000184700BF08060120F09D002002680B682B
:105EA00010881B88C01A704730B50D4C83B005466A
:105EB0000C48D4F8C03001919847D4F8C030284637
:105EC00098470848D4F8C0309847019931B1D4F8C0
:105ED000C030084603B0BDE83040184703B030BDBD
:105EE00008060120409E002002680B6810781B788D
:105EF000C01A704702680B6810781B78C01A704788
:105F000002680B6850785B78C01A70474B680133A1
:105F10004B60704740694B69C01A7047037813F0B3
:105F2000FD0F02D10B6801330B600020704700BFEA
:105F300042684B6850785B78C01A7047FCEEC07AB4
:105F400017EE900AFDF7C8B8DFED047A20EE270AB5
:105F5000FCEEC07A17EE900AFDF7BEB88B42213DE9
:105F600070B50A4C0D46D4F8C0309847092D03D8B7
:105F7000D4F8C03006489847D4F8C0402846FDF70A
:105F8000ABF82346BDE87040184700BF0806012063
:105F9000E487002070B56C4C82B00546D4F8C03060
:105FA000002900F0B98069489847D4F8C03095F9C5
:105FB00000000193FDF790F8019B9847D4F8C0309A
:105FC000634898472A7AD4F8C030002A40F09D8070
:105FD000604898475E48D4F8C0309847EA68D4F8DB
:105FE000C030107A0193FDF777F8019B98475A4A21
:105FF0007C216B7A1170002B40F08380531CE96880
:106000008A7A500704D5532203F8012BE9688A7A6B
:10601000960704D5442203F8012BE9688A7A100711
:1060200012D54C22184600F8012BE9688A7A160727
:1060300040F188808E6B002E00F084804122023374
:1060400003F8012CE9688A7A960604D5502203F8F1
:10605000012BE9688A7AD00604D5492203F8012B7E
:10606000E9688A7A560604D54E2203F8012BE968BE
:106070008A7A100604D5522203F8012BE9688A7A3D
:10608000D20703D5562203F8012BE968CA6B12B177
:10609000452203F8012B4FF07C01D4F8C0202E4894
:1060A00019809047D4F8C03068689847EB68D3ED02
:1060B000067AF5EEC07AF1EE10FA1BDDD4F8C030A6
:1060C00023489847EA68D4F8C030012092ED050AC9
:1060D0000193FDF725F8019B98472048D4F8C0307C
:1060E0009847EB680120D4F8C05093ED060AFDF7FD
:1060F00017F8A847D4F8C03019489847002002B0D4
:1061000070BD2A21931C517079E795F90200019323
:10611000FCF7E2FF019B5CE790F900000193FCF7BC
:10612000DBFF019B9847D4F8C0300E489847D4F85D
:10613000C030686898470C48D4F8C03098470020B1
:1061400002B070BD03467FE708060120489E00208C
:10615000549E0020449E0020F80C01202CA3002017
:10616000589E00205C9E0020B4A500201C4B0022FD
:106170002DE9F0415B7904461A4D2A701BBB0320C0
:1061800094ED000AFCF7CCFF0146284614F026FDEA
:10619000154B0026B3F800801248043416F0BEFAFE
:1061A0000346771C032025F80380012694ED000A9E
:1061B000FCF7B6FF01460B4814F010FD022FEBD19F
:1061C0000848BDE8F08190ED000A032030EE000A97
:1061D000FCF7A6FF0146284614F000FDD8E700BFF3
:1061E000900F0120F80C01202CA300202DE9F04194
:1061F0001C4B00221C4D0446DFED1C7A5B792DED13
:10620000028B2A7090ED000A042020EE270A0BB1C1
:1062100030EE000AFCF784FF01462846002614F001
:10622000DDFC134B9FED118AB3F800800E48771CFC
:1062300016F074FA03460420012625F8038004446E
:1062400094ED000A20EE080AFCF76AFF01460648B2
:1062500014F0C4FC022FE9D10348BDEC028BBDE869
:10626000F08100BF900F0120F80C01208B42213DEE
:106270002CA3002008B50320FCF752FF014602487A
:10628000BDE8084016F09AB9F80C0120DFED067A57
:10629000042008B520EE270AFCF742FF0146034818
:1062A000BDE8084016F08AB98B42213DF80C012068
:1062B0000FB400B583B00D4804AA52F8043B9446CD
:1062C00002EB830E01925CF8041B034611F8012BCC
:1062D000184603F8012B002AF8D1F445F3D10348FE
:1062E00003B05DF804EB04B0704700BFF80C012068
:1062F0000128F0B5044689B003D1464BD3F8882075
:106300009AB9454D2046D5F8C460FCF7E5FE434BED
:10631000024643490320FFF7CBFFB047EB6B002158
:1063200064209847204609B0F0BD3D4A3A4D92E8B6
:1063300003000A0C00902046ADF804108DF80620EA
:10634000FCF7CAFE01460DF1060014F0EFFF314BD9
:106350003A2293F88AC093F88B1093F889E093F867
:1063600088304CEA010C00F8012B4EEA030E95F838
:10637000172295F816320CF0070C0EF0070E134397
:10638000024603F0070700232EFA03F1C90714D5CC
:106390009042114639D04FF02C0201F8012B214ACE
:1063A00027FA03F652F82320F60712780A7001F153
:1063B000010202D531224A708A1C0133032BE3D13A
:1063C0000023DFF860E02CFA03F1C90710D59042F2
:1063D00011461CD04FF02C0201F8012B5EF823204F
:1063E000127816460A4602F8026B4FF032064E70DB
:1063F0000133032BE7D1094B68461988118099783E
:10640000D5F8C4309170984788E70146C7E7014640
:10641000E4E700BF4809012008060120B4A50020D8
:10642000609E0020DC0F00202DE9F04705468846DD
:1064300016F074F9441C204611F024FD00284BD0BE
:106440008146224629460EF083F82449484614F036
:1064500017FD044600283AD001270026204D214987
:10646000204615F03BFF03461F483BB3D5F8C0302C
:106470009847D5F8C0301D4898473046D5F8C0A099
:10648000FCF72AFED0471A48D5F8C0309847237841
:10649000204613B1D5F8C03098471648B8F1000F20
:1064A0000CD0D5F8C03098473846D5F8C040FCF736
:1064B00013FEA0471048D5F8C03098470749002080
:1064C00014F0DEFC01367F0004460028C7D14846A0
:1064D000BDE8F04711F0DEBCBDE8F0872CA300203A
:1064E0000806012040820020B4A50020689E0020FC
:1064F0005C9E0020709E0020A497002002680B681C
:106500005068596815F0EABE70B5164C82B0024664
:10651000D4F8E450F5B10E463F21019014F094FBFD
:10652000019A0346B0B1824205D0811A019010460B
:1065300089B2A847019B701C0193D4F8C050FCF7A6
:10654000CBFDA847019BD4F8C020581C02B0BDE881
:1065500070401047D4F8C030104602B0BDE870401B
:10656000184700BF08060120F0B50D4691F82C1021
:10657000164683B04A070DD5C1F3C301B6FBF1F34C
:106580001F46032800F2E582DFE810F07000EF00FC
:106590003F0006003746F4E79F4C2888D4F8C03007
:1065A00030440193FCF798FD019B9847D4F8C03024
:1065B0009A489847AB782B2B00F0098139466868D8
:1065C000FFF7A2FF9548D4F8C0309847A868D4F8E0
:1065D000C030002800F010819847D4F8C0308F48B0
:1065E0009847287B06F00EF9D4F8C030092800F24D
:1065F0002F81DFE810F03502020238023B0202026E
:106600002B014702440241023E022888824C30445A
:10661000FCF762FD8249FFF747FCD4F8C03081489F
:106620009847AB782B2B00F0CB8039466868FFF792
:106630006BFF7D48D4F8C0309847A8687849002897
:1066400000F0E780FFF730FC2888304480B206F085
:10665000A1F8002800F0DB807149FFF725FCD4F891
:10666000C030724803B0BDE8F04018476A4C70482B
:10667000D4F8C03098472888D4F8C030304401930B
:10668000FCF72AFD019B9847D4F8C0306948984729
:1066900095F82C20A8785107D4F8C03048BFC0190D
:1066A0000193FCF719FD019B9847D4F8C03061486D
:1066B0009847AB782B2B00F0988039466868FFF735
:1066C00023FF5C48D4F8C0309847A86810B1D4F8CC
:1066D000C0309847D4F8C03056489847287BD4F843
:1066E000C06006F08FF8FCF7F7FCB0475148D4F8CB
:1066F000C0309847286910B1D4F8C0309847D4F812
:10670000C0304C4898476B693BB1284606F080F88A
:1067100018B9D4F8C030686998474648D4F8C030F2
:106720009847A86910B1D4F8C0309847D4F8C03061
:106730004048984795F82C00D4F8C06000F001005C
:10674000FCF7CAFCB047D4F8C0303A48984795F8EF
:106750002C00D4F8C050C0F34000FCF7BDFCA847A3
:106760003548D4F8C030984779E72B4C3348D4F8F3
:10677000C03098472888D4F8C03030440193FCF7E3
:10678000ABFC019B9847D4F8C0302D489847AB78B4
:106790002B2B23D068683946FFF7B6FE287B06F01E
:1067A00031F8092800F2B580DFE810F03E01480119
:1067B00051012F013901B300B300B300B30043010D
:1067C000204B53F82600D4F8C03098472DE71D4BD6
:1067D00053F82600D4F8C0309847EFE6194B53F829
:1067E0002600D4F8C0309847D4E7164B53F826005B
:1067F000D4F8C030984760E72A7B042A3FF6EDAE14
:10680000DFE812F04301FE00FE004601FE000E48E4
:1068100022E70D4816E700BF08060120AC9F0020C4
:106820002CA30020409E0020A89F0020B4A500209B
:10683000989F002020E80020A49F0020F49E0020C4
:1068400058A10020DC0F0020949F00209448984716
:10685000D4F8C030934898472869D4F8C03000284D
:1068600052D09847D4F8C0308E4898472B88F018FB
:1068700080B205F08FFFD4F8C0300646002839D02A
:10688000984795F82C30DB0707D53278D4F8C0301C
:10689000002A40F0B880844898478248D4F8C03035
:1068A0009847686910B1D4F8C03098477D48D4F84B
:1068B000C0309847A86910B1D4F8C0309847D4F8D0
:1068C000C0307848984795F82C00D4F8C06000F0A4
:1068D0000100FCF701FCB047D4F8C030714898477C
:1068E00095F82C00D4F8C050C0F34000FCF7F4FB3E
:1068F000A847B4E66D48984795F82C30DA07CCD510
:10690000D4F8C0306848C7E72A7B042AAAD168486F
:10691000A7E7AB683BB1D4F8C03066489847D4F8D5
:10692000C030A868984700276B69002B00F0F28000
:10693000AB69002B00F0EE80D4F8C0305E48984779
:10694000D4F8C03068699847D4F8C0305B4898479D
:10695000D4F8C030A869984795F82C30DB0706D5E5
:10696000D4F8C030002F00F0F28055489847D4F892
:10697000E430002B3FF473AE2888304480B205F039
:1069800009FF0646002800F085800378002B00F000
:106990008180D4F8C0304B4898470DE0D4F8C0202F
:1069A000019048489047019B3046D4F8E420991B59
:1069B00089B29047019B9E1C4349304614F00CFC61
:1069C0000028EBD13378002B64D0D4F8C0303D4898
:1069D0009847D4F8C0303046984795F82C30DD07FA
:1069E0007FF53DAE3278D4F8C0300AB137489847C9
:1069F000D4F8C0302C48984731E63548984727E707
:106A000034489847E9E5344846E73448D4F8C0307C
:106A1000984700212869FFF707FD012784E7D4F88C
:106A2000C0302F4898477EE7D4F8C0302D489847AB
:106A300079E7D4F8C0302C48984774E7D4F8C030D0
:106A40002A48984701212869FFF7EEFCE5E7D4F8CA
:106A5000C0302748984701212869FFF7E5FCDCE7AB
:106A600024489847F4E624489847F1E62348984795
:106A7000EEE623489847EBE622489847E8E62248A6
:106A80009847E5E621489847E2E621489847A4E57B
:106A90000348A1E595F82C30D807A9D4DFE500BF5D
:106AA000B09F0020AC9F0020A49E0020949F002057
:106AB00004A00020689F0020709F00205C9E0020A2
:106AC000749E0020B4A500208C9F0020909F002081
:106AD000C89F0020009F0020A09E002060A20020F0
:106AE000F89E0020089F0020589F0020149F00203F
:106AF000249F0020C09F0020D49F0020E09F002002
:106B0000F09F0020F89F002010DE0020B89F00209A
:106B10000C9F0020284605F07BFE00287FF41CAF68
:106B20006B693BB1D4F8C0300B489847D4F8C030FB
:106B300068699847AB69002B3FF40EAFD4F8C030BA
:106B400006489847D4F8C030A869984704E7044835
:106B50000CE7044C83E500BF7C9F0020849F00204D
:106B60008C9E00200806012092F801C083789C4585
:106B700013D0034630B51446826A83B00D4622B165
:106B8000002101909047019B20B12A4619462078A8
:106B9000FFF7EAFC012003B030BD53688B42E8D018
:106BA0000120704708B592F801C083789C4504D154
:106BB00053688B4201D0012008BD13460A460146A6
:106BC0001878FFF7D1FC012008BD00BF2DE9F04F78
:106BD000884685B0B1FA81FA054605F00DFA0446FB
:106BE00040464FEA5A1A05F089FC00268DF8090044
:106BF000A8EB00008DF8085003902389A4691E4477
:106C0000002CFAD1022D69D0032D61D005F0F4F9E2
:106C100004210546304611F0EFF80190002863D0BA
:106C2000019E0027DFF838912989E1B14FF0000B70
:106C30000BEB4B04EB68200103EB04141B5A183BCD
:106C40009BB2012B33D994F82C30DB093BB9B8F156
:106C5000000F31D0A0789DF8093098422CD00BF16C
:106C6000010B5945E4D8AD69002DDDD1019C04220A
:106C7000364B3946204611F03BFE6FB1043C0135DE
:106C800002AA334954F8040F05F03EFDBD4240EA24
:106C90000A005FFA80FAF2D1019811F0FBF8BAF11C
:106CA000000F0CBF3520002005B0BDE8F08F99F82B
:106CB0008F31C3F34003C9E7A36A2BB100212046FB
:106CC000984729890028CAD0013746F8044BC6E7FF
:106CD000204B2148D3F8C030984797E71D4B1F48F9
:106CE000D3F8C030984791E71D4E2A89D2B10024CD
:106CF00004EB4400EB68010103EB00105B5A183B06
:106D00009BB2012B12D990F82C30DB093BB9B8F1BA
:106D1000000F10D081789DF8093099420BD00134D2
:106D2000A242E5D8AD69002DDFD1B8E796F88F31E2
:106D3000C3F34003EAE702AA0A4905F0E5FC40EA8A
:106D40000A032A895FFA83FAE9E700BFC1FB000062
:106D5000C90801000806012044A000200CA0002062
:106D6000F01A01208D080100002951D001EB4101EA
:106D7000F0B5164689B00446002700EB81051922BC
:106D8000616801A814F030F89DF8043013B30DF1D8
:106D900005000DF1040CA3F16101202B03F05F0E3F
:106DA0006246C9B205D0192998BF734602F8013B63
:106DB000944610F8013B002BEDD101A930468CF828
:106DC0000070FFF71BF878B90C34AC42D7D1002023
:106DD00009B0F0BD01A930468DF804700DF1040C26
:106DE000FFF70CF80028EFD00A4D0B48D5F8C0305B
:106DF0009847D5F8C03060689847D5F8C030074844
:106E0000984761780120FFF7E1FE012009B0F0BD4D
:106E100000207047080601208CA0002094A00020CC
:106E200070B5164C05461648D4F8C0309847AB7874
:106E30001BB1D4F8C030A81C98472878D4F8C0609B
:106E4000FCF74AF9B047D4F8C0300E489847687844
:106E5000D4F8C060F1F75AF8B0472B693BB1D4F8C9
:106E6000C03008489847D4F8C03028699847D4F80B
:106E7000C0300548BDE87040184700BF0806012033
:106E800098A000202CA30020589E002070B5254C0F
:106E900005462548D4F8C03098472869D4F8C06022
:106EA00000283BD0B047D4F8C03020489847287914
:106EB000D4F8C060FCF710F9B0471C48D4F8C030D3
:106EC00098476A7FD4F8C03051074CBF184819481A
:106ED00098471648D4F8C03098476A7ED4F8C03036
:106EE00052074CBF124814489847D4F8C0300F4896
:106EF00098476B6AD4F8C06073B128469847FCEE97
:106F0000C07A17EE900AFCF7E7F8B0470B48D4F8C0
:106F1000C0309847002070BD0948F6E76879F0F75F
:106F2000F5FFBFE708060120A8A00020549E00201E
:106F3000A0A00020A4A00020449E0020589E002075
:106F40004482002070B54D4C05464D48D4F8C03001
:106F500098472869D4F8C060002800F08A80B047BC
:106F6000D4F8C030474898472879D4F8C060FCF777
:106F7000B3F8B0474348D4F8C03098476A7FD4F894
:106F8000C03051074CBF4048404898472B7FD4F849
:106F9000C020C3F3C103013BDBB2022B5FD83C49E5
:106FA00051F823009047AB8BD4F8C020C3F34413AF
:106FB000013BDBB21E2B58D8364951F823009047CD
:106FC00095F91D20D4F8C030002AB4BF32483348A8
:106FD00098472C48D4F8C03098476A7ED4F8C0301F
:106FE00052074CBF28482D4898472B7ED4F8C02024
:106FF000C3F3C103013BDBB2022B34D8244951F85F
:10700000230090472B8BD4F8C020C3F34413013BDB
:10701000DBB21E2B25D81F4951F82300904795F964
:107020001920D4F8C030002AB4BF1B481B48984729
:10703000D4F8C030134898476B6AD4F8C060B3B135
:1070400028469847FCEEC07A17EE900AFCF744F801
:10705000B0471348D4F8C0309847002070BD0F489F
:10706000A0E70E48DAE70D48CBE70C48A7E70D4844
:10707000EEE76879F0F74AFF71E700BF08060120E4
:10708000BCA00020549E0020A0A00020A4A00020AE
:10709000C009002044090020B8A00020449E002020
:1070A000589E00204482002070B5354C0546354876
:1070B000D4F8C0309847D4F8C03028699847D4F83D
:1070C000C030314898472879D4F8C060FCF704F8FC
:1070D000B047D4F8C0302C4898476B7FD4F8C02014
:1070E000DE0603D4980630D5284800E028489047AB
:1070F000D4F8C030244898476B7ED4F8C020D90615
:1071000003D49B061FD5214800E021489047D4F8BE
:10711000C0301D4898476B6AD4F8C060BBB1697F26
:10712000284611F0300F23D098470220FBF7F8FFD4
:10713000B0476B7F13F0300F0FD0D4F8C030154834
:107140009847002070BD1448E0E71348CFE7134884
:10715000B0476B7F13F0300FEFD1D4F8C0300A483E
:107160009847A869D4F8C050F0F708FFA847E4E7AB
:107170009847FCEEC07A17EE900AFBF7ADFFD7E711
:1071800008060120CCA00020549E0020A87B0020EF
:10719000DCE10020589E0020A4A0002044820020B2
:1071A00070B51B4C05461B48D4F8C0309847D4F83E
:1071B000C03028699847D4F8C030174898472879D4
:1071C000D4F8C060FBF788FFB047D4F8C03013484C
:1071D00098476B6AD4F8C060C3B128469847FCEE64
:1071E000C07A17EE900AFBF777FFB047D4F8C030AB
:1071F00009489847A869D4F8C050F0F7BFFEA847DF
:107200000748D4F8C0309847002070BD0548ECE727
:1072100008060120DCA00020549E0020ECA00020E5
:10722000589E00204482002038B5044600880D4650
:107230000844FBF751FF0D4902460D4B0320FFF7B1
:1072400037F82946204604F0DFFD68B1094C0546B1
:107250000948D4F8C0309847D4F8C0302846984739
:107260000648D4F8C0309847012038BDF4A000206B
:10727000F0A0002008060120F80C0120B4A5002091
:10728000037813F0FD0F05D10B6801EBC302013346
:1072900050600B600020704710B5046A82B02CB1BA
:1072A0000E4B5B699847012002B010BD0C4A01905B
:1072B000D2F8C0100B488847019B094A1888D2F8B9
:1072C000C0300193FBF708FF019B9847044A06482A
:1072D000D2F8C0309847012002B010BDE004012070
:1072E00008060120F4A00020F8A000200B780A4630
:1072F00081681033994200D07047516801EB410317
:10730000013110B55160DC00417902EBC3035972C1
:1073100041691972016999618188D0F808C0ACF19E
:10732000100E41EA0C4CBEF1030F98BF6146D961C3
:10733000C16831B104F10A00BDE81040104415F0F5
:107340003DB9997210BD00BF38B50B4BD3F8C05092
:1073500010B1FE28044603D10848A847002038BDD4
:10736000FBF7BAFE064B024606490320FEF7A0FFD4
:10737000A847204638BD00BF0806012000A1002014
:10738000B4A5002008A1002030B5044683B099B10F
:1073900043787BB11C4D0846D5F8C0309847D5F8E6
:1073A000C030606898471948D5F8C03003B0BDE8D0
:1073B0003040184703B030BD134D1548D5F8C030E4
:1073C0009847D5F8C03060780193FBF785FE019BA4
:1073D0009847D5F8C0300F489847D5F8C030207886
:1073E0000193FBF779FE019B9847D5F8C030094817
:1073F0009847D5F8C030606898470748D5F8C0303E
:1074000003B0BDE83040184708060120B4A50020AD
:1074100010A1002020E80020589E0020F0B595B073
:107420005F4C38220021064606A813F093FBD4F8DF
:10743000C0305C4898477078D4F8C050FBF74CFED9
:10744000A847D4F8C030584898473378022B00F04A
:107450009C807278D4F8D8318DF818201BB106AA18
:10746000524900209847079AD4F8C030002A37D0F4
:107470000C989847079F47B306AD0027D4F8C03053
:1074800049489847AB7A05F10A0013B1D4F8C030E7
:107490009847D4F8C0300137287A18350193FBF7A4
:1074A0001BFE019B9847D4F8C03041489847D4F858
:1074B000C03015F80F0C0193F0F728FD019B984799
:1074C000079B9F42DAD3022F0CD0D4F8C030364845
:1074D0009847012F06D0D4F8C0303348984701E0D0
:1074E00034489847D4F8C830002B48D0707808F05A
:1074F000D7FE0546002842D0D4F8C0302A48984725
:107500006868D4F8C060FBF7E7FDB0472848D4F8B6
:10751000C03098472B7A284903F00303D4F8C820D9
:10752000C85C90472248D4F8C03098472B7A23494A
:10753000C3F30213D4F8C820C85C90471C48D4F8A1
:10754000C03098472E7A1E4B0DF1080C06F00C0641
:10755000D4F8C0700FCB6E448CE80F00B068B84709
:107560006B789B0616D4D4F8C0300F4898476B78D8
:107570001449C3F34003D4F8C820C85C9047D4F83A
:10758000C0301148984715B0F0BDD4F8C0300F484E
:107590009847A7E7D4F8C0300D489847E3E700BF05
:1075A0000806012020A10020549E00201110010097
:1075B0002CA3002030A100203CA1002040A10020ED
:1075C0000809002048A10020589E002028A1002082
:1075D00038A1002008B5037813F0FD0F01D1FFF7A3
:1075E0001DFF002008BD00BF30B5144C83B0054618
:1075F0001348D4F8C030019198470199D4F8C030AD
:107600000139032905D8DFE801F01512020F0D48F2
:107610009847D4F8C030284698470B48D4F8C03073
:1076200003B0BDE83040184708489847F1E70848DC
:107630009847EEE707489847EBE700BF08060120A8
:107640004CA1002068A10020589E002070A10020BD
:107650005CA1002054A1002010B5417986B00379C7
:10766000826843EA01238DF80110A2F11001D0F8DD
:1076700014C043EA024204698DF800C0032998BF90
:107680001346C1680494059341B10DF1020014F052
:1076900095FF6846FFF7C4FB06B010BD68468DF83D
:1076A0000210FFF7BDFB06B010BD00BF0B688A6873
:1076B00003F1010C03EB430300B5C1F800C002EB7A
:1076C000C30C41798CF80110416902F83310036949
:1076D0008268CCF810308388A2F1100EC16843EAAA
:1076E0000242BEF1030F98BF1346CCF8143029B103
:1076F0000CF102005DF804EB14F060BF8CF802108E
:1077000000BD00BF70B50446F9F750F9A8B1436851
:107710001E4643781D460A4BD3F8B830984718B137
:1077200029463046FFF760FF2CB9064BD3F8C83026
:107730000BB105489847204670BD034E0546EAE761
:1077400008060120E0040120949F002082B011F07F
:1077500007020346019110D0C9072F4807D45208E9
:10776000043000E00430D10701D404300122016864
:107770005208097803F8011BF4D12C229DF805006A
:1077800003F8012B10F0070210D0C007224907D4DC
:107790005208043100E00431D00701D40431012241
:1077A00008685208007803F8010BF4D12C229DF8E8
:1077B000060003F8012B10F0070210D0C00716498D
:1077C00007D45208043100E00431D00701D4043159
:1077D000012208685208007803F8010BF4D12C222A
:1077E0009DF8070003F8012B10F0070210D0C00726
:1077F000094907D45208043100E00431D00701D40C
:107800000431012208685208007803F8010BF4D112
:1078100000221A7002B07047DC0F002030B5054618
:1078200083B001BB214C2248D4F8C0309847D4F82B
:10783000C03028780193FBF74FFC019B98471D4807
:10784000D4F8C03098471B48D4F8C03098476868CF
:1078500010B1D4F8C0309847D4F8C030164803B0FF
:10786000BDE8304018470078FBF736FC1349FEF7B7
:107870001BFB12491248FEF717FB6D689DB10B4CBC
:107880001048D4F8C0309847D4F8C03028469847FC
:10789000D4F8C0300B4898470B48D4F8C03003B038
:1078A000BDE830401847094DE9E700BF0806012050
:1078B00078A1002020E80020589E00202CA3002062
:1078C00040820020409E0020B4A50020949F00200C
:1078D00030B5054683B001BB214C2248D4F8C030F6
:1078E0009847D4F8C03028780193FBF7F5FB019B4B
:1078F00098471D48D4F8C03098471B48D4F8C0308A
:107900009847686810B1D4F8C0309847D4F8C030B0
:10791000164803B0BDE8304018470078FBF7DCFBA1
:107920001349FEF7C1FA12491248FEF7BDFA6D6815
:107930009DB10B4C1048D4F8C0309847D4F8C030F3
:1079400028469847D4F8C0300B4898470B48D4F8DD
:10795000C03003B0BDE830401847094DE9E700BF2B
:107960000806012084A1002020E80020589E002065
:107970002CA3002040820020409E0020B4A50020BF
:10798000949F00200A4B93F81C31DB070BD5DFF8DE
:1079900040C00848084A094B0949C3F800C0094BD0
:1079A00008601A607047DFF82CC00748074AF2E702
:1079B000F01A0120B1FF00006DFC00006C100120E6
:1079C000681001207010012099FF000061FC000088
:1079D00011FF000091FE000038B5074B05460C462C
:1079E000D3F8B830984728B121462846BDE838403A
:1079F000FFF7FABD38BD00BF0806012070B50A4C7C
:107A00000546D4F8B830984768B1D4F8C030074874
:107A10009847D4F8C03028469847D4F8C030044876
:107A2000BDE87040184770BD080601204CA1002039
:107A3000589E0020064B10B5D3F8B830044698473E
:107A400028B120460221BDE81040FFF7CDBD10BD92
:107A50000806012038B50D460021044604F054FD07
:107A600038B101882A46044B611A5B6998470020A7
:107A700038BD352038BD00BFE00401202DE9F84FA6
:107A800081460F46002404F0B7FA05462B89AD69FC
:107A90001C44002DFAD104F0AFFA0421834620469D
:107AA00010F0AAF98046002800F08A80BBF8081080
:107AB000002970D00646AA460AEB4A04DBF80C30CF
:107AC000200103EB04141B5A183B9BB2012B5CD919
:107AD00094F82C30DB098BB9B9F1000F03D1237F67
:107AE000043B012B0AD8A36A2BB1002120469847FA
:107AF000BBF8081010B1013546F8044B0AF1010A31
:107B00005145D9D8B9F1000F27D0DBF818A0BAF148
:107B1000000F22D0BAF80820D2B14FF00009DAF8ED
:107B20000C3009EB4904002103EB041494F92C30C8
:107B300020468B4208DBA36A1BB19847BAF808209D
:107B400010B1013546F8044B09F101094A45E6D860
:107B5000DAF818A0BAF1000FDCD1294B042229462B
:107B6000404610F0C5FE5DB1A8F1040600240134C2
:107B70003A46244956F8040F04F0C6FDA542F6D152
:107B80004046BDE8F84F10F085B91F4B93F88F3190
:107B9000C3F340039FE7B9F1000F04D1184B04224F
:107BA00010F0A6FEECE7DBF818A0BAF1000F01D048
:107BB0004646AFE7124B0422294610F099FEDFE754
:107BC000A4B1002505EB4500DBF80C3001353A4641
:107BD00003EB00100B4904F097FDAC42F2D1DBF847
:107BE00018B0BBF1000FECD1BDE8F88FDBF818300E
:107BF000002BF9D0D3F818B0BBF1000FF6D1F3E7A2
:107C0000C1FB0000BD0F0100F01A012030B585B0A6
:107C10000F4C104901A809F0D1FED4F8C0300E482D
:107C200098470E4B01A8D4F8C0501B689847A84746
:107C30000B4AD4F8C030128992074CBF09480A4851
:107C400098470A48D4F8C030984705B030BD00BF07
:107C5000080601207409012090A100206C10012069
:107C60004809012064A400206CA40020589E002034
:107C700070B50F4C0F48D4F8C03098470E4D0F4BDD
:107C80002846D4F8C0601B689847B047D4F8C03085
:107C90000B48984715F8040CD4F8C050FBF71CFAB1
:107CA000A847D4F8C0300748BDE87040184700BF67
:107CB0000806012098A10020940901206C100120E1
:107CC00060A20020589E002070B5094C0948D4F8E5
:107CD000C0309847084B09481B68D4F8C0509847F3
:107CE000A847D4F8C0300648BDE87040184700BF28
:107CF00008060120A0A100206C100120CC0F01205B
:107D0000589E002070B5174C054684B01648D4F82C
:107D1000C03098472846D4F8C060FBF7DDF9B0477B
:107D200003A92846FAF7C4FAD4F8C030B8B10F480E
:107D300098479DED030AD4F8C0508DED010AFBF77A
:107D400087F99DED010AFBF7EBF9FBF785FAA847E8
:107D5000D4F8C03006489847002004B070BD0548EC
:107D60009847F5E708060120A8A10020F0A0002010
:107D7000589E0020B0A1002030B5164C054685B0B5
:107D80001548D4F8C0309847D4F8C03028469847F2
:107D900003A92846FAF73AFDD4F8C030B8B10F4825
:107DA00098479DED030AD4F8C0508DED010AFBF70A
:107DB0004FF99DED010AFBF7B3F9FBF74DFAA84720
:107DC000D4F8C03006489847002005B030BD0548BB
:107DD0009847F5E708060120A8A10020F0A00020A0
:107DE000589E0020B0A10020884B93F82F302DE939
:107DF000F04F87B083B1864C8648D4F8C03098479E
:107E0000854BD4F8C0501E68F0F712FBB047A84766
:107E10008248D4F8C030984700257D4C03A9E8B2C9
:107E200004F08CF903467E48002B00F0B780D4F8AC
:107E3000C03098470A2DD4F8C07000F0AA800B2DEE
:107E400018D0092D774803D0E8B2F0F7C3FA013013
:107E5000B847D4F8C0300135734898476E4B03A833
:107E6000D4F8C0601B689847B0476C48D4F8C0305D
:107E70009847D3E7DFF8A0A16C48B847DAF800309C
:107E80006B48D4F8C05098476A4FA847D4F8C03020
:107E900062489847BB69002B00F0B1800125DFF8EC
:107EA000B881DFF8B0B105E0002911DA0135BB690E
:107EB000AB425CD33B6A2846984746688146002E11
:107EC000F4D098F89C2131695307EDD40029EDDDF9
:107ED000D4F8C02058489047D4F8C02030690192A7
:107EE000FBF7FAF8019A9047D4F8C020534890471E
:107EF000D4F8C010DAF8002030460191904701997B
:107F00008847D4F8C0204D48904796ED030ADBF827
:107F10000020D4F8C0609047B0474948D4F8C0204A
:107F20009047D9F80000D4F8C020002834D09047FA
:107F3000B9F90820002A0ADBD4F8C0203F4890474E
:107F4000B9F90800D4F8C060FBF7C6F8B047D4F818
:107F5000C02032489047D9F80030002BA6D0E36B00
:107F60000021052001359847BB69AB42A2D298F8A1
:107F70008E31DA0719D4334DFFF7A6FEFFF746FE20
:107F800095F87030A3B93B6E03B1984707B0BDE8D0
:107F9000F08F2D48B8475CE72C48C8E7254B0720F1
:107FA0009B68984707B0BDE8F08FFFF761FEE2E7F6
:107FB000164B02A89979F0F7EDFAD4F8C0302448AE
:107FC00098479DF80A30D4F8C06005EB830503EBB1
:107FD000C303D5ED1D7A08EB83081E4BF8EEE77A54
:107FE00098ED0C0A1B6887EE800A9847B047D4F8D2
:107FF000C0300A4898473B6E002BC6D1C6E7DFF871
:10800000588098F88E31DA07B5D5CEE7900F012069
:1080100008060120B8A100206C100120589E002005
:10802000C0A10020C8A1002060A20020C4A100209F
:1080300058100120E0040120D0A10020549E00200F
:10804000D4A1002048090120CCA10020949F002049
:10805000DCA1002068100120F01A01202DE9F04178
:108060008C4C8D4D8D48D4F8C03098472888D4F872
:10807000C0608B2840F2E7818948B0472888D4F84F
:10808000C0608A38FBF728F8B047D4F8C03085487C
:108090009847287DD4F8C060F0F79CF9B047D5ED3B
:1080A000347AF5EE407AF1EE10FA40F0E180D5ED49
:1080B000337AF5EE407AF1EE10FA40F0D980D5ED42
:1080C000327AF5EE407AF1EE10FA40F0D180764E39
:1080D000337E022B00F0D580D4F8C0307348984727
:1080E000A879D4F8C0701130FAF7F6FFB847EA78EB
:1080F000D4F8C030002A00F065816D4898472A798D
:10810000D4F8C030002A00F05B816A48984767487D
:10811000D4F8C0309847A878D4F8C070022800F08E
:10812000608180F001005D30FAF7D6FFB847337EFA
:10813000022B00F05E81EA79D4F8C030002A40F0CA
:1081400031815D48984795F82E20D4F8C030012A37
:108150000CBF5A485A48984795F82F20D4F8C03099
:10816000002A00F0D18057489847F0F765F910F0E1
:10817000070300F08281C707534940F17081534AD9
:1081800004E00431D80701D40431012308685B08F6
:10819000007802F8010BF4D100234C481370D4F896
:1081A000C03098472B7E002B40F0B4800020D4F8DC
:1081B000C070F0F7FBFA0378DB0700F14881444810
:1081C000B84795F890301BB1D4F8C0304148984773
:1081D0006B7ED4F8C020002B40F0F6803E489047DC
:1081E0003E4FFB7FDB0703D5D4F8C0303C489847AF
:1081F000BB7F1BB1D4F8C0303A489847FB7F980743
:1082000003D5D4F8C0303848984796F82C31590730
:1082100006D5FB7F5A0703D5D4F8C03033489847BA
:10822000D5F8D430D4F8C0601869FAF755FF304952
:1082300002460220FEF73CF8B0472E4B95ED1C0A93
:108240001B68D4F8C05098472B4902460220FEF71D
:108250002FF8A8470020F0F7A9FAC3689B7ADB073C
:1082600000F1DA80D4F8C0302448BDE8F041184766
:108270000D4ED4F8C03022489847337E022B7FF44D
:108280002BAF6A79D4F8C030002A40F0EC801D484A
:10829000984721E708060120900F012034A2002012
:1082A0003CA20020789F0020F01A012048A2002064
:1082B000ECA10020FCA100204CA2002024A2002060
:1082C0002CA200205CA20020DC0F0020F80C012072
:1082D0000C8B0020148B00208CA200204809012068
:1082E00090A2002098A20020A0A20020A8A2002016
:1082F000B0A2002070100120B4A20020589E0020DF
:1083000040A20020E8A10020644898472B7E002B63
:108310003FF44CAF1E2BD4F8C02000F2A880013BE4
:108320001D2B3FF643AF01A151F823F0A32101001B
:10833000B5210100AF210100D11E0100D11E0100B5
:10834000D11E0100D11E0100D11E0100D11E01006D
:10835000D11E0100D11E0100D11E0100D11E01005D
:10836000D11E0100D11E0100D11E0100D11E01004D
:10837000D11E0100D11E0100D11E0100D11E01003D
:10838000D11E0100D11E0100D11E0100D11E01002D
:10839000D11E0100D11E0100D11E0100D11E01001D
:1083A000A92101003E489847EB79012B3FF4CBAE61
:1083B000022BD4F8C0200CBF3A483B489047C2E695
:1083C0003A48A3E63A4899E6990702D539489047D2
:1083D0006B7EDA077FF504AFD4F8C0303648984793
:1083E000FEE65F20FAF778FEB847337E022B7FF473
:1083F000A2AE0020F0F7DAF9C3689B7ADB077FF5BD
:108400009AAE0020D4F8C070F0F7D0F94378002B72
:1084100041D02A48B8478EE60020D4F8C050F0F783
:10842000C5F90346002093ED020AFAF779FE2449C4
:1084300002460220FDF73CFFA847D4F8C03021488F
:10844000BDE8F0411847FAF747FEB0471DE60020A7
:10845000F0F7ACF90378980707D51B48B0E65B083E
:1084600004311A4A8EE61A4812E71A48A8E63C2B4D
:108470007FF49CAE1848904798E6144A8CE617485B
:10848000904793E61648904790E6164890478DE649
:10849000154890478AE61548BCE700BF64A2002053
:1084A00054A200201CA2002020A2002004A2002030
:1084B000F4A100201C8B002088A2002014A2002020
:1084C000B8A20020589E0020048B0020F80C012048
:1084D000E4A10020FC8A002080A2002070A20020DD
:1084E00078A200206CA2002074A200200CA2002020
:1084F00070B50B4C0E46D4F8C050FAF7EDFD094BA1
:10850000024609490320FDF7D3FEA847D4F8C0303E
:1085100030469847D4F8C0300448BDE8704018474A
:1085200008060120F0A00020BCA20020B4A5002075
:1085300030B50B4C83B005460A48D4F8C0300191E1
:108540009847D4F8C03028469847D4F8C030064839
:108550009847064B01989B6803B0BDE83040184728
:1085600008060120C0A2002060A20020E004012033
:108570002DE9F043B34C9DB00546B348D4F8C03064
:108580009847B248D4F8C060FAF7A6FDB047B048A3
:10859000D4F8C03098472846D4F8C0309847D4F86B
:1085A000C030AC489847002004F0F6FFAA4B0546BF
:1085B00093E803000390ADF810101DB1AB7ADE070D
:1085C00000F1AF820DF1110294F81A324E21980792
:1085D000117000F19E82531CA04E96F82C01C10729
:1085E00002D5502203F8012B96F88E110A0702D506
:1085F0005A2203F8012B8F0702D5482203F8012BDA
:1086000096F82621120702D5542203F8012B96F87A
:108610002021D70602D5412203F8012B1DB1AA7AE9
:10862000920740F17A8296F8B520D70702D530221A
:1086300003F8012B94F80822D50702D5532203F83A
:10864000012B420702D5522203F8012B4F0702D417
:108650004C2203F8012B94F81022150702D52B2287
:1086600003F8012B96F81921D00702D4572203F8FA
:10867000012BD4F8A02012B1322203F8012B4FF0C5
:108680002C0203AD1A802846D4F8C0309847D4F89D
:10869000C070FBF737FDFAF71FFDB847D4F8C030BC
:1086A0006F489847A06AD4F8C070FAF715FDB8472C
:1086B000D4F8C0306A4898470320D4F8C070FAF75D
:1086C0000BFDB847674FD4F8C03065489847B86984
:1086D000D4F8C080FAF700FDC047D4F8C0305D4838
:1086E0009847FBF7F9FBD4F83031804698475E4B4A
:1086F000814693E8030003900320ADF81010FAF7C9
:10870000EBFC0146284612F069FA584B3A212846FC
:108710008DF81210196809788DF81310D3E9011338
:1087200009788DF814101B788DF8153000238DF81A
:108730001630D4F8C030019313F0F0FF454A0146DB
:10874000019B1068685028469847494B96F81CC111
:108750000FCB1CF0400F85E80F0014BF454B464B74
:108760001B68ADF81C301B0C8DF81E3096F88E314E
:10877000D90700F17182D4F81431002B00F078820F
:10878000D4F81C3123B3284613F0C8FF94F80B32F9
:1087900029183A4A844694F80AE2019103F002014A
:1087A00003F0010341EA830303CA019A45F80C0070
:1087B00043EADE105160FAF78FFC0190284613F06F
:1087C000ADFF0199284412F0B1FD254B1B880380B1
:1087D00094F9102294F81032002AC0F25B829A06B3
:1087E00000F13082D80600F1E681590600F1EF81F0
:1087F00094F80A32DA0700F1F681327E022A00F09C
:108800000482980700F11382D4F8EC3153B1284662
:1088100013F084FF1A4B024605EB000C03CBA85063
:10882000CCF80410B9F1000F40F06D81337F042BB8
:108830002AD0D4F8E0303BB31249284612F0CEF9E2
:1088400022E000BF08060120F8A200200B25350118
:1088500060A20020589E002004A30020F01A0120EE
:108860002CA30020E00401200CA30020DC0F00203A
:1088700014A30020C4A20020C8A200203CA3002012
:108880006CA30020D4A2002094F80932990700F1CB
:108890005081284613F042FFAA4A03462E1894F846
:1088A0000B1210681279E85032714A0700F17B818F
:1088B000EFF7BCF9002840F06B81284613F02EFF3B
:1088C00000F16F030DEB030010F8643C2C2B02D178
:1088D000002300F8643CD4F8C03028469847FB6D6C
:1088E00001209847D4F8C03097489847D4F8C03052
:1088F00096489847D4F8C03095489847B4F8103255
:108900001E0400F114819BB2002B00F0108194F83A
:108910001062D80729468F4A06F008060ED510784F
:10892000202802D044280CD15EB95B080DD001325A
:10893000D807F4D45B080132D807F0D401325B08C1
:10894000F6E75B0801F8010BF1D10026D4F8C0303E
:1089500028460E709847D4F8C0307B48984798F85E
:10896000003013F0FB0F28D0D4F8C0307A48984775
:1089700094F8AC318DF80C60042B00F0998198F8D4
:108980000030032B00F09281022B00F0AF81734E78
:10899000284613F0C3FE3146284412F0C7FC0346B4
:1089A000D4F8B401002840F08F81D4F8C0302846B4
:1089B00098476548D4F8C0309847636B7BB1D4F8CA
:1089C000C03067489847636BD4F8C0509847800A16
:1089D000FAF782FBA8476348D4F8C0309847636829
:1089E0005BB1D4F8C03060489847D4F8C0306068B4
:1089F00098475548D4F8C0309847A3685BB1D4F87D
:108A0000C0305A489847D4F8C030A06898474E48BC
:108A1000D4F8C0309847E3685BB1D4F8C03054480C
:108A20009847D4F8C030E06898474748D4F8C03039
:108A3000984763695BB1D4F8C0304E489847D4F882
:108A4000C030606998474048D4F8C0309847E36A1E
:108A50006BB1D4F8C03048489847E06AD4F8C050A9
:108A6000FAF73AFBA8474548D4F8C03098470021A8
:108A70000120F6F71DF8012180460846F6F718F8A0
:108A8000002106460846F6F713F8012105460020A6
:108A9000F6F70EF848EA060381462B430343DBB2A0
:108AA0005BB3D4F8C030364898474046D4F8C0800D
:108AB000FAF712FBC047D4F8C03032489847304626
:108AC000D4F8C060FAF708FBB047D4F8C0302D489E
:108AD00098472846D4F8C050FAF7FEFAA847D4F8C9
:108AE000C030284898474846D4F8C050FAF7F4FAFE
:108AF000A8471548D4F8C0309847FB6D0020984728
:108B00001DB0BDE8F083B9F1020F00F0CD801E4921
:108B100093E64D21931C51705EE5442203F8012B2E
:108B200081E556230DF112028DF811304CE52946EE
:108B30000BE7284613F0F2FD144A03461068E8508C
:108B4000A7E600BF78A30020589E002090A3002035
:108B5000A8A300205CE30020B4A30020E0A2002032
:108B6000CCA30020DCA30020E4A30020F0A300207D
:108B700004A4002018A4002020A4002030A4002079
:108B800038A400202CA30020CCA2002074A3002035
:108B9000284613F0C3FD564B0246291818681B7966
:108BA000A8500B7189E6534A04331068E918E8505D
:108BB00013790B717CE62846019313F0AFFD4E4903
:108BC000019B024608685906A8507FF511AE284659
:108BD00013F0A4FD494A03461068E85094F80A329D
:108BE000DA077FF50AAE2846019313F097FD444A51
:108BF000014605EB000C1068127968508CF80420CF
:108C0000327E019B022A7FF4FCAD2846019313F0CB
:108C100085FD3C4A291884461068019B45F80C00E4
:108C200090889279888098078A717FF5EDAD284603
:108C300013F074FD344B0246291818681B79A850AC
:108C40000B71E1E52846019313F068FD2F490246B8
:108C5000019B0868A850C5E52D4B18689B88CDF886
:108C60001E00ADF82230D4F81431002B7FF488AD0B
:108C7000284613F053FD274A05EB000C864694F86E
:108C8000103203CA127845F80E00CCF804108CF8A4
:108C90000820A4E52846019313F040FD1E49024632
:108CA000019B0868A8509AE51C49C6E51C4E6FE672
:108CB000284613F033FD1B4B1B882B5298F80030CD
:108CC000032B7FF461AEF1E7174A800A12881A80FD
:108CD000FAF702FA0646284613F020FD31462844EA
:108CE00012F024FB114B1B8803805EE6104E4FE60A
:108CF00088A3002080A300204CA3002050A30020C4
:108D000054A300205CA3002064A3002048A30020FB
:108D100028A3002030A3002044A30020D8A20020D4
:108D2000E8A20020C4A30020789F0020C8A3002050
:108D3000F0A200202DE9F04F95B0044608F0E2FEC5
:108D40000023DFF89880054605934FF00203ADF845
:108D50000C30D8F81431002B00F014849847C0F37D
:108D60008133ADF80C0006931A48A04705F0A2FA2B
:108D700007462B160193184B93F89030012B01D125
:108D8000082839D0202F2BD8202F37D8DFE817F02C
:108D90009504C804DA043600DF04360036003600D5
:108DA000E404360036003600360036003600360061
:108DB000060536003600360036003600360036002E
:108DC00036003600360036003600360036003600F3
:108DD000150500BF80A40020900F01200806012087
:108DE000802F00F0558540F24184B7F5807F00F078
:108DF0009784B7F5007F01D1BA48A047BA4EBB4966
:108E00000BA808F0DBFD96F81931C3F3401363F3A8
:108E1000D345002B40F0878396F818B11BF0010B67
:108E200040F097810DF1380A0DF12C0958460121C7
:108E3000EFF718FBD9ED007A0BF1010BAAEC010A50
:108E400077EEC07ABBF1030FE9EC017AEED196F828
:108E50001831D80700F17D81A548DFF8C0A2A047EE
:108E60000BA8DAF800309847A04796F81831990710
:108E700010D5A048A047FBF719FDFAF72DF9A04738
:108E80009D48A047D8F8BC309847FAF725F9A04785
:108E900096F818315A0700F13483C5F30743049359
:108EA0002B0306D59548A047DAF8003011A898475B
:108EB000A047002004F070FB836A81469847C3B244
:108EC000029396F81831180712D58D4BD3F800B0DD
:108ED00099F80A30D90700F1DE8207F095F8D847F3
:108EE000884902460220FDF7E3F9A04796F81831B9
:108EF000DA0640F1B880D8F85C3098470A90F7F766
:108F00007DF8D8F86C30C1B2DFF814B207919847F9
:108F1000C5F38073BDF80C1043EA9003C1F340021F
:108F200020F4814003F0010382F0010220F00400EC
:108F30009B0043EAC21301F00102079943EA82331E
:108F400044F284021340BBF8082002F0D00203432D
:108F5000DAB198F81022900605D4BBF80800C0F3E7
:108F6000801060F34513D20605D4BBF80820C2F385
:108F7000001262F3041398F81122100705D4BBF80D
:108F80000820C2F3C01262F3CB239AB2002900F08A
:108F90003382C3F3072C1CF0040C40F02D829DF8A3
:108FA0002BB09DF82A10584841EA0B0198F817B2E7
:108FB000DFF85CE101F007010995079198F81612B6
:108FC00041EA0B019DF829B001F0070108919DF8D5
:108FD000281041EA0B0101F0070B03C8CEF800008E
:108FE00070469E4600F8041F2BFA0CF1089D474B73
:108FF000C90725FA0CF50AD553F82C30ED074FF0C8
:1090000031011B78037040F15884417002300CF13B
:10901000010CBCF1030FE7D17346099D4FF0000C22
:10902000DFF8E8E0079921FA0CF1C9070BD55EF8E3
:109030002C1091F800B0014601F802BB4FF0320B42
:1090400080F801B008460CF1010CBCF1030FE9D126
:1090500000210170002A40F0DB81002303702C48BE
:10906000A04796F8183113F0400274D0DFF8B4B07E
:109070009BF80020002A40F0EC8117F07C0F45F0AF
:10908000400500F0DE8213228BF80020019A002AAE
:1090900063DB15F0100F029B18BF012363F3041567
:1090A000A90640F1FA8301239BF8002063F34515DC
:1090B000092A00F2DB8196F8183113F020024FD113
:1090C00062F30825002D60D1124A92F89020002A00
:1090D0005BD1114BD3F8843033B3294620469847EF
:1090E00022E000BFD0A40020F01A0120D409012002
:1090F0004CA40020D8A400202CA30020E8A4002029
:1091000070100120F8A40020FCA40020DC0F002037
:10911000F80C0120900F0120E00401206C100120C8
:1091200048090120B5250120019B002BC0F2DF81F9
:1091300096F81931990700F14F829B48A04700200B
:1091400008F0E6FC059B002B40F0108215B0BDE84E
:10915000F08F964881E662F3861513F02002AFD0B7
:1091600093490A78002A40F08A81924A17F07C07D6
:1091700002EA050240F025820920402A087000F02A
:10918000C18345F48075002D9ED0C5F30727FA07EB
:109190001BD513F0010F0EAB07930FD008944FF0BF
:1091A000000B1C4658460BF1010B0121EFF75AF951
:1091B000BBF1030FA4EC010AF4D1089C7E48A04740
:1091C000DAF8003007989847A047B80700F1A88060
:1091D00015F0400FAA4640F0AF801AF0B00F4FFADA
:1091E0008AF900F0D080D8F878309847734B744AE9
:1091F0001360029BD90700F1CD80D31C029A91061F
:1092000004D598F80922920700F12382C10702D5FC
:10921000462203F8012B820702D54D2203F8012BC9
:10922000684A92F890202AB1B9F1000F02DB54226B
:1092300003F8012B002262481A70A0471AF0020FAF
:1092400040F0A381019A0AF00103002AC0F295813F
:10925000DBB1B28A8AB1DFF878B1BBF8082002939B
:1092600092054CBF58485948A047BBF80820029BBC
:1092700012F4007F40F00B823BB1554B93F88530E0
:10928000002B40F0DC815348A0471AF0040F16D0A1
:10929000DFF83CB19BF80C30002B00F0C8819BF844
:1092A000482002204C4993430CBF4C4A4C4AFCF7DF
:1092B000FFFFA04796F88E31980700F1AE821AF0B2
:1092C000080F03D0337E022B00F0A082B9F1000F0B
:1092D000C0F28082049B13F0140F11D00698F9F7A6
:1092E000FBFE404902460220FCF7E2FFA047049B38
:1092F000D90605D5039B03F02803202B00F0D78166
:109300003A0600F174823B077FF5E3AE304B586CB0
:10931000471CFFF6DEAE40F0A0813348A047D8E6F8
:109320003248AA46A047274B187DEFF753F8A047CD
:1093300015F0400F3FF451AFDFF894B0DBF81000A8
:10934000F9F7CAFE2A4902460220FCF7B1FFA047FE
:10935000DBF81400F9F7C0FE264902460220FCF7AC
:10936000A7FFA047D9F804304FFA8AF9D868F9F76F
:10937000B3FE204902460220FCF79AFFA0471AF0EC
:10938000B00F7FF430AF0F4B93F89030002B3FF4C9
:1093900055AF28E713F0020F02F104030CBF53216D
:1093A0004321D1702AE700BF5CA5002044A400201F
:1093B000C6250120400200A004A500207C413A00FF
:1093C000F80C0120900F012054A400205CA4002080
:1093D0004809012068A4002024A50020F08700206F
:1093E000E48700202CA5002040A500200CA500202B
:1093F00014A500202CA30020002A3FF432AEB1496E
:10940000DFF8E8C203C9CCF80000AF488CF80410BC
:109410001B0400F10D82002A00F00A8298F810C2A5
:10942000AA4B0CF0080CD10740F15382197820297F
:1094300006D0442940F03E81BCF1000F40F03A8153
:10944000520800F0F5810133D107EFD401335208FF
:10945000E9E715F040017FF410AE013A61F386159B
:10946000D2B2092A8BF800207FF625AE002F7FF4B8
:1094700022AE09238BF8003096F818311DE6944887
:1094800005427FF472AE013AD2B2092A01D907B976
:1094900009220A7016E606F0B7FDD8478D49024644
:1094A0000220FCF705FFA047029B13F0010040F0EB
:1094B000F780F9F711FE884902460220FCF7F8FE12
:1094C000A047D9F83C30002B3FF410AD012098475D
:1094D00090ED000A0CF0FAFCF9F7FEFD7E49024619
:1094E0000220FCF7E5FEA04796F8183100E57B481E
:1094F000A0477B4B5B79002B3FF41FAE7948A04718
:109500001BE6FAF7BFFE00283FF4C7AC80690028CD
:109510007FF7C3ACF9F7E0FD734902460220FCF780
:10952000C7FEA047B9E4FAF7ADFE002814BF012337
:10953000002363F3D3453FF46FACD0ED076A9DED94
:109540000B5A90ED087AD0ED097A76EEC56ADDED1A
:109550000C5A9DED0D6A37EE657ACDED116A77EE06
:10956000C67A8DED127ACDED137A55E44FF4807002
:1095700008F0CEFA15B0BDE8F08FB28A002A3FF4A9
:109580007BAE68E60693FFF7EFBBEEF755FF10F0F2
:10959000070100F01781C307DFF880C140F188811F
:1095A000524BDCF800204908127803F8012B00F038
:1095B0000A810CF1040CC807F3D40CF1040C01214E
:1095C000EFE71D20402A08707FF4DBAD4FF4807276
:1095D00025F48075059275E50020EFF7E7F8444A19
:1095E000444BD2ED1C7AD3ED006AD2F8D420F4EECD
:1095F000667A90ED027A11693F4AF1EE10FA00F0B6
:109600001A813E4E3160C3ED007A82ED007AD8F8BF
:1096100040304FF480513A4898476A057FF58DAD48
:10962000D8F840304FF400513548984785E596F812
:109630008E3113F0220F3FF442AE07232FE631485C
:1096400022E609228BF80020019A002ABFF621ADFC
:1096500083E5452203F8012BD8E5F9F73DFD2A49BA
:1096600002460220FCF724FEA04732E5402F7FF49B
:10967000C5AB1B4B254E93F82800F9F72DFD244967
:1096800002460220FCF714FEA047FFF7B8BBB08AE1
:10969000F9F722FDA047029B002B7FF4EEADF4E525
:1096A000D9F8043093ED010A0CF010FC01E71948D9
:1096B000A04725E600F8011BC2E61748134EA04755
:1096C000FFF79DBBFCA40020FC0C01205CE3002004
:1096D000000300A0F0A400202CA3002048A5002037
:1096E0004809012054A50020E0A40020F80C012026
:1096F000900F0120980E0120941D01206C24012060
:109700008409012060A4002038A50020F01A01205F
:10971000C0A4002038A1002084A40020DC0F002079
:109720002B16834E002B03DB96F819315B0705D50A
:10973000804B93F88000002840F0DA807E48A047F4
:10974000FFF75DBB7D487A4EA047FFF758BB7C48CA
:10975000774EA047FFF753BBDFF8D8B17948A04751
:109760009BF83830724E012B00F0B680764B1A7899
:10977000002A00F0A580BBF80820BDF80C00920676
:10978000C0F30001197000F0010300F19E80002B6E
:109790003FF435AB6D48A047FFF731BB654B644ED6
:1097A00093F829000138F9F797FC6949024602202D
:1097B000FCF77EFDA047FFF722BB66485C4EA04742
:1097C000FFF71DBB644B002264481A70A047624833
:1097D000A04737E5624BD3F8D4301869F9F77CFC21
:1097E000604902460220FCF763FDA04772E5514B39
:1097F00093F87000003818BF0120F9F76DFC5A4942
:1098000002460220FCF754FDA0477CE5544B5B79EF
:10981000002B4BD05548A04758E59BF84800F9F776
:109820005BFC534902460220FCF742FDA04746E597
:109830000023037011E4D2ED006A4E4EF4EE476A45
:10984000F1EE10FA7FF4DEAE306888427FF4DAAED3
:10985000434BD3ED347AF5EE407AF1EE10FA08D1AD
:10986000D3ED337AF5EE407AF1EE10FA08BFD3ED7E
:10987000327AF5EE407A404A1378F1EE10FA14BFCE
:1098800001210021994244D083F001031370BEE608
:109890003A48274EA047FFF7B2BAD8F87830984731
:1098A000C3B2003B18BF0123FFF7FEBB3448B2E749
:1098B00049080CF1040C284B7DE60130FFF7A7BBEB
:1098C000BBF808309B067FF59AAA2E48A047FFF701
:1098D00096BA01335208B7E596F8192110077FF5BB
:1098E00045AFBBF8082018490B709106EDD451E73D
:1098F000F9F7F2FB244902460220FCF7D9FCA04705
:10990000FFF77DBA4FF4807267F308250592FFF7E1
:10991000D9BB502212491D4811F048F800283FF4E5
:109920007CAE50220E4919480AF012FE6FE600BFC5
:10993000F01A012048090120B0A40020B8A400209A
:10994000A0A400208CA40020B725012090A4002012
:1099500094A400209CA40020F80C01201CA5002049
:10996000900F012028A5002030A5002070A4002021
:109970002CA300206C240120AA250120C8A40020CB
:1099800078A4002064A40020A8A40020A81001202E
:1099900040F27E33994215D010B582B00446084695
:1099A0000191002102F0B0FD48B10188019AA1F1B6
:1099B0001803012B09D990F82C30DB0963B135204D
:1099C00002B010BD1146FDF701B9084B93F88F3175
:1099D000C3F34003002BF2D1521A014620460193F3
:1099E000FCF7C2FD019802B010BD00BFF01A0120C3
:1099F00070B50E4684B005460846002102F084FD8D
:109A000000282CD003880246183B9BB2012B29D991
:109A100090F82C30DB0913BB3046019202F0BAFEFD
:109A2000019A034625B3244CD4F8C010002B35D03E
:109A30001846029201938847029A019B92F82C20C3
:109A400012F0010F06D01A78D4F8C030002A31D1B4
:109A50001A4898471DB9D4F8C030194898470020D3
:109A600004B070BD174B93F88F31C3F34003D2E7B6
:109A7000114CCDE90220D4F8C01013488847D4F81F
:109A8000C01030460191F9F727FB01998847D4F8B7
:109A9000C0100E488847DDE90223C5E70C48019253
:109AA0008847019A92F82C30DB07D3D5D4F8C03020
:109AB0000248CEE70748CCE708060120A49E002014
:109AC000589E0020F01A012060A5002020E8002008
:109AD000949F0020A09E00202DE9F0412A4F0646C9
:109AE000BB6F9847044626B1284B2948D3F8C030AD
:109AF000984700252388A4681D44002CFAD1BB6F29
:109B000098470421044628460EF076F9074658B3D4
:109B10008446208858B161460023626802EBC30284
:109B20000133834241F8042BF7D10CEB830CA4687A
:109B3000002CEED1174B0422294638460EF0D8FEF1
:109B40004DB1A7F104080134314658F8040FFDF770
:109B500065FEA542F7D138460EF09CF90020BDE81D
:109B6000F081A468002CF9D02388002BF9D00025BF
:109B70006068314600EBC5000135FDF74FFE2388D4
:109B8000AB42F5D8EDE700BFE00401200806012054
:109B900070A500200DFC00002DE9F0412A4F06467B
:109BA000FB6F9847044626B1284B2948D3F8C030AC
:109BB000984700252388A4681D44002CFAD1FB6F28
:109BC00098470421044628460EF016F9074658B374
:109BD0008446208858B161460023626802EBC302C4
:109BE0000133834241F8042BF7D10CEB830CA468BA
:109BF000002CEED1174B0422294638460EF078FE91
:109C00004DB1A7F104080134314658F8040FFDF7AF
:109C10005FFEA542F7D138460EF03CF90020BDE8C2
:109C2000F081A468002CF9D02388002BF9D00025FE
:109C30006068314600EBC5000135FDF749FE238819
:109C4000AB42F5D8EDE700BFE00401200806012093
:109C5000B8A5002019FC00002DE9F0470025814639
:109C60008A4602F0C9F94278806915440028FAD181
:109C700002F0C2F90421074628460EF0BDF804465A
:109C8000002847D0864697F80180B8F1000F14D01D
:109C9000002084467A68236816189BB371782246A0
:109CA00002E052F8043F6BB35B788B42F9D1013D7F
:109CB0000CF1010C0C30C445ECD1BF69002FE2D18E
:109CC000B9F1000F21D11F4B0422294620460EF086
:109CD0000FFE8DB1A4F10409002759F8048F98F8FC
:109CE000010002F07DFB0346514640460BB1FDF7F3
:109CF0004BFB0137AF42F0D120460EF0CBF80020ED
:109D0000BDE8F0874EF8046BD2E70F4BDCE7BF6984
:109D1000002FF4D07B78002BF9D00024A0467D687A
:109D20002544687802F05CFB0346514628460BB197
:109D3000FDF72AFB08F101087B780C344345EED887
:109D4000E5E700BF2102010025FC000038B50478DA
:109D500094B9294D2948D5F8C0309847D5F8C03076
:109D6000274898472748D5F8C030984720462649C5
:109D7000BDE83840FFF770BF05460246A4F1610315
:109D800004F05F01DBB2192B98BF0C4602F8014BBF
:109D90001478002CF2D11D492846FCF72FF828B181
:109DA0001B4B5B6E03B19847002038BD194928460C
:109DB000FCF724F820B121460120FCF707FFF3E768
:109DC00002F01AF92A46044641784068FCF7CCFFB5
:109DD0000028E9D1A4694CB160682A460028F9D06E
:109DE0006178FCF7C1FF0028F4D0DDE7024B0A4898
:109DF000D3F8C0309847D7E70806012000A6002016
:109E000010A600201CA60020789F002028A6002075
:109E1000E004012034A6002040A6002038B5254BE0
:109E2000DFF89CC0DFF8A0E00FCBACE807008CF8AF
:109E30000030BEF88630180421D49BB21E4C002B93
:109E400034D094F81022D9070CF1010002F0080573
:109E50001A4A11D51178202905D0442923D08CF82D
:109E60000010844601305B080CD00132D907F1D4D0
:109E70005B080132D907EDD401325B08F6E70E4CDE
:109E80000CF101002C23DEF888108CF80030FDF76F
:109E90005DFCD4F8C0300A4898470A48D4F8C0306E
:109EA0009847002038BD002DDDD0D8E70CF1010027
:109EB000E8E700BF48A60020080601205CE3002078
:109EC000F80C0120589E0020480901200D4B30B5A8
:109ED00093E807000C4D83B00C4CEB6D03C422706B
:109EE000984701462046FDF731FCD5F8C030A4F173
:109EF000080098470648D5F8C0309847002003B0BE
:109F000030BD00BF58A6002008060120F80C012033
:109F1000589E002010B52D4C82B0636E98472C4A95
:109F200084462C4BADF8040092E803001CF00702B5
:109F300083E8030017D01CF0010F274911D1520804
:109F400004310733D00701D40431012208685208D4
:109F5000007803F8010B07D0D00701F10401F5D414
:109F6000F2E70733F2E707332C229DF8050003F8E8
:109F7000012B10F0070213D0C007174905D452086F
:109F80000431D00701D40431012208685208007856
:109F900003F8010B04D0D00701F10401F5D4F2E776
:109FA00094F818227AB10D4A917810889970D4F8F3
:109FB000C0201880074890470948D4F8C030984717
:109FC000002002B010BD074AEEE700BF08060120DE
:109FD0006CA60020F80C0120DC0F002064A60020F5
:109FE000589E002068A6002070B54FF0FF3082B068
:109FF000EEF7DCFBC368DB6B002B45D00546022087
:10A0000098470246EB68002092ED030A204CDB6B78
:10A010008DED010A9847D4F8C03006461D48984790
:10A02000D4F8C03070690093F9F756F8009B984750
:10A030001948D4F8C0309847D4F8C030B0690093BC
:10A04000F9F74AF8009B9847D4F8C030124898476F
:10A05000F069D4F8C060F9F73FF8B047D4F8C030E1
:10A060000D4898479DED010A0320D4F8C060F9F728
:10A0700057F8B047D4F8C03008489847EB68DB6B16
:10A0800013B1002002B070BD032002B070BD00BF4C
:10A090000806012074A600202CA30020589E002052
:10A0A0001E4B30B5002485B0D3F8D8510394CDE9C8
:10A0B00001446DB301AA1A492046A847029800EB53
:10A0C0004000C0000DF0DEFE144B02460390D3F8B2
:10A0D000D83100B301AA134920469847124B1822E1
:10A0E000DDE902100EF004FC029B01946BB12046E6
:10A0F000039B00EB400003EBC000FCF791FEDDE9A1
:10A100000103013098420190F2D303980DF0C2FE92
:10A11000002005B030BD05499847F9E70806012041
:10A1200031FC0000D113010039FC00007D13010057
:10A1300030B583B000241B4801A9019406F07CF8D7
:10A14000019810B9002003B030BDC0000DF09AFE98
:10A150000546014610B314482C6006F06DF808223D
:10A16000124B284601990EF0C3FB019A2C607AB17C
:10A17000234605EBC3035868037813F0FD0F02D1A3
:10A18000FDF74CF9019A2B68013393422B60F0D311
:10A1900028460DF07FFE002003B030BD044806F0D5
:10A1A0004BF8CFE741FC0000A50F010055FC000073
:10A1B000F912010010B5002482B00F4B0120224695
:10A1C00021460094F4F742FE012122460B4B08463B
:10A1D0000094F4F73BFE22462146094B20460094AA
:10A1E000F4F734FE074B2246012120460094F4F791
:10A1F0002DFE204602B010BD690C0100B10B01001C
:10A20000C50E0100CD0D010010B51B4C8CB0D4F86B
:10A210004431002B2CD003A8984748B3D4F8C03061
:10A22000164898470898D4F8C03000F26C70019333
:10A23000F8F752FF019B9847079911480131FBF746
:10A240008FFE06990E48FBF78BFE05990D48FBF72C
:10A2500087FE04990C48FBF783FE03990A48FBF735
:10A260007FFE0A48D4F8C030984700200CB010BDDB
:10A2700003200CB010BD00BF0806012088A60020F6
:10A28000449E002090A6002060A20020589E00203E
:10A2900001460B4800B583B0019103F0C1F9019963
:10A2A00011B1002003B000BD03F014FA0028F8D16A
:10A2B000044B0548D3F8C0309847002003B000BDD8
:10A2C000B9FC00000806012094A6002010B5574CE8
:10A2D00082B0D4F8B030002B58D0002098470190BD
:10A2E00083B263B3D4F8C030514898479DF8043026
:10A2F00013F0070214D0DB074E494AD45208043148
:10A300004D4BD00701D4043101220868520800786F
:10A3100003F8010B05D0D00701F10401F5D4F2E7F1
:10A32000454B00229DF805001A70002844D1D4F84E
:10A33000C030414898474148D4F8C0309847BDF8EC
:10A3400006302BB9D4F8B03003B3002002B010BDF2
:10A35000D4F8C0303A4898479DF8063013F0070209
:10A360001BD0DB07334916D452080431324BD007D7
:10A3700001D40431012208685208007803F8010B67
:10A380000CD0D00701F10401F5D4F2E7032002B0AC
:10A3900010BD294BB9E7284BEDE7274B00229DF86C
:10A3A00007001A7028BBD4F8C030234898472348C8
:10A3B000D4F8C0309847C5E72C2203F8012B10F0E1
:10A3C000070213D0C0071B4905D452080431D00737
:10A3D00001D40431012208685208007803F8010B07
:10A3E00004D0D00701F10401F5D4F2E700221A707D
:10A3F0009DE72C2203F8012B10F0070213D0C007B1
:10A400000C4905D452080431D00701D4043101228B
:10A4100008685208007803F8010B04D0D00701F156
:10A420000401F5D4F2E700221A70BCE70806012007
:10A43000B0A60020DC0F0020F80C0120589E002060
:10A44000C0A60020014B14209B681847E00401209F
:10A4500010B5DFF828E0DFF828C0BEE80F00DCF810
:10A460003840ACE80F009EE803008CE803001CB104
:10A470002346BDE81040184710BD00BF40E3002050
:10A48000E004012001207047024B002083ED430AC5
:10A49000704700BFF01A0120094BD3F8A0306BB110
:10A4A000002000B583B00191984701990246054B01
:10A4B0000020114083F8061103B000BD352070471D
:10A4C00008060120F01A0120DFF81CC00846054AE2
:10A4D00008B58CF808110121D2F88C30984700207B
:10A4E00008BD00BF08060120F01A0120054B89B203
:10A4F000998221B9044B1A8961F349221A810020FB
:10A50000704700BFF01A012048090120024B0020CB
:10A51000A3F81811704700BFF01A01200020054B66
:10A52000091A93F8B52018BF012161F3000283F8DE
:10A53000B5207047F01A0120CB0711D507291AD88A
:10A540000E4AC1F38000C1F3400192F8B53041EAF0
:10A550004001002023F00703194382F8B51070472B
:10A56000064A002092F8B53023F0070343F00403B5
:10A5700082F8B53070473420704700BFF01A0120D0
:10A58000034691F9012090F9000090420CBF012090
:10A59000002001D15B780B70704700BF134A002385
:10A5A00010B492F82911124C84F8993089B1032320
:10A5B000013B21FA03F0C00708D5D2ED217A012032
:10A5C000F5EEC07A9840F1EE10FA04D4243A002B4C
:10A5D000EED110BC704794F899C0243A4CEA0000C0
:10A5E00084F89900002BE3D1F3E700BFF01A0120B3
:10A5F00048090120094B93F810325B060BD5084B34
:10A60000B1FA81F1002093F81D21490961F3C712C5
:10A6100083F81D2170473520704700BF08060120D0
:10A62000F01A01200020054B091A93F81E2118BFCB
:10A63000012161F3041283F81E217047F01A0120F2
:10A6400008B5164B01F0010093F8262160F30002D3
:10A6500083F8262111F0010217D0C1F3400193F8CD
:10A660002621DFF840E061F341024FF0000112F0D3
:10A67000010C83F826210A4B18BF4FF0070C9B6D85
:10A680008EF898C09847002008BD93F826C111465F
:10A6900062F3041C83F826C1E1E700BFF01A012031
:10A6A0000806012048090120094B19B193F88E21B1
:10A6B000D2070BD5003993F826214FF0000018BFC0
:10A6C000012161F3820283F8262170470A20704736
:10A6D000F01A01200020054B091A93F81C2118BF1D
:10A6E000012161F3861283F81C217047F01A0120C2
:10A6F00011F0010304D1094A82F82C31002070477F
:10A7000001F00702054B890783F82C21F6D5D2B258
:10A71000002042F0040283F82C217047F01A012037
:10A720000020054B091A93F81C2118BF012161F381
:10A73000410283F81C217047F01A01200E4A92F85A
:10A740008F3113F002030BD118280CD0192808D12F
:10A75000184682ED230A82ED1A0A82ED110A70472B
:10A76000352318467047184682ED240A82ED1B0AED
:10A7700082ED120A704700BFF01A01200020054B3D
:10A78000091A93F81C2118BF012161F3C30283F851
:10A790001C217047F01A0120DFF820C001F00103EE
:10A7A000C1F3400100209CF81C211B0102F06F0244
:10A7B00043EAC11313438CF81C317047F01A01208F
:10A7C000C1F34003C1F3800C0F4A002083F0010362
:10A7D0008CF0010C10B55B00CC43C1F3C00192F8C2
:10A7E0008EE143EA4C1381F0010164F3C71E43EA92
:10A7F000811392F81E1182F88EE121F062010B4361
:10A8000082F81E3110BD00BFF01A01200020054B58
:10A81000091A93F81D2118BF012161F3410283F841
:10A820001D217047F01A01200020054B091A93F8EA
:10A830001C2118BF012161F3451283F81C217047C8
:10A84000F01A0120224A01F00103B2F820011B0195
:10A8500010B5C1F3400420F4887043EA0423034395
:10A860001C48A2F8203111F0080304D090F80B32F4
:10A8700013F0020326D192F821C163F3410C11F0C9
:10A88000100382F821C109D090F80B3213F00103B4
:10A8900004D0D0F81C31003B18BF0123B2F820C10E
:10A8A000C1F34011DB02D0F810412CF4026C43EAF2
:10A8B0004113002143EA0C030846A2F82031A047C7
:10A8C000002010BDD0F81C31003B18BF0123D2E797
:10A8D000F01A012008060120054B93F80A0210F037
:10A8E000040003D1034B83ED0B0A7047032070472C
:10A8F00008060120F01A01200E4B93F80A0210F00E
:10A90000040015D1CB43DFF830C0C1F34002C1F3DE
:10A9100080019B0303F4804343EA8243DCF81C215B
:10A9200043EAC14322F444221343CCF81C3170475C
:10A930000320704708060120F01A012040F21B2373
:10A9400098422DD0B0F5077F12D2B0F5AA7F20D063
:10A95000B0F5C57F1BD1DFED197A0020184B20EE32
:10A96000270ABCEEC00A10EE102AA3F8AC207047EC
:10A9700040F2A12398420AD1DFED107A104B20EE6D
:10A98000270ABCEEC00A10EE102AA3F8A42000206B
:10A9900070470B4B002083ED340A83ED2C0A70477F
:10A9A000DFED067A0020064B20EE270ABCEEC00A37
:10A9B00010EE102AA3F8AE20704700BF00007A44C2
:10A9C000F01A01200246034B03481A6102814360DA
:10A9D000704700BF442401203824012010B582B004
:10A9E0000B460024094801A98DF805308DF8044074
:10A9F00002F016FE38B1064B20469DF8042083F87D
:10AA0000A92002B010BD342002B010BDA542010043
:10AA1000F01A012010B582B00B4600240B4801A9A2
:10AA20008DF805308DF8044002F0FAFD10B934209D
:10AA300002B010BD064B9DF804209DF9050083F877
:10AA4000A82002F0D1FD204602B010BDA5420100B1
:10AA5000F01A01200B4B93F80A0210F004000ED1FB
:10AA6000D3F8E0305BB1042909D8074B00B583B0B7
:10AA70001977019007F08CFE019803B000BD032008
:10AA8000704700BF08060120F01A012008B5044BEA
:10AA9000034483F86611F5F735FF002008BD00BFB9
:10AAA000F01A0120CBB2012B00B583B00ED0022BDF
:10AAB00002D0B3B90D4A53710D4A4FF0010C0D4B42
:10AAC000002082F800C0197603B000BD002001917B
:10AAD00002F0C6FC030707D5044B002201995A7106
:10AAE000EAE7032003B000BD1120EDE7900F01203D
:10AAF000B1250120F01A012008B50B4B83F8B410E2
:10AB00004B0701D4002008BD002002F0A9FC10F082
:10AB10001002054BF6D193F8B410352062F3820190
:10AB200083F8B41008BD00BFF01A0120464B10B5E1
:10AB30001A7E012A7ED0DA8A40F2CA311E3A92B2D7
:10AB40008A4201D92322DA82404991F90822002A57
:10AB500002DB0022A3F8AA20D1ED077A93ED437A15
:10AB6000B4EEE77AF1EE10FA01D5C3ED437AC86A84
:10AB7000F0B107EE900A344ADFED355AB8EE677A45
:10AB8000A2F16C00D2ED1E6AD2ED1F7A66EEA77AB2
:10AB900087EEA56AB4EEC76AF1EE10FA05DD27EE7E
:10ABA000256AC6EE267AC2ED1F7A243A8242E9D19E
:10ABB0001A7F042A07D993F81E21032042F00802C5
:10ABC000187783F81E2191F80B2212F001000AD0A9
:10ABD00093F82101D1F81C41C0F3C000002C0CBF38
:10ABE000002000F0010093F821C112F0020260F38E
:10ABF000C30C83F821C10AD05FFA8CF2D1F81C1182
:10AC0000C2F3400200290CBF002202F0010293F8B7
:10AC100021C1B3F89C00B3F89E1062F3410C40F4DC
:10AC2000806021F4806283F821C1A3F89C00A3F81E
:10AC30009E2010BD002002F013FC034B10F0080012
:10AC400008BF187677E700BFF01A01200806012038
:10AC5000000070420E4A08B5D2F81031B3B10D4B66
:10AC600092F80BC293F820211CF0020F61F341020D
:10AC700083F8202106D0D2B2C1F3400161F3C7129C
:10AC800083F82021F4F7F4FB002008BD352008BD2F
:10AC900008060120F01A0120064AB2F810221140DD
:10ACA00008B521F48061044BA3F89E10F4F7E0FB93
:10ACB000002008BD08060120F01A0120174AD2F82A
:10ACC00010314BB3164B93F820C161F3000C10B553
:10ACD00083F820C192F80BC21CF0020F07D093F842
:10ACE00020E1C1F3400464F3861E83F820E11CF0E8
:10ACF000010F07D093F821C1C1F3800161F3820CE9
:10AD000083F821C1F4F7B4FB0021044A0846D2F8C5
:10AD100010319847002010BD3520704708060120EB
:10AD2000F01A0120003908B5074B18BF012193F82C
:10AD30001C2161F3000283F81C21FCF723FE06F0BE
:10AD40001BFE002008BD00BFF01A0120002875D0AE
:10AD500008B50388B3F5C67F49D2B3F5AA7F80F062
:10AD60008780412B00F23381052B65D9063B3B2BB5
:10AD700062D8DFE813F0160161006D014E01610039
:10AD8000610061006100230161006701230161002E
:10AD900016016100610061006100610061006100F5
:10ADA0006100610061001D011D016100F500F500F9
:10ADB000F500F5006100470161006100610061007C
:10ADC000610061006100610061006100610061007B
:10ADD000610061006100610061006100610061006B
:10ADE000610061005B014C0161006100160140F2ED
:10ADF0008A22934200F0648121D8B3F5F27F00F0FB
:10AE000068810ED840F2E112934200F0C380B3F59E
:10AE1000F17F11D1B84BD3F84801003818BF012099
:10AE200008BD40F20722934240F02681B24B93F9CD
:10AE30000832002BC0F21981002008BD7047B3F51D
:10AE40003A7F80F0318140F2E522934200F24D8159
:10AE500040F29F22934200F0928040F2A12293425E
:10AE6000EAD1A54B93F81A02003818BF012008BD9B
:10AE7000A3F5AA73372BDFD801A252F823F000BF45
:10AE80001F4D0100914C0100914C0100914C0100BB
:10AE9000914C0100914C0100914C0100054D0100C5
:10AEA000054D0100054D01005D4B01005D4B0100AA
:10AEB0005D4B01005D4B01005D4B01005D4B0100EE
:10AEC0005D4B01005D4B01005D4B01005D4B0100DE
:10AED0005D4B01005D4B01005D4B01005D4B0100CE
:10AEE0005D4B01005D4B01005D4B01005D4B0100BE
:10AEF0005D4B01005D4B01005D4B01005D4B0100AE
:10AF00005D4B01005D4B01005D4B01005D4B01009D
:10AF10005D4B01005D4B01005D4B01005D4B01008D
:10AF20005D4B01005D4B01005D4B01005D4B01007D
:10AF30005D4B01005D4B01005D4B01005D4B01006D
:10AF40005D4B01005D4B01005D4B01005D4B01005D
:10AF5000B34D0100874B0100A74D01008F4D01004B
:10AF6000654B93F80A02C0F3401008BD624B93F89A
:10AF70000A02C0F3800080F00100C0B208BD5E4B41
:10AF8000586E00283FF44CAF93F81802003818BFF1
:10AF9000012008BD584BD3F8E001003818BF01204C
:10AFA00008BD554BD3F81401003818BF012008BD67
:10AFB000002002F055FA00F0010008BD4E4BB3F836
:10AFC000100220F48040003818BF012008BDB42BC7
:10AFD00000F08580BE2B00F08280AA2B7FF42CAF7E
:10AFE000454BD3F8A030002B3FF426AF0120984703
:10AFF000C0B2003818BF012008BD012002F030FAAD
:10B00000430704D43C4B93F80802C00908BD012053
:10B0100008BD394B93F80A0210F020003FF400AF4E
:10B02000002002F01DFAC0F3C00008BD324B93F8B7
:10B0300010321A07EBD4314B93F82C01C04300F0C7
:10B04000010008BD002002F00BFAC0F3002008BD8B
:10B05000294BD3F8A030002B3FF4EEAE00209847E8
:10B06000C0B2003818BF012008BD02F033FB012830
:10B0700094BF0020012008BD40F21B2293427FF4C0
:10B08000DBAE02F027FB003818BF012008BD02F03C
:10B0900021FB00283FF4C4AE012002F0E1F980F06A
:10B0A0000400C0F3800008BDA3F53A73012B3FF6FE
:10B0B000C3AE114B93F81D02003818BF012008BD24
:10B0C0000D4B93F8093213F00C0F14BF0120002030
:10B0D00008BD094B93F81002C0F3801008BD074B60
:10B0E00093F88F01C0F3400008BD034B93F81B0297
:10B0F000003818BF012008BD08060120F01A012001
:10B10000412844D8052840D9831F3B2B3DD8DFE890
:10B1100013F0F4003C00F000E400E0003C003C00D0
:10B12000DA00D0003C00CC00C8003C00B800B10000
:10B13000A20097003C003C003C003C003C003C006E
:10B140003C003C003C0094003C003C003C003C00C7
:10B1500090003C008A00320144013C003C007C002D
:10B160007C007C007C007C007C003C003C003C00BF
:10B170003C003C003C003C003C003C003C003E01EC
:10B180003C003801290123010C010020704740F2E6
:10B19000E113984200F03981B0F5F17F00B583B03A
:10B1A0001CD2B0F5C07F00F0338100F2FA8040F28B
:10B1B000551398422ED0B0F5AD7F40F02F819A4BB9
:10B1C00093F81E0193F81D314008C3F3801300F07B
:10B1D000060083F00103184303B000BD40F20723CB
:10B1E000984200F00881B0F5027F80F0E880B0F569
:10B1F000F27F12D040F2E513984240F00F818A4B63
:10B2000093F81E01C0F30010E6E7874B034493F860
:10B2100066017047844B187FDEE7834B93F91D016D
:10B22000C043C00FD8E7804B93F81C01C0F38010D7
:10B2300070477D4B93F8080170477B4B187E704731
:10B24000794A92F82631B2F88E01C3F3C00363F352
:10B25000041080B27047744B93F8263113F001004C
:10B260001ED0980803F0020300F00400184340F0D9
:10B27000010070476C4B93F82901003818BF01207A
:10B2800070476A4A684B92F80B2293F820019207A4
:10B29000C0F3400004D593F92031002BC0F2C080E8
:10B2A0007047614BB3F89E0070475F4B93F8B40052
:10B2B00070475D4A5D4BB2F89C00B3F810321840FD
:10B2C00020F480607047584B93F81C0100F0010097
:10B2D0007047554BB3F818017047534B93F8B5308E
:10B2E0005A073FF552AF580000F0060040F0010049
:10B2F00070474D4B93F8060170474C4B4A4A93F800
:10B300000B3292F8201113F0020F01F0010003D06C
:10B31000490648BF40F00200DB07C1D592F8213151
:10B320005907BDD540F0040070473F4A92F82131DB
:10B3300092F82021C3F3400003F0010CC2F3001186
:10B34000C3F3C003C00002F0200240EA4C000843EF
:10B3500040EA031010437047334B93F81C01C0F3CD
:10B3600040107047304B93F81C01C309C0F3001024
:10B3700040EA430070472C4B93F82601C0F380004D
:10B380007047294B93F81C01C0F3C0007047264B4F
:10B3900093F81C01C0F340007047234B93F82C0135
:10B3A000704740F28B13984238D11F4B0DF10701C3
:10B3B00093F8A80002F0D0F89DF907000CE7B0F56B
:10B3C000297F2BD1184A92F81E3192F98E11D84359
:10B3D000C3F34012C3F3801382F0010200F00200B5
:10B3E00083F0010340EA82000029A8BF40F0010079
:10B3F00040EAC300F0E60C4B0DF1070193F8A900F9
:10B4000002F0AAF89DF90700E6E6074B988A704714
:10B41000054B93F81D01C0F34000DDE60020DBE69C
:10B4200040F00200704700BFF01A0120080601201A
:10B43000044B002201201A61C3E90022C3E9022261
:10B44000704700BF4424012000B5034685B00022A8
:10B4500040690392002838D002AA03A98DED010AA1
:10B460000093F7F76BFF009B9DED010A50B3DDEDF4
:10B47000027AF4EEC07AF1EE10FA0CD993F82C208F
:10B48000C2F3400282F00102D20725D4B5EE400A91
:10B49000F1EE10FA20D1986988B1002302AA03A91D
:10B4A0008DED000A0393F7F749FF58B1DDED027AFD
:10B4B0009DED000AF4EEC07AF1EE10FA0CD40020F3
:10B4C00005B000BD022005B000BDB5EEC00AF1EE2A
:10B4D00010FAE0D50420F6E7342005B000BD00BF27
:10B4E00010B50C2282B0104910480FF05FFA0446E4
:10B4F00028B10D4B93E807000C4B83E8070050225E
:10B500000B490C480FF052FA034630B1019050221B
:10B510000749084809F01CF8019B1C4314BF01208F
:10B52000002002B010BD00BF981B0120981D012013
:10B53000A41B0120441D012020B1164A126802B14B
:10B540001047704700B583B00190FFF7EFFA124A39
:10B55000019B118911F4806F07D10E4A1268BAB1AC
:10B56000184603B05DF804EB1047F5F7E1F90A4A15
:10B57000019B0028F1D011890B2063F38A211181EE
:10B5800006F078FA054A0D20D2689047019BE4E75F
:10B5900003B000BD6012012048090120E004012031
:10B5A000A0F164035D2B1CD9A0F548735D2B18D95D
:10B5B000B0F5AA7F00F095807AD81B2820D81B28E8
:10B5C0001ED8DFE800F0A61D1D1D1D1D1D1D1D1D23
:10B5D0001D1D1D1D1D1D1D1D1D1D1D1D1D1DA29E95
:10B5E0001DAAA0F165035C2B0DD96FF44873C21836
:10B5F0005C2A8CBF002201222AB9822840F2A68050
:10B600009FED990A7047994BA3FB0023DB0803EBDE
:10B6100083035B009BB2C21A022AF1D8822B40F24C
:10B620009D80A03B99B21E29EAD81E2BE8D801A123
:10B6300051F823F031550100255301002553010035
:10B640002553010025530100255301002553010016
:10B650002553010025530100255301002155010008
:10B6600025530100255301002553010025530100F6
:10B6700025530100255301002553010025530100E6
:10B6800025530100415501002553010025530100B8
:10B6900025530100255301002553010025530100C6
:10B6A00025530100255301002553010011550100C8
:10B6B00040F21B23984218D0B0F5077F31D2B0F585
:10B6C000AB7F3FD0B0F5C57F9AD1694B9FED697ACA
:10B6D000B3F8AC3007EE903AF8EE677A87EE870A57
:10B6E0007047634B93ED340A7047614B9FED617A6D
:10B6F000B3F8AE3007EE903AF8EE677A87EE870A35
:10B7000070475B4B93ED110A7047594B93ED120A4A
:10B710007047574B93ED430A7047554B93ED5F0AC3
:10B72000704740F2A12398427FF46AAF504B9FEDDF
:10B73000517AB3F8A43007EE903AF8EE677A87EEC4
:10B74000870A70474A4B93ED0B0A704702EBC2021F
:10B75000474B03EB820393ED0C0A7047632B3FF4D6
:10B760004FAF643B1E2B3FF64BAF01A151F823F0C6
:10B770007154010025530100255301002553010098
:10B7800025530100255301002553010025530100D5
:10B7900025530100255301007D550100255301006B
:10B7A00025530100255301002553010025530100B5
:10B7B00025530100255301002553010025530100A5
:10B7C0006555010025530100255301002553010053
:10B7D0002553010025530100255301002553010085
:10B7E00025530100255301005155010002EBC2020F
:10B7F0001F4B03EB820393ED110A704702EBC20269
:10B800001B4B03EB820393ED100A704702EBC2025D
:10B81000174B03EB820393ED140A704702EBC2024D
:10B82000134B03EB820393ED120A704702EBC20243
:10B830000F4B03EB820393ED0F0AB1EE400A704702
:10B8400002EBC2020A4BDFED0C7A03EB820393EDAD
:10B850000E7A87EE270A704702EBC202044B03EB15
:10B86000820393ED0D0A704700000000CDCCCCCCD4
:10B87000F01A012000007A4400006145114B1A784B
:10B8800000B5AAB9104A92F81D31104923F03C03C3
:10B8900091F8AC0182F81D3148B10123D1F8C8C13B
:10B8A0004FF4D872084918465DF804EB604700BDB4
:10B8B000054AD86899685B68C2F88000D1659363CF
:10B8C000E1E700BFB0120120F01A012008060120B4
:10B8D000144ADFF854C0B2F810321940D2F82431BB
:10B8E00010B541F48061044693B1C1F3C0139CF8D4
:10B8F0009CE0B3EBDE1F0BD0ACF89C10F3F7B8FD67
:10B9000005F010FD074AD2F824319847002010BDF9
:10B910002046ACF89C10F3F7ABFD05F003FD0020CA
:10B9200010BD00BF08060120F01A01200120704759
:10B9300000B585B0074B01A883ED5F0A8DED030AC2
:10B940008DED020A8DED010AF4F7E0FE002005B04E
:10B9500000BD00BFF01A0120A0F165035C2B10B5FB
:10B9600084B00ED96FF4487282185C2A8CBF002212
:10B97000012232B9A0F1C9035C2B57D8352004B09D
:10B9800010BDD34BA3FB0023DB0803EB83035B0059
:10B990009BB2C21A022AF1D8822B40F2B880A03B97
:10B9A00099B21E29EAD81E2BE8D801A151F823F03C
:10B9B0002F590100A1560100A1560100A156010016
:10B9C000A1560100A1560100A1560100A156010097
:10B9D000A1560100A1560100F9580100A15601002D
:10B9E000A1560100A1560100A1560100A156010077
:10B9F000A1560100A1560100A1560100A156010067
:10BA0000DF580100A1560100A1560100A156010016
:10BA1000A1560100A1560100A1560100A156010046
:10BA2000A1560100A1560100C55801006FF4C8736A
:10BA3000C318302BA2D96FF4167C00EB0C03262B15
:10BA40009CD982289AD8642898D1A24802EBC201D6
:10BA5000D30000EB81010446D1ED0C7AF4EE407A7C
:10BA6000F1EE10FA4BD0F5EEC07AF1EE10FACCBF41
:10BA700001210021002942D080EE276A964902F177
:10BA8000220E02F10A0C02F11C00039301EB8E0E50
:10BA90008DED020A01EB8C0C0192DEED017A01EBD7
:10BAA000800001EB8203F8EEE76ADCED017AD3ED6A
:10BAB000135AB8EEE77AD0ED017AF8EEE77A66EE3F
:10BAC000866A27EE067A67EE867AFDEEE66A25EE4E
:10BAD000866ABDEEC77AFDEEE77ACEED016A83EDA8
:10BAE000136A8CED017AC0ED017AF8F7D3FE7B483A
:10BAF0007B4905F063FF039B9DED020A019A134405
:10BB000004EB830383ED0C0A002004B010BD632B0B
:10BB10003FF434AF643B1E2B3FF630AF01A151F828
:10BB200023F000BF6F570100A1560100A15601008C
:10BB3000A1560100A1560100A1560100A156010025
:10BB4000A1560100A1560100A1560100AD59010006
:10BB5000A1560100A1560100A1560100A156010005
:10BB6000A1560100A1560100A1560100A1560100F5
:10BB7000A156010087590100A1560100A1560100FC
:10BB8000A1560100A1560100A1560100A1560100D5
:10BB9000A1560100A1560100A1560100575901000C
:10BBA0004C4B93F88F1189077FF5E8AE02EBC20288
:10BBB00003EB820383ED110AA6E7464B93F88F113E
:10BBC00088077FF5DBAE02EBC20203EB820383ED55
:10BBD000120A99E7434BD3F8A030002B3FF4CEAEC6
:10BBE000012001928DED020A9847019AC3B2D34019
:10BBF000DC077FF5C3AE374B02EBC2029DED020AB4
:10BC000003EB820383ED100A7EE7324B02EBC201A5
:10BC100003EB8103D3ED147AF4EE407AF1EE10FADF
:10BC20003FF472AF012083ED140A9040F4F7D0FE88
:10BC30006AE7284802EBC201B1EE400AD30000EBEC
:10BC400081010446D1ED0F7AF4EE407AF1EE10FA5C
:10BC500022D1134404EB830383ED0F0AFEF79EFC0D
:10BC600052E7DFED217A02EBC200204920EE270ADD
:10BC7000184B01EB820203EB800320EE270A82EDD2
:10BC8000010A83ED0E0A3FE7124B02EBC20203EBFF
:10BC9000820383ED0D0A37E70F494FF0010C039340
:10BCA0008DED020A0CFA02FC088940F480600881DC
:10BCB00091F84800019220EA0C0081F84800042025
:10BCC00005F026FF039B9DED020A019AC1E700BF24
:10BCD000CDCCCCCCF01A012048090120081001205D
:10BCE000D40901200806012000007042B012012092
:10BCF000284B00B583B0B3F88E01A3F88E1111F074
:10BD000001012DD093F88E2193F82611C2F3001C67
:10BD100093F88FE122F010026CF3C3010EF0010CD6
:10BD200083F88E2183F8261140F201210840012872
:10BD300005D0D2B2D20702D51EF0020F21D0164A8A
:10BD4000002093F88F11D2F864E086450CBF0022E2
:10BD50000CF0010262F3000183F88F1103B000BD03
:10BD600083F829110191FEF719FC0A4B019993F808
:10BD700026218C46A3F88E1161F3820283F82621D6
:10BD8000DDE7996C5A6CC3F89010D966C3F88C2023
:10BD90009A66D4E7F01A01200806012031B3184B47
:10BDA00093F88E21D20729D54FF0070C15480021B2
:10BDB0001A4683F829C1032380F89910D2ED217A1D
:10BDC000013B0121243AF5EEC07A9940F1EE10FAD8
:10BDD00003D4002BF2D10020704790F899C04CEAB0
:10BDE000010180F89910002BE8D1F4E7044A002003
:10BDF000044B82F8291183F8991070470A20704784
:10BE0000F01A01204809012000286AD0027F072A81
:10BE100065D803460120904010F0AA0F00B52DED23
:10BE2000028B85B00ED110F055001CD01A7B0B2A66
:10BE300000F28680DFE802F056565656565F6216CC
:10BE40001116567D18881A7B0144063A88B2032AD7
:10BE500078D8DFE802F018110C113C4A92F8B620AD
:10BE6000D1073AD4186A05B0BDEC028B00BD374A41
:10BE700092F8B620D20730D45B6A05B0BDEC028BD5
:10BE80005DF804EB18475A6A01939047019B1B69C0
:10BE9000002B51D02E2118468DED010A02930EF091
:10BEA000D3FE9DED010A0246002845D0029B8DED90
:10BEB000030A1846CDE9013210F030FC019B029ACA
:10BEC00018449DED030A801A0138C0B205B0BDECDC
:10BED000028B5DF804EBF7F723B91D48C3E7002098
:10BEE000704770471B6A187805B0BDEC028B5DF88F
:10BEF00004EBF7F7F1B81B6A1868F5E71A6A1B69D3
:10BF0000D2ED007AB0EE678AC3B12E2118460193B4
:10BF10000EF09AFE90B1019B0290184610F0FEFBC5
:10BF2000019B029A1844801A0138C0B2B0EE480A48
:10BF3000CCE71B6A1888D7E70120C7E70120F5E79F
:10BF4000002090E75B6A9847CEE700BF0806012013
:10BF5000ECA60020C8B1027F072A16D8012393401F
:10BF600013F0AA0F0DD113F055030FD0037B0B2B49
:10BF70000BD8DFE803F00D0D0D0D0D180A0A0A0AA3
:10BF80000D15037B063B032B05D80023184670478D
:10BF9000036A1B78FAE70288436A114488B218479B
:10BFA000036A1B88F2E7036A1B68EFE710B1037BA3
:10BFB000062B02D09FED0B0A7047027F072AF9D8A3
:10BFC0000123934013F0AA0F06D113F0550FF1D0BF
:10BFD000036A93ED000A70470288436A114488B2ED
:10BFE000184700BF0000C07F024B1A6818609061BC
:10BFF000704700BF9CFE00200048704734FE0020C0
:10C00000074B00B593F8AC214AB1D3F8C8C101463B
:10C010000123462240F2B7305DF804EB604700BDD3
:10C020000806012001280ED80B4B93F8AC214AB129
:10C030004042D3F8C8C14622012300F0480000F274
:10C04000263060477047054B40F69311044A054877
:10C0500010B50BF0B1FE00BF08060120F8A60020C5
:10C06000D40A002010A700200128F8B524D8164DC6
:10C0700004460E4695F8AC3163B141420123462295
:10C08000304601F04801D5F8CC7101F22631B847AD
:10C0900000B1F8BD0023337095F8AC3153B1604264
:10C0A0000123D5F8C841462200F04800314600F28D
:10C0B0002630A0470020F8BD044B4FF41A61044A13
:10C0C00004480BF079FE00BF08060120F8A6002006
:10C0D000B80A002010A700200C2810B582B01BD889
:10C0E000114A03460C46926C12B101909047019B95
:10C0F0000E4A92F8AC1169B1C3EBC3000123D2F828
:10C10000C8C1214698400C2200F5007002B0BDE87D
:10C110001040604702B010BD054B40F6AE11054A15
:10C1200005480BF049FE00BFE0040120080601208D
:10C1300058A700209C0A002010A700200C2870B5EA
:10C140001DD8124B04460D4693F8AC2162B1C0EBEA
:10C15000C001D3F8CC6101230C222846994001F597
:10C160000071B04700B170BD094B07CB2860204675
:10C1700069602946AA60FFF7AFFF002070BD054B3C
:10C1800040F6BE11044A05480BF016FE08060120D1
:10C1900034E3002058A70020800A002010A70020C8
:10C1A000114A10B592F8AC3133B1D2F8C031002049
:10C1B000984717280C4A03D0FEF7B8FC002010BDA2
:10C1C0000123D2F8CC4109484FF4D8721946A04750
:10C1D0000028F1D0FEF7AAFC044B1878A0F1170054
:10C1E000B0FA80F0400910BD08060120F01A0120C5
:10C1F0002DE9F04397B00024684E05464522FF2103
:10C200000DF1110005F001070EF0A4FCD6F8C431C1
:10C21000172120468DF81040984715F001039946E4
:10C2200040F08880AA0762D46A0710D540F2263809
:10C2300096F8AC410123462204A9404614B1D6F831
:10C24000C841A04740F26E3398459846F0D12B077D
:10C2500015D596F8AC3193B10123D6F8C8414622E2
:10C2600004A940F2B730A04796F8AC313BB1D6F8FC
:10C27000C841012346224A4940F2B730A047B9F1EC
:10C28000000F06D0D6F80C311BB14FF0FF314548F6
:10C290009847454B9C69B4B105F010050BE0BDB162
:10C2A000A36A03B19847E3691BB121783D4849422D
:10C2B0009847A4693CB12378002BF0D0002FEFD130
:10C2C000A469002CF7D1F7F7FFFD17B0BDE8F083A4
:10C2D000A469002CF7D02378002BEFD1A469002C9F
:10C2E000F1D02378002BF3D0002FD9D1E8E7002339
:10C2F0006FF00504DFF8AC800393CDE9013307E06C
:10C3000098F82431E340DB0701D4FFF7E5FE013460
:10C31000A01D022C01A9C0B2F2D9A01D013401A9AF
:10C32000C0B2FFF7D9FE042CF2D101A90B20FFF710
:10C33000D3FE79E7DFF86C804FF4D8721B49404692
:10C3400008F006F94FF480632046A8F89C3001F00D
:10C3500087F898F8B430024620461A40C2F34002EB
:10C3600062F3410388F8B43001F07AF898F8B430F9
:10C37000C0F300100E4A92F88310C3F3800202400B
:10C3800062F3820388F8B43011B9FFF777FA49E70E
:10C390004FF00700F4F71CFBF7E700BF0806012089
:10C3A000949F0020F01A012034FE0020C059006044
:10C3B00048090120094B10B593F8AC2142B1D3F8DC
:10C3C000CC414622012340F2B731A04700B110BD55
:10C3D0004FF00800FFF70CFF002010BD08060120F9
:10C3E00030B5424C83B062786AB1636802EB420CAC
:10C3F000002503EB8C0C5978814208BF1D460C3395
:10C400009C45F8D12DB9A469002CECD1002003B0D3
:10C4100030BDAB6804462BB12846984710B10120C7
:10C4200003B030BD6B78023B0C2B1DD801A252F833
:10C4300023F000BF4361010043610100D3610100AB
:10C440008D61010043610100EB610100F7610100B2
:10C450008D6101008D6101004361010001620100F5
:10C460008D61010043610100204D02E0AD69002DA6
:10C47000CCD0E8680028F9D029890029F6D000231B
:10C4800003E001339942F1D9E86803EB430200EB82
:10C4900002108278A242F4D1826A0021002ABED022
:10C4A000019390470028BAD12989019BE9E7104BF5
:10C4B000D3F8A030002BA9D001209847C0B2003893
:10C4C00018BF0120A3E70A4B93F80902C0F340000C
:10C4D0009DE7074B93F80902C00998E7044BD3F88E
:10C4E0001401003818BF012091E700BF34FE00207E
:10C4F000080601208078FFF773BF00BFA0F12C036E
:10C50000012B98BF2B207047A0F165035C2B2DE910
:10C51000F047064682B00F460BD96FF448714518B4
:10C520005C2D8CBF002501251DB9A0F1C9035C2B32
:10C5300058D8714BA3FB0623DB0803EB83034FEAB8
:10C5400043091FFA89F9A6EB0905DFF8B081B8F8AD
:10C550000810D9B1002402E001348C4216D204EB59
:10C560004400D8F80C204FEA001A02EB001332F80E
:10C570000A204A45F0D19A6A2946184602B39047E4
:10C58000D0B9B8F8081001348C42E8D3D8F8188034
:10C59000B8F1000FDBD1594C236B304623B19847DB
:10C5A000B6EB000805467CD1A469002CF4D1002329
:10C5B000184602B0BDE8F087D8F80C0000EB0A037B
:10C5C0009A782B2A27D0002D49D0D8F82C20002A81
:10C5D00037D01FB1C7F80080002BDCD0184602B05E
:10C5E000BDE8F0876FF4C8728318302B3FD96FF421
:10C5F0001673C318262B7DD83F4BA3FB00239B0843
:10C6000003EB8303A0EB030909F516791FFA89F9F7
:10C61000A0EB090599E73A4AD2F8C020002A3BD09E
:10C620001888294601939047019B18B101469868E4
:10C630000FF0C4FFD8F80C3053445DB1D8F82C206B
:10C6400042B99B781D2B21D00323AB42A3D9D8F844
:10C650000C305344002FBFD0C7F80080BCE7002F38
:10C66000BCD01846C7F8008002B0BDE8F087224B66
:10C67000A3FB0023DB0803EB8303A0EB430909F5CD
:10C68000C8791FFA89F9A0EB09055EE71D4BD3F8BD
:10C69000F03198470346D8E7002DCFD1002F99D12C
:10C6A0009CE7B4F808C0BCF1000F80D000263346E8
:10C6B00002E00136B44591D906EB4602E1684FEA43
:10C6C000021901EB021031F80920AA42F1D1826A65
:10C6D00062B141460193904718B9B4F808C0019B74
:10C6E000E7E7E268B4F808C002EB090007B13C6074
:10C6F0000346DEE7814628E7CDCCCCCC34FE0020D3
:10C70000E004012008060120F0B5837885B00446D6
:10C710000E462B2B174616D090F82C1011F07801EE
:10C7200004D1334605B0BDE8F040184703A900889E
:10C73000FFF7EAFE039BDB6A93B13A46314605B048
:10C74000BDE8F040184700252B46A26A294652B1A1
:10C7500020460193904730B9019B0135032DF4D158
:10C76000184605B0F0BD0A4B2946D3F8C03033B1A6
:10C7700020889847014610B1A0680FF01FFF3A4685
:10C7800029462046B04703460028E6D1E8E700BF27
:10C79000E0040120194B5B6F70B5044613B1984754
:10C7A00000B170BD00212046FFF7AEFE064600280E
:10C7B000F7D0134C01E0A469C4B1D4F814C0BCF1A3
:10C7C000000FF8D0238A0CF10405B6F800E0013B15
:10C7D000012200203CF83310714509D00BB1002A2A
:10C7E000F5D10028DDD1A469002CE6D1204670BD2A
:10C7F00055F83300B0FA80F25209EFE7E004012067
:10C8000034FE0020A0F10A03022B38BF0520704738
:10C81000007B013802288CBF00200120704700BF38
:10C82000037BA3F10A00052B18BF012894BF012048
:10C83000002070472DE9F0410D4600218046FFF7AA
:10C8400063FE002859D00769002F4DD03B78002B9C
:10C850004AD03846012600E001362C210EF0F4F9CA
:10C8600004460130002CF7D126B93DE001346D08B3
:10C87000B44239D015F00101F8D14046FFF744FE2B
:10C880000028F3D0037B013B022BEFD8026994B15F
:10C89000134621461A78002AE8D02C2A03F1010316
:10C8A00006D01A78002AE1D02C2A03F10103F1D135
:10C8B00001391A46F5D1114642F64E7321F8033B71
:10C8C000412393700B46D2782C2A18D012B916E067
:10C8D0002C2A14D013F8012F002AF9D10A70C5E7C9
:10C8E0000EF046FA48B920702C2138460EF0B2FA04
:10C8F0000422044607490028F2D1BDE8F081002A4D
:10C90000ECD02C2201F8012B13F8012F002AF9D1C9
:10C910000A70ABE774A7002030B5037B87B00446EC
:10C920000D460B2B3ED8DFE803F00606060606068A
:10C930002A301A3D0606002303AA02A928460293BC
:10C94000F6F7A6FC034670BB227B0B2A2BD8DFE848
:10C9500002F07158587C772D2A2A2A2A2D2D084654
:10C960000FF0DCFE4D4A034692F8B620D20702D5FE
:10C97000082800F0818007EE903AB8EEE70A2046DA
:10C9800007B0BDE83040FEF75FBD08460FF0C6FEB9
:10C9900000EE100A2046B8EEC00A07B0BDE83040ED
:10C9A000FEF752BD0023184607B030BD0022606973
:10C9B000039D059298B104AA05A90193F6F768FCB6
:10C9C000002866D1049A019B954208D294F82C2045
:10C9D000C2F3400282F00102D10710D47DB9A069F0
:10C9E0000028E0D0002104AA0193059105A9F6F7DB
:10C9F0004FFC00284FD1049A019B9542D3D9342390
:10CA0000D1E72069002842D00278002A3FD00124D3
:10CA100000E001342C2101930EF016F90246019B2F
:10CA20000130002AF5D10122A2400399914228BF8A
:10CA30003423B8E7039B012B94BF13463423B2E79A
:10CA4000039A082A28BF3423ADE720690028D6D0EE
:10CA50000278002AD3D0012400E001342C21019374
:10CA60000EF0F2F80246019B0130002AF5D1039A3C
:10CA7000A24228BF342396E70190294608480FF0C8
:10CA80002DFC019B00287FF476AF03238BE7012266
:10CA9000CBE7034687E7022385E700BF08060120AE
:10CAA000ECA6002070B586B00023614A0C4605A9AB
:10CAB00006460492CDE90233FFF726FD002848D050
:10CAC00023780546202B03D114F8013F202BFBD0FF
:10CAD0002B7B062B6FD0073B022B2ED821469DEDDA
:10CAE000040A2846FFF718FF034618BB297F0729C9
:10CAF0003FD801228A4012F0AA0F0DD112F0550F33
:10CB000037D02A7B0B2A22D8DFE802F06E6E6E6ED9
:10CB1000837F307474216E7B2A7B2D6A062A57D05E
:10CB2000073A0190022A4ED821463046A847019B79
:10CB3000F8B10346184606B070BD03AA02A9204604
:10CB4000F6F7A6FB0028C9D02B7F012BC6D90223FC
:10CB5000F0E7072E06D12378364A202B05925ED1C6
:10CB6000354DB1E73523184606B070BD04992A6AE1
:10CB700011600193EBF76CF9059C019B226A0AB1E5
:10CB80009047019B2B4A944229D0E269002AD1D0D8
:10CB900001934FF00005FEF7A3FC019B274A38B331
:10CBA00060F300050020E4691070294624480193D1
:10CBB000A047019BBEE704AA02A92046F6F7BEFBE8
:10CBC00000288BD1C0E703993046A847019BAFE707
:10CBD000019030469DED040AA847019BA8E7194A39
:10CBE000D2F80C21E261D0E72A6A03991170C0E7FC
:10CBF0001078D5E701902146286A0FF0DFFC019BF1
:10CC0000B7E72A6A03991180B3E703992A6A11608A
:10CC1000AFE7039A296A02F007020A70A9E703AA9C
:10CC200002A92046F6F734FB002890D1024D55E7C3
:10CC30000000C07F34FE00206C470060B125012059
:10CC4000F01A01200806012030B5044683B00F48D1
:10CC50000FF064FD054620460FF060FD28440130CA
:10CC6000632894BF0123002308D8084A127842B9E8
:10CC70002146064801930DF0B1FF019B184603B011
:10CC800030BD034A014912884A53F1E7A41D01202F
:10CC90002CA30020024B0021024A996113607047C7
:10CCA00034FE00209CFE00202DE9F043DFF8908246
:10CCB00085B04FF00006D8F8183033B9934B94493B
:10CCC000944AC8E90733C8E90912934D012095ED4C
:10CCD000070AF6F725FA014690480FF06FFCFFF7B8
:10CCE0005FFA002840F0E48095F8AC31002B40F06A
:10CCF000D4804FF01F00FFF77BFAFAF743FE0021C4
:10CD00000120FAF7BBFEFEF7EBFB60F30006844F51
:10CD1000EBF79EF8FDF742FC01A897F82631D7F80B
:10CD20007C2113F00103039218BF072302920192A2
:10CD30007C4A82F89830F3F7E9FC00F0CBFC00283D
:10CD400000F0D980002000F08BFBC10500F1C48009
:10CD5000B5F810120E2021F48061FFF76BFDD5F8B5
:10CD6000A0302BB100209847C1B20820FFF762FD28
:10CD700095F81A120F20FFF75DFD6B6E002B00F087
:10CD8000BF80DFF8C091D9F8184054B1636A03B18D
:10CD90009847E3693146624803B19847A469002C7B
:10CDA000F4D195F80B32062003F0020403F00103DE
:10CDB00044EA830444F00101FFF73CFD44F0010123
:10CDC0001320FFF737FD97F82C31DA076AD40221D8
:10CDD00095F810323D20C3F3C0031943FFF72AFD35
:10CDE000D5F81C31002B00F0898095F80B3203F048
:10CDF0000101C3F34003090141EAC30141F003010A
:10CE000097F82031412023F0200387F82031FFF7E5
:10CE100011FD97F81E31DB0731D43B68424A23F0FD
:10CE2000FF0191422BD0414AB2EB132F20D3D7ED13
:10CE3000527ADFED3F6A97ED2C6A67EEA67A97ED9E
:10CE4000347AB4EE476AFCEEE77AF1EE10FA17EEA8
:10CE5000903AA7F8A43014BF0123002363F300061F
:10CE600006D03146D5F80C312D4887ED2C7A9847FD
:10CE70003B68304A62F31F233B60FEF7FFFCD8F8A3
:10CE8000F0202D4BD5F80C111A602C4BC9F81C1052
:10CE9000C8F8F03005B0BDE8F083D8F808300720B6
:10CEA000984726E795F81012C1F3C00149008FE7B3
:10CEB000FAF768FDFEF714FB60F30006D5F80C31B5
:10CEC000174831469847D5F81031002B3FF41FAF73
:10CED0000021084698471AE7C0F34003C0F300104A
:10CEE000590041EA8001102001F0060141F00101E2
:10CEF000FFF7A0FC2CE700F05DFB23E703217FE7B1
:10CF00004FF6FF611620FFF795FC3AE7E94601006E
:10CF1000515601005551010008060120BC20012096
:10CF2000F01A012048090120000BF803F6D0030095
:10CF300000007A440BF80300601201205D520100EA
:10CF4000E004012034FE0020014B00221A707047DB
:10CF5000BC2501202DE9F047184E0021184A194838
:10CF6000F0F72AF93070F8B1174FDFF86880D7F87A
:10CF7000BC309847154C814605E0E36B6BB9236CD8
:10CF80005BB9337893B1D8F8505001F093F9A847C2
:10CF9000D7F8BC3098478145EFD00021094831705F
:10CFA000BDE8F047F0F79AB9BDE8F0873B6C4FF465
:10CFB00000710748BDE8F047184700BFBC250120B5
:10CFC000E09304006D6C010008060120480901206F
:10CFD00084090120E004012010B51A4CD4F8E03196
:10CFE0009847194B1A68801A312825D9D4F8E021BE
:10CFF0009047154B154A18601378EBB9144CA37978
:10D00000D3B92389C3F340209B0515D4EBF7CEFB9E
:10D01000104A0378527E13430ED001F04BF91028CA
:10D020000BD0402804D038B9BDE81040FFF792BFBC
:10D0300094F82830012BF7D010BD94F82930012B3B
:10D04000F2D010BD0806012098100120BC25012057
:10D0500048090120900F0120704700BF4FF00000E9
:10D06000704700BF704700BF00207047704700BF87
:10D07000C068704790F8203013F0080308D0B5EE70
:10D08000400A80ED060AF1EE10FA14BF01230023D6
:10D0900090F8202063F3451280F82020704700BFED
:10D0A000D0ED097A0246F4EEC07AF1EE10FA3ED5E0
:10D0B00030EE670AD0ED0A7AD0F810C020EE270AC9
:10D0C000BBFE400ABCEEC00A10EE103A63440029D1
:10D0D0003CD0806883423CD3013892F8203003F082
:10D0E00001019B063FD507EE100AD2ED067A9FEDAF
:10D0F000256AF8EE476A66EEA77AFCEEE77AF8EE64
:10D10000677A87EE867A77EE267AFDEEE77A17EE73
:10D11000903A9C452BD810B454699C4228BF1C46B9
:10D1200071B391680B1B081AD36110BC7047B5EE40
:10D13000400AF1EE10FA01D1C068704790F8203033
:10D140000069DB0712D59368181A7047406983425B
:10D15000C3D2634538BF6346184692F8203003F0C7
:10D1600001019B06BFD409B19168081A704721B12B
:10D170009168A1EB0C03D361F7E7C2F81CC07047BC
:10D18000D461D2E70000C842426A034610B5041DCC
:10D1900082B022B1019020469047019B68B14FF0C8
:10D1A000010C9A6A9FED070A4FF00001204683F8B0
:10D1B0004CC002B0BDE81040104783F84C0002B0EC
:10D1C00010BD00BF00000000524A0346106800B5C1
:10D1D00095B0D0B10168096AB9B103EB830C4E492F
:10D1E00001EB0C11884210D090F90E10002907DBDA
:10D1F0004A49D1F8BCC0C0F818C0D1F8B810C16114
:10D200000093FFF7C1FF009B424A00218B4211604F
:10D2100078DB434A1278934274DA03EB83023E4987
:10D2200012018A58002A6DD03E4890F8702052B101
:10D2300090F92C209A4206D0026D22B10093EBF7B0
:10D24000B9FA009B344903EB830201EB021292F915
:10D250000E00002807DB3148D0F8BCC0D0F8B80079
:10D26000C2F818C0D06103EB83031B01CA18043352
:10D2700092F84C00194468B9536A002B45D008460F
:10D28000009201919847009A002839D00123019912
:10D2900082F84C30442203A807F05AF99DF8163062
:10D2A0001E4A117EC3F3C002012914BF002202F0FE
:10D2B000010262F3C3038DF816301B4BD3F8E43040
:10D2C00013B103A89847F0B1184B012243F8043C6E
:10D2D00083F8442053F8203C13B96423114AD360E7
:10D2E0001248442203A9A0F12C03049307F030F95B
:10D2F0000D4BD3F8E8300BB10C489847012002E001
:10D3000082F84C00002015B000BD012382F84C309B
:10D31000C0E700BFE0130120081E0120F01A012021
:10D32000B2250120D0200120E0040120FC200120B2
:10D33000F0B52A4E83B03378012B38D0002B3BD187
:10D34000054608460F46FFF77FFC002834D03478A6
:10D3500044222348294604EB84034FEA031C00EBD4
:10D36000031340F80C500CF1040C9F6467B2604446
:10D37000019307F0EDF8019B1F712A7A2AB184B15D
:10D3800001343846347003B0F0BD164A1168C1B19B
:10D3900019461548F0F778F8347896F90070002CA3
:10D3A000EED144222946114807F0D2F8E8E70C4BA9
:10D3B0001B681B7A052B0DD04FF0FF37384603B0A2
:10D3C000F0BD13600A4A92F80A3243F0200382F853
:10D3D0000A32D4E700233370B2E700BFB225012040
:10D3E000081E0120E0130120AD6E0100FC20012089
:10D3F00008060120022911D0002814DB0F4B1B78EE
:10D40000984210DA00EB80000D4A0301D05858B161
:10D4100004331A44002918BF10467047094B93F98A
:10D420002C20824201D00020704793F8702003F135
:10D430002C00002A08BF0020704700BFB225012041
:10D44000081E0120D0200120044B93F8702012B157
:10D4500093F92C0070476FF001007047D020012035
:10D46000164B1B78BBB1164903EB830301EB031387
:10D4700098B91A46A03B52F850CDBCF80AC0914268
:10D4800040EA0C0008D052F8502C9942528940EAE8
:10D490000200EED17047184670470020A3F15002F9
:10D4A00033F842CCA03B914240EA0C00F4D032F871
:10D4B000422C994240EA0200F0D17047B225012087
:10D4C000081E012000290CBF4FF0010C4FF0000C8A
:10D4D00000B580F808C022D091F82030DB0613D5C3
:10D4E000002390F80AE0CA6863F3C30E80F80AE0EC
:10D4F000174B026193F8701029B190F900E093F98D
:10D500002C108E4511D000BD036B002BE9D0114BC0
:10D510001B7EA3F10103B3FA83F35B09E1E7837A8E
:10D520000A4661F3C3038372E2E783F834C0817A69
:10D5300093F836C0C1F3C001D0F814E061F3C30C16
:10D540008169DA6383F836C0C3F840E0596400BDEE
:10D55000D0200120F01A0120074B00221B780A700E
:10D560003BB1064B1B685B78181AB0FA80F0400993
:10D5700070471846704700BFB2250120081E0120E1
:10D580000130C0B2012803D8024B93F870007047F5
:10D5900000207047D020012038B9054890F870303D
:10D5A0002C30002B08BF002070470020704700BFC0
:10D5B000D0200120084B187840B10138074B00EB10
:10D5C000800203EB02131B7B052B03D004490548A3
:10D5D000FFF7AEBE40B27047B2250120081E012001
:10D5E000B0D7002070E3002008B50B4B1B780BB9B7
:10D5F00098420DDA094B93F870201AB193F92C3048
:10D60000834203D0BDE80840FFF7DEBD104608BDE9
:10D61000FFF7D0FF0020EDE7B2250120D020012048
:10D6200000283BD0274B1B78002B37D0012B30B57F
:10D630000446254885B00D4602684FF00001D0F839
:10D6400048E050788DF80010CDF804E08DF8010026
:10D6500026D0002140F28B10FEF756FF48B3002180
:10D66000FEF778FC28BB01239DF900C08DF802006D
:10D670008DF80830154A92F92C306345B3FA83F3DC
:10D6800014BF134A2C325B092946684603928DF871
:10D690000930A04700B9002005B030BD0020704718
:10D6A000107A0528D5D08C468DF802108DF80830F8
:10D6B000E0E70023FF21064A8DF802108DF80830BC
:10D6C000E2E700BFB2250120081E0120D020012082
:10D6D0000C1E012008B50E4B187848B1012800D067
:10D6E00008BD0C4B1B68187A053818BF012008BD0F
:10D6F000FFF760FF084A064B92F8701011B192F9DB
:10D700002C201AB10020FFF75FFD014B1878E5E7E8
:10D71000B2250120081E0120D02001206429436881
:10D720002CD01A7AD20669D40929DA6864D9C829B2
:10D7300028BFC821914261D007EE901ADFED386A08
:10D7400093ED007AF8EEE77A67EEA67A67EE877ACD
:10D7500010B5F5EEC07A82B0F1EE10FA1AD89FED4E
:10D76000317A0446D96083ED017A00F0A3FD40B31D
:10D770002D4A937A43F00803937230E0DA68642A02
:10D780003CD0D3ED007AF5EEC07A10B5F1EE10FA88
:10D7900082B0E4D990ED057AF4EEC77AF1EE10FA92
:10D7A00007D490ED067AF4EEC77AF1EE10FA37FE60
:10D7B000277A83ED017A0446D96000F07BFD0028CA
:10D7C000D6D1E36A2046E3B1226BD2B161680192FF
:10D7D00091ED010A9847019A014620469047402062
:10D7E00004F096F9114B5B6B0BB10020984763680E
:10D7F00093ED010A02B010BD0A2A0AD193ED010A85
:10D800007047436B002BEAD0426892ED010A9847BB
:10D81000E5E793ED007A0A21DFED057A96E700BF90
:10D820000AD7233C0000000048090120E004012041
:10D83000CCCCCC3D0B46426811B1117AC90605D556
:10D84000117A184663F304111172704710B504463B
:10D8500082B064210193FFF761FF6268019B117A36
:10D86000184663F30411117202B010BD4C4A1378CC
:10D870000BB100207047537873BB034670B50D465B
:10D88000446A11F0010182B0264628D19FED450A75
:10D890000090A047DFED437A009BD3F804C005F069
:10D8A00003011020CDED007A9CF80830CCED007A11
:10D8B00023F003030B438CF8083004F029F99DEDA5
:10D8C000000A01F07DFD364A1378002B56D15378BB
:10D8D00083F0010002B070BD83F00100704793F83F
:10D8E0000AC0F0EE407A40681CF0080FC1682AD0E8
:10D8F000AA0728D564294AD007EE901A9FED290A75
:10D90000B8EE677ADFED287A27EE277A27EE007ADD
:10D91000B4EEC07AF1EE10FA3ED9F0EE407AD3EDD3
:10D92000066AB4EEE67AF1EE10FA36FE870A80ED6A
:10D93000010A29461846CDED017A0093B047DDED86
:10D94000017A009BA9E764291ED007EE101ADFEDCB
:10D95000166AB8EE477A27EE267A27EE277AB5EED2
:10D96000C07AF1EE10FA0CD993ED050AB4EEC07A44
:10D97000F1EE10FADBD4D3ED066AD2E7002002B054
:10D9800070BD9FED080AD2E7B0EE677AE7E7DFEDFA
:10D99000057AB0EE670ACAE7F0EE407AC7E700BF43
:10D9A00048090120000000000AD7233C2DE9F0417E
:10D9B0002DED028B0446B0EE408A0D4616461F46FA
:10D9C00000F078FC022804D10120BDEC028BBDE8F8
:10D9D000F081B0EE480A29462046FFF747FF00B322
:10D9E0002B4AD37F180721D523F00803D377294B7F
:10D9F0001B6C002BE8D0294620469847E4E7002E10
:10DA0000F5D0E37A1A07F2D407EE906A3846B8EEFA
:10DA1000670ADFED217A80EE270AF5F725FD002859
:10DA2000E5D10020BDEC028BBDE8F081A37A590757
:10DA3000E5D5E37A13F00803D9D1D4ED077AF5EEF2
:10DA4000C07AF1EE10FA1AD998464EF66023002EED
:10DA500008BF1E4603E09BB2B342984612D8A36AA1
:10DA60002046984703469FED0D0A38465B06BED414
:10DA7000F5F7FAFC08F1C8030028ECD1D1E7002E35
:10DA8000B5D0C1E7EAF796FE0E2003F0F3FFC8E732
:10DA900048090120E004012000007A44CDCC4C3E2E
:10DAA00070B52DED028B0546B0EE408A0C46164649
:10DAB000F7F7C8FED8B10F4BDB6B2BB1B0EE480ABD
:10DAC00032462146284698470B4BE207B0EE480AFB
:10DAD000214648BFB3F8AC20284658BFB3F8AE2063
:10DAE0000023BDEC028BBDE87040FFF75FBFBDECCB
:10DAF000028B70BDE0040120F01A0120837A1B071D
:10DB000010B584B020D4836A044603928DED020AD6
:10DB10000191984701999DED020A4840039A10F03F
:10DB2000030F0AD16368D3ED007AF4EE407AF1EE88
:10DB300010FA02D1012004B010BD0123204604B028
:10DB4000BDE81040FFF732BF9FED050AFFF78EFEDC
:10DB5000044B9A7A60F3C3029A7204B010BD00BFFE
:10DB600000000000480901206429F0EE407A09D045
:10DB700007EE101ADFED166AB8EE477A27EE267A1E
:10DB800060EE077AF5EEC07AF1EE10FA18D990ED52
:10DB9000050AF4EEC07AF1EE10FA04D5436883ED7D
:10DBA000010AD960704790ED060A4368F4EEC07A26
:10DBB000D960F1EE10FA30FE270A83ED010A7047B2
:10DBC00043689FED040AD96083ED010A704700BFE6
:10DBD0000AD7233C000000000C4890F8703093B145
:10DBE000036B00229FED0A0A2C30114610B5446ADF
:10DBF00083ED010A83ED000A1A72A0471020BDE8E8
:10DC0000104003F085BF102003F082BFD020012018
:10DC10000000000008B5054B93F8700028B15A6D5C
:10DC200003F12C00904700F0010008BDD020012036
:10DC30004FF0000C92ED027AD2ED016AC1F81CC0DF
:10DC4000C1F80CC0DFF8A8C14A60C1F864C0D2F8BE
:10DC50001CC081ED097AC0F81CC090F80AC080EDA4
:10DC6000057A4CF0800CC0ED066A80F80AC092F884
:10DC700001C01CF0040F40F09180B4EEE67AF1EEA2
:10DC800010FA40F18B8007EE903AD2ED045AB8EECC
:10DC9000675AD2ED037AF5EE405A00B590F80AE0E3
:10DCA00085EE276A4EF0010E80F80AE00B60F1EE77
:10DCB00010FA137890F80AE0C3F38003CEF3001E45
:10DCC00003EA0E0314BF4FF0010E4FF0000E43EABB
:10DCD0004E03CCF3000ECCF3400C43EACE03BCEE73
:10DCE000C66AD1F82CE043EA0C1391F820C0F8EE94
:10DCF000467A81ED026A03F01B032CF01B0C43EA09
:10DD00000C0381F8203003F0010359D1002B68D0B7
:10DD100016EE103AA3EB0E0C92ED066AD2ED055A00
:10DD200027EE866A9FED305A67EEA55AC1F80CC0FF
:10DD3000C6EE057A85EE856AFCEEE77A17EE903A34
:10DD4000FCEEC67A734417EE902AC1E9042392B917
:10DD5000B5EEC07AF1EE10FA0DDD07EE903A9FEDC8
:10DD6000236AF8EE677A67EE867AFCEEE77A17EEBA
:10DD7000902AC1ED047A9B1A76EEC76ADFF874C068
:10DD8000012207EE903AC1F868C0F8EE677A87EE94
:10DD9000A67A81ED0A7AC160104600BD827A91F8B8
:10DDA000203022F00102DFF850C003F00403827239
:10DDB000002281F82030C1F868C0C1601046704769
:10DDC00025EEA75ADFED084AC5EE245AFCEEE55AC7
:10DDD00015EE90CA002B9FD016EE103AA3EB0C0C58
:10DDE0009AE79C4698E700BF0000C8426F12833B49
:10DDF000996D0100C56D0100956D0100704700BF70
:10DE00000346C068B0B10C4A30B5D46B83B00D4640
:10DE10003CB15A7893ED020A19780193A047019B0F
:10DE2000D8682A4693ED020A197803B0BDE830405D
:10DE3000FFF764BE704700BFE00401202DE9F04108
:10DE4000DFF88081064698F82C31D90759D400278D
:10DE5000524CF6F717FA054638466770EAF7A6FC03
:10DE6000002879D0C268002D36D02B6D934200F087
:10DE70008680002A00F08F8083686770E3600378F3
:10DE80002261237194F9013004EB03131B69AA7D0D
:10DE900022709B7A1A0703D598F81C31DB066AD4E6
:10DEA0003F4C206810F0280138D1102E3D4A57D041
:10DEB0003D4B02241977138982F82840C3F380036D
:10DEC00083F00103A0F10800384C9370B0FA80F0A1
:10DED00021604009BDE8F081002A4AD065702261C6
:10DEE000037882682371E260314B324A9B6F557E22
:10DEF000984794F90130054304EB031325701B691F
:10DF0000C7E72D48F6F76EFD274B002193F8342024
:10DF1000D96342F0120283F8342098E7002001F020
:10DF200055FA204A2548102E937A254943F00203DA
:10DF30000860937220682AD002211B4B82F82810B7
:10DF40000021197713892028C3F380030CBF3146C1
:10DF5000002183F00103B5E72061002D92D1C3E7D2
:10DF600013890224C3F3800382F8294083F001035C
:10DF7000A8E72261B8E79E20F5F7DCFF90E7EA6C9E
:10DF80006770E26095F84420236122717FE70223E5
:10DF900082F82930D6E71346226178E7EC13012096
:10DFA0004421012048090120C0120120081301204A
:10DFB00008060120900F0120E0120120D58A0100FF
:10DFC000C8FE0020F01A012040070CD5094A937AB8
:10DFD000590710B508D4084B0420084ABDE8104082
:10DFE0001A601B681847704723F00403937201F00E
:10DFF00093FAF0E748090120C8FE0020D58A010005
:10E00000400700D470472B4A937A590700B585B072
:10E0100036D4294B00229FED290A186B114683F84C
:10E020002420426A83ED0B0A90472549224B91F840
:10E03000402112F0020209D1DFF894C0104683F8A3
:10E040003620DCF8742090471D491B4B1D4A1E48A2
:10E0500002601A7F92070CD591F82D21D1ED4C7AF0
:10E0600003EB820090ED007AB4EEE77AF1EE10FA5D
:10E070000CD4154B04201B6805B05DF804EB184761
:10E0800023F00403937201F047FAC2E70DEB820C10
:10E09000D1F834211A6293E8070001AB83E8070046
:10E0A0000A491846CCED017AF3F758FD0028E0D074
:10E0B00005B000BD48090120C01201200000000089
:10E0C000F01A0120B1840100C8FE0020E0120120F6
:10E0D00008060120124B0620DB6810B5984711494D
:10E0E000114B4FF0020C114A114882F828C003600E
:10E0F00092F80AC00B7F1CF0040F43F004030B7767
:10E1000004D103680420BDE810401847002001F046
:10E110005DF9064A937A43F00603937210BD00BF7F
:10E12000E0040120C0120120ED7C0100480901201B
:10E13000C8FE002010F0400308D04B4B1A7F120796
:10E1400066D51A7F42F004021A77704740075ED501
:10E15000464A927A510710B582B05BD4424B44498B
:10E160001A7F22F004021A77424A1160424A92F85A
:10E170002C21D40702D51A7F50073BD43E4C9FED8B
:10E180003F7AD4ED517A1A7F67EE877A3C4842F0A5
:10E1900008028DED017AFCEEE77A1A7717EE903AD5
:10E1A00099B2FFF72DFE374A916F374A527E00929F
:10E1B0008847009AC0B22C4B904214D0D4ED527ACA
:10E1C0009DED017A2E4C67EE877A14F8040CFCEE74
:10E1D000E77A17EE903A99B2E9F72EFD14F8040C9D
:10E1E000EAF7F8FA204B1A7F204922F008021A7742
:10E1F00000220A771A7F510713D41A7F920715D489
:10E200001C4B04201B6802B0BDE810401847704743
:10E21000FFF760BF63F38202144B9A7201F07CF93E
:10E220009CE702B0BDE81040FFF754BF04220F483E
:10E23000114980F82820154AD1F8381192F90100C7
:10E240001962117802EB001283F836101079104928
:10E25000D26883F82400A1F11400DA62F3F77EFC9F
:10E260000028CDD002B010BDC01201204809012005
:10E2700025870100C8FE0020F01A012000007A4422
:10E28000F013012008060120900F0120EC1301205B
:10E29000E0120120054B93F82C0110F0010003D08F
:10E2A000034B187FC0F38000704700BFF01A0120B5
:10E2B000C0120120014B1868704700BF44210120A3
:10E2C0002DE9F041934C84B02268824237D0202857
:10E2D000034637D8202822D8DFE810F0780036012E
:10E2E000360121003601210021002100CB00210050
:10E2F000210021002100210021002100A100210096
:10E300002100210021002100210021002100210005
:10E310002100210021002100210021009600A2F10E
:10E3200004007D4D40F20111B0FA80F02B890A42C1
:10E330004FEA501060F3CB232B8100F0888104B0AA
:10E34000BDE8F081802800F0AA801ED9B0F5807F5A
:10E3500000F09181B0F5007F40F07B816F497048FB
:10E360006D4D23600860298921F400612981002115
:10E3700085F880109A42E2D06A4A126B002ADED0F9
:10E38000184604B0BDE8F0411047402840F06181D4
:10E3900040F283111140D2D162480193C568062032
:10E3A000CDE90212A84702205B4D85F828000198AC
:10E3B000FFF744FD039ADDE90131002800F0A18058
:10E3C0002360288961F3CB202881D0E700215648BB
:10E3D000DFF870C1017751484F4DC0F800C0534875
:10E3E0002160A970A9722985016029898E06BAD594
:10E3F000102308210192036005F13C004C4B1B6C7B
:10E4000098472368019A6FE0B2F5007F00F0B98069
:10E4100020204249404D206046480860A3E791060D
:10E420003D4D17D4E97F8F0714D41020CDE9012387
:10E43000FFF704FDDDE9012328B901213E4885F8F5
:10E4400029103649086010212160298921F0200116
:10E45000298188E735490968102900F0F380EB7FAE
:10E4600003F04203422B08D12B8943F020032B8178
:10E4700003E0002A00F08880274DA2F104002989DA
:10E4800040F20113B0FA80F013404FEA501060F3ED
:10E49000CB2129817FF453AF85F880304FE70221EB
:10E4A0001D4DCDE9012085F82810FFF7C7FCDDE9F7
:10E4B000012330B323601949204B0868984200F0CB
:10E4C000E680019200F048FDFFF786FB184B4FF005
:10E4D00000005B6F9847134B0B20DB689847184888
:10E4E0000E492368019A08601C1F29896042604117
:10E4F00060F3CB2140F20110034229817FF43AAF4F
:10E5000035E70A490968994234D12368802BEBD159
:10E51000D1E700BF4421012048090120C8FE0020A6
:10E520006D870100E0040120C012012008130120C2
:10E5300008060120DD870100B1840100257D01006E
:10E54000217B01002D840100674D00212060A9700E
:10E55000664867490860A3F104002989B0FA80F091
:10E56000400960F3CB2140F20110034229817FF47E
:10E5700003AFFCE60192236000F018FB2368019AC8
:10E58000C4E75C490A6043E70192F5F77BFE019A14
:10E59000064600287DD00823534D01922360AA71BE
:10E5A00001F004F896F94430019A002B33DA524B0B
:10E5B000D3F8E0319847336D0746019A196C11B1D1
:10E5C0008847336D019AD96B337D019213F0400077
:10E5D00071D188474369019A03F1020812E0474B61
:10E5E00020681B6D01929847434BD3F8E031984760
:10E5F00041F28833C01B019A984266D8EB6B13F046
:10E60000300F68D1336D00200192DB6B984743696E
:10E61000019A4345E3D1019200F06EFC236834492E
:10E6200037480860A3F104002989B0FA80F0400956
:10E6300060F3CB2140F2011003422981019A3FF49B
:10E6400096AE99E629898E067FF509AFEDE6134669
:10E650008DE6A2F10404244940F20113B4FA84F4D3
:10E66000088913404FEA541408BF81F8803064F3DE
:10E67000CB20088163E61C4A00201D491B4D907089
:10E680000D601189236060F3CB21118174E6802332
:10E6900069E6236840F20110134DA3F1040403421C
:10E6A0002989B4FA84F44FEA541464F3CB21298104
:10E6B0003FF45DAE60E601208847D0ED007A019A14
:10E6C000F5EE407AF1EE10FAA5D10E2004B0BDE8C7
:10E6D000F04103F0CFB9084B20210A481B6C04B06D
:10E6E000BDE8F041184700BF48090120217B010027
:10E6F000C8FE00200813012008060120E0040120C4
:10E70000DD8701008409012010B5044680070FD47D
:10E71000210712D4620508D50C4B0120D3F8E03054
:10E7200098474FF40070FFF7CBFDA30509D410BD47
:10E730000820FFF7C5FD2107ECD51020FFF7C0FD2D
:10E74000E8E78020BDE81040FFF7BABD08060120C9
:10E750004206034603D50B4A1268402A03D10A4AEF
:10E7600018461368184700B583B001904020FFF7A2
:10E77000A7FD019B044A1846136803B05DF804EB3B
:10E78000184700BF44210120C8FE002030B54507CE
:10E7900087B0034604D58F4A92F82C21D4072AD497
:10E7A0009D054FD45C0609D58B4BDB6E98478B4B90
:10E7B000C0F3C00083F8280007B030BD980747D5E4
:10E7C000874B1B68102B4FD0802BF5D0B3F5007F03
:10E7D00000F0AF80402B40F0FB80824B1A7F510746
:10E7E0006AD47D4AD26E904710F0080F7D4B63D0FB
:10E7F0007B4B1B6899E0794A917A480752D4764955
:10E80000C86ECDE900238047DFF8D4C1C0F3C00053
:10E81000009ADCF800C0019BBCF1800F82F8280050
:10E82000BED100F099FBFFF7D7F96B494FF000001C
:10E830004B6F98476C4B0B20DB6898476B4B6C4ACF
:10E840001A60B9E780200093FFF73AFD009BA9E723
:10E850001B04B1D5604BDB6E984710F00800ABD1BC
:10E860005E4B83F82800A7E75C4A137F0BB90823A7
:10E870001377604991F9013001EB0313554991F980
:10E880001CC11869BCF1000F816A61DB00928847E6
:10E8900010F0010F009A00F095800021504B117785
:10E8A0001B6842E021F0040101930092917200F094
:10E8B00033FEDDE90023A2E74F494C48474A016097
:10E8C000042182F828101A7F920728D51A7F41491F
:10E8D00022F00402D1ED4C7A1A7791F82D2103EB46
:10E8E000820090ED037AB4EEE77AF1EE10FA16D8D2
:10E8F0000DEB820CD1F83421D3F818E003AC1A6286
:10E900003E4B93E8070084E8070003F1140120461A
:10E91000CCF80CE0F3F722F900287FF469AF334B11
:10E9200004201B6898472E4B1B6813F0C00F7FF420
:10E9300043AF2A4B00209A7A0092FFF7C1FC009A5D
:10E940000820264B9A7207B0BDE83040FFF7B8BCEC
:10E9500001921B7903F0010300938847009B00F0AC
:10E960000100019A984231D01F4B0A2000921D46A7
:10E97000DB6898471F4B93F9010003EB0010154B20
:10E980000430B3F8AC10FFF73BFA009A124B194C65
:10E99000996F2378019200938847009BC0B2019A37
:10E9A00098420AD00B4B2078B3F8A4100092E9F7F4
:10E9B00043F92078E9F70EFF009A0020EB68107702
:10E9C000984715E7E9F7F6FE009A66E7064DDDE79A
:10E9D000024A4EE7F01A01200806012048090120EA
:10E9E00044210120C0120120E0040120C8FE0020C3
:10E9F000217B0100EC130120597E0100CC12012083
:10EA000008B510F0400312D140070FD50C4A0D484D
:10EA1000917A82F82830490703770CD40020FFF759
:10EA20004FFC0820BDE80840FFF74ABC08BDBDE820
:10EA30000840FFF74FBB937200F06EFDEEE700BF9A
:10EA400048090120C0120120830714D5154B93F803
:10EA5000900010B580B1144C4302144A002013609A
:10EA6000FFF72EFC0820FFF72BFC236C0121104838
:10EA7000BDE81040184770470B4A1446D2F8E02012
:10EA80000AB19047074B0B4AD2F8D42012B1D3F801
:10EA9000D4009047802003F03BF8024B93F890009D
:10EAA000DAE700BF900F01200806012008130120BB
:10EAB00084090120E004012002282BD010B504466F
:10EAC000600504D5144B0120D3F8E0309847610766
:10EAD00004D422060AD4230717D410BD0F4B93F891
:10EAE00090004002FFF7ECFB2206F4D5012000F075
:10EAF0006DFC0B4B01200B499A7A987042F0020290
:10EB000009489A7223070860E7D51020BDE8104035
:10EB1000FFF7D6BB704700BF08060120900F012009
:10EB200048090120C8FE00205188010043071DD577
:10EB3000174B1B68202B10B5164C18D0164B1868B5
:10EB4000FFF7BEFBE17931B1144B15489B6C984738
:10EB50000023E37110BD134B93F89030002BF9D0D4
:10EB60004FF40070BDE81040FFF7AABB70470023C8
:10EB7000A372F5F7CDFA00F0AFFBF5F78BFE0A486C
:10EB800004F18C0102F01AFF0023A370D6E700BF46
:10EB90004421012048090120081301200806012012
:10EBA00088090120900F01200810012030B5764C13
:10EBB00083B0F5F799FE0023E179A37231B1734A6E
:10EBC00004F14000926C90470023E371704A13688F
:10EBD000802B1FD0B3F5007F0CD0402B1AD0238997
:10EBE0005A0711D401216B4B6B4A84F829101A6023
:10EBF00003B030BDFEF7F0FF644B4FF000005B6FD9
:10EC0000984723895A07EDD5002003B0BDE830406E
:10EC1000FFF756BB614B002093F82C112077CA07F1
:10EC200053D5E17F4D0750D4197E01294DD05C4961
:10EC3000097FC8076BD593F82DC194F8481021FAC5
:10EC40000CF1C90741D5564893ED4C7A00EB8C0185
:10EC5000D1ED037AF4EEC77AF1EE10FA35D5514AC8
:10EC60004C490A60027F520700F18480D3ED4F6A5D
:10EC70004B4D77EEA67A05F10C02B4EEE77AF1EE91
:10EC800010FA77FE877AC5ED067A07CA85E807008D
:10EC9000434A02EB8C0C9CED007AB4EEE77AF1EE7D
:10ECA00010FA40D43E490B7FC3F380025B0703D4C4
:10ECB0000B7F62F341030B77364B04201B689847A8
:10ECC000238923F48053238192E7FEF785FF21896E
:10ECD000C8040AD42E4A1268802A06D02F4B93F813
:10ECE0004031990701D5294A06E0284A4FF0000033
:10ECF000536F01929847019AD36E98472389C0F3C6
:10ED0000C00023F4805384F82800238167E7244B54
:10ED1000197F03F10C0041F001011977224902F03B
:10ED20004DFE1E4B87E71E48D3F838311F4A00F1CD
:10ED300020010362054692F90130CCED007A02EB26
:10ED40000313127880F836201A7980F824201A6983
:10ED5000DB680263C362A1F12000F2F7FFFE2B7FA4
:10ED60002A465D0703D4137F60F34103137700281D
:10ED7000A6D1A1E70C4902F021FE084B084A93F8FE
:10ED80002DC1D2ED067A83E748090120080601204B
:10ED900044210120C8FE0020B1840100F01A0120A6
:10EDA000C0120120257D0100D4090120EC130120AF
:10EDB000430700D47047FFF7F9BE00BF3C4A3D4B04
:10EDC00012689A4200D0704730B5002083B0E9F74E
:10EDD000EDFC0378DD074CD5374B1A7F002A45D070
:10EDE000940728D535490022C96B1A770D460029AA
:10EDF0005BD0334B11469FED330A93F901001C465B
:10EE000003EB00100069A84794F901204FF00001BE
:10EE10009FED2C0A04EB02121069FEF727FD264B2A
:10EE200026491A7F496B42F001021A7711B100207E
:10EE30008847214B1A7F50071BD5204A0A20D168EA
:10EE400088471F48204990F901C0B1F8AC1000EB89
:10EE50000C100430FEF7D4FF184A0020164B526BFA
:10EE6000187732B103B0BDE830401047997A0907EE
:10EE700001D403B030BD124901920869816A884704
:10EE8000C307F6D50E4BDFF840C093F90100BCF87C
:10EE9000AC1003EB00100430FEF7B2FF064B019AF2
:10EEA000997A62F3C3019972E3E7054CACE700BFBE
:10EEB000C8FE0020B184010048090120E0040120BF
:10EEC000EC13012000000000F01A012008B5074BE8
:10EED0009A7952B106480121064A90F80801D2F801
:10EEE0008C2090470022014B9A7108BD48090120EF
:10EEF000F01A01200806012070B500231149124DB7
:10EF00000120124C124AAB71CB70D4F888301070CB
:10EF1000984795F884507DB90E4BB3F89E215AB1AD
:10EF2000D4F88C2029464FF007009047094BE26B3C
:10EF30002946B3F89E019047D4F88430BDE870406C
:10EF4000184700BF180901204809012008060120C0
:10EF5000BE250120F01A012070B5FFF7ABF9224C55
:10EF60000021224AD4F88830054608461170984797
:10EF700000211F48EEF7B2F91E4AB2F81431FF2BF8
:10EF800012D0042D08D0F3B9D4F88C3001214FF001
:10EF90000000BDE870401847D4F88C30012192F889
:10EFA0000801BDE870401847134B1B6C4BB9802D0E
:10EFB000EAD0D4F88C304FF007000121BDE8704052
:10EFC0001847042DF5D0802DDED000210B48EEF738
:10EFD00085F9084A00210948B2F81421EEF7ECF847
:10EFE000054B987170BD00BF08060120BE250120A9
:10EFF0003DE10000F01A012048090120F18B0100D9
:10F00000044B187820B1044B986A003818BF0120CF
:10F01000704700BFBE2501201809012070B5924C31
:10F02000A36A4BB1914B2046D3F898309847002201
:10F03000A3682270002B6ED0E36A002B6CD08C4E3C
:10F0400096F83830012B00F0D680E3694FF00001CC
:10F05000D4E9032003449342E36112D99B1A4FF091
:10F060000101E361834B1B785BB9E078D6F88C3003
:10F0700010F0010F0CBF01204FF0FF300344C6F821
:10F080008C30236A606903449A42236212D29B1A2D
:10F0900041F002012362774B1B785BB9E078D6F828
:10F0A000903010F0020F0CBF01204FF0FF300344EE
:10F0B000C6F89030A369BBB1606A03449A426362A8
:10F0C00012D29B1A6B4A41F00401127863625AB95A
:10F0D000E278D6F8943012F0040F0CBF01224FF002
:10F0E000FF321344C6F894303389A1701B0502D552
:10F0F000F37A0B40A370A36823B95F4B1A68526878
:10F100001A6070BD013BA360002BFAD15A4B1A68FC
:10F1100052681A60F5E7E362574A584B12681B6859
:10F120009A4200F0B580564BD0681968E262884276
:10F1300005D04E4A1860D2F894309847E26A936836
:10F14000A16A90699942A0606AD0E07893F82C2077
:10F1500080EA02059042657018BFE27000297CD0F9
:10F1600091F9321093F93220414E914203D0716AE5
:10F17000444A0A43726259690122A362E160227023
:10F1800093F830103B4A117093F82F20500601D5A8
:10F19000DA8DF2839D6A6DB91BE0B5EE400AF1EE9F
:10F1A00010FA14BF01210021EFF700FFA36AAD6838
:10F1B0009D6275B1D5ED017A2B78B8EEE70A6878D3
:10F1C000002BEAD1EFF7E8FEA36AAD689D62002D3F
:10F1D000F0D1596A002935D02B48EEF713F90028F1
:10F1E0003DD0A36A00225A62E168E26A490861627E
:10F1F000C4E9071115E01D4BD3F814319847C20735
:10F200007FF523AF214B002103F1600286F838100F
:10F2100007CA83E80700F36B43F08003F36314E746
:10F22000134E916A1869D56AC8406160A061D868B8
:10F23000C84060619868C84020612DB1D169586BA1
:10F24000A847FDE6A36ACFE7116B00293FF4F8AEAB
:10F2500092ED080A586B8847F2E6054E8BE7A36AE1
:10F26000586A08F017FEBCE71809012008060120BB
:10F2700048090120A0250120E81A0120E41A0120F4
:10F28000E40D012000010020312500007409012057
:10F29000FFF762FEA36A93F831204AB1586B837A74
:10F2A000190705D50021084A036BD1640169984705
:10F2B00000230648064A0421A3620360126C054835
:10F2C000BDE87040104700BF68130120E40D012025
:10F2D0000806012084090120F8B52A4ED6F810311D
:10F2E00013B1002108469847FFF736FE264B00224F
:10F2F000013243F8343C3833082A43F8702CF7D1F4
:10F30000002222490920224B9446C1E970010132B2
:10F3100043F8303C43F80CCC3433092A43F8682CCA
:10F32000F5D11C484FF00A0E1B4B50221B4C1C4FB2
:10F330001C4D016000211C482360C3F8FCC12B60F8
:10F34000C7F800C0C3E975E30BF004FC30220021CC
:10F3500016480BF0FFFB336A154907EE903A9FED14
:10F36000157AA1FB0313144AF8EE677A13485B0A77
:10F3700067EE877A5C009900C2E900349160C0EDC5
:10F38000007AF8BD08060120901E0120581E0120B9
:10F390001019012088200120DC180120E81A012022
:10F3A0005C130120E41A01206813012018090120D0
:10F3B000D34D621000007042A0040120E00D012036
:10F3C000014B83ED130A70476813012008B5B8B1EB
:10F3D0002648036D9847DFF8A8C0254BDCF80010DD
:10F3E000D3F800E04B68234A734520480CBF4FF028
:10F3F000010E4FF0000E82F800E014D0C36C984765
:10F400001D48016871B11D4B4FF0000CD3ED0B7A14
:10F410001A7867EEA77AC0F800C042F00102C1ED89
:10F420000A7A1A7008BDDFF85CE05B68DEF8082035
:10F43000022A19D9DEF82CE0DEF818E0B2EBDE0F74
:10F4400012D35A68914204D107E05B685A688A4235
:10F4500003D093F82420022AF7D01969074A5B6881
:10F46000D162CCF80030C9E75B68EAE70806012002
:10F47000E81A0120A72501205C1301206813012050
:10F48000E41A012018090120DFF888C09CF8003038
:10F4900003F00603022B70B50BD09CF8003000215E
:10F4A000194A23F00503116043F004038CF800307F
:10F4B00070BD164B164D1B689E4603F13006CCF806
:10F4C0001430DEF800000EF1100E5EF80C1C2C4615
:10F4D0005EF8082C10355EF8043CB6450FC4F0D138
:10F4E000DEF804102B46DEF8000003C3DCF8081039
:10F4F000DCF80420DCF80C30CCF81810CCF8202014
:10F50000CCF81C30C9E700BF5C1301208820012023
:10F510005020012068130120DFF88CC09CF80030D7
:10F5200013F0020305D100228CF800301A4B1A6048
:10F53000704730B5194DDCF81440AE461034103524
:10F54000BEE80F0044F8043C154B44F8100C9E45EF
:10F5500044F80C1C44F8082CEFD12B46F7EE046A53
:10F56000104A03CB20606160DCED077ADCF82000F4
:10F5700086EEA77ACCED037ACCF80400DCE905131B
:10F58000CCF808300323116000228CF80030024BC5
:10F590001A608CED047A30BD5C13012050200120EC
:10F5A0008020012088200120681301202DE9F04FE0
:10F5B000AF4EB37ADB072DED068B85B000F10D83DE
:10F5C000DFF8D0B2DFF8D0829FEDB49ADFEDA99AD0
:10F5D0009FEDA9AADBF80010A84D4A68D8F80030C2
:10F5E0009A4200F0FA822B68002B00F09582A44B1F
:10F5F0001B7803F0FF02002B40F0EF82A14CF6EEE7
:10F60000001A2968F0EE4A6A94ED046A104691EDFA
:10F610000D2AD4ED0E3A32EE466AD4ED0F2A9A4BFB
:10F62000F0EE427ADBF80090B4EEC69AD3F800E030
:10F6300094ED0C4AD4ED0A8AF1EE10FAC9F808E00C
:10F64000F4EE632A94F824309FED948A39FE063A4A
:10F65000DFED894AF1EE10FAD4ED0D5A94ED0B7AF4
:10F66000C9F830200CBF4FF0020C4FF0010CC9F864
:10F670002C20012B00F02681032B91ED0C6A00F069
:10F680007E81002B40F0418126EE861AB0EE475A6B
:10F69000A1EE215AE5EE667AF4EEE73AF1EE10FAC1
:10F6A00040F3A68172EE637A012234EE077A77EE98
:10F6B000A77AC7EE876A38EE268AB4EEE48AF1EEBE
:10F6C00010FA00F1EF81B0EE447A6346F0EE637A0F
:10F6D0001046B4EEE73AF1EE10FA40F1A48174EE70
:10F6E0008A4A74EEC86AF4EEE78AF1EE10FAC0D4E2
:10F6F000F0EE475AF0EE678A002840F076810AB1B2
:10F7000084F82430B37A1B0703D49EF83130002BE1
:10F710003AD091F84420086DD707436840F1F7814B
:10F720008A6CDB6891ED130A002A00F05D82D2ED4D
:10F73000026ACA681946A36807EE902AD21AB8EE80
:10F74000676A07EE902AF8EE677A87EE867AA6EE69
:10F75000870AFEF709FAD4ED137AF4EE407AF1EE57
:10F7600010FA11D02B68186DC36A002B00F082824A
:10F77000026B84ED130AC9F82C209847C9F81C00C5
:10F78000B37A23F00803B37294ED037AA36828EEEA
:10F79000877AFAFE477AFCEEE77A17EE902A981AF3
:10F7A000C9F8180018B9B17A8F0700F1C38307EEC2
:10F7B000903A94ED016A354BF8EE677AD5F800C0BF
:10F7C00038EE066AD3ED006A9CF9441077EEC77AEA
:10F7D00094F824E00029C6EE275A65EEA67AFAFED0
:10F7E000677AFCEEE77A17EE903AC0F27681002154
:10F7F00089F8251026490F689F4240F25E8100215A
:10F80000C9F8281007EE902AE06A89F824E0F8EE9B
:10F81000677AD4ED0A6ADBF80010F4EEE86A77EE56
:10F82000C77A4968C9F80C30F1EE10FAC9F810002F
:10F8300067EEA57ACBF80010CCED0D8AA260C4ED7E
:10F84000017AFFF6CAAE9CF814305A0600F13283F2
:10F85000F5EEC08AB37AF1EE10FA00F3C38313F029
:10F86000040240F0C9832A60F4F7DEFCB2E600BF70
:10F870004809012017B7D1B83EC32E395C130120C7
:10F88000A72501206813012088200120E00D012018
:10F89000A0040120E41A0120E81A01200000000061
:10F8A00038EE268AF0EE467AB4EEE48AF1EE10FAEB
:10F8B00040F10181F4EEC68A74EEC86AF1EE10FAE6
:10F8C00040F15383B0EE676AA4EE666AF4EEC62A8E
:10F8D000F1EE10FAE4DD77EEE27AC7EE846A38EEF4
:10F8E000268AB4EEE48AF1EE10FA40F1C680F4EE16
:10F8F000E82AF1EE10FA40F3C78274EEC86A0122DA
:10F90000F0EE627A022391ED0C6A26EE866AB4EE7E
:10F91000C76AF1EE10FA59D5B0EE471AB0EE675A41
:10F92000A6EE611AA1EE665AF4EEC58AF1EE10FA5F
:10F930004CD538EE268A37EE467AB4EEE48AF1EEFC
:10F9400010FA67D574EEC86A0120F0EE457A90E6A9
:10F95000B0EE475A38EE268A37EE417AA1EE615A68
:10F96000B4EEE48AF1EE10FAE5EE667A54D5F4EEE0
:10F97000E78AF1EE10FA40F1678274EEC86A26EE6B
:10F98000861A37EE445AB4EEC15AF1EE10FADFD8B7
:10F9900072EE637A34EE077A77EEA77AC7EE876A5B
:10F9A00038EE268AB4EEE48AF1EE10FA4ED5F4EE83
:10F9B000E38AF1EE10FA40F15382012274EEC86A34
:10F9C000B0EE447AF0EE637A10467BE777EEE87AA1
:10F9D00035EE877A77EEA77AC7EE876A38EE268A01
:10F9E000B4EEE48AF1EE10FA1FD5C4ED0B5A86E6A8
:10F9F00038EE268A37EE017AF4EEC84AF1EE10FAB4
:10FA00000ADDF4EEE78AF1EE10FA40F11D8274EEA1
:10FA1000C86A39E6F0EE457AB4EEE73A0120F1EE35
:10FA200010FA3FF55CAE48B90AE0B4EEE83AF1EE00
:10FA300010FADAD4B0EE657AF0EE687A84ED0B7ADB
:10FA4000F0EE678A002A7FF45BAE5BE6B4EEE33A41
:10FA5000F1EE10FA40F1FD81F4EEE38AF1EE10FAD6
:10FA600040F18D8274EE8A4A0122B0EE447AF0EEC3
:10FA7000637A104674EEC86A24E7B4EEE23AF1EE17
:10FA800010FA40F10882F4EEE82AF1EE10FA40F3A1
:10FA90007D8274EE8A4A0122F0EE627A022374EECD
:10FAA000C86AE9E574EEC86A6346B0EE447A104667
:10FAB000F0EE637A17E601230BE64F689F4200F2EF
:10FAC00091808968994294BF032102218840CB40EC
:10FAD000C9F82810C9F8180094E69CF814104906D3
:10FAE0003FF585AED4ED107A0121D4ED116A89F885
:10FAF0002510AEEB0101E6EE867AB1FA81F14909F3
:10FB0000C4ED107A89F82610C9ED057A72E61FED6A
:10FB10009D0A83ED009A1EE6B37A5F0770D5F4F76D
:10FB2000ABFB2860002858D0037D5C0600F1AA805A
:10FB3000CE4C96F80A90237809F0020213F00101E6
:10FB400000F0A780CA4990ED0D8A91F82C11C907E1
:10FB500053D55F0751D523F001032370B6EE007A29
:10FB6000D0ED0C7A84ED0A9AC7EE278A002A4AD093
:10FB700090ED0A0A022384F82430B0EE487AA0EE11
:10FB8000687AB4EEE97AF1EE10FA00F14281DFED25
:10FB9000B97AB4EEE77AF1EE10FA01D59FEDB67AB4
:10FBA00084ED0A7A84ED0D9AFEF784FB04280BD0CD
:10FBB0002A68B37A126DC3F3C001927AC2F3C0020D
:10FBC0000A4362F3C303B372AC4B00221A701B7872
:10FBD00003F0FF02002B3FF411AD05B0BDEC068B26
:10FBE000BDE8F08F012171E791F91420002AC0F2DD
:10FBF000F3801946FDF7B8FFADE500232370ADE7AC
:10FC0000F4F740FB8DE719F0040F84F8242084ED0D
:10FC10000E8A00F0EE80B0EE498A84ED0D9AF4F77A
:10FC20005DFB2B6860EE007A93ED0A7A93ED0D6A26
:10FC3000B4EEE77A84ED110AF1EE10FA40F3A180F8
:10FC400077EE675AF0EE466AE5EEE86AF5EEC06ACE
:10FC5000C4ED0E6AF1EE10FA40F2478177EEC87AF1
:10FC6000032384ED0C0A84F8243067EEA87AC4EDEF
:10FC70000F7A99E7436B89ED080AC9F8303084EDB3
:10FC8000130A7DE501460A227D48EDF795FA2868BA
:10FC90004EE7D0F80CE003F0080790ED0D8AF7EE80
:10FCA000046A07EE90EA8368DFF8D8C1B8EE677A95
:10FCB000DB0002970193C7EE087A4368D0ED108A03
:10FCC0004FEAC30A0368DF00DCF800305B68C3E971
:10FCD000027ACCF80030019F90F810C01F6183F8C1
:10FCE0002CC0076DB0F812C086EEA77A5F63876DEF
:10FCF000A3F82EC04FEACE0C9F62C3ED088A83EDB5
:10FD0000078AC3ED067AC3F814C090F811C0C4ED99
:10FD1000037A83F832C0476D90F814C05F62029F87
:10FD2000CCF3C00AC4F808E052EA070E83F830A00A
:10FD300084ED047A416584ED109A84ED019A00F017
:10FD4000ED80D4ED0D7A94F800E027EEA77AC4EDAB
:10FD50000B7A61F3C30E80ED0A7A84F800E0CCF3ED
:10FD6000C0115FEADC1C83F8311061D0437DD907F4
:10FD700000F19D80B7EE007AC7EE287AC4ED127AC2
:10FD8000ECE677EE485AF0EE466AB6EE005AE5EE3B
:10FD9000A86A66EE856AF5EEC06AF1EE10FA4EDDED
:10FDA000B4EEE66AF1EE10FA7DDD37EEC86A26EEB3
:10FDB000286AB4EEE66A84ED0F6AF1EE10FA7ED599
:10FDC000B4EE677A84ED0C0AF1EE10FA40F0C480CC
:10FDD000012384F82430E7E64A7DD2073FF509AFD6
:10FDE00094ED0B7AD4ED127A20EE070A20EE270A62
:10FDF000FFE6F4F753FAB5EE400AB0EE408AF1EEB2
:10FE000010FA00F1D880F1EEC07A2868C4ED0D7ABE
:10FE100005E777EEA77AA7EEC80AB5EE400AF1EE3D
:10FE200010FA00F1C380F1EEC07AC4ED0D7ABBE6A2
:10FE3000816C003918BF012183F831108EE6636BA5
:10FE400084ED0E9A2363AFE6F0EE475AF0EE678A30
:10FE5000CBE50122B0EE447AF0EE637A1346EDE58D
:10FE6000F0EE638A012384ED0B4A49E46813012014
:10FE7000F01A012017B7D13800000000A725012093
:10FE80003DE100008820012008B184ED0B7AF0EEFE
:10FE9000628A022334E4F0EE627A0122022300280F
:10FEA0007FF4CCADCCE5022384F824307CE6F7EE79
:10FEB000007A63E700215248EDF710FAC8E4D3ED69
:10FEC0000C7AB0EE480AC4ED0F6A77EEA77AC4ED5B
:10FED0000E6AA7EEA60AB5EE400AF1EE10FA60D45B
:10FEE000F1EEC07AC4ED0C7A5EE6D3ED0C7A022313
:10FEF00077EEA77A84F82430A6EE677AB5EE407ADA
:10FF0000B0EE470AF1EE10FA67D4F1EEC77A237823
:10FF1000C4ED0D7A43F00803237045E690ED0A0A1C
:10FF2000B5EE400AF1EE10FA4AD4F1EEC07AC4ED13
:10FF30000B7A14E7334B41F0010193F82C31B17285
:10FF4000DD077FF54AAE237858073FF546AE2378A4
:10FF500043F00203237040E677EEC77A94ED0E7A01
:10FF6000A7EEE87A84ED0E7A1EE6F0EE475A0123FA
:10FF7000F0EE468A00287FF438ADFFF7C0BB0122BF
:10FF8000F0EE445AF0EE638A13462EE5F0EE475A3F
:10FF90000122F0EE628A022300287FF426ADFFF7EB
:10FFA000AEBB05F043FFF0EE407A9BE705F03EFF65
:10FFB000F0EE407A39E705F039FFF0EE407A24E7B9
:10FFC000CDE90202019305F031FF0298F0EE407A8C
:10FFD000039A90F814C0019BA9E705F027FFF0EE03
:10FFE000407A94E7074A43F0010392F82C21B37258
:10FFF000D3077FF5F2ADA6E743F00103B372ECE55A
:02000004600298
:100000003DE10000F01A012008B5FEF753F910F0A9
:100010007C0F03D0034B93ED0B0A08BD9FED020A42
:1000200008BD00BF681301200000000008B50A4B9E
:100030009B6A13B193F9320008BD084B93F829303D
:10004000012B05D1F4F71EF910B190F9110008BD8C
:100050004FF0FF3008BD00BF1809012048090120FA
:100060004FF0FF30704700BF0120704700207047FD
:1000700038B50546064C636898470346284613B1D1
:100080002368DB689847E468002CF4D138BD00BFD2
:10009000C00C01204FF48060704700BF0020704703
:1000A00001207047704700BF704700BF01207047B4
:1000B00001207047014B1B68184700BF5CF300200C
:1000C000024B0246186802B11A6070475CF30020C8
:1000D00000487047B4E30020154BA32830B51C68D6
:1000E00083B002D199688D7A25B1234603B0BDE86B
:1000F0003040184740F20C420E48019104F028FAB3
:10010000019901220A4B20468A720A684A6059689E
:10011000094AC2F8D010D2F8DC209047044B074AB5
:100120001D60D2F8D83003B19847012003B030BD2C
:10013000C42001203814012008060120E004012019
:10014000C0B2F5F793BB00BF10B5194C82B00146A1
:100150002368C3B10190142007F094FE019968B19F
:10016000002223460160C26002E01A688A4217D06A
:100170001A46DB68002BF8D10261D0604B683BB1B6
:10018000436002B010BD4B6820462160002BF7D1C0
:100190008B789B0709D523688B4206D0054BEFE788
:1001A00007F078FE002002B010BD034BE8E700BF67
:1001B000C00C0120919D01008D9D0100436803B199
:1001C000184790F800C0154B01E0DB68FBB11A68D6
:1001D00011786145F9D100B592F801E041788E457A
:1001E0000AD0DB6833B11A6811786145F4D0DB6856
:1001F000002BF8D1184600BD917882784A409207CA
:10020000EFD48A0705D45A685DF804EB1047184606
:10021000704703490A465960F6E700BFC00C012049
:10022000919D010003781BB1024B1A68186082602F
:10023000704700BFE4FE0020D0B1F8B50D4B0F466B
:1002400006461D6895B12B786BB1002402E02B782F
:10025000A34208D96868394600EB04100134B0475E
:100260000028F4D0F8BDAD68002DECD10020F8BD19
:1002700000207047E4FE0020074B10B51C6DFEF710
:1002800019F8A047054BD86BC0F3401080F001006F
:1002900000F0010010BD00BFE0040120480901206A
:1002A00038B5124B1D68EDB104464FF0000C2878AC
:1002B00098B16B68002203E0824203F110030CD076
:1002C00059780132A142F7D1197811F0FD0FF3D11D
:1002D000DB6813B1204698478446AD68002DE6D10F
:1002E000604638BDAC46604638BD00BFE4FE002025
:1002F00010B51D4C82B00346A26839B1D2B158681E
:100300001B68C01A18BF012002B010BD002AF6D029
:10031000827A02BB206850B1144A61680193C2F826
:10032000D010D2F8DC2090470022019B22600022EE
:10033000A260E4E70D4A0E48D2F8D010A3606160D5
:10034000D2F8DC10019388470A49084A019B2060D3
:10035000C2F8D010D3E740F20C420749019004F0F4
:10036000F7F8019BD6E700BFC42001200806012052
:10037000FD9D0100859D0100381401200E4BD3F82E
:10038000CC3010B504469BB1984718B1812C02D0EF
:100390007E2C00D010BD094B094A93F8183192F811
:1003A0002710C3F3001363F3861182F8271010BDE2
:1003B000F5F75CFAE9E700BF08060120F01A012012
:1003C000480901200378CBB98278930716D430B559
:1003D0000C4C83B0D4F8A43193B10A464178054659
:1003E000C8201031019298476978C720D4F8A43109
:1003F000019A10319847012003B030BD00207047AA
:100400001846F9E70806012070B504460B480D466A
:10041000A36A9847636C0BB128469847A36C13B145
:100420004FF000009847636B0BB100209847236C96
:1004300003B19847236ABDE87040184791F5000062
:1004400030B54F4C83B0E269002A5ED00190FDF7D1
:1004500031FF4C4B93F88520019B9A4250D0E3B179
:10046000494B93F88C30002B4AD1002844D147489F
:100470000378062B52D0464BD3F8D430984794F8E3
:100480005C3001203F4A23F0010382F8850084F8A4
:100490005C3001F03DFB872127E03C490A78062AC1
:1004A0003AD03B4D5822019305F1B40004F050F8C6
:1004B000062236490A70D5F8E8200AB1019890471B
:1004C000A06D28B3A36A9847D5F8D4309847002286
:1004D00094F85C3001202B4962F3000381F88520F9
:1004E00084F85C3001F014FB802105222948ECF7E8
:1004F00063FE012003B030BD40F201131842B6D1B3
:10050000052287212348ECF757FE002003B030BDB9
:10051000636B01209847D7E71D4DD5E71C4D582246
:100520001D4904F015F8D5F8E8300BB101209847C3
:100530000122E369002085F8B420C5F8D030636B50
:100540009847A36AD5F8DC20002001939047019BCF
:10055000984794F85C309B0708D5236BE268C5F890
:10056000E4306369C5F8C020C5F8C830A268236AC2
:10057000C5F8BC20626AC5F8D430C5F8D8207DE73C
:100580002808012048090120900F012080F7002051
:1005900008060120659E0100BC0601202DE9F043FC
:1005A000854F83B00D46D7F800C0844500F0C38066
:1005B000DFF844820446D8F8001021B17F4E96F847
:1005C000B6309B071AD405BB7D4EB4422DD0FB68D4
:1005D0005BB31A681846DB68A242F9D10269D3609E
:1005E0000BB11A6102691468B44200F09A804FF0AE
:1005F0000009019107F04EFC01990EE0D6F80421A4
:10060000704BC3E90012002DDED020460191FFF7A8
:100610009BFD50B14FF0000901992378042B5BD862
:10062000DFE803F0565A6B190700002003B0BDE85D
:10063000F0836548FFF7C2FD002840F09C80A5B11B
:10064000624B5E4E93F8835085B196F8B650ED43F9
:1006500005F001050AE05C48FFF7B0FD002840F016
:10066000858015B1594B93F88350544E96F8B430A9
:10067000012B37D0B9F1000F71D1582221465248D1
:1006800003F066FF4F4B1A68A24264D03B68D6F86D
:10069000B820A34256D0002A39D0002D3CD14C4D71
:1006A0004C4B4D48C6F8C430D6F8DC309847D6F8E5
:1006B000E8300BB100209847D5F8A43013B196F874
:1006C000B4009847C8F80040012003B0BDE8F083AB
:1006D00011B10B78002B53D1384E96F8B430002569
:1006E000012BC7D10020FFF7ABFE354A92F85C30F2
:1006F00043F0010382F85C30BFE73348FFF75EFD4B
:100700000028AED000213548F7F766F9A9E7344B49
:10071000C6F8B830002DC2D02D4DE0682B68984740
:10072000BEE7126996F85C30146803F00109002CEA
:1007300008BF64465DE7B9B1DCF80430002B34D063
:100740007B60C1E77B6827498B4204BF244B7B60F9
:10075000002AA2D1DCE75B68C6F8043196E70121E4
:100760002148ECF74FFE88E71E4BE9E700211F48C0
:10077000F7F732F975E700211D48F7F72DF95EE725
:100780002046FFF71BFD0028A6D0E36800210B4E92
:100790001848C6F8C030F7F71FF9E16B09B906E051
:1007A000E16B88470028FBD197E70D4BC8E7F36B57
:1007B0006420984791E700BFC00C01200806012083
:1007C0002808012074240120BC06012048090120CA
:1007D000E0040120959D010091F5000000D8002063
:1007E0008D9D0100919D010051A50100D0D70020F1
:1007F000E8D70020B8D70020740C012050B10121A7
:1008000010B582B00446FFF7C9FE034618B9184672
:1008100002B010BD7047019020460349FFF7D2FD9A
:10082000019B184602B010BD18D80020003818BF30
:100830000120FFF705BE00BF154A92F811321B07D1
:1008400001D503207047134910B50B890889C3F3FC
:10085000C013114C83F0010363F3C710E3680881F0
:100860000889C0F3C010C0F10500C0B29847D4F8A1
:100870009030074A1BB14FF400609847044A92F841
:10088000110210F0080000D110BD032010BD00BF00
:100890000806012048090120E0040120154A92F8C9
:1008A0001032DB0601D503207047134910B50B89C0
:1008B0000889C3F30013114C83F0010363F30410A0
:1008C000E36808810889C0F30010C0F10500C0B2D8
:1008D0009847D4F89030074A1BB14FF01000984762
:1008E000044A92F8100210F0100000D110BD03204D
:1008F00010BD00BF0806012048090120E0040120C6
:10090000154A92F810329B0601D50320704713490F
:1009100010B50B890889C3F38013114C83F00103D0
:1009200063F38610E36808810889C0F38010C0F182
:100930000500C0B29847D4F89030074A1BB14FF079
:1009400020009847044A92F8100210F0200000D1CD
:1009500010BD032010BD00BF08060120480901207A
:10096000E0040120034A044BD2F8B000002818BF6D
:10097000184670470806012028D80020034A044B77
:10098000D2F8D801002818BF184670470806012081
:1009900048D8002003784F2B15D0532B0AD0422B78
:1009A0001AD10E4B0E4893F8103213F0100F18BFE7
:1009B00000207047094B0B4893F8113213F0080FD1
:1009C00018BF00207047054B074893F8103213F00A
:1009D000200F18BF00207047002070470806012034
:1009E00060D80020A0D800207CD80020034A044B07
:1009F000D2F8EC01002818BF1846704708060120FD
:100A0000C0D8002010B50F4C0F48D4F8C03098471C
:100A1000D4F8C0300D489847FBF7EEFA83691BB154
:100A2000D4F8C0300A4898470A4AD4F8C0309269CE
:100A30001AB109489847002010BD0848984700207F
:100A400010BD00BF08060120E0D8002008D9002012
:100A500030D90020E004012068D9002090D900207E
:100A600000B54FF0FF3083B0E7F7A0FEC3681B6C02
:100A700043B1019098470198C3681B6C13B10020E3
:100A800003B000BD032003B000BD00BF08B5EEF702
:100A9000B3F9034BC0B2002818BF184608BD00BF09
:100AA000ACD9002008B50C4B1A6893F81E11FF2A28
:100AB0001A6894BF0948002060F31F22FF2A1A60B9
:100AC0008CBF0020012060F3000183F81E11FAF7AB
:100AD000D5FE002008BD00BFF01A01200BF803006E
:100AE00008B50E4B93F80B2252070ED579B1D3F807
:100AF000482142B10846F2F719FD60B1074BD3F81F
:100B00004831984708B1002008BD032008BDBDE862
:100B10000840F9F779BB022008BD00BF0806012094
:100B200010B5074C02210748F6F756FF0021642054
:100B3000E36B9847D4F8EC319847002010BD00BF14
:100B400008060120C8D900200120F8F7C5BF00BF62
:100B50000020F8F7C1BF00BF0120F9F71DB800BFA2
:100B60000020F9F719B800BF00210120F9F774B887
:100B700008B50020F8F7B0FF0020F9F70DF80021C4
:100B80000120F9F769F8002240F27E311046BDE8F5
:100B90000840F8F7FDBE00BF002240F27E3103207E
:100BA000F8F7F6BE002240F27E310220F8F7F0BEE0
:100BB000002240F27E311046F8F7EABE002941D00B
:100BC0000B7823B118B140F20313184237D008460E
:100BD00030B595B0154600220DF107018DF80720BC
:100BE000E7F79CFE9DF8073004465BB90BF096FDD5
:100BF00044280AD8237863B92146E8B2FBF712FAF1
:100C00009DF80730184615B030BD0B23184615B0B7
:100C100030BD421C214602A803F09AFC0E4902A8EE
:100C20000AF02EF902E00AF02BF970B1E7F742FF63
:100C3000094903468DF807000028F4D0E2E70823AD
:100C4000184670470323184670479DF80730002B5D
:100C5000D2D0184615B030BD549E00200122FFF7B7
:100C6000ADBF00BF0022FFF7A9BF00BF70B50446AB
:100C700092B020B140F20313184216D000240C4E5B
:100C80006946E0B2FBF7F0F90346072043B9B368C1
:100C90009847631C0124022BF2D1002012B070BDD2
:100CA0006946E0B2F7F724FCF3E7082012B070BD04
:100CB000E004012008B518B140F2011318420BD02E
:100CC0000B78233B072B05D8DFE803F00814041743
:100CD0000404041A032008BD082008BD4FF00200D8
:100CE000FBF786FA094B0920DB689847F0F778FF95
:100CF000002008BD4FF00100F2E74FF01000EFE7D1
:100D0000034B1B781846002BF2D0E9E7E0040120E2
:100D100058E3002000B593B06846FBF74BFB6846EC
:100D20000121F7F725FC002013B000BD18B140F2F7
:100D30008313184211D000B595B081B108460191D6
:100D40000BF0ECFC442805D80198FBF759F900207A
:100D500015B000BD032015B000BD0820704702A8E3
:100D60000191FBF727FB019902A8F7F701FCEEE7D9
:100D700001F06EBD0120F9F78BBA00BF0020F9F732
:100D800087BA00BF0846F8F7E1BF00BF022808B5E0
:100D90000BD040B90220FDF793FA074B0420DB6823
:100DA0009847002008BD082008BDF0F719FF024B46
:100DB0000520DB689847F4E7E004012008B5094BFB
:100DC00093F81C311B070BD5012807D8064B4FF4AD
:100DD000007106481B6C9847002008BD082008BD1C
:100DE000032008BDF01A0120080601208409012013
:100DF00008B5084B93F80B22520708D5D3F8C0204A
:100E000005489047034B0548D3F8C0309847002069
:100E100008BD00BF08060120F8D9002018DA00201C
:100E20000B4A08B592F88E31DA0707D5094B0A4804
:100E3000D3F8C0309847064A92F88E319B0704D504
:100E4000044B0648D3F8C0309847002008BD00BFC7
:100E5000F01A01200806012048DA002068DA002094
:100E600010B110F4087F08D029B13D23C81E01F845
:100E7000013CE7F71FBE032070470820704700BF02
:100E800010B5044682B00020E7F790FC6378C26892
:100E9000522B04D0442B0FD0002002B010BD136C95
:100EA000002BF9D00A4B0B48D3F8C0300192984779
:100EB0006378019A442BEFD1D36B002BECD0044B19
:100EC0000548D3F8C0309847002002B010BD00BFDD
:100ED0000806012090DA0020B4DA002040F2011365
:100EE00003401CD01E4A00B5D36E85B098471D4BF9
:100EF00093F88030102B14D0430616D410F0010361
:100F000017D11949164A91F8261101F00301032956
:100F10001BD00093EFF70CFD68B12E2302E01846BA
:100F200070473123184605B000BD3223184605B07E
:100F300000BD1223F6E70D4901900320C9688847D8
:100F40000198FDF7BDF9009BECE7D26D0093904747
:100F5000EFF754F8C0B208B9009BDAE72D23E1E7B8
:100F60000806012048090120F01A0120E0040120B0
:100F700030B5002593B069462846FBF775F840B1B7
:100F80009DF8003053B96B1C0125022BF3D113B02F
:100F900030BD07216846F7F7CBFAF4E70949684600
:100FA00009F06EFF04462046E7F784FD014620461F
:100FB000F7F7BEFA0349002009F062FF0446002853
:100FC000F1D1E0E7549E0020C3B223B1434B93F824
:100FD0008E319B073ED510B582B00446FDF76AF905
:100FE00020BB3F49CB6E98473E4A92F88030102B89
:100FF00024D0410603D53223184602B010BDC305E4
:1010000020D4DFF8D8C09CF88E31D9071ED503F064
:10101000220392F80CE05EEA030E17D002071CD5FB
:101020009CF84031DB0718D40D23E5E7FDF742F9C2
:1010300040F201131842D4D10823DDE731231846CA
:1010400002B010BD3323184602B010BD0523184668
:1010500002B010BD05231846704710F0010301D0FF
:101060001223C9E720460193F0F70CFE019B0028EC
:1010700030D11C4A92F800C0BCF1000FBCD1FDF782
:101080001FF9FDF769FFDFF860C00198DCF80C304C
:101090009847144A019B107B28B192F848C0104928
:1010A00030EA0C000ED00193EFF742FC019B0D4A91
:1010B0000028A1D00B21012082F88010FDF700F953
:1010C000019B99E791F8AC21002A95D0FFF750FFDA
:1010D000019B91E7FF2818BF03468DE7F01A012016
:1010E0000806012048090120E00401204FF000001B
:1010F000FFF76ABF4FF00100FFF766BF4FF0020035
:10110000FFF762BF4FF00400FFF75EBF51B300234B
:10111000084600B583B001AA69460093F2F70EF9BC
:10112000E8B1DDED017AB6EEE77A37EEC77AB5EED3
:10113000407AF1EE10FA08D1FDEEE77A17EE901A38
:10114000002905DA002003B000BD032003B000BD74
:1011500089B2002003B05DF804EBF8F749BC022027
:1011600003B000BD0220704700B583B0D9B10023A1
:1011700008466A4601A90193F2F7E0F828B3DDEDCD
:10118000007AB6EEE77A37EEC77AB5EE407AF1EE3E
:1011900010FA1DD1FDEEE77A17EE901A00290CDA4D
:1011A000002003B000BD10F0180F03D10120F6F7A6
:1011B00065FCF5E7082003B000BD002289B20120DC
:1011C00003B05DF804EBF8F7E3BB022003B000BD09
:1011D0000320E6E710B50C4682B0F1B1002301AA66
:1011E000694620460093F2F7A9F880B1DDED017A57
:1011F000B6EEE77A37EEC77AB5EE407AF1EE10FA3E
:1012000005D1FDEEE77A17EE900A00280ADA2046AB
:1012100002B0BDE81040F6F7AFBDF6F7E5FD204699
:1012200002B010BD80B202B0BDE81040F6F76ABD52
:1012300008B5F6F713FF064A0649536A896E43F06C
:101240000403536209B104208847002008BD00BF91
:1012500048090120E004012000B583B0D9B1002382
:10126000084601AA69460093F2F768F828B3DDED55
:10127000017AB6EEE77A37EEC77AB5EE407AF1EE4C
:1012800010FA1DD1FDEEE77A17EE901A00290CDA5C
:10129000002003B000BD10F0180F03D10120F6F7B5
:1012A000EDFBF5E7082003B000BD002289B2012064
:1012B00003B05DF804EBF8F76BBB022003B000BD90
:1012C0000320E6E7144B10B582B0997901A8E7F73F
:1012D00061F9124B1A8991071BD59DF80610012060
:1012E00093F8702003EB810C8840DCF82C4002431B
:1012F000CCF87440596A0A4841F4004183F87020E0
:10130000826E596212B14FF400409047002002B043
:1013100010BDC2F34002EDE7900F01204809012003
:10132000E004012008B50B4BDB6E98470A4BC0F375
:10133000001CC0F3C0211A89C0F340106CF30412E2
:101340001A811A8961F3C7121A811A8960F3861209
:101350001A8108BD080601204809012003461A0425
:10136000F0B585B015D482B2002A62D040F24111A6
:10137000934D4FF000040A42A5F8860017D0FCF701
:1013800099FFB0F5807F54D005B0BDE8F040F0F78C
:1013900027BC1F0600F192808A4A1A4092B2134677
:1013A000002A46D0864D4FF00004A5F886201E077F
:1013B0001F4665D4C3F3072111F0300F0E4600F02D
:1013C0008780C3F30031C4F307200192090120F0A4
:1013D0003000009341F0200101F03001014304206E
:1013E00061F30F2478490390096E8847DDE90032E4
:1013F000F80606D5F1432889C1F3C01161F3041042
:1014000028813046010706D5C1432889C1F3C011A0
:1014100061F3C7102881B90606D5F1432889C1F3C5
:10142000C01161F38610288102F403621443A4B250
:101430000CB905B0F0BD654AD2F890200AB1184643
:1014400090476307F5D5604B022161481B6C9847B4
:10145000604B95F8272093F818315C49C3F30013CB
:101460005D48D1F88C1063F38612002385F827209D
:1014700080F890300029DCD005B0BDE8F040084786
:10148000514991F81002000794D5534890F8900004
:1014900000288FD1B5F808C060F30C3C4D48A5F882
:1014A00008C090F84001C607CDE9002351D40B6C69
:1014B000402147489847DDE900237BE723F080037C
:1014C00001214648CDE90033EBF79CFF009B63E721
:1014D00070060ED439061AD4B8074BD53A493C48A1
:1014E0000C6C0821CDE90023A047DDE9002300248E
:1014F0007EE795F83810C9B13349D1F81041002181
:101500000846CDE90023A047DDE90023EFE795F881
:10151000381044F08004012931D000212F48CDE952
:101520000023EBF76FFFDDE9002361E7CDE900233E
:10153000FCF7C0FE10F0280FDDE90023DCD02249C3
:1015400023480C6C1021A0470D21DDE90023E9712F
:10155000CDE7FCF7AFFEDDE9002310BB1D49097E96
:1015600001297FF427AFCDE90023FCF735FBDDE946
:1015700000231FE77907BAD544F0040438E7CDE922
:101580000023FCF797FE0828DDE90023C5D10146BA
:101590000D48036C0E4898470D21DDE90023E971E1
:1015A00026E7FCF787FE2028DDE90023D6D0064990
:1015B00007480B6C40219847DDE90023CEE700BFC8
:1015C000480901203088FFFF08060120E0040120BF
:1015D00084090120F01A0120900F01204DE700003E
:1015E000034B93F8AC310BB1FFF7C2BC704700BF9F
:1015F00008060120024B1A6818608260704700BF1D
:1016000028F2002000284AD02DE9F8430378064646
:101610008846002B33D00024214F08E052F80900FF
:10162000A847054670B901343378A34227D97268B8
:101630004FEA041902EB0413DD68002DF3D01B7A86
:101640005B07EBD424202B7883420CD0D7F8C8302A
:1016500098477268D7F8C03052F809009847D7F811
:10166000C03010489847D7F8C03028469847D7F878
:10167000C0300D48013498473378A342D7D8B8F129
:10168000000F0AD0094BB6689E4206D02EB13278C0
:10169000002AC0D1B6689E42F8D1BDE8F8837047F1
:1016A000080601205C9E00208CD90020E8F2002072
:1016B00010B5074C00212046FFF7A4FF054B186822
:1016C000A04204D00121BDE81040FFF79BBF10BD30
:1016D000E8F2002028F200202DE9F04F044640787F
:1016E00085B0002800F0DF80671C3D2839463A4667
:1016F00003D1CCE03D2800F0C780A0F16103202891
:1017000000F05F060D46DBB205D0192B98BF3046BE
:1017100005F8010B294612F8010F0028EAD100252F
:10172000042238460D70764909F022FB002800F0AB
:10173000C5803D21384609F087FA8246002800F02E
:10174000BA80A9460AF8015B6E4BDFF8C0811D68BC
:101750002E7846B3002405E0B9F1000F16D101340C
:10176000A64220D96A6823013846D15802EB041BEF
:101770000AF0B4FD0028F2D198F805209BF8083053
:1017800012B19A0740F18B80D807E5D4DBF80460EA
:10179000FCF790FD5146B047FF2840F081802E783D
:1017A0000134A642DED8AD68002DD1D1564BD3F816
:1017B0009C30002B38D098470546002834D0534E33
:1017C00095F800B0BBF1000F28D04FF0000806E0FC
:1017D000B9F1000F15D108F10108C3451ED96C6895
:1017E0004FEA08123846A15804EB08140AF076FDB7
:1017F0000028F0D17179227A09B191074FD5D3072A
:10180000E6D46468FCF756FD5146A047FF2847D14F
:1018100095F800B008F10108C345E0D8EB681BB1AA
:10182000984705460028CBD1374BD3F898408CB168
:10183000BAF1000F48D03D230AF8013C324BD3F8EF
:101840009840FCF737FD3946A04700230AF8013CD1
:10185000FF2825D1FCF72EFD28B1FCF72BFD40F227
:101860000313184247D0002303AA02A93846029363
:10187000F1F764FD30B19DED030AB5EEC00AF1EE5B
:1018800010FA26DA03200BE000283FF448AF0132BB
:1018900001F8010B12F8010B0028F9D13FE74F20A6
:1018A00005B0BDE8F08F184B01905B689847019830
:1018B00005B0BDE8F08F4FF0010945E7601D05B0A8
:1018C000BDE8F04FF8F742BAFCF7F4FC3946A04700
:1018D000BEE7F1F7AFFD0028D4D0DDED037A514625
:1018E000FCEEE77A17EE903A98B2BAF1000F04D006
:1018F000FBF7D8F8D4E70820D2E7F6F7ABF8CFE744
:10190000DCDA002028F20020E00401204809012050
:1019100010B5154B82B00446997901A8E6F73AFE56
:10192000124AE3B2127E022A0BD09DF80610012261
:101930008A40134203D00E4B93F870201AB902B0BC
:1019400010BD0522F5E75A6A00200A4942F4004218
:1019500083F87000896E5A620029F0D04FF400407D
:10196000884702B010BD00BF900F0120F01A01207F
:1019700048090120E00401200D4B10B593F81931FE
:10198000DB0710D40B4B5A6C0AB19047094B0A4A3B
:10199000996E536A43F48073536239B14FF4807087
:1019A000BDE810400847F3F74DFFEBE710BD00BF5F
:1019B000F01A0120E004012048090120084A01F141
:1019C0000C030C3073ED017A243AD2ED276AF8EE5D
:1019D000E77A994287EEA67A20ED017AF2D1704734
:1019E000F01A0120B5EEC00AF1EE10FA01DC002079
:1019F000704700B52DED028B87B0B0EE408A694686
:101A0000FAF79CFB20B9002007B0BDEC028B00BDAB
:101A1000164903A8164A06AB71ED017A243AD2EDB5
:101A2000276AF8EEE77A87EEA67A23ED017A8342F9
:101A3000F2D1DDED047A9DED016A9DED037A77EE3A
:101A4000C67ADDED006A37EE667A67EEA77AE7EED2
:101A5000077AB1EEE77AB4EEC78AF1EE10FAACBFBE
:101A60000120002007B0BDEC028B00BDE009012081
:101A7000F01A012010B582B00446FCF71BFC0428C4
:101A80001C4B26D093F88020A24219D0142C2CD8BD
:101A9000194AE24012F001022AD00A2C14BF012098
:101AA0004FF480705A7183F880400193FCF708FC72
:101AB000019B93F883202AB993F88030102B01D032
:101AC00002B010BD0D4B20461B6902B0BDE81040AE
:101AD0001847DA6B9206D5D4094A03F14000214633
:101AE000936C02B0BDE81040184700220120D9E7EE
:101AF0000120D7E74809012006041200E004012074
:101B000008060120014B586A704700BF48090120B0
:101B100008281CD00FD8B8B1012804D1124B93F873
:101B20000A32DB070FD5114A536A11490343896E04
:101B3000536241B10847B0F5802FF4D10A4BD3F876
:101B40001C31002BEFD17047084B58627047094B8E
:101B5000064A93F8183192F82510C3F3401363F343
:101B6000000182F82510DFE708060120480901205E
:101B7000E0040120F01A01202DE9F041254D2B68E9
:101B8000002B45D0244B1E68002EFCD1234C236D26
:101B90009847D4F8DC3028689847E36C2E60984763
:101BA0001F4D2B6853B11C4B1E68002EFCD1236DBA
:101BB00098472868E36C20672E609847194D1A4EA5
:101BC0002B7833B10023012218481946D6F8B47097
:101BD000B847174BD6F8BC209A4214D000231549B9
:101BE000E26E81F890302B709047020709D594F887
:101BF00010321B0705D5236C40210F48BDE8F0418A
:101C00001847BDE8F0810D4B1B68C6F8BC30E5E70E
:101C1000024CC5E75C0E0120A81C0120080601202B
:101C2000B00D0120B6250120E0040120CC0D0120DB
:101C300095C10100900F012084090120701201203C
:101C4000014B1420DB681847E004012008B5074B5E
:101C5000DFF828C0196F064AC3F870C00548D3F8EA
:101C6000DC3011609847044B186008BD080601205D
:101C7000B00D01209DBA01005C0E012045BB0100A2
:101C800070B51B4CD4F800E0BEF1000F24D0194B06
:101C9000DEF810201969914225D0174A926922B3C3
:101CA000164D9C46D5F8D4E0BCE80F00CEF80000F5
:101CB000CEF80410CEF80820CEF80C30DCF8000086
:101CC000CEF810008020FFF723FFD5F8D430002293
:101CD0001B692260C5F88830FFF74EFF084BBDE84E
:101CE00070401B681847054DEFE79C46034DDBE746
:101CF00038120120CC0D0120E0040120900F0120BA
:101D0000200E01200F4B844610B58E46186039B165
:101D10000D4B1B68A3B171466046BDE810401847E3
:101D20000068DCF80C30DCF80410DCF80820074C04
:101D30000FC4054BDCF810001B682060002BEAD1B3
:101D400010BD00BF3812012070240120CC0D0120ED
:101D5000074B1B6810B5044603B19847054B1B7F22
:101D600003B910BD2046BDE81040FFF7D1BD00BF4C
:101D700064120120F01A012010B51F4C7E2818BFF4
:101D8000812882B0236803F1010323600CBF012383
:101D9000002317D1194A127802F0FF0162B9184ADC
:101DA0001278A2B1174A01931278F2B11648EBF7F4
:101DB00029FB124B1870019B22681846013A2260D9
:101DC00002B010BD114B1B6898470346F4E7104A58
:101DD00000210193127F032A0CBF0E480E48EBF737
:101DE00011FB064B1870019BE6E711460B48EBF719
:101DF00009FB019BE0E700BFA81C0120A8250120EA
:101E0000A1250120A3250120DDBC01005C0E0120DD
:101E1000F01A01208DC20100D5C1010065B9010091
:101E200008B51C4B1A6801321A60420714D51A4AC9
:101E3000127802F0FF015AB9184A1278A2B1184A72
:101E400012780AB31748EBF7DDFA134B1870114BF1
:101E50001A68013A1A6008BD134A126890470D4B80
:101E60001A68013A1A6008BD104A0021127F032A3D
:101E70000CBF0F480F48EBF7C5FA074B1870054B1E
:101E80001A68013A1A6008BD11460B48EBF7BAFA16
:101E9000004BDDE7A81C0120A8250120A125012079
:101EA000A3250120DDBC0100B00D0120F01A0120A6
:101EB0008DC20100D5C1010065B9010038B5104CD3
:101EC000054610492046FFF779FD0F4B0F4A9B78D6
:101ED00002EB830204EB8303D2ED137A93ED007AD5
:101EE000B4EE677AF1EE10FA01D1012038BD29462F
:101EF0002046C3ED007ABDE83840EEF7C5BD00BF0F
:101F00005C210120D409012060130120480901202F
:101F10002DE9F843224C0546224E08202146DFF8E1
:101F20009480FAF70BF9B1781F4B04EB810203EBB5
:101F30008103D2ED007ADB6C17EE909A136098F86B
:101F4000003043B1194B002221461868184BD3F8D2
:101F5000B4700123B84729461148EEF795FD18B92A
:101F600000242046BDE8F883B37829460C4804EBEA
:101F70008304C4F80090EEF787FD04460028EFD0F4
:101F800098F80030002BECD00123084A084910686B
:101F90001A46D1F8B4500021A8472046BDE8F8837E
:101FA0005C21012060130120480901203812012022
:101FB000E0040120B625012010B58AB06846F2F78A
:101FC00011FD9DF81430684643F001038DF814307C
:101FD000FFF774FFE0B1194B1B7F022B1FD0184A8B
:101FE0006946184B92F800C092F801E003EB8C04AC
:101FF000154803EB8E0200EB8C0C00EB8E0312688D
:10200000D4F800E0CCF800E01A60EEF73DFD58B9D6
:1020100000230E490E4A0B7013700AB010BD6846BB
:10202000FFF776FF0028F3D0F3F70CFCF2F732FC51
:1020300008490948FFF7C2FCEAE700BFF01A01208F
:1020400060130120BC1301205C210120A825012080
:10205000A3250120D40901200810012070B58AB001
:102060004E4E4F4C68464F4DF2F7BCFC9DF8142085
:10207000B378694642F0010220468DF8142004EB43
:10208000830205EB8303DB6C1360EEF7FDFC90B37A
:10209000454B93F81D315B063BD43378434A04EB40
:1020A000830102EB830391ED007AD3ED007AB4EE65
:1020B000677AF1EE10FA0DD1737804EB830102EB2D
:1020C000830391ED007AD3ED007AB4EE677AF1EEF6
:1020D00010FA1ED0B37805EB830104EB8303D1F82B
:1020E0004CC007CA84E8070069462D48C3F800C001
:1020F000EEF7CAFC68B9F3F7A5FB00283CD12B78B2
:1021000023B9687880F001000AB070BD00200AB0E1
:1021100070BDF3F797FB0028EDD0F2F7BBFB244925
:102120002448FFF74BFC204C234BB4F8A410587EF6
:10213000E5F782FD4FF0FF30E6F738FBB4F8AC204E
:10214000017890ED020AC068FBF7D8FC94F81D11E5
:1021500011F04001CFD1B078E6F784F9B378134895
:10216000694600EB8303D3ED007A77EE807AC3ED06
:10217000007AEEF789FCBEE7F2F78CFB0C490D48BC
:10218000FFF71CFC0D4B0E4C1E6830687168B2687E
:10219000F3680FC430692060B1E700BF601301200D
:1021A0005C21012048090120F01A0120BC13012004
:1021B000D409012008100120900F012038120120BD
:1021C000CC0D0120824B1B68002B00F0F980814A66
:1021D0001B6912699A4200F0F18070B57E4C90B094
:1021E0007E4D064681792046E6F7D4F92B7F7C4A5E
:1021F000012B92F8482000F0A18002F00702072A84
:1022000040F0AF80032B40F0A080764A033B764934
:10221000019218BF01230B70FBF7DEFC734B4FF0EC
:1022200000005B6F9847019A0021D2F8B430704AE1
:1022300011702BB12B7F013B022B8CBF002301239C
:102240006C496D480B706D49FFF7B8FB0021A07811
:10225000E6F708F9A378684A02EB8303D3ED007A26
:1022600077EEC07AC3ED007A03AB07CA83E80700B4
:1022700006A8F2F7B7FB9DF82C2042F001028DF87A
:102280002C2095F81E2153076ED4A27810A9544B28
:1022900003EB820301EB8202DB6C42F8343C002248
:1022A000574B1A7006A80193FFF708FE019B002800
:1022B00041D01B78002B68D02378524D0DEB830161
:1022C0006278D1ED037A05EB8301D1ED006A0DEB65
:1022D0008201F4EE676A91ED037AF1EE10FA08D10B
:1022E00005EB8201D1ED006AF4EE476AF1EE10FAD7
:1022F0000CD005EB830306A905EB82024148C3ED30
:10230000007A82ED007AEEF7BFFBA0B1A37805EB6F
:1023100083050DEB830395ED007AD3ED037AB4EEDC
:10232000677AF1EE10FA33D006A93648C5ED007A87
:10233000EEF7AAFB60BB122010B070BDA17803FAC3
:1023400001F10A40C9B291420BD1264A2E48D2F877
:10235000BC1081423FF45AAFC2F8BC002B48016068
:1023600054E72E2010B070BD1D4B93F8482002F0AA
:102370000702072A89D1224B012203A90A201A70D9
:102380000193F9F7DBFE019B8CE72B7F022B19D021
:10239000F3F758FAF2F77EFA18491D48FFF70EFBDB
:1023A0000122124B4FF4806186F890201B6C194873
:1023B0009847F2F7EDFE002010B070BD0020704786
:1023C0002F20704706A8FFF7A3FD0028E0D1B2E751
:1023D00038120120CC0D012060130120F01A0120D9
:1023E00048090120E0040120A12501200806012060
:1023F000A8250120B6250120BC130120D409012005
:10240000A32501205C21012095C10100701201204B
:102410000810012084090120114B1B689BB100B5F5
:1024200083B0019098470F4B019A1B7D934201D0D6
:1024300003B000BD0C4B1A78002AF9D00B4A127871
:102440001A7003B000BD074B1B7D834200D070475C
:10245000054B1A78002AFAD0044A12781A7070478D
:1024600088120120900F0120A1250120A325012021
:102470000C4B1A89910703D40B4B1320DB681847C8
:102480000A4993F870208978CA40D20700D470476F
:1024900003EB810202201346D26A5B6FD21AE6F781
:1024A00019B800BF48090120E00401206013012091
:1024B00010B50B490B48FFF781FAFFF7CFFD044633
:1024C000FFF75AFB084B0020DB68984734B1074BF5
:1024D000022107481B6CBDE81040184710BD00BF23
:1024E000D40901205C210120E0040120080601201C
:1024F00084090120194BDFF86CC003EB80031849F5
:102500009CF84820D3ED007A91ED0B7AC24077EE2B
:10251000C77AD207C3ED007A0AD500EBC00201EBFF
:10252000820191ED0F7AB5EEC07AF1EE10FA00D487
:1025300070470CEB8002D2ED196A92ED167AF4EE38
:10254000E76AF1EE10FA77FEA67AF4EEC77AF1EEBA
:1025500010FA77FE877AC3ED007A70475C2101207C
:10256000F01A0120480901202DE9F0438FB008201E
:1025700001A9F9F7E3FD04A8F2F734FA9DF8243035
:10258000784A43F0010312788DF82430002A42D1B2
:10259000754C764D227863780DEB8201744E05EB15
:1025A0008202496811600DEB830205EB83035268D8
:1025B0001A60337893B14FF001086E4B00226B49DB
:1025C00018686D4BD3F8B4700123B847B8F1000F09
:1025D00004D1FFF7D1FA0FB0BDE8F08304A9634836
:1025E000EEF752FA0028F4D0A37804A95F480DEB67
:1025F000830205EB830352681A60EEF745FA5F4BDE
:1026000000215B6A09918DF814100493F8B9A07841
:10261000FFF770FFDDE7544C04A8FFF74FFC534D64
:102620002278804663780DEB8201514E05EB8202E1
:10263000496811600DEB830205EB830352681A6051
:102640003378002BB9D1B8F1000FC2D0C6E7337888
:10265000002B54D1A078FFF74DFF4FF0000204A9E2
:102660004248EFF747F90128B3D145493F48FFF702
:10267000A5F9A378B0EE007A404A05EB8303D3EDC9
:10268000007A77EE877AC3ED007A92F81E311F0741
:10269000C3F3C00645D5136A0493002304A9334845
:1026A00066F3C3031A46EFF725F9012891D1354B9C
:1026B000A17893F8704003EB810224FA01F5D26A05
:1026C000ED0746D4884003EB810104434FF40040FA
:1026D0004A6783F87040FFF71BFA274B0F20DB682F
:1026E0009847FFF7BBFC0446FFF746FA002C3FF47F
:1026F00072AF254B022125481B6C98476BE71D4B99
:1027000018681D4BD3F8B46001231A46B0479DF8F2
:10271000253060F3C3038DF82530A078FFF7EAFE7B
:102720009BE7164F04A91148BB6A0493EEF7ACF976
:1027300000283FF44EAF3B6AB1EE007A0493A378D1
:1027400005EB8303D3ED007A77EEC77AC3ED007A09
:10275000A3E703EB810302205B6FD21AE5F7BAFE11
:10276000BFE700BFA3250120601301205C210120E9
:10277000B625012038120120E0040120F01A0120C2
:10278000740901204809012008060120840901205C
:1027900010B5214CD4F83031984780B9D4F8E030E6
:1027A0006BB14FF40040FFF7B3F91C4B1B7F13F0E4
:1027B000FB0305D11A4AC4F82C31C2F8D83010BD39
:1027C0001849194A164B1948C3F8D8101178C4F89B
:1027D0002C01B1B94FF0010CD4F82811D3F8B00096
:1027E00082F800C0124A1160124A996CC4F828217C
:1027F000114A1060114A12481160124AC3F8B00021
:102800009A64114B1A68002AD9D1D4F8A8110F4A3A
:102810001960C4F8A82110BD08060120F01A012093
:10282000E004012071B90100B4250120E9BE0100D6
:102830007024012029BA01006412012088120120AD
:1028400075BA01003DC10100200E0120A5B90100AB
:1028500070B5604C8CB0237F013B012B27D85E4BB9
:102860001B6823B35D4B1978D1B95D4B1B780BBB4B
:102870005C495D48FFF7A2F802A8F2F7B3F8636A73
:1028800002935A4B9878FFF735FE4FF0100202A9D9
:102890005548EFF72FF8012823D02F200CB070BD3A
:1028A000534B1720DB68984700200CB070BD032005
:1028B0000CB070BD4F4BB1EE040A4D4A08201E68A3
:1028C000D2F8B4500191FFF78DF801230246019927
:1028D0003046A8479DF81D3060F3C3038DF81D30C6
:1028E000C6E745494048FFF769F8404B3E4AB0EE1D
:1028F000007A9B7802EB8303D3ED007A77EE877A38
:10290000C3ED007A94F81E31C3F3C0021B0746D50D
:10291000236A0293102302A9334862F3C3031A46C1
:10292000EEF7E8FF0128B8D133492F48FFF746F802
:102930002E4B616AF1EE007A9A782B4B029103EBF1
:1029400082032E49284893ED007A01EB820202A906
:1029500037EE277AD2ED137AB4EEE77AF1EE10FA79
:1029600077FE877AC3ED007AEEF78EF8002894D0D0
:10297000F2F768FF002897D0F1F78CFF204819493B
:10298000FFF71CF8217F1F4A0229194B4FF0000165
:10299000DB6814BF122011201170984784E7A36AE6
:1029A00002A9114801920293EEF76EF800283FF455
:1029B00074AF0E4BB1EE007A0B4A9B7802EB8303A7
:1029C000019AD3ED007A77EEC77AC3ED007A236AD5
:1029D00002939FE7F01A01205C0E0120A32501203D
:1029E000B6250120D40901205C21012060130120BB
:1029F000E004012038120120740901204809012057
:102A000008100120A12501200F4A0379D2789A42AB
:102A100017D90E4AC3EBC303126802EB83035A684B
:102A20005B7CD2E90001C3F3800302680A40002AFC
:102A300018BF83F00103DBB200EE103AB8EEC00A13
:102A40007047BFEE000A7047EC0D0120A80C012072
:102A50000E4B02791B78934215D90D4B2C211B6824
:102A600001FB0233D3E906215B7A1268C3F38003CA
:102A70000A40002A18BF83F00103DBB200EE103ACF
:102A8000B8EEC00A7047BFEE000A7047EC0D012097
:102A9000A00C0120364B374A00B5DA62002832D14B
:102AA000354A12788A422DD9344A2C201971D2F82D
:102AB00000E000FB01F10EEB010002899A834268FD
:102AC0009A61120A22F0440C427AC2F3801282F018
:102AD0000102920142F0040202F0440242EA0C02B6
:102AE0005A7602691EF801109A60426990F80AC08D
:102AF0005971806A2249DA60224AC3E9040CC3E9A9
:102B000008121B4800BD012830D11B4AD2788A42E6
:102B10002CD91D4AC1EBC10C1971D2F800E00EEBA3
:102B20008C010A8A9A830A8A9A61120A22F0440066
:102B30004A7CC2F3801282F00102920142F0040248
:102B400002F0440202435A76CA681EF82C009A60CA
:102B50004A6991F808C0587148680C491A610C4AD2
:102B6000C3F814C0D860C3E90812CAE7002000BD4A
:102B70008808012049CC0100EC0D0120A00C0120A7
:102B800039C9010075C70100A80C0120B9C80100AE
:102B90002DC7010070B51D4D82B0037995F803C0B3
:102BA000634508D31A4C2368187860452CBF002071
:102BB000012002B070BD164CC3EBC30391F800E0D6
:102BC000266806EB830393F811C0CCF380067645A4
:102BD00003D06EF3820C83F811C016460A4649787A
:102BE0000346007D0029019200930CBF01210421BE
:102BF00001F036FA16B995F803C0D4E7DDE9000113
:102C0000ECF7DCFB95F803C0CDE700BFEC0D01202D
:102C1000A80C012070B5254C82B0037994F800C04F
:102C2000634530D291F802E0BEF1030F2BD0DFF8FC
:102C300084C00E78DCF800500EF0030C4FEACC0C88
:102C40004CEA862C2C2606FB03554B784CEAC33CF9
:102C5000174B2E890CEA030347F6E73C06EA0C0CF7
:102C600043EA0C032B81037DBEF1000F11D10E4608
:102C7000054671461846019201F0F2F9019A82B9AF
:102C80002B7994F800C063452CBF0020012002B0CE
:102C900070BDBEF1010F14BF4FF0030E4FF0020ED6
:102CA000E5E731462846ECF705FBE9E7EC0D0120A6
:102CB0001884FFFFA00C0120F8B5494B1B78834214
:102CC00047D9484A2C23156803FB0055002944D0F6
:102CD000F3EE047A4B1E012B20EE270ABAFE400ABF
:102CE000BCEEC00A10EE104A04F1010429D90E1FEF
:102CF0003D4F18BF01260BE05CB3F2F749FA002103
:102D0000FB6B32209847013C23D0384B1B7803BB28
:102D10006B7AD5E906C0C3F38003DCF800100140EC
:102D200000290CBF1A4683F00102D2B29642E3D1C9
:102D3000DCF800201040002818BF83F00103DCB24B
:102D400009E001293DD002231946AA8813EA52134B
:102D500011D14FF0FF342046F8BDD5E906326C7A28
:102D60001B68C4F3800413408B4218BF84F0010435
:102D7000E4B22046F8BD1E4E2846EA69336823EACD
:102D800002033360E4F7EEFE3268EB6913421AD1B6
:102D900084B1154F06E0154B1B785BB9EB693268BF
:102DA0001A4210D1F2F7F4F90021FB6B3220984758
:102DB000013CF0D14FF0FF3400212846E4F7D2FE69
:102DC000C9E70B46C1E7AA696C7A1268C4F38004AC
:102DD0001340002B18BF84F00104E4B2ECE700BFFD
:102DE000EC0D0120A00C012008060120480901205B
:102DF0006C0E01200B4BDB78834212D90A4BC0EBDF
:102E0000C0001B6803EB80035A685B7CC3F380033C
:102E10008B42D2E9000202D0C0F884207047C0F88B
:102E200088207047EC0D0120A80C012050B90C4BF4
:102E30001B788B4213D90B4B2C201B6800FB0133F2
:102E40009A62704701280AD1054BDB788B4206D97C
:102E5000054BC1EBC1011B6803EB81035A6170474D
:102E6000EC0D0120A00C0120A80C0120DFF8ACC063
:102E70009CF800C0844531D9DFF8A4C010B5DCF857
:102E800000C04FF02C0E84B00EFB00C0B0F804C0A0
:102E90001CF4787E25D0CCF3441C9E46003B22EAED
:102EA0000C0C18BF0123BCF1000F18BF0023E3B9BD
:102EB000194C226DCDE90103904701980021E4F7F8
:102EC00051FE019800210289416222F47872028148
:102ED000E26C9047029B184604B010BD00231846D0
:102EE00070477346184604B010BD0393B0F808C08D
:102EF00080F82110114662F3491C0292C0F824E0C8
:102F0000A0F808C00190E4F72DFE039BDDE9010263
:102F1000002AE7D1CCE700BF08060120EC0D012014
:102F2000A00C0120037F13F0010F037907D00D4A95
:102F30002C20126800FB03F3D154012070470A4A89
:102F4000C3EBC3038B29126802F8231002EB830240
:102F500001D08E29F1D1537C012043F0100353742A
:102F6000704700BFA00C0120A80C01200C4AC169C9
:102F7000136800B50B43D0F824E01360BEF1000FD6
:102F80000DD0436990F82100D3E9002312681A425A
:102F900073465DF804EB14BF01210021184700BD02
:102FA0006C0E0120084B1B685BB108490279C97897
:102FB000914206D902EB820203EBC20393ED090AA8
:102FC0007047BFEE000A7047C8130120780C01203B
:102FD0004FF0FF30704700BF037FDA0707D5037952
:102FE000044AC3EBC303126802F82310037F03F003
:102FF00001007047AC0C012070B5184D04468AB032
:10300000E878A04205D884422CBF002001200AB0F5
:1030100070BD134AC4EBC401124BEE4612681B6824
:1030200002EB8102127E02EB820203EBC20CBCE8CF
:103030000F00AEE80F000646BCE80F00AEE80F0038
:103040009CE803008EE8030001A8ECF7FDF80146B8
:10305000304600F085F8E878D5E700BF780C01200D
:10306000AC0C0120C81301200B4B48B918788842DA
:1030700006D90A4B2C201B6800FB01339A6270476B
:10308000DB788B4206D9064BC1EBC1011B6803EB11
:1030900081035A61704700BF780C0120A40C012005
:1030A000AC0C012038B505460C46302200212348DF
:1030B00007F050FD012D3FD1214AD278A2423BD9E1
:1030C000204AC4EBC40E03460471D2F800C00CEBD6
:1030D0008E010A8A8283C2F34030C2F3072280F055
:1030E000010060F304125A775C7F9A8BC4F380105E
:1030F00014F0300F9A61C2F3072280F0010060F3F0
:10310000861211485A761CF82E205A71CA689A60A5
:103110000A7A5A614A69D8621A610BD00A7E0B4951
:1031200002EB82020A4C09680A4801EBC202C3E9B9
:103130000840DA60014838BD002038BDB8080120D9
:10314000780C0120AC0C0120FDCC0100C81301203B
:1031500039250060C9CC0100EAF7E6B9704700BF25
:1031600002784378012A03F0030317D0022A03D020
:10317000101E18BF0120704740684FEA431C00EB47
:103180004313598030F80C00411A101E198218BFE1
:103190000120998941F4005199817047D0F804C009
:1031A00010B5BCF8884102FA03FE44EA0E14ACF8EC
:1031B00088418078012825D0022817D060B903EB18
:1031C00043030CEB4313D889401A5881BCF8803173
:1031D0004EEA0303ACF88031BCF88831101E4EEA89
:1031E000030E18BF0120ACF888E110BD03EB4303C8
:1031F0000CEB4313D982BCF8803143EA0E23ACF8C0
:103200008031E9E703EB43030CEB4313D983BCF8AC
:10321000803143EA0E13ACF88031DDE7054A00EB5C
:103220004001054B02EB001203EB810093784370E1
:10323000704700BF14FE0020CCFE0020054A02EBC0
:10324000001293789907C3F3400002D523F00203DC
:103250009370704714FE0020074A53681168994222
:1032600006D0591C1344C1F30901D87A5160704744
:103270004FF0FF30704700BF14062020014B1A6842
:103280005A607047200A2020044B18685B689842F7
:1032900038BF00F58060C01A80B270471406202045
:1032A000064B40F2FF301A685B689A4238BF02F55D
:1032B0008062D31AC01A80B2704700BF1406202063
:1032C000024B00211A6859725A6070471406202078
:1032D000074B002118201A6859725A6019681A6839
:1032E00019440132C872C2F309021A60704700BF64
:1032F00014062020F8B5154C0746226863689A42E8
:1033000019D02568124E0135C5F3080503E0D6F83B
:103310000432984770B16368AB42F8D023682560E7
:103320001C44277272B60B4A936943F400039361FD
:1033300062B60120F8BD074A0749D36A0988C3F37A
:1033400002238B42DDD2D061F3E700BF200A2020A8
:1033500008060120008019409825012010B5044678
:10336000007830B10134FFF7C5FF14F8010B0028D5
:10337000F9D110BD49B138B50446451814F8010B10
:10338000FFF7B8FFAC42F9D138BD70470A4A13685D
:1033900050680A4A834238BF03F50073181AD36A8B
:1033A0005269C3F30223C2F3805282F00102134434
:1033B000184480B2704700BF200A202000801940C6
:1033C000014B1B68184700BF600E0120024B0246EC
:1033D000186802B11A607047600E01202C4970B560
:1033E0008E6934021AD54B69180217D529482A4A22
:1033F0004368B2F800C008E02A7AC4F30803CA613F
:10340000CA6AC2F30222624504D20268C5185C1C73
:103410009A42F1D1436002689A422FD0710203D5DB
:103420001B4B5A69520217D4194D6B6913F4401F94
:1034300011D01A4E04E0EC693368E0B2984780B1CD
:10344000EB6A13F0E06FF6D16B69DB0203D56B69B1
:1034500043F480136B6170BD9A6922F480029A6113
:10346000E2E70F4A136851680133C3F30903994235
:103470000AD0116813600A44D472E1E7044A9369E0
:1034800023F400039361C9E701235372D8E700BF17
:1034900000801940200A202098250120600E01207C
:1034A00014062020074A53681168994206D0591C17
:1034B0001344C1F30901D87A516070474FF0FF30CF
:1034C000704700BF00002020014B1A685A60704707
:1034D0000C042020044B18685B68984238BF00F544
:1034E0008060C01A80B2704700002020064B40F276
:1034F000FF301A685B689A4238BF02F58062D31ABF
:10350000C01A80B2704700BF00002020024B00218B
:103510001A6859725A60704700002020074B00213A
:1035200018201A6859725A6019681A6819440132C9
:10353000C872C2F309021A60704700BF0000202061
:10354000F8B5154C0746226863689A4219D0256879
:10355000124E0135C5F3080503E0D6F8043298474A
:1035600070B16368AB42F8D0236825601C442772B1
:1035700072B60B4A936943F40003936162B601206B
:10358000F8BD074A0749D36A0988C3F302238B426F
:10359000DDD2D061F3E700BF0C0420200806012033
:1035A000004018409425012010B50446007830B141
:1035B0000134FFF7C5FF14F8010B0028F9D110BD45
:1035C00049B138B50446451814F8010BFFF7B8FFA8
:1035D000AC42F9D138BD70470A4A136850680A4AAC
:1035E000834238BF03F50073181AD36A5269C3F3D4
:1035F0000223C2F3805282F001021344184480B2C5
:10360000704700BF0C04202000401840014B1B688D
:10361000184700BF640E0120024B0246186802B131
:103620001A607047640E01202C4970B58E6934020F
:103630001AD54B69180217D529482A4A4368B2F8A7
:1036400000C008E02A7AC4F30803CA61CA6AC2F358
:103650000222624504D20268C5185C1C9A42F1D16C
:10366000436002689A422FD0710203D51B4B5A69FE
:10367000520217D4194D6B6913F4401F11D01A4E22
:1036800004E0EC693368E0B2984780B1EB6A13F06C
:10369000E06FF6D16B69DB0203D56B6943F48013ED
:1036A0006B6170BD9A6922F480029A61E2E70F4A69
:1036B000136851680133C3F3090399420AD01168B2
:1036C00013600A44D472E1E7044A936923F40003C7
:1036D0009361C9E701235372D8E700BF0040184047
:1036E0000C04202094250120640E012000002020DD
:1036F00001460148FCF7FCBD0000202001460148BE
:10370000FCF7F6BD14062020064A936920B123F485
:10371000001301209361704743F40013012093616B
:10372000704700BF00801940064A936920B123F416
:10373000001301209361704743F40013012093614B
:10374000704700BF00401840094B0A499A69087544
:1037500010F0700022F013029A6106D010289A69C6
:1037600014BF132112210A439A610120704700BF40
:1037700000401840CCFE00200146044808B5044B28
:1037800019610BF0FFFC012008BD00BF004018408C
:10379000CCFE00200146044808B5044B59600BF0EC
:1037A000F1FC012008BD00BF00801940CCFE0020C4
:1037B000094B0A499A69087210F0700022F013024E
:1037C0009A6106D010289A6914BF132112210A4366
:1037D0009A610120704700BF00801940CCFE002094
:1037E0000A4B93F8810078B9094B1B7863B1094BF8
:1037F0001B78DB0708D5084A084B10681B68C01AFD
:103800000E2894BF00200120704700BF4809012006
:10381000C3250120C225012050210120842401203C
:10382000044A53681068834288BF00F58060C01A5C
:1038300080B27047280C2020054B58681B689842BE
:1038400094BF00F2FF3000F1FF30C01A80B2704721
:10385000280C2020064B182019681A6819445A6051
:103860001A68C8720132C2F309021A60704700BFB9
:10387000280C2020084B59681A68914208D05968D2
:103880005A6819440132C87AC2F309025A60704773
:103890004FF0FF30704700BF280C2020014B1B6801
:1038A000184700BF60F30020024B0246186802B1BF
:1038B0001A60704760F300202DE9F8432A4B2B4D26
:1038C0001B6898472B780BB1BDE8F88300F07CFBB0
:1038D000274A1368C31A312BF6D901232B701060C5
:1038E00001F0AEFF00283BD0224E014673683268DB
:1038F000934294BF03F2FF3303F1FF3314281E48B1
:10390000A3EB0203A8BF14219BB29942A8BF19469A
:1039100001F006FF814618B3174CDFF8608008E01D
:1039200032683360B318DF72134B1B1B13EB090FA4
:1039300016D014F8017BD8F8003038469847002894
:10394000F2D1336872680133C3F309039A42E7D1B5
:103950004FF001037372084B1B1B13EB090FE8D1E7
:1039600000232B70BDE8F88358120120B0250120F8
:10397000A0100120280C20202424012060F3002026
:1039800001460148FCF7B4BC280C202008B501F022
:1039900065FF024B1A685A6008BD00BF280C202042
:1039A000002973D02DE9F047DFF8889107460D46CE
:1039B000D9E90032002B48D18A42D9F8080009F130
:1039C0000C064BD2DFF86881584C3946C9F8002004
:1039D00000F0BEFDC9F80860D9F8003033B101F03D
:1039E000A3FF0A28D9F800300ED81BBBD9F8042051
:1039F0002046C9F808602646AD1A1744ADB2AA425F
:103A0000E3D35DBBBDE8F087984228BF18468246E5
:103A1000D9F80800514601F07DFFD9F80030D9F8F7
:103A20000820A3EB0A035244C9F80030C9F8082063
:103A3000002BDBD0D8F8043298470028CCD1C9F845
:103A40000860C9F80000BDE8F0870B44934232D803
:103A5000D9F8080009F10C06AA42B3D32A46394620
:103A600000F076FDD9F80030C9F808601D44C9F8A7
:103A700000503DB101F058FF0A28D9F8003006D8AF
:103A8000002B3ED1C9F80860BDE8F0877047984226
:103A900028BF18460446D9F80800214601F03AFF2D
:103AA000D9F80030D9F808201B1B2244C9F800308F
:103AB000C9F80820E4E709F10C06C9F8086001F02C
:103AC00033FF0A28D9F8003007D81BBBC9F80860B3
:103AD000164ED9F804203046BEE7984228BF184653
:103AE0000446D9F80800214601F014FFD9F8003047
:103AF000D9F808201B1B2244C9F80030C9F8082057
:103B0000E3E70B4BD3F804329847002897D0D9F855
:103B10000050AEE7064BD3F80432984700288ED009
:103B2000D9F80030002BCAD1D0E700BF40102020C8
:103B3000080601203410202070B5234C064608F0FA
:103B4000EDFD054623680344FF2B1DD80246314690
:103B5000A0682E4400F0FCFC2368A2682B442A4491
:103B60002360A26016F8012C0A2A02D062689342F0
:103B700009D9164EA6602BB101F0D6FE0A2823689B
:103B800008D8BBB9A66070BD81B23046BDE87040B0
:103B9000FFF706BF984228BF18460546A068294689
:103BA00001F0B8FE2368A2685B1B2A442360A26070
:103BB000002BE7D0064BD3F80432984708B12368AE
:103BC000D9E72060A66070BD34102020401020206E
:103BD0000806012003780BB1FFF7AEBF704700BFA6
:103BE00008B5074B1B683BB1064B187010B118465F
:103BF000FFF7A2FF012008BD01F078FE012008BDFB
:103C00003410202044180120A94AAA4B90422DE9E3
:103C1000F047A94CD3F814E09969D4F80CC000F22D
:103C2000088103F1437303F5F4530333A3FB00232B
:103C3000DB0D03EB830303EB830202F2B63240F2A7
:103C400027639A4228BF1A469C4BA3FB0232D20834
:103C5000203A984D0CF01F04D5F88030944243F080
:103C6000C003C5F880300BD22CF01F0C924C4CEAEC
:103C7000020CC4F80CC02368002BFCDA0CF01F0403
:103C80001EF0007327D18E4D2E698E4DB54300F086
:103C9000FA8081F4805576464FF4805716F0605FC5
:103CA00006D02EF0605E4EEA030E824BC3F814E09D
:103CB00015F4405F07D021F440517E4D3943A9618E
:103CC000AB6C1B07FCD44EF0007E7A49C1F814E0BF
:103CD0008B6C9F06FCD47C49884200F2DF80012671
:103CE00035460EE0082D0CD1042E00F291800136ED
:103CF000022506FB00F38B4200F2C3805B008B427F
:103D000006D8013506FB05F300FB03F38B42E9D926
:103D1000771E05F1FF384FEA872A8EEA87276B491D
:103D200059186B4B99427CD9DFF8E4916C236948B0
:103D30006349B0FBF5F0684DB0FBF6F00E68354016
:103D40004D4508D043F400534FF480550D600B608F
:103D50000B68002BFCDA57490B6903F00703434556
:103D600004D0C1F810808B6CDE03FCD417F4E05F44
:103D70000BD02EF4E05E0AF4E0534E4943EA0E0EF7
:103D8000C1F814E08B6C9D07FCD4544D544945197F
:103D90008D4239D8534BED09A3FB05352D0B6B1E16
:103DA0001B028EEA030111F4407F07D02EF4407EFF
:103DB00003F440733F4943EA0E034B613D494B69AD
:103DC00023F000734B618B6C9B06FCD4464BA242E4
:103DD000A3FB00134FF0FF314FEA9343B0FBF5F51F
:103DE000B1FBF3F34149086041490D6041490B6063
:103DF00008D22CF01F0C30494CEA0202CA600B6852
:103E0000002BFCDABDE8F0874FF440730425C8E7C7
:103E1000771E2E494FF007084FEA872A59188EEA75
:103E20008727294B99421CD8DFF8E890362332487F
:103E30007EE7324B984201D80E220AE7304B984277
:103E400028D9304A904227D9821A2F4B120AA3FB55
:103E50000232D20902EB820202EB820202F2E24259
:103E6000EDE6A3F182532948DFF8AC90A3F589333E
:103E70007E3BA3FB01310B0D03FB00F043EA090974
:103E800056E7012544E71F468EF0C0560D464FF019
:103E9000C05303E70F22DCE61222DAE601260346CE
:103EA0004FF0000A77464FF00008354637E700BF6D
:103EB000001C4E0E00C00F40000008401F85EB5153
:103EC00000800D4040300080FFB19F26808D5B0058
:103ED000FF7EF64D00643F4D7F3001807FD1F008BA
:103EE0007F17B42C9F10E50083DE1B439CEE00205F
:103EF00098EE00205818012000B29F26FF0A6B1B85
:103F000000A4781F0046C32323B24C00001BB70057
:103F10006C200080362000800020008000B97047AF
:103F20002DE9F84F01218146224C234E234D54E8C0
:103F3000003F3268286844E80013002BF7D120497D
:103F40004B684FF47A7BDFF87CA01B1A01270BFB30
:103F500002F8DAF80020A2FB03235B4594BF9844E3
:103F6000D84454E8003F3268286844E80073002BC6
:103F7000F7D14B68DAF800C01B1A0BFB02F2ACFB5E
:103F800003C3B3F57A7F94BFD21802F57A72A2EB1D
:103F90000802B2F57A7F08D3B9F1010F08F57A78F3
:103FA00009F1FF39DDD1BDE8F88F01F02FFD04499B
:103FB000D7E700BF542101205021012048210120D2
:103FC000001000E05818012010B50F4B4FF0010C05
:103FD0000E4CDFF844E053E8002F2068DEF80010B4
:103FE00043E800C2002AF6D1094B5B68094A5B1A14
:103FF0004FF47A71126801FB00F0A2FB03238B429D
:1040000094BFC018401810BD542101205021012038
:10401000001000E05818012048210120362812D84D
:1040200002010C4B03EB00109B58C268D3F804C08C
:104030001CEA020F03D039B1C3F8842070478368AB
:1040400029B9054A1A607047C3F888207047034AA7
:104050001A607047A07700203830010038F0010066
:10406000362831D802011B4B012903EB00109B5865
:1040700000B55A68D0E902EC12D0042910D022EA27
:104080000C025A60C9B102291FD003294FF0150252
:104090000CBF114B114BCEF8003043681A6000BDC5
:1040A00042EA0C0201295A6007D040F63803CEF8E4
:1040B0000030436815221A6000BD38231522CEF85F
:1040C000003043681A6000BD7047054BCEF80030E1
:1040D000EFE700BFA0770020383001003800010072
:1040E00038F0010010B4134A0020134B0121134C87
:1040F000DFF84CC0C2F8F032C2F8F402C2F8B810CF
:10410000C2F8A000C2F8A440C2F8B0105369DB079F
:10411000FCD551619CF80030DB07EFD413680549EA
:1041200043F0010313600B68DB07FCD462B610BCDC
:10413000704700BF00802A400504012401000F00E1
:1041400000812A4010B5DFF840E04FF6FF7C0C48B4
:104150000EF17E04A0F58053002203E0834202F1B9
:10416000010203D2198802336145F7D12EF8022FDC
:10417000A64500F58050EDD1024B01221A7010BD0A
:1041800000107C60AC2501205A18012041F2BB03CD
:10419000984238D81D4B10B51B7882B05BB38208AB
:1041A0001B4BDFF874C0A3FB0213D11A03EB5103BE
:1041B00018495B09C3EB831E1C46A2EB0E033CF8B7
:1041C00013C059184FEA4C0C0A030CEB013CBCEB32
:1041D000013F15D900F0030EFF204EEA840E13466E
:1041E00002321B88D9B21B0A8E4508BF1846944577
:1041F000F5D802B010BD0190FFF7A4FF0198CEE7FB
:10420000FF2002B010BDFF20704700BFAC25012089
:1042100005411004C00706005C18012062B170B5AA
:1042200005460C468E1820460134FFF7AFFF05F80F
:10423000010BA642F7D170BD704700BF30B583B007
:1042400072B6334B40F20645324C9C610224DC616D
:104250000024C3F8A040C3F8F0528518C3F8F44214
:10426000C3F8F842C3F8FC424FF47024C3F8A440EA
:104270000124C3F8B04020F01F03BFF34F8F4FF06D
:10428000E024C4F85C3F20339D42FAD8BFF34F8F3F
:10429000BFF36F8F1E4D6B69DC07FCD50123DFF880
:1042A0007CC094B220F07F406B6144F47024C5F868
:1042B000F0C242F2012CC5F8F4C2C5F8BC30C5F812
:1042C000A000C5F8A440124CC5F8B03001E05B0670
:1042D0000AD4636913F00105F9D04123636103B087
:1042E000BDE83040FFF7FEBE082A0DD842B10A48AB
:1042F000CDE9001200F02CF9DDE9001211442A4644
:10430000034B40205861E4E7A2F108050822EEE7DC
:1043100000802A40F05AF05A80812A40320418085E
:1043200000B5864672B6294B0221294800229861C1
:104330004FF47020D96140F20641C3F8F012012118
:10434000C3F8F422C3F8F822C3F8FC22C3F8A02073
:10435000204AC3F8A4000EEA0202C3F8B010BFF36B
:104360004F8F02F1200302F580514FF0E02C8B4279
:104370002CBF0121802102EB41118B42CCF85C2F34
:104380001A4603F12003F8D1BFF34F8FBFF36F8FAD
:104390000E4A5369D907FCD501200F490F4B4FF442
:1043A000702C50610EEA0303C2F8F0120749C2F8FC
:1043B000A030C2F8A4C0C2F8B0004B69DB07FCD53E
:1043C00001235DF804EB4B61FFF78CBE00802A40AF
:1043D000F05AF05A00F0FFFF2004180800F0FF0028
:1043E00041F2BB03984200F28E80484B2DE9F04722
:1043F0001B78C2B00E460546002B00F08180AB084A
:10440000434F05F00305A7FB0327DA1B07EB520711
:10441000404A7F0945EA8705C7EB8717DF1B3E4BFC
:1044200032F81740FB1860004FEA033800EB033006
:10443000B0EB033F68D94246FF21134602321B8886
:104440005FFA83FC1B0AAC4508BF19468242F4D3CD
:104450008E4244D0B4F5006F44D302AC4FF4807266
:10446000FF21204606F076FB08F1020208F5805392
:104470002A48934294BF01234FF40063424603EB62
:10448000C72318184000134602321B888242D9B253
:104490004FEA13236354F6D10DF1070966550DF267
:1044A000071A00254C464046FFF73AFF14F801CFA3
:1044B00002220DF1060108EB4500631EBCF1FF0F5F
:1044C000A3EB090306D043EA0C230135ADF806300F
:1044D000FFF7B4FE5445E9D10E4B23F8175042B014
:1044E000BDE8F08702A945EA0625022201340D80C5
:1044F000FFF7A4FE074B23F8174042B0BDE8F08752
:10450000FFF720FE7BE77047FF21A1E7AC250120E4
:10451000054110045C180120C007060000003E3071
:1045200062B170B505460C468E182046013415F868
:10453000011BFFF755FFA642F7D170BD704700BFC2
:1045400008B5FEF709FEFEF709FE01F05FFAFAE78B
:10455000844641EA000313F003036DD1403A41D38E
:1045600051F8043B40F8043B51F8043B40F8043B4D
:1045700051F8043B40F8043B51F8043B40F8043B3D
:1045800051F8043B40F8043B51F8043B40F8043B2D
:1045900051F8043B40F8043B51F8043B40F8043B1D
:1045A00051F8043B40F8043B51F8043B40F8043B0D
:1045B00051F8043B40F8043B51F8043B40F8043BFD
:1045C00051F8043B40F8043B51F8043B40F8043BED
:1045D00051F8043B40F8043B51F8043B40F8043BDD
:1045E000403ABDD2303211D351F8043B40F8043B7D
:1045F00051F8043B40F8043B51F8043B40F8043BBD
:1046000051F8043B40F8043B103AEDD20C3205D38C
:1046100051F8043B40F8043B043AF9D2043208D084
:10462000D2071CBF11F8013B00F8013B01D30B88F6
:1046300003806046704700BF082A13D38B078DD0D4
:1046400010F003038AD0C3F10403D21ADB071CBFA6
:1046500011F8013B00F8013B80D331F8023B20F810
:10466000023B7BE7043AD9D3013A11F8013B00F849
:10467000013BF9D20B7803704B7843708B788370D1
:1046800060467047074A506A936A19468446506AE2
:10469000936A9942F9D18445F7D1DB0B43EA404054
:1046A000704700BF00400D4010498B6823F0011394
:1046B0008B608B68DB07FCD48B6B0C4A23F0010307
:1046C0008B63936BD907FCD4C3030849400C536533
:1046D0001065936B43F0010393638B6BDB07FCD591
:1046E0008B6843F001138B60704700BF00400D40A2
:1046F00072B6EFF30583524CC4F884301EF0040FF9
:104700000CBFEFF30882EFF309824FF0E0234D4D29
:10471000D3F8280DD3F82C1DC4E92201D3F8341D99
:10472000D3F8383DC4E924139369A83444F8103C05
:10473000D36944F80C3C00F0CDF804ED020AFFF711
:10474000A1FF0B2344F8040C4FF0FF323E4844F81D
:10475000283C2B68202104355A4042F300030139DC
:1047600003EA000383EA5202F7D1A542F1D1344BA8
:10477000C3F8A820BFF34F8F4FF0E0233149334AED
:10478000C3F8701FC3F8702FBFF34F8FBFF36F8F45
:104790002F4A02242F48D36E2F4943F44053D36647
:1047A0000460D3692D4823F07F0343F04003D361B5
:1047B0000B68834240D8274D00204FF0E0234FF094
:1047C000FF3228600121C5F8080125480C460E4635
:1047D000C5F80001C5F80811C3F88021C3F8842189
:1047E000C3F88821C3F88C21C3F8902101E000F0C0
:1047F00071F9D5F80C31002BF9D04F2CC5F80C61AC
:1048000004F10104F3D9174B022017494FF000427D
:10481000C1F840015A63D5F80C313BB9134814492B
:104820000C4A0163D2F80C31002BFAD04FF0E02390
:10483000104AC3F80C2DFEE7FFF7E6F9BBE700BF0F
:1048400000FF272080FF27202083B8EDA0FF27202E
:1048500000C00F40004008409CEE0020803DCD0B82
:10486000009F240000900D4000002E4000800F406B
:10487000F100AD0B0400FA05094A08B503461068BB
:1048800023B1034407498B4201D8136008BD07F0E8
:10489000D3FC0C2203464FF0FF301A6008BD00BF66
:1048A000B0EE002000002820002070474FF0FF30BD
:1048B000704700BF4FF4005300204B60704700BFAB
:1048C000012070474FF0FF30704700BF30BFFDE759
:1048D000FFF70EBF124AD2F880305B07FBD5D2F843
:1048E00080301048C3F30B230F4990ED007A07EE98
:1048F000903A91ED006AB8EE477A0C4AF8EEE77A02
:104900000B4BD2ED006A77EEC77A93ED007AB8EEE2
:10491000477A67EE867A87EEA60A37EE400A704736
:1049200000810D4048180120501801205418012022
:104930004C180120836B70B586460E4610461BB19D
:10494000536843F40043536072B6DEF8342042B338
:104950001B4B1060D3F8B02132421ED1194C656850
:1049600005E06268A2EB050CBCF5166F0BD2D3F81C
:10497000402142F48042C3F84021D3F8B811D3F863
:1049800040215204EDD5314007D10D4ACEE9020154
:10499000D2F8B0313343C2F8B031CEF8340062B649
:1049A00070BD0749CEE90202D1F8B0313343C1F8F6
:1049B000B031CEF83000CEF8340062B670BD00BF22
:1049C00000002E40001000E070B5056B95B12B463D
:1049D000002403E01B680134012B0CD05A68120636
:1049E000F8D5036306462CB12846B36B2D6898476B
:1049F000013CF9D170BD00220023C0E90C23F1E78E
:104A000000B501BBDFF8A0C0234B0021234A4FF0C3
:104A1000010E4FF001109960C3F800E0CCE90231BB
:104A20004FF0800CC3F804C0C2F8BC01D2F8B0311A
:104A30001B4843EA0E03C2F8B0310160D2F8B0312E
:104A4000002BFBD100BD0904164BDFF85CC04FF012
:104A5000010E41F080019860104A596000F58051C4
:104A6000C3F800E0D96000F50051CCF84830196176
:104A700000F5405100F58040596100219861CCF863
:104A80004C10D2F8B03143F48033C2F8B031D2F8D0
:104A9000B031002BFBD1B7E7E002012000002E402F
:104AA000540E0120000301200000002007490122CC
:104AB0000B78824023EA02030B7033B9044AD2F820
:104AC000483123F08003C2F848317047BD250120EA
:104AD00000002E402DE9F047A64C82B0D4F8446186
:104AE000F107C4F844614CD5D4F8AC31002B43D065
:104AF000A14DA24FDFF8B882C4F8AC31D5E90A2045
:104B0000D4F8403143F40053C4F84031D4F8403174
:104B10009B04F5D5D4F840314FF0011123F4005334
:104B2000C4F84031C4F8B411D4F8B43113F001130F
:104B3000FAD191B284463B60B1F5086F00F03A813A
:104B400000F2958040F2023E714500F0928100F241
:104B5000A480822900F0E181B1F5817F00F0B3816A
:104B6000802940F09580864802210380FFF748FFA6
:104B7000D4F8AC31002BBFD17E4AD2F8BC31002B27
:104B800042D1720616D57B4BD3F8AC21C3F8AC21C9
:104B9000D3F8BC21C3F8BC21D3F8B041002CFBD121
:104BA0004FF0FF32C3F8B421D3F8843100F036FD62
:104BB000744B1C60F40103D5734B1B6803B1984719
:104BC000B00103D5714B1B6803B19847710708D535
:104BD000684BD3F8843113F4007345D06C4B012239
:104BE0001A70644BD3F848311A060AD5330608D533
:104BF000684A13782BB1013BDBB21370002B00F035
:104C00006D8202B0BDE8F0875C49C2F8BC3108682B
:104C1000034240F098815B4A12681340B1D01C0CEB
:104C2000554D1FFA83F810D094FAA4F7B7FA87F716
:104C300005EBC7104030FFF7C7FE012303FA07F763
:104C4000BC43F1D1B8F1000F9BD0012798FAA8F42A
:104C5000B4FA84F405EBC41007FA04F4FFF7B4FEC9
:104C600038EA0408F2D18CE7494A1370B9E742F2F6
:104C7000212E71455AD049D8B1F5106F00F0A280AD
:104C800042F2210C614503D1010C072900F08C810F
:104C90004FF00113C4F8C0316AE7B1F5A06F00F01E
:104CA000CA80A1F5D0610129F2D83B4B596800298F
:104CB000EED01FFA8CFE120C03E019690C330029A8
:104CC000E6D0B3F800C09445F7D1B3F802C0F4457C
:104CD000F3D14FEA122C000CBCF1030F00F0CB8192
:104CE0001B89834228BF0346B2F5007F9A4640F0F5
:104CF0009A81274B1B78002B40F0EE8127495246C2
:104D00002748DFF89C90FFF723FC9EE142F2213315
:104D1000994214D04FF6C0039942B9D183B2FF2B08
:104D2000B6D843F46E4363F30F0CBEE780B230B9DC
:104D30001C4B120C19681C4B19601C4B1A70002379
:104D4000C5F84880EB64C8F808300123C8F8003083
:104D50008023C8F804304FF00113C4F8BC31D4F8F4
:104D6000B03143F48033C4F8B031D4F8B031002B03
:104D7000FBD1FDE600002E4000000020540E012073
:104D8000E4130120580E0120882401208C240120E6
:104D9000C4250120C52501209CE700200862006091
:104DA000401120205021012084240120C22501200F
:104DB000E0020120B34B0121B3481B780370FFF7D9
:104DC0001FFED5E6AF49120C01930A70AF4AC4F832
:104DD000C821AF4AC4F8CC21AE4AC4F8D02100F0B3
:104DE0001FFC80220199AC4805F0B4FEAB4980223B
:104DF000019BA9644A60AA4AEB64C5F8A02002F1AD
:104E00003C428B6002F56C2202F56F72C5F8E0201F
:104E100001220A604FF00112C4F8BC21D4F8B0217D
:104E200042F48032C4F8B0219E4A3B60D2F8B031DF
:104E3000002BFBD19CE69949EB648B600123A964AC
:104E40000B6080234B604FF001139649C4F8BC31CE
:104E5000D4F8B03143F48033C4F8B031D1F8B03174
:104E6000002BFBD1130C5B0643F08073C1F8543167
:104E70007EE610F0780F7FF40BAF00F07F028A4BD4
:104E8000000653F822104CBF41F4803141F001017B
:104E900043F822100021814BE96499600121AB6441
:104EA000196080217F4A59604FF00113C2F8BC316C
:104EB000D2F8B03143F48033C2F8B031D2F8B03117
:104EC000002BFBD154E610F0780F7FF4E1AE00F038
:104ED0007F02754B000653F822104CBF21F480313D
:104EE00021F0010143F8221000216C4BE964996024
:104EF0000121AB64196080216A4A59604FF00113A7
:104F0000C2F8BC31D2F8B03143F48033C2F8B031CA
:104F1000D2F8B031002BFBD12AE610F078037FF4F1
:104F2000B7AE00F07F01604A000652F82110564AE1
:104F3000138036D5C90301D50123137002215248CD
:104F4000FFF75EFD14E60020086058490C884868A9
:104F500042F221018C427FF45EAE80B200287FF4E1
:104F60005AAE5349534C03C9A18086284FEA1141D8
:104F70002060A1717FF44FAE72B64F48017841F0C6
:104F800008010170D2F848110D0605D480200143B4
:104F9000C2F84401C2F8481162B6484A5021117063
:104FA00039E6CB07CAD5C7E74049EB60444BC1E9B6
:104FB00000200122AB601A60424A5A603C4A9A6063
:104FC000D4F8B01141F00101C4F8B01102F58051DC
:104FD000D96002F50051196102F5405102F5804295
:104FE00059619A612F4AD2F8B031002BFBD12B497D
:104FF000EB648B600123A9640B6048F280034B6073
:105000004FF00113C2F8BC31D2F8B03143F4803311
:10501000C2F8B0314FF48033224A3B60D2F8B0314D
:10502000002BFBD1A4E5B2F5E06F7FF468AE264B10
:105030001B78002B4ED12549DFF894905246484604
:10504000FFF786FA072389F8013029F01F0309EBDF
:105050000A02BFF34F8F4FF0E021C1F8703F2033B9
:105060009A42FAD8BFF34F8FBFF36F8F184851465B
:10507000FFF7C6FC7CE50B78834228BF03469A46BF
:105080003DE600BFC3250120E41301200200CC004F
:10509000C80002000200C80080000020E0020120D9
:1050A0005DCFC6B800002E40C0012E40D8040120BC
:1050B0004C0E01207C240120BD250120C5250120A6
:1050C0000003012080000700C42501206C620060FD
:1050D000401120200449AFE7044910E60320FFF700
:1050E000E5FC0AF04BF800BF086200606C620060EB
:1050F0002DE9F043841E83B0022C02D903B0BDE831
:10510000F083124D90460F46C60105EBC0143C22B9
:1051100000210190201D994605F01CFDB8FA88F287
:105120003904520941EA42710122A951C4F8389068
:10513000A260B9F1000FE1D00549019B9A400B68CC
:105140001A430A6003B0BDE8F08300BF00000020EE
:10515000580E01202DE9F043A0F1020E83B0BEF1FC
:10516000020F02D903B0BDE8F0839146C201124F8D
:10517000884602F1400605463C220021F4190193BD
:10518000201D05F0E7FCB9FA89FC4FEA0842019BB3
:105190004FEA5C1C42EA4C72BA510122A363A2603E
:1051A000002BDFD0054905F110000B6882401A433F
:1051B0000A6003B0BDE8F08300000020580E012013
:1051C00012044FF0010C816042F08002C0F800C070
:1051D000C36101F5805C01F54053426001F5005266
:1051E00001F58041C0F80CC08161C0E9042370471B
:1051F000831E022B00D9704700F1100C064B0A46A3
:1052000003EBC01000B54FF0010E0EFA0CF15DF883
:1052100004EBFFF78FBB00BF40000020831E022B72
:1052200000D970474FF0010C034B0A460CFA00F10D
:1052300003EBC010FFF77EBB000000204068704702
:10524000144B0A22DFF850C0D3F8200220F07F4030
:1052500000EB800300B55B0085B0604538BF1846A1
:10526000694600F083FCDFF834C06B4600226046DC
:1052700019780132013341B10A2A20F8021FF7D10F
:1052800016228CF8002005B000BD52008CF80020DA
:1052900005B000BD00441F4080969800F4FE002039
:1052A00070B5164D4FF0E02415494FF40032154EFD
:1052B00005EB401582B001EB4021C4F88C21034678
:1052C000328828460191FFF77BFF019933880B4410
:1052D000BFF34F8FC4F85C1F20318B42FAD8BFF365
:1052E0004F8FBFF36F8F03202946FFF797FF4FF4CF
:1052F0000033C4F80C3102B070BD00BF20030120A0
:10530000C011202092250120264B1A884368C3F340
:105310000E43D21A002AF0B5C46983B028DD2248B2
:10532000224D01782D78CBB2DFF894C0A942204DF0
:1053300009D01CF803100F4635F811100E46C1F5C0
:1053400000718A421AD90133002125F81420082B54
:10535000184D88BF0B4625F8141098BF19460CF855
:105360000340154B017019680A441A6003B0F0BD80
:10537000204603B0BDE8F040FFF792BF0F4906EBAF
:1053800047200192084401EB4421FFF7E1F8019A1C
:1053900009492046B31825F817300B6813440B60F1
:1053A000E7E700BF92250120BA250120BB25012097
:1053B0000C1401201C14012008140120C01120200D
:1053C0002C140120224B1A78002A3FD102F0FF034F
:1053D000204A1278002A39D01F4A1288002A35D074
:1053E0001E49C2F5006210B5087884B01C4901EB73
:1053F00040141C4901EBC0212046CDE90223019154
:10540000FFF7DEFEDDE901120A44BFF34F8F4FF0D4
:10541000E020039BC0F8701F20318A42FAD8019324
:10542000BFF34F8FBFF36F8F04202146FFF7E0FEDD
:105430000A480021084B027819800132019BD2B240
:10544000032A98BF1346037004B010BD704700BF15
:10545000C1250120C325012096250120C02501205A
:1054600020040120C02120202DE9F04F87B00490B6
:10547000002900F0BF8000235F4C604F4FF001090E
:10548000DFF890A15E4E029303915E4B5E4A1D7859
:105490003B8802EB451284F800900192002B40F00B
:1054A000A58098461D469B460198FFF7C7FE10F061
:1054B000800000F08B80BFF34F8F9AF8003084F8A3
:1054C00000B00DB9D6F80080002B7BD13368A3EB78
:1054D0000803782B00F283804C4B1B78002B71D093
:1054E00000F094FA3B88012584F80090002BDBD073
:1054F00044491A46C3F500600D78039900EBC520B6
:10550000DFF814B19142584417D20593DDE9032125
:105510000192FFF71DF8019A4FF04041059B9B1A3D
:105520003B803B4BC3F88410BFF34F8F029800239E
:105530001044237007B0BDE8F08F0499FFF708F816
:1055400000230BEBC5214FF400620198FFF738FEF2
:105550000BEBC521BFF34F8F01F1200201F5006372
:10556000934294BF012340234FF0E02201EB431309
:10557000C2F8701F20318B42FAD1BFF34F8FBFF3B7
:105580006F8F04200199FFF733FE1E4A1378013311
:10559000DBB2042B28BF002313703B88039AD11A77
:1055A000029A1A4403910292049A1A440023049224
:1055B000174A3B80C2F88430BFF34F8F2370002915
:1055C0007FF463AF029807B0BDE8F08F4FF400623C
:1055D0000C4B8AF800001D7813463A808DE70123B2
:1055E00002988AF8003007B0BDE8F08F1A46C3F57C
:1055F000006082E70846E6E7C125012096250120E4
:1056000050210120C025012020040120C3250120B4
:1056100000002E40BF250120C0212020704700BF80
:105620002D4B002180222D4870B51B7800242C4E74
:105630008B420CBF40234FF400732A4D33802B80E4
:1056400005F088FA284A2146284B14704FF48072DE
:1056500027481C8005F07EFA264A1021264B02209E
:10566000C2E90044C2E90244244AC3E90044147078
:10567000234AC3E90244234B1C702346146022468C
:10568000FFF768FD204B224631880320FFF730FDED
:105690002346012229880420FFF75CFD20460134BF
:1056A000FFF7FEFD082CF9D1184B00214A221848BB
:1056B000184C0460C3F88410C3F88020D3F8482144
:1056C000154942F08072C3F8482121B1134A13787A
:1056D00043F00103137070BDC42501202004012094
:1056E000922501209A250120C02501209625012020
:1056F000200301200C1401201C140120BA250120D4
:1057000008140120BB2501202DF0010000002E40CF
:1057100088240120E9F0010000000000C7250120D5
:105720002DE9F84F4FF400324FF0E023C3F88C21FD
:105730002B4B1C78002950D082468B46E4B20027C0
:10574000DFF8B490274B5046274AABEB07081B788D
:10575000A34204F1010437D0092C244B244928BF6B
:1057600000241E5D39F8163031F8165003EB46213F
:10577000ED1A1144A8452A4617D21E4C42465046FF
:10578000FEF7E6FE236839F816105846A3EB0B0324
:1057900088443B4429F8168023604FF0E0234FF4FF
:1057A0000032C3F80C21BDE8F88FFEF7D1FE114A94
:1057B0002F4430461368AA445B1B1360084A1470D8
:1057C000FFF76EFDBB45BDD84FF0E0234FF400322C
:1057D0003846C3F80C21BDE8F88F0846DDE700BF66
:1057E000BB250120BA250120C01120202C14012046
:1057F0000C140120081401201C1401200B4B0C4A2E
:1058000012781978D3B28A420DD0013309480A4A76
:10581000092B0A4928BF0023C35C31F8131002EB9F
:105820004323585C70474FF0FF307047BA25012082
:10583000BB2501202C140120C01120201C140120A4
:10584000054B186800B1704700B583B0019000F0B7
:10585000DDF8019803B000BD081401202DE9F84FD0
:10586000144E154D33782A78934220D0DCB2DFF8FD
:105870005090DFF850B0DFF85080104F0134082C02
:10588000A24601D90024A24619F80400DBF8003032
:1058900038F8102037F81010521A9B1ACBF8003045
:1058A000FFF7FEFC86F800A02B78A342E6D1BDE806
:1058B000F88F00BFBB250120BA2501201C14012050
:1058C0002C140120081401200C14012000B583B011
:1058D00001210DF10700FFF723FF18B19DF8070024
:1058E00003B000BD4FF0FF30FAE700BF084B00B532
:1058F00083B01B788DF8070033B101210DF107004B
:10590000FFF7B2FD03B000BD03F0FF0003B000BD20
:10591000C3250120034B1B780BB1FFF7A5BD03F096
:10592000FF007047C32501202DE9F04100240D4EF2
:1059300001230D4DA0460D4F33703B782846A342FE
:1059400005D0FFF77BFC030658BF08F5006801345B
:105950002035042CF1D1BFF34F8F00234046337024
:10596000BDE8F081C125012020040120C0250120CF
:10597000204B1B7813B1204B1A8802B970471F4B7C
:10598000C2F500621E481F4930B51B7883B01E4C1B
:1059900000EB431001EBC3210123054623700023D4
:1059A000CDE90012FFF70CFCDDE900120A44BFF359
:1059B0004F8F4FF0E023C3F8701F20318A42FAD88E
:1059C000BFF34F8FBFF36F8F04202946FFF710FC02
:1059D0000A49002208480B7802800133DBB2042B0D
:1059E00028BF13460B70BFF34F8F074B1A7003B0DD
:1059F00030BD00BFC325012096250120C025012010
:105A000020040120C0212020C12501202E4B2DE99A
:105A1000F0411E7886B1DFF8C88098F800305BB995
:105A20000123F10788F8003040D4B20727D40023BF
:105A300088F80030730701D4BDE8F081234B1A6861
:105A4000002AF9D0EFF30582002AF5D1EFF3108593
:105A500072B61868002830D01D4C217800292CD14E
:105A60000122227042691A60002A2AD0916105B988
:105A700062B600258368457798472570DCE7154BAB
:105A80001B78002BD3D0144F002557F8044F236800
:105A900020461B69984710B163699B6898470D4B76
:105AA00001351A78EBB29A42EFD8C0E7FFF7C8FE8B
:105AB0000028BAD0AFF30080B7E7002DBCD162B6A2
:105AC000BAE7064B1A60D2E7C7250120BC0A0120BD
:105AD0009D2501209E250120BC020120C80A01202D
:105AE0009F25012070B5EFF3108272B60C4C206830
:105AF00080B10C4E00254369236073B19D6102B9EA
:105B000062B6836845779847EFF3108272B62068D3
:105B10000028F0D102B962B670BD3360EFE700BF74
:105B2000C40A0120C00A0120FFF7DCBF0449054A6E
:105B30004968054B1960136801331360704700BF53
:105B4000001000E050210120482101200846FFF705
:105B5000CDBE00BF044B022888BF0346D3F800C067
:105B60001846DCF804301847A0EE002001F1FF3C95
:105B700070B566464FF0000E01E00EF1010EB0FB6D
:105B8000F2F402FB1403092B03F1370598BF03F16C
:105B900030059042204606F8015FEED201EB0E037D
:105BA00000225A70BEF1000F11D0481C70440CF155
:105BB00002021CF8014F10F8015DA1EB0C03521A10
:105BC0008CF80050013B047073449A42EFDB0846A6
:105BD00070BD00BF10B500234FF470440F224FF486
:105BE000806EA0F88C411946A0F88E214FF46044D5
:105BF000A0F890310A46B0F8883148F2B82C43F04A
:105C0000F003A0F8883101EB4103013100EB4313AD
:105C100004299C80A3F806E05A841A865A805A8187
:105C2000A3F80EC05A82DA825A83DA83EBD1B0F835
:105C3000883143F00F03A0F88831B0F8883143F47D
:105C40007063A0F8883110BD374B384A996F3848D7
:105C500041F47F0170B5996741F20106D3F88010D5
:105C600045F6C05543F226040A43C3F88020FFF7E7
:105C7000B1FF00F58040FFF7ADFF00F58040FFF772
:105C8000A9FF00F58040FFF7A5FF0022A0F5031053
:105C90004FF00F0E114600EB42134FEA421C013247
:105CA0009981042A5981A3F80EE09E82DD8020F8B4
:105CB0000C1019829C81EED100221E484FF00F0E6D
:105CC00041F20106114645F6C05543F2260400EBA9
:105CD00042134FEA421C01329981042A5981A3F8E8
:105CE0000EE09E82DD8020F80C1019829C81EED19E
:105CF000002211480F2641F20105114645F6C05415
:105D000043F2260E00EB42134FEA421C0132998106
:105D1000042A5981DE819D82DC8020F80C101982D2
:105D2000A3F80CE0EED170BD00C00F40000003FCF2
:105D300000C03D4000001E4000401E4008B5D0E9B4
:105D400000325BB1BAB10F4BA3FB0213DB0803EBCC
:105D50004303B2EB83030AD1012008BD094BA3FB27
:105D60000213DB0803EB4303B2EB830301D0D21A27
:105D70004260F02AF0D806F05FFA1C2203460020A9
:105D80001A6008BDABAAAAAA30B583B060B30446B6
:105D900021B11D46B2FA82F35B09A2B9206818B39B
:105DA00062680AB3164B174902FB03F3B1EBB30F5A
:105DB0001AD3A368FBB9002323606360A360E36088
:105DC000012003B030BD0193069BC0E90012C360FF
:105DD000FFF7B4FF60B1002DF2D06268019920682E
:105DE000A56004F0B7FEEBE706F026FA1623036081
:105DF000002003B030BD002104F0ACFEDBE700BFA3
:105E0000ABAAAAAA55555515FFF728BDFFF7F6BC52
:105E1000FFF75CBDFFF714BDFFF7AABDFFF784BD18
:105E200008461146FFF776BD00F060BC00B52DEDC9
:105E3000028BB0EE408A83B000F052FCB4EE488A88
:105E4000F1EE10FA06D6DFED0C7AB4EEE78AF1EE49
:105E500010FA03D403B0BDEC028B00BDCDED017A86
:105E600006F0EAF9DDED017A87EEA70A2123036047
:105E700003B0BDEC028B00BD0000000010EE103A34
:105E8000104A23F00043934217D9B3F1FF4F02D3D6
:105E900030EE400A704700B583B0684600F0E4FE7B
:105EA000400000F00200DDED010A9DED000AC0F1A6
:105EB000010000F0FFFD03B000BDDFED030A01208B
:105EC00000F0F8BDDA0F493F0000000010EE103A74
:105ED000C3F3C752002BA2F17F01ACBF01204FF0EA
:105EE000FF301E290DDC00291ADBC3F31603162927
:105EF00043F400030ADD963A03FA02F202FB00F0D3
:105F00007047FDEEC07A17EE900A70474FF480029A
:105F10000A411A44C1F11701CA4002FB00F0704760
:105F2000013118BF002070470000000010EE101A69
:105F300010EE902AA1F5000C5000BCF1FE4F00F1CC
:105F4000FF336FF0807C7ED2634538BF002080F045
:105F5000B980BFEE001B01F1404303F54D03C3F3CD
:105F6000C3426FF31603C91A07EE901ADB15B7EE9A
:105F7000E75A07EE903AAF4B03EB021292ED024B59
:105F800092ED002B00B5A2EE051B93ED403B93ED87
:105F9000426B93ED442BA1EE036B93ED465BB8EEA1
:105FA000E77B37EE047B93ED484BA1EE025B2DEDD2
:105FB000028BA1EE047B21EE018BB7EEE00A28EE06
:105FC000083BA8EE057BA6EE037B20EE077B17EED1
:105FD000903A48F2BF01C3F3CF338B4283B04CD227
:105FE000B7EE000B944B93ED402B37EE023B13EED4
:105FF000102A33EE423B02F01F01801803EBC1026E
:1060000093ED424B37EE437B53F831C0D2F804E0B6
:1060100093ED446B93ED465BA7EE046B27EE074BC5
:10602000002111EB0C020EEBC033A7EE050B43EC85
:10603000172BA6EE040B20EE070BB7EEC00B03B038
:10604000BDEC028B00BD634580F0B1804B00581E53
:10605000604580F0938000294BDB0020B1F5000FF4
:10606000BFF477AFDFED757A20EE270A10EE103A15
:1060700023F00043A3F138616BE79FED666BB4EE4C
:10608000C67BF1EE10FA16DC9FED646BB4EEC67BB6
:10609000F1EE10FA43DD4FF04C53002860D001932D
:1060A000DDED016ABFEE006A76EE666AF4EE466ADE
:1060B000F1EE10FA94D003B0BDEC028B5DF804EB66
:1060C00000F0E6BA002869D0B1F17E5F3FD0B0F1B0
:1060D0007F4F69D14B00B3F1FE4F6FEA020234BF2C
:1060E00000230123D20F934200F08F809FED540ACA
:1060F0007047C2F3C7537E2B27D9962B64D8012053
:10610000C3F1960300FA03F3581E10421DD1134247
:1061100014BF01200020000421F000419EE79FED04
:10612000416BB4EEC67BF1EE10FA30D99FED3F6BB8
:10613000B4EEC67BF1EE10FA7FF552AF03B0BDECC2
:10614000028B5DF804EB00F09DBA00F0B9BA82F45E
:1061500080035B0013F5000F26D8B7EE000A7047E6
:106160000093DDED006AB7EE006A76EE866AF4EE23
:10617000466AF1EE10FA3FF433AF9CE7002920EEB7
:10618000000A23DB0020BBBB9A423CDB704703B014
:10619000BDEC028B5DF804EB00F06EBA81F4800375
:1061A0005B0013F5000FD8D930EE200A70470028A5
:1061B000F4D04B00B3F17F4FF6D8B0F17F4FF3D15D
:1061C000B3F1FE4F87D1C8E70020A5E7C2F3C7515E
:1061D000A1F17F001728D5D8C1F19600012101FA5D
:1061E00000F000F1FF3C1CEA020FCBD11040CAD0F6
:1061F000B1EE400A0846C6E7002AC7DAF7EE007A91
:1062000087EE800A704700F049BA20EEA00A704776
:10621000AFF3008071D5D1FFFFFF5F40E2AAA3FF7B
:10622000FFFF5F400000000000C062C000000000EF
:1062300000A062C0F8030020B00200200000004B64
:106240000000000010B510EE102AC2F30A53B3F597
:106250007D7FB7EEC06A84B01BD226EE067BB3F515
:10626000667F6CD326EE072B27EE021B714B93ED56
:106270001A3B93ED185B93ED164BA7EE035BA2EE72
:10628000046BB0EE460BA5EE010BB7EEC00B04B0ED
:1062900010BD40F22E418B4259D8664A92ED087BE0
:1062A00026EE077BFDEEC77B92ED0A5B17EE903A78
:1062B00003F500031B16990707EE903A54BF1146E9
:1062C00002F17001DC07B8EEE77BA7EE456B26EE26
:1062D000067B1DD403F0030302EBC30291ED185BB0
:1062E00092ED000B91ED1A3B26EE000BB0EE456BE4
:1062F00091ED164BA7EE036B20EE075B27EE057BB7
:10630000A5EE040BA6EE070BB7EEC00B04B010BD54
:1063100091ED144B27EE075B91ED126B91ED0E2B77
:10632000A7EE046B27EE054B91ED0C0B91ED103BA6
:10633000A7EE020BA5EE030BA6EE040BE4E712F0AA
:10634000FF4FE3D1B7EEC77B8DED037ADEE7B3F500
:10635000FF6F4CD2C2F38361374B8DED010A03EB23
:10636000810C53F82110C2F31603C2F3C25043F458
:1063700000038340DCF82000DCF810C003FB01F1CF
:10638000A3FB00E0E3FB0C0101F100539C0F03F0C1
:106390004043C91A01F038FB019A9FED246B04EBCE
:1063A000D27241EC170B900754BF224B234B27EEC0
:1063B000067BE10727EE076B1ED41E4901EBC202E4
:1063C00093ED185B93ED1A3B92ED000B93ED164B9A
:1063D00027EE000BB0EE457B20EE065BA6EE037BBE
:1063E000A5EE040B26EE056BA7EE060B8CE704B0BA
:1063F000BDE8104000F064B993ED144B26EE065B47
:1064000093ED127B93ED0E2BA6EE047B26EE054B4F
:1064100093ED0C0B93ED103BA6EE020BA5EE030BD8
:10642000A7EE040B70E700BFAFF30080182D4454B3
:10643000FB21193C20050020F00A002090050020D7
:106440000000000010EE102AC2F30A53B3F57D7F5E
:10645000B7EEC07A1ED2B3F5667F72D327EE077B04
:1064600027EE071B734B93ED142B93ED125B93ED0B
:106470000E3BA7EE025B27EE012B93ED0C6B93ED29
:10648000104BA7EE036BA1EE046BA5EE026BB7EE0B
:10649000C60B704740F22E418B4255D8654A92EDAB
:1064A000086B27EE066BFDEEC66B92ED0A5B16EEEF
:1064B000903A03F500031B16990706EE903A54BF75
:1064C000114602F17001D807B8EEE66BA6EE457BE7
:1064D00027EE076B1CD503F0030302EBC30291ED1B
:1064E000185B92ED000B91ED1A3B27EE000BB0EE1E
:1064F000457B91ED164BA6EE037B20EE065B26EE68
:10650000056BA5EE040BA7EE060BB7EEC00B7047AC
:1065100091ED144B26EE065B91ED127B91ED0E2B67
:10652000A6EE047B26EE054B91ED0C0B91ED103B96
:10653000A6EE020BA5EE030BA7EE040BB7EEC00B05
:106540007047B7EE000A7047B3F5FF6F53D2C2F33E
:106550008361394B03EB810C53F82110C2F316030E
:10656000C2F3C25043F4000310B58340DCF82000AE
:10657000DCF810C003FB01F1A3FB00E0E3FB0C011E
:1065800001F1005382B09C0F03F04043C91A8DED16
:10659000010A01F039FA019A9FED246B04EBD272E3
:1065A00041EC170B900754BF224B244B27EE067B80
:1065B000E10727EE076B20D51E4902F0030201EB2D
:1065C000C20293ED185B92ED000B93ED1A3B27EEA0
:1065D000000BB0EE457B93ED164BA6EE037B20EE51
:1065E000065B26EE056BA5EE040BA7EE060BB7EED9
:1065F000C00B02B010BD00F063B893ED144B26EE53
:10660000065B93ED127B93ED0E2BA6EE047B26EE3C
:10661000054B93ED0C0B93ED103BA6EE020BA5EE94
:10662000030BA7EE040BE2E7AFF30080182D4454F0
:10663000FB21193C20050020F00A002090050020D5
:1066400010B582B08DED010A044605F0F5FD9DED13
:10665000010A046002B010BD30B1F1EE407A27EEBD
:10666000800A2220FFF7ECBFF0EE407A27EE800A86
:106670002220FFF7E5BF00BF9FED010AFFF7ECBF47
:10668000000000109FED010AFFF7E6BF0000201A8E
:106690009FED010AFFF7E0BF000000709FED070AC1
:1066A000F7EE007ABFEE007A00284FF0220047FE96
:1066B000877A87EE800AFFF7C3BF00BF00000000A3
:1066C00070EE407AB4EE400A87EEA77AF1EE10FA47
:1066D000B0EE470A02D62120FFF7B2BF704700BFD5
:1066E000B1EEC00A704700BF0000000070B5B0EE08
:1066F000407B84B08DED001BDDE9002053425F49F3
:1067000020F0004E13434EEAD3738B423ED810EE76
:1067100010CA17EE904ACCF10003264643EA0C0358
:1067200024F0004444EAD3738B422FD800F1404355
:1067300003F58013134336D0831703F002035CEA9A
:10674000040C43EAD67327D052EA0E0230D08E45AD
:106750003CD08C422CD0A4EB0E02B2F1747F4FEAF5
:10676000225130DA00283DDA3C313BDA9FED350B1F
:10677000012B4DD0022B42D063B19FED346B9FEDC6
:10678000357B30EE460B30EE470B03E09DED006BA2
:1067900036EE070B04B070BD022B0ED0032BF9D1DF
:1067A0009FED2E0BF6E704B0BDE8704000F06EB828
:1067B000002E05DB9FED2B0BECE79FED260BE9E7A9
:1067C0009FED2A0BE6E79FED270BD1E7744503F118
:1067D000FF3326D0022B2CD8294A02EBC30393EDBA
:1067E000000BD7E7B0EE470B9DED007B80EE070B6B
:1067F000039300F055F900F049F8039BB8E79FEDCB
:10680000136B9FED147B30EE460B37EE400BC1E768
:1068100010EE901A53EC102B01F1004343EC102BB7
:10682000B8E7022B08D8174A02EBC30393ED000B1D
:10683000B0E79FED040BADE79FED0E0BAAE700BF9D
:10684000AFF300800000000000000000075C14337C
:1068500026A6A13C182D4454FB210940182D445470
:10686000FB2109C0182D4454FB21F93F182D445435
:10687000FB21F9BF182D4454FB21E93F0000F07FB4
:10688000980200208002002000000000B0EE407B53
:1068900017EE902A7B4922F000438B4209D97A49AE
:1068A0008B4261D85CD0002A40F386809FED590B63
:1068B000704700B575492DED048B8B4283B062D8CB
:1068C000A1F1DE718B4252D94FF0FF339FED539B04
:1068D00027EE075B25EE056B9FED528B9FED530B6B
:1068E000A6EE098B9FED532B9FED544B9FED559BCF
:1068F0009FED561BA6EE090BA0EE062B9FED553B18
:10690000A2EE064BA8EE061B9FED542BA1EE063B14
:10691000A3EE062B9FED533BA4EE063B9FED534B9E
:10692000591CA2EE064B23EE066BA4EE056B26EE79
:10693000076B4AD05649574801EBC30100EBC3032C
:1069400093ED004B91ED000B36EE446B36EE476B4A
:10695000002A30EE460B32DB03B0BDEC048B00BDE9
:1069600010EE103A002B9ED037EE070B70479FEDCC
:10697000416BB7EE005B30EE066BB4EEC56BF1EE2B
:1069800010FAA1DDE8E7CDE9003200F089F84249CC
:10699000009B019A8B421ED8A1F550218B422FD823
:1069A000B0EE007BBFEE006B30EE075BA0EE076B36
:1069B000002386EE057B89E79FED300B7047B1EE33
:1069C000400B03B0BDEC048B00BD37EE460B03B0AB
:1069D000BDEC048B00BD31498B420BD2B7EE087B76
:1069E000B7EE006B30EE475BA0EE076B022385EE3F
:1069F000067B6BE7BFEE006B032386EE007B65E74B
:106A0000B7EE007B012330EE475B30EE070B85EEDF
:106A1000007B5BE7182D4454FB21F93F11DA22E398
:106A20003AAD903FEB0D76244B7BA93F9AFDDE52A9
:106A30002DDEADBF6D9A74AFF2B0B3BF711623FEF9
:106A4000C671BCBF2F6C6A2C44B4A2BF513DD0A00C
:106A5000660DB13F6E204CC5CD45B73FFF83009218
:106A60002449C23FC4EB98999999C9BF0D55555512
:106A70005555D53F9C7500883CE4377E182D44540D
:106A8000FB21F9BFFFFF0F440000F07FFFFFDB3F5A
:106A90000006002020060020FFFFF23F0080034098
:106AA00010EE901A53EC102B21F0004343EC102B06
:106AB000704700BF08B510EE103A23F00042B2F163
:106AC000465FF0EE407A0FD2BDEEC07A17EE101A94
:106AD000F9B9431C134300F09E80012803D0BFEE98
:106AE000007A87EE270A08BD4E498A4211D39FEDEE
:106AF0004E7ADFED4E6A002BBCBFF1EE600AF1EE7C
:106B0000407A77EE677A36EEE07ADFED490A77EE83
:106B1000277A67EEA76ADFED474ADFED475A9FED18
:106B2000475A9FED476A3F4926EEA67A8A42E7EE2A
:106B3000245AA7EE056ADFED434A9FED435AE5EE7E
:106B4000874AA6EE075ADFED415A9FED416AE4EE0F
:106B5000875AA5EE076ADFED3F4A9FED3F5AE5EE03
:106B6000874AA6EE075A9FED3D6ADFED3D5AA4EE37
:106B7000876AE5EE075AB0EE467AA5EEA67A27EECA
:106B8000A65AB0EE606AA7EE056ADFED364AE6EE79
:106B9000260AE5EE240A37EEA00A1ED20128A2D06A
:106BA000BFEE007AC7EE006A10EE103A6FF30B03E7
:106BB00006EE103A16EE903A76EE677A6FF30B0314
:106BC00000EE103A70EEE70AF7EE007AE6EE007A91
:106BD000E0EE807AA7EEA60A08BD07EE100AF8EEEE
:106BE000C76A20EE007A30EE260A9B1787EE006A0D
:106BF00003F00203C3F10103F0EE005A36EE606ABF
:106C000007EE103A77EEC67AB8EEC77AE7EEE56A95
:106C100026EE870A08BD00F05DF9B7EE007A87EE30
:106C2000000A08BD40A12C3FDA0F493F68212233FA
:106C3000000000005FAE9BB745F4A3388453D937FA
:106C40007AC09538C8261A3AB937813916696B3B2C
:106C500048DEBE3AA427B33C1F37113C8988083E62
:106C6000D10D5D3DABAAAA3E10B510EE104A8B4A7D
:106C700024F00043934288B070D9894A934222D8C5
:106C800024F00043002C9FED877A874A23F00F03FE
:106C900040F3EB80934270EE477A09BF9FED837A11
:106CA000DFED836ADFED836A77EEC77A37EEE67A47
:106CB00077EEC77A80ED007A77EEE67AC0ED017A5A
:106CC000012008B010BD7C4A9342014654D9B3F16B
:106CD000FF4F4AD2DA15863AA3EBC25307EE903A39
:106CE000BDEEE77ADFED756AB8EEC77A77EEC77A60
:106CF0008DED057A67EEA67ABDEEE77AB8EEC77A33
:106D000077EEC77A8DED067A67EEA67AF5EE407AD1
:106D1000F1EE10FACDED077A40F09280B5EE407AB0
:106D2000F1EE10FA40F08E800123654801900220B8
:106D3000009005A8029100F0D5F8002C0299C0DA65
:106D400091ED007AD1ED017AB1EE477AF1EE677AF2
:106D500081ED007AC1ED017A4042B2E7002380ED77
:106D6000000A4360002008B010BD70EE407AC0ED0C
:106D7000017AC0ED007AF5E7CDE9023000F0AAF81B
:106D80009FED507A9FED476AF6EE007AE0EE077AC3
:106D9000DDE90231FDEEE77A9FED457AF8EEE76A2C
:106DA00017EE900AA6EEC60A1F2866EE877A30EE26
:106DB000677A20DCDFF818C100F1FF3E24F00042C2
:106DC0005CF82EC022F0FF02624514D081ED007AFB
:106DD00030EE470A002C30EE670A81ED010ABFF65B
:106DE00070AFB1EE477AB1EE400A81ED007A81EDE5
:106DF000010A404265E717EE102AC2F3C752C2EB00
:106E0000D352082AE2DD9FED297ADFED2A5AB0EE4F
:106E1000406AA6EEC76A70EE467AE6EEC77AD6EE0C
:106E2000A57A36EE677A17EE102AC2F3C752C2EB84
:106E3000E353192B08DCB0EE460A81ED007AC7E770
:106E4000032372E7022370E79FED1F7ADFED1F5ADD
:106E5000B0EE460AA6EEC70A76EE407AE6EEC77AAC
:106E6000D6EEA57A30EE677AB0E7934270EE077AF5
:106E700009BF9FED0E7ADFED0E6ADFED0E6A77EE49
:106E8000877A37EEA67A77EEC77A80ED007A77EECA
:106E9000A67AC0ED017A4FF0FF3012E7D80F493FD4
:106EA000E3CB1640800FC93FD00FC93F00443537B0
:106EB0004344353708A3852E800F494300008043A3
:106EC00050E4002084F9223F00A3852E32318D2426
:106ED000B4E2002010EE103A23F0004300EE103A26
:106EE000704700BF2DE9F04F2DED048BDBB01C4641
:106EF0000393814613466898CB4A04F1FF381C1D62
:106F000052F82050C0F26682DA1E48BF1A1DD21015
:106F100004920132D2000692069A15EB0806A3EB02
:106F200002021BD404989FEDC47A699F0136A0EB3E
:106F3000080006441EAC9C460028A4BF57F8203029
:106F400007EE903A00F10100ACBFF8EEE77AF0EE00
:106F5000477AB042E4EC017AEED16346002DC0F2EC
:106F6000EC800398B8F1000F0DF58C7C464605EBDC
:106F7000000EB8BF0024C0F2D38003981EAF07EB09
:106F80008007840009EB8000DFEDAB7ABB46CA4680
:106F9000FAEC016A3BED017A8245E6EE877AF7D199
:106FA00001367645ECEC017A07F10407ECD109A82B
:106FB000CDE9071300EB85000DF1280A9FED9B9AA0
:106FC000DFED9B8A05904C440AEB8507AB4646AE45
:106FD000019510460DEB8B03BBF1000F93ED460AB4
:106FE0004FEA8B0515DD7319524660EE097AB0EE53
:106FF000407AFDEEE77A73ED016AF8EEE77AB34284
:10700000A7EEE87A37EEA60ABDEEC77AA2EC017ABF
:10701000EBD1029000F0B2FAB0EE408AB4EE000A72
:1070200028EE000A00F018FBF2EE007AA0EE678A64
:1070300002980028FDEEC89AF8EEE97A38EE678AE1
:107040007EDD0BF1FF31C0F108035AF821E04EFA62
:1070500003FC0CFA03F3AEEB030EC0F1070219EECA
:10706000903A4EFA02F26344002A09EE903A4AF846
:1070700021E000F3FA80B5EE408AF1EE10FA70D10B
:10708000019B9B450CDD0AEB05030021944653F858
:10709000042DBB4241EA0201F9D1002940F04681AA
:1070A000019B013B0BF1010E5AF82330002B40F0FD
:1070B0003B81059B012153F8042D0131002AFAD0B0
:1070C0005944049B03EB0B02039B5B440293699BB3
:1070D00003EB820B029B0DF1780C0CEB830C47AB9E
:1070E0001D44DBED017AF8EEE77AB8F1000F0BF101
:1070F000040BECEC017ADFED507A09DB62464B467B
:10710000F3EC016A32ED017AA342E6EE877AF7D119
:107110000EF1010E8E45E5EC017AE2DD8B4659E772
:10712000701C7045CCF8004006F1020605D0B6454B
:10713000CCF804400CF1080CF2D10398840036E737
:1071400000F0D980F6EE007AB4EEE78AF1EE10FA9C
:1071500080F22E81B5EE408AF1EE10FA4FF0000277
:107160008ED0CDE90220089B069A0799019D0191D6
:10717000D01AB0EE480A00F001FA9FED2D7A01997D
:10718000039AB4EEC70AF1EE10FAC0F29781DFED70
:10719000277A60EE277A0BF10104FDEEE77A0832D8
:1071A000F8EEE77AA7EEC70AFDEEE77ABDEEC00A71
:1071B00010EE103A4AF82B3017EE903A4AF8243085
:1071C0001046B7EE000A019100F0D8F9002C0199A1
:1071D000B0EE407AC0F29D810AF1040347A8DFEDCA
:1071E000136A03EB840300EB8400A2000DF58C7C92
:1071F00073ED017AF8EEE77A534567EE877A27EE6A
:10720000267A60ED017AF3D1002D0DF1C80EC0F29F
:10721000998194442746F04600269146054ADFEDC1
:10722000067A6046002311E00CE200200000803B5B
:1072300000008043FC09002000000000F2EC016A1D
:10724000B0EC017A9D42E6EE877A03DB9E4203F1C1
:107250000103F3DA013F7B1CC8ED007A7ED008F110
:1072600004080136ACF1040CD8E70133BBF1000F80
:1072700009EE903A40F3438151464FF0000E51F829
:10728000043B3BBB0EF1010EF345F8DC9E460028A3
:107290000CDD012800F08380022807D10BF1FF31BB
:1072A0005AF8213003F03F0C4AF821C0022A7FF43B
:1072B000E2AEB7EE000A30EE488ABEF1000F3FF4AE
:1072C000DAAE0992029000F059F90298099A38EE64
:1072D000408AD0E6C3F5807341F8043C04E00B68B3
:1072E000C3F1FF0341F8043B0EF1010EF345F6DC58
:1072F0004FF0010ECBE70BF1FF335AF82320D211E8
:10730000002A7FF7B8AE19EE903ABBF1000F03F1F7
:10731000010309EE903AAFDC022A7FF4ACAEF7EE3F
:10732000007A37EEC88AA6E67146CAE60BF1FF344A
:10733000A0F108025AF824300799CDF808C0284671
:10734000019D002B7FF43CAF034609A8034453F88A
:10735000040D013C083A0028F9D031E74A46689B01
:10736000022B62DC002B3ADC10D10EF104035FED3E
:107370004E7A134433ED017A9E4577EE877AF9D140
:10738000029B002B40F0AB80C1ED007A19EE903AE1
:1073900003F007005BB0BDEC048BBDE8F08F0BF190
:1073A000FF315AF8213003F07F0C4AF821C07DE705
:1073B00019EE903ABBF1000F03F1010309EE903A88
:1073C000C8BF02223FF758AFF7EE007A37EEC88AFF
:1073D000022250E608220692002204929CE50EF159
:1073E0000403DDED327A1FED6C7A1A4452ED016A26
:1073F0001346043A964537EE267AF7D1029A002AC8
:1074000064D177EEC77A81ED007A5CB10122B3ECEA
:10741000017A0132944277EE877AF8DA029B0BB157
:10742000F1EE677AC1ED017AB0E7689B032BADD12D
:10743000002C00F084800EEB020696ED007A3046B8
:10744000354655ED017AF0EE476A37EE277A2B463E
:1074500077EEC77A043D77EEA67AAE45C3ED007AA3
:1074600003ED017AEDD1012C69D096ED007A70ED33
:10747000017AF0EE476A37EE277A834277EEC77AD1
:1074800080ED007A77EEA67AC0ED017AEFD15FED5C
:10749000967A1A44043332ED017A934277EE877A72
:1074A000F9D1029BDDED326A9DED337AD3B9C1ED9E
:1074B000006A81ED017AC1ED027A67E7BDEEC00A8C
:1074C0005C4610EE103A4AF82B3079E6F1EE476A46
:1074D00077EEC77AC1ED006A002C97D1A0E7F1EEF4
:1074E000677A51E7F1EE666AB1EE477AF1EE677AB4
:1074F000C1ED006A81ED017AC1ED027A46E701280B
:1075000011D002287FF408AF0EF03F034AF8213073
:1075100002E7689B022B0EDC002B21DC7FF436AFE8
:107520005FEDBB7A2CE70EF07F03022A4AF8213088
:107530007FF4A1ADF3E6689B032B7FF427AFDFED6B
:107540000E7AAEE70025204673461D6000283FF402
:1075500006AF0238461C5D6003F10803F5D1FEE674
:10756000029BDDED327A1BB14FF000430B6057E711
:1075700000230B6056E700BF0000000010EE103A39
:1075800033F000411A4625D0B1F1FF4F1FD213F05E
:10759000FF4F20D1DFED297A294A60EE277A904209
:1075A00017EE903A31DB4CF2503CC3F3C7516045C3
:1075B0001A46A1F1190114DD002BDFED227A9FEDAF
:1075C000210AB8BFDFED207A27EE800A704730EE3F
:1075D000000A704770474CF2503C60454FEAD15169
:1075E000EADC0844FE28E7DC002815DC10F1160F61
:1075F00019DB193022F0FF4242EAC05207EE902A0E
:107600009FED120A27EE800A7047DFED117A07EE30
:10761000103A27EE270A704722F0FF4242EAC05391
:1076200000EE103A7047002BDFED097A9FED080A53
:10763000B8BFDFED087A27EE800A70470000004CE3
:10764000B03CFFFFCAF24971CAF249F100000033B1
:107650006042A20D6042A28D10EE101AC1F3C75213
:107660007F3A162A21F000431BDC002A1FDB1B484F
:107670001041014224D0DFED1A7A70EE277AF5EE40
:10768000C07AF1EE10FA1BDD4FF4000313410B44F6
:1076900013EA210338BF0B4623EA000300EE103A39
:1076A0007047B3F1FF4F0BD330EE000A7047DFEDA8
:1076B0000C7A70EE277AF5EEC07AF1EE10FA00DC63
:1076C0007047002902DB9FED070A704713B99FED51
:1076D000060A7047BFEE000AF2E700BFFFFF7F0017
:1076E000CAF24971000000000000008081F00041F2
:1076F00002E000BF83F0004330B54FEA41044FEA97
:10770000430594EA050F08BF90EA020F1FBF54EA31
:10771000000C55EA020C7FEA645C7FEA655C00F0CD
:10772000E2804FEA5454D4EB5555B8BF6D420CDD9E
:107730002C4480EA020281EA030382EA000083EA21
:10774000010180EA020281EA0303362D88BF30BDC1
:1077500011F0004F4FEA01314FF4801C4CEA113117
:1077600002D0404261EB410113F0004F4FEA033376
:107770004CEA133302D0524263EB430394EA050F01
:1077800000F0A780A4F10104D5F1200E0DDB02FA70
:107790000EFC22FA05F2801841F1000103FA0EF204
:1077A000801843FA05F359410EE0A5F120050EF1CA
:1077B000200E012A03FA0EFC28BF4CF0020C43FAFB
:1077C00005F3C01851EBE37101F0004507D54FF008
:1077D000000EDCF1000C7EEB00006EEB0101B1F558
:1077E000801F1BD3B1F5001F0CD349085FEA30009E
:1077F0004FEA3C0C04F101044FEA445212F5800FA9
:1078000080F09A80BCF1004F08BF5FEA500C50F145
:10781000000041EB045141EA050130BD5FEA4C0C28
:10782000404141EB0101013C28BFB1F5801FE9D285
:1078300091F0000F04BF01460020B1FA81F308BFA8
:107840002033A3F10B03B3F120020CDA0C3208DD74
:1078500002F1140CC2F10C0201FA0CF021FA02F14F
:107860000CE002F11402D8BFC2F1200C01FA02F1BF
:1078700020FA0CFCDCBF41EA0C019040E41AA2BFE4
:1078800001EB0451294330BD6FEA04041F3C1CDAAC
:107890000C340EDC04F11404C4F1200220FA04F0CC
:1078A00001FA02F340EA030021FA04F345EA030176
:1078B00030BDC4F10C04C4F1200220FA02F001FA38
:1078C00004F340EA0300294630BD21FA04F02946BA
:1078D00030BD94F0000F83F4801306BF81F4801153
:1078E0000134013D4EE77FEA645C18BF7FEA655CC6
:1078F00029D094EA050F08BF90EA020F05D054EA98
:10790000000C04BF1946104630BD91EA030F1EBF9C
:107910000021002030BD5FEA545C05D140004941A0
:1079200028BF41F0004130BD14F580043CBF01F593
:10793000801130BD01F0004545F0FE4141F4700179
:107940004FF0000030BD7FEA645C1ABF1946104654
:107950007FEA655C1CBF0B46024650EA013406BF55
:1079600052EA033591EA030F41F4002130BD00BF14
:1079700090F0000F04BF0021704730B54FF48064D1
:1079800004F132044FF000054FF0000150E700BF52
:1079900090F0000F04BF0021704730B54FF48064B1
:1079A00004F1320410F0004548BF40424FF000019E
:1079B0003EE700BF42004FEAE2014FEA31014FEAE1
:1079C00002701FBF12F07F4393F07F4F81F0605130
:1079D000704732F07F4208BF704793F07F4F04BF7B
:1079E00041F40021704730B54FF4607401F0004558
:1079F00021F000411CE700BF50EA010208BF7047B8
:107A000030B54FF000050AE050EA010208BF7047A8
:107A100030B511F0004502D5404261EB41014FF411
:107A2000806404F132045FEA915C3FF4D8AE4FF019
:107A300003025FEADC0C18BF03325FEADC0C18BFFC
:107A4000033202EBDC02C2F1200300FA03FC20FA4D
:107A500002F001FA03FE40EA0E0021FA02F114449A
:107A6000BDE600BF53B94AB9002908BF00281CBFB2
:107A70004FF0FF314FF0FF3000F09CB9ADF1080C32
:107A80006DE904CE00F006F8DDF804E0DDE902233C
:107A900004B070472DE9F04782B00646DDF828E0D3
:107AA0000846B4460D46002B4ED18A4214466DD985
:107AB000B2FA82F242B1C2F12003954026FA03F3F2
:107AC00094401D4306FA02FC260CA7B2B5FBF6F162
:107AD0004FEA1C4306FB115543EA054301FB07F03F
:107AE000984209D9E31801F1FF3580F003819842EB
:107AF00040F20081023923441B1A1FFA8CFCB3FBAD
:107B0000F6F006FB10334CEA034C00FB07F3634529
:107B10000AD914EB0C0C00F1FF3580F0ED806345C1
:107B200040F2EA80A444023840EA0140ACEB030C86
:107B30000021BEF1000F04D02CFA02F30022CEE99E
:107B4000003202B0BDE8F0878B4209D9BEF1000FC8
:107B500001D0CEE900610021084602B0BDE8F087FF
:107B6000B3FA83F1174600294DD1834202D3B242C2
:107B700000F20F81B6EB070C60EB030301201D46FA
:107B8000BEF1000FDDD0CEE900C5DAE7002A00F033
:107B900098801A46B4FA84F3002B40F0AF800B1B98
:107BA000270CA6B20121B3FBF7F54FEA1C4007FBF7
:107BB000153340EA034306FB05F8984507D9E31857
:107BC00005F1FF3002D2984500F2E8800546A3EBAC
:107BD00008031FFA8CFCB3FBF7F007FB10334CEAE9
:107BE000034C06FB00F3634508D914EB0C0C00F1C1
:107BF000FF3602D2634500F2CE803046ACEB030C78
:107C000040EA054095E7C1F120058B4022FA05FCCA
:107C10004CEA030C00FA01F426FA05F3E84002FAF4
:107C200001F943EA04084FEA1C4206FA01FAB0FBE4
:107C3000F2F71FFA8CF602FB17004FEA184444EAE9
:107C4000004407FB06F0A0420AD91CEB040407F12C
:107C5000FF3380F09C80A04240F29980023F644450
:107C6000241A1FFA88F3B4FBF2F002FB104443EA33
:107C7000044300FB06F69E4209D91CEB030300F106
:107C8000FF3480F082809E427FD90238634440EA0C
:107C90000740A0FB09749B1BA3423E46A04664D349
:107CA00061D0BEF1000F0AD0BAEB060263EB080305
:107CB00003FA05F5CA401543CB40CEE90053002135
:107CC0003FE7730843EAC1734A08190C41EA0241CD
:107CD0004FEAC67C9BB2B2FBF4F02646A04627468C
:107CE0001F2243EA0143B1FBF4F1A3EB080341EA8D
:107CF000004158E72946FFE6284615E71A46C3F132
:107D000020019C4026FA01F320FA01F19040034340
:107D1000270C06FA02FCB1FBF7F0A6B207FB101520
:107D2000190C41EA054100FB06F58D423BD961186B
:107D300001D28D4220D8491B0138B1FBF7F50195DE
:107D400005FB06F8019D9BB207FB151143EA0143B1
:107D5000434526D2E31805F1FF31C6D24345C4D2CC
:107D6000A91E2344C1E7BA459BD2B7EB090664EBD1
:107D70000C040138A04694E7651B29440238B1FB86
:107D8000F7F5019505FB06F8DCE720467FE71F467F
:107D900066E70846F4E6A44402382FE7023D234490
:107DA00015E70199A1E7491BB1FBF7F5019505FB23
:107DB00006F8C7E7704700BF00B50B4C246886463D
:107DC00085B0E0689C460C4652B108490094CDE964
:107DD000011273460649624601F068F8FCF776FD29
:107DE00004490A46F2E700BF1CF10020B0E0002081
:107DF000C0E00020949F0020DFF80CC00A46014636
:107E0000DCF8000000F002B81CF1002010B5A1FB66
:107E1000021482B074BB00F045F8034670B350F80A
:107E2000042C22F00302043A242A10D8132A16D96B
:107E30001B2AC0E900441AD9242AC0E902440ABF17
:107E4000C0E9044400F1100100F1180108E02146E6
:107E5000019002F07FFE019B184602B010BD014662
:107E600000221846C1E900228A6002B010BD00F16C
:107E70000801F5E704F0E0F90C230360002318463D
:107E800002B010BD024B0146186800F00BB800BFED
:107E90001CF10020024B0146186804F009BD00BF28
:107EA0001CF100202DE9F04F01F10B02162A85B0DC
:107EB000804624D8102900F2AB8000F0C9FA0225D0
:107EC00018211022B74C2144A1F108004E688642C7
:107ED00000F062817268F168B46822F003023244F3
:107EE000E1608C60516841F001014046516000F052
:107EF000B5FA06F10804204605B0BDE8F08F32F06F
:107F0000070200F18580914200F28280019200F028
:107F10009FFA019AB2F5FC7FC0F0BA81570A7FD070
:107F2000042F00F27281970907F139052BB207F18E
:107F3000380CDB009B4C2344A3F108065B689E428F
:107F400007D10DE00028DF6880F21381BE4207D020
:107F50003B46596821F00301881A0F28F2DD654677
:107F6000236991498B4200F0F1805E6826F0030698
:107F7000B11A0F2900F391818B480029C4E904004C
:107F800080F27981B6F5007F676880F01981F10889
:107F900001310FFA81FC76090121B14054F83C000F
:107FA00098600F4304EBCC010839D960676044F84E
:107FB0003C30C360AB1001269E40BE4236D83E42E4
:107FC00006D125F0030576003E4205F10405FAD0FE
:107FD00004EBC50A04EBC507A946F9680EE048683A
:107FE00020F0030EAEEB020CBCF10F0F0B46C9687C
:107FF00000F31881BCF1000F80F22D818F42EED189
:1080000009F1010919F0030F07F10807E5D17FE134
:108010000C23C8F800300024204605B0BDE8F08FDE
:108020004FF4007340254FF03F0C83E7A768796851
:1080300021F0030393429A4603D3991A0F2900F3C0
:1080400087805A495A4E0968103111440820CDE9F9
:10805000011204F029F901994B1E0344454283465D
:1080600030681D40B0F1FF3F18BF294640460191DE
:1080700004F0BAF8411C0546DDE9011200F02B813D
:1080800007EB0A0C844500F224814A4B186800EB88
:1080900001090BF1FF3EC3F8009000F089813068C0
:1080A00001301BBFA5EB0C0C09EB0C003560186010
:1080B00015F00700814600F04881C0F10800054432
:1080C000CDE901236B1803EA0E015844401A00EA77
:1080D0000E06314640469B4604F086F8421CDDE918
:1080E000012300F09581401B304440F001011868E5
:1080F000A56000EB0609A7426960C3F8009017D09D
:10810000BAF10F0F40F25E81AAF10C0121F0070CC9
:10811000796801F0010141EA0C017960052607EB5D
:108120000C01BCF10F0FC1E9016600F263816968BF
:10813000214B1E684E4538BFC3F800901F4B1E6888
:108140004E4501D2C3F800902F46C6E0676831E77C
:10815000BD1841F0010142F001027A604046A5607D
:10816000696000F07BF907F10804204605B0BDE81E
:10817000F08F9A6801931944D760BA604A6842F058
:10818000010240464A6000F069F9019B03F10804CE
:10819000204605B0BDE8F08FCE68B1427FF49AAEBC
:1081A0000235DDE638E8002040E800200C0B012015
:1081B00008F10020DC0A0120040B0120080B01203B
:1081C000B6F5206F4FEA56207CD3142800F2D380F6
:1081D00000F15C0109B25B30C90004EB010C61588D
:1081E000ACF1080C8C4503D1A8E089688C4504D01B
:1081F000486820F00300B042F7D8D1F80CC0C3E9BA
:10820000021CCCF80830CB60D4E6142F72D9542F5E
:1082100000F2BA80170B07F16F052BB207F16E0C55
:10822000DB0087E69D1842F001025A609E68864A8C
:10823000F1608E60C4E90455C5E902224CF00102E8
:108240006A60404643F80EC0019300F007F9019BB5
:1082500003F10804E0E69E441C46DEF8043043F0D7
:108260000103CEF8043054F8083F4046D9608B60D3
:1082700000F0F4F8D0E61E4440467268019342F0E4
:108280000102726000F0EAF8019B03F10804C3E602
:10829000D508691C09B2C90014E69D1842F0010214
:1082A0005A60694A0193C4E90455C5E9022241F0C4
:1082B00001026A604046995100F0D0F8019B03F139
:1082C0000804A9E6B00900F1390109B23830C90043
:1082D00083E7A74263D0A768796821F00300904242
:1082E000A0EB020102D30F293FF732AF404600F066
:1082F000B5F890E607F15C052BB207F15B0CDB00EB
:1083000018E6514651F808398B428A4640F09A8067
:1083100015F0030F05F1FF35F3D1636823EA060377
:10832000636076009E423FF681AE1EB97EE676001F
:1083300009F104091E42FAD04D4649E68010012693
:1083400006FA00F00743676059E7CDE902236B188E
:1083500003EA0E01ABEB010606EA0E063146404683
:10836000019303F041FF431C019B04BF4E46184696
:10837000DDE90223B7E6542827D8300B00F16F015E
:1083800009B26E30C90028E7B7F5AA7F27D8D70B06
:1083900007F178052BB207F1770CDB00CAE52B4B10
:1083A000186800EB01090BF1FF3EC3F8009076E678
:1083B00015EA0E0F7FF473AEA568514441F0010138
:1083C0006960B5E601236B6090E7B0F5AA7F25D818
:1083D000F00B00F1780109B27730C900FDE640F2F8
:1083E00054539F4224D8930C03F17D0503F17C0C78
:1083F000EB009FE507F108014046CDE9012304F0B9
:1084000057FAA568029B6968D3F80090019A8FE635
:10841000A9F108010BEB0100002664E640F254517B
:1084200088420BD8B00C00F17D01C9007C30D4E645
:108430004FF47E737F254FF07E0C7BE54FF47E7109
:108440007E20CAE663686CE740E80020DC0A012071
:10845000014803F023BF00BFD00A0120014803F008
:1084600021BF00BFD00A0120DFF80CC00A46014638
:10847000DCF8000000F002B81CF10020002900F038
:108480009F802DE9F04383B00C4600928046FFF7B1
:10849000DFFF009901F10B03162B60D810239942DE
:1084A00060D854F804EC2EF003029A42A4F10805B7
:1084B00065DAB348806805EB020C6045DCF80460BF
:1084C00000F0908026F0010060444068C0076CD442
:1084D00026F00306901983424CDD1EF0010F0FD1E8
:1084E00054F8080C281A0746406820F00300064498
:1084F0001644B34240F3EF801618B34240F3C980EC
:108500004046CDE90023FFF7CDFCDDE90023064618
:10851000002800F0178154F8041C21F001012944BF
:10852000A0F1080C614500F0AE80043A242A00F264
:10853000CE80132A00F29C800346224611681960FF
:108540005168596092689A602146404604F0B0F93B
:108550004046FFF783FF304603B0BDE8F08333F0B9
:1085600007039CD50C23C8F800300026304603B022
:10857000BDE8F0830246DCE90201C16088606968F9
:10858000D01A0F2801F0010105EB02061BD8114398
:108590006960736843F0010373604046FFF75EFF54
:1085A0002646304603B0BDE8F0831EF0010FA7D188
:1085B00054F8080C281A0746406820F003009BE78F
:1085C0001146FFF76FBC19436960E91840F00100DC
:1085D0004860736843F0010308317360404604F05B
:1085E00067F9DAE726F00306B01803F1100C6045CE
:1085F00080F28B801EF0010F82D154F8080C281AEB
:108600000746406820F0030006441644B445B146CE
:108610003FF772AF3E46F96856F8080F043A242A2D
:10862000C160886000F2A580132A40F2A080216812
:10863000B9606168F9601B2A00F2A480083407F170
:1086400010022168116061685160A1689160F91899
:10865000A9EB03024A4D42F00102A9604A607A6820
:1086600002F00102134340467B60FFF7F7FE98E7F4
:1086700023680360636843601B2A3BD804F1080247
:1086800000F108035AE750F8041C21F003010A44E2
:1086900075E7043A3D46F96855F8080F242AC16089
:1086A000886020D8132A1CD92168B9606168F960F4
:1086B0001B2A3DD8083407F1100221681160616857
:1086C0005160A16891602C4632463D4657E72146ED
:1086D00002F0AEF938E7DCE90201043AC1608860D3
:1086E000D8E72A46E9E721462846009302F0A0F998
:1086F000009BE8E7A3688360E368C360242A25D071
:1087000004F1100200F1100318E71D4A1D449560A2
:10871000C21A42F001026A6054F8042C02F001020D
:108720001343404644F8043CFFF798FE264638E7DA
:10873000A1683961E1687961242A10D0103407F109
:108740001802BAE74046FFF789FE0EE72369036186
:108750006169416104F1180200F11803EEE6226933
:10876000BA616269FA61183407F12002A5E732465E
:1087700067E721463046009302F05AF9009B66E70E
:1087800038E80020A1683961E1687961242A03D0C2
:10879000103407F1180254E72269BA616269FA617C
:1087A000183407F120024CE7242B2DE9F84F42D86A
:1087B000012B884619463ED091464B4A82461E46BA
:1087C000C64670461EF8017BD35D13F00803F8D14E
:1087D0002D2F70D02B2F05BF9EF800709B469B4617
:1087E00000F1020E6FF0004361BB302F4DD00A261E
:1087F00031460022B3FBF6F4104606FB143505E0C3
:108800003CD006FB00C001221EF8017BA7F1300C12
:10881000BCF1090F06D9A7F1410CBCF1190F17D80B
:10882000A7F1370C61451CDD571CEDD08442E7D21F
:108830004FF0FF32E8E703F0FFFC1623036000204F
:10884000BDE8F88F1029D4D1302F27D00E46D0E7BD
:10885000A7F1610CBCF1190F03D8A7F1570C6145C2
:10886000E2DC511C30D0BBF1000F0CD1B9F1000F8C
:10887000E6D0AABBC9F80080BDE8F88F6545C0DA2C
:108880004FF0FF32C0E74042F0E79EF8002002F0D0
:10889000DF02582A08D008263146AAE79EF80020B1
:1088A00002F0DF02582AD1D110269EF8017031461D
:1088B0000EF1020E9DE79EF800704FF0004300F1AC
:1088C000020E4FF0010B8FE72222CAF80020B9F107
:1088D000000F07D00EF1FF381846C9F80080CBE72B
:1088E0000346F7E71846ABE7B10B0020FFF75CBF84
:1088F0002DE9F04F154602439946930797B08246FB
:1089000040F0CE82B5F1040B18BF4FF0010B0023ED
:1089100003934F460AEB050305FB01F2CDE904334F
:1089200006290AEB0203019340F25C814B08521BBB
:10893000072905FB03A90AEB02040FD0282900F23E
:10894000E0812646D04649464046B8470028314691
:108950004846C0F2C781B847002847DDBBF1000F89
:108960004ED1DAF80020D9F80010CAF80010C9F882
:108970000020049B029399465E460023A346A1452E
:10898000C84661D8514648460093B8470028009B26
:1089900040F3FD80D846CDF800909B460DE023685B
:1089A000D8F800102160C8F80030A8EB05084FF097
:1089B000010B641BA14500F2938051462046B84745
:1089C00000282EDBF5D1002EE9D0012E78D04146CB
:1089D000234604EB050E08781A7803F8010B01F81A
:1089E000012BAEEB0302002AF5DCDEE73146404600
:1089F000B8470028C0F28081B146BBF1000FB0D06B
:108A0000BBF1010F00F0EB810498524699F8001079
:108A1000137802F8011B09F8013B831A002BF5DCDF
:108A2000A7E7C346DDF80080002E40F0A080D9F80B
:108A300000302268C9F80020A9442360641BA145C6
:108A40004FF00103C8469DD9314698465E464A46D6
:108A50008B46B8F1000F4BD0029BA9EB0300A3EBB0
:108A60000A018142A8BF0146002940F00E81019B06
:108A7000991B341B491BA14228BF2146002940F005
:108A80008C81019BA0420146A3EB040605D322463C
:108A900033460446564611469A46A94240F2DE80C5
:108AA000039A072A00F26B81B4FBF5F4B1FBF5F1F0
:108AB00016A800EBC20343E91064531C039329E793
:108AC0004FEA950C404623460CF1FF3C1A680168BA
:108AD00043F8041BBCF1000F40F8042BF4DC64E7FE
:108AE00033464646D846009A9B46B8F1000FB3D1AC
:108AF000019B049A93422DD9B846DDF814905F4645
:108B0000DDF804B0CA4520D24E4605E0236832683D
:108B100022603360564518D93446761B21463046CC
:108B2000C047002811DD002FF0D0012F4ED0334672
:108B300006EB45001978227804F8011B03F8012B95
:108B4000021B002AF6DC5645E6D8A944CB45D9D805
:108B5000BB464746039B002B00F0D080039B16AA20
:108B6000013B039302EBC30353E910A1D2E6012EAC
:108B70001ED0A9442346197898F8002008F8011B54
:108B800003F8012BA9EB0802002AF4DC56E701D018
:108B9000A944F4E6002E68D10299D9F800200B68A8
:108BA0000A60C9F800304A190292A9440123E6E696
:108BB000A90823460139D8F80020186848F8040BA2
:108BC000002943F8042BF5DCA94437E7A90833460C
:108BD000013920681A6844F8042B002943F8040B73
:108BE000F6DC97E7059A9342B4D9B846DDF81490BD
:108BF0005F46DDF804B0CA4520D24E4605E0236842
:108C0000326822603360564518D93446761B2146B7
:108C10003046C047002811DD002FF0D0012F11D0C1
:108C2000334606EB45001978227804F8011B03F857
:108C3000012B021B002AF6DC5645E6D8A944CB4599
:108C4000D9D885E7A9083346013920681A6844F85D
:108C5000042B002943F8040BF6DCD4E7AC427FF682
:108C600079AFB4FBF5F1B24654E6012E00F0A880CE
:108C7000029B5A1998F80000197803F8010B08F8BC
:108C8000011BD11A0029F5DC8EE7BBF1020FA9EB1D
:108C9000010C40F0C2805144D6469CF800809EF8FA
:108CA00000300EF8018B0CF8013BA1EB0E03002BFA
:108CB000F3DC019B991B341B491BA14228BF2146B1
:108CC00000293FF4DEAE019B5E1A01EB090396F822
:108CD00000C0117802F801CB06F8011B991A00298F
:108CE000F5DCCEE6B8470028FFF638AE3146404600
:108CF000B8470028FFF680AEC1462FE617B0BDE8A2
:108D0000F08FC90805FB01F60AEB060841460AEB9D
:108D1000460350460093B84700280AEB46014046F8
:108D2000C0F2A580B84700286EDDA9EB06034946CE
:108D300009EB0602184600930292B847002809EB97
:108D400006014846C0F28780B847002854DDA4EBEE
:108D500046031E44314618460093B8470028214672
:108D60003046C0F29080B84700283FF7ECAD00983D
:108D70002146B8470028C0F296802646E3E55046D3
:108D80003B462A46B1FBF5F1FFF7B2FDAC427FF658
:108D9000E5AEB4FBF5F1B246BCE5019BBBF1020FB9
:108DA000A3EB010691D08B088446013B1168306823
:108DB00042F8040B002B46F8041BF6DC604660E624
:108DC000029BA90801391A68D8F8000043F8040B7F
:108DD000002948F8042BF5DC029A2A44E4E6A808A6
:108DE000524601381368D9F8001042F8041B0028D5
:108DF00049F8043BF5DCBCE502990098B847002827
:108E000032DBDDF80890A2E70AEB46015046B8478E
:108E1000002836DB0AEB460887E78B088046514678
:108E20009646013B0A68DCF8000041F8040B002B71
:108E30004CF8042BF5DC019B9B1B5B1B341BA342F2
:108E400028BF2346404672461946002B3FF419AE10
:108E5000019B5E1AA7E7B8470028FFF678AF029992
:108E60000098B8470028CCDBDDF800906FE7B847E2
:108E70000028FFF65AAF0AEB46015046B8470028D3
:108E8000C8DBD04651E7B8470028FFF65CAD009E2E
:108E900021463046B8470028BFF655AD264652E574
:108EA0004FF0020B33E5009E4DE500BF0EB400B558
:108EB00082B003ABDFF81CC053F8042B01930146CA
:108EC000DCF8000000F008F802B05DF804EB03B035
:108ED000704700BF1CF100202DE9F04FC5B00DF127
:108EE000500A8346049116460021082250461C462B
:108EF0000B9301F02FFEBBF1000F04D0DBF83430F0
:108F0000002B00F04987049B5A6EB3F90C30D00750
:108F100040F14181990400F1A985049943F400537B
:108F200022F400528B814A66930401F1AE80049BC7
:108F3000B3F90C301D0740F1BD80049A1269002A74
:108F400000F0B88003F01A020A2A00F0C280002361
:108F5000CDE91933CDE90E331BAADFF86C980D93D8
:108F6000189217460793B0464546D9F8CC4103F00E
:108F7000F3F8CDF800A003462A4612A95846A047A8
:108F8000002800F0C580C0F2BB80129A252A034653
:108F900001D01D44E9E7B5EB0806044640F0BC806B
:108FA000002319468DF8433008934FF0FF326B7859
:108FB000059205F10108039108F101081946A1F194
:108FC00020035A2B00F2F280DFE813F0E603F000F2
:108FD000F000DF03F000F000F000BF03F000F0004D
:108FE00007025302F00012020004F000F1035B00DC
:108FF0005B005B005B005B005B005B005B005B0099
:10900000F000F000F000F000F000F000F000F000E0
:10901000F000D8019F03F000F000F000F000F00035
:10902000F000F000F000F000F0001902F000F00095
:10903000F000AA01F000FB02F000F000BA05F00019
:10904000F000F000F000F000F000F000F000F000A0
:10905000F000D8016801F000F000F000950368010D
:109060006D00F0008B03F0007D036A0320036D00A8
:10907000F000AA016A005902F000F000FB05F000C0
:109080006A00A1F13003002218F8011B02EB8202F2
:1090900003EB4202A1F13003092BF5D908928EE7C8
:1090A00098F8003088E7039B43F02003039398F877
:1090B000003081E7049D5846294601F009FC00284C
:1090C00040F0F687B5F90C3003F01A020A2A7FF453
:1090D0003EAF0499B1F90E20002AFFF638AF4A6E70
:1090E000D20702D49F0540F1908704992346324667
:1090F000584601F015F80790079845B0BDE8F08F85
:1091000008220021504601F025FD01231D442CE7D3
:10911000B5EB0806044610D01A9B33441A93199BEA
:109120000133072BC7E90086199310DC0837079B2A
:1091300033440793002C7FF433AF1A9B002B40F08D
:109140006E87049B0022B3F90C30199218E0049941
:1091500018AA584601F024F878B91BAFE7E704993C
:1091600018AA584601F01CF8002800F08380099BDB
:109170001BB10999584603F09BFB049BB3F90C30D3
:10918000049A526ED0077FD55B0600F16687079878
:1091900045B0BDE8F08F9F0540F114819D047FF537
:1091A000BCAE90047FF5C6AE00F071BF0029C4D0FC
:1091B000002301228DF8AC108DF8433009930A92F8
:1091C00005932BAD0692DDE919C0039C14F08406CB
:1091D0000146624626D1089B069C1C1B002C00F30E
:1091E000ED839DF8433003B300260C960132012332
:1091F00001317B60072A0DF14303CDE919213B6062
:1092000000F3868308370C9B63B1013211AB023146
:109210003B60072A4FF00203CDE919217B6000F380
:109220006B830837802E00F0EE82059B0A981C1A8B
:10923000002C00F326830A9B3D6001321944072A63
:10924000CDE919217B6000F34C830837039B5C0751
:1092500005D5089B069A9C1A002C00F36583DDE96E
:10926000073206988242ACBF9B181B18079300294F
:109270007FF475AF00231993099B1BB109995846D8
:1092800003F016FB1BAF6FE69A053FF57DAF049C1C
:10929000A06D03F007F8B4F90C3075E7039B98064E
:1092A00040F13C840B9B073323F00702536852F8CC
:1092B000084B0B921E46002BC0F23882059A002AFA
:1092C00007DB039B23F08003039354EA060300F0BB
:1092D0008C840A2C76F1000380F0F7803034059AF4
:1092E0009DF843308DF80F41012AB8BF0122069244
:1092F000002B00F0AF83069B01330025069301236A
:10930000CDE909530DF20F15DDE91921039B13F087
:109310008406084694463FF45EAF00230C9365E74D
:109320000B9E00238DF8433056F8043B0993002B25
:1093300000F05585532900F07284039B13F010044C
:1093400040F06D84059A002AC0F2138509982146E1
:1093500003F094F99DF84330099D002800F08B86B6
:10936000421B0A9222EAE2720692002B00F00E855E
:109370000132059406920B960994C5E7432903D060
:10938000039BDD0640F127840822002116A801F086
:10939000E1FB0B9A2BAD126816AB2946584603F039
:1093A000ADFC0A90013000F04F860A9B23EAE3737C
:1093B00006930B9B04330B9300238DF843300993E2
:1093C000059300E7049DA86D02F068FFB5F90C3025
:1093D0006A6E99043FF5A8AD9FE50B9B53F8042BEB
:1093E0000892002A80F23D83089A0B935242089219
:1093F000039B43F00403039398F80030DCE5039BE0
:1094000043F010009B0640F14E830B9B073323F083
:1094100007031A46596852F8083B0B9200228DF850
:109420004320059A002AC0F2118320F4906203922F
:1094300053EA010200F01E8344AD03F00702DB088B
:1094400043EA4173C908303253EA0104284605F85B
:10945000012DF2D1039B13F0010340F09E82059A87
:10946000099344AB5B1B9A42B8BF1A460A93069213
:10947000A9E62B238DF8433098F800309CE503993A
:109480008E0600F1A48003990B9A11F0100052F897
:10949000043B40F02783039911F0400100F0CA8497
:1094A0008DF843009BB205990026B1421C4606DBAD
:1094B000039921F080010391002B00F07B850A2C99
:1094C00076F100030B92FFF409AF039B099700208C
:1094D000CDF830B044A9DDF834B0069003F48067CD
:1094E000CDF8288025E00690A319B54843F1000384
:1094F000A0FB032C2CF0030202EB9C029B1AE31A44
:109500004FF0CC32A046B64602FB03F266F10006ED
:1095100000FB0622A3FB0043B8F10A0F13444FEAF5
:1095200054047EF1000E294644EAC3744FEA530600
:109530002ED3069BA24A01330693A31943F10003DD
:109540001046A2FB032525F0030202EB95029B1AAD
:10955000E31AA3FB003266F1000500FB05225B085D
:1095600043EAC27303EB8303A4EB4303303301F8F4
:10957000013C4D1E002FB7D006989BF80030834267
:10958000B1D1FF28AFD00A2C76F1000380F0AF8470
:1095900005999DF84330CDF834B044AA521B91424E
:1095A000B8BF1146DDE90978DDF830B00A920691BE
:1095B000002B00F0EE83069B0133069300230993F2
:1095C000A2E6039B43F010019B0640F189820B9BAE
:1095D000073323F0070200238DF84330059B5668BC
:1095E00052F8084B0B92002BC0F2EE8221F0800360
:1095F000039354EA06037FF46CAE059B002B40F006
:10960000DE840A930693099344ADDCE5059C0B992F
:109610000398002247F630039442ADF844308DF8A9
:10962000432051F8043BC0F2D28220F0800040F089
:1096300002000390002B00F0E58303F00F04614863
:109640001B09045D8DF80F410B9100F05685022136
:1096500006910DF20F1503F00F011B09415C05F88F
:10966000011D43EA0273120953EA0201F3D144AB2C
:109670005A1B059B0A929342B8BF1346069A002ACA
:1096800000F03985DDE91921039C023314F08406CA
:1096900006930846944600F0E98200230993B4E556
:1096A000039886063FF5B1AE03990B9ACD0652F8A2
:1096B000043B00F114850398440640F1C8839BB233
:1096C0000B920021AAE603990B9A8C0602F104037F
:1096D00040F1F081126807991160C91751600B932E
:1096E00042E498F800306C2B00F08F82039A42F02D
:1096F0001002039260E498F80030682B00F07B823F
:10970000039A42F04002039256E4039A940642F010
:10971000100300F100820B9A04320B9903930C683A
:109720000B92E6173346002BBFF6C8AD2D238DF8FC
:109730004330059B644266EB4606002BFFF6C9AD3D
:10974000039B23F080030393C3E5584602F00AFD10
:1097500043680F93184602F0E1FF0E900446584606
:1097600002F000FD826898F800300D92002C3FF462
:1097700023AC002A3FF420AC1278002A3FF41CAC42
:10978000039A42F48062039216E4039B43F00103C0
:10979000039398F800300FE49DF8432098F80030C8
:1097A000002A7FF409AC20228DF8432004E4039BB7
:1097B00043F08003039398F80030FFF7FDBB00BF30
:1097C000CDCCCCCC04E10020B4EE0020404610F813
:1097D000011B2A2900F07784A1F13003092B98BFDF
:1097E000002200F2178410F8011B02EB820203EB47
:1097F0004202A1F13003092BF5D942EAE273059345
:109800008046FFF7DCBB089B06981C1A002C7FF7EC
:109810000CAD102C40F3268438460C95AE4F049DB9
:10982000102604E0103C102C00F1080015DD013278
:109830001031072AC0E90076CDE91921F2DD18AA16
:109840002946584600F0ACFC00287FF490AC103C50
:10985000102CDDE919211BA8E9DC0C9D3B460746CD
:1098600001322144072ACDE919213B607C6000F3D5
:10987000A482059B0A981C1A002C07F108077FF7A1
:10988000DAAC102C40F3ED8238461026924F04E0FB
:10989000103C102C00F1080016DD01328E4B103107
:1098A000072AC0E90036CDE91921F1DD049918AA8B
:1098B000584600F075FC00287FF459AC103C102C81
:1098C000DDE919211BA8E8DC3B46074601322144AB
:1098D000072ACDE919213B607C6000F3AA80083794
:1098E000A9E4049918AA584600F05AFC00287FF40D
:1098F0003EAC1A991BAFA9E4049918AA584600F087
:109900004FFC00287FF433ACDDE919211BAF89E45B
:10991000049918AA584600F043FC00287FF427ACAD
:10992000DDE919211BAF6EE4102C199B40F38183F4
:109930003A46049E694F102504E0103C102C02F1B9
:10994000080215DD01331031072BC2E90075CDE99E
:109950001931F2DD18AA3146584600F021FC0028E2
:109960007FF405AC103C102CDDE919311BAAE9DCB1
:109970003E46174601332144072BC7E90064CDE971
:1099800019317FF76CAC049918AA584600F008FC0E
:1099900000287FF4ECAB1A9961E4302A00F00182D0
:1099A0003023059A05F8013C023844AB1B1A9A4251
:1099B000B8BF1A460A9306920546EFE000230C93BF
:1099C000102C464E624623DD394610232F46049D57
:1099D00004E0103C102C01F1080117DD01321030B9
:1099E000072AC1E90063CDE91920F2DD18AA29464A
:1099F000584600F0D5FB00287FF4B9AB103C102C82
:109A0000DDE919201BA94FF01003E7DC3D460F46A6
:109A100001322118072ACDE919213E607C6000F34C
:109A20007A819DF843600837002E36D00026FFF774
:109A3000DDBB049918AA584600F0B2FB00287FF459
:109A400096ABDDE919211BAFFFF7F5BB20F480626F
:109A50000392F1E4099301230A930DF20F15FFF726
:109A6000B2BB0B9398F80030FFF7A6BA92047FF5CB
:109A700061AAF2E2059A002A7FF4DEAC10F001023E
:109A8000069200F0428130238DF80F31059B0A9237
:109A900009930DF20F15FFF796BB0C9B002B7FF47B
:109AA000B4ABFFF7C2BB0B9B1A1D0B9B0B921B6841
:109AB0000021B3E4039AD00600F18C81039A510689
:109AC00000F19582039A920540F184810B9A0799DF
:109AD0001268117003E600BF24E800203827002038
:109AE0000B9B1A1D0B9B05981B680026B0428DF836
:109AF00043601C4667DB21F080010391002B7FF45B
:109B0000DEAC0B92002840F05A820A900690099031
:109B100044ADFFF758BB0393FFF7C4BB039B0B9AFD
:109B2000D90652F8044B3FF5F8AD039B5E0640F1B1
:109B3000768144F3C0360B9224B23346FFF7BBBBA9
:109B4000AD48039B9D0640F1B5800B9B073323F086
:109B500007031A465C6852F8083B0B92039A12F00E
:109B60000102069240F08C808DF84320059A002A6D
:109B7000C0F2B780039A22F49062039253EA04027F
:109B800040F0F380059A002A00F0F68103788DF802
:109B90000F31012306920A930DF20F15DDE9192109
:109BA000039B13F084060846944600F0A1829DF8BA
:109BB0004330002B00F0AB82002309930C93FFF796
:109BC00015BB8E48BDE70B920391FFF782BB40F0B7
:109BD0000200039031E50B9B1B688DF8AC3001232C
:109BE00006930A932BADFFF7E4BB002A00F0D48163
:109BF0003024FFF774BB039B43F40073039308F115
:109C0000010898F80030FFF7D7B9039B43F0200311
:109C1000039308F1010898F80030FFF7CDB9099BCC
:109C200013930822002116A800F094FF059B002B37
:109C3000C0F219810024069725461F460EE02BA985
:109C4000584603F05BF8411C284400F0FD81B842FF
:109C500009DC04F1040400F008820546139A125945
:109C600016AB002AEBD1069F05950AE1089C069BDE
:109C70000996E41A002C7FF7C8AA02230C939FE6EA
:109C800053EA04025ED100238DF84330059B002B7C
:109C9000C0F22181039B23F49063039300F087813A
:109CA00003788DF80F31069B0A93059B06930DF2FE
:109CB0000F1573E70B9A52F8043B0B92039AD406E4
:109CC00008D4520602D59BB2002447E7039A9605B2
:109CD00000F18181002441E742F002020392022256
:109CE0000692039A22F48062039203F00F02825CD0
:109CF0008DF80F211B0943EA0473220953EA141457
:109D00007FF4A7AC0DF20F15B1E4059B44ADCDE98E
:109D10000933FFF758BA049918AA584600F040FAD8
:109D2000064600287FF423AA9DF84330DDE9192177
:109D3000002B40F089800C9B1BAF002B7FF465AAA1
:109D4000FFF773BA30228DF8442000228DF84320AB
:109D5000059A8DF84510002A039ABDDB22F4906223
:109D600042F0020203920222069203F00F02825C8A
:109D7000BEE7099D284602F0D1FC9DF843300A90C9
:109D800020EAE0720692002B7FF4F2AA099D059367
:109D90000B960993FFF717BA584600F087FBFFF7B9
:109DA000B2B8059A44AB5B1B9A42B8BF1A460A93F5
:109DB000002306920993FFF706BA049918AA584699
:109DC00000F0EEF900287FF4D2A9DDE919211BAFDC
:109DD000FFF72BBA0B9A0799126811607FE4059B75
:109DE000074D0B96062B28BF062306930A93099B63
:109DF0000593FFF7E8B900BFF0E0002004E1002080
:109E000018E100200B91002C00F0DC8030230122AF
:109E10008DF80F310DF20F1523460A9232E4039BA1
:109E20000B929D054ABF44F3C016E61764B2334651
:109E3000FFF741BA039810F4007600F0CF808DF858
:109E40004310DBB2FFF72FBB1BAFFFF7CFB903986F
:109E500010F4007100F0BB80DBB20B920021FFF721
:109E6000DDBAAC4B32E516AB0093002313AA1946BA
:109E7000584602F06BFF0590013000F0E580099B29
:109E80001393059B002B7CD0632B00F3B68000233B
:109E900009932BAD0822002116A800F05BFE059C5B
:109EA00016AB009313AA23462946584602F04EFFEC
:109EB000844240F01681059900236B5421EAE17237
:109EC00006929DF84320002A40F0B580CDE90A169D
:109ED0000592FFF778B903788DF80F31039B23F4CF
:109EE00080630393069B0A930DF20F1556E60E9AB4
:109EF0000F99AD1A284600F077FF9BF801300BB19F
:109F00000BF1010B844AA31943F10003A2FB030CDC
:109F10002CF0030000EB9C001B1AE31A4FF0CC312D
:109F200066F1000603FB01F102FB0611A3FB023000
:109F300001445B0843EAC1744E08A31943F10003CE
:109F4000A2FB031020F0030101EB90015B1AE31A5E
:109F5000A3FB023166F1000002FB00125B0843EA3A
:109F6000C27303EB8303A4EB4303303305F8013CD6
:109F70000120013DFFF701BB059B0A9344A805465C
:109F80000CE69DF84330099D0B96003B18BF01235A
:109F90000693059B0A9301E69DF843303BB1059B70
:109FA000CDE90933012344AD0693FFF7ADB9059B15
:109FB000FFF727BB059B0B92002B3FF422AB00243D
:109FC000FFF78CB9059B0A9344ADFFF75BBB039881
:109FD0000B92FFF723BADBB20024BFE505998DF899
:109FE000436000291C46BFF663AAFFF768BA0B9AC4
:109FF000079912681180FFF772BB591C5846FDF78C
:10A0000051FF054600B3099044E7886D02F04AF914
:10A01000FFF76BB8002380460593FEF7D0BF049985
:10A0200018AA584600F0BCF800283FF48AA8FFF7A9
:10A03000A4B83A4E9EE4059A0A92069A0B9601320B
:10A0400006920593FFF760B90498B0F90C30426EA0
:10A0500043F04001D207818109D54FF0FF330793C8
:10A06000FFF795B82B4BFFF7FBBB069F09E7990558
:10A07000F3D4FFF70CB99BB1059B0B965A1C0692C3
:10A080000A9305900990FFF73FB9D707E5D4049BE1
:10A090009B899E05E1D4049B986D02F003F9DCE7EF
:10A0A000059A0993CDE905320B960A92FFF78BB812
:10A0B000049A536ED807D0D493899905CDD4906D66
:10A0C00002F0F0F8C9E70B9A98F8013052F8041B37
:10A0D0000B9241EAE17180460591FEF76DBF08469B
:10A0E000E3E4049A938943F040039381FFF73FB878
:10A0F0000996FFF770B8069350E5059B0122012BE6
:10A10000B8BF01230DF20F150A92FFF7BBBA0993EE
:10A11000FFF788B824E80020CDCCCCCC382700202D
:10A12000F0B50D46ADF2744D164689896A6E1B92E4
:10A13000EA89ADF8162021F00201EA69ADF81410A1
:10A1400009921CA96A6A0291074606910B924FF484
:10A150008061002218A8019304910791089202F0EF
:10A1600097F83246019B02A93846FEF7B5FE061E57
:10A1700007DB02A9384600F0BDF8002818BF4FF0F1
:10A18000FF36BDF814305B0603D5AB8943F04003BE
:10A19000AB81189802F07EF830460DF2744DF0BD98
:10A1A000936810B514461BB918460023636010BDB0
:10A1B00000F0A6F90023A3600023636010BD00BF78
:10A1C000B1F90C202DE9F041804610070C4650D41F
:10A1D000496842F400630029A38164DDA66A002E69
:10A1E00044D0002112F48052D8F80050C8F8001072
:10A1F00065D1E16901234046B047411C02466CD05D
:10A20000B4F90C30A66A5B0705D56368D21A236BD4
:10A210000BB1E36BD21A0023E1694046B047471CFB
:10A22000B4F90C304DD1D8F800101D2940D8304A6F
:10A23000CA40D6073CD52269226023F40062A2817D
:10A24000D9044FF00002626003D5D8F80030002B2B
:10A2500041D0216BC8F8005041B104F1400399424C
:10A2600002D0404602F024FB002323630020BDE817
:10A27000F0810E69002EF9D00D680E6092070CBFB8
:10A280004B690023AD1B8B600AE02B463246E16927
:10A29000676A4046B8470028A5EB0005064406DD7E
:10A2A000002DF2DCE2E7E16B002997DCDEE7A38911
:10A2B00043F04003A3814FF0FF30BDE8F081226DF1
:10A2C000A1E72269226023F40062A281DB044FF03F
:10A2D00000026260BDD52065BBE7D8F80030002BD6
:10A2E0008ED01D2B01D0162BE1D1C8F80050BDE750
:10A2F0000100402000B5034683B008B1426B52B361
:10A30000B1F90C0098B14A6ED20701D4820512D57A
:10A3100018460091FFF754FF00994A6E0346D00794
:10A3200002D48A8992050ED5184603B000BD0346B3
:10A33000184603B000BD886D0193009101F0AEFF97
:10A34000DDE90013E4E7886D009301F0ABFF009BAB
:10A35000184603B000BDCDE9000100F0A7F8DDE923
:10A360000031CDE7024A0349034800F045BA00BF77
:10A3700010F10020FD83020040EC00200C4B4168EE
:10A38000994210B5044601D004F0A6F9A168094B22
:10A39000994202D0204604F09FF9E168064B9942A9
:10A3A00004D02046BDE8104004F096B910BD00BFAF
:10A3B000100B0120780B0120E00B01202DE9F84360
:10A3C000314A324C3249DFF8DC90DFF8DC80314F23
:10A3D0001160002504232946082204F15C00C4E929
:10A3E00003352D4EA560C4E90055C4E905556566E1
:10A3F00000F0B0FB04F15800C4E90749C4E909873B
:10A40000E66201F045FF2946244B6367082204F108
:10A41000C400C4E91A55C4E91E552567C4F8CC50D8
:10A42000C4F8805000F096FB04F1680304F1C0000A
:10A43000C4F88430C4E92298C4E9247601F028FFE6
:10A44000174BC4F8DC30294604F596700822C4E99D
:10A450003455C4E93855C4F8D850C4F83451C4F858
:10A46000E85000F077FB04F1D003C4E93D87C4F85D
:10A47000F09004F59470C4F8FC60C4F8EC30BDE8CA
:10A48000F84301F005BF00BF480C0120100B01206C
:10A4900089400200C9450200ED45020009000100A3
:10A4A00012000200614502008945020010B5044611
:10A4B0000A4801F0F3FE636B23B9094B094A1B6894
:10A4C000626323B1BDE81040044801F0EBBEFFF722
:10A4D00075FFBDE81040014801F0E4BED40A012038
:10A4E000480C0120A1400200014801F0D7BE00BF86
:10A4F000D40A0120014801F0D5BE00BFD40A0120D2
:10A500009368002B00F0B7802DE9F04FB1F90CC033
:10A510001CF0080F83B00C46804617462DD00B69FF
:10A520005BB31CF002033E6833D04FF0000ADFF843
:10A53000C4B25546B9465D452B46524628BF5B46D8
:10A540004046B5B1E169676AB847002840F38B809F
:10A55000D9F808301B1A8244C9F80830002B79D08A
:10A560002D1A5D452B46524628BF5B464046002DBE
:10A57000E8D1D6E900A50836DDE72146404600F0DF
:10A58000A7F9002874D1B4F90CC03E681CF002038E
:10A59000CBD11CF0010A70D1236800975546002DDD
:10A5A00054D01CF4007FD4F80890184600F0AB801B
:10A5B000A945CB4600F2E4801CF4906F34D02169A9
:10A5C0006269A3EB010902EB420202EBD27209F1CC
:10A5D000010352102B44934294BF93469B469342EF
:10A5E00088BF1A461CF4806F00F0E980114640468F
:10A5F000FDF758FC002800F0F7804A4621690190D9
:10A60000F9F7A6FFA289019B22F4906242F0800232
:10A61000A28103EB09002361ABEB0903C4F814B07A
:10A62000A3602060A946AB4651465A4600F000FAA6
:10A63000A2682368A2EB0902A260009A91685B44B9
:10A64000491B2360916029B1B4F90CC0D6E900A57B
:10A650000836A4E7002003B0BDE8F08F214640464D
:10A66000FFF748FE68B3B4F90C3043F04003A38110
:10A670004FF0FF30EFE7002070471D469A4618461E
:10A68000B946009365B3002831D05246D4E904138B
:10A690002068AA4228BF2A46884204D9A16803EB51
:10A6A000010B5A457CDC93426DDCE169009A676AD4
:10A6B0004046B847B0F1000BD5DDBAEB0B0ACDD060
:10A6C0000120D9F80830A3EB0B03C9F80830002BA0
:10A6D000C0D0009BA5EB0B055B440093002DD2D1AD
:10A6E000756833460836002DFAD01B680093009F2A
:10A6F0002A460A21384601F0C1FF002871D00130F6
:10A70000A0EB070AC1E722699A4221D36269AA42F3
:10A710001ED86FF00043AB4228BF2B46E16993FB84
:10A72000F2F3676A02FB03F340465246B847B0F1C2
:10A73000000998DD009A9368A3EB0903A5EB0905CE
:10A740009360002B86D0B4F90CC02368CA4426E776
:10A75000A94528BFA94618464A46514600F068F95F
:10A76000A2682368A2EB09024B44A2602360002A7E
:10A77000E0D121464046FFF7BDFD0028DAD072E760
:10A78000A946AB4650E70099019200F051F9019AB1
:10A79000A3689B1AA36023681344236093468CE745
:10A7A00000995A4600F044F923685B44236021462F
:10A7B0004046FFF79FFD00283FF47FAF53E7404638
:10A7C000FDF75CFE034600287FF423AF2169404675
:10A7D00002F06EF8A3890C22C8F8002023F0800351
:10A7E00043E76A1C924651E70C22B4F90C30C8F8D2
:10A7F00000203AE700FCFF7F2DE9F8430746884632
:10A8000016464FF000097568013D11D4B468A3895C
:10A81000012B08D9B4F90E3001332146384602D055
:10A82000C04749EA0009013D6B1C04F16804EED100
:10A830003668002EE7D14846BDE8F88310B50C46CF
:10A84000B1F90E1001F0BAFC002803DB236D0344BC
:10A85000236510BDA38923F48053A38110BD00BFDD
:10A86000002070472DE9F0411F46B1F90C30164623
:10A87000DA050C4605460BD423F48053A381B4F9C2
:10A880000E103B4632462846BDE8F04101F0BEBC02
:10A890000223B1F90E10002201F07AFCB4F90C3059
:10A8A000EAE700BF10B50C46B1F90E1001F070FCDC
:10A8B000B4F90C30421C0EBF23F4805343F4805390
:10A8C0002065A38110BD00BFB1F90E1001F04EBC90
:10A8D00010B5354B0446186882B00B4610B1426B78
:10A8E000002A53D0B3F90C20110711D51869C8B14B
:10A8F000B3F90C2012F0010126D059694FF0000C79
:10A900004942C3F808C0996120B3002002B010BDCD
:10A91000D00640D5510723D4186942F008029A8125
:10A920000028E5D19A8902F42072B2F5007FDFD0C9
:10A9300019462046019303F031FF019BB3F90C2027
:10A94000186912F00101D8D1940758BF596999606C
:10A950000028DAD11106D9D542F040029A811FE0D1
:10A96000196B61B103F14000814206D0204601938A
:10A9700001F09EFF019BB3F90C20002119631869B7
:10A980000021C3E9000122F02402C6E70191FFF78C
:10A990008DFD019BA6E7092142F0400221609A81CA
:10A9A0004FF0FF30B2E700BF1CF10020032A11D89E
:10A9B000002A3BD0013A431E0139024401E09A4289
:10A9C00034D013F8010F11F801CF6045F7D0A0EB98
:10A9D0000C00704710B541EA0004A40784460B46FA
:10A9E0000FD0013A431E0139024401E09A421BD0C4
:10A9F00013F8010F11F801CF6045F7D0A0EB0C0060
:10AA000010BDDCF80040D3F800E0744519466046FC
:10AA100003F104030CF1040CE3D1043A032AF0D847
:10AA200060461946002ADCD1002010BD0020704786
:10AA3000884270B531D98B1883422ED9032A00EB96
:10AA400002011DD941EA030C1CF0030F1D4618D169
:10AA50004FEA920C0CF1FF36A1EB8C048C4653F8B4
:10AA600004ED4CF804EDA445F9D1C6EB867301EB77
:10AA7000830105EB830CACF10403043902F00302FB
:10AA800052B102F1FF3C6FEA0C0C9C4413F8012D0B
:10AA900001F8012D6345F9D170BD032A50D941EA6F
:10AAA00000039B074ED10F2A51D922F00F0301F169
:10AAB000100601F1100C103B203100F1100E19446A
:10AAC0005CF8104C4EF8104C5CF80C4C4EF80C4CEA
:10AAD0005CF8084C4EF8084C5CF8044C4EF8044CFA
:10AAE0000CF1100C8C450EF1100EE9D1F11812F09A
:10AAF0000C0F034402F00F0503F1100325D025F0DD
:10AB0000030CACF1040426461A1F1C198C465CF891
:10AB100004EB42F804EFA242F9D10431043331448A
:10AB2000334405F00302002AB6D0013A0132013B5A
:10AB30000A4411F801CB03F801CF9142F9D170BD5D
:10AB40000346F0E7013A0346F0E72A46EBE70346FF
:10AB50001546D4E730B584078646034606D0A2B32F
:10AB600003F8011B980702F1FF32F8D1032A26D916
:10AB70005FFA81FC0CEB0C2C0F2A0CEB0C402AD951
:10AB800022F00F0C9C44C3E90000C3E9020010331B
:10AB90006345F8D112F00C0F02F00F0417D04FEA02
:10ABA000940C0CF1FF351A4603EB8C0C42F8040BA5
:10ABB0006245FBD1043304F0030203EB850322B1A9
:10ABC0001A4403F8011B9A42FBD1704630BD22465D
:10ABD000002AF5D1F9E71446E1E700BF10B50346B6
:10ABE0000446800702D12CE09A0708D01A7818464C
:10ABF0000133002AF8D101F0E1FC204610BD427873
:10AC0000EAB11868A0F1013222EA000212F0803F96
:10AC10000CD19C4653F8040FA0F1013222EA000245
:10AC200012F0803FF5D09CF8042042B1184610F88D
:10AC3000013F002BFBD101F0C1FC204610BD18469E
:10AC4000D9E72278DCE700BF11F0FF01034600F0EE
:10AC500003023AD092BB026801EB012303EB0343EA
:10AC600083EA020C10B51C46A2F1013323EA020369
:10AC7000ACF1013222EA0C02134313F0803F0FD1F2
:10AC800050F804CF8CEA040EACF10133AEF101327E
:10AC900023EA0C0322EA0E02134313F0803FEFD0A5
:10ACA000037823B936E010F8013F002B32D09942E7
:10ACB000F9D110BD8A4228D09A0729D01A781846AF
:10ACC0000133002AF6D110467047CAB90268A2F1D2
:10ACD000013323EA020313F0803F08D150F8042F18
:10ACE000A2F1013323EA020313F0803FF6D0037888
:10ACF0005BB110F8013F002BFBD17047990705D0DD
:10AD00001A7818460133002AF8D170471846DDE753
:10AD10001846A0E7184610BD32B3013A10B500F14D
:10AD2000FF3CDFF848E00139841804E01B1A19D110
:10AD3000A8B1644514D01CF8013F11F8010F1EF8AA
:10AD4000032002F00302012A1EF8002002F0030291
:10AD500008BF2033012AE9D12030181AE9D010BDEC
:10AD6000002010BD184610BD10467047B10B0020E2
:10AD70008AB340EA01039B0730B504468E4618D1DA
:10AD8000032A07D815E0043A23D01CF0803F20D1D5
:10AD9000032A26D92368DEF80050A3F10131AB4223
:10ADA00021EA030C2046714604F104040EF1040E5E
:10ADB000E9D003780C78A3420FD1013A024406E0AF
:10ADC0006BB110F8013F11F8014FA34205D1904239
:10ADD000F6D1002030BD10467047181B30BD184614
:10ADE00030BD20467146E4E710B5044608438307AA
:10ADF00001D1032A19D8A44601F1FF3E07E01EF84D
:10AE0000011F03F8011B501E31B19C4602466346E8
:10AE1000002AF4D1204610BD94440028FAD003F84B
:10AE2000011B6345FBD1204610BD0B46A4461868A4
:10AE30001946A0F1013323EA000313F0803F01F12A
:10AE40000403D9D1043A032A4CF8040BEFD819466D
:10AE5000D2E700BF38B511F0FF040CD0034600253F
:10AE600001E0431C054621461846FFF7EDFE002889
:10AE7000F7D1284638BD2146BDE83840FFF7E4BE8B
:10AE8000024A12680123503200F002B81CF100207F
:10AE900030B5154620B386464C1E7246A44612F8BD
:10AEA000010B01E0884214D01CF8011F0029F9D1E0
:10AEB000E0B11046A44610F8011B00E063B11CF895
:10AEC000013F9942FAD149B10023137028607046BE
:10AED00030BD73B19646E0E70246EAE70846F5E77B
:10AEE000D2F800E0BEF1000FD6D100E028600020CB
:10AEF00030BD2A6070468EF80030E9E701292DE95F
:10AF0000F04115465BD94FF00108C64600224FF0CC
:10AF1000FF34434608E0A3EB04081A464FF0010E45
:10AF200002EB0E03994210D900EB040CC75C1CF82D
:10AF30000E60B742EFD332D04FF001081446C64638
:10AF4000424402EB0E039942EED80127C5F8008077
:10AF5000BE4600224FF0FF363B4607E09F1B1A46D5
:10AF60004FF0010E02EB0E03994210D900EB060CD4
:10AF700010F803801CF80EC0E045EFD817D0012769
:10AF80001646BE463A4402EB0E039942EED801360D
:10AF9000601C864201D32F603046BDE8F081C64573
:10AFA0000ABF72440EF1010E4FF0010EB8E7BE4524
:10AFB0000ABF72440EF1010E4FF0010ED2E70127D5
:10AFC0000026E8E72DE9F04F9346ADF21C4D074609
:10AFD000894605AA194658461C46FFF78FFF05AB60
:10AFE00082460DF2144143F8044F8B42FBD16CB101
:10AFF000601E58440BF1FF3212F8011FA31A013BE7
:10B0000006AE5B44824246F82130F5D1059B02939F
:10B0100052460BEB03015846FFF7C8FC002878D1D5
:10B0200044F4006380460546A9EB04010393661EC1
:10B03000A94213D307EB050E06AA1EF8063052F8F4
:10B040002330D3B1B8F1000F03D0029A9A4288BFDF
:10B05000A31A1D44A9424FF00008EBD2039907EB55
:10B06000090003F099FC8144A9EB0401A942E1D253
:10B0700000200DF21C4DBDE8F08FD045434638BF8F
:10B080005346B3421BD20BF1FF3018440EEB0302C0
:10B09000019502E00133B34210D0157810F801CFCA
:10B0A000AC4502F10102F5D09E42019D07D9CAF1DB
:10B0B00001022A44D5184FF00008B9E7019DD04598
:10B0C00080F0888007EB0A022A440AF1FF330BEB79
:10B0D0000A00019502E0984511D0013B10F801CD1E
:10B0E00012F8015DAC45F6D0019D013308F101086D
:10B0F000984509D8029B1D44A4EB030898E708F182
:10B1000001089845019DF5D970460DF21C4DBDE82A
:10B11000F08FA4EB0A03534538BF53460133029323
:10B12000661E44F400630025A9EB0401019307EBBC
:10B130000608A94208D318F8052006AB53F82230B8
:10B140009BB11D44A942F6D2019907EB090003F017
:10B1500023FC8144A9EB0401A94289D318F80520F6
:10B1600006AB53F82230002BEBD1564519D90BF121
:10B17000FF3007EB0A0350442B44524602E00132F1
:10B1800096420ED093F800C010F801EFE64503F1A7
:10B190000103F4D0964204D9CAF101032B449D184F
:10B1A000C7E7BAF1000F10D007EB0A0028440BEBF9
:10B1B0000A0201E05A4508D010F801CD12F801ED5D
:10B1C000E645F7D0029B1D44BCE778190DF21C4DF3
:10B1D000BDE8F08F534689E72DE9F0410D7890B036
:10B1E0000446002D48D04A78002A68D08B78002B7E
:10B1F00046D0C878002877D00B79002B65D0084658
:10B200000E4601F08BFA054640F40071204603F02B
:10B21000C3FB854242D8FE2D7FD8401B2718402211
:10B22000691C6846FFF796FC5DB1721EA81812F8FB
:10B23000013F03F03F036B44B11A29449042197057
:10B24000F5D1013C635D03F03F036B441B781C4464
:10B25000A74203D227E04444A74224D314F805C0F0
:10B260000CF03F0CEC442A46314620469CF8008006
:10B27000FFF79CFB0028EED1204610B0BDE8F0811E
:10B28000007842EA054238B140EA03439A4214F892
:10B29000010FF8D1023CEFE79A42FBD00024204690
:10B2A00010B0BDE8F0817B5D7819002BF6D04FF42B
:10B2B000006103F071FB0744A742C2D2EEE72946C2
:10B2C00010B0BDE8F041FFF7BFBC2278002AE5D0FE
:10B2D000096809BA42EA0323204614F8012FB2B1E3
:10B2E0009942F7D1C41EC7E7120442EA05622178E9
:10B2F00042EA0323024641EA020059B1B3EB002FB0
:10B3000014F8011F4FEA0022F5D1033CB4E799423B
:10B31000C4D1E7E79342C1D1F7E701462B46324655
:10B32000204610B0BDE8F041FFF74CBE40EA0102F4
:10B330009207034615D10A68A2F1013020EA020003
:10B3400010F0803F0DD101F1040C43F8042B61464D
:10B350005CF8042BA2F1013020EA020010F0803FDB
:10B36000F3D011F8012B184603F8012B002AF8D16D
:10B37000704700BF024B1968703100F003B800BF7E
:10B380001CF1002038B5604A0C460023D0E90001CA
:10B3900003F0A0FE002AC0F2AD8000F52F2000F6D9
:10B3A0006C205A49A1FB0251C90A4FF4616303FBA7
:10B3B0001122574BA160A3FB02135B096360C3EB2F
:10B3C0000313A2EB8302534B2260C11C83FB013C9D
:10B3D0008C44CB17C3EBAC03C3EBC303CB1A7CD4B5
:10B3E0000028A3617BDB4C4BC11783FB0023C1EB1F
:10B3F000E3314A4B4A4A03FB01039808A2FB00527F
:10B40000484D03EBD222A5FB00C0474DA2EBD01262
:10B410001809A5FB00C0A2EB10124448A0FB025083
:10B42000121A00EB520242484FEA122CA0FB0C50B9
:10B4300003EB501340F26D1000FB1C33A3EB92237F
:10B440003C4803EB830E0EF1020EA0FB0E20C00958
:10B4500000EBC00240F2F955AE4502EB0212364D48
:10B4600002F10202A5FB02E28CBF6FF0090E4FF061
:10B47000020E70444FF4C87E0EFB01C1012898BF34
:10B48000013103F1010EB3F5997FAEEB92020BD3BC
:10B49000A3F59973A1F26C71E3610023C4E904017F
:10B4A000E2602362204638BD1CF0030F0BD0234D11
:10B4B00005FB0CFC224DB5EB3C1F2CBF01250025E4
:10B4C0003B332B44E6E71D4DDFF878E005FB0CF538
:10B4D000BEEBB50FEBD20125F2E70733A3610E4BAC
:10B4E000A0F50E31A1F52C7183FB0123C917C1EB27
:10B4F000E3317EE702F5A83200F52F2002F5C07295
:10B5000000F66B204DE700BF80510100C5B3A2914A
:10B510008988888893244992BD066B394FC5FDFF01
:10B520007F206B39D97CC65941D6720061F3196707
:10B530001F85EB51D7802BD6CDCCCCCC295C8FC2CC
:10B540000AD7A300285C8F0270B501683B2982B03E
:10B55000044600F2D78041683B2900F2C180A1680F
:10B56000172900F2AB8021690B2900F295806369ED
:10B570009D0739D17748784ADFF8E4C100FB032EF4
:10B58000BCEBBE0F65D2E368002B4FF01D002FDC33
:10B59000DFF8C4C1DFF8C8E101390AD3012940F05E
:10B5A000D6801A18002A1BDC02F11F03002B00F3BF
:10B5B000C98061694A1E9007626155D01C2003F161
:10B5C0001F02002A64DC03F13D02002A00F3B6806A
:10B5D0000921624B53F821301344002BDCDD1A465D
:10B5E000C4E9032102B070BD1C20E368002BCFDD4D
:10B5F000DFF868C14FF0020E012905D19842F1DA57
:10B600001B1AC4E9033E02215CF821209A4201F191
:10B610000101A3EB0203E5DA0C29C4E90331EBD104
:10B6200065694C4900266A1C26614B4E626112F026
:10B63000030F4FF01C0001FB026208D14848B0EB39
:10B64000B20F05F26D7201FB02626FD21D20002164
:10B65000DAE703F26C7300FB0322424BB3EB321FB9
:10B660002CBF1D201C20C0E73A4800FB02C2BEEBE5
:10B67000B20F59D33B4A01F26B7100FB01C1B2EB2F
:10B68000311F03F11F022CBF1D201C20002A9ADD50
:10B690000B21C4E90321A5E70C22684601F0AAF8B2
:10B6A000DDE900216369002913446361BDBF0C31EA
:10B6B00003F1FF33C4E90413216159E718226846F6
:10B6C00001F098F8DDE90012E368002A0B44E3601A
:10B6D000BDBF183203F1FF33C4E90223A26042E781
:10B6E0003C22684601F086F8DDE90023A168002BC2
:10B6F0001144A160BDBF3C3301F1FF31C4E9013108
:10B7000063602DE73C22684601F074F8DDE9002310
:10B710006168002B11446160BDBF3C3301F1FF3112
:10B72000C4E90031236017E71D2048E70D49B1EB5C
:10B73000321F2CBF1D201C20002165E70A21C4E90F
:10B7400003214FE71A460021C4E903214AE71A46BC
:10B750003FE700BF295C8FC250B81E05CC0900200E
:10B76000285C8F020AD7A3002DE9F04F87B0074667
:10B7700003F022F981463846FFF7E6FE3A69BD49F3
:10B78000FC6851F82210B8687E69013C012AD7E9AB
:10B7900000530C4402DDB10700F0AD8006F51C52E9
:10B7A000103244F620618A42FC6100F2A081C3EBB2
:10B7B000031305EB8305462E4FF4616303FB00552D
:10B7C00073DC44D0452E00F05181AB49AB48DFF823
:10B7D000B0C2DFF8B082452340F26D1E12E0BCEB30
:10B7E000B20F03F26C7201FB0202C0F02181B8EBD0
:10B7F000321F2CBF4FF4B7727246013BB342A4EB29
:10B8000002040BD013F0030F01FB0302E7D0013B4E
:10B8100040F26D12B342A4EB0204F3D1B10740F041
:10B820002581954A954B964902FB0630B1EBB00F46
:10B83000C0F03081934906F26C7002FB0033B1EB2B
:10B84000331F40F26D1328BF4FF4B773E41A8E4BC9
:10B850004FEAE578C4FB035800F03AFA00F044FAE6
:10B860008A4B1B68002B00F0C5807869D9F804303A
:10B870003A6A00F26C70834293464BD000F050F964
:10B88000002847D15B46012BA8BF0123012B40F0C4
:10B89000B180D9F850300293DB170393029BED1867
:10B8A000039B43EB08080123AAE001F1424101F5A3
:10B8B0000F01DFF8CCC1DFF8CC8101F60961462326
:10B8C00040F26D1E10E003F26C72BCEBB00F01FB96
:10B8D00002F21CD3B8EB321F2CBF4FF4B772724682
:10B8E0000133B3421444B2D09A0701FB03F0EAD00B
:10B8F00040F26D12F4E7604A6049DFF884C102FB50
:10B90000061EBCEBBE0F80F0A780013446E74FF463
:10B91000B772E5E7D9F850A0D9F82030D9F828C097
:10B92000B3EB0A03D9E9122E0493D9F8243063EB60
:10B93000EA73B2EB0C0105936EEBEC73CDE9013ABF
:10B940000091009B9D42019B4FEAEA7178EB030353
:10B95000039160464FEAEC716DDBB2EB0A036EEBCC
:10B96000EA7E9D4278EB0E0E8CDBD9F80030002B7E
:10B9700000F09380BBF1000F40F39A80AAEB0C0219
:10B980000023396801935519114448EBE278396076
:10B99000FA6800923846FFF7D7FDF968009A019BD4
:10B9A000891A3FF473AF012940F39D804FF0FF31B6
:10B9B000FA690C4489187DD4B20740F09C802E4A65
:10B9C0002E48DFF8BCC002FB060EBCEBBE0FC0F079
:10B9D000988006F26C7602FB06002A4AB2EB301F12
:10B9E00040F26D1228BF4FF4B7729142A8BF891A76
:10B9F000F9614BE7D9F82800C1172D1848EB010869
:10BA0000009300F06BF92249009B043481FB042170
:10BA10002144E217C2EBA102C2EBC202A21A00D576
:10BA200007323B62BA612846414607B0BDE8F08F55
:10BA30004FF4B772E1E6D9F800302BB1049B9D4278
:10BA4000059B78EB030395DBBBF1000F7FF426AF7A
:10BA5000ACEB0A02012394E706F26C7C02FB0C11AA
:10BA6000084AB2EB311FFFF499AE4EE740F26D1376
:10BA7000ECE600BF280A0020295C8FC250B81E05E2
:10BA8000285C8F020AD7A30080510100640C0120BA
:10BA9000932449924FF4B773D8E6049A9542059AD5
:10BAA00078EB020ED0DABBF1000F3FF767AFA4E7E7
:10BAB0000023A2E7711E880720D1154A1548DFF838
:10BAC0005CC002FB0101BCEBB10F1DD306F26B762B
:10BAD00002FB0600104AB2EB301F40F26D1138BF76
:10BAE0004FF4B67184E78A1CD8BF012160E74FF09C
:10BAF000FF35A84697E740F26D1276E74FF4B6712E
:10BB000076E74FF4B77270E740F26D1170E700BF4F
:10BB1000295C8FC250B81E050AD7A300285C8F028B
:10BB20002DE9F843044602F047FF40F2B1739C420E
:10BB300040F3AC8086466FF4F6605D4ACEF8044070
:10BB400004EB000CA4F26D7340F26D10A4F2B2711C
:10BB50004FEAAC0C00FB01CC82FB0301DB17A3EB2B
:10BB600061136FF4C8659C446319A2FB0323514819
:10BB70000CEBD31C72460EF15005137A4A2B22D0DF
:10BB8000442B3ED1536963449169976ACE17C3FB36
:10BB90000016C91946EBE776C2E908162832AA4210
:10BBA000EBD1DEF82000DEF84810DEF82430DEF8B5
:10BBB0004C2088429341B4BF01230023CEF80030CB
:10BBC0000120BDE8F8835769A10707EB0C030CD1EE
:10BBD000394E3A4901FB0461394EB6EBB10F04D23C
:10BBE0003B2FC8BF0133013BCEE7344E324906FB41
:10BBF0000411344EB6EB311FF5D33B2FC8BF0133D0
:10BC0000F1E7A30745D02A4981FB0431E317C3EBD1
:10BC1000E1134FF4C87101FB1343002B0CBF4FF02D
:10BC200030084FF00008D768274B012F98443DDDBE
:10BC3000023F4FEA8709A8F1040108EB8707634632
:10BC400051F8046FB9423344FAD109F10401884430
:10BC50001E4F191D87FB01670F44CE17C6EBA706C1
:10BC6000C6EBC6068E1B51698F1B1169D8F80060A0
:10BC700001F1FF3148BF0737C1EBC1013944B1427F
:10BC800002DB0739B142FCDA0B447DE70020BDE856
:10BC9000F8830A49084B01FB043301F18041013963
:10BCA000B1EBB30FAFD24FF03008BCE76346CFE73C
:10BCB0001F85EB518051010050B81E05295C8FC2D1
:10BCC000285C8F020AD7A300500B002093244992CE
:10BCD000014800F0E1BA00BFD80A0120014800F095
:10BCE000DFBA00BFD80A0120014B186800F002B883
:10BCF0001CF100202DE9F04F8DB0074602F05CFEEC
:10BD0000C049C14D0446384600F01EFF296806466A
:10BD1000002800F03E8129B100F0E0FA002800F090
:10BD20001C812968DFF808830846FCF7B3F8304621
:10BD300000F0F4FC411C3846FCF7B4F8286010B160
:10BD4000314600F03BFCB14AB14FB24D00231360C5
:10BD5000C4E90333C4E90533C4E90D33C4E90F333F
:10BD60003B60A36223654A23C5E9008884F830302C
:10BD7000237200220023C4E90823C4E91223337884
:10BD80003A2B04BF737801363C2B00F0E9800DF1AB
:10BD90002808A14AA1494346304600F0E3FF0028A5
:10BDA00040F3DB800A9BDA1E072A00F2D680F25CA1
:10BDB0002D2A1E4400F0E9802B2A08BF01364FF0DF
:10BDC000010908AB02930DF11E0300930023ADF8A7
:10BDD0001E30ADF820309249CDF80C80CDF80480AB
:10BDE000434607AA304600F0BDFF002840F3B58067
:10BDF000BDF81E300A99C3EB0312BDF8203003EBE7
:10BE00008203BDF81C204FF4616000FB023303FB8A
:10BE100009FA735C3C2B0E4400F0E080814A7F49B4
:10BE20004346304600F09EFF002840F306810A9BFF
:10BE3000DA1E072A00F29180F25C2D2A1E4400F0DF
:10BE4000C9802B2A08BF01364FF0010908ABCDE9A4
:10BE500001830DF11E0300930023ADF81C30ADF8F3
:10BE60001E30ADF820300A936D49CDF80C80434662
:10BE700007AA304600F076FF002840F3F480BDF8B2
:10BE80001E30C3EB0312BDF8203003EB8203BDF874
:10BE90001C204FF4616101FB023303FB09F20492A1
:10BEA0000A9BCDF814801E444FF00009A34696F873
:10BEB0000080B8F12C0F04BF96F801800136B8F16C
:10BEC0004D0F00F0D480B8F14A0F08BF01364FF093
:10BED0000A020BA9304618BF4FF0440800F0F0FEEC
:10BEE0000B9BADF82600B34200F0AF8080B284F81F
:10BEF000088060611E464FF00203ADF81C304FF021
:10BF00000003ADF81E30ADF8203000230A933378DB
:10BF10002F2B00F0D7804FF4E153A36109F1010307
:10BF2000022B04F128044FF00109C0D1049BCBF887
:10BF30005030394B2B60DBF804003A4BCBF828A08B
:10BF40006B60FFF7EDFDDBF82820DBF850303A603E
:10BF50009B1A2E4A18BF012313600DB0BDE8F08F65
:10BF60000DF12808701C2C4A2F494346814600F0E9
:10BF7000F9FE0028F1DD0A9BDA1E072AEDD819F830
:10BF800003203E2AE9D1023611E701364FF0FF398E
:10BF900017E7264A1F4BA062C3E900224A232372F7
:10BFA00084F830301A4B20651E60184B00221E604A
:10BFB0000023C4E90300C4E90500C4E90D00C4E995
:10BFC0000F00C4E90823C4E912230846FBF762FF07
:10BFD0002E60C2E701364FF0FF3937E7701C114A77
:10BFE00011494346814600F0BDFE002822DD0A9B30
:10BFF000DA1E072AB1D819F803203E2AADD102363D
:10C000001AE700BF20E10020B8130120640C0120D2
:10C01000680C012020F10020580C01203CE1002098
:10C020004CE100204C0C012028E1002024E10020FC
:10C03000949F002073783E2BD9D1444BC4F828A09C
:10C04000C5E90033C7F800A087E7B9F1000F59D060
:10C050004D228BF830200B210122CBE90D1200225A
:10C06000CBF83C2046E7AAF56163049318E7059AEC
:10C0700003920DF12603029309AB01920093344918
:10C08000134630460DF1220200F06CFE03287FF4C7
:10C0900064AFBDF822305A1E0B2A3FF65EAFBDF8E2
:10C0A0002420511E04293FF658AFBDF8261006295A
:10C0B0003FF653AFC4E9033284F8088061610A9BFC
:10C0C0001E4418E7059B2349039308AACDE90132D2
:10C0D0000DF11E020092304607AA00F043FE002830
:10C0E0001ADDBDF81E300A99C3EB0312BDF82030EB
:10C0F00003EB8203BDF81C200E444FF4616101FB89
:10C1000002330AE74D228BF8082003200222CBE9F4
:10C110000302CBF81490EDE600224A230020002110
:10C12000CBE90801CBE91201CBE90322CBE90522D7
:10C13000CBE90D22CBE90F228BF80830CBF8282071
:10C140008BF83030CBF8502007E700BF580C0120A7
:10C1500060E1002074E10020014B93F81002704769
:10C16000B4EE0020004870478CF0002038B5074C32
:10C170000023054608462360F8F798FB431C00D0CF
:10C1800038BD2368002BFBD02B6038BD680E012022
:10C1900038B58C46084C114605461A4660460023C1
:10C1A0002360F8F78FFB431C00D038BD2368002BB9
:10C1B000FBD02B6038BD00BF680E012038B58C461F
:10C1C000084C114605461A46604600232360F8F7DE
:10C1D0006BFB431C00D038BD2368002BFBD02B60C9
:10C1E00038BD00BF680E012038B5074C0023054656
:10C1F00008462360F8F740FB431C00D038BD236895
:10C20000002BFBD02B6038BD680E012038B58C4662
:10C21000084C114605461A46604600232360F9F78C
:10C2200099FC431C00D038BD2368002BFBD02B6049
:10C2300038BD00BF680E0120014B1868704700BF71
:10C240001CF1002070B50E4E0E4DAE4208D0761B8C
:10C25000B610002455F8043B01349847A642F9D89B
:10C26000094E0A4D02F086FFAE4208D0761BB6108A
:10C27000002455F8043B01349847A642F9D870BD14
:10C2800008350060083500600C3500600835006036
:10C29000704700BF704700BF704700BF704700BFC6
:10C2A000704700BF704700BF082802D14FF480508C
:10C2B000704708B5FFF7C0FF162303604FF0FF304B
:10C2C00008BD00BF000000000000000000000000EA
:10C2D00000000000000000000000000002780B7861
:10C2E000012A28BF9A4240F0D8806DE9044540EA0F
:10C2F0000104CDE902676FF0000C4FEA44721AB3F3
:10C3000080EA010414F0070F6BD100F0070420F05D
:10C31000070004F0030521F007014FEAC505F0E826
:10C32000042314F0040FF1E804670CFA05F462EA40
:10C33000040266EA04060BD063EA0403624667EA75
:10C340000407664604E000BFF0E80423F1E8046750
:10C3500082FA4CF582EA0604A4FA8CF46CBB83FAE8
:10C360004CF583EA0705A5FA8CF595B950E9022347
:10C3700051E9026782FA4CF582EA0604A4FA8CF4C9
:10C3800083FA4CF583EA0705A5FA8CF52543DBD043
:10C390009CB92DBAB5FA85F424F0070427FA04F104
:10C3A000DDE9026723FA04F303F0FF0001F0FF0167
:10C3B000FDE80445A0EB0100704724BAB4FA84F408
:10C3C00024F0070426FA04F1DDE9026722FA04F2F8
:10C3D00002F0FF0001F0FF01FDE80445A0EB0100C1
:10C3E000704714F0030F3CD110F0030428D150F82B
:10C3F000082B51F8083B82FA4CF582EA0305A5FAAE
:10C400008CF55DB950F8042C51F8043C82FA4CF5D7
:10C4100082EA0305A5FA8CF5002DE8D02DBAB5FA0D
:10C4200085F424F0070423FA04F122FA04F202F05E
:10C43000FF0001F0FF01FDE80445A0EB010070479B
:10C440004FEAC40420F0030050F8082B21F0030148
:10C4500051F8083B0CFA04F462EA040263EA0403AC
:10C46000C9E710F003041DD0A1EB040120F0030084
:10C47000E40750F8042B06D012D28B785FFAA2F4AE
:10C48000E41A06D12BB1CB785FFAB2F4E41A00D1EA
:10C4900033B920465DF8104B7047A2EB030070479C
:10C4A00001F1040150F8042BCC0721F0030151F8ED
:10C4B000043B48D824D222F07F4482FA4CF594EA17
:10C4C0001325A5FA8CF50AD165B951F8043B84EA25
:10C4D0000204B4EB036F0ED150F8042BEBE74FEAE4
:10C4E000132355E035F07F454DD10878FDE804452C
:10C4F000C0F1000070474FEA126203F0FF0347E00B
:10C5000002EA1C4482FA4CF594EA1345A5FA8CF52C
:10C510000AD165B951F8043B84EA0204B4EB034F35
:10C520000CD150F8042BEBE74FEA134330E015EA47
:10C530001C4528D10B884FEA124229E04FEA1242EB
:10C5400003EA1C4324E002F0FF0482FA4CF594EA6B
:10C550001365A5FA8CF50AD165B951F8043B84EA54
:10C560000204B4EB032F09D150F8042BEBE74FEA98
:10C5700013630DE015F0FF0F05D10B684FEA12228F
:10C5800023F07F4304E04FF00000FDE804457047CE
:10C5900012BA1BBA82FA4CF482EA0304A4FA8CF5AC
:10C5A000B5FA85F402FA04F203FA04F34FEA1260D2
:10C5B000FDE80445A0EB1360704700BF80EA01026C
:10C5C000844612F0030F4FD111F0030F32D14DF812
:10C5D000044D11F0040F51F8043B0BD0A3F10132CC
:10C5E0009A4312F0803F04BF4CF8043B51F8043BDF
:10C5F00016D100BF51F8044BA3F101329A4312F057
:10C60000803FA4F101320BD14CF8043BA24312F05D
:10C61000803F04BF51F8043B4CF8044BEAD023465A
:10C620000CF8013B13F0FF0F4FEA3323F8D15DF80C
:10C63000044B704711F0010F06D011F8012B0CF8D4
:10C64000012B002A08BF704711F0020FBFD031F84C
:10C65000022B12F0FF0F16BF2CF8022B8CF80020D3
:10C6600012F47F4FB3D1704711F8012B0CF8012B56
:10C67000002AF9D1704700BF0000000001F0FF015F
:10C68000102A2BDB10F0070F08D010F8013B013AFD
:10C690008B422DD010F0070F42B3F6D1F0B441EA2F
:10C6A000012141EA014122F007047FF00007002345
:10C6B000F0E80256083C85EA010586EA010685FA9B
:10C6C00047F5A3FA87F586FA47F6A5FA87F68EB9F5
:10C6D000EED1F0BC01F0FF0102F0070232B110F818
:10C6E000013B013A83EA010313B1F8D100207047FE
:10C6F00001387047002D06BF35460338073815F05E
:10C70000010F07D1013015F4807F02BF013015F40D
:10C71000C03F0130F0BC0138704700BF30B490F822
:10C7200000F020F007016FF0000C10F0070491F802
:10C7300020F040F048804FF000046FF00700D1E98E
:10C74000002391F840F000F1080082FA4CF2A4FABC
:10C750008CF283FA4CF3A2FA8CF34BBBD1E902239F
:10C7600082FA4CF200F10800A4FA8CF283FA4CF33E
:10C77000A2FA8CF3E3B9D1E9042382FA4CF200F176
:10C780000800A4FA8CF283FA4CF3A2FA8CF37BB97A
:10C79000D1E9062301F1200182FA4CF200F10800F0
:10C7A000A4FA8CF283FA4CF3A2FA8CF3002BC6D0D5
:10C7B000002A04BF04301A4612BAB2FA82F200EB21
:10C7C000D20030BC7047D1E9002304F00305C4F166
:10C7D00000004FEAC50514F0040F91F840F00CFA80
:10C7E00005F562EA05021CBF63EA050362464FF0E5
:10C7F0000004AAE791FBF2F302FB1311C0E9003138
:10C80000704700BFF8B5064608200C46FFF74CFD00
:10C8100007463046FBF71CFE224A93685D6825F008
:10C820000305A5F111031C1B3C44B4FBF7F4013CC8
:10C8300007FB04F4A74208DC00213046FFF7D4FCD4
:10C84000184A93682B44984204D03046FBF706FE02
:10C850000020F8BD61423046FFF7C6FC0130114AA6
:10C860000DD0114993682D1B45F001055D600B68E3
:10C8700030461B1B0B60FBF7F1FD0120F8BD0021CA
:10C880003046FFF7B1FC074A9268831A0F2BDCDDB4
:10C8900043F001035360054B03491B68C01A08604D
:10C8A000D3E700BF38E80020DC0A012008F10020AF
:10C8B000002965D02DE9F0410C460746FBF7C8FD7D
:10C8C00054F804EC7D49A4F1080C2EF001030CEBA4
:10C8D00003028D685068954220F003000EF00106B7
:10C8E00000F08B80151850606D6805F00105A846B2
:10C8F000AEBB54F8084CACEB040C2344DCF8084005
:10C9000001F1080E74456BD0DCF80C50E560AC60AA
:10C91000B8F1000F00F08C8043F00100CCF8040067
:10C920001360B3F5007F35D2DA0848685C0901323C
:10C93000012312B2A34003434B6051F83200CCF8FC
:10C94000080001EBC203083BCCF80C3041F832C0C0
:10C95000C0F80CC03846BDE8F041FBF77FBD85B993
:10C96000034401F1080E9068704543F001047AD049
:10C97000D268C2609060CCF804404CF80330D0E735
:10C9800070474EF00102B3F5007F44F8042C4CF8D8
:10C990000330C9D3B3F5206F4FEA53204AD2980928
:10C9A00000F1390212B200F13804D20088188A5816
:10C9B0000838904203D15FE09268904204D05168F9
:10C9C00021F003019942F7D8D068CCE90220C0F8E1
:10C9D00008C03846C2F80CC0BDE8F041FBF73EBDC8
:10C9E000A5BB1844D2E90223D3609A6040F001034A
:10C9F000CCF804304CF80000ACE7184446B954F8C1
:10CA0000083CACEB030C1844DCE90223D3609A60C9
:10CA100040F00103CCF80430294BC1F808C01B6872
:10CA2000834297D8274B38461968FFF7EBFE91E70A
:10CA3000034498E714280FD9542824D8180B00F180
:10CA40006F0212B200F16E04D200AFE743F00101B1
:10CA5000CCF8041013607DE700F15C0212B200F123
:10CA60005B04D200A2E7C1E904CCCCE902EECCF829
:10CA700004404CF803306DE7A4100123A3404C6838
:10CA800023434B60A1E7B0F5AA7F07D8D80B00F18C
:10CA9000780212B200F17704D20087E740F25452D4
:10CAA000904206D8980C00F17D0200F17C04D2007F
:10CAB0007CE74FF47E727E2478E700BF38E80020E0
:10CAC0000CF100200C0B01202DE9F0431D4F83B029
:10CAD00080460E46914601F099FF3D684DB133788E
:10CAE0001C4673B1344602E014F8013F43B13D2BBC
:10CAF000FAD1404601F090FF002003B0BDE8F0837A
:10CB0000A41B28680028F4D022463146FEF730F9ED
:10CB100020B92B681A5D3D2A234404D055F8040F30
:10CB20000028F1D1E5E73A680193AA1A921040462D
:10CB3000C9F8002001F070FF019B581C03B0BDE84C
:10CB4000F08300BF64F3002000B583B001AAFFF7B3
:10CB5000BBFF03B000BD00BF82B049B15AB16BB199
:10CB600013780B601278101E18BF012002B07047B6
:10CB700001A9002AF3D1104602B070476FF00100FE
:10CB8000F4E700BF2DE9F0471D464A4B16460C4618
:10CB900082460A46114612F801EB13F80EC01CF04B
:10CBA000080CF7D1BEF12D0F5AD0BEF12B0F03BFE9
:10CBB00092F800E063468A1C634645B9BEF1300F27
:10CBC0005CD00A253C4F4FF00509A8460AE0102D1D
:10CBD0004BD04FF0FF37B7FBF5F705FB07F96FEACE
:10CBE0000909A8460021084605E02CD008FB00C032
:10CBF000012112F801EBAEF1300CBCF1090F06D99E
:10CC0000AEF1410CBCF1190F0BD8AEF1370C6545F4
:10CC100010DDB1F1FF3FECD0B842E6D94FF0FF3163
:10CC2000E7E7AEF1610CBCF1190F03D8AEF1570C78
:10CC30006545EEDC4D1C0BD003B140420EB169B925
:10CC40003460BDE8F087CC45D0DD4FF0FF31D0E750
:10CC50002223CAF800300846002EF2D0541EEFE717
:10CC600092F800E001238A1CA7E7BEF1300F11D033
:10CC70004FF00F096FF07047A846B3E7117801F045
:10CC8000DF0158290BD008254FF007096FF06047E6
:10CC9000A846A7E7117801F0DF015829E8D14FF045
:10CCA000100892F801E04FF00F0902326FF0704760
:10CCB000454697E7B10B002099999919FFF762BF94
:10CCC00000B5DFF818E084461346DEF800005DF892
:10CCD00004EB0A466146FFF755BF00BF1CF1002078
:10CCE00049B1FF2A02D80A70012070478A230360E5
:10CCF0004FF0FF3070470846704700BF30B504461C
:10CD000087B05BB110480193D0F8C85171B120468B
:10CD1000A847421C019B10D007B030BD00F58273BC
:10CD200009480193D0F8C8510029F0D10A4620469D
:10CD300003A9A847421C019BEED100218A22196059
:10CD4000226007B030BD00BFB4EE002010B582B045
:10CD5000049CCDE900344FF0FF3302F091F802B0AB
:10CD600010BD00BF0EB410B59FB021AB002453F826
:10CD7000042B1D944FF40171CDE90023ADF81C1074
:10CD800004900890FFF7CAFC0B49059009900B48E6
:10CD90000C914FF6FF71019BADF81E10009A0068D0
:10CDA000109404A91594039300F0AAF81FB0BDE8ED
:10CDB000104003B0704700BF854502001CF1002001
:10CDC0004B1C46D000B5B2F80CC0D2F804E0CBB290
:10CDD000116B2CF0200C83B0A2F80CC0C9B1516BC0
:10CDE00071450ADD1168481E106001F8013C516868
:10CDF00001315160184603B000BD11460193009205
:10CE000001F090FDDDE900230028EBD04FF0FF3367
:10CE1000F0E71169106829B1814203D210F8011CB2
:10CE2000994210D01146C2E90E0E02F1400C0320C7
:10CE30005063C2F830C001F8423F0120C2E900103F
:10CE4000184603B000BD01380EF10101C2E900012E
:10CE5000D0E74FF0FF331846704700BF2DE9F04F81
:10CE600083B0824602FB03F00C9CA0B30E46D4E9CB
:10CE70000015A8420093814621D9002704F14008FB
:10CE8000CB4601922A463046F7F762FB2368226BB5
:10CE90002B44C4E9003711465046FAB1424501D04F
:10CEA000FFF706FDE36B27632E446360B3B1ABEB82
:10CEB000050BA16B21605B451D46E3D3D9464A466D
:10CEC0003046F7F745FBD4E90032A2EB09024B44A8
:10CED000C4E90032009803B0BDE8F08FA389019A3D
:10CEE00009EB0500A0EB0B0043F02003B0FBF2F0D0
:10CEF0002269A3810023C4E9002303B0BDE8F08FB9
:10CF00002DE9F04FE3B0B1F90C504C6E02AFAE0416
:10CF10009146FB6105D445F4005524F400548D81FD
:10CF20004C66A50400F1EA8578638A460822C4F3BA
:10CF3000403107F14000FDF70DFEC4F3403E0AF119
:10CF40004003C7E90BEEC7E9033EC7F828E0F34604
:10CF50007446984BD3F8CC51FFF7FEF807F1400226
:10CF6000009203464A46786B07F13C01A847002827
:10CF7000C0F2C080FB6B002B00F0AC800128814424
:10CF8000014600F0C580252B42D00028E1D0A9EB56
:10CF90000108DAF804301A464044002A00F1FF354F
:10CFA00008F1FF3617DDDAF8003018787278904211
:10CFB00003F1010306F1010140F08C80DAF804204E
:10CFC000CAF80030013AA942CAF8042000F0AB8048
:10CFD000002A0E46E7DCDAF83030786B1946002B71
:10CFE00000F07685FA68934201D0FFF761FCDAF829
:10CFF0003C30CAF804300022CAF83020002B00F080
:10D000006785DAF83830CAF80030CEE701200146EB
:10D01000002699F800503246A5F1250309F1010CCC
:10D02000552B57D8DFE813F022055600560056005E
:10D030005600190556005600560056005600E600E8
:10D04000E600E600E600E600E600E600E600E600B0
:10D05000E600560056005600560056005600560090
:10D06000560056002A033901560056005600560055
:10D070005600560056008400560056005F015600C8
:10D0800056005600E9025600560056005600F000C1
:10D0900056005600A601560056005600560056008F
:10D0A000560056009B020105560056005600FF022E
:10D0B0000B038400560053017901EC04DB03C9041F
:10D0C00056005600D8048C00870156005600F00028
:10D0D00056008C00BB6A3BB1FB6A013372D0BB6A5D
:10D0E000186808B1FAF7D6FEF86A07F5C277BD46A8
:10D0F000BDE8F08F4FF6FD730822002107F14000D4
:10D10000FB63FDF727FDFB6B002BE3D009F1010961
:10D11000294AD25C110719D4252B3FF477AF09F1C6
:10D12000FF38012035E702365E44A6EB080B10E716
:10D130003507CFD199F8015046F00206E1466BE77A
:10D140003307C7D199F80150E14665E7DAF80420C2
:10D15000D7F834800AF14006002510E0DAF80030F4
:10D160001A7815498A5C120703F101037FF5F1AEC5
:10D17000DAF80420013ACAE900320BF1010B002A67
:10D18000ECDCDAF8303040461946002B01F0A5807F
:10D19000B34201D0FFF78CFBDAF83C30CAF83050CC
:10D1A000CAF80430002B01F09880DAF83830CAF859
:10D1B0000030D5E7B4EE0020B10B0020BB6A002B95
:10D1C00000F09C84BB6ADE8818687EB10024051FCD
:10D1D000A046814655F8043F1868FAF75BFE013413
:10D1E0002B68B442C3F80080F4D148464FF0FF33B7
:10D1F000FB6276E716F08F0F7FF46CAF02EB8202D2
:10D2000005EB4202303A9DE7DAF80430C7F818C05F
:10D21000002B46F4007640F3D983DAF80000DFF8FB
:10D220005081017818F801502D07014641F1AC8179
:10D230004D4838611020386303257C6218460AF196
:10D24000400491460CE00131CAF80010087818F843
:10D25000000002070BF1010B40F15584DAF80400DD
:10D2600001380028CAF80400EDDCDAF83030786BB9
:10D270001946002B00F02C84A34201D0FFF718FBC5
:10D28000DAF83C10CAF804100023CAF8303000293C
:10D2900000F01E84DAF83810D6E7DAF80430C7F860
:10D2A00018C0002B46F0010640F36586DAF800004E
:10D2B000DFF8BC80017818F801502D07014641F1D4
:10D2C00092812A4838610A2038630325B5E735077B
:10D2D0007FF400AF99F801506C2D00F0878746F07D
:10D2E0000106E14698E6DAF80430C7F818C0002BCA
:10D2F00046F0010640F37A82DAF80000DFF8708029
:10D30000017818F801502D07014641F14581164872
:10D3100038610820386303258FE716F08F037FF408
:10D32000D9AEBD6A002D01F01E8099F8015046F07B
:10D330008006E14670E6DAF80430C7F818C0002B22
:10D3400041F32E80DAF80000DFF82480017818F825
:10D3500001502D07014641F14F81034838610A20F1
:10D360003863032569E700BFE16902001126020066
:10D37000B10B0020614607F180007A6201F080FA6B
:10D38000DAF804307A6AB861002B46F0400641F3BF
:10D390000480002A08BF4FF0FF3206F0100316F099
:10D3A00001087B6100F0C183002B40F04586FB69DA
:10D3B000300653F8041BB960FB6140F1B0870029C7
:10D3C0003FF488AE80207A62FAF75CFD7A6A814683
:10D3D000002800F08F83BB681860BB6ADD889E88D8
:10D3E000B54280F07A861868BB6840F82530BB6A81
:10D3F000C7F804900135DD8020233B60C7F824B0D6
:10D400004FF000089346FEF7A7FE404500F06B83FF
:10D41000DAE9003207F1580013F8011B00F8081090
:10D42000013A032CCAE9003208F1010807F1480665
:10D4300002D13368042B04D0082200213046FDF7C6
:10D4400089FB00964946786B434607F1580201F084
:10D450006DFC411C044600F04683002840F019830F
:10D46000C9F80000054607F15003082200211846BC
:10D470003B62FDF76FFB7E493B6A786B2A46D1F829
:10D48000C85107F13801A84701280CBF97F8385058
:10D49000002507F180035B5D002B00F04C877B6A61
:10D4A000032C43447B6200F0FD827B690BF1FF3B60
:10D4B0005BB9BB6809F104093BB17B68A9EB0305C3
:10D4C0003B68B3EBA50F40F22183DAF80430002B60
:10D4D0004FF0000824DDBBF1000F94D1D7F824B041
:10D4E0007B69ABB9C9F80030BB6873B17B683A6837
:10D4F000A9EB03018B1001339A4206D9BD680431B0
:10D500002868FAF7B1FF00B12860FB6A0133FB62BB
:10D51000D7F818901DE5DAF80430002B3FF773AF09
:10D52000DAF83010002900F0C9870AF14003994267
:10D5300002D0786BFFF7BCF90023CAF83030DAF874
:10D540003C30CAF80430002B00F0B887DAF83830E5
:10D55000CAF80030BBF1000F7FF455AFBEE7DAF830
:10D560000430C7F818C0002B46F0400640F3018590
:10D57000012A38BF0122F307154600F18C80F3061B
:10D5800000F12085FB693606D3F8008040F1DA848B
:10D59000B8F1000F3FF49EAD1046FAF773FC024657
:10D5A00000283FF40BAEBB6AC8F80000DE88B3F871
:10D5B00004904E4580F047861868BB6A40F8268084
:10D5C0000136DE80CDF800A01146786B2B46012293
:10D5D000FFF744FC0646002801F06680854240F2D1
:10D5E000BD84D8F800003146FAF73EFF002800F06D
:10D5F000B584C8F8000000F0B1BCDAF80430C7F810
:10D6000018C0002B46F0010040F3D186DAF8001074
:10D61000DFF864800D7818F805502D0741F13B8044
:10D620000646022509E633077FF454AD99F8015008
:10D63000682D00F0D38546F00406E146ECE4DAF804
:10D640000430C7F818C0002B40F3A086DAF80000B9
:10D65000DFF82480017818F8015015F0080501461C
:10D6600000F0C68703483861002038630325E4E5ED
:10D67000B4EE002011260200B10B0020DAF80430CD
:10D68000C7F818C0002B46F0410640F37284012A07
:10D6900038BF0122154616F010037B6240F0D48497
:10D6A000FB6953F8042B3006C7E9073240F1308696
:10D6B000002A3FF40FAD8020FAF7E4FB81460028F2
:10D6C00000F018823B6A1860BB6ADE88B3F80480F9
:10D6D000464580F0178518683B6A40F82630BB6ADB
:10D6E000C7F808900136DE8020237B614FF00008E8
:10D6F000FEF732FD404500F0F681DAE9003207F12D
:10D70000580013F8011B00F80810013A032CCAE96D
:10D71000003208F1010807F1500602D13368042BEA
:10D7200004D0082200213046FDF714FA009649463D
:10D73000786B434607F1580201F0F8FA411C0446A1
:10D7400000F0D181002840F094817B6AC344013D00
:10D750006BB9C9F800303B6A3BB1BB68A9EB030663
:10D760007B69B3EBA60F40F2F98209F10409DAF8FC
:10D770000430002B4FF0000814DD002DB8D13B6AB7
:10D780003BB1BB68A9EB03017B69B3EBA10F00F2CE
:10D790007A857B6A002B7FF4BBAEB6E6DAF80430FC
:10D7A000002BA5DCDAF83010002900F05C860AF1C5
:10D7B0004003994202D0786BFFF77AF80023CAF849
:10D7C0003030DAF83C30CAF80430002B00F04B86D9
:10D7D000DAF83830CAF80030002D89D1CFE7DAF80E
:10D7E0000430C7F818C0002B3FF786ADB54B3B613E
:10D7F00008233B630325DAF83010002900F0688124
:10D800000AF14003994204D0786B7A62FFF750F82E
:10D810007A6ADAF83C30CAF804300021CAF83010CD
:10D82000002B00F05581DAF83810CAF800107006A5
:10D8300040F12787012D3FF4ACAD002D3FF498AEA9
:10D84000022D40F09B82002A08BF4FF0FF3206F005
:10D85000100316F001097B6200F003827B6A002B43
:10D8600040F0F983FB69300653F8041B7961FB61D2
:10D8700040F1468500293FF42DAC80203A62FAF74A
:10D8800001FB3A6A8146002800F034817B69186008
:10D89000BB6ADD889E88B54280F04A8418687B693F
:10D8A00040F82530BB6A0135DD80CE464FF0200CB4
:10D8B000DAF80030DFF814821B7818F8035015F0FE
:10D8C000080560D1C7E901EC2646C7F80080144678
:10D8D000FEF742FCA84200F00681DAE9002107F1D8
:10D8E000580312F8010B58550139032E05F10108B0
:10D8F000CAE900213B6207F1500502D12B68042BD5
:10D9000004D0082200212846FDF724F900953A6A40
:10D91000786B4346494601F009FA421C064600F07E
:10D92000E280002840F06A84C9F8000001F0BCFAE7
:10D93000002840F0B584C344013C7B6A002B40F0D2
:10D94000DB847B6909F10409002B00F0D5847B6836
:10D95000A9EB0305BB68B3EBA50F40F23186D7F8FE
:10D960002480DAF80420002A40F3E285DAF8002067
:10D9700012783B689A5C150702D4002C40F08D8425
:10D98000D7E901EC34467B6A002B7FF4C1ADC9F8BE
:10D9900000307B69002B3FF4B8ADA9EB0E018B1072
:10D9A00001339C457FF6B1AD7D6904312868FAF7F3
:10D9B0005BFD00287FF4A8ADA7E5DAF80430C7F8CE
:10D9C00018C0002B46F408763FF727AC3D4B3B616F
:10D9D00010233B6303250EE7DAF80430C7F818C0BC
:10D9E000002B40F3D084DAF80010DFF8E0800878EC
:10D9F00018F80000000748BF02253FF51EAC22E7DB
:10DA0000F506C7F818C03FF583ADFA69300752F83C
:10DA1000043BFA6100F12F84710740F1A685D7F825
:10DA20001890A3F800B0FFF794BADAF80430C7F8FA
:10DA300018C0002B40F39F82DAF80000DFF88C80DA
:10DA4000017818F801502D0701463FF53AAC1E4BFE
:10DA50003B610A23E1463B6394E132437FF43AABF6
:10DA600099F801501026E146FFF7D6BAE146FFF7D4
:10DA70008CBA821C3FF492AE0328C34403D13368AE
:10DA8000042B00F05F817B6A013D002B3FF463AE05
:10DA90006DE6821C3FF43FADD9F800506B1C7FF45B
:10DAA000E2ACF6E43368042B7FF4FFAC7B69002B17
:10DAB0003FF4FFACDAF80430002B4FF000083FF7DA
:10DAC000A2AC2DE5E169020011260200B10B002095
:10DAD000DAF81010BAF80C300022CAE9001243F04C
:10DAE0002003AAF80C30FB6A23B1BAF80C305A06AE
:10DAF0007FF5F0AABB6A002B7FF464AB4FF0FF33D5
:10DB0000FB62FFF7F1BA7C6A4A4693E67868D9006F
:10DB10001E46FAF7A9FC78600028EBD0BA687300BB
:10DB200000EB050910603B60CFE47B69002B40F0FF
:10DB30009A82FB6916F08006D3F8008000F0F78324
:10DB4000B8F1000F3FF4C6AA20207A62FAF79AF9DA
:10DB5000054600283FF432ABBB6A7A6ADE88B3F828
:10DB60000490C8F800004E4580F0FE821868BB6A39
:10DB700040F826800136DE804FF02009DAF80010E8
:10DB800007F180000B78C35C002B3FF4A3AA0AF1D5
:10DB90004003C7E908B37C612E46144683462846F5
:10DBA000DAF80450013DCAF804504D1CCAF8005080
:10DBB000097800F8011BB8F1000F02D0851B4D4514
:10DBC00027D20546013C0AD0DAF8041000292EDDE0
:10DBD000DAF8001008781BF800000028DFD1AE1B2F
:10DBE000D7F820B07C693FF475AAFB690433FB6168
:10DBF00000232B70B8F1000F03D0711C894500F28F
:10DC00004584FB6AD7F818900133B344FB62FFF7F1
:10DC1000A0B94FEA490930464946FAF725FC0646BD
:10DC200000283FF4CBAA0544C8F80000CAE7DAF898
:10DC30003010002900F05B847B6A994202D0786B37
:10DC4000FEF736FEDAF83C10CAF804100023CAF8D2
:10DC50003030002900F04B84DAF83810CAF8001090
:10DC6000B8E706F01003002B40F0C483FB6916F000
:10DC700080061B687B6200F0AD821E46002B3FF4DD
:10DC800029AA20203A62FAF7FDF8054600283FF459
:10DC900095AABB6A3060B3F80490DE883A6A4E45B4
:10DCA00080F0798118687B6A40F82630BB6A0136BB
:10DCB000DE802023DAF80000DFF8A884017818F865
:10DCC00001100E0700F1B68191462E4622461C46F1
:10DCD0005B46C346DAF804100139CAF80410411C47
:10DCE000CAF80010017805F8011B796A21B1A5EB8B
:10DCF0000608A04580F09582B9F101090BD0DAF849
:10DD00000410002940F35783DAF8000001781BF86B
:10DD100001100907DED59B46A91B23468B441446F8
:10DD20000131FA690432FA6100222A707A6A12B16A
:10DD30008B4200F21F83FB6AD7F818900133FB6215
:10DD4000FFF707B97B6A002B3FF405ADDAF8043022
:10DD5000002B3FF7CBAC4FF0000823E5B868D900A3
:10DD6000FAF782FBB86000283FF4C4AE7B693A6AD8
:10DD70005B0000EB060910607B61F6E4D7F81890B1
:10DD8000DAF80000531E262B40F2CB80A2F12703C5
:10DD9000BB6127220AF1400307F158057B624B461D
:10DDA00046F45866A1464FF0000814463D621A46F4
:10DDB00090F800C0ACF12B014D293BD8DFE801F011
:10DDC0007D3A7D3A3A8A6969696969696982823A04
:10DDD0003A3A3A3A3A3A2727272727273A3A3A3A15
:10DDE0003A3A3A3A3A3A3A3A3A3A3A3A3A713A3A5C
:10DDF0003A3A3A3A3A3A2727272727273A3A3A3AF5
:10DE00003A3A3A3A3A3A3A3A3A3A3A3A3A713B6B09
:10DE10000A2B0FDD26F4386605F801CBDAF804107A
:10DE200001390029CAF8041061DD0130013CCAF84B
:10DE30000000BDD14C467D629146F00509D5D7E979
:10DE400008329A4200F29D80D7E908329A423FF4A4
:10DE500041A916F0100215D17B6A396A3D691A7022
:10DE6000786B3B6BA847FB69B10603F104055CD4F2
:10DE7000320740F19081FB691B681870FB6AFD61F5
:10DE80000133FB62D7E90832D51A4544AB44FFF7AA
:10DE900060B83B6BB14931F913303B6326F4386607
:10DEA000BAE706F4C061B1F5007FC3D126F400766D
:10DEB000102346F4A0663B63AEE73306BAD526F0DE
:10DEC0008006A9E73B6BA54931F91310396308298E
:10DED000A0DCAFE733059FD53B6B1BB9082346F4A5
:10DEE00000763B63710523D526F4B06694E7DAF833
:10DEF0003010002900F00E83786A814204D0786BDC
:10DF00007A61FEF7D5FC7A69DAF83C10CAF8041099
:10DF10000023CAF83030002900F0FC82DAF838001B
:10DF200084E70023BB6135E7FB691B681860A5E740
:10DF3000BB6926F4607613B1013BBB61013408F183
:10DF400001086BE7CDF800A01346786B414601222B
:10DF5000FEF784FF064600283FF4C5ADFB69D7F8FD
:10DF600018900433FB61FB6A0133B344FB62FEF794
:10DF7000F0BF00253FE47A4B3B610A233B63032556
:10DF800039E412F8011C786B15465246FEF718FF6B
:10DF90006B1E7B6258E74FF6F67399453FF612A960
:10DFA000BB6A3A6209F1080918684FEA8901FAF771
:10DFB0005BFA00283FF406A9BB6A3A6AA3F804900A
:10DFC000186070E6DAE900139A4240F36C82194453
:10DFD000CAF80010DAF830101E46002900F0C3829B
:10DFE0000AF14003994202D0786BFEF761FCDAF83F
:10DFF0003C300022CAF83020002B00F0B482AA1B6B
:10E000009A42C8BF9D1940F34C82BAF80C3043F0D5
:10E010002003AAF80C30DAF81030CAF800300023D8
:10E02000CAF80430002D3FF45EADD7F81890AB4429
:10E03000FEF78FBF012174E60023C7E90033BB6000
:10E0400007F13C09FFF7DAB900237B61BB603B6253
:10E050009946FFF74BBB4FF0000CE646C7F814C0DB
:10E0600007F13C0924E4DAF8001007F180000B788E
:10E07000C35C002B3FF42EA87C62454691460AF112
:10E080004004064604E00B78F35C002B00F09C8013
:10E09000DAF8043008F101080131013BC145CAE951
:10E0A000001300F09180002BEDDCDAF8301000292D
:10E0B00000F07782A14202D0786BFEF7F9FBDAF824
:10E0C0003C30CAF83050CAF80430002B00F06982A6
:10E0D000DAF83810CAF80010D5E74FF6F6739E420A
:10E0E0003FF608ADBB6A7A6208361868B100FAF7E5
:10E0F000BBF900283FF4FEACBB6A7A6A9E801860C8
:10E10000FFF772B94FF6F67398453FF6F3ACBB6A6A
:10E1100008F1080818684FEA8801FAF7A5F90028FD
:10E120003FF4E8ACBB6AA3F804801860FFF7D4BAE8
:10E130004FF6F6739E423FF6DDACBB6A3A62083694
:10E140001868B100FAF790F900283FF4D3ACBB6A25
:10E150003A6A9E801860FFF7A2BB00BF1427002018
:10E1600011260200B10B00204FF6F67399453FF6D9
:10E1700029A8BB6A7A6209F1080918684FEA89017F
:10E18000FAF772F900283FF41DA8BB6A7A6AA3F86F
:10E1900004901860EBE4730771D416F001027FF469
:10E1A000C3AEB1077FF5C0AEC14B3969786B9942F8
:10E1B0003B6B396A00F0368200F0EAFC0B46FA69E4
:10E1C0001168C1E9000359E67C6AD7F81890C34486
:10E1D000FEF7BFBE7D6A7E6233466BE599F802505A
:10E1E00046F0080609F10209FEF716BF99F8025039
:10E1F00046F0020609F10209FEF70EBF831C3FF448
:10E20000B0ABD9F8000000F04FFE002848D1032E33
:10E21000C3447FF491AB2A68042A7FF48DABFFF7E7
:10E220008CBB6400304621467A613B62FAF71CF9E8
:10E23000064600283EF4C2AF7B6A7A69186000EB9C
:10E2400008053B6A58E54FF6F67399453EF6BAAFB6
:10E25000BB6A7A6209F1080918684FEA8901FAF77E
:10E2600003F900283EF4AEAFBB6A7A6AA3F80490C3
:10E270001860FFF7A2B983F800B0FFF749B9FB694E
:10E280001B681880FAE53D6A2868FAF7EDF800285F
:10E290003FF47FAA2860FFF77CBA4546FFF718BB1A
:10E2A000D7E901EC3D6AC7F8209034464646D7F8D6
:10E2B0003480BC60F146AC196546013E14F8011D7E
:10E2C00052464046FEF77CFD002EF6D1CE46BC6895
:10E2D000D7F82090AC46FFF756BBBAF80C3043F0A5
:10E2E0002003AAF80C30DAF81030CAF80030002306
:10E2F000CAF80430FEF72DBE4FF00008FFF731BB1F
:10E300007B6AD7F814907B619C469E46FFF7D0BA93
:10E31000D7E908937B61BB603B62FFF7E7B97B6994
:10E32000D7F80890BB60C7E90033FFF767B84546E8
:10E33000B146B04622E4D7F824B0B8F1000F3FF45C
:10E34000CFA807F1580303EB08054646D7F83480F9
:10E3500015F8011D013E52464046FEF731FD002EE4
:10E36000F6D1FFF7BDB882B0CDE9023302ABBB6294
:10E37000FEF7DBBF10681546FAF776F800283FF481
:10E38000DAAC2860D7E40225FFF735BA494B3B6188
:10E3900000233B630325FFF72EBA0125FFF72BBAB5
:10E3A000434B3B610A233B630325FFF724BA064630
:10E3B0000225FFF720BADAF83010002900F0368184
:10E3C0000AF14000814206D0786B7A613B62FEF729
:10E3D0006FFA7A693B6ADAF83C10CAF80410002038
:10E3E000CAF83000002900F02181DAF83800CAF8B4
:10E3F00000008BE4DAF80010DFF8BC800B7818F826
:10E40000033018073FF584A87C624D460AF14004AA
:10E41000164604E00B7818F803301B0763D4DAF8CB
:10E42000043009F101090131013B4E45CAE90013ED
:10E4300059D0002BEEDCDAF83010002900F0E18032
:10E44000A14202D0786BFEF733FADAF83C30CAF812
:10E450003050CAF80430002B00F0D380DAF83810BE
:10E46000CAF80010D6E7BAF80C3043F02003AAF837
:10E470000C30DAF81030CAF800300023CAF8043043
:10E48000B8F1000F3FF47BA9FFF72DBBD8F80000CF
:10E49000F9F7EAFF00283FF4B4ABC8F80000FFF733
:10E4A000B0BBDAF838109B1A1144CAE90013BCE576
:10E4B000E169020011260200B10B0020BAF80C300D
:10E4C000D7F824B043F02003AAF80C30DAF8103063
:10E4D000CAF800300023CAF80430B8F1000F3EF447
:10E4E000FFAFFFF700BB7C6ACB44FFF711B8BAF867
:10E4F0000C30D7F820B07C6943F02003AAF80C3028
:10E50000DAF81030B542CAE900313FF4ECAAAE1B8C
:10E51000FFF76BBBBAF80C307D6243F02003AAF81A
:10E520000C30DAF810304C46CAE90031914684E4E8
:10E53000DAF83010002900F08E800AF14002914292
:10E5400002D0786BFEF7B4F9DAF83C20CAF8042060
:10E550000021CAF83010002A7DD0DAF83820CAF835
:10E560000020FFF705BA35464FE5F20708D4B60795
:10E5700006D54FEAEB72C3F800B05A60FEF7C8BF89
:10E58000C3F800B0FEF7C4BF504B3B6110233B63A0
:10E59000D7F81890FFF7F6BB4C4B3B6108233B6361
:10E5A000F6E7BAF80C307C6A43F02003AAF80C3086
:10E5B000DAF81030CAF800300023CAF8043004E654
:10E5C0007868D900F9F750FF786000283FF492AAE4
:10E5D000BB687A69D7F8248010605B0000EB0509FE
:10E5E000BB60FFF7BEB93A4B3B610A233B63CFE701
:10E5F000374B3D633B61CBE7344B3B610A233B63C5
:10E60000C6E7BAF80C307C6A43F02003AAF80C3055
:10E61000DAF81030CAF800300023CB44CAF80430CE
:10E62000FEF776BF00F080FB0B46C8E59B4623460D
:10E630001446BAF80C2042F02002AAF80C20DAF8AE
:10E640001020CAF80020A91B00228B44CAF804201D
:10E650000131FFF766BBBAF80C3043F02003AAF88B
:10E660000C30DAF81030CAF800300023D7E901EC9A
:10E670003446CAF80430B8F1000F7FF434AAFFF72B
:10E6800082B90878DFF84C8018F8000000077FF5A1
:10E69000D1A8FEF7D2BD92B906F010037B62064600
:10E6A0004FF0FF32FFF7DAB8FB6A002B3EF48AAD79
:10E6B000BAF80C305B067EF50FADFEF783BD06F0B1
:10E6C00010037B620646FFF7C9B800BFE16902008C
:10E6D00011260200B10B002070B5002941D006467A
:10E6E0000C4610B1436B002B3ED0FBF7FDFE636E72
:10E6F000B4F90C20DD0730D4900538D521463046DA
:10E70000FBF75EFDE36A054633B1E16930469847A1
:10E710000028B8BF4FF0FF35A3891A0639D4216B02
:10E7200041B104F14003994202D03046FEF7C0F8EF
:10E7300000232363616C21B13046FEF7B9F8002352
:10E740006364636E0022DB07A2811ED5A06DFDF716
:10E75000A1FDFBF7CFFE284670BD002ACED1FBF706
:10E76000C9FE0025284670BDFBF7A0FEBDE7A06DE1
:10E77000FDF794FDB4F90C30002BBFD1636ED907BF
:10E78000EDD4A06DFDF78EFDE9E7A06DFDF78AFDE4
:10E79000DCE721693046FEF78BF8C0E7B1F90C20C1
:10E7A000930706D501F143030122C1E904320B604E
:10E7B000704730B50B46B1F90E10002999B00446E8
:10E7C00032DB02AA009300F0FBF80028009B29DB53
:10E7D0004FF4806120460093039DF9F763FB009B93
:10E7E000B3F90C20002839D005F4704142F08002C2
:10E7F00018601861B1F5005F4FF480609A8158612C
:10E800003AD1B3F90E100093204600F0EDF8009BCA
:10E81000B3F90C2080B322F0030242F001024FF45E
:10E82000006117E0B3F90C20019312F0800F0CBFC8
:10E830004FF48061402120460091F9F733FB019BA2
:10E840000099B3F90C2048B1C3E9040142F08002F9
:10E85000186000210A439A8119B030BD9105FBD49C
:10E8600022F0030203F1430142F002020120C3E956
:10E8700004109A811960EFE74FF40061EAE700BFE6
:10E8800030B591F800C0BCF15E0F864626D000235B
:10E89000481C1C46002263F3070263F30F2263F354
:10E8A000174263F31F620EF58071734643F8042B21
:10E8B0008B42FBD1BCF1000F0ED084F001010EF8A9
:10E8C0000C10451C15F8013C2D2B0FD05D2B0BD0E7
:10E8D0001BB19C462846F2E7013830BD012391F870
:10E8E00001C0881C1C46D5E7284630BD44785D2C05
:10E8F000EFD0A445EDDC0EF101020230624402F8D3
:10E90000011BA2EB0E03013B9C42F8DCA4EB0C03C1
:10E91000013BA445A8BF00230CF1010C02359C4427
:10E92000D0E700BF70B501F140030C46096B994276
:10E9300082B015D0636B01935D002A46F9F79EFD06
:10E94000014630B3019B0190C6181A463046F5F7D0
:10E95000FFFD01992660C4E90C15002002B070BDCE
:10E960004FF48061F9F79EFA98B194F842304FF471
:10E970008062C4E90C0280F8FF3394F8413080F8DB
:10E98000FE3394F8402080F8FD2300F2FD3323602D
:10E99000E3E74FF0FF30E1E759B1034600EB010C2C
:10E9A00002E001339C4504D01A78002AF9D1181AE4
:10E9B00070470846704700BF0048704740EE00208F
:10E9C00038B5084C00230546084611462360F5F784
:10E9D00071FF431C00D038BD2368002BFBD02B6097
:10E9E00038BD00BF680E012038B5074C002305462E
:10E9F00008462360F5F764FF431C00D038BD236848
:10EA0000002BFBD02B6038BD680E01200148FDF7BC
:10EA100045BC00BFCC0A01200148FDF743BC00BF44
:10EA2000CC0A01202DE9F04F85B089460092574A63
:10EA300003901E460D46294615F8014B135D13F051
:10EA40000803F8D12D2C75D02B2C0CBF0293029308
:10EA50004FF0FF3308BF2C78019308BF8D1C6FF077
:10EA6000004A2EB9302C73D00A27B0463E4604E047
:10EA7000102E67D037464FEAE67801983A4643466B
:10EA80005146F8F7EFFF002393468E46024619469B
:10EA90001846A44610E08E4508BF82423BD000FBDA
:10EAA00008F307FB0133A0FB07010B44201843EBDD
:10EAB000E471012315F801CBACF13004092C05D920
:10EAC000ACF14104192C0DD8ACF13704A64211DD8C
:10EAD000B3F1FF3FEED082427EEB0103DBD24FF079
:10EAE000FF33E7E7ACF16104192C03D8ACF157040C
:10EAF000A642EDDC5A1C13D0029A12B1404261EBDF
:10EB00004101009A22B1002B37D1009BC3F800903D
:10EB100005B0BDE8F08FA345C1DA4FF0FF33C9E778
:10EB2000039A22231360009B53B3019805F1FF3928
:10EB30005146EAE7019301232C7802938D1C4FF094
:10EB4000004A8EE7302C0CD037464FF0000894E78F
:10EB50002B7803F0DF03582B08D00827B0463E4639
:10EB60008BE72B7803F0DF03582BEDD110276C785F
:10EB70004FF0000802353E467FE701908A46D4E711
:10EB80000198514605B0BDE8F08F00BFB10B0020E1
:10EB9000FFF748BF2DE9F04F85B08B460192604AE0
:10EBA00003901E460D46294615F8014B135D13F0E0
:10EBB0000803F8D12D2C7ED02B2C03BF2C78029388
:10EBC0008D1C02936EB9302C00F086804FF00A093C
:10EBD000B246DFF850814FF0050C4FF099374E46A2
:10EBE00017E0102E6CD04FEAE67A324653464FF0CB
:10EBF000FF304FF0FF31F8F735FF324607468846C1
:10EC000053464FF0FF304FF0FF31F8F72BFFB1467E
:10EC1000944600221046114610E0414508BFB84214
:10EC200039D000FB0AF209FB0121A0FB09021144C3
:10EC3000181841EBE371012215F8014BA4F13003E0
:10EC4000092B05D9A4F14103192B0CD8A4F13703E2
:10EC50009E4210DD541CEFD0874278EB0102DCD2DB
:10EC60004FF0FF32E8E7A4F16103192B03D8A4F1B8
:10EC700057039E42EEDC531C12D0029B13B140425C
:10EC800061EB4101019B1BB192B9019BC3F800B03C
:10EC900005B0BDE8F08F6345C3DD4FF0FF32CBE731
:10ECA000039922230B60019B10461146002BEFD0E5
:10ECB00005F1FF3BE9E701232C7802938D1C81E7E6
:10ECC000302C19D04FF00F0C4FF0FF376FF0704819
:10ECD000B1464FF0000A9CE72B7803F0DF03582B76
:10ECE0000FD04FF00809B2464FF0070C4FF0FF3736
:10ECF0006FF060484E468CE72B7803F0DF03582B0B
:10ED0000E0D14FF010096C784FF00F0C02354FF046
:10ED1000FF376FF070484FF0000A4E4679E700BFAA
:10ED2000B10B002099999919FFF734BF30B583B022
:10ED30000446069858B11248D0F8CC517AB10698DA
:10ED400000902046A847431C12D003B030BD04F108
:10ED5000F40006900A48D0F8CC51002AEFD1069B67
:10ED6000009311460123074A2046A847431CECD1D3
:10ED7000069900228A230A60236003B030BD00BFD9
:10ED8000B4EE0020949F00202DE9F04F8BB0DDE918
:10ED90001589149F02901C46B8F1000F57D01668D1
:10EDA00001960029C34608BF4FF0FF37002588466B
:10EDB0000391924606E0019B53F8040B019300284F
:10EDC00037D06546AF423ED9002C3CD0DBF800304E
:10EDD0000493DBF804300593019B02981A68D9F874
:10EDE000C8615B4606A9B047431C33D000EB050C55
:10EDF000BC453AD8039B013C002BDCD000280DDD3C
:10EE000008F1FF32019E06A900EB020E11F8013B4A
:10EE100002F8013F7245F9D101968044019BDAF86E
:10EE2000002053F8040B01930432CAF80020002894
:10EE3000C7D10399D84609B1CAF800000022C8F822
:10EE400000200CF1FF3528460BB0BDE8F08F00F52F
:10EE50008678A4E7029B05468A210022284619608D
:10EE6000CBF800200BB0BDE8F08FD846DDF810A03D
:10EE7000DDF814B02846C8E900AB0BB0BDE8F08F50
:10EE800000B585B0DFF81CC0069800900798019087
:10EE900003480068CDF808C0FFF776FF05B000BD55
:10EEA0001CF10020B4EE0020002100F001B800BFEA
:10EEB00010B500F0A7F8044600F0D6F81A38C0B232
:10EEC000022806D9A4F1090004288CBF00200120E3
:10EED00010BD012010BD00BF0229C0F30722C3B23C
:10EEE00024D0032903D082F0800283F0800302F152
:10EEF0005001C9B21F290BD902F13001C9B224292E
:10EF000034D84FF2A641884226D94FF0FF307047DF
:10EF10004CF6D3718842F8D8A13B4FF0FE00B03ACE
:10EF2000304912FB003231F8120070479E2B0FD986
:10EF30002333DBB280219F2A94BF703A503201EB19
:10EF40004201CAB202F15001C9B21F29D4D8DFE789
:10EF50007E3BDBB27F21EEE7A13B4FF0FE00D03AD3
:10EF6000214912FB003231F812007047A13A072AFA
:10EF7000CBD8DFE802F031281E18130F0B04C02B8A
:10EF8000C3D81A4AA13B32F813007047F12BBCD802
:10EF9000174A19E0D82BB8D8164A15E0F62BB4D882
:10EFA00003F540507047F32BAFD803F53E502030A7
:10EFB0007047114A1A4412F8A12C002AA5D003F573
:10EFC0007E40603070470D4AA13B32F813000028A4
:10EFD00008BF4FF0FF307047094AA13B32F81300D9
:10EFE000704700BFE80F0020245D00209C0F002028
:10EFF000F80E0020880E00202C0E0020700D00203E
:10F00000B40C002038B50546B9B101F212241249FA
:10F010002046FDF763F928B928460121BDE83840AC
:10F02000FFF75ABF0D492046FDF758F938B9284671
:10F030000221BDE83840FFF74FBF094CE7E7094917
:10F040002046FDF74BF928B928460321BDE8384092
:10F05000FFF742BF284638BDCCE10020D0E10020B8
:10F06000C6F00020D8E10020184B98422BD870B58C
:10F070000446174D4FF0000E40F6F90003E003F18F
:10F08000010E70451ADB0EEB000303EBD37323F084
:10F09000010101EB630105EB410C5B109CF80120C1
:10F0A000BCF80260BCF804C042EA062294446445FD
:10F0B000E5D8944204D2581E7045E4DAFF2070BDB2
:10F0C00015F8110070BDFF20704700BFEF010E0062
:10F0D000482700207BB972B90029BEBF00204FF03D
:10F0E000004106E008BF00281CBF6FF000414FF050
:10F0F000FF30F8F75FBEADF1080C6DE904CE0029D2
:10F1000009DB002B1ADBF8F7C5FCDDF804E0DDE9CC
:10F11000022304B07047404261EB4101002B1BDB2E
:10F12000F8F7B8FCDDF804E0DDE9022304B0404262
:10F1300061EB4101524263EB43037047524263EB80
:10F140004303F8F7A7FCDDF804E0DDE9022304B08F
:10F15000404261EB41017047524263EB4303F8F7D1
:10F1600099FCDDF804E0DDE9022304B0524263EBD0
:10F17000430370475FF800F0C93300605FF800F0A8
:10F18000253300605FF800F0092900605FF800F0A7
:0CF19000E11D0060000000000000000015
:04F19C00F8B500BF03
:08F1A000F488FF7F010000006C
:10F1A8000000000000000000000000000000000057
:10F1B8000000000000000000000000000000000047
:10F1C8000000000000000000000000000000000037
:10F1D8000000000000000000000000000000000027
:10F1E8000000000000000000000000000000000017
:10F1F8000000000000000000000000000000000007
:10F2080000000000000000000000000000000000F6
:10F2180000000000000000000000000000000000E6
:10F2280000000000000000000000000000000000D6
:10F2380000000000000000000000000000000000C6
:10F2480000000000000000000000000000000000B6
:10F2580000000000000000000000000000000000A6
:10F268000000000000000000000000000000000096
:10F278000000000000000000000000000000000086
:10F288000000000000000000000000000000000076
:10F298000000000000000000000000000000000066
:10F2A8000000000000000000000000000000000056
:10F2B8000000000000000000000000000000000046
:10F2C8000000000000000000000000000000000036
:10F2D8000000000000000000000000000000000026
:10F2E8000000000000000000000000000000000016
:10F2F8000000000000000000000000000000000006
:10F3080000000000000000000000000000000000F5
:10F3180000000000000000000000000000000000E5
:10F3280000000000000000000000000000000000D5
:10F3380000000000000000000000000000000000C5
:10F3480000000000000000000000000000000000B5
:10F3580000000000000000000000000000000000A5
:10F368000000000000000000000000000000000095
:10F378000000000000000000000000000000000085
:10F388000000000000000000000000000000000075
:10F398000000000000000000000000000000000065
:10F3A8000000000000000000000000000000000055
:10F3B8000000000000000000000000000000000045
:10F3C8000000000000000000000000000000000035
:10F3D8000000000000000000000000000000000025
:10F3E8000000000000000000000000000000000015
:10F3F8000000000000000000000000000000000005
:10F4080000000000000000000000000000000000F4
:10F4180000000000000000000000000000000000E4
:10F42800182D4454FB21E9BFD221337F7CD90240F7
:10F43800D221337F7CD902C0000000000000008088
:10F44800182D4454FB210940182D4454FB2109C0B0
:10F45800000000000000F03F748515D3B0D9EF3FDD
:10F468000F89F96C58B5EF3F515B12D00193EF3F0C
:10F478007B517D3CB872EF3FAAB968318754EF3FA2
:10F488003862756E7A38EF3FE1DE1FF59D1EEF3F5B
:10F4980015B7310AFE06EF3FCBA93A37A7F1EE3F81
:10F4A8002234124CA6DEEE3F2D89616008CEEE3F75
:10F4B800272A36D5DABFEE3F824F9D562BB4EE3F52
:10F4C800295448DD07ABEE3F85553AB07EA4EE3FA0
:10F4D800CD3B7F669EA0EE3F745FECE8759FEE3FE4
:10F4E8008701EB7314A1EE3F13CE4C9989A5EE3F2B
:10F4F800DBA02A42E5ACEE3FE5C5CDB037B7EE3F1D
:10F5080090F0A38291C4EE3F5D253EB203D5EE3F55
:10F51800ADD35A999FE8EE3F475EFBF276FFEE3F88
:10F528009C5285DD9B19EF3F6990EFDC2037EF3F58
:10F5380087A4FBDC1858EF3F5F9B7B33977CEF3F3A
:10F54800DA90A4A2AFA4EF3F40456E5B76D0EF3FC0
:10F55800000000000000E8429423914BF86AAC3F99
:10F56800F3C4FA50CEBFCE3FD6520CFF422EE63F30
:10F578000000000000003843FE822B654715474015
:10F588009423914BF86ABC3EF3C4FA50CEBF2E3F89
:10F59800D6520CFF422E963FBEF3F879EC61F63F47
:10F5A8001930965BC6FEDEBF3D88AF4AED71F53F68
:10F5B800A4FCD432680BDBBFB010F0F03995F43FEF
:10F5C8007BB71F0A8B41D7BF8503B8B095C9F33FF6
:10F5D8007BCF6D1AE99DD3BFA564880C190DF33F45
:10F5E80031B6F2F39B1DD0BFA08E0B7B225EF23F9B
:10F5F800F07A3B1B1D7CC9BF3F341A4A4ABBF13F16
:10F608009F3CAF93E3F9C2BFBAE58AF05823F13FB4
:10F618005C8D78BFCB60B9BFA70099413F95F03F9B
:10F62800CE5F47B69D6FAABF000000000000F03F04
:10F638000000000000000000AC479AFD8C60EE3F1F
:10F648003DF5249FCA38B33FA06A021FB3A4EC3F1C
:10F65800BA913854A976C43FE6FC6A573620EB3F86
:10F66800D2E4C44A0B84CE3F2DAAA163D1C2E93F9C
:10F678001C65C6F04506D43FED417803E686E83FB1
:10F68800F89F1B2C9C8ED83F624853F5DC67E73FF8
:10F69800CC7BB14EA4E0DC3F0B6E49C91676D23F55
:10F6A8007AC675A06919D7BFDDBAA76C0AC7DE3F4D
:10F6B800C8F6BE484715E7BF2BB82A654715F73F78
:10F6C800000000000000F03F000000000000F0BF54
:10F6D800000000000000F0BF000000000000F03F44
:10F6E80083C8C96D305F6441182D4454FB21F93F2C
:10F6F800000000000000F03F1C620CFDFFFFDFBFB0
:10F70800198F06E15355A53F9D359AE887C056BF26
:10F71800C3F87B024393F93E03A695595455C5BFD8
:10F72800C40B23057610813F24CF7437EB9429BF8F
:10F73800000000000000F03F000000000000F0BFE3
:10F74800000000000000F0BF000000000000F03FD3
:10F7580083C8C96D305F6441182D4454FB21F93FBB
:10F76800000000000000F0BF1C620CFDFFFFDF3F3F
:10F77800198F06E15355A5BF9D359AE887C0563FB6
:10F78800C3F87B024393F9BE03A695595455C5BFE8
:10F79800C40B23057610813F24CF7437EB9429BF1F
:10F7A8004FBB610567ACDD3F182D4454FB21E93F91
:10F7B8009BF681D20B73EF3F182D4454FB21F93F80
:10F7C800E2652F227F2B7A3C075C143326A6813C06
:10F7D800BDCBF07A8807703C075C143326A6913CB1
:10F7E800000005800F800A001B801E001400118095
:10F7F800338036003C00398028002D802780220085
:10F80800638066006C00698078007D807780720074
:10F81800500055805F805A004B804E004400418064
:10F82800C380C600CC00C980D800DD80D780D20054
:10F83800F000F580FF80FA00EB80EE00E400E18044
:10F84800A000A580AF80AA00BB80BE00B400B18034
:10F85800938096009C00998088008D808780820024
:10F86800838186018C01898198019D81978192010C
:10F87800B001B581BF81BA01AB81AE01A401A181FC
:10F88800E001E581EF81EA01FB81FE01F401F181EC
:10F89800D381D601DC01D981C801CD81C781C201DC
:10F8A800400145814F814A015B815E0154015181CC
:10F8B800738176017C01798168016D8167816201BC
:10F8C800238126012C01298138013D8137813201AC
:10F8D800100115811F811A010B810E01040101819C
:10F8E800038306030C03098318031D83178312037C
:10F8F800300335833F833A032B832E03240321836C
:10F90800600365836F836A037B837E03740371835B
:10F91800538356035C03598348034D83478342034B
:10F92800C003C583CF83CA03DB83DE03D403D1833B
:10F93800F383F603FC03F983E803ED83E783E2032B
:10F94800A383A603AC03A983B803BD83B783B2031B
:10F95800900395839F839A038B838E03840381830B
:10F96800800285828F828A029B829E029402918203
:10F97800B382B602BC02B982A802AD82A782A202F3
:10F98800E382E602EC02E982F802FD82F782F202E3
:10F99800D002D582DF82DA02CB82CE02C402C182D3
:10F9A800438246024C02498258025D8257825202C3
:10F9B800700275827F827A026B826E0264026182B3
:10F9C800200225822F822A023B823E0234023182A3
:10F9D800138216021C02198208020D820782020293
:10F9E8005082002058820020608200206882002017
:10F9F80014880020448800205C8800207488002037
:10FA08008C880020A4880020BC880020D48800208E
:10FA1800488200204C820020503000503100503283
:10FA28000050330050340050350050360050370035
:10FA380050380050390050313000503131005031C9
:10FA480032005031330050313400503135005031DC
:10FA580036005031370050313800503139005032BB
:10FA68003000503231005032320050323300000042
:10FA780045300045310045320045330045340045E6
:10FA880035004536004537004538004539004531D1
:10FA980030004531310045313200453133004531C0
:10FAA8003400453135000000F0870020E4A600202E
:10FAB800F4830020E8A60020EC0D012019CB0100FA
:10FAC80091CB0100DDC9010051CB0100B9C701008C
:10FAD800780C01201DCD0100F5CC01008DCD010071
:10FAE800C9CD0100A4890020D4A6002090A600203A
:10FAF800D8A60020449E0020449E0020DCA60020BA
:10FB0800ECA20020449E0020449E0020449E002039
:10FB1800449E0020449E0020449E0020449E0020D5
:10FB2800E0A60020449E0020449E0020449E002021
:10FB3800449E0020449E0020449E0020449E0020B5
:10FB4800449E0020449E0020449E0020449E0020A5
:10FB5800449E0020449E0020449E0020B48A002039
:10FB6800D0A60020B8A00020B48900201F00000003
:10FB78001C0000001F0000001E0000001F00000005
:10FB88001E0000001F0000001F0000001E000000F3
:10FB98001F0000001E0000001F0000000000C93FF9
:10FBA8000000F0390000DA370000A2330000842E8C
:10FBB8000000502B0000C2270000D0220000C41F04
:10FBC8000000C61B00004417000000001F000000D2
:10FBD8003B0000005A000000780000009700000079
:10FBE800B5000000D4000000F3000000110100007F
:10FBF800300100004E01000000000000000000007D
:10FC080071F8010045FB010041FB01003DFB0100CB
:10FC180039FB010035FB010031FB01002DFB010020
:10FC280073657474696E67735F726561645F636F2F
:10FC38006F72645F646174610000000073657474BE
:10FC4800696E67735F77726974655F636F6F7264FB
:10FC58005F6461746100000073657474696E677332
:10FC68005F726561645F737461727475705F6C69EB
:10FC78006E65000073657474696E67735F77726987
:10FC880074655F737461727475705F6C696E65001A
:10FC9800A2000000F9A2000083F9A2006E83F9A275
:10FCA8004E6E83F9444E6E8315444E6E2915444EAC
:10FCB800FC29154427FC29155727FC29D15727FC6F
:10FCC800F5D1572734F5D157DD34F5D1C0DD34F5FA
:10FCD800DBC0DD3462DBC0DD9562DBC0999562DB99
:10FCE8003C999562433C999590433C994190433C9B
:10FCF8001F0000001C0000001F0000001E00000084
:10FD08001F0000001E0000001F0000001F00000070
:10FD18001E0000001F0000001E0000001F00000061
:10FD28001F0000001D0000001F0000001E00000052
:10FD38001F0000001E0000001F0000001F00000040
:10FD48001E0000001F0000001E0000001F00000031
:10FD58000020202020202020202028282828282093
:10FD6800202020202020202020202020202020208B
:10FD780020881010101010101010101010101010F3
:10FD880010040404040404040404041010101010E3
:10FD980010104141414141410101010101010101AD
:10FDA80001010101010101010101010110101010FF
:10FDB800101042424242424202020202020202027F
:10FDC80002020202020202020202020210101010D3
:10FDD80020000000000000000000000000000000FB
:10FDE800000000000000000000000000000000000B
:10FDF80000000000000000000000000000000000FB
:10FE080000000000000000000000000000000000EA
:10FE180000000000000000000000000000000000DA
:10FE280000000000000000000000000000000000CA
:10FE380000000000000000000000000000000000BA
:10FE480000000000000000000000000000000000AA
:10FE5800000000000030013002300CFF0EFFFB30C4
:10FE68001AFF1BFF1FFF01FF9B309C30B40040FFAF
:10FE7800A8003EFF3E203FFFFD30FE309D309E3003
:10FE88000330DD4E053006300730FC3014201020DA
:10FE98000FFF3CFF1C3016205CFF26202520182071
:10FEA80019201C201D2008FF09FF143015303BFFC6
:10FEB8003DFF5BFF5DFF083009300A300B300C3026
:10FEC8000D300E300F30103011300BFF1222B10000
:10FED800D700F7001DFF60221CFF1EFF6622672265
:10FEE8001E22342242264026B0003220332003212D
:10FEF800A50004FFA200A30005FF03FF06FF0AFFF9
:10FF080020FFA70006260526CB25CF25CE25C72509
:10FF1800C625A125A025B325B225BD25BC253B2096
:10FF2800123092219021912193211330000000007A
:10FF380000000000000000000000000000000000B9
:10FF4800000008220B2286228722822283222A226C
:10FF5800292200000000000000000000000000004E
:10FF6800000027222822AC00D221D421002203221B
:10FF7800292200000000000000000000000000002E
:10FF88000000000000002022A522122302220722DE
:10FF9800612252226A226B221A223D221D22352218
:10FFA8002B222C22000000000000000000000000AE
:10FFB80000002B2130206F266D266A262020212064
:10FFC800B6002C22000000000000EF250000000011
:10FFD8000000000000000000000000010101010114
:10FFE8000101010101000000000000000101010100
:08FFF8000101010101010101F9
:02000004600397
:1000000001010101010101010101010101010000E2
:1000100000000000000101010101010101010101D5
:1000200001010101010101010101010101010100C1
:100030009103920393039403950396039703980304
:1000400099039A039B039C039D039E039F03A003B4
:10005000A103A303A403A503A603A703A803A9035D
:100060000000000000000000000000000000000090
:10007000B103B203B303B403B503B603B703B803C4
:10008000B903BA03BB03BC03BD03BE03BF03C00374
:10009000C103C303C403C503C603C703C803C9031D
:1000A00010041104120413041404150401041604AA
:1000B0001704180419041A041B041C041D041E044C
:1000C0001F042004210422042304240425042604FC
:1000D0002704280429042A042B042C042D042E04AC
:1000E0002F040000000000000000000000000000DD
:1000F0000000000000000000000000000000000000
:100100003004310432043304340435045104360419
:100110003704380439043A043B043C043D043E04EB
:100120003F0440044104420443044404450446049B
:100130004704480449044A044B044C044D044E044B
:100140004F040000002502250C2510251825142534
:100150001C252C25242534253C25012503250F2588
:1001600013251B251725232533252B253B254B251B
:1001700020252F25282537253F251D2530252525F8
:1001800038254225148700202087002008D0002031
:100190009C4E1655035A3F96C0541B612863F6596E
:1001A000229075841C83507AAA60E163256EED6508
:1001B0006684A682F59B93682757A16571629B5B55
:1001C000D0597B86F498627DBE7D8E9B16629F7CA3
:1001D000B788895BB55E096397664868C7958D9750
:1001E0004F67E54E0A4F4D4F9D4F4950F2563759D4
:1001F000D459015A095CDF600F61706113660569AB
:10020000BA704F757075FB79AD7DEF7DC3800E843C
:100210006388028B55907A903B53954EA54EDF57DD
:10022000B280C190EF78004EF158A26E3890327AC9
:1002300028838B822F9C41517053BD54E154E0566A
:10024000FB59155FF298EB6DE4802D8562967096F0
:10025000A096FB970B54F353875BCF70BD7FC28F83
:10026000E8966F535C9DBA7A114E9378FC81266EA6
:10027000185604551D6B1A853B9CE559A953666DAC
:10028000DC748F954256914E4B90F2964F830C99A9
:10029000E153B655305B715F2066F3660468386CD5
:1002A000F36C296D5B74C8764E7A3498F1825B8862
:1002B000608AED92B26DAB75CA76C599A660018B66
:1002C0008A8DB2958E69AD53865112573058445974
:1002D000B45BF65E2860A963F463BF6C146F8E7024
:1002E00014715971D5713F73017E7682D1829785E1
:1002F00060905B921B9D6958BC655A6C2575F951DD
:100300002E596559805FDC5FBC62FA652A6A276BEB
:10031000B46B8B73C17F56892C9D0E9DC49EA15CCE
:10032000966C7B8304514B5CB661C68176686172C2
:10033000594EFA4F78536960296E4F7AF3970B4EF6
:100340001653EE4E554F3D4FA14F734FA052EF53F2
:1003500009560F59C15AB65BE15BD17987669C6734
:10036000B6674C6BB36C6B70C2738D79BE793C7A97
:10037000877BB182DB8204837783EF83D3836687B5
:10038000B28A2956A88CE68F4E901E978A86C44F53
:10039000E85C116259723B75E581BD82FE86C08CB6
:1003A000C5961399D599CB4E1A4FE389DE564A5814
:1003B000CA58FB5EEB5F2A6094606260D061126293
:1003C000D0623965419B6666B068776D70704C7518
:1003D0008676757DA582F9878B958E969D8CF151D9
:1003E000BE521659B354B35B165D68618269AF6D36
:1003F0008D78CB845788728AA793B89A6C6DA89928
:10040000D986A357FF67CE860E928352875604542F
:10041000D35EE162B9643C683868BB6B7273BA78CA
:100420006B7A9A89D2896B8D038FED90A395949600
:100430006997665BB35C7D694D984E989B63207BA2
:100440002B6A7F6AB6680D9C5F6F72529D55706013
:10045000EC623B6D076ED16E5B841089448F144E45
:10046000399CF6531B693A6A84972A685C51C37AAF
:10047000B284DC918C935B56289D2268058331847D
:10048000A57C0852C582E6747E4E834FA051D25B94
:100490000A52D852E752FB5D9A552A58E6598C5BAE
:1004A000985BDB5B725E795EA3601F616361BE6116
:1004B000DB636265D1675368FA683E6B536B576CB8
:1004C000226F976F456FB0741875E3760B77FF7ADC
:1004D000A17B217CE97D367FF07F9D8066829E83B3
:1004E000B389CC8AAB8C8490519493959195A295C5
:1004F0006596D39728991882384E2B54B85CCC5DFA
:10050000A9734C763C77A95CEB7F0B8DC196119853
:1005100054985898014F0E4F71539C556856FA578E
:100520004759095BC45B905C0C5E7E5ECC5FEE63FA
:100530003A67D765E2651F67CB68C4685F6A305E5B
:10054000C56B176C7D6C7F754879635B007A007DA5
:10055000BD5F8F89188AB48C778DCC8E1D8FE29801
:100560000E9A3C9B804E7D50005193599C5B2F62AC
:100570008062EC643A6BA07291754779A97FFB8722
:10058000BC8A708BAC63CA83A09709540354AB55E3
:100590005468586A708A27787567CD9E7453A25B39
:1005A0001A8150860690184E454EC74E114FCA53B9
:1005B0003854AE5B135F256051653D67426C726CC9
:1005C000E36C78700374767AAE7A087B1A7DFE7CD1
:1005D000667DE7655B72BB53455CE85DD262E062B5
:1005E0001963206E5A86318ADD8DF892016FA679E3
:1005F0005A9BA84EAB4EAC4E9B4FA04FD15047518B
:10060000F67A7151F651545321537F53EB53AC5545
:100610008358E15C375F4A5F2F6050606D601F63F5
:1006200059654B6AC16CC272ED72EF77F880058133
:1006300008824E85F790E193FF9757995A9AF04EAA
:10064000DD512D5C81666D69405CF2667569897368
:100650005068817CC550E4524757FE5D2693A465DF
:10066000236B3D6B34748179BD794B7BCA7DB98234
:10067000CC837F885F89398BD18FD1911F54809231
:100680005D4E3650E5533A53D7729673E977E6825A
:10069000AF8EC699C899D29977511A615E86B055C6
:1006A0007A7A7650D35B47908596324EDB6AE79133
:1006B000515C485C98639F7A936C7497618FAA7AB7
:1006C0008A718896827C1768707E51686C93F252AA
:1006D0001B54AB85138AA47FCD8EE1906653888826
:1006E0004179C24FBE501152445153552D57EA73B0
:1006F0008B575159625F845F756076616761A9614C
:10070000B2633A646C656F664268136E66753D7AD3
:10071000FB7C4C7D997D4B7E6B7F0E834A83CD861F
:10072000088A638A668BFD8E1A988F9DB882CE8F59
:10073000E89B87521F628364C06F9996416891500D
:10074000206B7A6C546F747A507D4088238A0867D6
:10075000F64E3950265065507C5138526352A75599
:100760000F570558CC5AFA5EB261F861F3627263B2
:100770001C69296A7D72AC722E7314786F78797D4A
:100780000C77A9808B89198BE28CD28E639075933C
:100790007A965598139A789E43519F53B3537B5E34
:1007A000265F1B6E906E8473FE73437D3782008AD2
:1007B000FA8A50964E4E0B50E4537C54FA56D15957
:1007C000645BF15DAB5E275F38624565AF67566E6F
:1007D000D072CA7CB488A180E180F0834E86878A7B
:1007E000E88D3792C7966798139F944E924E0D4F9F
:1007F000485349543E542F5A8C5FA15F9F60A768AD
:100800008E6A5A7481789E8AA48A778B90915E4E04
:10081000C99BA44E7C4FAF4F1950165049516C5193
:100820009F52B952FE529A53E35311540E548955B4
:100830005157A2577D59545B5D5B8F5BE55DE75D6A
:10084000F75D785E835E9A5EB75E185F52604C61BA
:100850009762D862A7633B6502664366F4666D677C
:1008600021689768CB695F6C2A6D696D2F6E9D6EEC
:10087000327587766C783F7AE07C057D187D5E7DE9
:10088000B17D15800380AF80B18054818F812A8231
:1008900052834C8861881B8BA28CFC8CCA9075910A
:1008A00071923F78FC92A4954D9605989999D89AA3
:1008B0003B9D5B52AB52F7530854D558F762E06F3B
:1008C0006A8C5F8FB99E4B513B524A54FD56407A19
:1008D0007791609DD29E4473096F70811175FD5FA1
:1008E000DA60A89ADB72BC8F646B0398CA4EF0562C
:1008F0006457BE585A5A6860C7610F660666396801
:10090000B168F76DD5753A7D6E82429B9B4E504F14
:10091000C95306556F5DE65DEE5DFB67996C7374B8
:100920000278508A9693DF885057A75E2B63B550A4
:10093000AC508D510067C9545E58BB59B05B695FBC
:100940004D62A1633D68736B086E7D70C7918072C4
:10095000157826786D798E65307DDC83C188098FA6
:100960009B966452285750676A7FA18CB4514257B6
:100970002A963A588A69B480B2540E5DFC5795782D
:10098000FA9D5C4F4A528B543E6428661467F567A3
:10099000847A567B227D2F935C68AD9B397B1953FB
:1009A0008A513752DF5BF662AE64E6642D67BA6B3C
:1009B000A985D1969076D69B4C630693AB9BBF7668
:1009C0005266094E9850C253715CE8609264636548
:1009D0005F68E671CA732375977B827E9586838BE9
:1009E000DB8C78911099AC65AB668B6BD54ED44E91
:1009F0003A4F7F4F3A52F853F253E355DB56EB58D8
:100A0000CB59C959FF59505B4D5C025E2B5ED75FD5
:100A10001D6007632F655C5BAF65BD65E8659D671D
:100A2000626B7B6B0F6C45734979C179F87C197DDA
:100A30002B7DA2800281F38196895E8A698A668A0B
:100A40008C8AEE8AC78CDC8CCC96FC986F6B8B4EB4
:100A50003C4F8D4F5051575BFA5B486101634266D2
:100A6000216BCB6EBB6C3E72BD74D475C1783A7984
:100A70000C803380EA8194849E8F506C7F9E0F5F40
:100A8000588B2B9DFA7AF88E8D5BEB96034EF153C3
:100A9000F7573159C95AA45B89607F6E066FBE75DE
:100AA000EA8C9F5B0085E07B7250F4679D82615CFD
:100AB0004A851E7E0E829951045C6863668D9C6532
:100AC0006E713E79177D05801D8BCA8E6E90C7862C
:100AD000AA901F50FA523A5C53677C7035724C9161
:100AE000C8912B93E582C25B315FF9603B4ED653D0
:100AF000885B4B6231678A6BE972E0732E7A6B8197
:100B0000A38D529196991251D7536A54FF5B886313
:100B1000396AAC7D0097DA56CE536854975B315CE6
:100B2000DE5DEE4F0161FE62326DC079CB79427DB0
:100B30004D7ED27FED811F82908446887289908B92
:100B4000748E2F8F31904B916C91C6969C91C04EB4
:100B50004F4F45514153935F0E62D467416C0B6E0A
:100B60006373267ECD918392D4531959BF5BD16DA7
:100B70005D792E7E9B7C7E589F71FA515388F08F51
:100B8000CA4FFB5C2566AC77E37A1C82FF99C6519D
:100B9000AA5FEC656F69896BF36D966E646FFE7684
:100BA000147DE15D759087910698E6511D52406273
:100BB0009166D9661A6EB65ED27D727FF866AF8591
:100BC000F785F88AA952D95373598F5E905F5560A3
:100BD000E4926496B7501F51DD5220534753EC53B3
:100BE000E8544655315517566859BE593C5AB55BBD
:100BF000065C0F5C115C1A5C845E8A5EE05E705F6E
:100C00007F628462DB628C63776307660C662D66A5
:100C100076667E67A2681F6A356ABC6C886D096E4D
:100C2000586E3C7126716771C77501775D780179DF
:100C30006579F079E07A117BA77C397D9680D6833F
:100C40008B8449855D88F3881F8A3C8A548A738A1D
:100C5000618CDE8CA49166927E9318949C969897F2
:100C60000A4E084E1E4E574E97517052CE5734586A
:100C7000CC58225B385EC560FE6461675667446D80
:100C8000B6727375637AB884728BB89120933156BB
:100C9000F457FE98ED620D69966BED71547E778086
:100CA0007282E689DF985587B18F3B5C384FE14F00
:100CB000B54F0755205ADD5BE95BC35F4E612F637B
:100CC000B0654B66EE689B69786DF16D3375B975EB
:100CD0001F775E79E679337DE381AF82AA85AA89A1
:100CE0003A8AAB8E9B8F3290DD910797BA4EC14EF8
:100CF00003527558EC580B5C1A753D5C4E810A8A9C
:100D0000C58F63966D97257BCF8A08986291F356BD
:100D1000A853179039548257255EA863346C8A70A3
:100D200061778B7CE07F7088429054911093189388
:100D30008F965E74C49A075D695D7065A267A88D21
:100D4000DB966E6349671969C5831798C096FE885C
:100D5000846F7A64F85B164E2C705D752F66C451F3
:100D60003652E252D359815F276010623F65746545
:100D70001F667466F2681668636B056E72721F7583
:100D8000DB76BE7C5680F058FD887F89A08A938AE6
:100D9000CB8A1D9092915297599789650E7A068158
:100DA000BB962D5EDC601A62A56514669067F377CA
:100DB0004D7A4D7C3E7E0A81AC8C648DE18D5F8ED8
:100DC000A9780752D962A563426498622D8A837A12
:100DD000C07BAC8AEA96767D0C824987D94E485111
:100DE00043536053A35B025C165CDD5D2662476281
:100DF000B06413683468C96C456D176DD3675C6F58
:100E00004E717D71CB657F7AAD7BDA7D4A7EA87F9E
:100E10007A811B823982A6856E8ACE8CF58D789078
:100E20007790AD9291928395AE9B4D528455386FD9
:100E3000367168518579557EB381CE7C4C565158B8
:100E4000A85CAA63FE66FD665A69D9728F758E75B5
:100E50000E795679DF79977C207D447D0786348A28
:100E60003B966190209FE7507552CC53E253095056
:100E7000AA55EE584F593D728B5B645C1D53E3607D
:100E8000F3605C6383633F63BB63CD64E965F966CC
:100E9000E35DCD69FD69156FE571894EE975F876F9
:100EA000937ADF7CCF7D9C7D6180498358836C84FD
:100EB000BC84FB85C588708D01906D9097931C97BD
:100EC000129ACF5097588E61D3813585088D209026
:100ED000C34F7450475273536F6049635F672C6E02
:100EE000B38D1F90D74F5E5CCA8CCF659A7D5253ED
:100EF00096887651C363585B6B5B0A5C0D645167DF
:100F00005C90D64E1A592A59706C518A3E55155824
:100F1000A559F0605362C167358255694096C499FE
:100F2000289A534F0658FE5B1080B15C2F5E855F98
:100F300020604B613462FF66F06CDE6ECE807F8194
:100F4000D4828B88B88C00902E908A96DB9EDB9B97
:100F5000E34EF05327592C7B8D914C98F99DDD6E13
:100F6000277053534455855B58629E62D362A26CCE
:100F7000EF6F2274178A3894C16FFE8A3883E75165
:100F8000F886EA53E953464F5490B08F6A5931813D
:100F9000FD5DEA7ABF8FDA68378CF872489C3D6A4B
:100FA000B08A394E585306566657C562A263E66545
:100FB0004E6BE16D5B6EAD70ED77EF7AAA7BBB7D1A
:100FC0003D80C680CB86958A5B93E356C7583E5FCB
:100FD000AD659666806AB56B3775C78A2450E5772C
:100FE00030571B5F65607A66606CF4751A7A6E7FA5
:100FF000F48118874590B399C97B5C75F97A517B68
:10100000C4841090E979927A3683E15A40772D4E64
:10101000F24E995BE05FBD623C66F167E86C6B86FF
:1010200077883B8A4E91F392D099176A26702A737B
:10103000E7825784AF8C014E4651CB518B55F55BFF
:10104000165E335E815E145F355F6B5FB45FF26185
:101050001163A2661D676E6F52723A753A7774809B
:10106000398178817687BF8ADC8A858DF38D9A9263
:1010700077950298E59CC5525763F4761567886C9E
:10108000CD73C38CAE937396256D9C580E69CC6955
:10109000FD8F9A93DB751A905A580268B463FB6906
:1010A000434F2C6FD867BB8F2685B47D54933F691F
:1010B000706F6A57F7582C5B2C7D2A720A54E391A3
:1010C000B49DAD4E4E4F5C50755043529E8C48546B
:1010D00024589A5B1D5E955EAD5EF75E1F5F8C6067
:1010E000B5623A63D063AF68406C87788E790B7ACB
:1010F000E07D4782028AE68A448E1390B8902D9153
:10110000D8910E9FE56C5864E2647565F46E847640
:101110001B7B6990D193BA6EF254B95FA4644D8F72
:10112000ED8F449278516B582959555C975EFB6D51
:101130008F7E1C75BC8CE28E5B98B9701D4FBF6BA7
:10114000B16F3075FB964E51105435585758AC5905
:10115000605C925F97655C67216E7B76DF83ED8CC8
:101160001490FD904D9325783A78AA52A65E1F57A9
:101170007459126012505A51AC51CD510052105551
:10118000545858585759955BF65C8B5DBC60956216
:101190002D6471674368BC68DF68D776D86D6F6E61
:1011A0009B6D6F70C871535FD8757779497B547B9D
:1011B000527BD67C717D305263846985E4850E8ACA
:1011C000048B468C0F8E03900F90199476962D9871
:1011D000309AD895CD50D5520C5402580E5CA76168
:1011E0009E641E6DB377E57AF480048453908592F3
:1011F000E05C079D3F53975FB35F9C6D79726377A7
:10120000BF79E47BD26BEC72AD8A0368616AF851F6
:10121000817A34694A5CF69CEB82C55B49911E7009
:1012200078566F5CC76066658C6C5A8C41901398D9
:101230005154C7660D924859A39085514D4EEA51BD
:1012400099850E8B58707A634B936269B499047ECA
:10125000777557536069DF8EE3965D6C8C4E3C5C0E
:10126000105FE98F0253D18C89807986FF5EE56536
:10127000734E655182593F5CEE97FB4E8A59CD5FA4
:101280008D8AE16FB0796279E75B71842B73B171FC
:10129000745EF55F7B639A64C371987C434EFC5E19
:1012A0004B4EDC57A256A960C36F0D7DFD80338184
:1012B000BF81B28F9789A486F45D8A62AD64878905
:1012C0007767E26C3E6D36743478465A757FAD822E
:1012D000AC99F34FC35EDD62926357656F67C37667
:1012E0004C72CC80BA80298F4D910D50F957925A8B
:1012F000856873696471FD72B78CF258E08C6A96E8
:1013000019907F87E479E77729842F4F65525A53E4
:10131000CD62CF67CA6C7D76947B957C368284855E
:10132000EB8FDD66206F06721B7EAB83C199A69E94
:10133000FD51B17B7278B87B8780487BE86A615E3B
:101340008C80517560756B5162928C6E7A76979134
:10135000EA9A104F707F9C624F7BA595E99C7A5664
:101360005958E486BC96344F24524A53CD53DB532C
:10137000065E2C6491657F673E6C4E6C4872AF725E
:10138000ED735475417E2C82E985A98CC47BC6918E
:1013900069711298EF983D6369666A75E476D07852
:1013A0004385EE862A53515326548359875E7C5FCA
:1013B000B26049627962AB629065D46BCC6CB275F5
:1013C000AE769178D879CB7D777FA580AB88B98AC6
:1013D000BB8C7F905E97DB980B6A387C99503E5CA3
:1013E000AE5F8767D86B357409778E7F3B9FCA677E
:1013F000177A39538B75ED9A665F9D81F1839880DA
:101400003C5FC55F6275467B3C906768EB599B5AB1
:10141000107D7E762C8BF54F6A5F196A376C026FF0
:10142000E27468796888558A798CDF5ECF63C57508
:10143000D279D7822893F2929C84ED862D9CC15458
:101440006C5F8C655C6D1570A78CD38C3B984F6579
:10145000F6740D4ED84EE0572B59665ACC5BA85106
:10146000035E9C5E166076627765A7656E666E6D3C
:101470003672267B50819A8199825C8BA08CE68C97
:10148000748D1C964496AE4FAB64666B1E8261846D
:101490006A85E890015C5369A8987A8457850F4F54
:1014A0006F52A95F455E0D678F79798107898689BB
:1014B000F56D175F5562B86CCF4E6972929B0652FC
:1014C0003B547456B358A4616E621A716E59897C8C
:1014D000DE7C1B7DF09687655E80194E754F7551D9
:1014E0004058635E735E0A5FC467264E3D858995EA
:1014F0005B96737C0198FB50C1585676A7782552AD
:10150000A5771185867B4F5009594772C77BE87DC7
:10151000BA8FD48F4D90BF4FC952295A015FAD97F2
:10152000DD4F1782EA9203575563696B2B75DC8890
:10153000148F427ADF52935855610A62AE66CD6BC2
:101540003F7CE9832350F84F05534654315849599D
:101550009D5BF05CEF5C295D965EB16267633E6502
:10156000B9650B67D56CE16CF97032782B7EDE8043
:10157000B3820C84EC84028712892A8A4A8CA69052
:10158000D292FD98F39C6C9D4F4EA14E8D505652B9
:101590004A57A8593D5ED85FD95F3F62B4661B6762
:1015A000D067D2689251217DAA80A881008B8C8C53
:1015B000BF8C7E92329620542C981753D5505C5392
:1015C000A858B264346767726677467AE691C35268
:1015D000A16C866B00584C5E54592C67FB7FE1511F
:1015E000C6766964E878549BBB9ECB57B959276689
:1015F0009A67CE6BE954D969555E9C819567AA9B21
:10160000FE67529C5D68A64EE34FC853B9622B67D4
:10161000AB6CC48FAD4F6D7EBF9E074E6261806E16
:101620002B6F138573542A67459BF35D957BAC5CE8
:10163000C65B1C874A6ED184147A088199598D7CC7
:10164000116C2077D952225921715F72DB7727976D
:10165000619D0B697F5A185AA5510D547D540E6631
:10166000DF76F78F9892F49CEA595D72C56E4D5102
:10167000C968BF7DEC7D6297BA9E7864216A028357
:1016800084595F5BDB6B1B73F276B27D17809984A4
:1016900032512867D99EEE766267FF520599245C25
:1016A0003B627E7CB08C4F55B6600B7D80950153BC
:1016B0005F4EB6511C593A723680CE91255FE27763
:1016C0008453795F047DAC85338A8D8E5697F3679A
:1016D000AE85539409610861B96C5276ED8A388FF2
:1016E0002F55514F2A51C752CB53A55B7D5EA06049
:1016F0008261D6630967DA67676E8C6D36733773FC
:1017000031755079D588988A4A909190F590C49611
:101710008D871559884E594F0E4E898A3F8F1098E4
:10172000AD507C5E9659B95BB85EDA63FA63C1640A
:10173000DC664A69D8690B6DB66E94712875AF7A0C
:101740008A7F00804984C9848189218B0A8E6590B3
:101750007D960A997E619162326B836C746DCC7F49
:10176000FC7FC06D857FBA87F8886567B1833C9838
:10177000F7961B6D617D3D846A91714E7553505D86
:10178000046BEB6FCD852D86A78929520F54655CBC
:101790004E67A86806748374E275CF88E188CC919F
:1017A000E29678968B5F8773CB7A4E84A0636575DB
:1017B0008952416D9C6E097459756B78927C86963E
:1017C000DC7A8D9FB64F6E61C5655C86864EAE4EE7
:1017D000DA50214ECC51EE5B99658168BC6D1F7368
:1017E0004276AD771C7AE77C6F82D28A7C90CF916B
:1017F000759618989B52D17D2B5098539767CB6D57
:10180000D0713374E8812A8FA396579C9F9E607491
:101810004158996D2F7D5E98E44E364F8B4FB751EE
:10182000B152BA5D1C60B2733C79D3823492B796E0
:10183000F6960A97979E629FA666746B1752A352FC
:10184000C870C288C95E4B609061236F49713E7C4D
:10185000F47D6F80EE8423902C9342546F9BD36A67
:101860008970C28CEF8D3297B452415ACA5E045FC0
:1018700017677C6994696A6D0F6F6272FC72ED7B09
:1018800001807E804B87CE906D51939E84798B80B2
:101890003293D68A2D508C54718A6A6BC48C07811E
:1018A000D160A067F29D994E984E109C6B8AC185BD
:1018B000688500697E6E9778558100000A000100F6
:1018C00002000300040005000600070008000900EC
:1018D0000A000B000C000D000E000F0010000000AD
:1018E00020202020202020202020202020202020F8
:1018F000000000001F001C20000000001421000058
:101900000200162400000000142500000200152823
:1019100000000000112900000000142A000000004F
:10192000182B00000000142C00000000102D0000F7
:101930000000142E000001000C3000000900143AD1
:1019400000000100183C00000200143F00000100EC
:10195000034100001900155B00000000145C00004A
:101960000000115D00000000175E000000000F5F26
:101970000000000017600000000003610000190073
:10198000157B00000000187C00000000117D0000A5
:101990000000187E00000000007F000020001CA056
:1019A0000000000014A10000000016A200000300C7
:1019B00019A60000000014A70000000017A80000EE
:1019C000000019A90000000006AA0000000013ABE7
:1019D0000000000018AC0000000001AD0000000095
:1019E00019AE0000000017AF0000000019B00000A1
:1019F000000018B1000000000EB20000010017B492
:101A00000000000003B50000000014B60000010053
:101A100017B8000000000EB90000000006BA000070
:101A2000000012BB000000000EBC0000020014BF4A
:101A30000000000003C00000160018D700000000DE
:101A400003D80000060004DF0000000003E00000EF
:101A5000160018F70000000003F800003F000438EB
:101A600001000000033901000F00044901000000DB
:101A7000034A01004200048D01000000038E0100B2
:101A80000C00049B01000000039C01000D0004AA4F
:101A90000100010003AC01000D0004BA01000000C8
:101AA00006BB0100000003BC0100010004BE0100F0
:101AB000000003BF0100000006C00100030003C4D2
:101AC0000100000007C50100000003C6010001007D
:101AD00007C80100000003C90100010007CB010095
:101AE000000003CC0100230004F00100000003F11A
:101AF0000100000007F20100000003F301002D00C7
:101B0000042102000000032202001100043402003C
:101B10000500033A02001A000455020000000356B3
:101B200002000100045802000000035902000000F6
:101B3000045A02000000035B02000100045D020081
:101B4000020003600200010004620200000003635F
:101B500002000000046402000000036502000100AE
:101B6000046702000000036802000400046D020024
:101B70000100036F02000000047002000000037106
:101B8000020001000473020001000375020000005E
:101B9000047602000600037D02000000047E0200BD
:101BA00001000380020000000481020000000382A3
:101BB0000200010004840200020003870200050005
:101BC000048D02000400039202000000049302004E
:101BD0000000069402000000049502000700039D27
:101BE00002000100049F0200100005B00200110075
:101BF00017C20200030005C602000B0017D2020044
:101C00000D0005E00200040017E50200060005ECE7
:101C10000200000017ED0200000005EE02000000C7
:101C200017EF020010000B0003006F0003700300A9
:101C3000030005740300000017750300000003761D
:101C400003000100057A03000000037B030002008B
:101C5000147E03000000037F0300000017840300CC
:101C600001000386030000001487030000000388BE
:101C700003000200038C03000000038E0300010038
:101C800004900300000003910300100003A303006D
:101C90000C0004B00300000003B10300200008D2D0
:101CA0000300020003D50300200018F60300000023
:101CB00003F70300040004FC0300000003FD03001D
:101CC00084001982040000000B83040004000A88C9
:101CD00004000100038A0400A5000331050025006B
:101CE000055905000000145A0500050004600500B0
:101CF0000000036105002500048705000100148928
:101D000005000000108A05000000198D0500010083
:101D1000168F050000000B9105002C0010BE050079
:101D200000000BBF0500000014C0050000000BC13F
:101D30000500010014C3050000000BC405000100EC
:101D400014C6050000000BC70500000006D0050002
:101D50001A0006EF0500030014F30500010001005E
:101D6000060005001806060002001409060001001E
:101D7000160B06000000140C06000100190E0600E8
:101D800001000B1006000A00141B06000000011CD5
:101D900006000000141D06000200062006001F00B9
:101DA0000540060000000641060009000B4B060036
:101DB00014000C6006000900146A06000300066E99
:101DC000060001000B7006000000067106006200AC
:101DD00014D40600000006D5060000000BD606004D
:101DE000060001DD0600000019DE060000000BDF22
:101DF0000600050005E5060001000BE706000100EE
:101E000019E9060000000BEA0600030006EE0600D2
:101E100001000CF00600090006FA0600020019FD98
:101E20000600010006FF06000000140007000D0078
:101E3000010F070000000610070000000B1107004B
:101E40000000061207001D000B3007001A00064DA7
:101E5000070058000BA607000A0006B107000000A3
:101E60000CC00700090006CA070020000BEB0700A2
:101E7000080005F40700010019F60700000014F738
:101E80000700020005FA070000000BFD0700000034
:101E900016FE070001000600080015000B160800DA
:101EA0000300051A080000000B1B080008000524A9
:101EB000080000000B2508000200052808000000AB
:101EC0000B2908000400143008000E00064008002A
:101ED00018000B5908000200145E0800000006609C
:101EE00008000A00067008001700178808000000A4
:101EF0000689080005000190080001000B98080001
:101F0000070006A00800280005C9080000000BCA49
:101F10000800170001E2080000000BE308001F00A2
:101F20000903090000000604090035000B3A090006
:101F30000000093B090000000B3C09000000063DC1
:101F400009000000093E090002000B4109000700DA
:101F50000949090003000B4D09000000094E090062
:101F600001000650090000000B5109000600065848
:101F7000090009000B620900010014640900010056
:101F80000C660900090014700900000005710900C1
:101F90000000067209000E000B8109000000098292
:101FA00009000100068509000700068F09000100ED
:101FB00006930900150006AA0900060006B20900EA
:101FC000000006B6090003000BBC0900000006BDB6
:101FD0000900000009BE090002000BC1090003004E
:101FE00009C70900010009CB090001000BCD090058
:101FF000000006CE0900000009D70900000006DC39
:102000000900010006DF090002000BE209000100DF
:102010000CE60900090006F00900010016F20900AB
:1020200001000EF40900050019FA0900000016FB72
:102030000900000006FC0900000014FD0900000072
:102040000BFE090000000B010A00010009030A0051
:10205000000006050A000500060F0A00010006132D
:102060000A001500062A0A00060006320A000100CE
:1020700006350A00010006380A0001000B3C0A0080
:102080000000093E0A0002000B410A0001000B4754
:102090000A0001000B4B0A0002000B510A0000006D
:1020A00006590A000300065E0A0000000C660A00DA
:1020B00009000B700A00010006720A0002000B758D
:1020C0000A00000014760A0000000B810A000100DB
:1020D00009830A00000006850A000800068F0A002E
:1020E000020006930A00150006AA0A00060006B2BE
:1020F0000A00010006B50A0004000BBC0A0000003B
:1021000006BD0A00000009BE0A0002000BC10A0059
:1021100004000BC70A00010009C90A00000009CB2E
:102120000A0001000BCD0A00000006D00A000000E2
:1021300006E00A0001000BE20A0001000CE60A00BA
:10214000090014F00A00000016F10A00000006F968
:102150000A0000000BFA0A0005000B010B0000004A
:1021600009020B00010006050B000700060F0B001B
:10217000010006130B001500062A0B0006000632AC
:102180000B00010006350B0004000B3C0B000000A7
:10219000063D0B000000093E0B0000000B3F0B004A
:1021A000000009400B0000000B410B000300094731
:1021B0000B000100094B0B0001000B4D0B00000050
:1021C0000B550B00010009570B000000065C0B00CB
:1021D0000100065F0B0002000B620B0001000C66A1
:1021E0000B00090019700B00000006710B000000C5
:1021F0000E720B0005000B820B00000006830B0023
:10220000000006850B000500068E0B0002000692FA
:102210000B00030006990B000100069C0B00000058
:10222000069E0B00010006A30B00010006A80B0090
:10223000020006AE0B000B0009BE0B0001000BC034
:102240000B00000009C10B00010009C60B000200D1
:1022500009CA0B0002000BCD0B00000006D00B00DA
:10226000000009D70B0000000CE60B0009000EF07F
:102270000B00020019F30B00050016F90B0000001B
:1022800019FA0B0000000B000C00000009010C0003
:1022900002000B040C00000006050C000700060EEF
:1022A0000C00020006120C001600062A0C000F009B
:1022B0000B3C0C000000063D0C0000000B3E0C0027
:1022C000020009410C0003000B460C0002000B4AFF
:1022D0000C0003000B550C00010006580C00020016
:1022E000065D0C00000006600C0001000B620C0093
:1022F00001000C660C00090014770C0000000E7839
:102300000C000600197F0C00000006800C00000085
:102310000B810C00000009820C00010014840C00E9
:10232000000006850C000700068E0C0002000692D5
:102330000C00160006AA0C00090006B50C000400EB
:102340000BBC0C00000006BD0C00000009BE0C0018
:1023500000000BBF0C00000009C00C0004000BC6FD
:102360000C00000009C70C00010009CA0C000100A4
:102370000BCC0C00010009D50C00010006DD0C009F
:10238000010006E00C0001000BE20C0001000CE66D
:102390000C00090006F10C00010009F30C0000001C
:1023A0000B000D00010009020D00010006040D00E4
:1023B0000800060E0D00020006120D0028000B3B5F
:1023C0000D000100063D0D000000093E0D00020059
:1023D0000B410D00030009460D000200094A0D00E3
:1023E00002000B4D0D000000064E0D000000194FBD
:1023F0000D00000006540D00020009570D000000FA
:102400000E580D000600065F0D0002000B620D0065
:1024100001000C660D0009000E700D00080019790E
:102420000D000000067A0D0005000B810D00000074
:1024300009820D00010006850D001100069A0D00AD
:10244000170006B30D00080006BD0D00000006C011
:102450000D0006000BCA0D00000009CF0D000200A0
:102460000BD20D0002000BD60D00000009D80D00A4
:1024700007000CE60D00090009F20D00010014F43C
:102480000D00000006010E002F000B310E000000B1
:1024900006320E0001000B340E000600163F0E003F
:1024A000000006400E00050005460E0000000B4728
:1024B0000E000700144F0E0000000C500E00090023
:1024C000145A0E00010006810E00010006840E0061
:1024D000000006860E000400068C0E00170006A5FC
:1024E0000E00000006A70E0009000BB10E00000050
:1024F00006B20E0001000BB40E00080006BD0E006F
:10250000000006C00E00040005C60E0000000BC847
:102510000E0006000CD00E00090006DC0E000300C1
:1025200006000F00000019010F00020014040F0044
:102530000E0019130F00000014140F0000001915ED
:102540000F0002000B180F000100191A0F00050000
:102550000C200F0009000E2A0F00090019340F008B
:1025600000000B350F00000019360F0000000B377C
:102570000F00000019380F0000000B390F00000099
:10258000153A0F000000113B0F000000153C0F0032
:102590000000113D0F000000093E0F000100064041
:1025A0000F00070006490F0023000B710F000D00FC
:1025B000097F0F0000000B800F00040014850F003E
:1025C00000000B860F00010006880F0004000B8D31
:1025D0000F000A000B990F00230019BE0F0007001F
:1025E0000BC60F00000019C70F00050019CE0F0021
:1025F000010014D00F00040019D50F00030014D9F6
:102600000F000100060010002A00092B1000010035
:102610000B2D100003000931100000000B321000D8
:1026200005000938100000000B3910000100093BBB
:10263000100001000B3D10000100063F10000000DB
:102640000C4010000900144A10000500065010004C
:1026500005000956100001000B5810000100065A31
:10266000100003000B5E1000020006611000000065
:1026700009621000020006651000010009671000E1
:102680000600066E100002000B71100003000675B4
:1026900010000C000B8210000000098310000100E4
:1026A0000B85100001000987100005000B8D10003C
:1026B0000000068E10000000098F100000000C9032
:1026C00010000900099A100002000B9D1000000084
:1026D000199E1000010003A01000250003C7100080
:1026E000000003CD1000000003D010002A0014FBEE
:1026F0001000000005FC1000000003FD10000200A7
:10270000060011004801064A12000300065012009C
:102710000600065812000000065A12000300066068
:1027200012002800068A1200030006901200200002
:1027300006B21200030006B81200060006C012001E
:10274000000006C21200030006C812000E0006D8E0
:10275000120038000612130003000618130042008E
:102760000B5D130002001460130008000E691300D3
:102770001300068013000F0019901300090003A036
:102780001300550003F813000500100014000000AA
:10279000060114006B02196D16000000146E16007D
:1027A0000000066F160010001C8016000000068155
:1027B00016001900159B16000000119C1600000061
:1027C00006A016004A0014EB160002000DEE1600DB
:1027D000020006F1160007000600170011000B1298
:1027E00017000200091517000000061F170012004D
:1027F0000B321700010009341700000014351700D0
:1028000001000640170011000B521700010006607E
:1028100017000C00066E170002000B721700010073
:102820000680170033000BB41700010009B617002B
:1028300000000BB71700060009BE170007000BC603
:102840001700000009C7170001000BC917000A0094
:1028500014D41700020005D71700000014D8170081
:10286000020016DB1700000006DC170000000BDD7D
:10287000170000000CE0170009000EF01700090017
:1028800014001800050010061800000014071800B6
:1028900003000B0B18000200010E180000000B0FC4
:1028A000180000000C101800090006201800220073
:1028B0000543180000000644180034000680180084
:1028C00004000B85180001000687180021000BA9E1
:1028D0001800000006AA1800000006B01800450005
:1028E000060019001E000B20190002000923190020
:1028F00003000B2719000100092919000200093003
:10290000190001000B3219000000093319000500FD
:102910000B39190002001940190000001444190075
:1029200001000C4619000900065019001D00067030
:1029300019000400068019002B0006B019001900C8
:102940000CD0190009000EDA1900000019DE190078
:10295000210006001A0016000B171A0001000919C1
:102960001A0001000B1B1A000000141E1A000100BF
:1029700006201A00340009551A0000000B561A00F0
:10298000000009571A0000000B581A0006000B60DF
:102990001A00000009611A0000000B621A00000012
:1029A00009631A0001000B651A000700096D1A007F
:1029B00005000B731A0009000B7F1A0000000C8041
:1029C0001A0009000C901A00090014A01A00060051
:1029D00005A71A00000014A81A0005000BB01A0081
:1029E0000D000ABE1A0000000BBF1A000F000B00FA
:1029F0001B00030009041B00000006051B002E003D
:102A00000B341B00000009351B0000000B361B00B7
:102A10000400093B1B0000000B3C1B000000093DAB
:102A20001B0004000B421B00000009431B000100B7
:102A300006451B0007000C501B000900145A1B0020
:102A4000060019611B0009000B6B1B0008001974BC
:102A50001B000800147D1B0001000B801B000100FF
:102A600009821B00000006831B001D0009A11B003A
:102A700000000BA21B00030009A61B0001000BA80D
:102A80001B00010009AA1B0000000BAB1B00020089
:102A900006AE1B0001000CB01B00090006BA1B00AB
:102AA0002B000BE61B00000009E71B0000000BE8F1
:102AB0001B00010009EA1B0002000BED1B000000D7
:102AC00009EE1B0000000BEF1B00020009F21B00C7
:102AD000010014FC1B00030006001C002300092455
:102AE0001C0007000B2C1C00070009341C0001000F
:102AF0000B361C000100143B1C0004000C401C00A1
:102B00000900064D1C0002000C501C000900065A6A
:102B10001C001D0005781C000500147E1C0001002F
:102B200003801C00080003901C002A0003BD1C0049
:102B3000020014C01C0007000BD01C00020014D3BC
:102B40001C0000000BD41C000C0009E11C0000005C
:102B50000BE21C00060006E91C0003000BED1C0044
:102B6000000006EE1C0005000BF41C00000006F53A
:102B70001C00010009F71C0000000BF81C000100FC
:102B800006FA1C00000004001D002B00052C1D008F
:102B90003E00046B1D000C0005781D000000037949
:102BA0001D000000047A1D000200037D1D000000CE
:102BB000047E1D000F00038E1D000000048F1D0009
:102BC0000B00059B1D0024000BC01D003F000300EF
:102BD0001E00950004961E000400039B1E000000CA
:102BE000049C1E000100039E1E000000049F1E00A6
:102BF000000003A01E00750003181F00050003203D
:102C00001F00250003481F00050004501F0000009E
:102C100003511F00000004521F00000003531F0057
:102C2000000004541F00000003551F00000004565C
:102C30001F00000003571F00000003591F00000081
:102C4000035B1F000000035D1F000000035F1F0007
:102C50001E0003801F00070007881F000700039065
:102C60001F00070007981F00070003A01F000700B0
:102C700007A81F00070003B01F00010004B21F00D7
:102C8000000003B31F00000004B41F00000004B6DE
:102C90001F00010003B81F00030007BC1F00000055
:102CA00017BD1F00000003BE1F00000017BF1F005C
:102CB000020004C21F00000003C31F00000004C480
:102CC0001F00000004C61F00010003C81F0003000E
:102CD00007CC1F00000017CD1F00020003D01F000B
:102CE000010004D21F00010004D61F00010003D818
:102CF0001F00030017DD1F00020003E01F0001009A
:102D000004E21F00020003E51F00000004E61F00AC
:102D1000010003E81F00040017ED1F00020004F289
:102D20001F00000003F31F00000004F41F00000058
:102D300004F61F00010003F81F00030007FC1F003A
:102D4000000017FD1F0001001C0020000A00010BFD
:102D500020000400101020000500141620000100BF
:102D6000131820000000121920000000151A20007E
:102D70000000131B20000100121D20000000151E82
:102D800020000000131F2000000014202000070076
:102D90001A28200000001B2920000000012A200022
:102DA00004001C2F200000001430200008001339FC
:102DB00020000000123A20000000143B2000030015
:102DC0000F3F2000010014412000020018442000A1
:102DD00000001545200000001146200000001447A7
:102DE00020000A00185220000000145320000000A8
:102DF0000F54200000001455200009001C5F200023
:102E000000000160200004000166200009000E702F
:102E1000200000000571200000000E742000050055
:102E2000187A20000200157D20000000117E20008D
:102E30000000057F200000000E8020000900188A95
:102E400020000200158D20000000118E20000000DF
:102E5000059020000C0016A0200020000BD02000C0
:102E60000C000ADD200003000BE1200000000AE254
:102E7000200002000BE520000B00190021000100DA
:102E800008022100000019032100030008072100A7
:102E90000000190821000100040A21000000080BAD
:102EA00021000200040E2100010008102100020090
:102EB000041321000000191421000000081521004E
:102EC000000019162100010018182100000008193F
:102ED00021000400191E2100050008242100000023
:102EE00019252100000003262100000019272100D8
:102EF0000000082821000000192921000000032AF1
:102F000021000100082C21000100192E21000000E1
:102F1000042F2100000008302100010003322100AD
:102F200000000833210000000434210000000635B1
:102F300021000300043921000000193A210001009A
:102F4000043C21000100083E21000100184021003E
:102F50000400084521000000044621000300194A2E
:102F600021000000184B21000000194C2100010035
:102F7000034E21000000194F210000000E502100D7
:102F80000F000D60210022000383210001000D8548
:102F9000210003000E8921000000198A2100010090
:102FA000189021000400199521000400189A2100AE
:102FB0000100199C2100030018A02100000019A1A4
:102FC0002100010018A32100000019A42100010024
:102FD00018A62100000019A72100060018AE210044
:102FE000000019AF21001E0018CE2100010019D0E9
:102FF0002100010018D22100000019D32100000097
:1030000018D42100000019D521001E0018F4210059
:103010000B01190023000700150823000000110907
:1030200023000000150A23000000110B23000000FC
:10303000190C23001300182023000100192223007B
:103040000600152923000000112A23000000192B77
:1030500023005000187C23000000197D23001D0070
:10306000189B2300180019B42300270018DC230044
:10307000050019E223004400194024000A000E60F4
:1030800024003B00199C24004D000EEA240015008A
:1030900019002500B60018B72500000019B8250052
:1030A000080018C12500000019C22500350018F8D5
:1030B00025000700190026006E00186F260000008A
:1030C00019702600F7001568270000001169270015
:1030D0000000156A27000000116B27000000156C26
:1030E00027000000116D27000000156E270000006A
:1030F000116F2700000015702700000011712700D4
:1031000000001572270000001173270000001574DD
:10311000270000001175270000000E7627001D0013
:10312000199427002B0018C02700040015C527009C
:10313000000011C62700000018C727001E0015E672
:103140002700000011E72700000015E82700000015
:1031500011E92700000015EA2700000011EB270005
:10316000000015EC2700000011ED2700000015EE0F
:103170002700000011EF2700000018F027000F00C3
:1031800019002800FF00180029008200158329007B
:103190000000118429000000158529000000118617
:1031A000290000001587290000001188290000006F
:1031B000158929000000118A29000000158B2900BB
:1031C0000000118C29000000158D29000000118ECF
:1031D00029000000158F290000001190290000002F
:1031E0001591290000001192290000001593290073
:1031F0000000119429000000159529000000119687
:1032000029000000159729000000119829000000EE
:10321000189929003E0015D82900000011D929006D
:10322000000015DA2900000011DB2900000018DC7D
:1032300029001F0015FC2900000011FD29000000D5
:1032400018FE2900010119002B002F0018302B0057
:10325000140019452B00010018472B000500194DDB
:103260002B00260019762B001F0019972B006800F1
:1032700003002C00700004712C00000003722C006D
:10328000010004742C00000003752C000100047779
:103290002C000400057C2C000100037E2C0065003E
:1032A00004E42C00000019E52C00050003EB2C00C1
:1032B00003000BEF2C00020003F22C00010014F9B4
:1032C0002C0003000EFD2C00000014FE2C00010059
:1032D00003002D00250003272D000000032D2D00E5
:1032E000000006302D003700056F2D00000014701F
:1032F0002D0000000B7F2D00000006802D00160021
:1033000006A02D00060006A82D00060006B02D0020
:10331000060006B82D00060006C02D00060006C8EF
:103320002D00060006D02D00060006D82D00060050
:103330000BE02D001F0014002E00010013022E00D0
:10334000000012032E00000013042E0000001205DE
:103350002E00000014062E00020013092E000000AB
:10336000120A2E000000140B2E000000130C2E0079
:103370000000120D2E000000140E2E000800101781
:103380002E00000014182E000100101A2E0000005C
:10339000141B2E000000131C2E000000121D2E0016
:1033A0000000141E2E00010013202E000000122128
:1033B0002E00000015222E00000011232E00000018
:1033C00015242E00000011252E00000015262E00C9
:1033D000000011272E00000015282E0000001129E2
:1033E0002E000000142A2E000400052F2E000000DD
:1033F00014302E000900103A2E000100143C2E005B
:10340000030010402E00000014412E000000154261
:103410002E00000014432E000C0019502E00010055
:1034200014522E00020015552E00000011562E00D9
:10343000000015572E00000011582E0000001559ED
:103440002E000000115A2E000000155B2E00000017
:10345000115C2E000000105D2E00000019802E006F
:103460001900199B2E00580019002F00D50019F0E3
:103470002F000B001C00300000001401300002007F
:103480001904300000000505300000000606300079
:1034900000000D0730000000150830000000110981
:1034A00030000000150A30000000110B3000000051
:1034B000150C30000000110D30000000150E30001A
:1034C0000000110F30000000151030000000111135
:1034D0003000000019123000010015143000000007
:1034E00011153000000015163000000011173000D3
:1034F0000000151830000000111930000000151AE6
:1035000030000000111B30000000101C30000000D3
:10351000151D30000000111E300001001920300080
:1035200000000D21300008000B2A30000300092E96
:103530003000010010303000000005313000040080
:103540001936300001000D3830000200053B300014
:103550000000063C30000000143D30000000193E21
:10356000300001000641300055000B993000010089
:10357000179B30000100059D30000100069F3000C0
:10358000000010A03000000006A13000590014FB1C
:103590003000000005FC3000020006FF3000000093
:1035A000060531002A00063131005D001990310016
:1035B00001000E923100030019963100090006A0A7
:1035C00031001F0019C03100230006F031000F0048
:1035D000190032001E000E2032000900192A3200A4
:1035E0001D000E48320007001950320000000E5135
:1035F00032000E00196032001F000E8032000900F8
:10360000198A320026000EB132000E0019C03200B5
:103610003F0106003400BF1919C04D003F000600ED
:103620004E0014520515A00000000616A0007604F6
:103630001990A400360006D0A400270005F8A400C5
:10364000050014FEA40001000600A5000B01050CF6
:10365000A6000000140DA60002000610A6000F0030
:103660000C20A6000900062AA60001000340A600BF
:103670002D00066EA60000000B6FA60000000A7069
:10368000A60002001473A60000000B74A600090037
:10369000147EA6000000057FA60000000380A6009F
:1036A0001B00059CA60001000B9EA600010006A0C1
:1036B000A60045000DE6A60009000BF0A6000100DB
:1036C00014F2A60005001700A70016000517A700B2
:1036D00008001720A70001000322A7000D000430F6
:1036E000A70001000332A7003D000570A7000000FD
:1036F0000471A70007000379A7000E000588A70042
:1037000000001789A7000100038BA7000200048EA8
:10371000A7000000068FA70000000390A700040088
:103720000495A70000000396A700180004AFA700A7
:10373000000003B0A7001A0003D0A700010004D3C3
:10374000A700000004D5A700000003D6A7000300CF
:1037500005F2A700020003F5A700010006F7A70085
:10376000000005F8A700010004FAA700000006FB0E
:10377000A70006000B02A80000000603A800020034
:103780000B06A80000000607A80003000B0BA8000A
:103790000000060CA80016000923A80001000B2554
:1037A000A80001000927A80000001928A8000300AC
:1037B0000B2CA80000000E30A80005001936A80048
:1037C00001001638A80000001939A80000000640C2
:1037D000A80033001474A80003000980A8000100A9
:1037E0000682A800310009B4A8000F000BC4A8008D
:1037F000010014CEA80001000CD0A80009000BE0C5
:10380000A800110006F2A800050014F8A8000200A4
:1038100006FBA800000014FCA800000006FDA8009C
:1038200001000BFFA80000000C00A9000900060A17
:10383000A9001B000B26A9000700142EA9000100F7
:103840000630A90016000B47A9000A000952A9007A
:103850000100145FA90000000660A9001C000B8095
:10386000A90002000983A90000000684A9002E0017
:103870000BB3A900000009B4A90001000BB6A90010
:10388000030009BAA90001000BBCA900010009BE90
:10389000A900020014C1A9000C0005CFA900000076
:1038A0000CD0A900090014DEA900010006E0A9005F
:1038B00004000BE5A900000005E6A900000006E7EA
:1038C000A90008000CF0A900090006FAA9000400EC
:1038D0000600AA0028000B29AA000500092FAA004B
:1038E00001000B31AA0001000933AA0001000B35C9
:1038F000AA0001000640AA0002000B43AA00000033
:103900000644AA0007000B4CAA000000094DAA00BB
:1039100000000C50AA000900145CAA000300066015
:10392000AA000F000570AA0000000671AA00050099
:103930001977AA000200067AAA000000097BAA00F3
:1039400000000B7CAA000000097DAA000000067E92
:10395000AA0031000BB0AA00000006B1AA000000C6
:103960000BB2AA00020006B5AA0001000BB7AA001C
:10397000010006B9AA0004000BBEAA00010006C09F
:10398000AA0000000BC1AA00000006C2AA000000A5
:1039900006DBAA00010005DDAA00000014DEAA0073
:1039A000010006E0AA000A0009EBAA0000000BECE7
:1039B000AA00010009EEAA00010014F0AA0001000B
:1039C00006F2AA00000005F3AA00010009F5AA000A
:1039D00000000BF6AA0000000601AB000500060976
:1039E000AB0005000611AB0005000620AB00060089
:1039F0000628AB0006000430AB0022000353AB00E6
:103A000000000454AB000600175BAB000000055C2F
:103A1000AB0003000460AB0008000569AB000000C8
:103A2000176AAB0001000370AB004F0006C0AB008B
:103A3000220009E3AB0001000BE5AB00000009E642
:103A4000AB0001000BE8AB00000009E9AB0001008E
:103A500014EBAB00000009ECAB0000000BEDAB0079
:103A600000000CF0AB0009000600AC00A32B06B070
:103A7000D700160006CBD70030000200D800FF07A1
:103A80000600F9006D010670FA0069000400FB00F1
:103A900006000413FB000400061DFB0000000B1EC3
:103AA000FB000000061FFB0009001829FB000000B6
:103AB000062AFB000C000638FB000400063EFB0053
:103AC00000000640FB0001000643FB000100064623
:103AD000FB006B0017B2FB00100006D3FB006A016D
:103AE000113EFD000000153FFD0000001940FD00E3
:103AF0000F000650FD003F000692FD00350019CF73
:103B0000FD00000006F0FD000B0016FCFD000000AB
:103B100019FDFD0002000B00FE000F001410FE0056
:103B200006001517FE0000001118FE000000141911
:103B3000FE0000000B20FE000F001430FE0000000D
:103B40001031FE0001000F33FE0001001535FE00AC
:103B500000001136FE0000001537FE00000011388D
:103B6000FE0000001539FE000000113AFE000000C2
:103B7000153BFE000000113CFE000000153DFE005C
:103B80000000113EFE000000153FFE000000114045
:103B9000FE0000001541FE0000001142FE00000082
:103BA0001543FE0000001144FE0000001445FE0015
:103BB00001001547FE0000001148FE0000001449F6
:103BC000FE0003000F4DFE0002001450FE00020034
:103BD0001454FE0003001058FE0000001559FE00AA
:103BE0000000115AFE000000155BFE000000115C91
:103BF000FE000000155DFE000000115EFE000000EA
:103C0000145FFE0002001862FE0000001063FE0058
:103C100000001864FE0002001468FE00000016692F
:103C2000FE000000146AFE0001000670FE000400A1
:103C30000676FE00860001FFFE0000001401FF0072
:103C400002001604FF0000001405FF000200150822
:103C5000FF0000001109FF000000140AFF0000002F
:103C6000180BFF000000140CFF000000100DFF00F7
:103C70000000140EFF0001000C10FF000900141AD0
:103C8000FF000100181CFF000200141FFF000100CC
:103C90000321FF001900153BFF000000143CFF004A
:103CA0000000113DFF000000173EFF0000000F3F25
:103CB000FF0000001740FF0000000341FF00190053
:103CC000155BFF000000185CFF000000115DFF00A5
:103CD0000000185EFF000000155FFF00000011608B
:103CE000FF0000001461FF0000001562FF000000EB
:103CF0001163FF0000001464FF0001000666FF006E
:103D000009000570FF0000000671FF002C00059EF1
:103D1000FF00010006A0FF001E0006C2FF00050014
:103D200006CAFF00050006D2FF00050006DAFF0004
:103D3000020016E0FF00010018E2FF00000017E398
:103D4000FF00000019E4FF00000016E5FF0001007D
:103D500019E8FF00000018E9FF00030019EDFF005B
:103D6000010001F9FF00020019FCFF00010006003C
:103D700000010B00060D00011900062800011200C9
:103D8000063C00010100063F00010E000650000144
:103D90000D00068000017A001400010102000E07E8
:103DA00001012C001937010108000D400101340008
:103DB0000E75010103001979010110000E8A01013D
:103DC0000100198C01010200199001010C0019A0D9
:103DD0000101000019D001012C000BFD01010000C0
:103DE000068002011C0006A0020130000BE0020167
:103DF00000000EE102011A00060003011F000E2060
:103E000003010300062D030113000D41030100000F
:103E10000642030107000D4A03010000065003019A
:103E200025000B7603010400068003011D00149F8A
:103E30000301000006A00301230006C803010700D8
:103E400014D0030100000DD103010400030004019C
:103E50004F00065004014D000CA00401090003B0FE
:103E60000401230003D804012300060005012700F4
:103E7000063005013300146F0501000003700501D1
:103E80000A00037C05010E00038C05010600039463
:103E900005010100039705010A0003A305010E00B7
:103EA00003B30501060003BB05010100060006017E
:103EB000360106400701150006600701070005806E
:103EC0000701050005870701290005B20701080061
:103ED000060008010500060808010000060A08019E
:103EE0002B00063708010100063C08010000063FD0
:103EF000080116001457080100000E5808010700B9
:103F00000660080116001977080101000E79080102
:103F10000600068008011E000EA70801080006E042
:103F20000801120006F4080101000EFB080104005C
:103F30000600090115000E1609010500141F0901EC
:103F40000000062009011900143F09010000068045
:103F5000090137000EBC0901010006BE090101007C
:103F60000EC009010F000ED209012D0006000A0142
:103F700000000B010A0102000B050A0101000B0CF5
:103F80000A01030006100A01030006150A010200D7
:103F900006190A011C000B380A0102000B3F0A0136
:103FA00000000E400A01080014500A0108000660D3
:103FB0000A011C000E7D0A010100147F0A010000A5
:103FC00006800A011C000E9D0A01020006C00A01BB
:103FD000070019C80A01000006C90A011B000BE509
:103FE0000A0101000EEB0A01040014F00A010600A8
:103FF00006000B01350014390B01060006400B01C9
:1040000015000E580B01070006600B0112000E7818
:104010000B01070006800B01110014990B0103002E
:104020000EA90B01060006000C01480003800C01DC
:10403000320003C00C0132000EFA0C01050006002C
:104040000D0123000B240D0103000C300D010900AC
:104050000E600E011E0006800E0129000BAB0E0142
:10406000010010AD0E01000006B00E0101000BFDB5
:104070000E01020006000F011C000E1D0F010900B9
:1040800006270F01000006300F0115000B460F0137
:104090000A000E510F01030014550F0104000670B1
:1040A0000F0111000B820F01030014860F010300A2
:1040B00006B00F0114000EC50F01060006E00F0147
:1040C00016000900100100000B0110010000090298
:1040D000100100000603100134000B3810010E001F
:1040E0001447100106000E52100113000C66100157
:1040F00009000B70100100000671100101000B7324
:10410000100101000675100100000B7F1001020074
:10411000098210010000068310012C0009B0100173
:1041200002000BB31001030009B7100101000BB925
:104130001001010014BB1001010001BD10010000BD
:1041400014BE100103000BC21001000001CD1001CC
:10415000000006D0100118000CF0100109000B003F
:10416000110102000603110123000B2711010400B5
:10417000092C110100000B2D110107000C36110153
:104180000900144011010300064411010000094513
:104190001101010006471101000006501101220023
:1041A0000B73110100001474110101000676110156
:1041B00000000B801101010009821101000006833B
:1041C00011012F0009B3110102000BB61101080003
:1041D00009BF1101010006C11101030014C511013D
:1041E00003000BC91101030014CD1101000009CE19
:1041F000110100000BCF110100000CD011010900CA
:1042000006DA1101000014DB1101000006DC1101C7
:10421000000014DD110102000EE11101130006007F
:1042200012011100061312011800092C12010200DC
:104230000B2F120102000932120101000B3412018E
:1042400000000935120100000B361201010014387C
:10425000120105000B3E12010000063F1201010091
:104260000B411201000006801201060006881201AF
:104270000000068A12010300068F12010E00069F3D
:104280001201090014A91201000006B012012E004B
:104290000BDF1201000009E0120102000BE3120122
:1042A00007000CF0120109000B00130101000902C4
:1042B00013010100060513010700060F1301010099
:1042C000061313011500062A130106000632130116
:1042D00001000635130104000B3B13010100063DEC
:1042E00013010000093E130101000B4013010000FF
:1042F000094113010300094713010100094B130190
:104300000200065013010000095713010000065D6A
:10431000130104000962130101000B66130106007A
:104320000B70130104000600140134000935140158
:1043300002000B38140107000940140101000B4270
:10434000140102000945140100000B46140100008D
:10435000064714010300144B140104000C5014010F
:104360000900145A14010100145D140100000B5ED1
:1043700014010000065F14010200068014012F00E2
:1043800009B0140102000BB31401050009B91401AE
:1043900000000BBA1401000009BB140103000BBF9D
:1043A0001401010009C1140100000BC21401010035
:1043B00006C41401010014C61401000006C714014C
:1043C00000000CD014010900068015012E0009AF71
:1043D000150102000BB21501030009B81501030015
:1043E0000BBC1501010009BE150100000BBF150132
:1043F000010014C11501160006D8150103000BDCDD
:1044000015010100060016012F00093016010200F7
:104410000B3316010700093B160101000B3D160185
:104420000000093E160100000B3F16010100144177
:10443000160102000644160100000C501601090086
:10444000146016010C00068016012A000BAB160141
:10445000000009AC160100000BAD1601000009AE0A
:10446000160101000BB01601050009B61601000087
:104470000BB71601000006B81601000014B91601AA
:1044800000000CC016010900060017011A000B1DE0
:10449000170102000920170101000B221701030078
:1044A0000926170100000B27170104000C30170123
:1044B00009000E3A17010100143C17010200193FD0
:1044C00017010000064017010600060018012B0026
:1044D000092C180102000B2F1801080009381801D7
:1044E00000000B3918010100143B1801000003A063
:1044F00018013F000CE0180109000EEA180108003D
:1045000006FF18010700060919010000060C190131
:1045100007000615190101000618190117000930D6
:10452000190105000937190101000B3B19010100B0
:10453000093D190100000B3E19010000063F190159
:10454000000009401901000006411901000009425C
:10455000190100000B431901000014441901020065
:104560000C501901090006A01901070006AA19013B
:10457000260009D1190102000BD4190103000BDA3E
:104580001901010009DC190103000BE01901000009
:1045900006E11901000014E21901000006E3190107
:1045A000000009E41901000006001A0100000B01D7
:1045B0001A010900060B1A0127000B331A01050026
:1045C00009391A010000063A1A0100000B3B1A01D2
:1045D0000300143F1A0107000B471A0100000650A0
:1045E0001A0100000B511A01050009571A010100B8
:1045F0000B591A010200065C1A012D000B8A1A01E0
:104600000C0009971A0100000B981A010100149A76
:104610001A010200069D1A010000149E1A010400EE
:1046200006B01A01480014001B01090006001C0115
:104630000800060A1C012400092F1C0100000B3091
:104640001C0106000B381C010500093E1C0100007E
:104650000B3F1C01000006401C01000014411C011E
:1046600004000C501C0109000E5A1C0112001470A9
:104670001C01010006721C011D000B921C0115009B
:1046800009A91C0100000BAA1C01060009B11C01AC
:1046900000000BB21C01010009B41C0100000BB5A5
:1046A0001C01010006001D01060006081D01010095
:1046B000060B1D0125000B311D0105000B3A1D01E4
:1046C00000000B3C1D0101000B3F1D0106000646CA
:1046D0001D0100000B471D0100000C501D010900C9
:1046E00006601D01050006671D010100066A1D0127
:1046F0001F00098A1D0104000B901D010100099390
:104700001D0101000B951D01000009961D0100000F
:104710000B971D01000006981D0100000CA01D0153
:10472000090006E01E0112000BF31E01010009F54D
:104730001E01010014F71E0101000B001F01010002
:1047400006021F01000009031F01000006041F01EB
:104750000C0006121F01210009341F0101000B3655
:104760001F010400093E1F0101000B401F01000052
:1047700009411F0100000B421F01000014431F01EB
:104780000C000C501F01090006B01F0100000EC0F4
:104790001F01140019D51F01070016DD1F010300BA
:1047A00019E11F01100014FF1F0100000600200185
:1047B00099030D0024016E0014702401040006808A
:1047C0002401C30006902F01600014F12F010100A5
:1047D000060030012F04013034010F000B4034017A
:1047E00000000641340105000B4734010E000600AD
:1047F0004401460206006801380206406A011E00B4
:104800000C606A010900146E6A01010006706A01F9
:104810004E000CC06A01090006D06A011D000BF0B1
:104820006A01040014F56A01000006006B012F0004
:104830000B306B01060014376B010400193C6B014F
:10484000030005406B01030014446B01000019458F
:104850006B0100000C506B0109000E5B6B01060040
:1048600006636B011400067D6B01120003406E01AC
:104870003F000E806E01160014976E0103000600C3
:104880006F014A000B4F6F01000006506F010000DE
:1048900009516F0136000B8F6F01030005936F0103
:1048A0000C0005E06F01010014E26F01000005E358
:1048B0006F0100000BE46F01000009F06F010100BF
:1048C00006007001F71706008801D50406008D0167
:1048D000080005F0AF01030005F5AF01060005FD76
:1048E000AF0101000600B00122010632B101000053
:1048F0000650B10102000655B10100000664B10185
:1049000003000670B1018B010600BC016A0006704D
:10491000BC010C000680BC0108000690BC01090027
:10492000199CBC0100000B9DBC010100149FBC013F
:10493000000001A0BC0103000B00CF012D000B30D3
:10494000CF0116001950CF0173001900D001F500F6
:104950001900D10126001929D1013B000965D101B7
:1049600001000B67D1010200196AD1010200096D33
:10497000D10105000173D10107000B7BD1010700B4
:104980001983D10101000B85D1010600198CD101D9
:104990001D000BAAD101030019AED1013C00190082
:1049A000D20141000B42D20102001945D2010000A0
:1049B0000EC0D20113000EE0D20113001900D30182
:1049C00056000E60D30118000800D4011900041A23
:1049D000D40119000834D4011900044ED401060092
:1049E0000456D40111000868D40119000482D401CE
:1049F0001900089CD4010000089ED401010008A2FF
:104A0000D401000008A5D401010008A9D4010300C5
:104A100008AED401070004B6D401030004BBD401DE
:104A2000000004BDD401060004C5D4010A0008D06A
:104A3000D401190004EAD40119000804D5010100C9
:104A40000807D5010300080DD50107000816D50198
:104A50000600041ED50119000838D5010100083BE5
:104A6000D50103000840D50104000846D501000027
:104A7000084AD50106000452D5011900086CD50179
:104A800019000486D501190008A0D501190004BA3F
:104A9000D501190008D4D501190004EED50119007B
:104AA0000808D60119000422D6011900083CD601D5
:104AB00019000456D60119000870D6011900048A9D
:104AC000D6011B0008A8D601180018C1D6010000A5
:104AD00004C2D601180018DBD601000004DCD601A0
:104AE000050008E2D601180018FBD601000004FCFE
:104AF000D60118001815D70100000416D7010500CB
:104B0000081CD70118001835D70100000436D7015A
:104B10001800184FD70100000450D70105000856AF
:104B2000D7011800186FD70100000470D7011800D2
:104B30001889D7010000048AD70105000890D70121
:104B4000180018A9D701000004AAD701180018C33B
:104B5000D701000004C4D701050008CAD70100002E
:104B600004CBD70100000CCED70131001900D801C9
:104B7000FF010B00DA0136001937DA0103000B3BA5
:104B8000DA013100196DDA0107000B75DA01000056
:104B90001976DA010D000B84DA0100001985DA01BB
:104BA00001001487DA0104000B9BDA0104000BA159
:104BB000DA010E000400DF010900060ADF0100002F
:104BC000040BDF0113000425DF0105000B00E001E9
:104BD00006000B08E00110000B1BE00106000B2390
:104BE000E00101000B26E00104000530E0013D007A
:104BF0000B8FE00100000600E1012C000B30E10109
:104C000006000537E10106000C40E1010900064EEF
:104C1000E1010000194FE10100000690E2011D00D2
:104C20000BAEE201000006C0E2012B000BECE2013A
:104C300003000CF0E201090016FFE201000006D0BB
:104C4000E4011A0005EBE40100000BECE4010300B1
:104C50000CF0E401090006E0E701060006E8E701C0
:104C6000030006EDE701010006F0E7010E00060073
:104C7000E801C4000EC7E80108000BD0E8010600F7
:104C80000300E90143000B44E9010600054BE9017B
:104C900000000C50E9010900145EE90101000E71E9
:104CA000EC013A0019ACEC0100000EADEC01020081
:104CB00016B0EC0100000EB1EC0103000E01ED0195
:104CC0002C00192EED0100000E2FED010E00060044
:104CD000EE0103000605EE011A000621EE010100B7
:104CE0000624EE0100000627EE0100000629EE0171
:104CF00009000634EE0103000639EE010000063B10
:104D0000EE0100000642EE0100000647EE01000041
:104D10000649EE010000064BEE010000064DEE01D3
:104D200002000651EE0101000654EE010000065794
:104D3000EE0100000659EE010000065BEE010000E6
:104D4000065DEE010000065FEE0100000661EE0167
:104D500001000664EE0100000667EE010300066C28
:104D6000EE0106000674EE0103000679EE01030071
:104D7000067EEE0100000680EE010900068BEE01C2
:104D8000100006A1EE01020006A5EE01040006AB2C
:104D9000EE01100018F0EE0101001900F0012B00E7
:104DA0001930F001630019A0F0010E0019B1F001F3
:104DB0000E0019C1F0010E0019D1F00124000E00FF
:104DC000F1010C00190DF101A00019E6F1011C0020
:104DD0001910F2012B001940F20108001950F201DC
:104DE00001001960F20105001900F301FA0017FB38
:104DF000F30104001900F401D70219DCF6011000D8
:104E000019F0F6010C001900F7017600197BF70183
:104E10005E0019E0F7010B0019F0F701000019001E
:104E2000F8010B001910F80137001950F8010900BA
:104E30001960F80127001990F8011D0019B0F80158
:104E400001001900F90153011960FA010D001970F0
:104E5000FA010C001980FA0108001990FA012D00DE
:104E600019BFFA01060019CEFA010D0019E0FA0186
:104E7000080019F0FA0108001900FB0192001994CA
:104E8000FB0136000CF0FB01090006000002DFA662
:104E90000600A70239100640B702DD000620B8025E
:104EA000811606B0CE02301D0600F8021D02060073
:104EB00000034A13065013035F100101000E0000A7
:104EC0000120000E5F000B00010EEF000C5F104E82
:104ED000154E2A4E314E364E3C4E3F4E424E564EA9
:104EE000584E824E854E6B8C8A4E12820D5F8E4ECE
:104EF0009E4E9F4EA04EA24EB04EB34EB64ECE4EDC
:104F0000CD4EC44EC64EC24ED74EDE4EED4EDF4E97
:104F1000F74E094F5A4F304F5B4F5D4F574F474F3A
:104F2000764F884F8F4F984F7B4F694F704F914FFF
:104F30006F4F864F964F1851D44FDF4FCE4FD84FFB
:104F4000DB4FD14FDA4FD04FE44FE54F1A50285086
:104F500014502A50255005501C4FF64F215029500F
:104F60002C50FE4FEF4F11500650435047500367EF
:104F70005550505048505A5056506C5078508050B0
:104F80009A508550B450B250C950CA50B350C25014
:104F9000D650DE50E550ED50E350EE50F950F5504C
:104FA0000951015102511651155114511A512151F3
:104FB0003A5137513C513B513F51405152514C5164
:104FC00054516251F87A69516A516E51805182513F
:104FD000D8568C5189518F51915193519551965179
:104FE000A451A651A251A951AA51AB51B351B151EB
:104FF000B251B051B551BD51C551C951DB51E0510C
:105000005586E951ED51F051F551FE5104520B52C4
:1050100014520E5227522A522E52335239524F52A4
:1050200044524B524C525E5254526A52745269521C
:1050300073527F527D528D529452925271528852C5
:105040009152A88FA78FAC52AD52BC52B552C152EB
:10505000CD52D752DE52E352E652ED98E052F3526F
:10506000F552F852F9520653085338750D53105340
:105070000F5315531A5323532F533153335338536C
:10508000405346534553174E49534D53D6515E53E3
:1050900069536E5318597B53775382539653A053D9
:1050A000A653A553AE53B053B653C353127CD996EF
:1050B000DF53FC66EE71EE53E853ED53FA5301549F
:1050C0003D5440542C542D543C542E5436542954A1
:1050D0001D544E548F5475548E545F5471547754EC
:1050E000705492547B548054765484549054865413
:1050F000C754A254B854A554AC54C454C854A8546A
:10510000AB54C254A454BE54BC54D854E554E654D1
:105110000F551455FD54EE54ED54FA54E2543955DC
:10512000405563554C552E555C554555565557556C
:10513000385533555D5599558055AF548A559F550F
:105140007B557E5598559E55AE557C558355A95532
:105150008755A855DA55C555DF55C455DC55E45576
:10516000D4551456F7551656FE55FD551B56F95590
:105170004E565056DF7134563656325638566B56A8
:1051800064562F566C566A56865680568A56A056D6
:1051900094568F56A556AE56B656B456C256BC5601
:1051A000C156C356C056C856CE56D156D356D756FA
:1051B000EE56F9560057FF560457095708570B5734
:1051C0000D57135718571657C7551C57265737579B
:1051D00038574E573B5740574F576957C057885716
:1051E00061577F5789579357A057B357A457AA576A
:1051F000B057C357C657D457D257D3570A58D65764
:10520000E3570B5819581D587258215862584B587B
:105210007058C06B52583D5879588558B9589F58A6
:10522000AB58BA58DE58BB58B858AE58C558D358C2
:10523000D158D758D958D858E558DC58E458DF58D1
:10524000EF58FA58F958FB58FC58FD5802590A59BA
:1052500010591B59A66825592C592D5932593859BE
:105260003E59D27A555950594E595A59585962593E
:10527000605967596C596959785981599D595E4FE0
:10528000AB4FA359B259C659E859DC598D59D95970
:10529000DA59255A1F5A115A1C5A095A1A5A405A91
:1052A0006C5A495A355A365A625A6A5A9A5ABC5AEC
:1052B000BE5ACB5AC25ABD5AE35AD75AE65AE95A8D
:1052C000D65AFA5AFB5A0C5B0B5B165B325BD05A10
:1052D0002A5B365B3E5B435B455B405B515B555BEA
:1052E0005A5B5B5B655B695B705B735B755B785B93
:1052F00088657A5B805B835BA65BB85BC35BC75BDF
:10530000C95BD45BD05BE45BE65BE25BDE5BE55BE9
:10531000EB5BF05BF65BF35B055C075C085C0D5CCC
:10532000135C205C225C285C385C395C415C465C28
:105330004E5C535C505C4F5C715B6C5C6E5C624EAF
:10534000765C795C8C5C915C945C9B59AB5CBB5CDF
:10535000B65CBC5CB75CC55CBE5CC75CD95CE95C38
:10536000FD5CFA5CED5C8C5DEA5C0B5D155D175DC8
:105370005C5D1F5D1B5D115D145D225D1A5D195D35
:10538000185D4C5D525D4E5D4B5D6C5D735D765D91
:10539000875D845D825DA25D9D5DAC5DAE5DBD5D42
:1053A000905DB75DBC5DC95DCD5DD35DD25DD65D01
:1053B000DB5DEB5DF25DF55D0B5E1A5E195E115E05
:1053C0001B5E365E375E445E435E405E4E5E575EF9
:1053D000545E5F5E625E645E475E755E765E7A5EB8
:1053E000BC9E7F5EA05EC15EC25EC85ED05ECF5EC8
:1053F000D65EE35EDD5EDA5EDB5EE25EE15EE85EC7
:10540000E95EEC5EF15EF35EF05EF45EF85EFE5E19
:10541000035F095F5D5F5C5F0B5F115F165F295F74
:105420002D5F385F415F485F4C5F4E5F2F5F515F7C
:10543000565F575F595F615F6D5F735F775F835F33
:10544000825F7F5F8A5F885F915F875F9E5F995F02
:10545000985FA05FA85FAD5FBC5FD65FFB5FE45F56
:10546000F85FF15FDD5FB360FF5F2160606019602E
:10547000106029600E6031601B6015602B60266033
:105480000F603A605A6041606A6077605F604A60AE
:1054900046604D6063604360646042606C606B6056
:1054A000596081608D60E76083609A6084609B6072
:1054B000966097609260A7608B60E160B860E06082
:1054C000D360B460F05FBD60C660B560D8604D6108
:1054D00015610661F660F7600061F460FA600361CF
:1054E0002161FB60F1600D610E6147613E612861E1
:1054F00027614A613F613C612C6134613D614261D9
:10550000446173617761586159615A616B6174617B
:105510006F61656171615F615D6153617561996121
:1055200096618761AC6194619A618A619161AB61B6
:10553000AE61CC61CA61C961F761C861C361C6610E
:10554000BA61CB61797FCD61E661E361F661FA61B1
:10555000F461FF61FD61FC61FE6100620862096245
:105560000D620C6214621B621E6221622A622E624C
:1055700030623262336241624E625E6263625B62DB
:10558000606268627C62826289627E629262936219
:105590009662D46283629462D762D162BB62CF6248
:1055A000FF62C662D464C862DC62CC62CA62C26254
:1055B000C7629B62C9620C63EE62F1622763026399
:1055C0000863EF62F56250633E634D631C644F6392
:1055D00096638E638063AB637663A3638F63896333
:1055E0009F63B5636B636963BE63E963C063C6634E
:1055F000E363C963D263F663C46316643464066408
:105600001364266436641D65176428640F64676438
:105610006F6476644E642A6595649364A564A96496
:105620008864BC64DA64D264C564C764BB64D8644B
:10563000C264F164E7640982E064E164AC62E3643B
:10564000EF642C65F664F464F264FA640065FD644A
:1056500018651C650565246523652B65346535650E
:105660003765366538654B754865566555654D65D2
:1056700058655E655D6572657865826583658A8B50
:105680009B659F65AB65B765C365C665C165C46548
:10569000CC65D265DB65D965E065E165F16572676A
:1056A0000A660366FB6573673566366634661C6694
:1056B0004F664466496641665E665D666466676617
:1056C00068665F6662667066836688668E668966EF
:1056D000846698669D66C166B966C966BE66BC6624
:1056E000C466B866D666DA66E0663F66E666E96670
:1056F000F066F566F7660F6716671E672667276709
:1057000038972E673F673667416738673767466760
:105710005E67606759676367646789677067A967D1
:105720007C676A678C678B67A667A1678567B767C1
:10573000EF67B467EC67B367E967B867E467DE678C
:10574000DD67E267EE67B967CE67C667E7679C6AA1
:105750001E684668296840684D6832684E68B368BC
:105760002B685968636877687F689F688F68AD6841
:1057700094689D689B688368AE6AB9687468B56808
:10578000A068BA680F698D687E680169CA6808698F
:10579000D86822692669E1680C69CD68D468E76831
:1057A000D568366912690469D768E3682569F968BC
:1057B000E068EF6828692A691A6923692169C6685F
:1057C000796977695C6978696B6954697E696E6922
:1057D000396974693D695969306961695E695D69F2
:1057E00081696A69B269AE69D069BF69C169D36903
:1057F000BE69CE69E85BCA69DD69BB69C369A7692F
:105800002E6A9169A0699C699569B469DE69E86945
:10581000026A1B6AFF690A6BF969F269E769056A3E
:10582000B1691E6AED69146AEB690A6A126AC16A93
:10583000236A136A446A0C6A726A366A786A476A2B
:10584000626A596A666A486A386A226A906A8D6A28
:10585000A06A846AA26AA36A976A1786BB6AC36A47
:10586000C26AB86AB36AAC6ADE6AD16ADF6AAA6AD7
:10587000DA6AEA6AFB6A056B1686FA6A126B166BBD
:10588000319B1F6B386B376BDC76396BEE98476B4F
:10589000436B496B506B596B546B5B6B5F6B616B0C
:1058A000786B796B7F6B806B846B836B8D6B986B84
:1058B000956B9E6BA46BAA6BAB6BAF6BB26BB16B52
:1058C000B36BB76BBC6BC66BCB6BD36BDF6BEC6B2B
:1058D000EB6BF36BEF6BBE9E086C136C146C1B6C64
:1058E000246C236C5E6C556C626C6A6C826C8D6C83
:1058F0009A6C816C9B6C7E6C686C736C926C906C17
:10590000C46CF16CD36CBD6CD76CC56CDD6CAE6CCB
:10591000B16CBE6CBA6CDB6CEF6CD96CEA6C1F6D51
:105920004D88366D2B6D3D6D386D196D356D336D50
:10593000126D0C6D636D936D646D5A6D796D596D5B
:105940008E6D956DE46F856DF96D156E0A6EB56D92
:10595000C76DE66DB86DC66DEC6DDE6DCC6DE86D36
:10596000D26DC56DFA6DD96DE46DD56DEA6DEE6DD4
:105970002D6E6E6E2E6E196E726E5F6E3E6E236EA3
:105980006B6E2B6E766E4D6E1F6E436E3A6E4E6E64
:10599000246EFF6E1D6E386E826EAA6E986EC96E92
:1059A000B76ED36EBD6EAF6EC46EB26ED46ED56E72
:1059B0008F6EA56EC26E9F6E416F116F4C70EC6E54
:1059C000F86EFE6E3F6FF26E316FEF6E326FCC6E1F
:1059D0003E6F136FF76E866F7A6F786F816F806F8F
:1059E0006F6F5B6FF36F6D6F826F7C6F586F8E6F31
:1059F000916FC26F666FB36FA36FA16FA46FB96F22
:105A0000C66FAA6FDF6FD56FEC6FD46FD86FF16F71
:105A1000EE6FDB6F09700B70FA6F117001700F7011
:105A2000FE6F1B701A70746F1D7018701F703070CD
:105A30003E7032705170637099709270AF70F170F7
:105A4000AC70B870B370AE70DF70CB70DD70D970B1
:105A50000971FD701C7119716571557188716671DC
:105A600062714C7156716C718F71FB71847195719B
:105A7000A871AC71D771B971BE71D271C971D4718D
:105A8000CE71E071EC71E771F571FC71F971FF7124
:105A90000D7210721B7228722D722C72307232725B
:105AA0003B723C723F72407246724B725872747213
:105AB0007E7282728172877292729672A272A772DD
:105AC000B972B272C372C672C472CE72D272E2720C
:105AD000E072E172F972F7720F5017730A731C7358
:105AE00016731D7334732F73297325733E734E73AE
:105AF0004F73D89E57736A73687370737873757336
:105B00007B737A73C873B373CE73BB73C073E5735F
:105B1000EE73DE73A27405746F742574F8733274B7
:105B20003A7455743F745F74597441745C74697449
:105B3000707463746A7476747E748B749E74A774C4
:105B4000CA74CF74D474F173E074E374E774E974C5
:105B5000EE74F274F074F174F874F77404750375EC
:105B600005750C750E750D75157513751E752675F5
:105B70002C753C7544754D754A7549755B75467550
:105B80005A756975647567756B756D757875767519
:105B90008675877574758A758975827594759A7519
:105BA0009D75A575A375C275B375C375B575BD75BE
:105BB000B875BC75B175CD75CA75D275D975E375F3
:105BC000DE75FE75FF75FC750176F075FA75F27578
:105BD000F3750B760D7609761F762776207621767B
:105BE00022762476347630763B764776487646764B
:105BF0005C76587661766276687669766A766776DC
:105C00006C7670767276767678767C768076837629
:105C100088768B768E769676937699769A76B07627
:105C2000B476B876B976BA76C276CD76D676D276AE
:105C3000DE76E176E576E776EA762F86FB760877FC
:105C400007770477297724771E77257726771B77C0
:105C50003777387747775A7768776B775B776577E9
:105C60007F777E7779778E778B779177A0779E771E
:105C7000B077B677B977BF77BC77BD77BB77C77793
:105C8000CD77D777DA77DC77E377EE77FC770C7828
:105C90001278267920782A7945788E7874788678F3
:105CA0007C789A788C78A378B578AA78AF78D17810
:105CB000C678CB78D478BE78BC78C578CA78EC78CA
:105CC000E778DA78FD78F47807791279117919791B
:105CD0002C792B794079607957795F795A795579A0
:105CE00053797A797F798A799D79A7794B9FAA79B7
:105CF000AE79B379B979BA79C979D579E779EC7997
:105D0000E179E379087A0D7A187A197A207A1F7A7C
:105D10008079317A3B7A3E7A377A437A577A497A70
:105D2000617A627A697A9D9F707A797A7D7A887AC7
:105D3000977A957A987A967AA97AC87AB07AB67A62
:105D4000C57AC47ABF7A8390C77ACA7ACD7ACF7A75
:105D5000D57AD37AD97ADA7ADD7AE17AE27AE67A92
:105D6000ED7AF07A027B0F7B0A7B067B337B187B14
:105D7000197B1E7B357B287B367B507B7A7B047BB3
:105D80004D7B0B7B4C7B457B757B657B747B677B9D
:105D9000707B717B6C7B6E7B9D7B987B9F7B8D7B0F
:105DA0009C7B9A7B8B7B927B8F7B5D7B997BCB7B78
:105DB000C17BCC7BCF7BB47BC67BDD7BE97B117C5D
:105DC000147CE67BE57B607C007C077C137CF37BAA
:105DD000F77B177C0D7CF67B237C277C2A7C1F7C41
:105DE000377C2B7C3D7C4C7C437C547C4F7C407CC2
:105DF000507C587C5F7C647C567C657C6C7C757CBC
:105E0000837C907CA47CAD7CA27CAB7CA17CA87CB8
:105E1000B37CB27CB17CAE7CB97CBD7CC07CC57CE3
:105E2000C27CD87CD27CDC7CE27C3B9BEF7CF27C2D
:105E3000F47CF67CFA7C067D027D1C7D157D0A7D56
:105E4000457D4B7D2E7D327D3F7D357D467D737D4D
:105E5000567D4E7D727D687D6E7D4F7D637D937D29
:105E6000897D5B7D8F7D7D7D9B7DBA7DAE7DA37DB4
:105E7000B57DC77DBD7DAB7D3D7EA27DAF7DDC7DEB
:105E8000B87D9F7DB07DD87DDD7DE47DDE7DFB7DB1
:105E9000F27DE17D057E0A7E237E217E127E317EAB
:105EA0001F7E097E0B7E227E467E667E3B7E357E91
:105EB000397E437E377E327E3A7E677E5D7E567EB9
:105EC0005E7E597E5A7E797E6A7E697E7C7E7B7E8E
:105ED000837ED57D7D7EAE8F7F7E887E897E8C7E23
:105EE000927E907E937E947E967E8E7E9B7E9C7E1E
:105EF000387F3A7F457F4C7F4D7F4E7F507F517F6B
:105F0000557F547F587F5F7F607F687F697F677FA1
:105F1000787F827F867F837F887F877F8C7F947F57
:105F20009E7F9D7F9A7FA37FAF7FB27FB97FAE7F39
:105F3000B67FB87F718BC57FC67FCA7FD57FD47F80
:105F4000E17FE67FE97FF37FF97FDC9806800480BC
:105F50000B801280188019801C80218028803F804F
:105F60003B804A804680528058805A805F806280A1
:105F70006880738072807080768079807D807F8079
:105F80008480868085809B8093809A80AD809051AC
:105F9000AC80DB80E580D980DD80C480DA80D6806B
:105FA0000981EF80F1801B81298123812F814B8121
:105FB0008B9646813E8153815181FC8071816E8137
:105FC000658166817481838188818A8180818281F3
:105FD000A0819581A481A3815F819381A981B081F2
:105FE000B581BE81B881BD81C081C281BA81C981BC
:105FF000CD81D181D981D881C881DA81DF81E081E9
:10600000E781FA81FB81FE8101820282058207829B
:106010000A820D821082168229822B823882338274
:106020004082598258825D825A825F826482628293
:1060300068826A826B822E827182778278827E8207
:106040008D829282AB829F82BB82AC82E182E382AC
:10605000DF82D282F482F382FA8293830383FB820B
:10606000F982DE820683DC820983D9823583348318
:1060700016833283318340833983508345832F8352
:106080002B831783188385839A83AA839F83A28394
:10609000968323838E8387838A837C83B5837383EC
:1060A0007583A0838983A883F4831384EB83CE83D1
:1060B000FD830384D8830B84C183F7830784E08343
:1060C000F2830D8422842084BD8338840685FB837B
:1060D0006D842A843C845A85848477846B84AD845F
:1060E0006E848284698446842C846F8479843584A8
:1060F000CA846284B984BF849F84D984CD84BB84DC
:10610000DA84D084C184C684D684A1842185FF84A6
:10611000F484178518852C851F8515851485FC84C6
:106120004085638558854885418502864B85558520
:106130008085A485888591858A85A8856D859485C7
:106140009B85EA8587859C8577857E859085C98531
:10615000BA85CF85B985D085D585DD85E585DC8592
:10616000F9850A8613860B86FE85FA8506862286C1
:106170001A8630863F864D86554E54865F866786E2
:1061800071869386A386A986AA868B868C86B68618
:10619000AF86C486C686B086C9862388AB86D48679
:1061A000DE86E986EC86DF86DB86EF861287068749
:1061B000088700870387FB86118709870D87F98683
:1061C0000A8734873F8737873B87258729871A8740
:1061D00060875F8778874C874E8774875787688783
:1061E0006E875987538763876A870588A2879F8749
:1061F0008287AF87CB87BD87C087D087D696AB878E
:10620000C487B387C787C687BB87EF87F287E087D6
:106210000F880D88FE87F687F7870E88D28711884A
:1062200016881588228821883188368839882788F9
:106230003B8844884288528859885E8862886B8887
:1062400081887E889E8875887D88B58872888288D6
:1062500097889288AE889988A2888D88A488B0880B
:10626000BF88B188C388C488D488D888D988DD8895
:10627000F9880289FC88F488E888F28804890C8906
:106280000A89138943891E8925892A892B8941898D
:1062900044893B89368938894C891D8960895E89A2
:1062A000668964896D896A896F89748977897E892D
:1062B000838988898A8993899889A189A989A689E6
:1062C000AC89AF89B289BA89BD89BF89C089DA89A9
:1062D000DC89DD89E789F489F889038A168A108ABE
:1062E0000C8A1B8A1D8A258A368A418A5B8A528AD1
:1062F000468A488A7C8A6D8A6C8A628A858A828A02
:10630000848AA88AA18A918AA58AA68A9A8AA38A57
:10631000C48ACD8AC28ADA8AEB8AF38AE78AE48A57
:10632000F18A148BE08AE28AF78ADE8ADB8A0C8B98
:10633000078B1A8BE18A168B108B178B208B338B74
:10634000AB97268B2B8B3E8B288B418B4C8B4F8BAB
:106350004E8B498B568B5B8B5A8B6B8B5F8B6C8B0D
:106360006F8B748B7D8B808B8C8B8E8B928B938BB6
:10637000968B998B9A8B3A8C418C3F8C488C4C8CA9
:106380004E8C508C558C628C6C8C788C7A8C828C78
:10639000898C858C8A8C8D8C8E8C948C7C8C988C42
:1063A0001D62AD8CAA8CBD8CB28CB38CAE8CB68CBD
:1063B000C88CC18CE48CE38CDA8CFD8CFA8CFB8C61
:1063C000048D058D0A8D078D0F8D0D8D108D4E9FBF
:1063D000138DCD8C148D168D678D6D8D718D738D94
:1063E000818D998DC28DBE8DBA8DCF8DDA8DD68D72
:1063F000CC8DDB8DCB8DEA8DEB8DDF8DE38DFC8D30
:10640000088E098EFF8D1D8E1E8E108E1F8E428E61
:10641000358E308E348E4A8E478E498E4C8E508EFD
:10642000488E598E648E608E2A8E638E558E768E3F
:10643000728E7C8E818E878E858E848E8B8E8A8ED8
:10644000938E918E948E998EAA8EA18EAC8EB08EE4
:10645000C68EB18EBE8EC58EC88ECB8EDB8EE38E81
:10646000FC8EFB8EEB8EFE8E0A8F058F158F128FA2
:10647000198F138F1C8F1F8F1B8F0C8F268F338FBD
:106480003B8F398F458F428F3E8F4C8F498F468F80
:106490004E8F578F5C8F628F638F648F9C8F9F8F1F
:1064A000A38FAD8FAF8FB78FDA8FE58FE28FEA8F33
:1064B000EF8F8790F48F0590F98FFA8F11901590D8
:1064C00021900D901E9016900B902790369035904D
:1064D0003990F88F4F905090519052900E90499073
:1064E0003E90569058905E9068906F907690A896E7
:1064F000729082907D90819080908A9089908F9008
:10650000A890AF90B190B590E290E4904862DB9093
:10651000029112911991329130914A91569158916C
:10652000639165916991739172918B918991829137
:10653000A291AB91AF91AA91B591B491BA91C0914A
:10654000C191C991CB91D091D691DF91E191DB912D
:10655000FC91F591F6911E92FF9114922C92159256
:1065600011925E9257924592499264924892959206
:106570003F924B9250929C92969293929B925A92F7
:10658000CF92B992B792E9920F93FA9244932E93D5
:10659000199322931A9323933A9335933B935C93E5
:1065A00060937C936E935693B093AC93AD93949316
:1065B000B993D693D793E893E593D893C393DD9398
:1065C000D093C893E4931A94149413940394079467
:1065D000109436942B94359421943A944194529487
:1065E00044945B94609462945E946A94299270944B
:1065F000759477947D945A947C947E9481947F943E
:10660000829587958A959495969598959995A09554
:10661000A895A795AD95BC95BB95B995BE95CA951E
:10662000F66FC395CD95CC95D595D495D695DC953B
:10663000E195E595E295219628962E962F9642961D
:106640004C964F964B9677965C965E965D965F96C7
:10665000669672966C968D96989695969796AA964B
:10666000A796B196B296B096B496B696B896B996E5
:10667000CE96CB96C996CD964D89DC960D97D5963C
:10668000F99604970697089713970E9711970F9707
:106690001697199724972A97309739973D973E97E1
:1066A000449746974897429749975C9760976497B5
:1066B00066976897D2526B977197799785977C9771
:1066C00081977A9786978B978F9790979C97A897A3
:1066D000A697A397B397B497C397C697C897CB9736
:1066E000DC97ED974F9FF297DF7AF697F5970F9823
:1066F0000C9838982498219837983D9846984F9848
:106700004B986B986F987098719874987398AA9832
:10671000AF98B198B698C498C398C698E998EB9882
:106720000399099912991499189921991D991E99FB
:10673000249920992C992E993D993E9942994999ED
:10674000459950994B99519952994C9955999799C6
:106750009899A599AD99AE99BC99DF99DB99DD9986
:10676000D899D199ED99EE99F199F299FB99F89907
:10677000019A0F9A059AE299199A2B9A379A459A93
:10678000429A409A439A3E9A559A4D9A5B9A579AE2
:106790005F9A629A659A649A699A6B9A6A9AAD9AB4
:1067A000B09ABC9AC09ACF9AD19AD39AD49ADE9AC8
:1067B000DF9AE29AE39AE69AEF9AEB9AEE9AF49AC3
:1067C000F19AF79AFB9A069B189B1A9B1F9B229B98
:1067D000239B259B279B289B299B2A9B2E9B2F9B9A
:1067E000329B449B439B4F9B4D9B4E9B519B589B85
:1067F000749B939B839B919B969B979B9F9BA09B3A
:10680000A89BB49BC09BCA9BB99BC69BCF9BD19BAB
:10681000D29BE39BE29BE49BD49BE19B3A9CF29B43
:10682000F19BF09B159C149C099C139C0C9C069C52
:10683000089C129C0A9C049C2E9C1B9C259C249CBE
:10684000219C309C479C329C469C3E9C5A9C609C60
:10685000679C769C789CE79CEC9CF09C099D089D2D
:10686000EB9C039D069D2A9D269DAF9D239D1F9D0C
:10687000449D159D129D419D3F9D3E9D469D489D79
:106880005D9D5E9D649D519D509D599D729D899D0C
:10689000879DAB9D6F9D7A9D9A9DA49DA99DB29D5C
:1068A000C49DC19DBB9DB89DBA9DC69DCF9DC29DF7
:1068B000D99DD39DF89DE69DED9DEF9DFD9D1A9E72
:1068C0001B9E1E9E759E799E7D9E819E889E8B9EA0
:1068D0008C9E929E959E919E9D9EA59EA99EB89EE1
:1068E000AA9EAD9E6197CC9ECE9ECF9ED09ED49EFA
:1068F000DC9EDE9EDD9EE09EE59EE89EEF9EF49E81
:10690000F69EF79EF99EFB9EFC9EFD9E079F089FAC
:10691000B776159F219F2C9F3E9F4A9F529F549F61
:10692000639F5F9F609F619F669F679F6C9F6A9F49
:10693000779F729F769F959F9C9FA09F2F58C769B6
:1069400059906474DC51997100000042C8801F4066
:10695000B8821F400800000000000042C4801F40B1
:10696000B4821F400400000000C0004224801F4089
:1069700014821F401000000000C0004228801F4009
:1069800018821F402000000000C000422C801F40E1
:106990001C821F404000000000C0004234801F40A5
:1069A00024821F40000100000040004264811F401B
:1069B00054831F40000400000040004280811F40BB
:1069C00070831F4000000200004000427C811F4095
:1069D0006C831F40000001000040004268811F409E
:1069E00058831F4000080000004000423C811F40C7
:1069F0002C831F40010000000040004244811F40E2
:106A000034831F40040000000040004240811F40CA
:106A100030831F40020000000040004248811F40B8
:106A200038831F40080000000000004204811F401E
:106A3000F4821F40000004000000004208811F4053
:106A4000F8821F40000008000000004218811F402B
:106A500008831F40000080000000004214811F4096
:106A600004831F40000040000000004200811F40DE
:106A7000F0821F400000020000000042FC801F4026
:106A8000EC821F40000001000000004224811F40F2
:106A900014831F40000000040000004228811F40B2
:106AA00018831F4000000008000000421C811F40A6
:106AB0000C831F40000000010000004220811F40A5
:106AC00010831F400000000200000042EC801F40C5
:106AD000DC821F400010000000000042F0801F40D8
:106AE000E0821F40002000000000004234811F406F
:106AF00024831F40000000400000004238811F40F6
:106B000028831F40000000800080004294801F40C6
:106B100084821F400000040000C0004290801F409B
:106B200080821F400000008000800042A8801F403B
:106B300098821F400000800000800042A4801F4017
:106B400094821F4000004000004000426C811F40C2
:106B50005C831F400010000000C0004230801F40D6
:106B600020821F408000000000400042B0811F4092
:106B7000A0831F400000002000400042AC811F4065
:106B80009C831F40000000100040004284811F4091
:106B900074831F40000004000040004288811F40B1
:106BA00078831F4000000800000000422C811F4035
:106BB0001C831F40000000100000004230811F4075
:106BC00020831F4000000020000000420C811F4075
:106BD000FC821F40000010000000004210811F4096
:106BE00000831F400000200000800042C8811F4039
:106BF000B8831F400080000000800042C4811F4015
:106C0000B4831F400040000000800042C0811F404C
:106C1000B0831F400020000000800042BC811F4064
:106C2000AC831F400010000000800042D0811F4054
:106C3000C0831F400000020000800042CC811F4042
:106C4000BC831F400000010000C0004274801F4050
:106C500064821F400000000100C0004280801F408D
:106C600070821F400000000800C0004284801F4066
:106C700074821F400000001000C000426C801F4062
:106C80005C821F400000400000C000427C801F402A
:106C90006C821F400000000400C0004278801F404A
:106CA00068821F400000000200C0004288801F4030
:106CB00078821F4000000020456E746572696E671F
:106CC00020626F6F746C6F61646572005553422E61
:106CD00032200000694D58525431303632000000E5
:106CE000323531323037000068747470733A2F2FA8
:106CF0006769746875622E636F6D2F6772626C4886
:106D0000414C2F694D58525431303632000000004A
:106D10005434315535584242000000006874747094
:106D2000733A2F2F6769746875622E636F6D2F70C9
:106D300068696C2D626172726574742F6772626C1F
:106D40002D7465656E73792D340000004C43424804
:106D500053000000656E61626C65204C4342206800
:106D60006F6C642F726573756D65207265636F6EED
:106D700063696C696174696F6E3A20244C434248C0
:106D8000533D3C307C313E004C43425A00000000F1
:106D90006F76657272696465205A206C696D6974DA
:106DA000207768696C65204C4342206F776E7320B2
:106DB000746865205A204D55583A20244C43425A55
:106DC0003D3C307C313E0000424C0000656E7465F5
:106DD0007220626F6F746C6F6164657200000000F6
:106DE00048617264206C696D697420686173206207
:106DF00065656E207472696767657265642E204DE3
:106E0000616368696E6520706F736974696F6E2065
:106E10006973206C696B656C79206C6F7374206486
:106E2000756520746F2073756464656E2068616C8D
:106E3000742E2052652D686F6D696E67206973200E
:106E4000686967686C79207265636F6D6D656E64E3
:106E500065642E00536F6674206C696D69742061DF
:106E60006C61726D2E20472D636F6465206D6F74A9
:106E7000696F6E20746172676574206578636565FB
:106E80006473206D616368696E65207472617665F4
:106E90006C2E204D616368696E6520706F73697434
:106EA000696F6E2072657461696E65642E20416C35
:106EB00061726D206D617920626520736166656C19
:106EC0007920756E6C6F636B65642E005265736517
:106ED000742F452D73746F70207768696C65206915
:106EE0006E206D6F74696F6E2E204D616368696EE0
:106EF0006520706F736974696F6E206973206C69A7
:106F00006B656C79206C6F73742064756520746F89
:106F10002073756464656E2068616C742E20526500
:106F20002D686F6D696E6720697320686967686C8A
:106F300079207265636F6D6D656E6465642E000007
:106F400050726F6265206661696C2E2050726F62AC
:106F500065206973206E6F7420696E2074686520E7
:106F6000657870656374656420696E697469616CC5
:106F7000207374617465206265666F726520737436
:106F8000617274696E672070726F626520637963E5
:106F90006C65207768656E204733382E3220616E2D
:106FA00064204733382E33206973206E6F74207449
:106FB000726967676572656420616E642047333863
:106FC0002E3420616E64204733382E3520697320BB
:106FD0007472696767657265642E000050726F6233
:106FE00065206661696C2E2050726F62652064694D
:106FF00064206E6F7420636F6E74616374207468B4
:107000006520776F726B7069656365207769746856
:10701000696E207468652070726F6772616D6D654E
:10702000642074726176656C20666F722047333815
:107030002E3220616E64204733382E342E0000003B
:10704000486F6D696E67206661696C2E20546865B3
:107050002061637469766520686F6D696E6720636F
:1070600079636C65207761732072657365742E0097
:10707000486F6D696E67206661696C2E205361668A
:1070800065747920646F6F7220776173206F70650B
:107090006E656420647572696E6720686F6D696ED5
:1070A00067206379636C652E00000000486F6D698E
:1070B0006E67206661696C2E2050756C6C206F665F
:1070C000662074726176656C206661696C65642007
:1070D000746F20636C656172206C696D69742073D4
:1070E00077697463682E2054727920696E637265C3
:1070F0006173696E672070756C6C2D6F66662073A6
:10710000657474696E67206F7220636865636B20B5
:10711000776972696E672E00486F6D696E672066C9
:1071200061696C2E20436F756C64206E6F742066ED
:10713000696E64206C696D69742073776974636823
:107140002077697468696E20736561726368206472
:10715000697374616E6365732E2054727920696E51
:107160006372656173696E67206D61782074726106
:1071700076656C2C2064656372656173696E672047
:1071800070756C6C2D6F66662064697374616E63D4
:10719000652C206F7220636865636B207769726964
:1071A0006E672E004553746F70206173736572743F
:1071B00065642E20436C65617220616E6420726587
:1071C00073657400486F6D696E67207265717569CB
:1071D0007265642E204578656375746520686F6DEF
:1071E000696E6720636F6D6D616E64202824482985
:1071F00020746F20636F6E74696E75652E000000D9
:107200004C696D69742073776974636820656E6773
:10721000616765642E20436C656172206265666FEC
:10722000726520636F6E74696E75696E672E0000FB
:1072300050726F62652070726F74656374696F6EEF
:10724000207472696767657265642E20436C65619E
:1072500072206265666F726520636F6E74696E7509
:10726000696E672E000000005370696E646C6520C3
:1072700061742073706565642074696D656F7574E1
:107280002E20436C656172206265666F72652063B3
:107290006F6E74696E75696E672E0000486F6D6958
:1072A0006E67206661696C2E20436F756C64206E7A
:1072B0006F742066696E64207365636F6E64206C02
:1072C000696D69742073776974636820666F7220D2
:1072D0006175746F2073717561726564206178697E
:1072E000732077697468696E2073656172636820C2
:1072F00064697374616E6365732E205472792069BA
:107300006E6372656173696E67206D617820747257
:107310006176656C2C2064656372656173696E6764
:107320002070756C6C2D6F66662064697374616E75
:1073300063652C206F7220636865636B20776972C8
:10734000696E672E00000000506F776572206F6EC7
:107350002073656C66746573742028504F53292020
:107360006661696C65642E004D6F746F7220666192
:10737000756C742E00000000486F6D696E672066A2
:1073800061696C2E2042616420636F6E6669677567
:10739000726174696F6E2E004D6F64627573206543
:1073A0007863657074696F6E2E2054696D656F75B2
:1073B00074206F72206D65737361676520657272EA
:1073C0006F722E00492F4F20657870616E64657270
:1073D00020636F6D6D756E69636174696F6E206691
:1073E00061696C65642E00004E2F41003F00000073
:1073F0003234000033320000554152543100000055
:10740000554152543200000055415254330000009F
:1074100055415254340000005265736574000000F9
:107420004665656420686F6C640000004379636C96
:107430006520737461727400426C6F636B206465C5
:107440006C6574650000000053746F70206469738C
:1074500061626C6500000000456D657267656E6372
:10746000792073746F70000050726F6265206469D8
:1074700073636F6E6E656374000000004D6F746F10
:1074800072206661756C74004D6F746F7220776145
:10749000726E696E670000004C696D697473206FCD
:1074A000766572726964650053696E676C65206207
:1074B0006C6F636B0000000050726F6265206F7626
:1074C000657274726176656C0000000050726F62C4
:1074D0006500000058206D6F746F72206661756CD6
:1074E0007400000059206D6F746F72206661756CB6
:1074F000740000005A206D6F746F72206661756CA5
:107500007400000058206D6F746F72206661756C96
:107510007420320059206D6F746F72206661756C33
:10752000742032005A206D6F746F72206661756C22
:107530007420320050726F626520320050726F62A8
:10754000652032206F76657274726176656C00001A
:10755000546F6F6C7365747465720000546F6F6C58
:10756000736574746572206F766572747261766586
:107570006C0000004D5047206D6F64652073656C92
:107580006563740058206C696D6974206D696E00C4
:1075900058206C696D6974206D696E20320000009E
:1075A00058206C696D6974206D6178005820686F8F
:1075B0006D6500005820686F6D6520320000000086
:1075C00059206C696D6974206D696E0059206C6971
:1075D0006D6974206D696E203200000059206C695D
:1075E0006D6974206D6178005920686F6D650000C9
:1075F0005920686F6D652032000000005A206C69C8
:107600006D6974206D696E005A206C696D69742013
:107610006D696E20320000005A206C696D6974201B
:107620006D6178005A20686F6D6500005A20686FA0
:107630006D652032000000005370696E646C652037
:10764000696E6465780000005370696E646C652033
:1076500070756C736500000041757820696E20308C
:107660000000000041757820696E203100000000A4
:1076700041757820696E2032000000004175782045
:10768000696E20330000000041757820696E203457
:107690000000000041757820696E20350000000070
:1076A00041757820696E2036000000004175782011
:1076B000696E20370000000041757820696E20381F
:1076C0000000000041757820696E2039000000003C
:1076D00041757820696E20313000000041757820B6
:1076E000696E20313100000041757820696E2031CB
:1076F0003200000041757820696E203133000000AF
:1077000041757820696E2031340000004175782081
:10771000696E20313500000041757820696E203196
:107720003600000041757820696E20313700000076
:1077300041757820696E203138000000417578204D
:10774000696E20313900000041757820696E203261
:107750003000000041757820696E20323100000051
:1077600041757820696E2032320000004175782022
:10777000696E20323300000041757820616E616CC3
:107780006F6720696E20300041757820616E616CF2
:107790006F6720696E20310041757820616E616CE1
:1077A0006F6720696E20320041757820616E616CD0
:1077B0006F6720696E20330041757820616E616CBF
:1077C0006F6720696E20340041757820616E616CAE
:1077D0006F6720696E20350041757820616E616C9D
:1077E0006F6720696E20360041757820616E616C8C
:1077F0006F6720696E203700582073746570000031
:1078000058322073746570005920737465700000DD
:1078100059322073746570005A20737465700000CB
:107820005A32207374657000582064697200000039
:1078300058322064697200005920646972000000A7
:1078400059322064697200005A2064697200000095
:107850005A3220646972000053746570706572203A
:10786000706F776572000000537465707065727395
:1078700020656E61626C65005820656E61626C65A2
:10788000000000005920656E61626C650000000018
:107890005A20656E61626C650000000058592065D1
:1078A0006E61626C650000004D6F746F722043530F
:1078B000000000004D6F746F7220435358000000A9
:1078C0004D6F746F72204353590000004D6F746FF9
:1078D000722043535A0000004D6F746F722043535F
:1078E0004D3300004D6F746F722043534D340000D0
:1078F0004D6F746F722043534D3500004D6F746FA0
:10790000722043534D3600004D6F746F7220435305
:107910004D3700005370696E646C65206F6E000017
:107920005370696E646C6520646972656374696F15
:107930006E0000005370696E646C652050574D00F6
:107940005370696E646C652032206F6E0000000019
:107950005370696E646C652032206469726563746B
:10796000696F6E005370696E646C652032205057E9
:107970004D0000004D69737400000000466C6F6F8D
:1079800064000000417578206F757420300000009D
:10799000417578206F7574203100000041757820A2
:1079A0006F75742032000000417578206F75742067
:1079B00033000000417578206F757420340000009A
:1079C000417578206F75742035000000417578206E
:1079D0006F75742036000000417578206F75742033
:1079E00037000000417578206F7574203800000062
:1079F000417578206F75742039000000417578203A
:107A00006F75742031300000417578206F757420D7
:107A100031310000417578206F75742031320000DB
:107A2000417578206F7574203133000041757820DE
:107A30006F75742031340000417578206F757420A3
:107A400031350000417578206F75742031360000A3
:107A5000417578206F7574203137000041757820AA
:107A60006F75742031380000417578206F7574206F
:107A700031390000417578206F7574203230000074
:107A8000417578206F75742032310000417578207F
:107A90006F75742032320000417578206F75742044
:107AA0003233000041757820616E616C6F67206F22
:107AB000757420300000000041757820616E616CA3
:107AC0006F67206F757420310000000041757820C9
:107AD000616E616C6F67206F75742032000000006A
:107AE00041757820616E616C6F67206F757420330B
:107AF0000000000041757820616E616C6F67206F37
:107B0000757420340000000041757820616E616C4E
:107B10006F67206F75742035000000004175782074
:107B2000616E616C6F67206F757420360000000015
:107B300041757820616E616C6F67206F75742037B6
:107B4000000000004C4544004C4544205200000019
:107B50004C454420470000004C45442042000000B2
:107B60004C454420570000004C4544206164726538
:107B7000737361626C6500004C45442061647265FA
:107B8000737361626C65203100000000436F5072B6
:107B90006F6320526573657400000000436F50727C
:107BA0006F6320426F6F7430000000004D49534FE7
:107BB000000000004D4F5349000000005350492081
:107BC000434C4B005350492043530000466C6173B3
:107BD0006820435300000000534420636172642016
:107BE00043530000534420636172642064657465EC
:107BF000637400005350492072657365740000007F
:107C000053504920495251004932432053434B00BD
:107C100049324320534441004B65797061642073BD
:107C200074726F6265000000493243207374726F92
:107C3000626500005258000054580000525453002E
:107C400052533438352052582F5458206469726585
:107C50006374696F6E0000005145492041000000C7
:107C600051454920420000005145492073656C652B
:107C70006374000051454920696E64657800000016
:107C80005669727475616C00554152542058000059
:107C9000554152542059000055415254205A000079
:107CA00055415254204D330055415254204D34001B
:107CB00055415254204D350055415254204D360007
:107CC00055415254204D3700472D636F646520772E
:107CD0006F72647320636F6E73697374206F6620B4
:107CE00061206C657474657220616E642061207619
:107CF000616C75652E204C657474657220776173B4
:107D0000206E6F7420666F756E642E004D697373FC
:107D1000696E672074686520657870656374656452
:107D200020472D636F646520776F72642076616CE5
:107D30007565206F72206E756D657269632076615E
:107D40006C756520666F726D6174206973206E6F4B
:107D5000742076616C69642E0000000027242720BF
:107D600073797374656D20636F6D6D616E642077D8
:107D70006173206E6F74207265636F676E697A65D8
:107D800064206F7220737570706F727465642E005A
:107D90004E656761746976652076616C75652072E1
:107DA0006563656976656420666F7220616E206523
:107DB0007870656374656420706F73697469766543
:107DC0002076616C75652E00486F6D696E67206363
:107DD00079636C65206661696C7572652E20486FE9
:107DE0006D696E67206973206E6F7420636F6E66B5
:107DF000696775726564207669612073657474695A
:107E00006E67732E00000000537465702070756CEF
:107E100073652074696D65206D75737420626520CB
:107E200067726561746572206F7220657175616C2F
:107E300020746F2032206D6963726F7365636F6E9B
:107E400064732E00412073657474696E67732072C9
:107E5000656164206661696C65642E204175746F8C
:107E60002D726573746F72696E67206166666563F3
:107E70007465642073657474696E677320746F2011
:107E800064656661756C742076616C7565732E002F
:107E900027242720636F6D6D616E642063616E6EB1
:107EA0006F74206265207573656420756E6C6573F0
:107EB0007320636F6E74726F6C6C65722073746183
:107EC00074652069732049444C452E20456E7375B6
:107ED00072657320736D6F6F7468206F7065726167
:107EE00074696F6E20647572696E672061206A6FB5
:107EF000622E0000472D636F646520636F6D6D61B6
:107F00006E647320617265206C6F636B6564206FB3
:107F1000757420647572696E6720616C61726D2082
:107F20006F72206A6F672073746174652E000000A1
:107F3000536F6674206C696D6974732063616E6E33
:107F40006F7420626520656E61626C65642077697C
:107F500074686F757420686F6D696E6720616C73EB
:107F60006F20656E61626C65642E00004D61782043
:107F70006368617261637465727320706572206CEE
:107F8000696E652065786365656465642E20526559
:107F900063656976656420636F6D6D616E64206CE6
:107FA000696E6520776173206E6F742065786563F4
:107FB000757465642E00000027242720736574748F
:107FC000696E672076616C756520636175736520E5
:107FD0007468652073746570207261746520746FB5
:107FE0002065786365656420746865206D617869D3
:107FF0006D756D20737570706F727465642E0000FE
:1080000053616665747920646F6F7220646574656E
:1080100063746564206173206F70656E65642061B0
:108020006E6420646F6F7220737461746520696E72
:10803000697469617465642E000000004275696CA2
:108040006420696E666F206F72207374617274753C
:1080500070206C696E652065786365656465642071
:108060006C696E65206C656E677468206C696D69FB
:10807000742E204C696E65206E6F742073746F725D
:1080800065642E004A6F67207461726765742065AD
:10809000786365656473206D616368696E652074DB
:1080A000726176656C2E204A6F6720636F6D6D611B
:1080B0006E6420686173206265656E2069676E6F0B
:1080C0007265642E000000004A6F6720636F6D6D5B
:1080D000616E6420686173206E6F20273D27206FDA
:1080E0007220636F6E7461696E732070726F68695D
:1080F000626974656420672D636F64652E000000FB
:108100004C61736572206D6F64652072657175696D
:108110007265732050574D206F75747075742E0002
:1081200052657365742061737365727465640000D1
:108130004E6F6E20706F7369746976652076616C1E
:1081400075650000556E737570706F72746564208C
:108150006F7220696E76616C696420672D636F644D
:108160006520636F6D6D616E6420666F756E64204F
:10817000696E20626C6F636B2E0000004D6F72653C
:10818000207468616E206F6E6520672D636F646573
:1081900020636F6D6D616E642066726F6D20736118
:1081A0006D65206D6F64616C2067726F75702066FD
:1081B0006F756E6420696E20626C6F636B2E0000B9
:1081C00046656564207261746520686173206E6F16
:1081D0007420796574206265656E20736574206F04
:1081E0007220697320756E646566696E65642E0021
:1081F000472D636F646520636F6D6D616E642069E8
:108200006E20626C6F636B20726571756972657345
:1082100020616E20696E74656765722076616C7589
:10822000652E00004D6F7265207468616E206F6E60
:108230006520672D636F646520636F6D6D616E648B
:10824000207468617420726571756972657320614C
:1082500078697320776F72647320666F756E64201F
:10826000696E20626C6F636B2E0000005265706552
:108270006174656420672D636F646520776F726435
:1082800020666F756E6420696E20626C6F636B2E62
:10829000000000004E6F206178697320776F726470
:1082A0007320666F756E6420696E20626C6F636BFD
:1082B00020666F7220672D636F646520636F6D6D3C
:1082C000616E64206F722063757272656E74206DCA
:1082D0006F64616C2073746174652077686963688A
:1082E000207265717569726573207468656D2E0002
:1082F0004C696E65206E756D6265722076616C7575
:108300006520697320696E76616C69642E000000D7
:10831000472D636F646520636F6D6D616E642069C6
:1083200073206D697373696E672061207265717562
:10833000697265642076616C756520776F72642E52
:10834000000000004735392E7820776F726B20636C
:108350006F6F7264696E6174652073797374656D93
:108360007320617265206E6F7420737570706F7208
:108370007465642E00000000473533206F6E6C7901
:1083800020616C6C6F776564207769746820473072
:1083900020616E64204731206D6F74696F6E206DAF
:1083A0006F6465732E0000004178697320776F72E7
:1083B000647320666F756E6420696E20626C6F63F3
:1083C0006B207768656E206E6F20636F6D6D616ED8
:1083D00064206F722063757272656E74206D6F64B5
:1083E000616C2073746174652075736573207468A3
:1083F000656D2E00473220616E6420473320617224
:1084000063732072657175697265206174206C6593
:10841000617374206F6E6520696E2D706C616E657E
:10842000206178697320776F72642E004D6F7469D4
:108430006F6E20636F6D6D616E642074617267652D
:108440007420697320696E76616C69642E00000087
:10845000417263207261646975732076616C756521
:1084600020697320696E76616C69642E00000000DB
:10847000473220616E64204733206172637320723B
:10848000657175697265206174206C656173742013
:108490006F6E6520696E2D706C616E65206F66660B
:1084A00073657420776F72642E000000556E7573CB
:1084B00065642076616C756520776F7264732066E1
:1084C0006F756E6420696E20626C6F636B2E0000A6
:1084D0004734332E312064796E616D696320746F87
:1084E0006F6C206C656E677468206F666673657468
:1084F000206973206E6F742061737369676E6564A1
:1085000020746F20636F6E6669677572656420748E
:108510006F6F6C206C656E67746820617869732E6C
:1085200000000000546F6F6C206E756D62657220E4
:1085300067726561746572207468616E206D617820
:1085400020737570706F727465642076616C7565E8
:10855000206F7220756E646566696E656420746F45
:108560006F6C2073656C65637465642E0000000099
:1085700056616C7565206F7574206F662072616E30
:1085800067652E00472D636F646520636F6D6D61B5
:108590006E64206E6F7420616C6C6F7765642077F9
:1085A00068656E20746F6F6C206368616E6765200C
:1085B00069732070656E64696E672E005370696E12
:1085C000646C65206E6F742072756E6E696E6720C4
:1085D0007768656E206D6F74696F6E20636F6D6D67
:1085E000616E64656420696E20435353206F72206E
:1085F0007370696E646C652073796E63206D6F644F
:10860000652E0000506C616E65206D75737420627C
:1086100065205A5820666F722074687265616469BB
:108620006E672E004D61782E20666565642072614C
:1086300074652065786365656465642E00000000DC
:1086400052504D206F7574206F662072616E6765A1
:108650002E0000004F6E6C7920686F6D696E672088
:10866000697320616C6C6F776564207768656E2034
:1086700061206C696D69742073776974636820691F
:108680007320656E67616765642E0000486F6D65D5
:10869000206D616368696E6520746F20636F6E740E
:1086A000696E75652E0000004154433A206375726F
:1086B00072656E7420746F6F6C206973206E6F74B6
:1086C000207365742E205365742063757272656E15
:1086D0007420746F6F6C2077697468204D36312E6A
:1086E0000000000056616C756520776F726420632E
:1086F0006F6E666C6963742E00000000506F7765C2
:1087000072206F6E2073656C6620746573742066CA
:1087100061696C65642E2041206861726420726515
:108720007365742069732072657175697265642E52
:1087300000000000456D657267656E637920737493
:108740006F70206163746976652E000053657474E0
:10875000696E672076616C7565206973206F75742A
:10876000206F662072616E67652E00005365747419
:10877000696E67206973206E6F7420617661696C21
:1087800061626C652C20706F737369626C79206410
:10879000756520746F206C696D69746564206472FE
:1087A0006976657220737570706F72742E000000A8
:1087B0005265747261637420706F736974696F6E4F
:1087C000206973206C657373207468616E20647215
:1087D000696C6C2064657074682E00004174746567
:1087E0006D707420746F20686F6D652074776F20D2
:1087F0006175746F2073717561726564206178654D
:1088000073206174207468652073616D65207469DC
:108810006D652E00436F6F7264696E6174652073BD
:10882000797374656D206973206C6F636B65642E5A
:1088300000000000556E657870656374656420669D
:10884000696C652064656D6172636174696F6E2E19
:1088500000000000506F7274206973206E6F7420E6
:10886000617661696C61626C6500000041757468D5
:10887000656E7469636174696F6E20726571756984
:108880007265642E000000004163636573732064A9
:10889000656E6965642E00004E6F7420616C6C6FAC
:1088A000776564207768696C6520637269746963B1
:1088B000616C206576656E742069732061637469EC
:1088C00076652E00436F756C64206E6F74206F7038
:1088D000656E2066696C652E000000005573657238
:1088E00020646566696E6564206572726F72206FC0
:1088F0006363757265642E00506F72742069732013
:108900006E6F7420757361626C652E004D53472C39
:10891000000000005F76616C756500005F76616C39
:1089200075655F72657475726E6564004661746129
:108930006C3A20496E636F6D70617469626C65207A
:10894000647269766572202800000000290000002A
:108950006772626C48414C3A20706F776572206F85
:108960006E2073656C662D746573742028504F53A8
:1089700029206661696C6564210D0A0041757820C3
:10898000000000002C41757820000000496E7665DB
:10899000727420494F506F727420696E70757473D1
:1089A0002E000000496E7665727420494F506F7238
:1089B00074206F75747075742E000000496E7665B2
:1089C000727420492F4F20506F727420696E707539
:1089D00074730000496E7665727420492F4F2050E1
:1089E0006F7274206F7574707574730041757820A0
:1089F000706F727473000000526573657420746F39
:108A000020636F6E74696E75650000002724482727
:108A10007C2724582720746F20756E6C6F636B0061
:108A200043617574696F6E3A20556E6C6F636B6548
:108A300064000000456E61626C65640044697361A6
:108A4000626C656400000000436865636B20446FDE
:108A50006F720000436865636B204C696D697473C5
:108A60000000000050676D20456E6400526573740D
:108A70006F72696E672064656661756C747300005F
:108A8000526573746F72696E67207370696E646C7F
:108A900065000000536C656570696E67000000003A
:108AA000456D657267656E63792073746F70202DF4
:108AB00020636C6561722C207468656E207265732A
:108AC000657420746F20636F6E74696E7565000045
:108AD000486F6D696E67206379636C65207265719C
:108AE0007569726564000000507265737320637964
:108AF000636C6520737461727420746F2072657288
:108B0000756E206A6F6200005265666572656E63FD
:108B10006520746F6F6C206C656E677468206F667B
:108B2000667365742065737461626C6973686564EB
:108B3000000000004D6F746F72206661756C7420C8
:108B40002D20636C6561722C207468656E207265DF
:108B500073657420746F20636F6E74696E75650041
:108B60005072657373206379636C652073746172EE
:108B70007420746F20636F6E74696E75652E0000CB
:108B800052656D6F766520616E7920746F756368CC
:108B900020706C61746520616E64207072657373FF
:108BA000206379636C6520737461727420746F2024
:108BB000636F6E74696E75652E00000050726F628F
:108BC00065206661696C65642C2074727920616728
:108BD00061696E2E00000000506572666F726D2034
:108BE000612070726F626520776974682024545028
:108BF00057206669727374210000000050726F6222
:108C0000652070726F74656374696F6E2061637440
:108C10006976617465642E005072657373206379A0
:108C2000636C6520737461727420746F20706F734D
:108C30006974696F6E20666F7220746F7563682D3A
:108C40006F66662E000000005F766D616A6F7200CD
:108C50005F766D696E6F72005F6C696E6500000013
:108C60005F6D6F74696F6E5F6D6F6465000000000B
:108C70005F706C616E6500005F63636F6D70000014
:108C80005F6D6574726963005F696D7065726961BB
:108C90006C0000005F6162736F6C757465000000AA
:108CA0005F696E6372656D656E74616C00000000D3
:108CB0005F696E76657273655F74696D650000004B
:108CC0005F756E6974735F7065725F6D696E7574E0
:108CD000650000005F756E6974735F7065725F7226
:108CE000657600005F636F6F72645F73797374659C
:108CF0006D0000005F746F6F6C5F6F666673657404
:108D0000000000005F726574726163745F725F706F
:108D10006C616E65000000005F726574726163745F
:108D20005F6F6C645F7A00005F7370696E646C657E
:108D30005F72706D5F6D6F64650000005F737069D6
:108D40006E646C655F6373735F6D6F6465000000D4
:108D50005F696A6B5F6162736F6C7574655F6D6F7D
:108D6000646500005F6C617468655F6469616D656E
:108D70007465725F6D6F6465000000005F6C617404
:108D800068655F7261646975735F6D6F646500002B
:108D90005F7370696E646C655F6F6E005F7370699E
:108DA0006E646C655F6377005F6D697374000000CB
:108DB0005F666C6F6F6400005F73706565645F6F02
:108DC00076657272696465005F666565645F6F767B
:108DD00065727269646500005F61646170746976D0
:108DE000655F6665656400005F666565645F686F02
:108DF0006C6400005F666565640000005F72706D02
:108E0000000000005F6162735F7800005F61627361
:108E10005F7900005F6162735F7A00005F61627377
:108E20005F6100005F6162735F6200005F61627397
:108E30005F6300005F6162735F7500005F61627372
:108E40005F7600005F6162735F7700005F63757239
:108E500072656E745F746F6F6C0000005F63757293
:108E600072656E745F706F636B6574005F73656CC1
:108E700065637465645F746F6F6C00005F73656C2D
:108E800065637465645F706F636B657400000000F8
:108E90005F63616C6C5F6C6576656C005F70726FB0
:108EA00062655F7374617465000000005F70726FCB
:108EB0006265325F73746174650000005F746F6F88
:108EC0006C7365747465725F73746174650000001F
:108ED0005F686F6D65645F737461746500000000A6
:108EE0005F686F6D65645F61786573005F746F6F55
:108EF0006C5F7461626C655F73697A650000000085
:108F00005F667265655F6D656D6F72790000000068
:108F100053657474696E677320777269746520662F
:108F200061696C65642100004E6F7420656E6F7519
:108F30006768206865617020666F72204E56532006
:108F40006275666665722100506C616E6E65722096
:108F50006275666665722073697A65207761732031
:108F60007265647563656421000000000D0A4C534E
:108F70002D4D434220342E302E30205B27242720D5
:108F80006F7220272448454C502720666F72206856
:108F9000656C705D0D0A00005B484C503A2424203B
:108FA000242320244720244920244E2024783D7661
:108FB000616C20244E783D6C696E6520244A3D6CBE
:108FC000696E652024534C502024432024582024CB
:108FD00048202442207E2021203F206374726C2D83
:108FE000785D0D0A00000000220000002D00000046
:108FF0005B5350494E444C453A0000007C00000051
:109000005D0D0A00202D2000414C41524D3A0000D8
:109010002020202000000000202800000D0A0D0A5A
:109020005265626F6F742072657175697265642E26
:10903000000000002C207265626F6F7420726571F1
:1090400075697265640000005C6E5C6E4E4F54453D
:109050003A20412068617264207265736574206FE4
:10906000662074686520636F6E74726F6C6C6572D5
:109070002069732072657175697265642061667418
:109080006572206368616E67696E672074686973D2
:109090002073657474696E672E0000000D0A240049
:1090A00020617320617869736D61736B000000004B
:1090B00020617320626F6F6C65616E0020617320A8
:1090C0006269746669656C643A000000206173200F
:1090D0006269746669656C6420776865726520737F
:1090E000657474696E6720626974203020656E61F2
:1090F000626C65732074686520726573743A000051
:1091000020617320495020616464726573730000AC
:1091100020696E20000000002C2072616E67653AA5
:10912000200000002C206D696E3A20002C206D611B
:10913000783A20005C6E00000D0A0D0A0000000065
:109140005B53455454494E473A0000005D0000000F
:10915000222C000009000000696E746567657200CA
:10916000666C6F6174000000626F6F6C000000003D
:109170006269746669656C640000000078626974F5
:109180006669656C64000000726164696F62757481
:10919000746F6E7300000000697076340000000088
:1091A00070617373776F726400000000617865739B
:1091B0000000000022242D436F6465222C222053DE
:1091C000657474696E67222C2220556E697473224F
:1091D0002C222053657474696E6720446573637232
:1091E000697074696F6E220D0A000000242D436FB0
:1091F00064650953657474696E6709556E697473A3
:109200000944617461747970650944617461206610
:109210006F726D61740953657474696E672044657B
:10922000736372697074696F6E094D696E094D617F
:10923000780D0A000D0A2D2D2D2D20003A0D0A0063
:109240005B50494E3A000000490000004E0000000B
:109250005B50494E53544154453A444F55547C0059
:10926000440000005B50494E53544154453A444930
:109270004E7C00005B50494E53544154453A414F97
:1092800055547C005B50494E53544154453A414932
:109290004E7C00007C7C7C003D000000240000002F
:1092A0003D4E2F410D0A00006F6B0D0A00000000BB
:1092B0006572726F723A00005B53455454494E47D1
:1092C00047524F55503A00005B504F52543A0000FD
:1092D00042547C7C00000000554152547C7C0000CC
:1092E0002C500000383700004E454F4D5300000011
:1092F000464300005B4D53473A000000496E666FDD
:109300003A2000005761726E696E673A20000000D3
:109310004572726F723A200044656275673A2000A8
:109320005B414C41524D434F44453A005B455252DC
:109330004F52434F44453A005B5052423A000000BE
:109340005B484F4D453A00005B544C4F3A000000DB
:109350005B504152414D3A003D4E2F41000000000C
:109360005B4735313A0000005B47000039323A0074
:1093700032380000333000005B543A007C362C3029
:109380002C307C005B544C523A00000020473700E0
:10939000204738002047323000000000204732319B
:1093A000000000002047393100000000204739301C
:1093B0000000000020473937000000002047393600
:1093C000000000002E3100002E3200002047393905
:1093D0000000000020473938000000005B47433A96
:1093E0004700000033382E002047393200000000CB
:1093F0002047000020473439000000002047343364
:1094000000000000204735313A0000002047353089
:1094100000000000204D3000204D3100204D320072
:10942000204D333000000000204D36300000000099
:10943000204D3800204D3900204D3530000000000F
:10944000204D353100000000204D35330000000074
:10945000204D35360000000020540000204600005A
:1094600020530000244E00003E0000002B2C000082
:109470002D2C00004154433D302C000054432C005F
:109480004154433D312C0000454550524F4D0000A2
:10949000464C4153480000004652414D0000000038
:1094A0005B5645523A312E31662E00005B4F5054C8
:1094B0003A0000005B4158533A0000005B4E4557AC
:1094C0004F50543A454E554D532C52540000000015
:1094D000484F4D452C0000004E4F50524F42452CF6
:1094E0000000000050524F4245533D0050432C00B5
:1094F0004F532C0042442C0045532C004D50472C18
:10950000000000004C415448452C00005050492CAC
:10951000000000005245424F4F542C0053532C0082
:109520005345442C000000005254432C000000001E
:1095300043414E2C000000005B4649524D574152BA
:10954000453A6772626C48414C5D0D0A00000000AC
:109550005B5349474E414C533A0000005B4E565313
:109560002053544F524147453A0000002A00000062
:109570004B0000005B46524545204D454D4F52592A
:109580003A0000004B5D0D0A000000005B445249A8
:109590005645523A000000005B445249564552205D
:1095A00056455253494F4E3A000000005B44524921
:1095B000564552204F5054494F4E533A0000000038
:1095C0005B424F4152443A005B4D41582053544551
:1095D0005020524154453A0020487A5D0D0A00005F
:1095E0005B41555820494F3A000000007C4D506FB8
:1095F000733A00007C57506F733A00007C41523A36
:10960000000000007C4152007C4D50473A31000080
:109610007C4D50473A3000007C443A310000000055
:109620007C443A30000000003C00000049646C6556
:109630000000000052756E003A320000486F6C6402
:109640003A0000004A6F6700486F6D650000000037
:10965000416C61726D3A0000416C61726D000000F6
:10966000436865636B000000446F6F723A0000004E
:10967000536C656570000000546F6F6C0000000053
:109680007C42663A000000007C4C6E3A000000000C
:109690007C4454473A0000007C46533A00000000E6
:1096A0007C463A007C506E3A000000007C57434FE5
:1096B0003A0000007C5743533A0000007C4F763A52
:1096C000000000007C53633A000000007C483A0030
:1096D0007C543A007C503A007C544C523A000000D2
:1096E0007C496E3A000000007C496E3A2D31000042
:1096F0007C46573A6772626C48414C007C24433A7E
:10970000310000003E0D0A005B53455454494E475A
:1097100044455343523A000022416C61726D20432C
:109720006F646520696E2076312E312B222C222029
:10973000416C61726D204D65737361676520696E60
:109740002076312E302D222C2220416C61726D202A
:109750004465736372697074696F6E220D0A00004C
:10976000224572726F7220436F646520696E2076A5
:10977000312E312B222C224572726F72204D65736F
:109780007361676520696E2076312E302D222C2280
:109790004572726F72204465736372697074696F89
:1097A0006E220D0A0000000048656C7020746F7016
:1097B0006963733A0D0A000020436F6D6D616E643A
:1097C000730D0A002053657474696E67730D0A0087
:1097D000434F4D4D414E44530000000053455454F7
:1097E000494E4753000000000D0A4E2F410D0A005C
:1097F0005B4C4153544556454E54533A00000000CB
:109800005B4C494D4954533A000000003A4800006F
:109810003A4C00005B484F4D45533A005B5350496A
:109820004E444C45454E434F4445523A00000000DB
:109830005B5254433A000000540000004E6F207306
:1098400070696E646C6573207265676973746572A4
:1098500065642E0D0A0000005B4D4F544F52574176
:10986000524E494E473A00005B4D4F544F524641CD
:10987000554C543A0000000055000000460000001E
:1098800043000000450000004C000000312E350070
:10989000302E35002A2A2A2A2A2A2A2A00000000E5
:1098A000696478203C204E5F535441525455505FB8
:1098B0004C494E45000000002F686F6D652F727592
:1098C0006E6E65722F776F726B2F6772626C686154
:1098D0006C2D6C732D6C617365722F6772626C688E
:1098E000616C2D6C732D6C617365722F7372632FB5
:1098F0006772626C2F73657474696E67732E630090
:109900006964203C3D204E5F436F6F7264696E61F5
:10991000746553797374656D730000002C4E2F418C
:1099200000000000537465702070756C7365206CC6
:10993000656E67746820696E206D6963726F736508
:10994000636F6E64732E5C6E4D696E696D756D200C
:10995000646570656E6473206F6E20746865207036
:10996000726F636573736F7220616E642069732018
:109970007479706963616C6C7920696E20746865B4
:109980002072616E6765206F662031202D20322E97
:10999000352E5C6E5C6E546865206C656E6774680D
:1099A0002068617320746F2062652072656475633E
:1099B00065642066726F6D207468652064656661F9
:1099C000756C742076616C7565206F662035207724
:1099D00068656E206D61782E2073746570207261E9
:1099E00074652065786365656420617070726F7856
:1099F000696D6174656C7920313430206B487A2E42
:109A0000000000005365747320612073686F7274E6
:109A100020686F6C642064656C6179207768656E7E
:109A20002073746F7070696E6720746F206C65743A
:109A30002064796E616D69637320736574746C65FD
:109A4000206265666F72652064697361626C696E1D
:109A5000672073746570706572732E2056616C7523
:109A60006520323535206B65657073206D6F746FBE
:109A7000727320656E61626C65642E00496E766556
:109A800072747320746865207374657020736967DD
:109A90006E616C732028616374697665206C6F77E2
:109AA000292E0000496E76657274732074686520F3
:109AB000646972656374696F6E207369676E616C47
:109AC000732028616374697665206C6F77292E0096
:109AD000496E76657274732074686520737465705E
:109AE0007065722064726976657220656E61626C61
:109AF00065207369676E616C732E204D6F737420DF
:109B0000647269766572732075736573206163741E
:109B1000697665206C6F7720656E61626C65207276
:109B20006571756972696E6720696E7665727369B1
:109B30006F6E2E5C6E5C6E4E4F54453A2049662027
:109B400074686520737465707065722064726976DC
:109B50006572732073686172657320746865207321
:109B6000616D6520656E61626C65207369676E6109
:109B70006C206F6E6C792058206973207573656452
:109B80002E000000496E766572747320746865203B
:109B900061786973206C696D697420696E70757481
:109BA000207369676E616C732E000000496E7665E4
:109BB000727473207468652070726F626520696EBC
:109BC000707574207369676E616C2873292E0000AC
:109BD000456E61626C6520636F6E74726F6C73208A
:109BE00050574D206F757470757420617661696C83
:109BF0006162696C6974792E5C6E5768656E20606D
:109C000052504D20636F6E74726F6C732073706965
:109C10006E646C6520656E61626C65207369676E49
:109C2000616C6020697320636865636B65642061A3
:109C30006E64204D33206F72204D34206973206193
:109C4000637469766520533020737769746368653F
:109C500073206974206F666620616E642053203E15
:109C60002030207377697463686573206974206F8E
:109C70006E2E0000496E76657274732074686520DC
:109C8000646972656374696F6E207369676E616C75
:109C90007320666F7220746865207365636F6E64ED
:109CA000206D6F746F72207573656420666F72200B
:109CB00067616E67656420617865732E5C6E5C6EAB
:109CC0004E4F54453A205468697320696E76657228
:109CD00073696F6E2077696C6C20626520617070AB
:109CE0006C69656420696E206164646974696F6E73
:109CF00020746F2074686520696E76657273696F71
:109D00006E2066726F6D2073657474696E672024AF
:109D1000332E0000537065636966696573206F7048
:109D200074696F6E616C206461746120696E636C2C
:109D30007564656420696E20737461747573207234
:109D400065706F72747320616E642069662072653D
:109D5000706F72742069732073656E742077686504
:109D60006E20686F6D696E672E5C6E496620527555
:109D70006E207375627374617475732069732065E6
:109D80006E61626C6564206974206D617920626522
:109D9000207573656420666F722073696D706C65E1
:109DA0002070726F62652070726F74656374696F82
:109DB0006E2E5C6E5C6E4E4F54453A20506172734D
:109DC00065722073746174652077696C6C206265BC
:109DD0002073656E742073657061726174656C794F
:109DE000206166746572207468652073746174758F
:109DF00073207265706F727420616E64206F6E6C78
:109E000079206F6E206368616E6765732E000000B5
:109E10005365747320686F7720666173742067726E
:109E2000626C48414C2074726176656C7320746872
:109E3000726F75676820636F6E736563757469769A
:109E400065206D6F74696F6E732E204C6F7765722D
:109E50002076616C756520736C6F77732069742050
:109E6000646F776E2E00000053657473207468650C
:109E700020473220616E6420473320617263207472
:109E8000726163696E6720616363757261637920D3
:109E90006261736564206F6E2072616469616C2019
:109EA0006572726F722E204265776172653A204149
:109EB000207665727920736D616C6C2076616C75AB
:109EC00065206D61792065666665637420706572D2
:109ED000666F726D616E63652E000000456E616293
:109EE0006C657320696E636820756E697473207782
:109EF00068656E2072657475726E696E6720616E3A
:109F00007920706F736974696F6E20616E6420725E
:109F10006174652076616C75652074686174206970
:109F200073206E6F7420612073657474696E67733B
:109F30002076616C75652E00496E766572747320AB
:109F400074686520636F6E74726F6C207369676EDE
:109F5000616C732028616374697665206C6F772962
:109F60002E5C6E4E4F54453A20426C6F636B2064FA
:109F7000656C6574652C204F7074696F6E616C2020
:109F800073746F702C204553746F7020616E642061
:109F900050726F626520636F6E6E656374656420D6
:109FA000617265206F7074696F6E616C2073696790
:109FB0006E616C732C20617661696C6162696C6999
:109FC00074792069732064726976657220646570A3
:109FD000656E64656E742E00496E766572747320CA
:109FE00074686520636F6F6C616E7420616E6420AD
:109FF0006D697374207369676E616C732028616387
:10A0000074697665206C6F77292E0000496E76653D
:10A0100072747320746865207370696E646C652057
:10A020006F6E2C20636F756E746572636C6F636BFB
:10A030007769736520616E642050574D207369679E
:10A040006E616C732028616374697665206C6F772C
:10A05000292E000044697361626C65207468652074
:10A06000636F6E74726F6C207369676E616C7320BE
:10A0700070756C6C7570207265736973746F727330
:10A080002E20506F74656E7469616C6C7920656EFA
:10A0900061626C65732070756C6C646F776E207292
:10A0A00065736973746F7220696620617661696C8B
:10A0B00061626C652E5C6E4E4F54453A20426C6F67
:10A0C000636B2064656C6574652C204F7074696FD8
:10A0D0006E616C2073746F7020616E6420455374E0
:10A0E0006F7020617265206F7074696F6E616C2093
:10A0F0007369676E616C732C20617661696C616253
:10A10000696C69747920697320647269766572205C
:10A11000646570656E64656E742E000044697361D9
:10A12000626C6520746865206C696D697420736960
:10A13000676E616C732070756C6C757020726573DE
:10A140006973746F72732E20506F74656E746961D9
:10A150006C6C7920656E61626C65732070756C6CD7
:10A16000646F776E207265736973746F72732069A0
:10A170006620617661696C61626C652E000000008A
:10A1800044697361626C65207468652070726F62E7
:10A1900065207369676E616C2070756C6C757020DA
:10A1A0007265736973746F722873292E20506F74EF
:10A1B000656E7469616C6C7920656E61626C657343
:10A1C0002070756C6C646F776E2072657369737440
:10A1D0006F7228732920696620617661696C6162FB
:10A1E0006C652E00456E61626C657320736F6674DA
:10A1F000206C696D69747320636865636B73207785
:10A20000697468696E206D616368696E6520747237
:10A210006176656C20616E64207365747320616C77
:10A2200061726D207768656E206578636565646529
:10A23000642E20526571756972657320686F6D694F
:10A240006E672E005768656E20656E61626C65648E
:10A2500020696D6D6564696174656C792068616CF5
:10A260007473206D6F74696F6E20616E6420746802
:10A27000726F777320616E20616C61726D207768F8
:10A28000656E2061206C696D6974207377697463F1
:10A2900068206973207472696767657265642E202F
:10A2A000496E20737472696374206D6F6465206FEA
:10A2B0006E6C7920686F6D696E6720697320706FAE
:10A2C000737369626C65207768656E2061207377AF
:10A2D0006974636820697320656E67616765642EC1
:10A2E00000000000456E61626C657320686F6D69E7
:10A2F0006E67206379636C652E2052657175697293
:10A300006573206C696D697420737769746368651F
:10A3100073206F6E206178657320746F20626520F2
:10A320006175746F6D61746963616C6C7920686FBD
:10A330006D65642E5C6E5C6E5768656E2060456E60
:10A3400061626C652073696E676C65206178697302
:10A3500020636F6D6D616E64736020697320636844
:10A3600065636B65642C2073696E676C652061782A
:10A37000697320686F6D696E672063616E20626526
:10A3800020706572666F726D656420627920244862
:10A390003C61786973206C65747465723E20636FEC
:10A3A0006D6D616E64732E5C6E5C6E5768656E20B9
:10A3B00060416C6C6F77206D616E75616C602069B7
:10A3C0007320636865636B65642C20617865732016
:10A3D0006E6F7420686F6D6564206175746F6D6158
:10A3E000746963616C6C79206D61792062652068A5
:10A3F0006F6D6564206D616E75616C6C792062793A
:10A40000202448206F722024483C61786973206CB6
:10A4100065747465723E20636F6D6D616E64732E3A
:10A420005C6E5C6E604F76657272696465206C6FFD
:10A43000636B736020697320666F7220616C6C6F50
:10A4400077696E67206120736F667420726573652B
:10A450007420746F2064697361626C652060486F5A
:10A460006D696E67206F6E207374617274757020F1
:10A470007265717569726564602E0000486F6D6960
:10A480006E6720736561726368657320666F722002
:10A49000612073776974636820696E207468652031
:10A4A000706F736974697665206469726563746935
:10A4B0006F6E2E2053657420617869732062697411
:10A4C00020746F2073656172636820696E206E6509
:10A4D00067617469766520646972656374696F6E1B
:10A4E0002E00000046656564207261746520746FFB
:10A4F00020736C6F776C7920656E67616765206C7F
:10A50000696D69742073776974636820746F20645F
:10A51000657465726D696E6520697473206C6F6314
:10A520006174696F6E2061636375726174656C79C3
:10A530002E0000005365656B207261746520746F96
:10A5400020717569636B6C792066696E642074682C
:10A5500065206C696D697420737769746368206223
:10A5600065666F72652074686520736C6F776572BD
:10A57000206C6F636174696E672070686173652E0B
:10A58000000000005365747320612073686F72745B
:10A590002064656C6179206265747765656E2070F2
:10A5A0006861736573206F6620686F6D696E6720E0
:10A5B0006379636C6520746F206C6574206120730F
:10A5C0007769746368206465626F756E63652E00D9
:10A5D000526574726163742064697374616E63653B
:10A5E0002061667465722074726967676572696E4E
:10A5F000672073776974636820746F20646973657A
:10A600006E676167652069742E20486F6D696E679B
:10A610002077696C6C206661696C206966207377AD
:10A62000697463682069736E277420636C65617256
:10A6300065642E004737332072657472616374203D
:10A6400064697374616E63652028666F7220636845
:10A65000697020627265616B696E67206472696CF3
:10A660006C696E67292E0000537465702070756CDC
:10A6700073652064656C61792E5C6E5C6E576865ED
:10A680006E20736574203E203020616E64206C65FE
:10A690007373207468616E2032207468652076615F
:10A6A0006C756520697320726F756E6465642075C2
:10A6B0007020746F2032206D6963726F7365636FF1
:10A6C0006E64732E000000004D6178696D756D2019
:10A6D0007370696E646C652073706565642C2063AB
:10A6E000616E206265206F76657272696464656E62
:10A6F000206279207370696E646C6520706C756778
:10A70000696E732E000000004D696E696D756D20D5
:10A710007370696E646C652073706565642C20636A
:10A72000616E206265206F76657272696464656E21
:10A73000206279207370696E646C6520706C756737
:10A74000696E732E5C6E5C6E5768656E20736574FF
:10A75000203E203020243335202850574D206D696D
:10A760006E2076616C756529206D6179206861764F
:10A770006520746F2062652073657420746F206794
:10A7800065742074686520636F6E666967757265AD
:10A79000642052504D2E00004C61736572206D6F25
:10A7A00064653A20636F6E736563757469766520BE
:10A7B00047312F322F3320636F6D6D616E647320CC
:10A7C00077696C6C206E6F742068616C7420776898
:10A7D000656E207370696E646C6520737065656466
:10A7E000206973206368616E6765642E5C6E4C61DE
:10A7F000746865206D6F64653A20616C6C6F777367
:10A8000020757365206F662047372C2047382C2031
:10A8100047393620616E64204739372E000000002A
:10A820005370696E646C652050574D206672657177
:10A8300075656E63792E00005370696E646C6520D7
:10A8400050574D206F66662076616C756520696E85
:10A850002070657263656E74202864757479206356
:10A8600079636C65292E00005370696E646C6520F5
:10A8700050574D206D696E2076616C756520696E4C
:10A880002070657263656E74202864757479206326
:10A8900079636C65292E00005370696E646C6520C5
:10A8A00050574D206D61782076616C756520696E1A
:10A8B0002070657263656E742028647574792063F6
:10A8C00079636C65292E000053706563696669655C
:10A8D000732077686963682073746570706572733C
:10A8E000206E6F7420746F2064697361626C6520E0
:10A8F0007768656E2073746F707065642E00000059
:10A900005370696E646C6520656E636F6465722058
:10A9100070756C73657320706572207265766F6CEC
:10A920007574696F6E2E0000456E61626C657320F0
:10A93000226E6F726D616C222070726F636573732B
:10A94000696E67206F66203F2C202120616E642095
:10A950007E206368617261637465727320776865D5
:10A960006E2070617274206F6620242D736574747C
:10A97000696E67206F7220636F6D6D656E742E2037
:10A9800049662064697361626C6564207468656EF1
:10A990002074686579206172652061646465642053
:10A9A000746F2074686520696E707574207374729A
:10A9B000696E6720696E73746561642E0000000023
:10A9C0004C696D6974206A6F6720636F6D6D616E8D
:10A9D000647320746F206D616368696E6520776FA2
:10A9E000726B737061636520666F7220686F6D654E
:10A9F0006420617865732E00456E61626C6573201A
:10AA00007061726B696E67206379636C652C20726C
:10AA100065717569726573207061726B696E67200C
:10AA20006178697320686F6D65642E00446566699E
:10AA30006E6520776869636820617869732074683F
:10AA4000617420706572666F726D73207468652022
:10AA50007061726B696E67206D6F74696F6E2E0026
:10AA60004E756D626572206F6620686F6D696E67E6
:10AA7000207061737365732E204D696E696D756DFD
:10AA800020312C206D6178696D756D203132382E42
:10AA9000000000004178657320746F20686F6D6559
:10AAA00020696E2066697273742070686173652E08
:10AAB000000000004178657320746F20686F6D6539
:10AAC00020696E207365636F6E64207068617365C2
:10AAD0002E0000004178657320746F20686F6D65EB
:10AAE00020696E2074686972642070686173652ED5
:10AAF0000000000053746570206A6F6767696E67B5
:10AB000020737065656420696E206D696C6C696D79
:10AB1000657465727320706572206D696E757465F9
:10AB20002E000000536C6F77206A6F6767696E674D
:10AB300020737065656420696E206D696C6C696D49
:10AB4000657465727320706572206D696E757465C9
:10AB50002E00000046617374206A6F6767696E6734
:10AB600020737065656420696E206D696C6C696D19
:10AB7000657465727320706572206D696E75746599
:10AB80002E0000004A6F672064697374616E63650C
:10AB900020666F722073696E676C652073746570D0
:10ABA000206A6F6767696E672E0000004A6F672032
:10ABB00064697374616E6365206265666F72652097
:10ABC0006175746F6D617469632073746F702E00AA
:10ABD0005370696E646C652070756C6C2D6F757444
:10ABE00020616E6420706C756E6765206469737493
:10ABF000616E636520696E206D6D2E496E637265AE
:10AC00006D656E74616C2064697374616E63652E2A
:10AC1000000000005370696E646C652070756C6C88
:10AC20002D6F75742F706C756E676520736C6F7700
:10AC30002066656564207261746520696E206D6DA3
:10AC40002F6D696E2E0000005061726B696E672077
:10AC500061786973207461726765742E20496E2073
:10AC60006D6D2C206173206D616368696E65206372
:10AC70006F6F7264696E617465205B2D6D61785FC2
:10AC800074726176656C2C20305D2E005061726BA1
:10AC9000696E672066617374207261746520746FD9
:10ACA00020746172676574206166746572207075C6
:10ACB0006C6C2D6F757420696E206D6D2F6D696ED3
:10ACC0002E000000526573746F7265206F76657296
:10ACD000726964657320746F2064656661756C7455
:10ACE0002076616C7565732061742070726F677275
:10ACF000616D20656E642E0049676E6F7265207706
:10AD000068656E2069646C653A2064697372656772
:10AD100061726420646F6F72207369676E616C206A
:10AD2000696E2049444C4520737461746520746FCA
:10AD300020616C6C6F77206A6F6767696E6720654A
:10AD400074632E20417661696C61626C652077685E
:10AD5000656E20636F6E74726F6C6C6572206861D3
:10AD60007320646F6F7220696E7075742E0A4B6564
:10AD7000657020636F6F6C616E74207374617465AD
:10AD8000206F6E206F70656E3A20646F206E6F7456
:10AD9000207475726E206F666620636F6F6C616ED3
:10ADA00074206966206F6E2E00000000456E61629F
:10ADB0006C6520736C656570206D6F64652E000096
:10ADC000416374696F6E732074616B656E20647586
:10ADD00072696E67206665656420686F6C642061C7
:10ADE0006E64206F6E20726573756D652066726F7C
:10ADF0006D206665656420686F6C642E000000003D
:10AE0000537461727420696E20616C61726D206D83
:10AE10006F6465206166746572206120636F6C6485
:10AE20002072657365742E00416C6C6F77206665C7
:10AE30006564206F766572726964652064757269F5
:10AE40006E672070726F62696E6720616E642F6F2B
:10AE500072206C696D69742070726F62696E672010
:10AE6000636F6D6D616E647320746F206D616368D4
:10AE7000696E6520776F726B737061636520666FB2
:10AE80007220686F6D656420617865732E00000024
:10AE90005370696E646C652073796E632050494409
:10AEA000206D617820696E7465677261746F7220BD
:10AEB0006572726F722E000054726176656C20723A
:10AEC00065736F6C7574696F6E20696E207374653D
:10AED000707320706572206D696C6C696D65746546
:10AEE000722E000054726176656C207265736F6C0F
:10AEF0007574696F6E20696E20737465707320704D
:10AF00006572206465677265652E00004D61786921
:10AF10006D756D20726174652E20557365642061B6
:10AF20007320473020726170696420726174652EED
:10AF300000000000416363656C65726174696F6E47
:10AF40002E205573656420666F72206D6F74696F73
:10AF50006E20706C616E6E696E6720746F206E6F0C
:10AF60007420657863656564206D6F746F722074FA
:10AF70006F7271756520616E64206C6F73652073EC
:10AF8000746570732E0000004D6178696D756D20D9
:10AF9000617869732074726176656C20646973747A
:10AFA000616E63652066726F6D20686F6D696E6794
:10AFB000207377697463682E2044657465726D69C7
:10AFC0006E65732076616C6964206D616368696E7B
:10AFD0006520737061636520666F7220736F66749D
:10AFE0002D6C696D69747320616E6420686F6D6982
:10AFF0006E67207365617263682064697374616E43
:10B000006365732E000000004261636B6C617368BE
:10B010002064697374616E636520746F20636F6D63
:10B0200070656E7361746520666F722E000000009B
:10B030004F6666736574206265747765656E20730C
:10B040006964657320746F20636F6D70656E7361E2
:10B05000746520666F7220686F6D696E6720737704
:10B0600069746368657320696E6163637572616397
:10B070006965732E000000005370696E646C652072
:10B08000617420737065656420746F6C6572616EA5
:10B0900063652061732070657263656E74616765B6
:10B0A00020646576696174696F6E2066726F6D20C9
:10B0B00070726F6772616D6D656420737065656431
:10B0C0002C2073657420746F203020746F206469A5
:10B0D0007361626C652E5C6E4966206E6F742077BA
:10B0E000697468696E20746F6C6572616E63652047
:10B0F00061667465722074696D656F75742073651F
:10B1000074206279207370696E646C65206F6E20A4
:10B1100064656C61792028243339342920616C619D
:10B12000726D203134206973207261697365642EF9
:10B130005C6E4E4F54453A206966207468652073F2
:10B1400070696E646C65206F6E2064656C61792037
:10B1500069732073657420746F20302074686520D3
:10B1600074696D656F75742064656661756C747360
:10B1700020746F206F6E65206D696E7574652E008A
:10B180004E6F726D616C3A20616C6C6F7773206AE0
:10B190006F6767696E6720666F72206D616E75619B
:10B1A0006C20746F756368206F66662E205365741B
:10B1B000206E657720706F736974696F6E206D61A2
:10B1C0006E75616C6C792E5C6E5C6E4D616E756136
:10B1D0006C20746F756368206F66663A20726170C8
:10B1E00069647320746F20746F6F6C206368616E84
:10B1F000676520706F736974696F6E2C2075736555
:10B20000206A6F6767696E67206F722024545057F9
:10B2100020666F7220746F756368206F66662E5C9F
:10B220006E5C6E4D616E75616C20746F7563682025
:10B230006F66662040204735392E333A20726170A0
:10B2400069647320746F20746F6F6C206368616E23
:10B25000676520706F736974696F6E2C2061667406
:10B260006572206368616E676520746F20473539A9
:10B270002E3320706F736974696F6E20666F722051
:10B280006D616E75616C20746F756368206F6666A2
:10B290002E20557365206A6F6767696E67206F722D
:10B2A000202454505720666F7220746F7563682095
:10B2B0006F66662E5C6E5C6E4175746F6D6174694D
:10B2C0006320746F756368206F6666204020473581
:10B2D000392E333A2072617069647320746F207460
:10B2E0006F6F6C206368616E676520706F7369743F
:10B2F000696F6E2C206166746572206368616E6789
:10B300006520746F204735392E3320706F73697450
:10B31000696F6E20666F72206175746F6D617469FC
:10B320006320746F756368206F66662E5C6E5C6E5A
:10B33000446570656E64696E67206F6E2073657416
:10B3400074696E67732074686520746F6F6C202851
:10B35000636F6E74726F6C6C656420706F696E746D
:10B36000292077696C6C206265206D6F766564209A
:10B370006261636B20746F2074686520746F206F46
:10B38000726967696E616C20706F736974696F6E42
:10B3900020616674657220746F756368206F6666DD
:10B3A0002E2022746F6F6C206368616E6765207059
:10B3B0006F736974696F6E222069732065697468A0
:10B3C000657220746F6F6C206178697320686F6D8F
:10B3D000652C204735392E33206F722047333020BB
:10B3E000706F736974696F6E20646570656E6469EF
:10B3F0006E67206F6E2073657474696E67732E00BC
:10B400004D6178696D756D2070726F62696E67202D
:10B4100064697374616E636520666F722061757410
:10B420006F6D61746963206F7220245450572074CB
:10B430006F756368206F66662E0000004665656460
:10B44000207261746520746F20736C6F776C792043
:10B45000656E6761676520746F6F6C206368616EED
:10B4600067652073656E736F7220746F20646574F6
:10B4700065726D696E652074686520746F6F6C20ED
:10B480006F66667365742061636375726174656C61
:10B49000792E00005365656B207261746520746FAE
:10B4A00020717569636B6C792066696E64207468BD
:10B4B0006520746F6F6C206368616E6765207365CB
:10B4C0006E736F72206265666F72652074686520A6
:10B4D000736C6F776572206C6F636174696E67203F
:10B4E00070686173652E000050756C6C2D6F666618
:10B4F000207261746520666F7220746865207265C1
:10B500007472616374206D6F7665206265666F7218
:10B51000652074686520736C6F776572206C6F634B
:10B520006174696E672070686173652E00000000A9
:10B53000526573746F726520706F736974696F6E92
:10B54000206166746572204D363A207768656E20FA
:10B5500073657420746865207370696E646C65200F
:10B560006973206D6F76656420736F2074686174F1
:10B570002074686520636F6E74726F6C6C656420F4
:10B58000706F696E742028746F6F6C2074697029F5
:10B59000206973207468652073616D652061732074
:10B5A0006265666F726520746865204D3620636F32
:10B5B0006D6D616E642C6966206E6F7420746865B1
:10B5C000207370696E646C65206973206F6E6C798E
:10B5D000206D6F76656420746F20746865205A2032
:10B5E000686F6D6520706F736974696F6E2E5C6E25
:10B5F0005C6E4368616E676520746F6F6C20617468
:10B60000204733303A207768656E20736574207266
:10B61000617069647320746F2074686520473330EB
:10B6200020706F736974696F6E2076696120746F22
:10B630006F6C206178697320686F6D652E2052658C
:10B64000717569726573206178657320746F20620B
:10B650006520686F6D65642E5C6E5C6E4661737408
:10B660002070726F62652070756C6C6F66663A2030
:10B67000757365204733382E34207374796C6520D8
:10B6800070726F62696E6720666F72206661737494
:10B69000657220746F756368206F66662E00000007
:10B6A0004475616C2061786973206C656E6774689D
:10B6B000206661696C20696E2070657263656E74C6
:10B6C000206F662061786973206D617820747261E3
:10B6D00076656C2E000000004475616C206178690D
:10B6E00073206C656E677468206661696C206D6993
:10B6F0006E696D756D2064697374616E63652E008B
:10B700004475616C2061786973206C656E6774683C
:10B71000206661696C206D6178696D756D20646962
:10B720007374616E63652E0044697361626C657346
:10B7300020736176652F726573746F7265206F6612
:10B7400020473932206F666673657420746F206EEF
:10B750006F6E2D766F6C6174696C652073746F7297
:10B7600061676520284E5653292E000044656C61A0
:10B770007920746F20616C6C6F77207370696E64D0
:10B780006C6520746F207370696E2075702061661F
:10B790007465722073616665747920646F6F7220BE
:10B7A000697320636C6F736564206F72206F6E2005
:10B7B000726573756D652066726F6D207061726B56
:10B7C0002E00000044656C617920746F20616C6C00
:10B7D0006F7720636F6F6C616E7420746F20726579
:10B7E000737461727420616674657220736166653A
:10B7F000747920646F6F7220697320636C6F736556
:10B8000064206F72206F6E20726573756D6520669F
:10B81000726F6D207061726B2E00000044656C6168
:10B820007920746F20616C6C6F77207370696E641F
:10B830006C6520746F207370696E2075702E2030D7
:10B84000206F7220302E35202D203230735C6E49EF
:10B8500066207370696E646C6520737570706F72AA
:10B86000747320226174207370656564222066758C
:10B870006E6374696F6E616C697479206974206994
:10B8800073207468652074696D6520746F2077611A
:10B890006974206265666F726520616C61726D20EB
:10B8A0003134206973207261697365642E00000071
:10B8B0005370696E646C652073656C656374656450
:10B8C000206F6E20737461727475702E000000001A
:10B8D0004E756D626572206F6620626C6F636B736C
:10B8E00020696E2074686520706C616E6E657220D0
:10B8F0006275666665722E00496E74657276616C5B
:10B9000020746865207265616C2074696D652072B1
:10B9100065706F72742077696C6C20626520736546
:10B920006E742C2073657420746F203020746F2027
:10B9300064697361626C652E000000004F66667377
:10B94000657420696E20686F7572732066726F6D02
:10B95000205554432E0000004966207365742075FD
:10B960006E6C6F636B202862792073656E64696EFC
:10B970006720245829206973207265717569726582
:10B980006420616674657220726573657474696E93
:10B9900067206120636C656172656420452D537476
:10B9A0006F7020636F6E646974696F6E2E000000A3
:10B9B0004C6F636B20636F6F7264696E6174652096
:10B9C00073797374656D7320616761696E73742038
:10B9D0006163636964656E74616C206368616E673E
:10B9E00065732E0044656C617920746F20616C6C06
:10B9F0006F77207370696E646C6520746F2073704C
:10BA0000696E20646F776E2E2030206F7220302E8A
:10BA100035202D203230735C6E4966207370696E5C
:10BA2000646C6520737570706F727473202261741A
:10BA3000207370656564222066756E6374696F6E2D
:10BA4000616C697479206974206973207468652059
:10BA500074696D6520746F20776169742062656612
:10BA60006F726520616C61726D20313420697320C2
:10BA70007261697365642E005370656369666965F8
:10BA800073207768696368207370696E646C6520E1
:10BA90006861732074686520656E636F64657220E9
:10BAA00061747461636865642E0000004175746F91
:10BAB000206D6F756E742053442063617264206F33
:10BAC0006E20737461727475702E0000496E766515
:10BAD00072747320746865206178697320686F6D73
:10BAE0006520696E707574207369676E616C732E62
:10BAF0000000000044656C617920746F20616C6CFB
:10BB00006F7720636F6F6C616E7420746F20737435
:10BB10006172742E2030206F7220302E35202D203F
:10BB20003230732E00000000436F6E74726F6C73BE
:10BB300020616374696F6E732074616B656E206F32
:10BB40006E206120736F66742072657365742E00B9
:10BB500044656C61792066726F6D207374657070D6
:10BB6000657220656E61626C6520746F2066697213
:10BB700073742073746570206F75747075742E20E3
:10BB8000546865206472697665722074797069639F
:10BB9000616C6C792061646473207E326D732074F3
:10BBA0006F20746869732E00537465702070756C13
:10BBB00073652074696D65006D6963726F73656389
:10BBC0006F6E647300000000537465702069646CCC
:10BBD000652064656C6179006D696C6C697365637F
:10BBE0006F6E6473000000002323232330000000E5
:10BBF0003635353335000000537465702070756C30
:10BC0000736520696E766572740000005374657008
:10BC100020646972656374696F6E20696E766572FF
:10BC200074000000496E76657274207374657070DC
:10BC3000657220656E61626C65206F7574707574D5
:10BC400028732900496E76657274206C696D697479
:10BC500020696E7075747300496E76657274207019
:10BC6000726F626520696E707574730044657072DE
:10BC7000656361746564000047616E676564206197
:10BC800078657320646972656374696F6E20696E8C
:10BC9000766572740000000050574D207370696E15
:10BCA000646C65206F7074696F6E7300456E6162BD
:10BCB0006C652C52504D20636F6E74726F6C7320E4
:10BCC0007370696E646C6520656E61626C6520736B
:10BCD00069676E616C2C44697361626C65206C618C
:10BCE000736572206D6F6465206361706162696C59
:10BCF00069747900537461747573207265706F7222
:10BD000074206F7074696F6E73000000506F7369F8
:10BD100074696F6E20696E206D616368696E65205D
:10BD2000636F6F7264696E6174652C4275666665D7
:10BD3000722073746174652C4C696E65206E756D2C
:10BD4000626572732C466565642026207370656594
:10BD5000642C50696E2073746174652C576F726B1C
:10BD600020636F6F7264696E617465206F666673BD
:10BD700065742C4F76657272696465732C50726FAE
:10BD8000626520636F6F7264696E617465732C42C3
:10BD900075666665722073796E63206F6E205743F7
:10BDA0004F206368616E67652C5061727365722005
:10BDB00073746174652C416C61726D20737562736C
:10BDC00074617475732C52756E207375627374612F
:10BDD0007475732C456E61626C65207768656E20A2
:10BDE000686F6D696E672C44697374616E63652D4D
:10BDF000746F2D676F0000004A756E6374696F6E13
:10BE000020646576696174696F6E00006D6D000075
:10BE10002323232323302E3030300000417263204F
:10BE2000746F6C6572616E63650000005265706FBF
:10BE3000727420696E20696E63686573000000008B
:10BE4000496E7665727420636F6E74726F6C2069D0
:10BE50006E70757473000000496E766572742063AD
:10BE60006F6F6C616E74206F757470757473000001
:10BE7000496E76657274207370696E646C652073A8
:10BE800069676E616C73000050756C6C757020642E
:10BE9000697361626C6520636F6E74726F6C206988
:10BEA0006E7075747300000050756C6C7570206452
:10BEB000697361626C65206C696D697420696E706C
:10BEC0007574730050756C6C757020646973616271
:10BED0006C652070726F626520696E707574730096
:10BEE000536F6674206C696D69747320656E61624E
:10BEF0006C65000048617264206C696D6974732020
:10BF0000656E61626C650000456E61626C652C5304
:10BF10007472696374206D6F64650000486F6D69A9
:10BF20006E67206379636C6500000000486F6D697F
:10BF30006E6720646972656374696F6E20696E76DE
:10BF400065727400486F6D696E67206C6F63617411
:10BF50006520666565642072617465006D6D2F6D86
:10BF6000696E00002323232323302E3000000000BD
:10BF7000486F6D696E6720736561726368207365D1
:10BF8000656B207261746500486F6D696E67207320
:10BF90007769746368206465626F756E6365206499
:10BFA000656C61790000000023233000486F6D69E3
:10BFB0006E67207377697463682070756C6C2D6F81
:10BFC00066662064697374616E6365004737332069
:10BFD000526574726163742064697374616E636521
:10BFE0000000000050756C73652064656C61790019
:10BFF0004D6178696D756D207370696E646C652034
:10C00000737065656400000052504D004D696E69A3
:10C010006D756D207370696E646C652073706565F5
:10C02000640000004D6F6465206F66206F7065725C
:10C030006174696F6E0000004E6F726D616C2C4C04
:10C0400061736572206D6F64652C4C617468652046
:10C050006D6F6465000000005370696E646C65204C
:10C0600050574D206672657175656E6379000000EA
:10C07000487A000023232323233000005370696E85
:10C08000646C652050574D206F66662076616C7534
:10C090006500000070657263656E74002323302EA6
:10C0A00030000000313030005370696E646C6520E0
:10C0B00050574D206D696E2076616C7565000000EB
:10C0C0005370696E646C652050574D206D61782007
:10C0D00076616C75650000005374657070657273ED
:10C0E00020746F206B65657020656E61626C65649D
:10C0F000000000005370696E646C652070756C738D
:10C10000657320706572207265766F6C7574696FE7
:10C110006E202850505229002323233000000000B5
:10C12000456E61626C65206C65676163792052546D
:10C1300020636F6D6D616E64730000004C696D6902
:10C1400074206A6F6720636F6D6D616E64730000A9
:10C150005061726B696E67206379636C65000000E3
:10C16000456E61626C652C446561637469766174C7
:10C17000652075706F6E20696E69742C456E616202
:10C180006C65207061726B696E67206F7665727284
:10C1900069646520636F6E74726F6C005061726BBE
:10C1A000696E67206178697300000000582C592C73
:10C1B0005A000000486F6D696E6720706173736587
:10C1C00073000000313238004178657320686F6D6C
:10C1D000696E672C2066697273742070686173657C
:10C1E000000000004178657320686F6D696E672CF0
:10C1F000207365636F6E6420706861736500000072
:10C200004178657320686F6D696E672C207468696A
:10C210007264207068617365000000005061726B89
:10C22000696E672070756C6C2D6F7574206469730E
:10C2300074616E6365000000232323302E300000FC
:10C240005061726B696E672070756C6C2D6F7574C0
:10C2500020726174650000005061726B696E672026
:10C2600074617267657400002D232323302E300023
:10C270002D313030303030005061726B696E672084
:10C280006661737420726174650000005265737496
:10C290006F7265206F766572726964657300000065
:10C2A00053616665747920646F6F72206F70746972
:10C2B0006F6E7300536C65657020656E61626C65AE
:10C2C000000000004665656420686F6C642061634F
:10C2D00074696F6E7300000044697361626C65205D
:10C2E0006C6173657220647572696E6720686F6C2B
:10C2F000642C526573746F7265207370696E646C20
:10C300006520616E6420636F6F6C616E742073745E
:10C31000617465206F6E20726573756D6500000035
:10C32000466F72636520696E697420616C61726D1D
:10C330000000000050726F62696E67206F70746950
:10C340006F6E73005370696E646C652073796E63F1
:10C3500020502D6761696E00232323302E3030304A
:10C36000000000005370696E646C652073796E6321
:10C3700020492D6761696E005370696E646C652099
:10C3800073796E6320442D6761696E005370696E26
:10C39000646C652073796E6320504944206D617828
:10C3A0002049206572726F72000000002D6178696B
:10C3B000732074726176656C207265736F6C75742E
:10C3C000696F6E002323232323302E303030232344
:10C3D000000000002D61786973206D6178696D75CA
:10C3E0006D207261746500002D617869732061634E
:10C3F00063656C65726174696F6E00002D617869A8
:10C4000073206D6178696D756D2074726176656CED
:10C41000000000002D61786973206261636B6C61BC
:10C42000736820636F6D70656E736174696F6E0001
:10C430002D61786973206475616C2061786973205F
:10C440006F666673657400002D302E30303000004A
:10C450002D3130002D6178697320686F6D696E67CA
:10C46000206C6F6361746520666565642072617419
:10C47000650000002D6178697320686F6D696E67D3
:10C4800020736561726368207365656B20726174E7
:10C49000650000005370696E646C652061742073E0
:10C4A0007065656420746F6C6572616E6365000011
:10C4B000546F6F6C206368616E6765206D6F646593
:10C4C000000000004E6F726D616C2C4D616E7561E5
:10C4D0006C20746F756368206F66662C4D616E7595
:10C4E000616C20746F756368206F6666204020471A
:10C4F00035392E332C4175746F6D61746963207406
:10C500006F756368206F66662040204735392E338B
:10C510002C49676E6F7265204D360000546F6F6C4A
:10C52000206368616E67652070726F62696E672054
:10C5300064697374616E636500000000546F6F6C12
:10C54000206368616E6765206C6F63617465206647
:10C55000656564207261746500000000546F6F6C43
:10C56000206368616E67652073656172636820731C
:10C5700065656B207261746500000000546F6F6C1C
:10C58000206368616E67652070726F6265207075E8
:10C590006C6C2D6F6666207261746500546F6F6CF1
:10C5A000206368616E6765206F7074696F6E7300D9
:10C5B000526573746F726520706F736974696F6E02
:10C5C000206166746572204D362C4368616E676524
:10C5D00020746F6F6C206174204733302C46617378
:10C5E000742070726F62652070756C6C206F666667
:10C5F000000000004475616C2061786973206C65EF
:10C600006E677468206661696C0000004475616C37
:10C610002061786973206C656E6774682066616953
:10C620006C206D696E0000004475616C2061786952
:10C6300073206C656E677468206661696C206D613B
:10C640007800000044697361626C652047393220CC
:10C6500070657273697374656E6365005370696E9B
:10C66000646C65206F6E2064656C61790000000069
:10C67000436F6F6C616E74206F6E2064656C6179BE
:10C680000000000044656661756C74207370696E0B
:10C69000646C6500506C616E6E65722062756666D2
:10C6A000657220626C6F636B730000003130303054
:10C6B000000000004175746F7265706F72742069BC
:10C6C0006E74657276616C006D730000556E6C6FF0
:10C6D000636B20726571756972656420616674654B
:10C6E0007220452D53746F70000000004B6565701B
:10C6F00020746F6F6C206E756D626572206F766549
:10C7000072207265626F6F74000000004C6F636B83
:10C7100020636F6F7264696E6174652073797374DE
:10C72000656D73004735392E312C4735392E322C43
:10C730004735392E33000000456E636F6465722003
:10C740007370696E646C65005370696E646C65200B
:10C750006F66662064656C617900000046696C65EF
:10C760002073797374656D73206F7074696F6E7365
:10C7700000000000496E7665727420686F6D652058
:10C78000696E7075747300004D6F746F72207761FD
:10C79000726E696E6720696E7075747320656E6164
:10C7A000626C6500496E76657274206D6F746F728D
:10C7B000207761726E696E6720696E7075747300A0
:10C7C0004D6F746F72206661756C7420696E707540
:10C7D000747320656E61626C65000000496E766559
:10C7E0007274206D6F746F72206661756C7420694D
:10C7F0006E70757473000000526573657420616318
:10C8000074696F6E73000000436C65617220686F1D
:10C810006D65642073746174757320696620706F30
:10C82000736974696F6E20776173206C6F73742CF9
:10C83000436C656172206F6666736574732028654A
:10C84000786365707420473932292C436C656172B6
:10C8500020726170696473206F76657272696465B5
:10C860002C436C6561722066656564206F76657225
:10C870007269646500000000537465707065722011
:10C88000656E61626C652064656C61790000000012
:10C8900035303000526F6F740000000047656E65E0
:10C8A00072616C00436F6E74726F6C207369676E97
:10C8B000616C73004C696D69747300004475616C40
:10C8C0002061786973000000436F6F6C616E7400C3
:10C8D0005370696E646C65005370696E646C65209A
:10C8E00073796E6300000000546F6F6C20636861A1
:10C8F0006E676500486F6D696E67000050726F6209
:10C90000696E67005061726B696E672F536166656F
:10C91000747920646F6F72004A6F6767696E670091
:10C920005374657070657200537465707065722021
:10C9300064726976657200004178697300000000D6
:10C94000582D617869730000592D61786973000072
:10C950005A2D6178697300004E554C4C0000000060
:10C9600053455249414C2053545245414D20414377
:10C97000544956450000000054454C4E4554205340
:10C98000545245414D204143544956450000000052
:10C99000574542534F434B45542053545245414D04
:10C9A0002041435449564500424C5545544F4F543D
:10C9B000482053545245414D204143544956450067
:10C9C0005072696D61727920554152540000000027
:10C9D0006F757470757420737465707065722064FF
:10C9E000726976657220737461747573000000005B
:10C9F000656E756D65726174652070696E2062691F
:10CA00006E64696E67730000746F67676C6520629F
:10CA10006C6F636B2064656C6574652073776974F3
:10CA200063680000746F67676C65206F7074696F6E
:10CA30006E616C2073746F70207377697463682003
:10CA4000284D312900000000746F67676C65207302
:10CA5000696E676C65207374657070696E672073AA
:10CA600077697463680000007265626F6F742028D4
:10CA7000686172642072657365742920636F6E74D7
:10CA8000726F6C6C65720000245253543D2A202D45
:10CA900020726573746F72652F726573657420619F
:10CAA0006C6C2073657474696E67732E0D0A0000D8
:10CAB000245253543D24202D20726573746F726587
:10CAC0002064656661756C742073657474696E6743
:10CAD000732E0D0A00000000245253543D26202DD1
:10CAE00020726573746F7265206472697665722056
:10CAF000616E6420706C7567696E2064656661752F
:10CB00006C742073657474696E67732E0D0A00006F
:10CB1000245253543D23202D207265736574206F79
:10CB200066667365747320616E6420746F6F6C2029
:10CB3000646174612E0D0A00245253543D23202D4C
:10CB4000207265736574206F6666736574732E0D4D
:10CB50000A0000006F757470757420617578696CD7
:10CB6000696172792070696E2073746174657300F5
:10CB70005265626F6F74696E6720636F6E74726F57
:10CB80006C6C65722C20636F6D6D756E696361747A
:10CB9000696F6E206D6179206265206C6F7374001F
:10CBA00024525443202D206F757470757420637562
:10CBB0007272656E742074696D652E0D0A00000036
:10CBC000245254433D3C49534F3836303120646140
:10CBD000746574696D653E202D20736574206375DE
:10CBE0007272656E742074696D652E0D0A00000006
:10CBF0002448202D20686F6D6520636F6E6669671D
:10CC00007572656420617865732E0D0A000000005E
:10CC100024483C617869736C65747465723E202D9C
:10CC200020686F6D652073696E676C652061786937
:10CC3000732E0D0A00000000245352202D2072652F
:10CC4000736574207370696E646C6520656E636FC4
:10CC500064657220646174612E0D0A0024534420BF
:10CC60002D206F7574707574207370696E646C65B7
:10CC700020656E636F64657220646174612E0D0AB5
:10CC80000000000048454C50000000006F757470B3
:10CC900075742070617273657220737461746500BD
:10CCA0004A000000244A3D3C67636F64653E202DC6
:10CCB000206A6F67206D616368696E65000000001F
:10CCC000230000006F7574707574206F666673655D
:10CCD00074732C20746F6F6C207461626C652C20EF
:10CCE00070726F62696E6720616E6420686F6D6537
:10CCF00020706F736974696F6E0D0A24233D3C6E5A
:10CD00003E202D206F75747075742076616C75658A
:10CD100020666F7220706172616D65746572203C6F
:10CD20006E3E0000243C6E3E202D206F75747075A1
:10CD3000742073657474696E67203C6E3E20766162
:10CD40006C75650D0A243C6E3E3D3C76616C7565E4
:10CD50003E202D2061737369676E203C76616C758F
:10CD6000653E20746F2073657474696E6773203C30
:10CD70006E3E0D0A2424202D206F7574707574206A
:10CD8000616C6C2073657474696E672076616C7574
:10CD900065730D0A24243D3C6E3E202D206F757472
:10CDA0007075742073657474696E6720646574614E
:10CDB000696C7320666F722073657474696E672086
:10CDC0003C6E3E002B0000006F757470757420611E
:10CDD0006C6C2073657474696E672076616C756520
:10CDE0007300000053454400245345443D3C6E3ECF
:10CDF000202D206F75747075742073657474696E5E
:10CE00006773206465736372697074696F6E2066FE
:10CE10006F722073657474696E67203C6E3E00000B
:10CE20004F000000656E61626C6520636865636B2E
:10CE3000206D6F64652C203C52657365743E2074D0
:10CE40006F20657869740000756E6C6F636B206D80
:10CE5000616368696E650000485800004859000029
:10CE6000485A0000485353007265706F727420680E
:10CE70006F6D696E6720737769746368657320737B
:10CE800074617475730000002448454C50202D20B7
:10CE90006F75747075742068656C7020746F70693C
:10CEA00063730D0A2448454C50203C746F706963CD
:10CEB0003E202D206F75747075742068656C70202D
:10CEC000666F72203C746F7069633E005350494E28
:10CED000444C455300000000656E756D65726174C9
:10CEE00065207370696E646C65732C2068756D6164
:10CEF0006E207265616461626C6500005350494E3A
:10CF0000444C455348000000656E756D6572617450
:10CF100065207370696E646C65732C206D61636845
:10CF2000696E65207265616461626C650000000075
:10CF3000534C5000656E74657220736C656570208B
:10CF40006D6F646500000000544C520073657420DE
:10CF5000746F6F6C206F66667365742072656665AA
:10CF600072656E63650000005450570070726F6206
:10CF70006520746F6F6C20706C6174650000000038
:10CF80006F75747075742073797374656D20696E34
:10CF9000666F726D6174696F6E0D0A24493D3C7352
:10CFA0007472696E673E202D207365742062756906
:10CFB0006C6420696E666F20737472696E6700001E
:10CFC000492B00006F757470757420657874656EF8
:10CFD0006465642073797374656D20696E666F7221
:10CFE0006D6174696F6E0000525354006F757470F8
:10CFF00075742073746172747570206C696E6573DA
:10D00000000000004E3000004E303D3C67636F640E
:10D01000653E202D20736574207374617274757081
:10D02000206C696E652030004E3100004E313D3C71
:10D0300067636F64653E202D20736574207374618F
:10D0400072747570206C696E652031004541000076
:10D05000656E756D657261746520616C61726D736A
:10D060000000000045414700656E756D6572617492
:10D070006520616C61726D732C204772626C206652
:10D080006F726D61747465640000000045450000B6
:10D09000656E756D65726174652073746174757306
:10D0A00020636F646573000045454700656E756DCC
:10D0B00065726174652073746174757320636F6445
:10D0C00065732C204772626C20666F726D61747498
:10D0D0006564000045470000656E756D657261749A
:10D0E000652073657474696E672067726F757073FD
:10D0F0000000000045530000656E756D6572617437
:10D10000652073657474696E67730000455347004A
:10D11000656E756D65726174652073657474696E92
:10D1200067732C204772626C20666F726D61747435
:10D130006564000045534800656E756D65726174E5
:10D14000652073657474696E67732C206772626CF6
:10D1500048414C20666F726D617474656400000014
:10D16000452A0000656E756D657261746520616C9D
:10D1700061726D732C2073746174757320636F64B6
:10D18000657320616E642073657474696E677300E3
:10D1900050494E530000000050494E5354415445ED
:10D1A00000000000504F525453000000656E756D32
:10D1B00065726174652073657269616C20285541E0
:10D1C00052542920706F7274730000004C45560051
:10D1D0006F7574707574206C61737420636F6E74F6
:10D1E000726F6C207369676E616C206576656E7412
:10D1F000730000004C494D006F75747075742063A6
:10D20000757272656E74206C696D69742070696ED8
:10D210007300000053440000535200005344530075
:10D220005245424F4F5400005254430044574E471A
:10D2300052440000746F67676C652073657474698D
:10D240006E6720666C61677320666F7220646F770B
:10D250006E677261646500002C2066756E63746988
:10D260006F6E3A2000000000617373657274696F1D
:10D270006E2022257322206661696C65643A2066FF
:10D28000696C6520222573222C206C696E6520252F
:10D2900064257325730A0000303132333435363754
:10D2A00038394142434445460000000030313233B2
:10D2B00034353637383961626364656600000000D2
:10D2C000286E756C6C290000545A0000474D5400BC
:10D2D0002531315B2D2B302D39412D5A612D7A5D51
:10D2E000256E00002531315B412D5A612D7A5D2577
:10D2F0006E000000256875256E3A256875256E3A22
:10D30000256875256E0000004D256875256E2E2553
:10D310006875256E2E256875256E00002F256875A9
:10D32000256E3A256875256E3A256875256E0000CC
:10D330004C435F434F4C4C41544500004C435F43CA
:10D3400054595045000000004C435F4D4F4E45542A
:10D35000415259004C435F4E554D455249430000E0
:10D360004C435F54494D45004C435F4D4553534139
:10D37000474553004A495300534A495300000000AF
:10D380004555434A500000000000003FCDCC4C3DC5
:10D390000AD7A33B6F12033A17B75138ACC5A7366B
:10D3A000BD37063595BF563377CCAB315F7009304A
:10D3B000FFE65B2E040000000700000009000000EB
:10D3C00000120000449800200000000072011200CA
:10D3D000149800200000000001000000CCFB002099
:10D3E000000000000000000001000000157D0000AA
:10D3F000D983000091830000000000007401120036
:10D400002C9800200000000001000000A8FC002073
:10D41000000000000000000001000000157D000079
:10D42000D983000091830000000000007201000019
:10D43000E497002074010000FC970020E07B0020AE
:10D440000907000002000000E87B0020A47B002008
:10D450004507000002000000AC7B0020000FC93F20
:10D46000000F494000CB9640000FC9400053FB40DD
:10D4700000CB164100ED2F41000F494100316241C0
:10D4800000537B41003A8A4100CB9641005CA341A6
:10D4900000EDAF41007EBC41000FC94100A0D54165
:10D4A0000031E24100C2EE410053FB4100F2034271
:10D4B000003A0A420083104200CB164200141D427B
:10D4C000005C234200A5294200ED2F42003636427F
:10D4D000007E3C4200C74242000F4942000000006B
:10D4E00000000000000000008DFB0000ADFB00000C
:10D4F0006D10010029140100150001004D0F0100FD
:10D500001F000000524853444C54454F464D205193
:10D51000202050200000000000000000000000005B
:10D5200005000000000000000000000000000000F6
:10D530000000000000000000000000007D6D010000
:10D54000816D01008D6D0100896D0100916D0100FB
:10D5500000000000000000000000000007000000C4
:10D560008D9D0100B99D0100C99D010000000000D2
:10D57000C59D0100D99D0100859D01000DD50000CC
:10D580000DD50000E59D0100D19D0100CD9D01005C
:10D59000D19D0100C19D0100C19D01000DD500007C
:10D5A000D59D010000000000000000000000000008
:10D5B0000000000001000000000202000E02020153
:10D5C0001C0202022A020203380202044602020579
:10D5D0005402020662020207700202087E02020979
:10D5E0008C02020A9A02020B260303006E03030157
:10D5F000B703040000000000A2000000F9000000D2
:10D60000830000006E0000004E0000004400000097
:10D610001500000029000000FC00000027000000A9
:10D6200057000000D1000000F500000034000000A9
:10D63000DD000000C0000000DB0000006200000010
:10D6400095000000990000003C000000430000002D
:10D650009000000041000000FE00000051000000AA
:10D6600063000000AB000000DE000000BB00000013
:10D67000C500000061000000B700000024000000A9
:10D680006E0000003A000000420000004D00000063
:10D69000D2000000E0000000060000004900000089
:10D6A0002E000000EA00000009000000D100000088
:10D6B000920000001C000000FE0000001D000000A1
:10D6C000EB0000001C000000B10000002900000079
:10D6D000A70000003E000000E800000082000000FB
:10D6E00035000000F50000002E000000BB00000027
:10D6F0004400000084000000E90000009C000000DD
:10D700007000000026000000B40000005F00000070
:10D710007E00000041000000390000009100000080
:10D72000D600000039000000830000005300000014
:10D7300039000000F40000009C000000840000009C
:10D740005F0000008B000000BD000000F900000039
:10D75000280000003B0000001F000000F80000004F
:10D7600097000000FF000000DE0000000500000040
:10D77000980000000F000000EF0000002F000000E4
:10D78000110000008B0000005A0000000A00000099
:10D790006D0000001F0000006D000000360000005A
:10D7A0007E000000CF00000027000000CB0000003A
:10D7B00009000000B70000004F0000004600000014
:10D7C0003F000000660000009E0000005F000000B7
:10D7D000EA0000002D000000750000002700000096
:10D7E000BA000000C7000000EB000000E5000000E8
:10D7F000F10000007B0000003D0000000700000079
:10D8000039000000F70000008A000000520000000C
:10D8100092000000EA0000006B000000FB00000026
:10D820005F000000B10000001F0000008D0000003C
:10D830005D0000000800000056000000030000002A
:10D840003000000046000000FC0000007B000000EB
:10D850006B000000AB000000F0000000CF000000F3
:10D86000BC000000200000009A000000F40000004E
:10D87000360000001D000000A9000000E3000000C9
:10D8800091000000610000005E000000E600000062
:10D890001B00000008000000650000009900000067
:10D8A000850000005F00000014000000A0000000E0
:10D8B00068000000400000008D000000FF00000034
:10D8C000D8000000800000004D0000007300000040
:10D8D00027000000310000000600000006000000E4
:10D8E0001500000056000000CA0000007300000090
:10D8F000A8000000C900000060000000E200000075
:10D900007B000000C00000008C0000006B000000E5
:10D910000080194074C00F40C000000019000000D2
:10D9200001D10100000000000200000050851F40EE
:10D9300001000000010000000200000000000000E3
:10D94000000000000001000010F3002012000000A1
:10D9500000060000D06200600A0000000002000023
:10D960006C62006062000000000700000862006056
:10D9700062000000EE03000050F7002012000000DB
:10D98000000004EE28F7002028000000000300003B
:10D99000046200600000000001030904EC61006003
:10D9A0000000000002030904D461006000000000D0
:10D9B00003030904F4FE0020000000000000000042
:10D9C00000000000000000007C000000303030301B
:10D9D0003030303030303030303030300000000007
:10D9E000000000000000000038E8002038E80020B7
:10D9F00040E8002040E8002048E8002048E80020F7
:10DA000050E8002050E8002058E8002058E80020A6
:10DA100060E8002060E8002068E8002068E8002056
:10DA200070E8002070E8002078E8002078E8002006
:10DA300080E8002080E8002088E8002088E80020B6
:10DA400090E8002090E8002098E8002098E8002066
:10DA5000A0E80020A0E80020A8E80020A8E8002016
:10DA6000B0E80020B0E80020B8E80020B8E80020C6
:10DA7000C0E80020C0E80020C8E80020C8E8002076
:10DA8000D0E80020D0E80020D8E80020D8E8002026
:10DA9000E0E80020E0E80020E8E80020E8E80020D6
:10DAA000F0E80020F0E80020F8E80020F8E8002086
:10DAB00000E9002000E9002008E9002008E9002032
:10DAC00010E9002010E9002018E9002018E90020E2
:10DAD00020E9002020E9002028E9002028E9002092
:10DAE00030E9002030E9002038E9002038E9002042
:10DAF00040E9002040E9002048E9002048E90020F2
:10DB000050E9002050E9002058E9002058E90020A1
:10DB100060E9002060E9002068E9002068E9002051
:10DB200070E9002070E9002078E9002078E9002001
:10DB300080E9002080E9002088E9002088E90020B1
:10DB400090E9002090E9002098E9002098E9002061
:10DB5000A0E90020A0E90020A8E90020A8E9002011
:10DB6000B0E90020B0E90020B8E90020B8E90020C1
:10DB7000C0E90020C0E90020C8E90020C8E9002071
:10DB8000D0E90020D0E90020D8E90020D8E9002021
:10DB9000E0E90020E0E90020E8E90020E8E90020D1
:10DBA000F0E90020F0E90020F8E90020F8E9002081
:10DBB00000EA002000EA002008EA002008EA00202D
:10DBC00010EA002010EA002018EA002018EA0020DD
:10DBD00020EA002020EA002028EA002028EA00208D
:10DBE00030EA002030EA002038EA002038EA00203D
:10DBF00040EA002040EA002048EA002048EA0020ED
:10DC000050EA002050EA002058EA002058EA00209C
:10DC100060EA002060EA002068EA002068EA00204C
:10DC200070EA002070EA002078EA002078EA0020FC
:10DC300080EA002080EA002088EA002088EA0020AC
:10DC400090EA002090EA002098EA002098EA00205C
:10DC5000A0EA0020A0EA0020A8EA0020A8EA00200C
:10DC6000B0EA0020B0EA0020B8EA0020B8EA0020BC
:10DC7000C0EA0020C0EA0020C8EA0020C8EA00206C
:10DC8000D0EA0020D0EA0020D8EA0020D8EA00201C
:10DC9000E0EA0020E0EA0020E8EA0020E8EA0020CC
:10DCA000F0EA0020F0EA0020F8EA0020F8EA00207C
:10DCB00000EB002000EB002008EB002008EB002028
:10DCC00010EB002010EB002018EB002018EB0020D8
:10DCD00020EB002020EB002028EB002028EB002088
:10DCE00030EB002030EB002038EB002038EB002038
:10DCF00040EB002040EB002048EB002048EB0020E8
:10DD000050EB002050EB002058EB002058EB002097
:10DD100060EB002060EB002068EB002068EB002047
:10DD200070EB002070EB002078EB002078EB0020F7
:10DD300080EB002080EB002088EB002088EB0020A7
:10DD400090EB002090EB002098EB002098EB002057
:10DD5000A0EB0020A0EB0020A8EB0020A8EB002007
:10DD6000B0EB0020B0EB0020B8EB0020B8EB0020B7
:10DD7000C0EB0020C0EB0020C8EB0020C8EB002067
:10DD8000D0EB0020D0EB0020D8EB0020D8EB002017
:10DD9000E0EB0020E0EB0020E8EB0020E8EB0020C7
:10DDA000F0EB0020F0EB0020F8EB0020F8EB002077
:10DDB00000EC002000EC002008EC002008EC002023
:10DDC00010EC002010EC002018EC002018EC0020D3
:10DDD00020EC002020EC002028EC002028EC002083
:10DDE00030EC002030EC002000000000100B01207F
:10DDF000780B0120E00B0120000000000000000073
:10DE00000000000000000000000000000000000012
:10DE10000000000000000000000000000000000002
:10DE200000000000000000000000000000000000F2
:10DE300000000000000000000000000000000000E2
:10DE400000000000000000000000000000000000D2
:10DE500000000000000000000000000000000000C2
:10DE600000000000000000000000000000000000B2
:10DE700000000000000000000000000000000000A2
:10DE800001000000000000000E33CDAB34126DE63F
:10DE9000ECDE05000B0000000000000000000000A8
:10DEA0000000000000000000000000000000000072
:10DEB0000000000000000000000000000000000062
:10DEC0000000000000000000000000000000000052
:10DED0000000000000000000000000000000000042
:10DEE0000000000000000000000000000000000032
:10DEF0000000000000000000000000000000000022
:10DF00000000000000000000000000000000000011
:10DF10000000000000000000000000000000000001
:10DF200000000000000000000000000000000000F1
:10DF300000000000000000000000000000000000E1
:10DF400000000000000000000000000000000000D1
:10DF500000000000000000000000000000000000C1
:10DF600000000000000000000000000000000000B1
:10DF700000000000000000000000000000000000A1
:10DF80000000000000000000000000000000000091
:10DF90000000000000000000000000000000000081
:10DFA0000000000000000000000000000000000071
:10DFB0000000000000000000000000000000000061
:10DFC0000000000000000000000000000000000051
:10DFD0000000000000000000000000000000000041
:10DFE0000000000000000000010000000000000030
:10DFF0004A000000000000000000000000000000D7
:10E000000000000000000000000000000000000010
:10E0100000000000000000004A00000000000000B6
:10E0200000000000000000000000000000000000F0
:10E0300000000000000000000000000000000000E0
:10E040000029DE07007B9A17600A0020000000000C
:10E05000E803000000000000C04120204300000051
:10E0600000000000000000000000000000000000B0
:10E07000000000000000000000000000430000005D
:10E080000000000000000000000000000000000090
:10E09000000000000000000000000000430000003D
:10E0A0000000000000000000000000000000000070
:10E0B000000000000000000000000000430000001D
:10E0C0000000000000000000000000000000000050
:10E0D00000000000000000000000000043000000FD
:10E0E0000000000000000000000000000000000030
:10E0F00000000000000000000000000043000000DD
:10E10000000000000000000000000000000000000F
:10E1100000000000000000000000000043000000BC
:10E1200000000000000000000000000000000000EF
:10E13000000000000000000000000000430000009C
:10E1400000000000000000000000000000000000CF
:10E1500000000000000000000000000000000000BF
:10E1600000000000000000000000000000000000AF
:10E17000000000000000000000000000000000009F
:10E18000000000000000000000000000000000008F
:10E19000000000000000000000000000000000007F
:10E1A000000000000000000000000000000000006F
:10E1B000000000000000000000000000000000005F
:10E1C000000000000000000000000000000000004F
:10E1D000000000000000000000000000000000003F
:10E1E000000000000000000000000000000000002F
:10E1F000000000000000000000000000000000001F
:10E20000000000000000000000000000000000000E
:10E2100000000000000000000000000000000000FE
:10E2200000000000056A02007D6802000000000096
:10E23000B00B0020947E0020949F0020949F00202B
:10E24000949F0020949F0020949F0020949F002082
:10E25000949F0020949F0020949F0020FFFFFFFFC9
:10E26000FFFFFFFFFFFFFFFFFFFF00000100415323
:10E2700043494900000000000000000000000000C9
:10E2800000000000000000000000000000004153FA
:10E2900043494900000000000000000000000000A9
:10E2A000000000000000000000000000000000006E
:10E2B000FFFFFFFF0000020000000000030000005D
:10E2C000100B012040EC002024E1002024E100207C
:10E2D00006FF0300400000000000000018000000DE
:10E2E000000000000000000001FF03000200000029
:10E2F0000000000019000000000000000000000005
:10E3000002FF0300040000000000000017000000EE
:10E31000000000000000000003FF030008000000F0
:10E3200000000000210000000000000000000000CC
:10E330000AFF00000004000000000000FF000000D1
:10E34000000000000100000089FF00000000000044
:10E3500028000000000000008BFF0000000000000B
:10E360000D000000000000008AFF00000000000017
:10E37000140000000000000090FF000000000000FA
:10E3800013000000000000008FFF000000000000EC
:10E3900012000000000000006D6D2F7365635E3297
:10E3A000000000006D6D00006D6D2F6D696E000046
:10E3B000737465702F6D6D00000000000100000097
:10E3C000503500600000000000000000FFFFFFFF6C
:10E3D000E8F2002052657365742C46656564206818
:10E3E0006F6C642C4379636C652073746172742C58
:10E3F00053616665747920646F6F722C426C6F6331
:10E400006B2064656C6574652C4F7074696F6E6108
:10E410006C2073746F702C4553746F702C50726F36
:10E42000626520646973636F6E6E65637465642CE6
:10E430004D6F746F72206661756C742C4D6F746FC4
:10E4400072207761726E696E672C4C696D697473A6
:10E45000206F766572726964652C53696E676C65AE
:10E46000207374657020626C6F636B732C546F6FD4
:10E470006C736574746572206F7665727472617600
:10E48000656C0000466C6F6F642C4D6973740000FE
:10E4900030000000805B0060000000000000000011
:10E4A0001400000060350060000000004100000022
:10E4B000A03B00600000000012010002EF020140DA
:10E4C000C0168304800201020301000049676E6FD9
:10E4D0007265207768656E2069646C652C4B656594
:10E4E0007020636F6F6C616E74207374617465204B
:10E4F0006F6E20646F6F72206F70656E0000000099
:10E50000FF00000091F5000091F50000941001203B
:10E510004175746F206D6F756E7420534420636174
:10E5200072642C48696465204C6974746C65465348
:10E530002C48696572617263686963616C206C69FB
:10E540007374696E67000000582D417869732C5907
:10E550002D417869732C5A2D4178697300000000B1
:10E56000456E61626C652C456E61626C65207369F5
:10E570006E676C65206178697320636F6D6D616E85
:10E5800064732C486F6D696E67206F6E20737461C1
:10E59000727475702072657175697265642C53654B
:10E5A00074206D616368696E65206F726967696E5A
:10E5B00020746F20302C54776F20737769746368F0
:10E5C000657320736861726573206F6E6520696E74
:10E5D0007075742C416C6C6F77206D616E75616C19
:10E5E0002C4F76657272696465206C6F636B732C57
:10E5F0004E2F412C557365206C696D6974207377BB
:10E600006974636865732C50657220617869732042
:10E610006665656472617465732C52756E207374DF
:10E6200061727475702073637269707473206F6E99
:10E630006C79206F6E20686F6D696E6720636F6DF7
:10E64000706C6574656400001E000000000000002E
:10E6500000001F0000000000000200008C0A0120E2
:10E6600000000000000000000000000000000000AA
:10E6700000000000230000000000000000001E0059
:10E680000000000000020000940A012000000000C9
:10E69000000000000000000000000000000000007A
:10E6A000240000000000000000001C00000000002A
:10E6B000000200009C0A0120000000000000000091
:10E6C0000000000000000000000000002800000022
:10E6D0000000000000001D0000000000000200001B
:10E6E000A40A01200000000000000000000000005B
:10E6F00000000000000000003E00000000000000DC
:10E70000000024000000000000001000E4090120C7
:10E7100000000000000000000000000000000000F9
:10E72000000000003F000000000000000000270083
:10E730000000000000001000EC09012000000000B3
:10E7400000000000000000000000000000000000C9
:10E750004000000000000000000022000000000057
:10E7600000001000FC090120000000000000000073
:10E770000000000000000000000000004100000058
:10E780000000000000002300000000000000100056
:10E79000040A01200000000000000000000000004A
:10E7A0000000000000000000420000000000000027
:10E7B0000000290000000000000010000C0A0120E9
:10E7C0000000000000000000000000000000000049
:10E7D00000000000430000000000000000002600D0
:10E7E0000000000000001000140A012000000000DA
:10E7F0000000000000000000000000000000000019
:10E8000044000000000000000000210000000000A3
:10E81000000010001C0A01200000000000000000A1
:10E8200000000000000000000000000046000000A2
:10E8300000000000000018000000000000001000B0
:10E84000240A012000000000000000000000000079
:10E850000000000000000000470000000000000071
:10E860000000190000000000000010002C0A012028
:10E870000000000000000000000000000000000098
:10E880000000000048000000000000000000170029
:10E890000000000000001000F4090120000000004A
:10E8A0000000000000000000000000000000000068
:10E8B0000100000094E200200000000000000000C1
:10E8C00001000000A4E200200000000000000000A1
:10E8D000280000000001040001000000000000000A
:10E8E000020157494E55534200000000000000004D
:10E8F000000000000000000012034D00530046001D
:10E900005400310030003000F80000000700000023
:10E910000700000001000000705B006000000000C4
:10E9200000000000000800000600000000000000D9
:10E9300000000000000000000000000000000000D7
:10E9400000000000000000000000000000000000C7
:10E9500000000000000000000000000000000000B7
:10E9600000000000000000000000000000000000A7
:10E970000000000000000000000000000000000097
:10E980005E0000008C200120050000000700000050
:10E990000000000000000000000000006000000017
:10E9A0009420012002000000070000000000000089
:10E9B000000000000000000062000000A420012010
:10E9C0000900000007000000000000000000000037
:10E9D00000000000610000009C20012007000000F2
:10E9E0000700000000000000000000000000000020
:10E9F00069000000F40D0120040000000800000080
:10EA00000000000000000000000000006B0000009B
:10EA1000FC0D0120030000000800000000000000C1
:10EA200000000000000000006D0000000C0E01203E
:10EA300008000000080000000000000000000000C6
:10EA4000000000006C000000040E01200600000021
:10EA500008000000000000000000000000000000AE
:10EA60007F0000002C0E01200A00000006000000BC
:10EA70000000000000000000000000008000000016
:10EA8000340E01200B000000060000000000000012
:10EA9000000000000000000081000000440E012082
:10EAA0000E00000006000000000000000000000052
:10EAB00000000000800000003C0E01200C0000005F
:10EAC0000600000000000000000000000000000040
:10EAD00091000000340A0120160000000900000027
:10EAE0000000000000000000000000009200000094
:10EAF0003C0A01201A00000009000000000000008C
:10EB0000000000000000000093000000440A012003
:10EB10001B000000090000000000000000000000D1
:10EB200000000000940000004C0A012028000000B2
:10EB300009000000000000000000000000000000CC
:10EB400095000000540A0120140000000900000094
:10EB5000000000000000000000000000960000001F
:10EB60005C0A01200D000000090000000000000008
:10EB7000000000000000000097000000640A01206F
:10EB80001300000009000000000000000000000069
:10EB900000000000980000006C0A01201200000034
:10EBA000090000000000000000000000000000005C
:10EBB0000000000000000000000000000000000055
:10EBC0000000000000000000000000000000000045
:10EBD0000000000000000000000000000000000035
:10EBE0000000000000000000000000000000000025
:10EBF0000000000000000000000000000000000015
:10EC00000000000000000000000000000000000004
:10EC100000000000000000000000000000000000F4
:10EC200000000000000000000000000000000000E4
:10EC300000000000000000000000000000000000D4
:10EC400000000000000000000000000000000000C4
:10EC500000000000000000000000000000000000B4
:10EC6000000000000700FFFFFFFF00000800565DE6
:10EC70000000000000000000000000000000000094
:10EC80000000000000000000000000000100000083
:10EC90000000000000000000000000000000000074
:10ECA0000000000000000000000000000000000064
:10ECB0000000000000000000000000000000000054
:10ECC0000000000000000000000000000000000044
:10ECD0000000000000000000000000000000000034
:10ECE0000000000000000000000000000000000024
:10ECF0000000000000000000000000000000000014
:10ED00000000000000000000000000000000000003
:10ED100000000000000000000000000000000000F3
:10ED200000000000000000000000000000000000E3
:10ED300000000000000000000000000000000000D3
:10ED40000700FFFFFFFF00000800A9B0000000005F
:10ED500000000000000000000000000000000000B3
:10ED600000000000000000000200000000000000A1
:10ED70000000000000000000000000000000000093
:10ED80000000000000000000000000000000000083
:10ED90000000000000000000000000000000000073
:10EDA0000000000000000000000000000000000063
:10EDB0000000000000000000000000000000000053
:10EDC0000000000000000000000000000000000043
:10EDD0000000000000000000000000000000000033
:10EDE0000000000000000000000000000000000023
:10EDF0000000000000000000000000000000000013
:10EE00000000000000000000000000000000000002
:10EE10000000000000000000000000001700FFFFDD
:10EE2000FFFF000018003E55000000000000000039
:10EE300000000000000000000000000000000000D2
:10EE400000000000030000000000000000000000BF
:10EE500000000000000000000000000000000000B2
:10EE600000000000000000000000000000000000A2
:10EE70000000000000000000000000000000000092
:10EE80000000000000000000000000000000000082
:10EE90000000000000000000000000000000000072
:10EEA0000000000000000000000000000000000062
:10EEB0000000000000000000000000000000000052
:10EEC0000000000000000000000000000000000042
:10EED0000000000000000000000000000000000032
:10EEE0000000000000000000000000000000000022
:10EEF00000000000000000001700FFFFFFFF0000FF
:10EF0000180091A8000000000000000000000000B0
:10EF100000000000000000000000000000000000F1
:10EF200050726F62652C546F6F6C73657474657288
:10EF30002C50726F6265203200000000416C6C6FD3
:10EF4000772066656564206F766572726964652CEA
:10EF50004170706C7920736F6674206C696D697490
:10EF6000732C4E2F412C4175746F2073656C656353
:10EF70007420746F6F6C7365747465722C41757452
:10EF80006F2073656C6563742070726F62652032E8
:10EF90002C50726F62652070726F74656374696F54
:10EFA0006E000000000000000000000000000000F3
:10EFB0000000803F0000803F0000803F00001500FF
:10EFC000252B006061CF010041CF01000001150039
:10EFD000B12A006061CF010041CF010001130000A0
:10EFE000DC580060640000001C4600606600000001
:10EFF000EC4200600000000000000000A15501008C
:10F000000000000000000000000000000000000000
:10F010000101000018E200200200000024E20020AC
:10F020000200000084E20020000000000000000058
:10F03000A1550100000000000000000000000000D9
:10F040000000000034FE00205370696E646C65207F
:10F05000656E61626C652C5370696E646C652064CA
:10F060006972656374696F6E2C50574D0000000023
:10F070002D8401000000000000C20100000000001B
:10F080000000000000C20100000000006CF700203A
:10F090000200000014FE0020000000000C0300002D
:10F0A0000000000000000000000000000000000060
:10F0B000000001FF00000000000000000000000050
:10F0C0000000000000000000000000000000000040
:10F0D0000000000000000000000000000000000030
:10F0E0000000000000000000000000000000000020
:10F0F0000000000000000000000000000000000010
:10F1000000000000000000000000000000000000FF
:10F1100000000000000000000000000000000000EF
:10F1200000000000000000000000000000000000DF
:10F1300000000000000000000000000000000000CF
:10F1400000000000000000000000000000000000BF
:10F1500000000000000000000000000000000000AF
:10F16000000000000000000000000000000000009F
:10F17000000000000000000000000000000000008F
:10F18000000000000000000000000000000000007F
:10F19000000000000000000000000000000000006F
:10F1A000000000000000000000000000000000005F
:10F1B000000000000000000000000000000000004F
:10F1C000000000000000000000000000000000003F
:10F1D000000000000000000000000000000000002F
:10F1E000000000000000000000000000000000001F
:10F1F000000000000000000000000000000000000F
:10F2000000000000000000000000000000000000FE
:10F2100000000000000000000000000000000000EE
:10F2200000000000000000000000000000000000DE
:10F2300000000000000000000000000000000000CE
:10F2400000000000000000000000000000000000BE
:10F2500000000000000000000000000000000000AE
:10F26000000000000000000000000000000000009E
:10F27000000000000000000000000000000000008E
:10F28000000000000000000000000000000000007E
:10F29000000000000000000000000000000000006E
:10F2A000000000000000000000000000000000005E
:10F2B000000000000000000000000000000000004E
:10F2C000000000000000000000000000000000003E
:10F2D000000000000000000000000000000000002E
:10F2E000000000000000000000000000000000001E
:10F2F000000000000000000000000000000000000E
:10F3000000000000000000000000000000000000FD
:10F3100000000000000000000000000000000000ED
:10F3200000000000000000000000000000000000DD
:10F3300000000000000000000000000000000000CD
:10F3400000000000000000000000000000000000BD
:10F3500000000000000000000000000000000000AD
:10F36000000000000000000000000000000000009D
:10F37000000000000000000000000000000000008D
:10F38000000000000000000000000000000000007D
:10F39000000000000000000000000000000000006D
:10F3A000000000000000000000000000000000005D
:10F3B000000000000000000000000000000000004D
:10F3C000000000000000000000000000000000003D
:10F3D000000000000000000000000000000000002D
:10F3E000000000000000000000000000000000001D
:10F3F000000000000000000000000000000000000D
:10F4000000000000000000000000000000000000FC
:10F4100000000000000000000000000000000000EC
:10F4200000000000000000000000000000000000DC
:10F4300000000000000000000000000000000000CC
:10F4400000000000000000000000000000000000BC
:10F4500000000000000000000000000000000000AC
:08F460000000000000000000A4
:10F46800FFFFFFFFFFFFFFFFFFFFFFFFFFFFFFFFA4
:10F47800FFFFFFFFFFFFFFFFFFFFFFFFFFFFFFFF94
:10F48800FFFFFFFFFFFFFFFFFFFFFFFFFFFFFFFF84
:10F49800FFFFFFFFFFFFFFFFFFFFFFFFFFFFFFFF74
:10F4A800FFFFFFFFFFFFFFFFFFFFFFFFFFFFFFFF64
:10F4B800FFFFFFFFFFFFFFFFFFFFFFFFFFFFFFFF54
:10F4C800FFFFFFFFFFFFFFFFFFFFFFFFFFFFFFFF44
:10F4D800FFFFFFFFFFFFFFFFFFFFFFFFFFFFFFFF34
:10F4E800FFFFFFFFFFFFFFFFFFFFFFFFFFFFFFFF24
:10F4F800FFFFFFFFFFFFFFFFFFFFFFFFFFFFFFFF14
:10F50800FFFFFFFFFFFFFFFFFFFFFFFFFFFFFFFF03
:10F51800FFFFFFFFFFFFFFFFFFFFFFFFFFFFFFFFF3
:10F52800FFFFFFFFFFFFFFFFFFFFFFFFFFFFFFFFE3
:10F53800FFFFFFFFFFFFFFFFFFFFFFFFFFFFFFFFD3
:10F54800FFFFFFFFFFFFFFFFFFFFFFFFFFFFFFFFC3
:10F55800FFFFFFFFFFFFFFFFFFFFFFFFFFFFFFFFB3
:10F56800FFFFFFFFFFFFFFFFFFFFFFFFFFFFFFFFA3
:10F57800FFFFFFFFFFFFFFFFFFFFFFFFFFFFFFFF93
:10F58800FFFFFFFFFFFFFFFFFFFFFFFFFFFFFFFF83
:10F59800FFFFFFFFFFFFFFFFFFFFFFFFFFFFFFFF73
:10F5A800FFFFFFFFFFFFFFFFFFFFFFFFFFFFFFFF63
:10F5B800FFFFFFFFFFFFFFFFFFFFFFFFFFFFFFFF53
:10F5C800FFFFFFFFFFFFFFFFFFFFFFFFFFFFFFFF43
:10F5D800FFFFFFFFFFFFFFFFFFFFFFFFFFFFFFFF33
:10F5E800FFFFFFFFFFFFFFFFFFFFFFFFFFFFFFFF23
:10F5F800FFFFFFFFFFFFFFFFFFFFFFFFFFFFFFFF13
:10F60800FFFFFFFFFFFFFFFFFFFFFFFFFFFFFFFF02
:10F61800FFFFFFFFFFFFFFFFFFFFFFFFFFFFFFFFF2
:10F62800FFFFFFFFFFFFFFFFFFFFFFFFFFFFFFFFE2
:10F63800FFFFFFFFFFFFFFFFFFFFFFFFFFFFFFFFD2
:10F64800FFFFFFFFFFFFFFFFFFFFFFFFFFFFFFFFC2
:10F65800FFFFFFFFFFFFFFFFFFFFFFFFFFFFFFFFB2
:10F66800FFFFFFFFFFFFFFFFFFFFFFFFFFFFFFFFA2
:10F67800FFFFFFFFFFFFFFFFFFFFFFFFFFFFFFFF92
:10F68800FFFFFFFFFFFFFFFFFFFFFFFFFFFFFFFF82
:10F69800FFFFFFFFFFFFFFFFFFFFFFFFFFFFFFFF72
:10F6A800FFFFFFFFFFFFFFFFFFFFFFFFFFFFFFFF62
:10F6B800FFFFFFFFFFFFFFFFFFFFFFFFFFFFFFFF52
:10F6C800FFFFFFFFFFFFFFFFFFFFFFFFFFFFFFFF42
:10F6D800FFFFFFFFFFFFFFFFFFFFFFFFFFFFFFFF32
:10F6E800FFFFFFFFFFFFFFFFFFFFFFFFFFFFFFFF22
:10F6F800FFFFFFFFFFFFFFFFFFFFFFFFFFFFFFFF12
:10F70800FFFFFFFFFFFFFFFFFFFFFFFFFFFFFFFF01
:10F71800FFFFFFFFFFFFFFFFFFFFFFFFFFFFFFFFF1
:10F72800FFFFFFFFFFFFFFFFFFFFFFFFFFFFFFFFE1
:10F73800FFFFFFFFFFFFFFFFFFFFFFFFFFFFFFFFD1
:10F74800FFFFFFFFFFFFFFFFFFFFFFFFFFFFFFFFC1
:10F75800FFFFFFFFFFFFFFFFFFFFFFFFFFFFFFFFB1
:10F76800FFFFFFFFFFFFFFFFFFFFFFFFFFFFFFFFA1
:10F77800FFFFFFFFFFFFFFFFFFFFFFFFFFFFFFFF91
:10F78800FFFFFFFFFFFFFFFFFFFFFFFFFFFFFFFF81
:10F79800FFFFFFFFFFFFFFFFFFFFFFFFFFFFFFFF71
:10F7A800FFFFFFFFFFFFFFFFFFFFFFFFFFFFFFFF61
:10F7B800FFFFFFFFFFFFFFFFFFFFFFFFFFFFFFFF51
:10F7C800FFFFFFFFFFFFFFFFFFFFFFFFFFFFFFFF41
:10F7D800FFFFFFFFFFFFFFFFFFFFFFFFFFFFFFFF31
:10F7E800FFFFFFFFFFFFFFFFFFFFFFFFFFFFFFFF21
:10F7F800FFFFFFFFFFFFFFFF000000000000000009
:10F8080000000000000000000000000000000000F0
:10F8180000000000000000000000000000000000E0
:10F8280000000000000000000000000000000000D0
:10F8380000000000000000000000000000000000C0
:10F8480000000000000000000000000000000000B0
:10F8580000000000000000000000000000000000A0
:10F868000000000000000000000000000000000090
:10F878000000000000000000000000000000000080
:10F888000000000000000000000000000000000070
:10F898000000000000000000000000000000000060
:10F8A8000000000000000000000000000000000050
:10F8B8000000000000000000000000000000000040
:10F8C8000000000000000000000000000000000030
:10F8D8000000000000000000000000000000000020
:10F8E8000000000000000000000000000000000010
:10F8F8000000000000000000000000000000000000
:10F9080000000000000000000000000000000000EF
:10F9180000000000000000000000000000000000DF
:10F9280000000000000000000000000000000000CF
:10F9380000000000000000000000000000000000BF
:10F9480000000000000000000000000000000000AF
:10F95800000000000000000000000000000000009F
:10F96800000000000000000000000000000000008F
:10F97800000000000000000000000000000000007F
:10F98800000000000000000000000000000000006F
:10F99800000000000000000000000000000000005F
:10F9A800000000000000000000000000000000004F
:10F9B800000000000000000000000000000000003F
:10F9C800000000000000000000000000000000002F
:10F9D800000000000000000000000000000000001F
:10F9E800000000000000000000000000000000000F
:10F9F80000000000000000000000000000000000FF
:10FA080000000000000000000000000000000000EE
:10FA180000000000000000000000000000000000DE
:10FA280000000000000000000000000000000000CE
:10FA380000000000000000000000000000000000BE
:10FA480000000000000000000000000000000000AE
:10FA5800000000000000000000000000000000009E
:10FA6800000000000000000000000000000000008E
:10FA7800000000000000000000000000000000007E
:10FA8800000000000000000000000000000000006E
:10FA9800000000000000000000000000000000005E
:10FAA800000000000000000000000000000000004E
:10FAB800000000000000000000000000000000003E
:10FAC800000000000000000000000000000000002E
:10FAD800000000000000000000000000000000001E
:10FAE800000000000000000000000000000000000E
:10FAF80000000000000000000000000000000000FE
:10FB080000000000000000000000000000000000ED
:10FB180000000000000000000000000000000000DD
:10FB280000000000000000000000000000000000CD
:10FB380000000000000000000000000000000000BD
:10FB480000000000000000000000000000000000AD
:10FB5800000000000000000000000000000000009D
:10FB6800000000000000000000000000000000008D
:10FB7800000000000000000000000000000000007D
:10FB8800000000000000000000000000000000006D
:10FB9800000000000000000000000000000000005D
:10FBA800000000000000000000000000000000004D
:10FBB800000000000000000000000000000000003D
:10FBC800000000000000000000000000000000002D
:10FBD800000000000000000000000000000000001D
:10FBE800000000000000000000000000000000000D
:10FBF80000000000000000000000000000000000FD
:10FC080000000000000000000000000000000000EC
:10FC180000000000000000000000000000000000DC
:10FC280000000000000000000000000000000000CC
:10FC380000000000000000000000000000000000BC
:10FC480000000000000000000000000000000000AC
:10FC5800000000000000000000000000000000009C
:10FC6800000000000000000000000000000000008C
:10FC7800000000000000000000000000000000007C
:10FC8800000000000000000000000000000000006C
:10FC9800000000000000000000000000000000005C
:10FCA800000000000000000000000000000000004C
:10FCB800000000000000000000000000000000003C
:10FCC800000000000000000000000000000000002C
:10FCD800000000000000000000000000000000001C
:10FCE800000000000000000000000000000000000C
:10FCF80000000000000000000000000000000000FC
:10FD080000000000000000000000000000000000EB
:10FD180000000000000000000000000000000000DB
:10FD280000000000000000000000000000000000CB
:10FD380000000000000000000000000000000000BB
:10FD480000000000000000000000000000000000AB
:10FD5800000000000000000000000000000000009B
:10FD6800000000000000000000000000000000008B
:10FD7800000000000000000000000000000000007B
:10FD8800000000000000000000000000000000006B
:10FD9800000000000000000000000000000000005B
:10FDA800000000000000000000000000000000004B
:10FDB800000000000000000000000000000000003B
:10FDC800000000000000000000000000000000002B
:10FDD800000000000000000000000000000000001B
:10FDE800000000000000000000000000000000000B
:10FDF80000000000000000000000000000000000FB
:10FE080000000000000000000000000000000000EA
:10FE180000000000000000000000000000000000DA
:10FE280000000000000000000000000000000000CA
:10FE380000000000000000000000000000000000BA
:10FE480000000000000000000000000000000000AA
:10FE5800000000000000000000000000000000009A
:10FE6800000000000000000000000000000000008A
:10FE7800000000000000000000000000000000007A
:10FE8800000000000000000000000000000000006A
:10FE9800000000000000000000000000000000005A
:10FEA800000000000000000000000000000000004A
:10FEB800000000000000000000000000000000003A
:10FEC800000000000000000000000000000000002A
:10FED800000000000000000000000000000000001A
:10FEE800000000000000000000000000000000000A
:10FEF80000000000000000000000000000000000FA
:10FF080000000000000000000000000000000000E9
:10FF180000000000000000000000000000000000D9
:10FF280000000000000000000000000000000000C9
:10FF380000000000000000000000000000000000B9
:10FF480000000000000000000000000000000000A9
:10FF58000000000000000000000000000000000099
:10FF68000000000000000000000000000000000089
:10FF78000000000000000000000000000000000079
:10FF88000000000000000000000000000000000069
:10FF98000000000000000000000000000000000059
:10FFA8000000000000000000000000000000000049
:10FFB8000000000000000000000000000000000039
:10FFC8000000000000000000000000000000000029
:10FFD8000000000000000000000000000000000019
:10FFE8000000000000000000000000000000000009
:08FFF800000000000000000001
:02000004600496
:1000000000000000000000000000000000000000F0
:1000100000000000000000000000000000000000E0
:1000200000000000000000000000000000000000D0
:1000300000000000000000000000000000000000C0
:1000400000000000000000000000000000000000B0
:1000500000000000000000000000000000000000A0
:100060000000000000000000000000000000000090
:100070000000000000000000000000000000000080
:100080000000000000000000000000000000000070
:100090000000000000000000000000000000000060
:1000A0000000000000000000000000000000000050
:1000B0000000000000000000000000000000000040
:1000C0000000000000000000000000000000000030
:1000D0000000000000000000000000000000000020
:1000E0000000000000000000000000000000000010
:1000F0000000000000000000000000000000000000
:1001000000000000000000000000000000000000EF
:1001100000000000000000000000000000000000DF
:1001200000000000000000000000000000000000CF
:1001300000000000000000000000000000000000BF
:1001400000000000000000000000000000000000AF
:10015000000000000000000000000000000000009F
:10016000000000000000000000000000000000008F
:10017000000000000000000000000000000000007F
:10018000000000000000000000000000000000006F
:10019000000000000000000000000000000000005F
:1001A000000000000000000000000000000000004F
:1001B000000000000000000000000000000000003F
:1001C000000000000000000000000000000000002F
:1001D000000000000000000000000000000000001F
:1001E000000000000000000000000000000000000F
:1001F00000000000000000000000000000000000FF
:1002000000000000000000000000000000000000EE
:1002100000000000000000000000000000000000DE
:1002200000000000000000000000000000000000CE
:1002300000000000000000000000000000000000BE
:1002400000000000000000000000000000000000AE
:10025000000000000000000000000000000000009E
:10026000000000000000000000000000000000008E
:10027000000000000000000000000000000000007E
:10028000000000000000000000000000000000006E
:10029000000000000000000000000000000000005E
:1002A000000000000000000000000000000000004E
:1002B000000000000000000000000000000000003E
:1002C000000000000000000000000000000000002E
:1002D000000000000000000000000000000000001E
:1002E000000000000000000000000000000000000E
:1002F00000000000000000000000000000000000FE
:1003000000000000000000000000000000000000ED
:1003100000000000000000000000000000000000DD
:1003200000000000000000000000000000000000CD
:1003300000000000000000000000000000000000BD
:1003400000000000000000000000000000000000AD
:10035000000000000000000000000000000000009D
:10036000000000000000000000000000000000008D
:10037000000000000000000000000000000000007D
:10038000000000000000000000000000000000006D
:10039000000000000000000000000000000000005D
:1003A000000000000000000000000000000000004D
:1003B000000000000000000000000000000000003D
:1003C000000000000000000000000000000000002D
:1003D000000000000000000000000000000000001D
:1003E000000000000000000000000000000000000D
:1003F00000000000000000000000000000000000FD
:040000056000100087
:00000001FF
