:0200000460009A
:100000004643464200000156000000000101020084
:1000100000000000000000000000000000000000E0
:1000200000000000000000000000000000000000D0
:1000300000000000000000000000000000000000C0
:1000400000000000010406010000000000000000A4
:100050000000800000000000000000000000000020
:100060000000000000000000000000000000000090
:100070000000000000000000000000000000000080
:10008000EB04180AFF1E04320126000000000000E5
:100090000000000000000000000000000000000060
:1000A0000000000000000000000000000000000050
:1000B0000000000000000000000000000000000040
:1000C0000000000000000000000000000000000030
:1000D0000000000000000000000000000000000020
:1000E0000000000000000000000000000000000010
:1000F0000000000000000000000000000000000000
:1001000000000000000000000000000000000000EF
:1001100000000000000000000000000000000000DF
:1001200000000000000000000000000000000000CF
:1001300000000000000000000000000000000000BF
:1001400000000000000000000000000000000000AF
:10015000000000000000000000000000000000009F
:10016000000000000000000000000000000000008F
:10017000000000000000000000000000000000007F
:10018000000000000000000000000000000000006F
:10019000000000000000000000000000000000005F
:1001A000000000000000000000000000000000004F
:1001B000000000000000000000000000000000003F
:1001C000000100000010000001000000000000001D
:1001D000000001000000000000000000000000001E
:1001E000000000000000000000000000000000000F
:1001F00000000000000000000000000000000000FF
:10020000FFFFFFFFFFFFFFFFFFFFFFFFFFFFFFFFFE
:10021000FFFFFFFFFFFFFFFFFFFFFFFFFFFFFFFFEE
:10022000FFFFFFFFFFFFFFFFFFFFFFFFFFFFFFFFDE
:10023000FFFFFFFFFFFFFFFFFFFFFFFFFFFFFFFFCE
:10024000FFFFFFFFFFFFFFFFFFFFFFFFFFFFFFFFBE
:10025000FFFFFFFFFFFFFFFFFFFFFFFFFFFFFFFFAE
:10026000FFFFFFFFFFFFFFFFFFFFFFFFFFFFFFFF9E
:10027000FFFFFFFFFFFFFFFFFFFFFFFFFFFFFFFF8E
:10028000FFFFFFFFFFFFFFFFFFFFFFFFFFFFFFFF7E
:10029000FFFFFFFFFFFFFFFFFFFFFFFFFFFFFFFF6E
:1002A000FFFFFFFFFFFFFFFFFFFFFFFFFFFFFFFF5E
:1002B000FFFFFFFFFFFFFFFFFFFFFFFFFFFFFFFF4E
:1002C000FFFFFFFFFFFFFFFFFFFFFFFFFFFFFFFF3E
:1002D000FFFFFFFFFFFFFFFFFFFFFFFFFFFFFFFF2E
:1002E000FFFFFFFFFFFFFFFFFFFFFFFFFFFFFFFF1E
:1002F000FFFFFFFFFFFFFFFFFFFFFFFFFFFFFFFF0E
:10030000FFFFFFFFFFFFFFFFFFFFFFFFFFFFFFFFFD
:10031000FFFFFFFFFFFFFFFFFFFFFFFFFFFFFFFFED
:10032000FFFFFFFFFFFFFFFFFFFFFFFFFFFFFFFFDD
:10033000FFFFFFFFFFFFFFFFFFFFFFFFFFFFFFFFCD
:10034000FFFFFFFFFFFFFFFFFFFFFFFFFFFFFFFFBD
:10035000FFFFFFFFFFFFFFFFFFFFFFFFFFFFFFFFAD
:10036000FFFFFFFFFFFFFFFFFFFFFFFFFFFFFFFF9D
:10037000FFFFFFFFFFFFFFFFFFFFFFFFFFFFFFFF8D
:10038000FFFFFFFFFFFFFFFFFFFFFFFFFFFFFFFF7D
:10039000FFFFFFFFFFFFFFFFFFFFFFFFFFFFFFFF6D
:1003A000FFFFFFFFFFFFFFFFFFFFFFFFFFFFFFFF5D
:1003B000FFFFFFFFFFFFFFFFFFFFFFFFFFFFFFFF4D
:1003C000FFFFFFFFFFFFFFFFFFFFFFFFFFFFFFFF3D
:1003D000FFFFFFFFFFFFFFFFFFFFFFFFFFFFFFFF2D
:1003E000FFFFFFFFFFFFFFFFFFFFFFFFFFFFFFFF1D
:1003F000FFFFFFFFFFFFFFFFFFFFFFFFFFFFFFFF0D
:10040000FFFFFFFFFFFFFFFFFFFFFFFFFFFFFFFFFC
:10041000FFFFFFFFFFFFFFFFFFFFFFFFFFFFFFFFEC
:10042000FFFFFFFFFFFFFFFFFFFFFFFFFFFFFFFFDC
:10043000FFFFFFFFFFFFFFFFFFFFFFFFFFFFFFFFCC
:10044000FFFFFFFFFFFFFFFFFFFFFFFFFFFFFFFFBC
:10045000FFFFFFFFFFFFFFFFFFFFFFFFFFFFFFFFAC
:10046000FFFFFFFFFFFFFFFFFFFFFFFFFFFFFFFF9C
:10047000FFFFFFFFFFFFFFFFFFFFFFFFFFFFFFFF8C
:10048000FFFFFFFFFFFFFFFFFFFFFFFFFFFFFFFF7C
:10049000FFFFFFFFFFFFFFFFFFFFFFFFFFFFFFFF6C
:1004A000FFFFFFFFFFFFFFFFFFFFFFFFFFFFFFFF5C
:1004B000FFFFFFFFFFFFFFFFFFFFFFFFFFFFFFFF4C
:1004C000FFFFFFFFFFFFFFFFFFFFFFFFFFFFFFFF3C
:1004D000FFFFFFFFFFFFFFFFFFFFFFFFFFFFFFFF2C
:1004E000FFFFFFFFFFFFFFFFFFFFFFFFFFFFFFFF1C
:1004F000FFFFFFFFFFFFFFFFFFFFFFFFFFFFFFFF0C
:10050000FFFFFFFFFFFFFFFFFFFFFFFFFFFFFFFFFB
:10051000FFFFFFFFFFFFFFFFFFFFFFFFFFFFFFFFEB
:10052000FFFFFFFFFFFFFFFFFFFFFFFFFFFFFFFFDB
:10053000FFFFFFFFFFFFFFFFFFFFFFFFFFFFFFFFCB
:10054000FFFFFFFFFFFFFFFFFFFFFFFFFFFFFFFFBB
:10055000FFFFFFFFFFFFFFFFFFFFFFFFFFFFFFFFAB
:10056000FFFFFFFFFFFFFFFFFFFFFFFFFFFFFFFF9B
:10057000FFFFFFFFFFFFFFFFFFFFFFFFFFFFFFFF8B
:10058000FFFFFFFFFFFFFFFFFFFFFFFFFFFFFFFF7B
:10059000FFFFFFFFFFFFFFFFFFFFFFFFFFFFFFFF6B
:1005A000FFFFFFFFFFFFFFFFFFFFFFFFFFFFFFFF5B
:1005B000FFFFFFFFFFFFFFFFFFFFFFFFFFFFFFFF4B
:1005C000FFFFFFFFFFFFFFFFFFFFFFFFFFFFFFFF3B
:1005D000FFFFFFFFFFFFFFFFFFFFFFFFFFFFFFFF2B
:1005E000FFFFFFFFFFFFFFFFFFFFFFFFFFFFFFFF1B
:1005F000FFFFFFFFFFFFFFFFFFFFFFFFFFFFFFFF0B
:10060000FFFFFFFFFFFFFFFFFFFFFFFFFFFFFFFFFA
:10061000FFFFFFFFFFFFFFFFFFFFFFFFFFFFFFFFEA
:10062000FFFFFFFFFFFFFFFFFFFFFFFFFFFFFFFFDA
:10063000FFFFFFFFFFFFFFFFFFFFFFFFFFFFFFFFCA
:10064000FFFFFFFFFFFFFFFFFFFFFFFFFFFFFFFFBA
:10065000FFFFFFFFFFFFFFFFFFFFFFFFFFFFFFFFAA
:10066000FFFFFFFFFFFFFFFFFFFFFFFFFFFFFFFF9A
:10067000FFFFFFFFFFFFFFFFFFFFFFFFFFFFFFFF8A
:10068000FFFFFFFFFFFFFFFFFFFFFFFFFFFFFFFF7A
:10069000FFFFFFFFFFFFFFFFFFFFFFFFFFFFFFFF6A
:1006A000FFFFFFFFFFFFFFFFFFFFFFFFFFFFFFFF5A
:1006B000FFFFFFFFFFFFFFFFFFFFFFFFFFFFFFFF4A
:1006C000FFFFFFFFFFFFFFFFFFFFFFFFFFFFFFFF3A
:1006D000FFFFFFFFFFFFFFFFFFFFFFFFFFFFFFFF2A
:1006E000FFFFFFFFFFFFFFFFFFFFFFFFFFFFFFFF1A
:1006F000FFFFFFFFFFFFFFFFFFFFFFFFFFFFFFFF0A
:10070000FFFFFFFFFFFFFFFFFFFFFFFFFFFFFFFFF9
:10071000FFFFFFFFFFFFFFFFFFFFFFFFFFFFFFFFE9
:10072000FFFFFFFFFFFFFFFFFFFFFFFFFFFFFFFFD9
:10073000FFFFFFFFFFFFFFFFFFFFFFFFFFFFFFFFC9
:10074000FFFFFFFFFFFFFFFFFFFFFFFFFFFFFFFFB9
:10075000FFFFFFFFFFFFFFFFFFFFFFFFFFFFFFFFA9
:10076000FFFFFFFFFFFFFFFFFFFFFFFFFFFFFFFF99
:10077000FFFFFFFFFFFFFFFFFFFFFFFFFFFFFFFF89
:10078000FFFFFFFFFFFFFFFFFFFFFFFFFFFFFFFF79
:10079000FFFFFFFFFFFFFFFFFFFFFFFFFFFFFFFF69
:1007A000FFFFFFFFFFFFFFFFFFFFFFFFFFFFFFFF59
:1007B000FFFFFFFFFFFFFFFFFFFFFFFFFFFFFFFF49
:1007C000FFFFFFFFFFFFFFFFFFFFFFFFFFFFFFFF39
:1007D000FFFFFFFFFFFFFFFFFFFFFFFFFFFFFFFF29
:1007E000FFFFFFFFFFFFFFFFFFFFFFFFFFFFFFFF19
:1007F000FFFFFFFFFFFFFFFFFFFFFFFFFFFFFFFF09
:10080000FFFFFFFFFFFFFFFFFFFFFFFFFFFFFFFFF8
:10081000FFFFFFFFFFFFFFFFFFFFFFFFFFFFFFFFE8
:10082000FFFFFFFFFFFFFFFFFFFFFFFFFFFFFFFFD8
:10083000FFFFFFFFFFFFFFFFFFFFFFFFFFFFFFFFC8
:10084000FFFFFFFFFFFFFFFFFFFFFFFFFFFFFFFFB8
:10085000FFFFFFFFFFFFFFFFFFFFFFFFFFFFFFFFA8
:10086000FFFFFFFFFFFFFFFFFFFFFFFFFFFFFFFF98
:10087000FFFFFFFFFFFFFFFFFFFFFFFFFFFFFFFF88
:10088000FFFFFFFFFFFFFFFFFFFFFFFFFFFFFFFF78
:10089000FFFFFFFFFFFFFFFFFFFFFFFFFFFFFFFF68
:1008A000FFFFFFFFFFFFFFFFFFFFFFFFFFFFFFFF58
:1008B000FFFFFFFFFFFFFFFFFFFFFFFFFFFFFFFF48
:1008C000FFFFFFFFFFFFFFFFFFFFFFFFFFFFFFFF38
:1008D000FFFFFFFFFFFFFFFFFFFFFFFFFFFFFFFF28
:1008E000FFFFFFFFFFFFFFFFFFFFFFFFFFFFFFFF18
:1008F000FFFFFFFFFFFFFFFFFFFFFFFFFFFFFFFF08
:10090000FFFFFFFFFFFFFFFFFFFFFFFFFFFFFFFFF7
:10091000FFFFFFFFFFFFFFFFFFFFFFFFFFFFFFFFE7
:10092000FFFFFFFFFFFFFFFFFFFFFFFFFFFFFFFFD7
:10093000FFFFFFFFFFFFFFFFFFFFFFFFFFFFFFFFC7
:10094000FFFFFFFFFFFFFFFFFFFFFFFFFFFFFFFFB7
:10095000FFFFFFFFFFFFFFFFFFFFFFFFFFFFFFFFA7
:10096000FFFFFFFFFFFFFFFFFFFFFFFFFFFFFFFF97
:10097000FFFFFFFFFFFFFFFFFFFFFFFFFFFFFFFF87
:10098000FFFFFFFFFFFFFFFFFFFFFFFFFFFFFFFF77
:10099000FFFFFFFFFFFFFFFFFFFFFFFFFFFFFFFF67
:1009A000FFFFFFFFFFFFFFFFFFFFFFFFFFFFFFFF57
:1009B000FFFFFFFFFFFFFFFFFFFFFFFFFFFFFFFF47
:1009C000FFFFFFFFFFFFFFFFFFFFFFFFFFFFFFFF37
:1009D000FFFFFFFFFFFFFFFFFFFFFFFFFFFFFFFF27
:1009E000FFFFFFFFFFFFFFFFFFFFFFFFFFFFFFFF17
:1009F000FFFFFFFFFFFFFFFFFFFFFFFFFFFFFFFF07
:100A0000FFFFFFFFFFFFFFFFFFFFFFFFFFFFFFFFF6
:100A1000FFFFFFFFFFFFFFFFFFFFFFFFFFFFFFFFE6
:100A2000FFFFFFFFFFFFFFFFFFFFFFFFFFFFFFFFD6
:100A3000FFFFFFFFFFFFFFFFFFFFFFFFFFFFFFFFC6
:100A4000FFFFFFFFFFFFFFFFFFFFFFFFFFFFFFFFB6
:100A5000FFFFFFFFFFFFFFFFFFFFFFFFFFFFFFFFA6
:100A6000FFFFFFFFFFFFFFFFFFFFFFFFFFFFFFFF96
:100A7000FFFFFFFFFFFFFFFFFFFFFFFFFFFFFFFF86
:100A8000FFFFFFFFFFFFFFFFFFFFFFFFFFFFFFFF76
:100A9000FFFFFFFFFFFFFFFFFFFFFFFFFFFFFFFF66
:100AA000FFFFFFFFFFFFFFFFFFFFFFFFFFFFFFFF56
:100AB000FFFFFFFFFFFFFFFFFFFFFFFFFFFFFFFF46
:100AC000FFFFFFFFFFFFFFFFFFFFFFFFFFFFFFFF36
:100AD000FFFFFFFFFFFFFFFFFFFFFFFFFFFFFFFF26
:100AE000FFFFFFFFFFFFFFFFFFFFFFFFFFFFFFFF16
:100AF000FFFFFFFFFFFFFFFFFFFFFFFFFFFFFFFF06
:100B0000FFFFFFFFFFFFFFFFFFFFFFFFFFFFFFFFF5
:100B1000FFFFFFFFFFFFFFFFFFFFFFFFFFFFFFFFE5
:100B2000FFFFFFFFFFFFFFFFFFFFFFFFFFFFFFFFD5
:100B3000FFFFFFFFFFFFFFFFFFFFFFFFFFFFFFFFC5
:100B4000FFFFFFFFFFFFFFFFFFFFFFFFFFFFFFFFB5
:100B5000FFFFFFFFFFFFFFFFFFFFFFFFFFFFFFFFA5
:100B6000FFFFFFFFFFFFFFFFFFFFFFFFFFFFFFFF95
:100B7000FFFFFFFFFFFFFFFFFFFFFFFFFFFFFFFF85
:100B8000FFFFFFFFFFFFFFFFFFFFFFFFFFFFFFFF75
:100B9000FFFFFFFFFFFFFFFFFFFFFFFFFFFFFFFF65
:100BA000FFFFFFFFFFFFFFFFFFFFFFFFFFFFFFFF55
:100BB000FFFFFFFFFFFFFFFFFFFFFFFFFFFFFFFF45
:100BC000FFFFFFFFFFFFFFFFFFFFFFFFFFFFFFFF35
:100BD000FFFFFFFFFFFFFFFFFFFFFFFFFFFFFFFF25
:100BE000FFFFFFFFFFFFFFFFFFFFFFFFFFFFFFFF15
:100BF000FFFFFFFFFFFFFFFFFFFFFFFFFFFFFFFF05
:100C0000FFFFFFFFFFFFFFFFFFFFFFFFFFFFFFFFF4
:100C1000FFFFFFFFFFFFFFFFFFFFFFFFFFFFFFFFE4
:100C2000FFFFFFFFFFFFFFFFFFFFFFFFFFFFFFFFD4
:100C3000FFFFFFFFFFFFFFFFFFFFFFFFFFFFFFFFC4
:100C4000FFFFFFFFFFFFFFFFFFFFFFFFFFFFFFFFB4
:100C5000FFFFFFFFFFFFFFFFFFFFFFFFFFFFFFFFA4
:100C6000FFFFFFFFFFFFFFFFFFFFFFFFFFFFFFFF94
:100C7000FFFFFFFFFFFFFFFFFFFFFFFFFFFFFFFF84
:100C8000FFFFFFFFFFFFFFFFFFFFFFFFFFFFFFFF74
:100C9000FFFFFFFFFFFFFFFFFFFFFFFFFFFFFFFF64
:100CA000FFFFFFFFFFFFFFFFFFFFFFFFFFFFFFFF54
:100CB000FFFFFFFFFFFFFFFFFFFFFFFFFFFFFFFF44
:100CC000FFFFFFFFFFFFFFFFFFFFFFFFFFFFFFFF34
:100CD000FFFFFFFFFFFFFFFFFFFFFFFFFFFFFFFF24
:100CE000FFFFFFFFFFFFFFFFFFFFFFFFFFFFFFFF14
:100CF000FFFFFFFFFFFFFFFFFFFFFFFFFFFFFFFF04
:100D0000FFFFFFFFFFFFFFFFFFFFFFFFFFFFFFFFF3
:100D1000FFFFFFFFFFFFFFFFFFFFFFFFFFFFFFFFE3
:100D2000FFFFFFFFFFFFFFFFFFFFFFFFFFFFFFFFD3
:100D3000FFFFFFFFFFFFFFFFFFFFFFFFFFFFFFFFC3
:100D4000FFFFFFFFFFFFFFFFFFFFFFFFFFFFFFFFB3
:100D5000FFFFFFFFFFFFFFFFFFFFFFFFFFFFFFFFA3
:100D6000FFFFFFFFFFFFFFFFFFFFFFFFFFFFFFFF93
:100D7000FFFFFFFFFFFFFFFFFFFFFFFFFFFFFFFF83
:100D8000FFFFFFFFFFFFFFFFFFFFFFFFFFFFFFFF73
:100D9000FFFFFFFFFFFFFFFFFFFFFFFFFFFFFFFF63
:100DA000FFFFFFFFFFFFFFFFFFFFFFFFFFFFFFFF53
:100DB000FFFFFFFFFFFFFFFFFFFFFFFFFFFFFFFF43
:100DC000FFFFFFFFFFFFFFFFFFFFFFFFFFFFFFFF33
:100DD000FFFFFFFFFFFFFFFFFFFFFFFFFFFFFFFF23
:100DE000FFFFFFFFFFFFFFFFFFFFFFFFFFFFFFFF13
:100DF000FFFFFFFFFFFFFFFFFFFFFFFFFFFFFFFF03
:100E0000FFFFFFFFFFFFFFFFFFFFFFFFFFFFFFFFF2
:100E1000FFFFFFFFFFFFFFFFFFFFFFFFFFFFFFFFE2
:100E2000FFFFFFFFFFFFFFFFFFFFFFFFFFFFFFFFD2
:100E3000FFFFFFFFFFFFFFFFFFFFFFFFFFFFFFFFC2
:100E4000FFFFFFFFFFFFFFFFFFFFFFFFFFFFFFFFB2
:100E5000FFFFFFFFFFFFFFFFFFFFFFFFFFFFFFFFA2
:100E6000FFFFFFFFFFFFFFFFFFFFFFFFFFFFFFFF92
:100E7000FFFFFFFFFFFFFFFFFFFFFFFFFFFFFFFF82
:100E8000FFFFFFFFFFFFFFFFFFFFFFFFFFFFFFFF72
:100E9000FFFFFFFFFFFFFFFFFFFFFFFFFFFFFFFF62
:100EA000FFFFFFFFFFFFFFFFFFFFFFFFFFFFFFFF52
:100EB000FFFFFFFFFFFFFFFFFFFFFFFFFFFFFFFF42
:100EC000FFFFFFFFFFFFFFFFFFFFFFFFFFFFFFFF32
:100ED000FFFFFFFFFFFFFFFFFFFFFFFFFFFFFFFF22
:100EE000FFFFFFFFFFFFFFFFFFFFFFFFFFFFFFFF12
:100EF000FFFFFFFFFFFFFFFFFFFFFFFFFFFFFFFF02
:100F0000FFFFFFFFFFFFFFFFFFFFFFFFFFFFFFFFF1
:100F1000FFFFFFFFFFFFFFFFFFFFFFFFFFFFFFFFE1
:100F2000FFFFFFFFFFFFFFFFFFFFFFFFFFFFFFFFD1
:100F3000FFFFFFFFFFFFFFFFFFFFFFFFFFFFFFFFC1
:100F4000FFFFFFFFFFFFFFFFFFFFFFFFFFFFFFFFB1
:100F5000FFFFFFFFFFFFFFFFFFFFFFFFFFFFFFFFA1
:100F6000FFFFFFFFFFFFFFFFFFFFFFFFFFFFFFFF91
:100F7000FFFFFFFFFFFFFFFFFFFFFFFFFFFFFFFF81
:100F8000FFFFFFFFFFFFFFFFFFFFFFFFFFFFFFFF71
:100F9000FFFFFFFFFFFFFFFFFFFFFFFFFFFFFFFF61
:100FA000FFFFFFFFFFFFFFFFFFFFFFFFFFFFFFFF51
:100FB000FFFFFFFFFFFFFFFFFFFFFFFFFFFFFFFF41
:100FC000FFFFFFFFFFFFFFFFFFFFFFFFFFFFFFFF31
:100FD000FFFFFFFFFFFFFFFFFFFFFFFFFFFFFFFF21
:100FE000FFFFFFFFFFFFFFFFFFFFFFFFFFFFFFFF11
:100FF000FFFFFFFFFFFFFFFFFFFFFFFFFFFFFFFF01
:10100000D1002043F1150060000000000000000046
:10101000201000600010006000D803600000000095
:101020000000006000E4030000000000FFFFFFFF7D
:10103000FFFFFFFFFFFFFFFFFFFFFFFFFFFFFFFFC0
:10104000FFFFFFFFFFFFFFFFFFFFFFFFFFFFFFFFB0
:10105000FFFFFFFFFFFFFFFFFFFFFFFFFFFFFFFFA0
:10106000FFFFFFFFFFFFFFFFFFFFFFFFFFFFFFFF90
:10107000FFFFFFFFFFFFFFFFFFFFFFFFFFFFFFFF80
:10108000FFFFFFFFFFFFFFFFFFFFFFFFFFFFFFFF70
:10109000FFFFFFFFFFFFFFFFFFFFFFFFFFFFFFFF60
:1010A000FFFFFFFFFFFFFFFFFFFFFFFFFFFFFFFF50
:1010B000FFFFFFFFFFFFFFFFFFFFFFFFFFFFFFFF40
:1010C000FFFFFFFFFFFFFFFFFFFFFFFFFFFFFFFF30
:1010D000FFFFFFFFFFFFFFFFFFFFFFFFFFFFFFFF20
:1010E000FFFFFFFFFFFFFFFFFFFFFFFFFFFFFFFF10
:1010F000FFFFFFFFFFFFFFFFFFFFFFFFFFFFFFFF00
:10110000FFFFFFFFFFFFFFFFFFFFFFFFFFFFFFFFEF
:10111000FFFFFFFFFFFFFFFFFFFFFFFFFFFFFFFFDF
:10112000FFFFFFFFFFFFFFFFFFFFFFFFFFFFFFFFCF
:10113000FFFFFFFFFFFFFFFFFFFFFFFFFFFFFFFFBF
:10114000FFFFFFFFFFFFFFFFFFFFFFFFFFFFFFFFAF
:10115000FFFFFFFFFFFFFFFFFFFFFFFFFFFFFFFF9F
:10116000FFFFFFFFFFFFFFFFFFFFFFFFFFFFFFFF8F
:10117000FFFFFFFFFFFFFFFFFFFFFFFFFFFFFFFF7F
:10118000FFFFFFFFFFFFFFFFFFFFFFFFFFFFFFFF6F
:10119000FFFFFFFFFFFFFFFFFFFFFFFFFFFFFFFF5F
:1011A000FFFFFFFFFFFFFFFFFFFFFFFFFFFFFFFF4F
:1011B000FFFFFFFFFFFFFFFFFFFFFFFFFFFFFFFF3F
:1011C000FFFFFFFFFFFFFFFFFFFFFFFFFFFFFFFF2F
:1011D000FFFFFFFFFFFFFFFFFFFFFFFFFFFFFFFF1F
:1011E000FFFFFFFFFFFFFFFFFFFFFFFFFFFFFFFF0F
:1011F000FFFFFFFFFFFFFFFFFFFFFFFFFFFFFFFFFF
:10120000FFFFFFFFFFFFFFFFFFFFFFFFFFFFFFFFEE
:10121000FFFFFFFFFFFFFFFFFFFFFFFFFFFFFFFFDE
:10122000FFFFFFFFFFFFFFFFFFFFFFFFFFFFFFFFCE
:10123000FFFFFFFFFFFFFFFFFFFFFFFFFFFFFFFFBE
:10124000FFFFFFFFFFFFFFFFFFFFFFFFFFFFFFFFAE
:10125000FFFFFFFFFFFFFFFFFFFFFFFFFFFFFFFF9E
:10126000FFFFFFFFFFFFFFFFFFFFFFFFFFFFFFFF8E
:10127000FFFFFFFFFFFFFFFFFFFFFFFFFFFFFFFF7E
:10128000FFFFFFFFFFFFFFFFFFFFFFFFFFFFFFFF6E
:10129000FFFFFFFFFFFFFFFFFFFFFFFFFFFFFFFF5E
:1012A000FFFFFFFFFFFFFFFFFFFFFFFFFFFFFFFF4E
:1012B000FFFFFFFFFFFFFFFFFFFFFFFFFFFFFFFF3E
:1012C000FFFFFFFFFFFFFFFFFFFFFFFFFFFFFFFF2E
:1012D000FFFFFFFFFFFFFFFFFFFFFFFFFFFFFFFF1E
:1012E000FFFFFFFFFFFFFFFFFFFFFFFFFFFFFFFF0E
:1012F000FFFFFFFFFFFFFFFFFFFFFFFFFFFFFFFFFE
:10130000FFFFFFFFFFFFFFFFFFFFFFFFFFFFFFFFED
:10131000FFFFFFFFFFFFFFFFFFFFFFFFFFFFFFFFDD
:10132000FFFFFFFFFFFFFFFFFFFFFFFFFFFFFFFFCD
:10133000FFFFFFFFFFFFFFFFFFFFFFFFFFFFFFFFBD
:10134000FFFFFFFFFFFFFFFFFFFFFFFFFFFFFFFFAD
:10135000FFFFFFFFFFFFFFFFFFFFFFFFFFFFFFFF9D
:10136000FFFFFFFFFFFFFFFFFFFFFFFFFFFFFFFF8D
:10137000FFFFFFFFFFFFFFFFFFFFFFFFFFFFFFFF7D
:10138000FFFFFFFFFFFFFFFFFFFFFFFFFFFFFFFF6D
:10139000FFFFFFFFFFFFFFFFFFFFFFFFFFFFFFFF5D
:1013A000FFFFFFFFFFFFFFFFFFFFFFFFFFFFFFFF4D
:1013B000FFFFFFFFFFFFFFFFFFFFFFFFFFFFFFFF3D
:1013C000FFFFFFFFFFFFFFFFFFFFFFFFFFFFFFFF2D
:1013D000FFFFFFFFFFFFFFFFFFFFFFFFFFFFFFFF1D
:1013E000FFFFFFFFFFFFFFFFFFFFFFFFFFFFFFFF0D
:1013F000FFFFFFFFFFFFFFFFFFFFFFFFFFFFFFFFFD
:10140000824205D051F8043B40F8043B8242F9D8AF
:10141000704700BF044A05494FF0000342F8043BFF
:101420009142FBD8704700BFC0FE0020E0210120A0
:1014300080B5BFF34F8F01F03DFC544C544B082056
:101440005449C3F85401544AC3F800115348C3F82F
:10145000F0405349FFF7D4FF524A53495348FFF72E
:10146000CFFF534CFFF7D6FF4FF470004FF0E02151
:101470000023504AC1F8880D44F823200133B02BD3
:10148000FAD14D4B80214D4A03F8011B9342FBD109
:101490004FF0E0254A4F4B4A4FF0FF31C5F8084D59
:1014A0000026D5F8243D43F4E023C5F8243DFB692C
:1014B00023F07F0343F04003FB617B6A23F07F034B
:1014C00043F040037B629166D1661167516701F07A
:1014D000F9FB3D4B63223D49A3633D4BE36303238B
:1014E0006A613C4AAE612B61C5F8202DD5F8FC2D10
:1014F000394B42F08072C5F8FC2D1A6842F00102A7
:101500001A605B680B6001F0A1FD344801F098FFA0
:10151000F96E334B334A41F44051F9661E60C3F80B
:101520000861C3F81861C3F82861C3F83861936B88
:10153000DB0708D442F615632B4951651365936B9D
:1015400043F001039363274A284C936843F0011347
:10155000936001F041FC01F0DDFE01F09DFF01F020
:10156000A3FD01F0A9FB2368132BFCD901F034FE85
:101570002368B3F5967FFBD301F0A2FB01F09EFB3D
:1015800001F06EFF01F068FF30BFFDE70C0D111395
:1015900000800D401B101820F874020000000000AD
:1015A00074620060C0FE002070D70260000000205E
:1015B00000FC002051CD010000E400E0A0E400E0C8
:1015C00000C00F4000C00A4059E10100381D012051
:1015D0005DE1010000002020001000E00046C32370
:1015E0000040084000400D400000C056401D012052
:1015F000054B4FF42A01054A05485A641864054A08
:1016000099639546FFF714FF00C00A40FFABAAAAF2
:1016100007002000008005200F4B1B6813B915E060
:101620009B69A3B193F800C08445F9D110B45C68FC
:101630008C420DD09B6933B193F800C08445F6D03D
:101640009B69002BF8D15DF8044B704770477047D9
:101650005DF8044B5A617047A00D012038B5037A3C
:1016600004460D3B1B2B16D8DFE803F00E151515AD
:1016700015482944151515151515151515151515A4
:1016800015151515151515460D21002001F03CF80E
:101690001B4B186070B1012100236218084601F04D
:1016A00077FE40B10022217801F092FE6078FF3889
:1016B00018BF012038BDFF230020637038BD114DD5
:1016C000012100236218084601F062FE0028F2D0D2
:1016D0002178002201F07CFE237A0B4A190102EBEB
:1016E00003135258DB68C5E900236078FF3818BF40
:1016F000012038BD054DE3E7054DE1E7054DDFE786
:10170000F817012030010120E8750020E8170120BA
:10171000F0170120580101202DE9F84F0446002858
:1017200050D0DFF8D8A0DAF8000000284AD0DFF85F
:10173000D0B020462C4F9BF8B430DFF8C8805A0751
:1017400029492A4A44BF4FF0FF33FB62D8F80030E2
:101750005B0801F039FE002836D0B8684FF6FE79F4
:101760000925484512D90226204A1F49D8F80030D9
:10177000760020460135B3FBF6F301F025FEB8688C
:10178000484503D90F2D1849184AEFD19BF8B430BA
:1017900002462946DAF80000C3F3800300F0DCFFBC
:1017A00097F82030124A6FF3000387F82030A37AAD
:1017B00020460D4913F0010F626208BF002101F0BD
:1017C0001BFE0120BDE8F88FE36893F820305B062C
:1017D00005D50146636A9FED070A20469847002316
:1017E000054AA363E3E700BFFC170120C8160120E8
:1017F000A50F000000000000210E0000F8170120D6
:101800001416012060E6002038B504461C2001F0C3
:1018100033FEA8B1054661682068A268AC46E3685B
:10182000ACE80F0061692069074AACE8030013685F
:101830000021A9612BB11A469B69002BFBD1956150
:1018400038BD156038BD00BFA00D01202DE9F0475F
:10185000334C0F46334D9046237F002643F001035F
:10186000237755F8083C2046627FA3F1010115F863
:101870000E9C15F818ECB1FA81F1A36026710136BF
:101880004909E560C4F814902C3561F3041284F81A
:1018900005E04146627755F81C3C2361B8470F2E9E
:1018A000DFD1214D0223DFF878A005F50C79A38361
:1018B000EB68721C4146504633F0020C0FD095F88D
:1018C00008E095F800C026711646A3606A686B6947
:1018D000C4F814E0E26084F805C02361B8471C3501
:1018E0004D45E5D1114B1D68BDB1DFF8349005E0E1
:1018F000414648462361B847AD6975B1EA6826712B
:1019000001366B6962612A7862716868A060002B99
:10191000EED101F07DFD0346EAE7BDE8F08700BFA8
:10192000D00D0120A0EF0020CCF20020A00D01205E
:101930002DE9F043424C83B0424F814604F50C78C8
:1019400002E01C3444451CD0E36801210B2BF8D085
:10195000257A6668284601F01FFDE3682A0107EB37
:1019600005150C2BB958EA68C6E90012E9D162687E
:101970001C346B4610684445516803C3C0F8881096
:10198000E2D1314A0021314B31481960D36E43F422
:101990004053D3662F4BC0F828322F4D02222F4BD5
:1019A0004FF0E02485F87A204FF08062C4F80C21D3
:1019B000DA8B22F001021204120CDA834FF4835204
:1019C000D9809A8140229A82254AC0F860224FF439
:1019D000807285F88810C4F81021DA8B92B242F038
:1019E0000102DA831F4BC0F8B4321F4B0126D7F82F
:1019F000D400DA8B1D4C02F001021D4DDA8341F256
:101A00002422D9809A810522DA81DA8B92B242F0BF
:101A10000102DA830660484699F80030A3F1170303
:101A2000B3FA83F35B092370D5F80C31984730463D
:101A3000D5F888309847207803B0BDE8F08300BF20
:101A4000CCF20020E875002000C00F4000400840A4
:101A500000FC0020490D000000E400E000801E4072
:101A6000E50700004912000000001E408C21012003
:101A700098080120B04B1B78002B00F0C1812DE9A4
:101A8000F04F0C46AD4D002183B00646D5F890309E
:101A900008469847E10700F1B481A94AB0EE006A10
:101AA000A848938AA84923F03003D6ED437ADFEDA6
:101AB000A75A1B0477EEE57A1B0C938237EE866AF1
:101AC00002682B6AA248A1FB0343A1FB02129B0CF4
:101AD000920C07EE103A06EE902A95F80822B8EE1E
:101AE000C77AF8EEE66A920727EE067A67EEA67ADC
:101AF000BCEEC77AFCEEE77A80ED027A17EE903AF8
:101B0000C0ED007A00F13E8192498D4A9BB2C5F842
:101B100098101380938A904923F080031B041B0CB8
:101B2000938293899BB293818C4BC1F8603296F873
:101B300027114FF0E02296F828314FF00F0A884C19
:101B40004B40A4F51A7B13F0040F03F0010714BFF8
:101B50000221012113F0020F4FF00053019107F110
:101B60000107C2F8903114BF0223012300932269B8
:101B70000AF1FF3AB2F5801F06D02C2303FB0AB30B
:101B800019896FF3491119812378013B292B3ED81C
:101B9000DFE813F0F500F2003D003D003D00CE000F
:101BA0003D003D003D003D003D003D003D003D004D
:101BB0003D003D003D003D003D003D003D003D003D
:101BC0003D003D003D003D003D003D003D00BD00AD
:101BD000BD00BD003D003D00B000B000B0003D00C4
:101BE0003D002A002A002A0096F828312C2101986D
:101BF00013F0040F01FB0AB114BF02230123DB0021
:101C000043EA4013088920F47E7003430B8195F862
:101C1000083213F001030AD02C23A2F5807203FBD3
:101C20000AB3B2FA82F25B7A520942EAD3132C2247
:101C300002FB0AB2117A507A01F0180163F3C7105F
:101C4000082950720CBF02210321A07A01F0A4FBE5
:101C5000A369B3F1844F00F0CF80424A934200F071
:101C6000CD8002F58042934214BF032302236269B0
:101C700084F820301AB1A169E369116053602389A7
:101C800013F4787940F097802C3CBAF1000F7FF480
:101C90006EAF354CDFF8D880DFF8D890A4F1780724
:101CA00094F86100FF2819D094F862104246A9B157
:101CB00094F860301C2B29FA03FC02D81CF0010FA9
:101CC0000CD18B0707D0B6F89C10B4F864301942D9
:101CD00014BF02210121D5F86C319847183CBC4251
:101CE000DED14FF0E0234FF00052C3F8102103B0D3
:101CF000BDE8F08F96F828312C21009813F0020FE0
:101D000001FB0AB114BF02230123DB0078E796F838
:101D100028112C207B0101F0010100FB0AB00131E8
:101D200043EAC103018921F47E710B4303816EE70D
:101D30000E4B63616BE700BF8C21012098080120E6
:101D400000801E4060E6002083DE1B43CDCC4C3E6D
:101D5000001C0120BD01000000FC0020E507000080
:101D6000F0F100200040004210EC00206001012052
:101D7000D9100000004000142B4B636147E72B4B48
:101D8000636144E7D6ED447AF5EEC07AF1EE10FADD
:101D90007FF7BAAE77EEE57A2549F4EEE57AF1EE13
:101DA00010FA98BFDFED237A67EEA67AFCEEE77AA9
:101DB000C0ED017AA9E62C22204602FB0AB8B8F849
:101DC0000810C1F3441101F0DFFAA1690868E16964
:101DD000084214BF01210021B9F1800F88F82210B8
:101DE0003FF452AF98F82210B9F1400F18BF81F0BC
:101DF000010188F8221047E7002338E7012336E77E
:101E000070470D4C012194F9000001F039FBFFF7F8
:101E100083FC01F0C5FA94F9003098427FF43DAE9E
:101E200001F022FB39E600BF20010120280101203A
:101E300011030000CDCCCC3EFEF90020884B1A687F
:101E40002DE9F04F89B0002A00F00683854A8649C3
:101E50002C27864B864C874ED4630024864ADFF8B5
:101E6000C0B2126803C99980090C1860997183493E
:101E70005C71A1FB0212C1B2920CA1424FF07E51E3
:101E8000726218BF1A464FF48063F1617C4908BF43
:101E90002246B3627B4B7163F3637B4B7B49C6F88D
:101EA00084307B4BF2607B4AC6E922137A49B263E5
:101EB000C6F8A01079497A4A71677A497A4B7160FD
:101EC0007A49C6F80C21B160794A7A49C6E92523D6
:101ED0003161794B79497A4AC6F890307161794B12
:101EE0007949C6E91623B161784B7949794A31625B
:101EF000B367794B7949C6F8EC31794BF266794A88
:101F0000C6E91313784B7949C6E91023784B794A0F
:101F1000C6F8E431784BB164C6F8D8317749784BCC
:101F2000C6F8E021774AC6E96813774BC6E9512322
:101F300000F012FE00F032FE01F022FA01F0A8FAE1
:101F400096F80832714A032123F07F032046069257
:101F500043F07F030792C6F8142286F808326C4BD0
:101F60006C4AC6F8D0316C4B02F52578ADF81440B8
:101F7000ADF81840A6F81842C6F8D4311346674C9D
:101F8000DFF8ACE1DFF8A4C186F8AC1186F81A12CC
:101F900010E012F4C06F09D0DEF80420002A00F02F
:101FA000B8819EF8002001328EF800202C330130D9
:101FB00043454AD0574A07FB0022117941F00101FD
:101FC0001171117A41F00101117293F80AA01A6996
:101FD0004FEA0A11B2F5801F6158996104EB0A11AA
:101FE000C968D961D5D1DCF80420002A00F08E81BF
:101FF0009CF800900125474A09F13E0183F82190A1
:1020000007FB00221970918821F47E714904490C64
:1020100041F4034141F0F8019180117A65F3C40164
:10202000117209EB05023E498CF8002000220D7B5D
:10203000FF2DBBD0AA4500F0558101321831052A89
:10204000F5D12C3301304345B4D1364D0020DFF8B3
:10205000E4E02B4605F50C7CDFF8DC80324F75E0C0
:102060003C1D012000FC002050880020200D012094
:10207000710D00009808012064E6002083DE1B43F8
:10208000D1070000990D000025010000ED0B0000B4
:10209000B100000031190060A9000000FD0C000033
:1020A000751A006058880020BD0100006488002077
:1020B0006D0100006C8800207D00000094880020E5
:1020C000550A000019050000A088002045070000FF
:1020D00000366E01F1050000C1070000B9070000DD
:1020E000BD0700008D07000099070000AD07000044
:1020F000490A0000690000004D18006009180060DE
:1021000019160060E5090000CD0900000700020073
:102110009D09000088EF0020B5090000E875002047
:1021200010EC0020CCF20020700301206803012095
:10213000340B012088EC002060030120BAF10B0F62
:1021400000F0F7801C33013063453CD0C0EBC00287
:102150004FEAC00B05EB8202117C41F002011174C1
:102160001A7AD3F804901101D3F80CA06158BAF18F
:10217000090FC9F8001004EB0211C968C9F804106E
:10218000DCD17968002900F0E98097F800A04FF0D1
:102190000509DFF8DCB2AAF16F0103931970494613
:1021A000DBF844300139002B00F0B680ABF1100BA6
:1021B0000029F5D1039B1C330AF1010A0130634564
:1021C00087F800A0C2D1A649A64800F075F998F892
:1021D0000030002B40F03B81A34C01F029F9DFF8DF
:1021E000CC92DFF8CC8204F17805A04F6078FF280C
:1021F00000F0B9802369002B00F0D9800023621C15
:102200000120194601F0C4F80346002800F0CC80F4
:10221000DA685B69A2602246237312F8041B01F09E
:10222000D7F82378032B09D1236996F808223B605D
:10223000C2F30002597A62F3C71159721834A542E9
:10224000D4D18B4CDFF86C8204F1500765682046CE
:10225000012D00F0C380237AFF2B00F0DC8063782F
:10226000FF2B01D0FFF7FAF91034BC42EED18148C0
:1022700001F082F88049814801F0A2F8804B814C3E
:10228000187001F099F801211B2001F085F8012157
:10229000162001F081F801F0C3F840F20113024664
:1022A0001B201A4214BF01210021217001F094F873
:1022B0002378002B40F0C680734B744A186B744C23
:1022C000106030687349A0F10A00734A1C63B0FAC9
:1022D00080F0D3F8EC40C3F8EC2040090C6009B062
:1022E000BDE8F08F8D68002D7FF4A7AE02EB4202AF
:1022F0000BEBC2011BF832200E2A81F801900B6112
:102300007FF454AE4FF004028A704FE6CCF80430EC
:102310006EE6CEF8043044E69BF8489091457FF491
:1023200045AF0EEB0119039B89F801A0C9F80C30E9
:1023300041E7D8F804209AB1ABEB000B05EB8B0B0F
:102340009BF8112042F008028BF8112098F8002029
:10235000511C573A88F800101A70F3E67B6014E7B6
:10236000C8F80430E8E7A3784FF0000A03F01F0331
:102370005B0143F4804363F30F0A237BFE2B58D0A9
:10238000FF2B7FF45BAF52464B46002101200094A7
:1023900001F042F800283FF451AFB6F81032A2889D
:1023A0001343A6F8103249E7FF23637046E73B4A20
:1023B0000F2303E02C3A002B3FF420AFD2F8781221
:1023C000013BB1F5801FF5D192F889128142F1D11C
:1023D0002C22324902FB031323610FE743462946AF
:1023E0004FF4A0322846009401F016F800283FF47C
:1023F0003BAF621C00232946284600F0C9FF00229B
:10240000E06000283FF430AF217800F0E1FF204683
:10241000FFF724F928E7012143464FF48042009456
:10242000084600F0F9FF03462046002B3FF41CAF9E
:1024300018E74346524600210120009400F0ECFFCB
:10244000237B9DE70021162000F0C6FF34E71449E6
:10245000144800F0AFF8BFE6134AD16B1960F6E4F8
:10246000700301206803012010EC0020F404012017
:1024700088EC0020FCEC00203C940020A434006098
:10248000FEF900209521012068070120180D012088
:10249000750B0000080D01204D0B000088EF002097
:1024A000600301205803012000FC002059090000AE
:1024B00075000000F50A000010B50E4A86B090F8CD
:1024C00000E04068EC460C4B106048680B4A83F80B
:1024D00000E010600A4C0A78DA700FCCACE80F000C
:1024E00094E803008CE80300684600F081FF06B022
:1024F00010BD00BF78030120C40401208003012027
:10250000180700202DE9F04FDFF8A49083B0D0F831
:102510000C808246D9F8002008460E4608F10401D6
:102520005208019100F070FF074600B3D8F8082068
:102530004FF6FE7B09245A4512D902250199D9F894
:1025400000206D00304601910134B2FBF5F200F03D
:102550005BFFD8F808205A4502D90F2C0199EED11B
:102560002146D8F80000337E00F0F6F818B9384656
:1025700003B0BDE8F08F0C4A9AF80430D2789A4242
:1025800010D90A4AC3EBC303717E0746126881F073
:10259000010002EB8302537C60F3041361F34513E3
:1025A0005374E4E70746E2E7500301208403012067
:1025B00060E600202DE9F0473B4E3C4B3C4F3D4D43
:1025C0002DED028B02788CB032706C4642681A6036
:1025D0004B683B600B78F3700FCD0FC42B686846D7
:1025E000236000F0E1FE002859D0F378002B56D08C
:1025F000314A1C213D680020059211FB03512F4AEE
:102600002B4606900B9007920A92CDE908005A7C5F
:102610001C33D20648BF01308B42F8D1DFF8A490BA
:102620004FF0000828219FED268A00F0DDFE444689
:10263000C9F8000000E03D68C4EBC4035FFA84FA07
:1026400005EB83029D00537CDB061FD5D9F80030D3
:102650000020DBB1117A5FFA84FA00F055F80246E7
:1026600008EB880E08F1010C01207AB13B68D9F81B
:1026700000102B4441F83E20514683F81880E04674
:1026800000F0AEFE002205A9FFF73CFFB0EE480ABD
:10269000504600F08DFE0134F378A342CBD80CB045
:1026A000BDEC028BBDE8F087500301207C030120C4
:1026B000840301203007002000409C450000C842F0
:1026C00000000000EC0E0120362912D80B4B13F845
:1026D000310078B10A4A03EBC10113685BB1094AC2
:1026E00002EB830200E033B152F8040D013B884253
:1026F000F9D1002070470120704700BF185E0060CC
:10270000A40C0120F00E0120362917D80F4B13F826
:10271000310090B103EBC10070B40D4D0D4E2C682B
:1027200074B106EB8402234600E04BB152F8041D5D
:10273000013B8842F9D1002006E070470020704735
:10274000631C46F824002B6070BC7047185E006064
:10275000A40C0120F00E01202DE9F04190F801C0F9
:102760003725564C0CF0030C00E02DB1A04205F1CA
:10277000FF35A4F10804F8D190F800E0BEF1010F94
:1027800032D0BEF1020F05D0BEF1000018BF01200B
:10279000BDE8F08149024468002B42F2240601F4AE
:1027A000F05104EB4C1314BF0F270D270E430021EB
:1027B00092B29981DF814FEA4C17D980E2531A8295
:1027C0009E810123E28B03FA0CF313439BB2E38354
:1027D0003B4BC278BEF1000003EB051318BF01208C
:1027E0005B681A60BDE8F0814468364EB4425FD041
:1027F0004FD8A6F50046B44254D006F58046B44200
:1028000004D1314FBE6F46F44026BE6709010CEB80
:102810004C07CEB24FF4704104EB4717A4F88C116B
:102820000F2146F48066A4F88E110021A4F89011BF
:10283000B4F8881189B241F0F001A4F888114FF47E
:102840006041B980FE8023B181784FF480738B4062
:102850009BB20CEB4C0192B204EB41114B84002370
:102860000B867B804B81CA814B82CB824B83CB838F
:102870000123B4F8882103FA0CF313439BB2A4F8A4
:102880008831B4F888319BB243F47063A4F888317E
:102890009EE70E4EB442B9D10B4FBE6F46F44006D0
:1028A000BE67B3E7084FBE6F46F44036BE67ADE77C
:1028B000054FBE6F46F44016BE67A7E7C85F0060CD
:1028C000E875002000403E4000C00F4000803E40C0
:1028D00007EE901A9FED297A0422B6EE005AF8EE20
:1028E000677A9FED276A944641F6FF71C7EE275A33
:1028F00000B54FF0010E07EE902AF8EEE77A85EE6C
:10290000A77A77EE057AFDEEE77A17EE903A8B42DA
:10291000A8BF0B46012BB8BF012307EE903AF8EE93
:10292000E76A76EEC76AC6EE877AF5EEC07AF1EE10
:1029300010FA48BFF1EE677AF4EEC67AF1EE10FABB
:1029400003D8B0EE676A94469E460132212AD2D15E
:102950000CF1FF33BCF1080F02684FF00100CCBF4F
:102960004FF0000C4FF0010C1B064EEA4C4E03F0EA
:10297000F85343EA0E0313615DF804FB001BB74BE9
:10298000EC78AD6038B504464068354BA568026800
:102990002A43344D0260227D03EB0212D2E901206A
:1029A0000560A0691060E2690AB1206A106094F8BD
:1029B0002420D92503EB0213D3E901200560D4E9D3
:1029C0000A0310600BB1226B1A602046264DFFF7F8
:1029D0007FFF236800210120D960237B03F01F02C1
:1029E0004FEA531C103300FA02F245F82C202569F7
:1029F0001E4A42F823501E4B227B1E4DD154237B8E
:102A0000226803F01F015B0900FA01F145F8231069
:102A1000936A13F0700FC3F3021106D002208840AE
:102A20000F28D4BFC0F341010321936A9B0003F038
:102A30001C030F2B10D8DB0303F4403319434FF46E
:102A40007014D162936A43F088039362946153696E
:102A500023F08053536138BD4FF44033EEE700BF9D
:102A6000E875002038F0010080E100E000FC002063
:102A700000E400E000E100E070B5154EB37C9A0779
:102A800023D443F00203054613F04004B37405D089
:102A90002946104800F0DCFC0E4870BD40F20C42A4
:102AA00021460D4800F0C8FC4FF4027221460B4845
:102AB00000F0C2FC29460A48FFF764FFB378094AD0
:102AC00043F040031080B370E2E7002070BD00BF08
:102AD00008F900200460006014062020200A20204D
:102AE000D05F00608421012070B5154EB3789A073D
:102AF00023D443F00203054613F04004B37005D01D
:102B00002946104800F0A4FC0E4870BD40F20C426B
:102B100021460D4800F090FC4FF4027221460B480C
:102B200000F08AFC29460A48FFF72CFFB378094ACF
:102B300043F040031080B370E2E7002070BD00BF97
:102B400008F900205C600060000020200C042020B8
:102B50000CE400208821012038B50D4D0D4C05F105
:102B6000E400D4F8A031984705F1FC00D4F8A03176
:102B7000984705F58A70D4F8A031984705F5967006
:102B8000D4F8A03198470448BDE8384000F04CBC68
:102B9000D05F006098080120DCF9002010B5124CCD
:102BA00040F20C420021204600F046FC4FF48672B1
:102BB000002104F20C4000F03FFC04F58363C4F8EC
:102BC000143400F055FCB0F5807F084A084928BF4E
:102BD0004FF48070A0F11403106D08600549064899
:102BE000C4F81034116510BD280C2020680701209E
:102BF000F00C012011BF0100146100602B4A00217C
:102C0000012310B4C2F8A000C2F8A410C2F8B0307A
:102C10005369DB07FCD501234FF48034234953610A
:102C2000C2F8A000C2F8A440C2F8B0304B69DC077B
:102C3000FCD501234FF400341C4A4B61C1F8A000BD
:102C4000C1F8A440C1F8B0305369D907FCD50123BD
:102C5000174C16495361C2F8A000C2F8A440C2F84C
:102C6000B0304B69DB07FCD5D1F8003145F60D508B
:102C700021249AB24C61824214D045F69D518A4279
:102C80000CD1C3F34253032B0CD0A3F104035DF822
:102C9000044BB3FA83F35B091801704700205DF819
:102CA000044B704708205DF8044B704700402A40F1
:102CB00004000300704700BF704700BF704700BFAB
:102CC00000BF704710B44FF0E023002110243248B9
:102CD000C3F8941DC3F89C4D1124C3F8A00D2F48D0
:102CE000C3F89C4D1224C3F8A00D2D48C3F89C4D89
:102CF0002C4AC3F8A00D2C4C42F015022B48C3F807
:102D00009C4DC3F8A00D2A4C2A48C3F89C4DC3F82B
:102D1000A00D294CC3F89C2D2848294AC3F8A04D82
:102D2000C3F89C0DC3F8A02D02F5A022254C0C324F
:102D30002548C3F89C4DC3F8A02D244AC3F89C0D28
:102D4000C3F8A02D02F14062214C02322148C3F8A1
:102D50009C4DC3F8A02D0A32C3F89C0DC3F8A02DDA
:102D600000BF00BF00BF00BF00BF0122C3F8942D09
:102D7000BFF34F8FBFF36F8FC3F8501FBFF34F8F59
:102D8000BFF36F8FD3F8142D5DF8044B42F440323B
:102D9000C3F8142D704700BF3F000010250008073E
:102DA00009001000E021012013002000210002078B
:102DB0001400002025000813090000101600202030
:102DC00027000B1317000040180000602F000B07AE
:102DD000190000701A000080F0B5824B1822824D55
:102DE0000120824F83B0C3F85C528149C3F86072FE
:102DF000804CC3F86452A5F530457F4EC3F8685245
:102E000048F20C75C3F86C42C3F87042C3F87442C0
:102E1000C3F878424FF0FF34DA661A675A679A6748
:102E2000DA67C3F88020C3F88420C3F88820C1F88B
:102E30002C03724AC1F83003C1F83403C1F83803D7
:102E4000C1F83C03C1F85003B1696D4B0A406D48AD
:102E50006D4913436D4AB361D6F8843043F00C03D7
:102E6000C6F88430036843F00203036003682B4014
:102E700021251A43664B026044608A68654C134002
:102E8000654A43F000538360C36823F07803C3604E
:102E9000036A134023430362036A13405F4A2343D8
:102EA00040F2056443628262C2620022D1F8B83007
:102EB00023F03F0343F00103C0F8B830D1F8BC3031
:102EC000574923F03F0343F00103C0F8BC300261CF
:102ED0000567C0F880404567C0F884400224036855
:102EE00023F00203036081614E4B4F49C46143F8F4
:102EF000042B8B42FBD1434D2B6843F001032B6025
:102F00002C6814F00104FBD14549022340F2F5621C
:102F10002046A96140F29941EB6140F26643C5F851
:102F2000002242F20142C5F81032404BC5F820128F
:102F3000C5F8303240F23543C5F834223C49C5F873
:102F400040323C4BC5F850123B4AC5F8543242F26D
:102F50000123C5F86022C5F86432FFF74FFE06462C
:102F6000002836D083024FF480222B660123C5F857
:102F7000A040244CC5F8A420C5F8B0306369DA0736
:102F8000FCD50125370565613846FFF737FE321855
:102F90002A4BD2B21A7078B180024FF480231949BB
:102FA0006066C4F8A070C4F8A430C4F8B0504B698F
:102FB000DB07FCD501234B61214900242148012373
:102FC0000094401A00EB02521F4800F05DFA03B073
:102FD000F0BD1D4B194A18601070D860C3E901009C
:102FE00003B0F0BD00801F40F9B00100F9100100EE
:102FF00000841F40F970010000C00F40FFFCFF1F5C
:103000000003008000402A4000802A401200FFFF99
:10301000FF37F7004000008000FFF07CFF000F83C7
:10302000F05AF05A00422A4000432A409F041830C8
:10303000EB06180A063201263806180A99210120E3
:10304000000000700000007064050120F0B4154A13
:1030500040274FF480314FF480564FF400554FF421
:10306000404443F24200136913F0020F0ED113F4EF
:10307000005F0FD013F4805F0ED0002BF3DA13F44F
:10308000803F0BD15B060BD5F0BC7047946151615A
:103090009061E8E75561E6E75661E4E79161E2E7B0
:1030A0005761E0E700800D403F4A03203F49F3EEBF
:1030B000095AD2F880304FF0000C9FED3D6A23F0A2
:1030C00001039FED3C5A30B4C2F88030C2F8900042
:1030D000D1F8E010384DCBB2384C39482B6007EEB0
:1030E000903A0B0DC1F30B21F8EEE77A06EE903A19
:1030F00007EE101A334BB8EEC77A2160F8EEE66A95
:10310000314937EEC66A37EEC55A76EEC76A77EEB2
:10311000E57A26EE266AC3ED006A25EE265AD2F835
:10312000803067EEA64AC0ED007AC6EE275A2748DF
:1031300085EE276AC4EEA76A75EE875AFCEEE55A5B
:1031400036EE076A15EE904ABCEEC66A43EA0453AF
:1031500076EE877AC2F8803016EE103AD2F89041B7
:10316000FCEEE77A01EA0341214317EE903AC2F8F8
:103170009011C3F30B03D2F890110B431449C2F81A
:103180009031D2F8803043F00203C2F88030114B06
:1031900080F840C0C1F840314FF0E023012230BC3C
:1031A000C3F80821704700BF00810D4000441F4054
:1031B0000000AA420000B442701301206C130120E9
:1031C00074130120781301200000FF0F00E400E0D9
:1031D00000FC002039CF0100314B40F6617210B580
:1031E000C3F8202140F2044400F02EF92D4A2E4964
:1031F000D2F880302D4843F00303C2F880302C4BC6
:10320000C1F8604102681A4203D1D1F8A8319A0787
:103210001BD0254A4FF00041244B5963D2F840316E
:1032200043F00203C2F84031D2F840319B07FBD48F
:103230004FF400304FF0E0211C4B4FF00042C1F83A
:103240008C0219209A6300F0DBF8184A4FF0804096
:10325000154C002190630A20164B11604FF4207228
:10326000C4F8A801184600F0E7F84FF480020346BE
:103270004FF4810040F243111860C4F858311A64C9
:103280000D4B0E4AC4F84811C3F804224FF0E02257
:103290004FF400310123C2F80C11C4F8403110BDC5
:1032A00000800D4000C00F4000002E4000900D40F7
:1032B000001C1E000000002000FC002021D10100A5
:1032C00008B50E4B1B6E9B0700D4FBBE72B60C4BB1
:1032D00000200C4AC3F8400103F160430A49A3F5FA
:1032E0005F2311649D46BFF34F8F4FF400130748CF
:1032F000074ADB6902609B68984700BF00441F4093
:1033000000002E4000C00A40030020000080202062
:10331000000012EB104BA020104AD96E41F440314E
:1033200010B4D96640F23764D96E41F44071D96661
:1033300054649064936C1B06FCD4094A40F23761D4
:10334000A02351649364936C13F08003FBD1054A6E
:1033500013705DF8044B704700C00F4000400C40F4
:1033600000800C4092210120F8B500BFF8BC08BCD9
:103370009E467047000000005FF800F0259C0100A9
:103380005FF800F0718E01005FF800F0691700002F
:103390005FF800F0858000005FF800F0F9C60100DA
:1033A0005FF800F00D5F01005FF800F03585000068
:1033B0005FF800F001B601005FF800F049B20000CC
:1033C0005FF800F0DD5D01005FF800F0CD66010000
:1033D0005FF800F00D8200005FF800F0A5C6010064
:1033E0005FF800F071B601005FF800F0BD25020043
:1033F0005FF800F0C18500005FF800F0655F010034
:103400005FF800F0A9C501005FF800F081860000B8
:103410005FF800F0A91A00005FF800F0A183000037
:103420005FF800F0E96C01005FF800F0A98C010082
:103430005FF800F0996700005FF800F0F91A0200E9
:103440005FF800F08DC201005FF800F091D8010034
:103450005FF800F0998E01005FF800F0A1CB010049
:103460005FF800F0BD2002005FF800F0816001000D
:103470005FF800F059DF01005FF800F08D130200E3
:103480005FF800F0B55E01005FF800F0C1E30100F5
:103490005FF800F0C5C701005FF800F081E20100AD
:0434A00045000000E3
:1034A400000B00000000000000001B0100000000F1
:1034B4000000000000000000000000000000000008
:1034C40019170060A50F0000E9060000E1060000DE
:1034D400E10E0000000000000000000000000000F9
:1034E40000000000D0880020CD0B00000300000085
:1034F400D488002001000000E888002002000000B9
:103504005C89002003000000D4890020040000002E
:10351400488A002005000000E48A0020060000001C
:10352400488B002007000000788B00200800000072
:10353400B48B002009000000208C00200A00000049
:10354400AC8C00200B000000CC8C00200C00000090
:10355400088D00200D000000388D00200E000000B2
:10356400708D00200F000000A48D002010000000CA
:10357400508E002011000000708E00201200000008
:10358400808E002013000000A08E00201400000094
:10359400CC8E002000000000188F002001000000E5
:1035A400208F0020020000002C8F00200300000068
:1035B40084D9002004000000388F0020050000009A
:1035C400488F002006000000588F002007000000EC
:1035D400688F0020080000007C8F00200900000094
:1035E400888F00200A000000988F00200B00000044
:1035F400A88F00200D000000B88F00200E000000EE
:10360400CC8F00200F000000D48F00201000000099
:10361400E48F002011000000F48F00201700000048
:1036240004900020180000001490002019000000ED
:10363400249000201A000000349000201B00000099
:103644003C9000201C000000509000200C00000062
:103654005C9000201D000000749000201E000000FB
:10366400849000201F0000009090002020000000A3
:10367400A090002021000000AC9000202200000057
:10368400B490002023000000C0900020240000001B
:10369400CC90002025000000DC90002026000000D3
:1036A400E890002027000000F0900020280000008F
:1036B400FC90002029000000089100202A0000004E
:1036C400189100202B000000249100202C00000001
:1036D4002C9100203C000000389100203D000000A7
:1036E400489100203E000000589100203F00000057
:1036F400649100204000000070910020410000000F
:103704007C910020420000008891002043000000CA
:103714009491002044000000A09100204500000086
:10372400AC91002046000000B89100204700000042
:10373400C491002048000000D091002049000000FE
:10374400DC9100204A000000E89100204B000000BA
:10375400F49100204C000000009200204D00000075
:103764000C9200204E000000189200204F00000030
:1037740024920020500000003092002051000000EC
:103784003C920020520000004892002053000000A8
:103794005492002054000000609200205500000064
:1037A4006C92002056000000789200205700000020
:1037B40088920020580000009892002059000000D0
:1037C400A89200205A000000B89200205B0000007C
:1037D400C89200205C000000D89200205D00000028
:1037E400E89200205E000000F89200205F000000D4
:1037F4000093002060000000089300206100000096
:103804001093002062000000189300206300000061
:103814002093002069000000289300206A00000023
:10382400309300206B000000389300206C000000EF
:10383400409300206D000000489300206E000000BB
:10384400509300207D000000589300207E0000006B
:10385400689300207F00000078930020800000001F
:1038640084930020810000009093002087000000D2
:103874009C93002074000000A893002075000000B1
:10388400B493002076000000C0930020770000006D
:10389400CC93002078000000D89300207900000029
:1038A400E49300207A000000F09300207B000000E5
:1038B400FC9300207C000000089400208900000094
:1038C400149400208A000000209400208B00000043
:1038D400349400208C000000409400208D000000EF
:1038E400509400208E000000649400208F0000009B
:1038F40074940020900000007C940020910000004B
:103904008494002092000000909400209300000012
:103914009C94002094000000A894002095000000CE
:10392400B494002096000000C0940020970000008A
:10393400CC94002098000000D89400209900000046
:10394400E49400209A000000F09400209B00000002
:10395400FC9400209C000000089500209D000000BD
:10396400149500209E000000209500209F00000078
:103974002C950020A000000038950020A000000035
:1039840044950020A100000050950020A2000000F2
:103994005C950020A300000068950020A4000000AE
:1039A40074950020A500000080950020A60000006A
:1039B4008C950020A700000098950020A900000025
:1039C400A4950020AA000000B8950020AB000000D8
:1039D400CC950020AC000000E0950020AD00000074
:1039E400F4950020AE00000008960020AF0000000F
:1039F4001C960020B000000030960020B1000000AA
:103A040044960020B200000048960020B300000055
:103A140050960020B400000058960020B500000025
:103A240060960020B600000068960020B7000000F1
:103A340078960020B80000008C960020B9000000A1
:103A44009C960020BA000000AC960020BB00000049
:103A5400B4960020BC000000BC960020BD0000000D
:103A6400C4960020BE000000CC960020BF000000D9
:103A7400D8960020C0000000E4960020C100000099
:103A8400F4960020C200000000970020C30000004C
:103A940008970020C400000010970020C500000013
:103AA40018970020C600000028970020C7000000D7
:103AB40034970020C800000038970020C900000097
:103AC4003C970020CA00000040970020CB00000073
:103AD40058970020CC00000060970020CD00000023
:103AE40068970020CE00000074970020CF000000EB
:103AF40080970020D000000088970020D1000000AB
:103B040090970020D200000098970020D300000076
:103B1400A0970020D4000000A8970020D500000042
:103B2400B0970020D6000000B8970020D70000000E
:103B3400C097002000000000000000000100000009
:103B4400C8970020020000000C9800200300000029
:103B54005C980020040000009098002005000000FC
:103B6400C898002006000000089900200700000003
:103B740044990020080000009099002009000000EA
:103B8400F49900200A000000309A00200B00000085
:103B94006C9A00200C000000B89A00200D00000070
:103BA400009B00200E0000003C9B00200F00000042
:103BB400849B002010000000C89B0020110000001E
:103BC400009C002012000000209C00201300000034
:103BD400309C002014000000449C002015000000CC
:103BE4007C9C002016000000C09C002017000000F0
:103BF400F09C002018000000249D00201900000003
:103C04006C9D00201A000000949D00201B00000001
:103C1400F09D00201C000000109E00201D000000EC
:103C2400449E00201E000000789E00201F0000001B
:103C3400A89E002020000000F49E00202100000027
:103C44002C9F002022000000509F00202300000031
:103C5400709F002024000000AC9F0020250000007D
:103C6400D09F00202600000024A000202700000090
:103C740070A000202800000084A00020290000007B
:103C8400BCA000202A00000004A100202B0000009A
:103C940024A100202C00000040A100202D000000E1
:103CA40054A100202E0000008CA100202F00000051
:103CB400A8A1002030000000E4A100203100000091
:103CC400FCA100203200000034A2002033000000D8
:103CD400708E0020340000004CA20020350000004B
:103CE4006CA2002036000000B0A2002037000000C3
:103CF400DCA200203800000014A3002039000000DA
:103D040034A300203A00000054A300204D0000001A
:103D14006CA300204E00000088A300204F00000088
:103D240098A3002054000000C4A30020FD0000005C
:103D3400DCA3002056000000F8A3002000000000CF
:103D4400000000000000000000000000000000006F
:103D5400000000000000000000000000FC0501203D
:103D640004000000000601200400000004060120F5
:103D740004000000F005012004000000F405012007
:103D840004000000F8050120040000000000000009
:103D94000000000060060120020000000000000096
:103DA400000000000C0601200400000000000000D8
:103DB40000000000000000000000000000000000FF
:103DC4000000000014060120040000001806012071
:103DD400040000001C060120040000006406012009
:103DE40002000000000000000000000000000000CD
:103DF4000000000000000000000000003806012060
:103E0400040000003C0601200400000040060120DC
:103E14000400000078060020D00600200000000006
:103E2400508600200100000078A400200200000059
:103E34008CA4002003000000A0A4002004000000C3
:103E4400B4A4002005000000BCA40020060000006B
:103E5400C8A4002007000000D4A40020080000002B
:103E6400E4A4002009000000ECA400200A000000E3
:103E740000A500200B00000014A500200C00000089
:103E840020A500200D00000050A500200E00000019
:103E940068A500200F00000088A500201000000085
:103EA400B4A5002011000000E0A5002012000000CD
:103EB40000A60020130000003CA60020140200000D
:103EC40058A60020150000007CA600201600000063
:103ED4005CD700201700000098A60020C513CD135E
:103EE40031B40000CE13CE134DB2000029143114A6
:103EF400EDB300003D144514A9B3000047144F145A
:103F0400F5B400005A145A14E1B200005B146314AF
:103F1400F5B2000064146414C5B2000065146E1494
:103F240041B300007914821441B300008D14961437
:103F340041B30000A114AA1441B30000B514BE1487
:103F440041B30000C914D21441B30000DD14E614D7
:103F540041B30000F114FA1441B3000005150E1525
:103F640041B30000171517156DB200001815181588
:103F74007DB200001915211591B200002C153415DD
:103F84002DB50000DF15DF1529B30000C8A60020F9
:103F94000000000000000000D0A600200100000086
:103FA40000000000D8A6002002000000000000006D
:103FB400E0A600200300000000000000F0A600209E
:103FC4000400000000000000F8A600200500000026
:103FD4000000000000A70020060000000000000010
:103FE40008A70020070000000000000014A700201C
:103FF400080000000000000020A7002009000000C5
:104004000000000030A700200A00000000000000AB
:1040140040A700200B0000000000000054A700206F
:104024000C0000000000000064A700200D00000048
:104034000000000074A700200E0000000000000033
:1040440084A700200F0000000000000098A70020B3
:104054001000000000000000A8A7002011000000CC
:1040640000000000BCA700201200000000000000B7
:10407400D0A700201300000000000000E4A70020E7
:104084001400000000000000FCA700201500000040
:104094000000000010A8002016000000000000002E
:1040A4001CA80020170000000000000028A8002021
:1040B400180000000000000030A8002019000000D3
:1040C4000000000038A800201A00000000000000D2
:1040D40048A800201B0000000000000058A8002091
:1040E4001C0000000000000068A800201D00000063
:1040F4000000000074A800201E0000000000000062
:104104007CA800201F0000000000000088A80020F8
:10411400200000000000000090A800202100000002
:1041240000000000A4A700202200000000000000FE
:10413400A0A800202300000000000000A8A8002080
:104144002400000000000000B0A8002025000000AA
:1041540000000000B8A800202600000000000000B5
:10416400C0A800202700000000000000C8A800200C
:10417400280000000000000084A80020290000009E
:10418400000000008CA800202A00000000000000AD
:1041940094A800202B000000000000009CA8002030
:1041A4002C00000000000000A4A800202D00000046
:1041B40000000000ACA800202E0000000000000059
:1041C400B4A800202F00000000000000BCA80020BC
:1041D4003000000000000000C4A8002031000000EE
:1041E40000000000CCA80020320000000000000005
:1041F400DCA800203300000000000000ECA8002030
:104204003400000000000000FCA80020350000007D
:104214000000000010A9002036000000000000008B
:104224001CA9002037000000000000002CA9002079
:1042340038000000000000003CA900203900000004
:104244000000000050A900203A0000000000000017
:1042540060A900203B000000000000006CA90020C1
:104264003C00000000000000C47C00203D00000071
:10427400000000001F1C1F1E1F1E1F1F1E1F1E1FCD
:10428400170BF8030AD7233C6F12033B000000000E
:1042940000000000000064000000000004000000B2
:1042A4000000C84100004843000048430000F041BA
:1042B4000000984200F20547E00F974B0A8F98C41C
:1042C4000000000000C09E443333CB419A063150B5
:1042D400000000000000984200F20547E00F974BF1
:1042E400B87A18C50000000000C09E443333CB41A7
:1042F4009A063150000000000000CE4200409C4568
:104304000055D74A0000B2C20000000000C09E441D
:104314003333CB419C577C4F000000000000000069
:1043240000000000000003000B0B00000000000070
:10433400000000000000000000007A4400000000BB
:1043440000409C4500000000000000000000C8423E
:10435400000000000000C07F00000000000000001A
:104364000000C07F00000000000000000000C07FCB
:1043740000000000000000000000C07F00000000FA
:1043840000000000000000000000000000002041C8
:1043940000000000FF00000078100000D040600022
:1043A40000000000000001000007000000020000FF
:1043B4000000A0C00000FA430000C8420000A04072
:1043C40001000000000080400000803F0000000069
:1043D40000000000000000000000000000000000D9
:1043E40000000000000000000000000000000000C9
:1043F4000000000000000000000000005C8F22406C
:104404000000A0400000C84100002040FA00010064
:10441400030104030000000000000000000000008D
:104424000000000000000000000000000000000088
:10443400000000009CA90020010000007CAA0020CC
:1044440002000000F4AA0020030000001CAB0020BE
:104454000400000048AB002005000000FCAB002075
:104464000600000024AC00200900000048AC002035
:1044740008000000ECAC00200A0000008CAD002015
:104484000B00000088AE00200C000000E0AE00200D
:104494000D00000054AF00200E000000B0AF00205B
:1044A4000F00000050B000201000000084B0002075
:1044B40011000000CCB000201200000094B10020D4
:1044C40013000000F8B10020140000005CB20020CA
:1044D40015000000BCB20020160000005CB30020F0
:1044E40017000000F4B40020180000005CB50020A0
:1044F40019000000ACB500201A000000FCB5002033
:104504001B00000048B600201C000000ACB60020D0
:104514001D000000E0B600201E00000040B700208F
:104524001F00000080B700202000000010B8002009
:104534002100000098B8002022000000B0B800203C
:1045440023000000E0B800202400000010B900207F
:104554002500000040B900202600000078B90020A2
:1045640027000000A0B900202800000038BA00206D
:104574002900000070BA00202A000000A4BA00201C
:104584002B000000D8BA00202C0000000CBB002037
:104594002D0000002CBB00202E0000004CBB00208E
:1045A400320000006CBB0020330000009CBB0020E4
:1045B40034000000CCBB002035000000FCBB002010
:1045C4003600000024BC00203700000024BC00207A
:1045D4003800000048BC0020390000008CBC0020DA
:1045E4003A000000C0BC00203B00000004BD0020D5
:1045F4003C0000003CBD00203D00000070BD0020D8
:104604003E00000024BE00203F00000038BE002011
:104614004000000078BE002041000000A0BE002041
:104624005A000000508600205B00000050860020E5
:104634005C000000508600205F00000008BF0020DE
:104644006400000030BF0020650000005CBF002053
:104654006E00000084BF002078000000ACBF002082
:104664008200000000C00020A000000080C00020E4
:10467400AA000000A8C00020B40000005CB500201F
:10468400BE000000ACB5002054010000F0C00020C2
:1046940055010000F8C100205601000078C4002034
:1046A40057010000B4C40020580100000CC50020CC
:1046B4005901000060C500205A010000A8C500206F
:1046C4005B01000018C700205C01000050C70020F7
:1046D4005D01000078C7002080010000A0C7002011
:1046E40088010000E4C70020890100003CC80020C4
:1046F4008A01000094C800208B01000028C9002012
:104704008E01000048C90020E101000070C90020AA
:10471400E2010000B4C90020E4010000D0C9002077
:10472400E601000028CA00201B0200005CCA002029
:1047340007020000F0CA00208A02000024CB0020F7
:104744009F02000044CB0020A10200006CCB00209B
:10475400A4020000A0CB0020A8020000C8CB0020C7
:104764000000230020CC002030CC002006000000F4
:10477400E0CF0020101C0120000000000500000014
:1047840019310100D14101000000000000000000C7
:104794000100230040CC002050CC00200B0000007E
:1047A40060CC00200000000068CC00200400000061
:1047B4002817012000000000000000000000000095
:1047C4000200230070CC0020000000000400000060
:1047D40000000000000000000000000004000000D1
:1047E4001817012000000000000000000000000075
:1047F4000300230084CC002000000000040000001B
:1048040000000000000000000000000004000000A0
:104814001917012000000000000000000000000043
:10482400040023009CCC00200000000004000000D1
:104834000000000000000000000000000400000070
:104844001B17012000000000000000000000000011
:1048540005000300BCCC00200000000004000000A0
:104864000000000000000000000000000400000040
:104874003B170120000000000000000000000000C1
:1048840006000C00D0CC0020000000000100000055
:104894006CF800200000000000000000050000008B
:1048A400E9380100193D01007539010000000000DC
:1048B40007000600E4CC0020000000000000000017
:1048C40000000000000000000000000005000000DF
:1048D400A9310100193D01007539010000000000F3
:1048E40008002300F0CC00200000000001000000BC
:1048F40088EE00200000000000000000030000001B
:1049040029310100193D0100753901000000000042
:104914000900060010CD0020000000000200000085
:1049240024CD00200000000000000000030000006F
:1049340091410100193D010075390100000000009A
:104944000A0001006CCD00200000000001000000FE
:1049540084CD0020000000000000000003000000DF
:1049640099310100193D0100000000000000000021
:104974000B00010070CE002084CE00200600000051
:1049840088CE0020000000000000000004000000A9
:1049940018160120000000000000000000000000C4
:1049A4000C00010094CE002084CE002006000000FC
:1049B40088CE002000000000000000000400000079
:1049C4001C16012000000000000000000000000090
:1049D4000D000100A4CE0020000000000000000033
:1049E40000000000000000000000000005000000BE
:1049F4004D390100193D01000000000000000000D5
:104A04000E000200B8CE00200000000001000000EB
:104A140014ED00200000000000000000070000006A
:104A24006D450100193D01007539010000000000C9
:104A34000F000500D0CE002000000000010000009F
:104A4400C4ED00200000000000000000020000008F
:104A5400B616012000000000000000000000000065
:104A640010000600E8CE0020000000000100000055
:104A740094F9002000000000000000000300000082
:104A840039450100193D010075390100010000009C
:104A94001100020000CF002000000000010000000F
:104AA40014ED0020000000000000000003000000DE
:104AB400C5380100193D01007539010000000000EE
:104AC4001200030020CF00200000000004000000BA
:104AD40000000000000000000000000002000000D0
:104AE4003C1701200000000000000000000000004E
:104AF40013000C003CCF0020000000000100000067
:104B04006CF8002000000000000000000500000018
:104B140081380100193D01007539010000000000D1
:104B24001400030058CF0020000000000000000023
:104B3400000000000000000000000000050000006C
:104B440041320100193D0100000000000000000096
:104B5400150003006CCF00200000000002000000DC
:104B640080CF0020000000000000000007000000CB
:104B7400B1320100193D01000000000000000000F6
:104B840016000B0094CF002000000000020000007B
:104B9400A0EE00200000000000000000070000005C
:104BA4000D490100193D0100000000000000000053
:104BB40017000B00A4CF0020000000000400000038
:104BC40000000000000000000000000004000000DD
:104BD400A4170120000000000000000000000000F5
:104BE40018000B00BCCF0020D4CF0020060000002A
:104BF400DCCF0020000000000000000005000000E1
:104C0400A5330100D14101000000000000000000B4
:104C140019000B00E8CF0020D4CF002006000000CC
:104C2400DCCF0020000000000000000005000000B0
:104C3400A5330100D1410100000000000000000084
:104C44001A000B0000D0002050CC00200B00000004
:104C540020D000200000000000000000040000003C
:104C6400A017012000000000000000000000000068
:104C74001B000B0024D0002084CE0020060000007E
:104C840088CE0020000000000000000005000000A5
:104C9400CD450100D14101000000000000000000EA
:104CA4001C00010044D0002084CE00200600000037
:104CB40088CE002000000000000000000200000078
:104CC4002016012000000000000000000000000089
:104CD4001D0023005CD0002030CC00200600000022
:104CE400E0CF0020000000007C95002002000000BE
:104CF4002417012000000000000000000000000054
:104D04001E00060068D0002080D0002006000000AD
:104D140088CE002000000000000000000400000015
:104D2400CC160120000000007539010000000000CD
:104D34001F00060084D0002080D000200600000060
:104D440088CE0020000000000000000004000000E5
:104D5400D016012000000000753901000000000099
:104D6400200001009CD0002000000000030000008F
:104D7400B0D000200000000000000000050000008A
:104D840011370100193D010000000000000000007F
:104D940021000600D0D00020E8D00020060000004A
:104DA400ECD0002000000000000000000200000021
:104DB400D416012000000000753901000000000035
:104DC40022000600F4D000200CD1002006000000D0
:104DD40014D10020000000001CD1002002000000BB
:104DE400D816012000000000753901000000000001
:104DF4002300060020D100200CD100200600000072
:104E040014D10020000000001CD10020020000008A
:104E1400DC160120000000007539010000000000CC
:104E24002400060038D100200CD100200600000028
:104E340014D10020000000001CD10020020000005A
:104E4400E016012000000000753901000000000098
:104E54002500230050D100200000000004000000C1
:104E6400000000000000000000000000030000003B
:104E740055310100193D0100000000000000000050
:104E8400260006006CD10020000000000B0000008A
:104E940090D100200000000000000000020000008B
:104EA400BE16012000000000753901000100000059
:104EB4002700010098D1002000000000000000003D
:104EC40000000000000000000000000003000000DB
:104ED4003D330100193D0100000000000000000006
:104EE40028000E00B4D100200000000000000000E3
:104EF40000000000000000000000000003000000AB
:104F040011330100193D0100000000000000000001
:104F140029000D00C8D1002000000000020000009C
:104F2400D8D10020000000000000000003000000B1
:104F340059330100193D0100000000000000000089
:104F44002A000D0014D2002000000000030000001D
:104F540024D2002000000000000000000200000035
:104F640041170120000000000000000000000000C4
:104F74002B000B002CD20020000000000A000000CF
:104F840020D00020989400203CD200200200000091
:104F9400A517012000000000000000000000000030
:104FA4002C000B0040D20020000000000400000090
:104FB40000000000000000000000000003000000EA
:104FC400F9360100193D0100000000000000000056
:104FD4002D000B005CD20020000000000400000043
:104FE40000000000000000000000000003000000BA
:104FF400F9360100193D0100000000000000000026
:105004002E000B0078D200200000000004000000F5
:105014000000000000000000000000000300000089
:10502400F9360100193D01000000000000000000F5
:1050340038000D0094D2002084CE00200600000029
:10504400B0D20020000000000000000002000000B8
:1050540050170120000000000000000000000000C4
:1050640039000D00B8D20020D4CF00200600000083
:10507400B0D2002000000000000000000200000088
:105084004C17012000000000000000000000000098
:105094003A000D00D0D2002084CE0020060000008B
:1050A400E0D20020E8D2002000000000020000004E
:1050B4004417012000000000000000000000000070
:1050C4003B000D00F0D20020D4CF002006000000E9
:1050D400B0D2002000000000000000000200000028
:1050E400481701200000000000000000000000003C
:1050F4003C00010004D30020000000000000000078
:105104000000000000000000000000000300000098
:1051140089330100193D0100000000000000000077
:105124003D000D0018D30020000000000100000025
:105134000CEE00200000000000000000020000004F
:105144005417012000000000753901000000000020
:105154003E0001002CD300200000000000000000ED
:105164000000000000000000000000000300000038
:10517400E5330100193D010075390100000000000C
:105184003F0001003CD300200000000001000000AB
:1051940050D30020000000000000000003000000C5
:1051A40001340100193D010000000000000000006E
:1051B4004000010098D3002000000000000000001F
:1051C40000000000000000000000000003000000D8
:1051D40099340100193D01000000000000000000A6
:1051E40041000C00ACD300200000000001000000CE
:1051F40088F8002000000000000000000300000008
:10520400B5340100193D01007539010000000000AA
:105214005A000700BCD30020000000000600000074
:10522400D0D30020000000000000000002000000B5
:105234006017012000000000F54F0100000000008D
:105244005B000700DCD30020000000000600000023
:10525400D0D3002000000000000000000200000085
:105264006417012000000000F54F01000000000059
:105274005C000700F0D300200000000006000000DE
:10528400D0D3002000000000000000000200000055
:105294006817012000000000F54F01000000000025
:1052A4005F00070004D40020000000000600000096
:1052B400D0D3002000000000000000000200000025
:1052C4007017012000000000F54F010000000000ED
:1052D40064002B0024D40020F0EC00200600000021
:1052E4003CD4002000000000000000000500000085
:1052F400F5450100D1410100000000000C00000050
:105304006E002B004CD40020E8EC002006000000C6
:1053140088CE00200000000000000000050000000E
:10532400F5450100D1410100000000000C0000001F
:1053340078002B0060D40020D8EC00200600000088
:1053440088CE0020000000000000000005000000DE
:10535400F5450100D1410100000000000C000000EF
:1053640082002B0074D40020E4EC0020060000002E
:1053740088CE0020000000000000000005000000AE
:10538400F5450100D1410100000000000C000000BF
:10539400A0002B008CD40020E4EC002006000000C8
:1053A4003CD40020000000000000000003000000C6
:1053B400F5450100D1410100000000000C0000008F
:1053C400AA002B00A8D4002084CE002006000000F0
:1053D400C0D40020C8D4002004950020030000009D
:1053E400F5450100D1410100753901000C000000B0
:1053F400B4002B00CCD40020E8EC00200600000010
:1054040090D1002000000000000000000100000016
:10541400F5450100D1410100753901000C0000007F
:10542400BE002B00ECD40020E8EC002006000000B5
:1054340090D10020000000000000000001000000E6
:10544400F5450100D1410100753901000C0000004F
:10545400540106000CD500200CD1002006000000E9
:1054640014D1002000000000000000000300000030
:10547400AD350100D1410100753901000000000083
:105484005501090028D50020000000000300000099
:105494003CD50020000000000000000003000000D4
:1054A400C5360100193D01007539010000000000F6
:1054B4005601090094D5002084CE00200600000087
:1054C400DCCF00200000000000000000030000000A
:1054D40045350100D141010075390100000000008B
:1054E40057010900B4D50020D4CF002006000000E5
:1054F400DCCF0020000000000000000002000000DB
:10550400341601200000000075390100000000007D
:1055140058010900D4D50020D4CF00200600000093
:10552400DCCF0020000000000000000002000000AA
:105534003816012000000000753901000000000049
:1055440059010900F4D50020D4CF00200600000042
:10555400DCCF00200000000000000000020000007A
:105564003C16012000000000753901000000000015
:105574005A01090014D600200000000001000000B8
:1055840028D60020000000000000000003000000F6
:1055940065350100193D0100753901000000000066
:1055A4005B0104006CD600200CD100200600000032
:1055B40014D100208C9400201CD100200200000093
:1055C400941701200000000075390100000000005C
:1055D4005C01040084D6002084CE00200600000074
:1055E40088CE00200000000000000000020000003F
:1055F4009C17012000000000753901000000000024
:105604005D010400A0D6002084CE00200600000026
:1056140088CE00200000000000000000020000000E
:1056240098170120000000007539010000000000F7
:1056340080010100BCD60020000000000000000032
:105644000000000000000000000000000300000053
:105654007D340100193D010000000000000000003D
:1056640088010D00D4D60020B0D10020060000002F
:10567400E0CF002098A900207C95002002000000C3
:105684005817012000000000000000000200000084
:1056940089010D00E8D60020B0D1002006000000EA
:1056A400E0CF002098A900207C9500200200000093
:1056B4005C17012000000000000000000200000050
:1056C4008A010600D4D60020B0D1002006000000D4
:1056D400E0CF002098A900207C9500200300000062
:1056E400AD350100D141010075390100020000000F
:1056F4008B010600FCD6002000000000030000001F
:10570400C818012000000000000000000300000091
:1057140085360100193D01007539010001000000C2
:105724008E0101000CD70020000000000B000000D7
:1057340060CC0020A483002024D7002002000000B5
:105744002A160120000000000000000001000000F3
:10575400E10101002CD7002040D700200B000000FD
:1057640090D100201CD1002024D700200300000089
:1057740079310100193D0100000000000300000020
:10578400E401010044D700200000000000000000F4
:105794000000000000000000000000000300000002
:1057A40065320100193D0100753901000000000057
:1057B400E501090064D7002000000000000000009B
:1057C40000000000000000000000000003000000D2
:1057D40095320100193D01000000000000000000A6
:1057E400E601010084D70020000000000100000051
:1057F4009CD7002000000000000000000200000010
:105804003817012000000000000000000000000024
:1058140007020600B0D700200000000003000000CB
:10582400C818012000000000000000000300000070
:105834004D360100193D01007539010000000000DA
:105844001B020600C0D70020B0D1002006000000D3
:10585400E0CF002098A900207C95002003000000E0
:10586400AD350100D141010075390100020000008D
:105874008A020100D4D700200000000001000000CB
:1058840050EE0020000000000000000002000000B4
:1058940039170120000000007539010000000000E4
:1058A4009F020300ECD70020000000000400000069
:1058B40000000000000000000000000002000000E2
:1058C400B41601200000000075390100000000003A
:1058D400A1020500E8D60020B0D100200600000097
:1058E400E0CF002098A900207C9500200300000050
:1058F400AD350100D14101007539010002000000FD
:10590400E602230000D8002000000000040000008C
:105914000000000000000000000000000200000081
:10592400AC170120000000007539010000000000E0
:10593400E70223001CD8002000000000040000003F
:105944000000000000000000000000000200000051
:10595400AD170120000000007539010000000000AF
:10596400E802230038D800200000000004000000F2
:105974000000000000000000000000000200000021
:10598400AE1701200000000075390100000000007E
:10599400E902230054D800200000000004000000A5
:1059A40000000000000000000000000002000000F1
:1059B400AF1701200000000075390100000000004D
:1059C400A402010070D800200000000001000000C3
:1059D40080D8002000000000000000000300000048
:1059E4002D340100193D01000000000000000000FA
:1059F400A8022300F0D8002040D700200B000000AC
:105A040020D000200000000008D90020020000007F
:105A1400B217012000000000000000000000000098
:105A2400000000000CD90020153101000001000025
:105A340014D9002015310100000200001CD90020F7
:105A440000000000000300002CD90020000000002A
:105A54000304000034D90020000000000005000009
:105A640040D90020000000000006000048D90020B2
:105A7400000000000607000050D9002000000000CC
:105A84000009000060D9002000000000000B0000A5
:105A94006CD9002000000000000C000074D9002024
:105AA40000000000000D00007CD900200000000070
:105AB400000E000090D90020000000000023000028
:105AC40098D900200000000000240000A0D9002084
:105AD40000000000002A0000B0D9002015310100A8
:105AE4002A2B0000B8D90020153101002A2C00000F
:105AF400C0D90020153101002A2D0000C8D900208A
:105B04001531010007000500A9870100000000000D
:105B14000000000054960020D99701000300000003
:105B2400D0D90020E4D900202D900100000000000D
:105B3400E8D9002004DA00205D980100020000008A
:105B440008DA00201C8500202199010002000000D1
:105B540068DA002008DB00206D97010002000000D5
:105B64000CDB002028DB002001980100020000006B
:105B74002CDB00205C9600202D8F01000500000026
:105B8400CD930100EC830020D18E010005000000BC
:105B9400CD93010064DB0020898F01000500000023
:105BA400CD93010088A90020359501000100000073
:105BB40068DB0020BC930020699501000000000010
:105BC4008CDB00209C7F00204D9701000400000026
:105BD400259401009CDB0020559701000000000083
:105BE40000000000A0DB00205D9701000000000021
:105BF40000000000A4DB0020659701000000000005
:105C040000000000A8DB0020112C010003000000AC
:105C1400ACDB0020A8E00020659301000200000036
:105C2400CCDB002010DC00205D93010003000000A9
:105C34001CDC002040DC0020559301000300000020
:105C44004CDC002074DC00206D9301000100000096
:105C540078DC00208CDC0020B998010001000000F1
:105C640090DC0020ACDC0020519301000100000016
:105C7400B0DC0020007E0020ED9401000200000052
:105C8400C4DC002004DD0020359301000300000083
:105C940008DD00202CDD0020D19201000600000068
:105CA4004D900100047E0020759201000300000065
:105CB40030DD002048DD00206D920100000000006E
:105CC4004CDD00206CDD0020659201000000000026
:105CD40070DD002090DD00205591010003000000DC
:105CE40094DD0020A8DD00204D9101000300000098
:105CF400ACDD0020D0DD0020659101000300000030
:105D0400D4DD0020ECDD00205D91010003000000E3
:105D1400F0DD002018DE00206D910100030000007A
:105D24001CDE002038DE0020B591010003000000D5
:105D34003CDE002050DE0020A99101000300000099
:105D440054DE002078DE00209D9101000300000055
:105D54007CDE0020A4DE0020759101000300000019
:105D6400A8DE0020D4DE0020792D01000700000009
:105D7400FD8F0100DCDE0020912E010007000000F1
:105D8400D1900100E8DE00200D2E01000300000088
:105D9400F0DE002010DF0020452B0100030000008E
:105DA40014DF002038DF0020C92B010003000000AD
:105DB4003CDF002058DF0020C92C01000400000053
:105DC400619401005CDF0020AD900100040000003C
:105DD4006194010060DF0020992F0100070000009A
:105DE400E58F010064DF0020259101000700000019
:105DF400159001006CDF0020B19401000600000042
:105E0400A193010070DF0020E9900100030000006D
:105E140078DF00200101000400C03D4001000004BF
:105E240000C03D400132020100803E4001320101C8
:105E340000803E400110020100003E4001110201B9
:105E440000003E400112020200003E400103010630
:105E540000C03D400103020600C03D4001120102A2
:105E640000003E400200000100C01D40020200018B
:105E740000C01D400201000100C01D4002100001CD
:105E840000001E400222000100401E4002230001C7
:105E940000401E4000000000000000000000000060
:105EA400000000000221000100401E400220000109
:105EB40000401E4000000000000000000000000040
:105EC400000000000130020100803E400131020167
:105ED40000803E400102000400C03D400103000474
:105EE40000C03D4000000000000000000000000071
:105EF400000000000121010100403E400121020197
:105F040000403E40000000000000000000000000CF
:105F1400000000000000000000000000011001016A
:105F240000003E40000000000000000000000000EF
:105F3400000000000113020600003E4001130106A8
:105F440000003E40000000000000000000000000CF
:105F5400000000000000000000000000000000003D
:105F6400000000000101010100C03D4001010201E7
:105F740000C03D400100010100C03D40010002019C
:105F840000C03D400102010100C03D400102020188
:105F940000C03D40000000000000000000000000C0
:105FA40000000000000000000000000001230101C7
:105FB40000403E400000000000000000000000001F
:105FC400000000000120020100403E400040184053
:105FD4007CC00F400000000314000000A5BC0100B9
:105FE4001900000002000000000000000000000092
:105FF4001800000002000000000000000000000083
:10600400000100004187010029BB01000DBC010013
:106014000000000095BB010089BC0100D1BA010059
:106024004DBB010065BB010095BC010081BD0100B1
:1060340025BC0100B9BD01000DBB01003DBC010040
:10604400FDBA010075BC0100D9BD010000000000CB
:106054000000000000000000000000004187010073
:106064009DB8010069B9010000000000F1B8010009
:10607400E5B9010051B80100BDB80100CDB8010077
:10608400F1B901008DBD010081B9010099BD010084
:1060940085B8010099B9010075B80100D1B90100B2
:1060A40009BE010000000000000000000000000024
:1060B400C700000010000000000000000000000005
:1060C4000000000000000000C800000010000000F4
:1060D40000000000010000000200000000000000B9
:1060E400C7000000110000000000000019000000BB
:1060F4000000000000000000C800000011000000C3
:106104000000000018000000020000000000000071
:106114000000020039BE010091BE010055C2010019
:106124000000000061C20100F5BE0100CDBE010007
:10613400E9BF0100ADBE010001BF0100DDBF0100E8
:10614400FDBF01000000000079BE01000000000056
:10615400000000000000000000000000000000003B
:106164000000000000000000160355005300420028
:106174002000530065007200690061006C0000009B
:1061840018035400650065006E0073007900640014
:10619400750069006E006F000403090409026200BF
:1061A400030100C032080B000202020100090400CE
:1061B400000102020100052400100105240101016F
:1061C40004240206052406000107058203100010BA
:1061D40009040100020A0000000705030240000050
:1061E400070584024000000904020002FF6AFF0060
:1061F400070581024000010705010240000100007B
:1062040009026200030100C032080B00020202010D
:106214000009040000010202010005240010010528
:106224002401010104240206052406000107058255
:106234000310000509040100020A00000007050319
:1062440002000200070584020002000904020002A1
:10625400FF6AC70007058102000201070501020069
:10626400020100000A060002EF02014001000000E2
:10627400000000000000000000000000000000001A
:10628400000000000000000000000000000000000A
:106294000548064B1B1AD90F01EBA301491002D084
:1062A400034B03B118477047C0FE0020C0FE002016
:1062B4000000000008B5054B1BB105490548AFF3C4
:1062C4000080BDE80840FFF7E3BF00BF0000000006
:1062D400D40C012000E40360014B1868704700BF30
:1062E400401D012001205170704700BFC0B2012938
:1062F400074B94BF80F00702072211F0FD0F1A70BC
:106304000CBF80F007000720024B1870704700BFD5
:1063140058F200205CF200204FF00200704700BFEA
:10632400174B184A93F807315840C3B2C007D2E953
:10633400001217D5C1F88420134913F0020F134A31
:10634400D1E9000114D0C0F88410D2E90012C1F8D8
:10635400842013F0040F0E4BD3E9002305D0C2F8B8
:1063640084307047C1F88820E6E7C2F88830704767
:10637400C0F88810D2E90012C1F88820E9E700BF0C
:1063840014160120200501202805012030050120D4
:106394003805012010B50E4C00214FF00700D4F849
:1063A4008C309847226A0B490B4BA1FB021252090D
:1063B400C3F80021D3F80C2142F00102C3F80C21E8
:1063C400D3F8082142F00302C3F8082110BD00BF2E
:1063D40098080120D34D621000400840104AB0F5DF
:1063E400801FD2F8083123F00103C2F8083114D217
:1063F4000C4B9B68984238BF1846094BC3F8000100
:10640400D3F80C2142F00102C3F80C21D3F808217F
:1064140042F00102C3F8082170470348EDE700BFCA
:1064240000400840001C0120FFFF0F00437810B417
:106434005BB347494FF0000CC37891F8052180F80D
:1064440001C05340434A13F0010FD2E9004268D11E
:10645400C4F8882013F0020F3F4AD2E9004268D002
:10646400C4F8842013F0040F3C4AD2E9004268D0F7
:10647400C4F8842091F80621534013F0020F384BDE
:10648400D3E9002360D0C2F8843083786BB33549F4
:106494002F4A3548097892F80421007819400340BE
:1064A40051405A40CC07314BD3E9000320D4C0F803
:1064B40088308C072E4BD3E9000320D512F0020F4D
:1064C400C0F884302B4BD3E9002320D0C2F88430A9
:1064D4004907294BD3E9002320D5C2F88430274A41
:1064E40093899BB243F4005393815DF8044B704746
:1064F400C0F884308C071E4BD3E90003DED412F0BD
:10650400020FC0F888301B4BD3E90023DED1C2F858
:1065140088304907184BD3E90023DED4C2F8883009
:10652400DDE7C4F8842013F0020F0B4AD2E90042DD
:1065340096D1C4F8882013F0040F084AD2E9004227
:1065440096D1C4F8882095E7C2F888309DE700BF4B
:1065540014160120CC040120D4040120E4040120F9
:10656400DC04012058F200205CF20020E01B012032
:10657400E81B0120F01B0120F81B012000801E40B5
:106584004178002935D18278002A31D06F4B704987
:1065940070481B7891F804110078134002404B4076
:1065A400514013F0010F6C4AD2E9000273D1C0F8D4
:1065B400882013F0020F694AD2E9000273D011F067
:1065C400020FC0F88420664AD2E9001273D013F097
:1065D400040F644BC1F88420D3E9002373D0C2F8BC
:1065E4008430614A93899BB243F40053938170478A
:1065F400704730B4564CC37894F8052153405B4A35
:1066040013F0010FD2E9005232D1C5F8882013F0FB
:10661400020F574AD2E9005232D0C5F8842013F051
:10662400040F544AD2E9005232D0C5F8842094F8B9
:106634000621534013F0020F4F4BD3E9002345D0FA
:10664400C2F8843083787BB1194242D04B494C4A1A
:106654004C4C0B73C2F86042434A8B881380938975
:106664009BB243F400539381002330BC43707047C2
:10667400C5F8842013F0020F3D4AD2E90052CCD170
:10668400C5F8882013F0040F3A4AD2E90052CCD15D
:10669400C5F88820CBE7C0F8842013F0020F2F4AF6
:1066A400D2E900028BD111F0020FC0F888202C4AE5
:1066B400D2E900128BD113F0040F2A4BC1F88820C1
:1066C400D3E900238BD1C2F888308AE7C2F8883036
:1066D400B8E71E4A1F4D127894F804111A402C781A
:1066E4004A402340D50781EA03011B4BD3E9004309
:1066F4001FD4C4F88830194B9507D3E9004321D53A
:10670400C4F88430164B11F0020FD3E9001316D0ED
:10671400C1F88430134B12F0040FD3E900230BD0DB
:10672400C2F88430104A93899BB243F40053938196
:106734009AE7C4F88430DEE7C2F88830F2E7C1F89B
:106744008830E7E7C4F88830DCE700BF58F200205F
:10675400141601205CF20020E01B0120E81B01203C
:10676400F01B0120F81B012000801E40CC040120F6
:10677400D4040120E4040120DC040120001C0120D5
:1067840000FC002069080000304B3149D3E90002C5
:1067940030B4006882B02F4D0024104295F82731A0
:1067A400009414BF012000200C68DAB24968246800
:1067B40060F3000228480C428DF80030D1B28DF805
:1067C400002018BF4FF0010C244A08BF4FF0000C02
:1067D4008DF80230D0E900406CF3410124688DF853
:1067E4000010D9B20442D2E9004014BF01220022B1
:1067F400246862F341019DF8002004428DF80210E0
:1068040014BF0121002161F382028DF8002043B1FD
:106814009DF80210D2B25A404B408DF800208DF8FA
:106824000230009B00205FFA83FCC3F30721C3F30B
:1068340007421B0E6CF3070061F30F2062F317404D
:1068440063F31F6002B030BC704700BF3801012001
:1068540040010120141601204801012050010120AB
:106864003249334A3348F8B5D1E90041324B246800
:10687400B0F89C500C42D2E9001214BF0124002449
:1068840009681142D3E9002314BF012100211268D1
:106894001A422B4664F3861314BF0122002261F3CB
:1068A400410362F38203254A127852072DED028BCD
:1068B40031D590F89C2082F00802C2F3C00262F342
:1068C400C3032DBB9DB21E4C1E4F9FED1F8AA4F126
:1068D400780694F87430B0EE480A002201209BB187
:1068E40094F86110B4F86430FF2925EA030508D050
:1068F400D7F858319847012803D1B4F864302B43B2
:106904009DB2183CB442E4D12846BDEC028BF8BDDC
:106914005D40ADB2D7E70D4A1268D2E906120968A4
:10692400114214BF01220022C9E700BF6001012007
:10693400280101201416012020010120C004012097
:1069440010EC00209808012000000000F40401204D
:10695400C0680021836E184730B4134C134B42684F
:1069640093F8B43012491846127AD4E90054C2F3A9
:1069740000022D68254214BF0124002464F30000A2
:10698400D1E9004124680C4214BF0121002161F3C4
:1069940041004340C3F30001184642EA010330BCFE
:1069A40063F30000704700BFF017012014160120A4
:1069B400E81701200E4B0F4A0F4810B4D3E90041E9
:1069C40090F8A200246803460C42D2E9004114BFA7
:1069D40001220022246862F300030C425DF8044B98
:1069E40014BF0122002262F341035840704700BFE4
:1069F40030010120580101201416012072B60368E9
:106A04001943016062B67047034672B600681A689B
:106A140022EA0101196062B6704700BF034672B6EC
:106A24000068196062B6704762B6704772B6704704
:106A34004FF0E023014AC3F80C2D70470400FA0517
:106A4400024B03481B68C01A704700BF78E6002059
:106A5400000028201A491B4A8B8A92F8042123F04B
:106A64001003D0074FEA03434FEA13438B82164BBC
:106A7400D3E9001317D5C1F88430144912F0020F7A
:106A8400134BD1E9000114D0C0F88410D3E90013EA
:106A9400C1F884300F4B12F0040FD3E9002305D062
:106AA400C2F884307047C1F88830E6E7C2F888300D
:106AB4007047C0F88810D3E90013C1F88830E9E7BB
:106AC40000801E4014160120E01B0120E81B012059
:106AD400F01B0120F81B0120304A3148938A3149C8
:106AE40023F0100391F804111B0410B41B0C2E4C5A
:106AF4009382027B23782D4C134094F800C04B40C2
:106B040002EA0C0213F0010F81EA0201284AD2E9D9
:106B1400004228D0C4F8842013F0020F254AD2E999
:106B2400004228D011F0020FC4F88420224AD2E98E
:106B3400001228D013F0040F204BC1F88420D3E9AD
:106B4400002328D0C2F884301D4B1E4AC3F86022AB
:106B5400124A03885DF8044B138093899BB243F473
:106B6400005393817047C4F8882013F0020F114A30
:106B7400D2E90042D6D111F0020FC4F888200E4A9F
:106B8400D2E90012D6D113F0040F0C4BC1F88820BF
:106B9400D3E90023D6D1C2F88830D5E700801E405F
:106BA400001C01201416012058F200205CF2002081
:106BB400E01B0120E81B0120F01B0120F81B012031
:106BC40000FC0020E507000030B5002383B08C46AC
:106BD4001446054619460DF1070201208DF807C039
:106BE40007F088FB60B19DF80730224628466370A1
:106BF400E9686B69A160237312F8041B07F03EFC7B
:106C04006078FF3818BF012003B030BD08B5044BCD
:106C14000021D3F8B0211BF06FFF012008BD00BF95
:106C24009808012008B5044B0021D3F8B0211CF0CA
:106C3400DFF8012008BD00BF9808012010B5044BFF
:106C440001241C7020F004FA1CF096F9204610BDB3
:106C5400A821012030B5174D83B02B7813B91846FD
:106C640003B030BD04461CF075F9002302466846A3
:106C7400CDE900231FF034FD234600F1200ED0F8A7
:106C840000C0103050F80C4C103350F8081C50F869
:106C9400042C704543F810CC43F80C4C43F8081C02
:106CA40043F8042CEBD102681A602B78184603B021
:106CB40030BD00BFA821012008B51BF001FE002152
:106CC40008BD00BF2DE9F04F804683B0DFF89090F7
:106CD4004FF02C0A88F0010708468B4699F80040CB
:106CE40000F0CEFF0190013CD9F804600AFB04F5E2
:106CF4007219D2E906329A61B8F1000F02D05FFA34
:106D04008BF151B9D7B15969012721EA02025A61BD
:106D1400002CE8D103B0BDE8F08F705D00F038FFBF
:106D2400D9F80420C0B22A441369B3F5007F0CD00B
:106D34009DF805301842D2E90632E4D1596900279A
:106D44000A435A61002CCED1E4E79DF8043018427E
:106D5400D2E90632D7D1596900270A435A61F1E7CB
:106D6400340B0120536810B5012B82B014468DF802
:106D7400071012D0107800F0A9FF012103460DF18D
:106D84000702084607F0B6FA58B19DF8070060708C
:106D9400FF3818BF012002B010BD127A43699A422D
:106DA40005D06078FF3818BF012002B010BD836A97
:106DB400002BF6D09DF807006070E9E7074B01222D
:106DC4000021162010B51A701BF0A4FD044B1B689B
:106DD40013B1BDE81040184710BD00BFA721012022
:106DE400080D0120124B1B6810B5044603B19847E7
:106DF40040F201130F4A1C40137814BF01210021F3
:106E04008B420AD10C4C237803B910BD0021162003
:106E14001BF080FD0023237010BD1B2011701BF09C
:106E240079FD002CEED0002116201BF073FDE9E75C
:106E3400180D012095210120A721012008B5022168
:106E440004480FF0F1FD044B00216420DB6B9847EC
:106E540026F076FC5879002098080120394AD2F8A7
:106E6400083123F00303C2F80831002847D0364A1A
:106E7400364992F8043113F0010FD1E900013FD1F2
:106E8400C0F8881013F0020F3149D1E900013FD056
:106E9400C0F8841013F0040F2E492F4BD1E90001E0
:106EA400C0F88410D3E900133FD0C1F8843092F8BD
:106EB40005312A4913F0010FD1E900013ED0C0F891
:106EC4008410274913F0020FD1E9000133D0C0F830
:106ED4008410244913F0040FD1E9000128D0C0F82C
:106EE400841092F80621534013F0020F1E4BD3E98D
:106EF400002302D0C2F884307047C2F8883070474B
:106F0400C0F8841013F0020F1149D1E90001BFD178
:106F1400C0F8881013F0040F0E490F4BD1E900019B
:106F2400C0F88810D3E90013BFD1C1F88830BEE798
:106F3400C0F88810D5E7C0F88810CAE7C0F88810F0
:106F4400BFE700BF0040084014160120E01B0120E9
:106F5400E81B0120F01B0120F81B0120CC040120B8
:106F6400D4040120E4040120DC0401200F4B104A66
:106F740093F8A2305840C3B2C007D2E900120AD530
:106F840013F0020F0B4BC1F88420D3E900230AD07D
:106F9400C2F88430704713F0020F064BC1F8882002
:106FA400D3E90023F4D1C2F88830704714160120C5
:106FB4003001012058010120074BD3F80C21D207DE
:106FC40009D5D3F80C21054942F00102D1F89C10EF
:106FD400C3F80C2108477047004008409808012076
:106FE40038B5074B074C1B68984723683BB12568A5
:106FF400013D25601DB963680BB19847656038BDD4
:107004003C1D01209008012028B170B50C4C206073
:10701400616049B170BD0A4B1A6812B1012258600F
:107024001A6001B1084770472368002BF2D0054E5F
:10703400756D15F091FFA8472368002BF8D170BD3A
:10704400900801206807012090F820309B070CD598
:10705400818983680D4A5B1A51809BB2138293899C
:107064009BB243F4005393817047084A9389C3F356
:107074000C039381D38923F008031B041B0CD381D5
:10708400D3899BB243F00403D381704700001E40B0
:1070940010B411F0010417D1C26892F8203064F3DF
:1070A400861313F0040F82F82030264B93F8B43083
:1070B4002FD013F0020F244BD3E900232FD05DF817
:1070C400044BC2F8843070471E4CC1F340011E4A81
:1070D40094F8B430C3F340039942D2E900312ED07E
:1070E400C3F88410C36893F8201049071CD594F89A
:1070F400B41011F0020FD2E900121DD0C1F888209B
:1071040093F820205DF8044B42F0400283F82020DD
:10711400704713F0010F0D4BD3E90023CFD15DF875
:10712400044BC2F88830704794F8B42012F0010F71
:10713400064AD2E90012E1D1C1F88420E0E7C3F89D
:107144008810CFE714160120E8170120F01701205A
:10715400C068C3688B4290F8203010D003F0480216
:10716400082A31D0836889B25B1A264A9BB25180BF
:10717400138293899BB243F40053938170471A0797
:1071840017D56FF38613DAB213F0040F80F82030AA
:107194001D4B93F8B4300ED013F0020F1B4BD3E900
:1071A40000130ED1C1F888309306E7D5818B83682C
:1071B400DAE7FFF749BF13F0010F154BD3E90013CA
:1071C400F0D0C1F88430EFE713F0040F0E4B93F8BE
:1071D400B4300ED013F0020F0C4BD3E900230ED0C1
:1071E400C2F8883090F8203043F0400380F8203013
:1071F400B8E713F0010F064BD3E90023F0D1C2F82E
:107204008430EFE700001E4014160120E817012027
:10721400F017012038B5C368044693F820205007BE
:1072240050D58D071AD5B5EE400AF1EE10FA2ED1DD
:1072340012072CD5414893F820206FF3861251078A
:1072440083F8202090F8B4306ED513F0020F3C4B35
:10725400D3E900236ED0C2F8843038BD93F82020DF
:107264006FF3861212F0040F83F82020334A92F849
:10727400B42049D112F0010F324AD2E9001249D0A8
:107284001846C1F88420BDE83840FFF7DDBE2B4A1C
:1072940092F8B42012F0020F294AD2E9001230D039
:1072A400C1F8882093F8202000219D6E184642F0F2
:1072B400400283F82020A84701462046BDE8384014
:1072C400FFF746BFC807C9D51C48C1F3400190F871
:1072D400B450C5F34005A9421949D1E9005120D061
:1072E400C5F88410B5EE400AF1EE10FA01D1150785
:1072F400A1D490F8B42012F0010F124AD2E900127E
:10730400CED1C1F88420CDE712F0020F0C4AD2E9A5
:107314000012B5D11846C1F88820BDE83840FFF7FF
:1073240093BEC5F88810DDE713F0010F054BD3E9D0
:10733400002390D1C2F8883038BD00BF1416012054
:10734400E8170120F01701202DE9F041504C0523E6
:10735400214622462DED028B92F861C0013B183A7A
:10736400604505D0002BF7D1BDEC028BBDE8F08160
:1073740003EB430301EBC3039E889B783546042B40
:107384000BD0002EF0D0290419D5424F3B6F28466C
:10739400BDEC028BBDE8F04118473E4F01469FED1E
:1073A4003E0A0022D7F8583101209847B0FA80F0FD
:1073B400400960F3CF35AEB2002EE4D1D4E73748AC
:1073C400374F3849384AB7F89C50D0E900C02B46AB
:1073D400DCF800C01CEA000FD1E90001D0F800E09D
:1073E400D2E900C014BF01220022DCF800C01EEA6A
:1073F400010F62F386132D4A14BF01210021127874
:107404001CEA000F61F3410314BF0121002152075C
:1074140061F382032ED4264A1268D2E9061209685F
:10742400114214BF0122002262F3C30365BB9DB263
:10743400DFF88080174F9FED188A94F87430B0EE0F
:10744400480A0022A3B194F861100120B4F8643012
:10745400FF2925EA030508D0D7F8583198470128B1
:1074640003D1B4F864302B439DB2183C4445E4D1B5
:1074740035438BE797F89C2082F00802C2F3C002E0
:1074840062F3C303002DD2D05D40ADB2D0E700BF9C
:1074940010EC002098080120000000006001012089
:1074A400141601202801012020010120C00401201C
:1074B400F404012098EB00202DE9F0474FF0844EAE
:1074C400DFF8E0C2A74C0F25DEF818004FF0000AE1
:1074D400DEF81430A44F1840A44EDFF8A4922DED2A
:1074E400028B86B00290DCF81810DCF814301940D6
:1074F4000391A26963691A400492BB69D7F81480A6
:1075040003EA0803DFF8A0820593CEF81800CCF84C
:107514001810A26106F51A74BB612C2708E02369D0
:10752400B3F5801F0BD0B442A4F12C0323D01C4626
:10753400013D07FB05631B8913F4787FEFD094F8B2
:10754400203006A9E26901EB830353F8103C13428F
:10755400E9D007FB056301215A7A83F82210D20986
:1075640015D12369B3F5801F2BD0B4424AEA030A2C
:10757400A4F12C03DBD11AF4C06F40F088801AF414
:10758400807F22D106B0BDEC028BBDE8F0872822B3
:107594002146404605F03AFA0028E2D0D4E9061222
:1075A4004B6923EA02034B612378032B00F0C58067
:1075B400CD2BB8D199F8003043F0080389F8003096
:1075C400B1E720461AF0EEF8ADE7694B694A6A491B
:1075D400DFF8CC81D3E90003D2E9004200682468D3
:1075E4001842664BD8F8707014BF01200020144272
:1075F400B1F89C20D3E9005413462D6860F3861338
:1076040014BF01200020254260F341035C4814BFED
:1076140001240024007864F38203400700F194807D
:1076240058490968D1E906010068084214BF0121DC
:10763400002161F3C303002A40F091809DB2524CB3
:107644009FED528AA4F1780694F87430B0EE480A9B
:10765400002201209BB194F86110B4F86430FF2932
:1076640025EA030508D0D8F858319847012803D1F2
:10767400B4F864302B439DB2183CB442E4D128469C
:107684003B4606B0BDEC028BBDE8F0471847404BC3
:107694000020394C0090D3E9001294F8273109688E
:1076A4008DF8003011423B49DAB28DF80230086897
:1076B40018BF0124496808BF0024006864F300026D
:1076C400084235498DF80020D2B214BF01240024A9
:1076D400D1E9000164F3410200688DF800200842FA
:1076E4002E4AD9B214BF0120002060F34101D2E92F
:1076F40000028DF80210006810429DF8002014BFAB
:107704000121002161F382028DF8002043B19DF82C
:107714000210D2B25A404B408DF800208DF802304E
:107724000098019007F024FFC0B200283FF427AF6F
:107734001B4B00981B6E984721E799F8003043F0E3
:10774400040389F80030EEE691F89C1081F00801FA
:10775400C1F3C00161F3C303002A3FF46FAF5A4081
:1077640095B26CE70080004200C0004288EF002020
:1077740060010120280101201416012020010120AC
:10778400C0040120F404012010EC002000000000DB
:10779400380101204001012048010120500101204D
:1077A40098080120004000423D1500002DE9F043F7
:1077B4002DED028B037883B00446032B04D1794B5F
:1077C4001A786FF382021A70238903F47873802B7A
:1077D4000CD0D4E90621106808420CBF0120002017
:1077E400403B18BF0123984200F0BD802369B3F5E4
:1077F400806F65D000F2AF80B3F5807F5DD16A4BB6
:107804006A4A6B49DFF8C891B1F89C60D9F8708076
:10781400D3E9000300681842664BD2E90007D0F8A8
:1078240000C0D3E900203346156814BF01220022AA
:107834001CEA070F62F3861314BF012200220542DB
:1078440062F34103574A14BF01200020127860F309
:107854008203520740F19C8091F89C2082F0080238
:10786400C2F3C00262F3C303002E40F08E809EB2C6
:10787400514D9FED528AA5F1780795F87430B0EE1A
:10788400480A0022A3B195F861100120B5F86430CC
:10789400FF2926EA030608D0D9F858319847012869
:1078A40003D1B5F8643033439EB2183DBD42E4D1F0
:1078B4003046C047D4E9062155E0B3F5007F50D1E6
:1078C4003F4B00203A4D0090D3E9001295F8273140
:1078D40009688DF8003011423A49DAB28DF8023065
:1078E400086818BF0125496808BF0025006865F3CA
:1078F4000002084234498DF80020D2B214BF012599
:107904000025D1E9000165F3410200688DF80020EB
:1079140008422E4AD9B214BF0120002060F341016D
:10792400D2E900028DF80210006810429DF8002090
:1079340014BF0121002161F382028DF80020D3B924
:107944000098019007F014FEC0B250B1204B00988B
:107954001B6E984705E0B3F5801F02D1204619F04D
:1079640021FFD4E9062153690B43536103B0BDECF5
:10797400028BBDE8F0839DF80210D2B25A404B400E
:107984008DF800208DF80230DAE75E40B6B26FE77A
:10799400104A1268D2E906120968114214BF012282
:1079A40000225FE7C00401206001012028010120BA
:1079B400141601202001012010EC0020000000001A
:1079C400380101204001012048010120500101201B
:1079D40098080120F404012039B9D0E906315A6924
:1079E40022EA01025A6199617047042930B433D004
:1079F400C469022994FAA4F2B2FA82F232D00829B4
:107A040032D0A1F10101B1FA81F149094900836938
:107A14000F2ADD6925EA0405DD6113DD103A03252B
:107A24005200914095401A6922EA05020A431A61FC
:107A340002699C6112F4C06F02D15A6922435A61EF
:107A440030BC70475200032591409540DA6822EA21
:107A540005020A43DA60EBE7D0E90634DA69224327
:107A6400DA61E5E70321D2E70221D0E70048704755
:107A7400E0ED0020014B1878704700BF9D210120E4
:107A8400F8B5124F04460D46BB6FE6B29847C0B234
:107A9400B04209D07B6F2046984706B12DB920200B
:107AA400BDE8F84018F078BCF8BD07EE905A084BD2
:107AB4009FED080AF8EE677A987887EE800A0AF054
:107AC400C5FE2020BDE8F84018F066BC98080120E7
:107AD400241C012000007A4438B5104B1A7882B96E
:107AE4005D7875B904460E4BE4B25B6F98471CB1E0
:107AF4000C4BB3F8A4302BB92020BDE8384018F063
:107B04004BBC38BD07EE903A9FED070A2846F8EEC5
:107B1400677A87EE800A0AF099FEEDE7241C0120BB
:107B2400980801201416012000007A4438B505464F
:107B340015F012FA022802D10124204638BD0CF0B7
:107B44002DFF04460028F8D02846FFF7C5FF20463D
:107B540038BD00BFC1B14FF6FF7300B500EB010E95
:107B64004AF2010110F801CB082283EA0C0313F056
:107B7400010F14BF81EA53035B08013AF7D186452C
:107B8400F0D118465DF804FB4FF6FF7318467047B2
:107B94002B284FF0000212D80E280ED9A0F10F03A3
:107BA40001211648DBB201FA03F3034216D114484B
:107BB400034217D11348034209D1104670477E2867
:107BC40008D0872812D14FF00302104670470A46A6
:107BD400104670474FF00702104670474FF00402FA
:107BE400104670474FF0020210467047A0F17F0321
:107BF400D9B20729E1D801229A40DEE70404001E25
:107C04000202F000018107000E4B93F81822C2B95A
:107C14000D4893F8152290F8900193F8173222EA50
:107C240000020A4923EA000302F0070203F00703F3
:107C340082F0070C4A7083F00700CB7081F800C013
:107C4400887070479808012014160120BC0A01208E
:107C54000A4B002082B01B685FFA83FCC3F3072140
:107C6400C3F307421B0E6CF3070061F30F2062F3AA
:107C7400174063F31F6002B0704700BFBC0A0120C5
:107C840010B4104C83B0104B94F8184219785A78F9
:107C940093F802C0DB7844B9C0B241EA0C011A433C
:107CA40000EA0C0C034001400240002061F307008D
:107CB40062F30F206CF3174063F31F6003B05DF8A9
:107CC400044B704798080120BC0A0120104BD721AF
:107CD400B42210B401E093F89815884202F1FF32FF
:107CE4004FF001014FF0000404D1D3F89C45B4FADD
:107CF40084F14909083B0AB10029ECD11CB12046A2
:107D04005DF8044B7047034C20465DF8044B704704
:107D140098350060CCE40020103803280FD8094BB4
:107D240000B585B004AA0DF1100E02EB800C0FCB48
:107D34000EE90F005CF8100C05B05DF804FB0020A0
:107D4400704700BF400600200D2804D8012303FA21
:107D540000F080B270470020704700BFC0F30723D3
:107D640003F03803082B01D00C48704710B58AB0D3
:107D7400C0F383400A4C0AABEE4603EB800C0FCCF5
:107D8400AEE80F000FCCAEE80F0094E803008EE8D5
:107D940003005CF8280C0AB010BD00BFD0E400203A
:107DA4005006002000487047ECED002038B5056906
:107DB400EC6B2DED028B002C3ED0027D0346204956
:107DC400B0EE408A6FF3451202751E4A82ED1D0A19
:107DD400002280ED000A8260CA8B120A42F040023F
:107DE4004276012088771876CA7F0243CA775A7E82
:107DF40002435A7664226B68DA60A047D0ED007AB9
:107E040028EE278AB5EE408AF1EE10FA10D00E4B18
:107E14009FED0E7AD3ED1F7A67EE877AF4EEC87A77
:107E2400BDEC028BF1EE10FA4CBF2B20002038BDC4
:107E3400BDEC028B292038BDBDEC028B142038BD6B
:107E4400241C012084060120141601206666663F66
:107E540008490C2391F89320013202F0030203FB3A
:107E6400021381F89320943307C883E8070018F0BD
:107E7400C7B900BF840601202DE9F04100F11C03BD
:107E840001F11C0782B00C2206460D4638461946FD
:107E940001931FF073FE614A019B926A5AB196F8EE
:107EA4002C4095F82C2004F0010402F001029442C5
:107EB40000F0958001225A4C227118B1E869796862
:107EC400BA6807C3AA7905F13C08B37906F13C07FF
:107ED4009342237816BF01210021B27161F382031A
:107EE400327923702B7921789A4282EA030018BFF1
:107EF400337160F3C301AA78B37821709342237875
:107F040016BF01210021B27061F34513F27823708A
:107F1400EB7821789A4282EA030018BFF37060F389
:107F24008611F3794046EA7921709342637816BF4B
:107F340001210021F2710C2261F3000339466370C0
:107F44001FF01CFE002859D195F82E2096F82E30EB
:107F54009342637816BF0121002186F82E2061F335
:107F64004103287D6370337D8342637814BF01220B
:107F7400002262F3C303637049D16A7F737F934223
:107F8400637816BF01210021727761F3451372797A
:107F940063706B7961789A4282EA03006A7E18BF43
:107FA400737160F38611737E61709342A37816BF78
:107FB40001210021727661F3C303AA8DB18DA370F0
:107FC4009142A37814BF0121002161F30413A3702B
:107FD40002D0144BB285DA8302B0BDE8F081B16AF5
:107FE400AA6D4968C96891427FF464AF18B10C4C1A
:107FF4000122227162E70A4C207163E76378E86B1F
:1080040043F00103296C6A6C637007C79CE706F1AF
:108014000801307512F060FFAFE700BF840601204D
:1080240038030120241C0120124B9A6970B592B1C7
:108034000C46DB69984705465CB1006848B121F0FD
:10804400B7F801301FF0DAFA206010B1296820F087
:108054001DFB686870BD084B0546084ED3F8D43044
:108064003446186859689A68DB680FC4304635612D
:1080740070BD00BF6807012084060120482001204C
:1080840038B50C201FF0BAFA68B1084B0446084D05
:1080940093E807002B6884E807002BB11A469B6815
:1080A400002BFBD1946038BD2C6038BD70060120D4
:1080B400400D0120154AB7EE007A0023A2F10C010D
:1080C40010B472ED017A5B00F4EE477ADBB2F1EEA4
:1080D40010FA18BF43F001039142F2D10C4A4FF059
:1080E4007E5000210B4C5061916010615160D06052
:1080F4001160002284F82F2013B95DF8044B7047F7
:1081040002205DF8044B18F047B900BF08F90020BD
:10811400F0F80020840601203630472330B5C4B27D
:10812400124D83B03B2C20462B8028BF3B200AF005
:10813400DFF901462846019121F03AF801992844D3
:108144001EF034FB3B2C02D8084803B030BD084A6B
:108154000346A4F13B0012881A800AF0C9F90146CB
:1081640028461FF053FE014803B030BD000401202F
:10817400448B002000487047FCF80020094BB7EE00
:10818400007A0020A3F10C0273ED017A4000F4EEB2
:10819400477AC0B2F1EE10FA18BF40F001009342E2
:1081A400F2D1704708F9002010B50446E9B1164A27
:1081B40040F20113B2F81821934316D016F0DAFBFB
:1081C400002812DB00EB4000104B204403EB840238
:1081D40003EB800392ED020AD2ED0F7A93ED257A38
:1081E40030EE070A30EE270A10BD084B03EB84017A
:1081F40091ED020A91ED327AD1ED0F7A30EE070A51
:1082040030EE270A10BD00BF141601208406012099
:1082140070B582B0019228B1022829D0284BD871B8
:1082240002B070BD264D0446264A0021D5F8D4304C
:10823400966905F14802A3F10C0C72ED017AF5EE92
:10824400407A1160F1EE10FA18BF44F0010406B947
:108254009960043B6345F0D1E871002CE0D04FF401
:10826400806018F099F802B0BDE8704017F0C8BFFC
:10827400154B01EBC102DDED017A03EB8203104DD6
:10828400F8EEE77AD3ED0C6A01F10E0387EEA67AD5
:1082940005EB8303D3ED017AF4EE477A83ED017A9B
:1082A400084BF1EE10FA9B6914BF01240024002B43
:1082B400D2D1D5F8D43003EB810383ED007ACBE738
:1082C40084060120680701201416012079B10129D0
:1082D40006D10B4600220221427001708370704760
:1082E4000121022200230170427083707047012231
:1082F4000223017042708370704700BF2DE9F04F74
:108304006F4F87B097F881B0BBF1000F50D06D4D1F
:1083140000216D4CD82228466C4E1FF025FD94F8A0
:108324001E31D9067BD5F369D4F8A0019847436878
:10833400C5F8D430002B72D0B369002B78D0644BCD
:108344001C682CB12046A4681FF060F9002CF9D1F8
:10835400FB8B00205F4CAB85EC6613F0A1FFA86299
:10836400FFF7A8FEA4F11401287D12F0B5FD10B9A1
:10837400B3680720984797F88130002B44D0524BBC
:1083840093F81D319B0765D5736C3BB10022A96836
:10839400CDE90022029200296DD098470AF076F8C0
:1083A400F36A002B38D0474807B0BDE8F04F1847B0
:1083B400444D03AE804605F13C0495F814A095F8AD
:1083C400079094E8070086E80700C8225946284623
:1083D4001FF0CAFCD5F8D4C03F4B96E80700D3F889
:1083E400283184E80700DCF81020C5F8882013B190
:1083F400594660469847354EB8F1000F9FD085F82E
:1084040014A085F807909AE7736C002BC5D10AF085
:108414003DF8F36A002BC6D107B0BDE8F08FF369CD
:10842400002098474368C5F8D430B369002B86D13F
:10843400D5F8D420136053609360D360136194F82B
:108444001E31DA067FF57BAFD5F8D430D4F8A021FD
:108454001A6174E7214C0B20214612F03DFD18BB34
:10846400B36807209847736C002B97D097F8812046
:10847400002A8BD191E7E86890428ED12869904216
:108484008BD1D5F8C8200591CDE90311002A84D1F8
:10849400D5F8CC10049A91427FF47FAFD5F8D01070
:1084A40091427FF47AAF79E795F993300C2202FB7D
:1084B400035394E80700943383E80700D3E700BF2D
:1084C400241C0120840601201416012068070120C1
:1084D400400D0120A0060120980801204C0701202E
:1084E40000487047A006012008B506490023C1E9E9
:1084F40007334B6214F0F6F91020BDE8084017F07A
:108504004BBF00BF8406012008B5054A054B5076D1
:108514005B6F98472020BDE8084017F03DBF00BFBF
:10852400840601209808012040B110B50446204675
:10853400A4681FF06BF8002CF9D110BD704700BF80
:10854400B0B10C4BD3F8C83010B5044603B198470A
:10855400237823B92046BDE810401FF057B82046C1
:1085640000210EF061FA2046BDE810401FF04EB81D
:10857400704700BF68070120014B1868704700BFAF
:1085840090050120F8B5054610B12C4F3E7816B180
:1085940000263046F8BD7B78002BFAD1284C0146E2
:1085A400284E2046FFF768FCAB6C2367AB8DFB833A
:1085B400B378DA0621D41F0726D4737818072CD48D
:1085C400590633D43679002E36D094F82C10A06A8C
:1085D40001F0010113F0D6FF50B11B4B94ED090AD1
:1085E400217FA06AB3F8AC2014F010F93046F8BD2E
:1085F400A96DA06A13F04CFFEFE7D5E914010BF065
:10860400B1FAB3781F07D8D50F4B607EB3F8A41026
:10861400FFF736FA73781807D2D54FF4007017F0C5
:10862400BBFE17F0EDFD73785906CBD5082017F083
:10863400B3FE3679002EC8D10126AAE7241C0120F6
:108644008406012038030120141601202DE9F04F7F
:108654000378174683B004465A1E88461F2A04D856
:1086640014F8013F5A1E1F2AFAD93B2B48D02F2B4E
:1086740042D02278A1469AB125460026DFF83CA1D3
:10868400DFF83CB14A4B202A06D9292A16D03B2AC6
:1086940010D0282A0BD036B301352A78002AF2D11B
:1086A4000023204689F8003003B0BDE8F08F01357F
:1086B4002E46F2E7002EEFD12E70F1E7002EEBD01C
:1086C4009AF8912062B92A709BF80A2212071FD4E3
:1086D400002F30D03A68002A31D03678002EDBD013
:1086E40001350026D9E7A2F16101192998BF02F0EA
:1086F4005F0209F8012BCFE72E4B1B89D90605D55C
:1087040000232046237003B0BDE8F08F0134B0E7A6
:108714003278002AE4D017B13A68002AE0D1D3F8BD
:10872400CC20002ADCD03046013590470026204B6F
:1087340088F80000B1E73278002AF0D1D0E7D3F806
:10874400C4202AB130469047194B38600028C4D160
:108754000422194930461DF01DFF154B0028EAD1AB
:10876400AB1BDA1E0093104601921EF047FF104B1C
:1087740038600028DFD096F804C0311D019ABCF19E
:10878400200F0DD106F1010C009A053694443146B0
:10879400ACEB0602013691F800E0BEF1200FF6D0F2
:1087A40000911AF03DFB0099014B0E4695E700BF7E
:1087B40068070120241C0120B079002084060120D0
:1087C400980801202DE9F04FDFF8C8820023DFF874
:1087D400C89298F88D20D9F808512DED088BADB0CA
:1087E40017938DF85B30002A00F0AD81B5FA85F55A
:1087F4006D0935B1D9F80831003B18BF012388F859
:108804008D3017AA0DF15B01FFF720FF9DF85B3057
:1088140004464BB90378252B0CD07BB9179808B1C3
:10882400FFF78EFE9DF85B3018462DB0BDEC088B2B
:10883400BDE8F08F4378002B00F06682924EF02260
:10884400DFF850820021304606F108051FF08CFA4B
:108854000023D8F86C20C44606931F4608928DF86E
:108864001C30ADF81430BCE80F000FC5BCE80F0095
:108874000FC5BCE80F000FC59CE8070085E807009A
:108884002378242B00F053832346012200251892D9
:108894001A9593F800B0CDE91B55BBF1000F01F018
:1088A40040835B46DFED798AA3469FED799AAA4619
:1088B4001C46099504950A95402C8CBF0022012280
:1088C400242C08BF0022002A40F03B835A2C00F2DB
:1088D40038834F2C00F0E28019AA18A9584609F0F1
:1088E40029FF00284AD1022D41F06282DFED687A27
:1088F4008DED199A472C5AD04D2C00F0F5800022AA
:10890400243C1B92362C00F22881DFE814F0CA05BF
:10891400260126012601260126012601260126011B
:10892400260126012601260126012601260126010B
:1089340026012601260126012601260126012601FB
:108944002601260126012601DA05E405EE05F805CF
:1089540002060D0626011F06360644065206600668
:1089640026014F05DC005C05670572057D05880559
:10897400B0050805440526053505BB05DDED197A66
:10898400F4EE677AF1EE10FAB4D6BCEEE77A472C2F
:10899400B8EE478A8DED1A7A37EEC88A28EE288A0F
:1089A400B8FE488ABCEEC87A17EE10AAA4D10022F9
:1089B4001C921A9A632A00F2D080DFE812F05F0357
:1089C4005F035F035F0308045F03CE001E041E04FD
:1089D400CE007B03CE00CE00CE00CE00CE00CE0073
:1089E400AC03AC03AC035C045C04CE00CE00CE004C
:1089F400CE00CE00CE007B03CE007B03CE00CE00A3
:108A04009B04CE00CE00CE00CE005C06CE007306E2
:108A1400CE00CE006904CE00CE00CE00CE00CE0043
:108A240069044C044C04CE0008040E030E030E0328
:108A34000E030E030E03CE007A06CE00CE00CE0047
:108A44003F06CE00CE00CE00CE00CE00CE00CE003B
:108A5400E802CE00CE009B04CE00CE00CE008706F6
:108A6400E802E802E802E802E802E802CE00CE00EA
:108A7400E802300430047B034204420453068A04AF
:108A84008A048004800400BF940501200000C842C9
:108A94000000C07F84060120980801201AAA18A9A2
:108AA40058468DED199A09F0F9FD8DF85B00002800
:108AB40041F07B81DDED197AF4EE677AF1EE10FA7C
:108AC400FFF563AF1B90BAF1000F41F012819DF8DE
:108AD4006D204FF4004142F080028DF86D201A9A07
:108AE400C6F8C82000F025BC3278412A00F0148270
:108AF4001A9D632D33D98F4A0021D2F8FC201C9192
:108B04005AB3BAF1000F00F0398205EB85051FFA5C
:108B14008AF405EB850504EB850080B29047054691
:108B2400D8B11A9A02EB820202EB820204EB8202AF
:108B340092B272809DF8722042F020028DF8722069
:108B44004FF4001204E1003D18BF012551E67A4AB2
:108B540092F82C21540700F1F180142364E6BAF151
:108B6400000F41F0C680CDF870A0632D00F20082A2
:108B740001A252F825F000BF832E0000832E0000CE
:108B8400832E0000DB2E0000DB2E0000DB2E000015
:108B94006B340000212F0000212F0000212F000042
:108BA400012D0000012D0000012D0000012D000009
:108BB400012D0000012D0000012D0000012D0000F9
:108BC400012D0000012D0000012D0000012D0000E9
:108BD400012D0000012D0000012D0000012D0000D9
:108BE400012D0000012D0000012D0000012D0000C9
:108BF400832E0000012D0000012D0000012D000036
:108C0400012D0000012D0000012D0000012D0000A8
:108C1400012D0000012D0000012D0000012D000098
:108C2400012D0000012D0000012D0000012D000088
:108C3400012D0000012D0000CD2A0000CD2A0000E6
:108C4400CD2A0000CD2A0000012D0000CD2A00000D
:108C5400012D0000012D0000DF280000012D00007F
:108C6400012D0000012D0000832E0000FB340000C4
:108C7400C32E0000C32E0000C32E0000C32E00002C
:108C84009D3400008D3300008D330000012D000061
:108C9400B92E0000B92E0000B92E0000B92E000034
:108CA400012D0000012D0000012D0000012D000008
:108CB400012D0000012D0000012D0000012D0000F8
:108CC400012D0000012D0000012D0000012D0000E8
:108CD400012D0000012D0000012D0000012D0000D8
:108CE400012D0000012D0000012D0000012D0000C8
:108CF400012D0000012D0000012D0000012D0000B8
:108D0400012D0000D3340000037098F88D30002B3F
:108D140000F01981002D40F0E88198F88C30002B88
:108D240041F01C8039238DF85B300378002B3FF42D
:108D340075AD83E5680701201416012075700025C0
:108D44009DF8722042F010028DF872204FF48012C8
:108D5400174240F0BA873A431746189A511C1891A3
:108D64001BF80240002C7FF4A7AD9DF87020A346A9
:108D7400D50703D53278412A01F0F0809DF81CB064
:108D8400BBF1000F00F09187049B002B40F08D870E
:108D940098F890201AB1059BDC0741F18E840223D8
:108DA400049396F8D920500605D5BE4AD6F8C410C7
:108DB400914201F30D81C7F3074414F020012246C8
:108DC40000F09A877588002D01F08180B649B74874
:108DD400D1F80011D6F8D8500B94884703460C906C
:108DE4001A9000287FF420ADD6F8D8100B9A4D4085
:108DF40015F0E06103D02BEA11638DF81C3006995D
:108E0400C5F3021321EA0303A9050693C5F3072357
:108E140041F10B820021D6ED198A7166180605D539
:108E2400D6F8C81000230C91C6F8C8302903C5F33E
:108E3400074341F1F681002196ED228AC6F8881095
:108E440013F0100301F0DC81D6F8D01000230E914A
:108E5400C6F8D030BDF8141001F0010311F001017F
:108E64000B9300F0528796F8D9309B0741F1BE80EE
:108E7400F37A3BB1D6ED197A9FED8D7A67EE877A56
:108E8400C6ED197A96F8D830D90724D596F8DA3091
:108E94001B0700F19087B807FBB20AD5318940F26D
:108EA4004B10814218BF212900F085874C2900F01E
:108EB4008287990603D5B37A022B00F07C87BB0422
:108EC40000F17987F80203D57378332B00F07387A8
:108ED400630701F16580B37A022B00F09B87B80425
:108EE400C7F3072A00F1A587089B002B00F04D84E7
:108EF400089B96F8DA105B78090786F8593000F178
:108F04004D84002B41F0DE80089B9B68C6F88830B6
:108F14000023129300F047BC96F8D92094060ED48F
:108F240042F02002C6ED1E7A86F8D92015E7012307
:108F34000422B7723381ADF81430E31CA6E419237C
:108F440072E4012370E498F88C3083F0010388F80C
:108F54008C309DF85B3033B9534BD3F8F03013B1F8
:108F640098F88C0098472378002B3FF457AC65E4BD
:108F74004D4AD2F8FC20002A3FF4EFADA8B2904746
:108F8400054600283FF4E9ADBDF86820D1E5049B0F
:108F9400002B41F04E8190B2B8F80020059B121AC4
:108FA4009DF87010308118BF012241F0020162F374
:108FB400410301228DF870100593022386F83820AE
:108FC4000493BAF1000F40F094861C9A17EA020A3F
:108FD40040F07B8617435546BFE69DF871103B2A47
:108FE40041F008018DF87110A2F13601C9B2317750
:108FF400E7D1BAF11E0F3FF6B0AD01A252F82AF044
:109004007F390000EB280000EB280000EB2800006B
:10901400EB280000EB280000EB280000EB28000000
:10902400EB280000EB2800000F360000EB280000BE
:10903400EB280000EB280000EB280000EB280000E0
:10904400EB280000EB280000EB280000EB280000D0
:109054000F360000EB280000EB280000EB2800008E
:10906400EB280000EB280000EB280000EB280000B0
:10907400EB280000EB2800000F360000049B002BB7
:1090840041F0D7809DF87010052A41F002018DF857
:10909400701000F01D86022304933281002286F8AA
:1090A40038208EE7809698006807012094050120F7
:1090B4003333CB41BAF1000F40F08980049B002B7D
:1090C40041F0B7809DF8701022F0020041F00101D8
:1090D4001C288DF87010D1B2317040F049870123FB
:1090E400049351440122317070E7012388F88C30D5
:1090F4002FE79DF8712042F080028DF87120002D39
:1091040000F08186012D00F06A8686F820504FF425
:10911400004200251CE6113AB2739DF8702042F01B
:1091240004028DF870204CE786F8EC503A4600258E
:1091340012E6D9F86C209047000740F19485412D40
:1091440000F091850D23FFF76FBBD9F86C20904791
:10915400020701D5052DF5D11A9A002596F8581065
:10916400A2F10400053A21F00301B0FA80F018BF1F
:109174000122400942EA40020A4386F858209DF839
:10918400722042F004028DF872204FF48022DFE551
:10919400D9F86C209047030701D5092DD2D19DF849
:1091A4007220059B42F0080243F480738DF872200C
:1091B4001A9A0593082A00F0A986092A00F09F86C6
:1091C400072A00F08C8600254FF40022C0E59DF8A4
:1091D400701022F0020041F001011C288DF870107B
:1091E400D1B2317040F04D85BAF1000F3FF479AF40
:1091F400BAF10A0F3FF475AFAFE4D149097E0229F1
:109204007FF4ABACA2F10702B2FA82F25209727394
:109214009DF8712042F040028DF87120D1E6BAF138
:10922400000F40F0B285A2F15B02B2FA82F2520959
:1092340032739DF8702042F008028DF870200822E5
:10924400C4E6C2F15E02B2729DF8702042F02002C0
:109254008DF87020B5E6A2F133020423B2FA82F24B
:109264000493520986F837209DF8712042F00402D5
:109274008DF87120A5E6A2F11402B2FA82F2520925
:10928400F2729DF8702042F040028DF8702098E64A
:109294009DF87110312A41F001018DF8711000F030
:1092A400EF85BAF1000F40F0F185A64A9269002AD1
:1092B4003FF453AC0122F2734FF4807286E6623AB3
:1092C40086F836209DF8712042F002028DF8712054
:1092D40077E69B49097E02297FF43FAC603A82F02D
:1092E400010286F859209DF8712042F020028DF881
:1092F400712066E6BAF1000F7FF42FAC049B002BBB
:1093040040F0978732819DF8702086F83830022328
:1093140042F0020204938DF870201A4656E69DF836
:109324006E204FF48001C6ED277A42F040028DF89A
:109334006E20D6F8D8200A427FF401AE824801425A
:1093440007D0DDED197AF5EEC07AF1EE10FA00F1EE
:10935400BB850A43C6F8D820FFE4079B4FF0807111
:109364009DF86F2043F00103C6ED297A42F0010213
:1093740007938DF86F20DCE7079B4FF000719DF891
:109384006F2043F00203C6ED2A7A42F002020793EB
:109394008DF86F20CDE79DF86E204FF40001C6EDE7
:1093A400287A42F080028DF86E20C2E79DF86D2085
:1093B400FDEEE77A4FF4804142F04002C6ED317A87
:1093C4008DF86D20B5E79DF86E204FF48031C6ED21
:1093D4001F7A42F001028DF86E20AAE79DF86E20F4
:1093E4004FF40031C6ED207A42F002028DF86E206F
:1093F4009FE79DF86E204FF48021C6ED217A42F05C
:1094040004028DF86E2094E79DF86E204FF400213D
:10941400C6ED227A42F008028DF86E2089E7BAF18F
:10942400000F40F06684474A9169002900F0D38414
:10943400D2691A9890474268B2FA82F25209002A15
:1094440040F00A84DDED197A4FF480119DF86E2006
:10945400F4EE677A42F01002F1EE10FA8DF86E2005
:1094640074BF1A9A4FF0FF32C6F8D02061E79DF816
:109474006E204FF40011C6ED267A42F020028DF8DA
:109484006E2056E7079B4FF080619DF86F2043F0F4
:109494000403C6ED2B7A42F0040207938DF86F2083
:1094A40047E7BAF1000F40F024849DF86C20FDEEEC
:1094B400E77A012142F00102C6ED307A8DF86C2082
:1094C40037E79DF86C200221C6ED237A42F00202B0
:1094D4008DF86C202DE79DF86C200421C6ED247ACC
:1094E40042F004028DF86C2023E79DF86C200821DB
:1094F400C6ED257A42F008028DF86C2019E79DF834
:109504006C208021C6ED177A42F080028DF86C2021
:109514000FE79DF86D204FF48071C6ED187A42F084
:1095240001028DF86D2004E79DF86D204FF4007161
:10953400C6ED197A42F002028DF86D20F9E600BFFB
:10954400141601206807012080CA1800BAF1000F20
:1095540040F0CF83F4EE677A9DF86D204FF40061FC
:1095640042F00802F1EE10FA8DF86D2074BF1A9AD9
:109574004FF0FF32C6F8CC20DBE6069B10219DF8A5
:109584006C2043F00103C6ED1A7A42F010020693F0
:109594008DF86C20CDE6069B20219DF86C2043F0CD
:1095A4000203C6ED1B7A42F0200206938DF86C206C
:1095B400BFE6069B40219DF86C2043F00403C6EDF2
:1095C4001C7A42F0400206938DF86C20B1E6BAF1A1
:1095D400000F40F08E83F4EE677A9DF86D204FF40F
:1095E400805142F01002F1EE10FA8DF86D2074BF34
:1095F4009DF86820FF2286F8D4209AE6D9F86C20DA
:10960400904710F008057FF49DAD04F0D7FF4307A1
:109614007FF5A3AA0121284604F02EFE00283FF47A
:109624009CAA9DF872209DF8683042F001020993CB
:109634008DF872204FF48032FFF78ABB9DF87020BA
:1096440042F001028DF8702041223270BAF1000F0D
:109654007FF483AA8F4AD2F82021002A3FF47DAAFE
:109664000122B3E49DF8702042F020028DF87020AE
:109674000222B272A5E4D9F81421002A3FF46DAA9B
:10968400AAF114021E2A3FF668AA834B43FA02F297
:10969400D5073FF562AA814AA2FB0A12D2088A3290
:1096A4001A922BE69DF8702042F080028DF870200B
:1096B40087E49DF8712042F010028DF87120BAF110
:1096C400000F7FF44AAA4FF480527FE49DF8701093
:1096D40041F002018DF87010DFE4D9F83021904791
:1096E400002800F02F8302287FF437AAD9F82C2110
:1096F400002A3FF432AA9DF87220002542F00202AB
:109704008DF872204FF40032FFF722BB04F056FFAD
:1097140002077FF522AA0021012004F0ADFD0146D5
:10972400002800F09C839DF8722000259DF8683085
:1097340042F0010209938DF872204FF48032FFF752
:1097440007BB9DF87120632142F080028DF87120DF
:10975400504A86F82010D2F82421002A3FF4FDA9AB
:1097640000254FF40042FFF7F3BAD9F86C20002526
:1097740090479DF87220012342F002020A938DF86B
:1097840072204FF40032FFF7E3BA96F8DA30C3F3ED
:10979400C0011807129106D5089B5B78012B00F0D5
:1097A4002287012312930A9B002B00F05F8396F813
:1097B400DA300D92980740F1CE8396ED200A09F035
:1097C4002BF8002800F0958232490D9A8B69002B02
:1097D40000F05D85D6ED207ACB69FDEEE77A17EED1
:1097E400900A984743680D9AB3FA83F35B09002BF8
:1097F40040F03282D6ED207A96F8DA10FCEEE77A61
:1098040063F34101C6ED347A86F8DA10099B13B18B
:10981400D20700F11C84620740F1B08396F85830F7
:109824009B0706D5089BDB689B7A13F00A0F3FF46D
:1098340094A9C7F3C04396F8211098F819209142CF
:109844000CBF002303F0010363F3D347FC023DD5AF
:1098540096F8DA30D80700F1D6844FF07E53F367D8
:109864007378303B082B29D8DFE813F01C009E01E5
:109874008E017E0128006E0128002800AB01074AF2
:10988400A2FB0A2A4FF4006201EBDA013177FFF7F9
:109894009DBB00BF68070120FEFBEFBFCDCCCCCC45
:1098A4003333CB4196F835306FF3000386F8353007
:1098B40096F8343023F0010386F83430B38EB8F8C8
:1098C4002C209B1A18BF012363F314573378042BFD
:1098D40010D196F8DA30DA0740F13D83D6ED1F7ADD
:1098E400F5EEC07AF1EE10FA00F1EE826FF30003A8
:1098F40086F8DA30B37B0D93002B00F07B84012BC8
:1099040040F05F83109300230F9302230D93F37AA7
:109914009BB11FED1D7A03239DF81C00B64A013B41
:1099240020FA03F1C90705D5D2ED2B7A67EE877AC1
:10993400C2ED2B7A043A002BF1D1737B53B1079B10
:10994400DA0707D5B6EE007AD6ED297A67EE877A7C
:10995400C6ED297A049B042B00F0F88398F82F00B5
:10996400D0B1347B0323A44E9DF81CC0A3493246D6
:10997400013B2CFA03F0C0070AD5002C00F0D98370
:10998400D2ED2B7A91ED057A67EE877AC2ED2B7AC8
:10999400043A0439002BEBD11AF0010F09D0F37B00
:1099A400022B00F0B086032B00F09086012B00F010
:1099B4003381C7F3C023307F98F8142082420CBF50
:1099C400002303F0010363F3CB27002B40F002864E
:1099D40098F80520737B5340C7F3803213403278E4
:1099E4000A2A63F38E3700F009855C2A00F0D584D7
:1099F4009DF81CB0BBF1000F04D13189023989B242
:109A0400012916D8049B032B13D096F80CE00324E9
:109A1400794E7B483146013C2BFA04F3DB0700F115
:109A2400E585D0F88030C1F8AC3004380439002C16
:109A3400F1D1352A01F0B38200F24C8402F0FD0129
:109A44001C2901F0B3823489502C01F0D182049B8B
:109A5400022B01F02E820B9A02F0FF0332B996F822
:109A6400DA3023F0180386F8DA30002396F8D92088
:109A740022F0420286F8D920049A002A40F0F885A0
:109A8400D6F8D8200B92002204920B990693002951
:109A940040F0198622ABDFF87CA12822184609EE93
:109AA400103A1EF061F99AF899209DF89D10B2FAC7
:109AB40082F2069B520962F3410162F382018DF83E
:109AC4009D1098F893208DF8A220B8F82C20ADF8BA
:109AD400A020002B00F01F8637F0490341F0A0823C
:109AE4003378352B02D0002B41F09A8298F8192054
:109AF40023AD444B8DF89E2098F88F700FCB85E8EA
:109B04000F00002F41F07E8496F8243013F00203F6
:109B140003D0336B9B7AC3F3C0039DF89C6019EEAA
:109B2400100A394D63F3C71633492A468DF89C60F1
:109B340007F03EF9034600287EF476AE334A07CA9E
:109B440085E80700FEF770BED6ED1F7A96F835302B
:109B5400F5EE407AF1EE10FA0CBF0122002262F316
:109B6400410386F83530A9E6D6ED1F7A96F83430ED
:109B7400F5EE407AF1EE10FA0CBF43F0010323F046
:109B8400010386F8343099E6D6ED1F7A96F835301D
:109B9400F5EE407AF1EE10FA0CBF0122002262F3D6
:109BA400000386F8353089E696F8353043F0010332
:109BB40086F8353096F8343043F0010386F83430B3
:109BC4007CE6134B93F82C3159077FF577AED6ED2D
:109BD4001F7A96F83530F5EE407AF1EE10FA0CBFA4
:109BE4000122002262F3820386F8353066E64FF4E0
:109BF4000062FFF7EBB900BF94050120F0F80020E4
:109C040084060120B8050120FC0601203806012045
:109C140014160120241C0120C94B11939B69002BAD
:109C24003EF49BAF96F8D9301A0741F11082D6F86A
:109C3400CC3043B9C34B93F89C315B0703D4D6F8BB
:109C4400D030C6F8CC30119BD6F8CC00DB699847ED
:109C54004368002B40F04F85262318462DB0BDECF9
:109C6400088BBDE8F08F04F0A9FC81077EF575AF81
:109C74000121084604F000FB00287FF454ADFEF7F0
:109C84006CBF5C2A7FF49DA9BAF11E0F3EF665AF46
:109C9400AD4B43FA0AF2D3073EF55FAF0AF15C0A13
:109CA400012286F800A0FFF791B9049BA3F10201F9
:109CB400B1FA81F1490998F89020002A3FF471A87B
:109CC40000293FF46EA8FFF766B81523FEF7ACBD74
:109CD400BAF1000F01F00781BAF10A0F7EF43DAF2B
:109CE400332286F838300223328104931A46FFF770
:109CF4006DB91723FEF798BD9FED948A0D460E911A
:109D0400F0EE488A0C91FFF7A5B83389212B00F0B7
:109D14003D81B17A012900F05E8111F0FD0F40F020
:109D2400088196F8D93098073FF5A2A898F8023030
:109D34008B427FF4A7A8D8F87030736696F8D830B1
:109D4400FFF7A2B87F4A127F042A3FF4EFA9D9F89B
:109D5400E020002A7FF4CFACFEF7FFBE784E88F8EF
:109D64008C500AF01BFE0820F3689847F56C002D10
:109D74003FF4EFA813F0F0F8A0F10201FF20B1FACC
:109D840081F14909A847FFF7E4B89DF87010BAF1CA
:109D94000A0F41F010018DF870107EF4DEAE5A2ADD
:109DA4003EF4DBAE1022FFF711B90346FEF73CBDCB
:109DB4000223FEF739BDD6F8C030002BC0F28480F0
:109DC400002B00F3F28096F8D8306FF3000386F886
:109DD400D830FFF780B81A9AD20FFFF730BB99F842
:109DE400105215F0200500F0E380D9F86C2090475C
:109DF40080063FF5B5AC0122002586F820204FF4FB
:109E04000042FEF7A5BF032286F820204FF400424B
:109E1400FEF79EBF089B002B3EF49FAE089BD868BC
:109E2400C36B002B3EF499AEB904C7F3072A7FF540
:109E34005FA896F859300899012B00F0DA80497828
:109E44000129089900F00C824B7096F8DA10C1F3DE
:109E5400C000090712903FF5A6ACFFF752B804F012
:109E64000BFA00287FF45FACFEF777BE96F8DA3081
:109E7400D9063FF5CBACD8F88830C6F8D030C5E465
:109E84000022F2734FF48072FFF7A0B8BAF1140FF6
:109E94000AD12B4A9269002A3EF45FAE0322F27380
:109EA4004FF48072FFF792B8BAF10A0F7EF455AE00
:109EB400049B002B40F0BD8102220323F2734FF474
:109EC40080720493FFF782B80423FEF7ADBC9FEDC4
:109ED4001F8A0E95F0EE488A0C95FEF7BBBF99F8E1
:109EE4001A2295077EF539AE96F82120002542F016
:109EF400020286F821204FF40022FEF729BF002534
:109F04004FF4002286F82150FEF722BF96F8212054
:109F1400002542F0010286F821204FF40022FEF7CA
:109F240017BFCDF824B0CDF810B0CDF828B0FEF7A7
:109F340038BF96F8D830D8077EF5D1AFFEF7A6BF64
:109F44006807012014160120FEFBEFBF000000008B
:109F5400002801F0E0831C23FEF766BC049B0694F2
:109F6400A3F102018DF81C40B1FA81F14909A2E67E
:109F740001235C2A04937FF428A88FE6089B002B16
:109F84003FF457AC1B7886F8583052E496F8D83032
:109F9400580600F15181D8F874107167FEF774BF48
:109FA400D6F8C030591CBFF60BAF2723FEF73CBCD4
:109FB400BD4A128951067FF51EAF4FF40042FEF7E9
:109FC400C7BE02230020CDE90F3001230D939EE488
:109FD4001B23FEF729BC04990229AAD1502BA8D02F
:109FE400002BA6D096F8D9309B07A2D41623FEF7EF
:109FF4001BBCC868817AC9077EF5AFAD96F8DA1044
:10A004000907A8D596F9D8100029C0F23C87416801
:10A01400D0F818C0C1F81CC008994B7096F8DA3013
:10A024001B0751D5F17AD6ED227A9FEDA07A00294B
:10A03400DFED9F6A436806FE877A67EE877AC6ED8E
:10A04400227AC3ED047A01231293FFF7ACBB422BAF
:10A0540000F05E873CD83E3B032B3FF6DCAB96F822
:10A06400DA30DB077FF577AF96ED1F9AB5EEC09A2D
:10A07400F1EE10FA3FF528AF0121084604F0FCF890
:10A08400BCEEC99A19EE103A83428ED2D6ED1F7AED
:10A0940096F8DA30FCEEE77A6FF3000386F8DA30EC
:10A0A40017EE903A86F8DD30012386F8DC30099B00
:10A0B400402B18BF3E2B0CBF01230023C6F8E03011
:10A0C400FFF7A9BB089BD8684368DB69FEF71EBF8E
:10A0D400099B433B012B3FF69EAB7649D6F8D8301B
:10A0E40019423FF438AF96ED189A01210020BCEED6
:10A0F400C99A04F0C1F819EE103A834281F08581BF
:10A1040096ED187AD6F8D830BCEEC77A6A49D6EDFF
:10A11400207A194017EE103AFDEEE77AC6F8D81007
:10A1240086F8DD300023C6ED387A86F8DC30FFF798
:10A1340072BBD1ED027A92ED2B7AD1ED056A37EE3E
:10A14400677AE7EE267AC2ED2B7A21E496F8373067
:10A15400002B00F0878600239DF81C0086F837301A
:10A16400002800F0AD821C460323CDF84490B94684
:10A1740027461C465149B7EE009A013CCDF84C8065
:10A18400A8460D4620FA04F14D4ACB0793461AD44B
:10A1940096F83700043D40B9DBED027AF4EE497AD3
:10A1A400F1EE10FA14BF01200020ABF1040B86F885
:10A1B4003700002C00F065829DF81C00013C20FA59
:10A1C40004F1CB07E4D5D5ED2B7A01239BED057A79
:10A1D40003FA04F1CBED057AB4EE677A20EA0103C1
:10A1E4000220F1EE10FA079318BF47F0010716F0AA
:10A1F400D3F8CDE701230224CDE90F34FFF787BB61
:10A204000E93FEF727BED6ED1F7AF5EEC07AF1EE77
:10A2140010FA3FF559AE6FF3000386F8DA30FFF712
:10A224001FBB9FED288AFEF70BBEDFED268AFEF7E3
:10A23400F5BD1823FEF7F8BA61F38613D6ED1C7A40
:10A2440086F8D830F37A2BB19FED1F7A67EE877AC0
:10A25400C6ED1C7A96F8D830C6ED1D7AFEF714BE0A
:10A264004B682BB100230D924B600AF097FB0D9ABB
:10A274000899C86843681B688B6096F859304B701E
:10A2840096F8DA1008073FF589AAFEF73ABE96ED6C
:10A29400207ADFED0E7AB4EEE77AF1EE10FACCBF55
:10A2A40001230023FFF7A3BA241C01206666984308
:10A2B40000007A4400010200FFFEFDFF9405012026
:10A2C400F0F80020000000003333CB410000004FC1
:10A2D40000FF7F47412A7FF4B6AB96F8DA30D807FF
:10A2E4007FF539AE5FED067A96ED1F7AB4EEE77A24
:10A2F400F1EE10FA3FF759AE08F0B8F8D82303FB93
:10A30400008008F011F8002801F0BF8496F8DA20E4
:10A31400002363F3000286F8DA20D6F8D8008DF81B
:10A324001C304008C6F8D800002800F040870124FB
:10A33400B749B84AA2468B4617E004290AFA04F042
:10A3440008D193ED000A13680343A0B2136007F029
:10A35400A7FAB04AD6F8D80001340BF1080B40082C
:10A36400C6F8D800002800F02287C107F2D5DBF830
:10A374000830002BEED09BF80C100229DDD193EDB0
:10A38400000A0AFA04F11368A0B2B8EE400A0B43BB
:10A39400136007F085FA9F4ADCE79DF81C0000284B
:10A3A40000F08E819C4A03239C49013B20FA03F46C
:10A3B400E40720D5D1ED207A92ED066AD2ED2B6A1E
:10A3C40077EEC67A91ED117A77EEE67A77EEC77A70
:10A3D400043A0439C2ED2C7A002BE6D13489502C8E
:10A3E4007FF435AB049B012B40F0E786002386F80D
:10A3F4003630FFF730BBD1ED347AE9E79DF81CB075
:10A40400BBF1000F09D196F8D420142A00F058812A
:10A4140096F8DA20500740F15381D6F8D82012F488
:10A42400883F3FF498ADD6ED1F7AF5EEC07AF1EE91
:10A4340010FA3FF549AD96F8D420F6EEE77AFCEE33
:10A44400E77A013ACDED117A9DF84400132A3EF6DD
:10A4540084AB01A151F822F039420000FD42000012
:10A46400EB280000EB280000EB280000EB2800009C
:10A47400EB280000EB280000EB2800003942000024
:10A4840039420000EB280000EB280000EB28000014
:10A49400EB280000EB280000EB280000EB2800006C
:10A4A400EB280000074300005D4B996911930029D4
:10A4B4003EF453ABD96988474368002B3FF4CCABD7
:10A4C40096F8DA104A0708D5D6F88410D96096F8B9
:10A4D400DA106FF3820186F8DA1096F8D4100B299B
:10A4E40001F0E68322AA09EE102A96F8D4E019EEC8
:10A4F400102A494E4FF0030CAEF10A014748344686
:10A504001493C9B2139119460CF1FF3C2BFA0CFABF
:10A514001AF0010F00F08A86BEF1010F01F0AB833F
:10A52400BEF10A0F01F0C781BEF10B0F07D1D2EDC6
:10A53400027A94ED2B7A77EEC77AC1ED027A043869
:10A54400043C0439043ABCF1000FDDD1BEF1010F23
:10A55400149B03D1119A1846526A9047D6F8D82012
:10A5640022F48832C6F8D820FFF76DBA96F8DA20BC
:10A5740051073EF5F2AA092800F25586002840F05A
:10A584004E86307F274986F8BC0010F0A5FC38B30E
:10A59400254A92F8242132B196F8BC100639C8B283
:10A5A400022841F2FD8196F8D44003201A4E1B493B
:10A5B400324601382BFA00F3DB0706D5142C00F0E1
:10A5C4001C86D2F8AC30C2F8B8300439043A0028FA
:10A5D400EFD1C3E7154910F07FFC00287FF4F8A9F8
:10A5E4000723FEF721B9089BD8681BE5352A3FF4F9
:10A5F4001CAABEF1000F00F00185D1ED2B7A90ED7D
:10A60400207A77EE877AC1ED2B7AFFF70EBA00BF76
:10A61400403D00609005012094050120840601203E
:10A62400680701204406012014160120A405012016
:10A63400089AD268D26B002A3EF48FAAD6ED1D7A0E
:10A64400F5EE407AF1EE10FA3FF4AFAC059A42F021
:10A6540020020592002B40F05F87059B13F0010355
:10A664003FF4FDA996F8D92022F0420286F8D920B9
:10A67400D6F8D82022F0E0620B92C6F8D820FFF773
:10A6840004BAD6F8D8304546DDF84C803C4623F071
:10A69400E0634F46DDF84490C6F8D83098F82F3080
:10A6A40088F82F00434023433FF45AA9022015F0B1
:10A6B40073FE98F82F00FFF753B92823FEF7B4B8B8
:10A6C4001A23FEF7B1B82423FEF7AEB8654B9A6996
:10A6D400002A3EF442AA96F8D92014077FF53BAC31
:10A6E400D6F8CC0000283FF4B7AADB699847436842
:10A6F400002B3FF4B1AA96F8D9306FF3C30386F860
:10A70400D930FFF756B99DF81C30002B7FF451A9BE
:10A714002523FEF789B8089B4BB3DB689B7A19079E
:10A7240025D53389052B18BF332B06D0013B022BCB
:10A7340003D9059B43F0400305939DF81C301BB1DE
:10A74400049B022B01F0B683089B1A7802F00303E2
:10A75400012B00F08A85089B1B789A0740F18285BB
:10A76400059B5B0600F17E85012388F88F30D6F8BF
:10A77400C430C8F88430299312F0EEFB831E179975
:10A78400069018BF0123149361B15BB1084611917F
:10A794001EF00EFD01301CF031FF2A9010B111990A
:10A7A4001DF074FFBC0602D5B37A88F80230736ECC
:10A7B400089AC8F870305378012B00F04E84D2ED1B
:10A7C400027A96ED227AF4EE477AF1EE10FA40F02E
:10A7D4004D83BDF81420900600F14883D3B213933F
:10A7E400139BD6F8D0005C0654BFD6F888300023FB
:10A7F4002593D8F88830834225D0069BC8F8880072
:10A80400022B20D00021FDF70FFC0A9B0146002BF0
:10A8140040F0038699F80A32580700F1F985124B83
:10A824001B7F042B00F0F985D9F8E030002B00F0F1
:10A83400EF85D9F82831002B01F042830A9A0846A3
:10A8440082F001019847099B93B13E3B062B0FD838
:10A85400DFE813F00C000C0052025202D1070C0086
:10A86400460800BF6807012014160120FDF708FC04
:10A87400BC0354D50A9B002B51D1149B002B4ED002
:10A884002A9BD8F88800002B01F027800021FDF7CF
:10A89400CBFB83460AF082F82A9818B1FDF750FEE4
:10A8A40000232A93D8F8D4305846DBF810201B69CB
:10A8B4009A4234D0924B1193D3F8D0305BB1089CB8
:10A8C400217809919847237809998B4203D047F45A
:10A8D400802786F85830D9F82C31002B01F02E80CF
:10A8E4008848984703461A9000287DF49DAF80203D
:10A8F40015F052FD119B9B69002B01F00180C8F8F3
:10A90400D4B0119CD4F8D4304BB112F025FBB0F57F
:10A91400007F04D0D4F8D430D8F8D4009847780312
:10A9240028D5089C96F8581023788B4210D09DEDBA
:10A93400250A6278E06811F03BFF28B1E3685A68A1
:10A9440096F858301372237080F00100C3B212934A
:10A954009AF81F306FF3C3038AF81F30129B4BB170
:10A96400674BDB6B33B108989DED250A427801787B
:10A97400C0689847089B96F8EC20C8F86C30A2F1A0
:10A984004603032B20D8DFE813F00400B4016B0165
:10A99400040000232193DAF810301F93DAF81430FE
:10A9A4002093D8F8283013B15B68DB682193A2F1B7
:10A9B400490198ED1C0A53484A424A411FA907F02D
:10A9C40043FC002801F08182D8F87030229398F873
:10A9D4000230012B05D19DF89C3043F020038DF803
:10A9E4009C30D8F86C200DF18C0C98F88F30D1681D
:10A9F400269110685168ACE8030012788DF88C2019
:10AA04009DF89C2063F3C7128DF89C200BB198F835
:10AA14008E309DF89D2063F30002C7F307438DF841
:10AA24009D203A0300F1FF8298F819200021DC06EA
:10AA34008DF89E208AF8201009D5B38ED805A8F881
:10AA44002C3000F1DA84B8F82C0006F081FB73880E
:10AA5400DBB1149BCBB13379002B40F0B9840C9B50
:10AA6400C6F8D850C6F8C8300E9BC6ED198AC6F889
:10AA7400D030234B86ED228AD3F8045112F06CFABD
:10AA84002149A8470023C6F8D8303378042B00F0B6
:10AA9400AB8479075FFA87FB02D5B37B88F806306D
:10AAA4001BF0400F02D0F37A88F80330FA05C7F39D
:10AAB400072546D5F37B88F8073003F0FD03012B07
:10AAC40040F098840E4BD6F8CC00DB699847416877
:10AAD4009DF81C30B0EE496A98F807E00022DFF8D0
:10AAE40024801C46084F03204346DFED086A0138E2
:10AAF400BEF1030F1BD8DFE80EF09689A20B00BF4E
:10AB0400680701208406012094050120000000004C
:10AB140091ED027AD3ED117AB5EE407A77EE877A29
:10AB2400F1EE10FAC3ED117A18BF42F00102043BB2
:10AB34000439043F0028DAD1B0EE469A002A40F0E6
:10AB44004B842B0700F119831BF0080F02D0337BD1
:10AB540088F804306F0600F10983AC0703D596F832
:10AB6400363088F82E303378412B00F231811B2B9C
:10AB740000F2DB800A2B07D196F8D430022B01F0C7
:10AB84008381142B01F08081338996F83820502B6F
:10AB9400A8F8003088F8302003D0049A022A00F084
:10ABA40075832A9808B1FDF7CBFC96F8203088F815
:10ABB400183023B9BAF8082012067DF535AE09F02D
:10ABC400EDFE98F81830632B00F0FA83032B00F0A5
:10ABD400E78396F820303C2B00F0E283012B00F051
:10ABE400DF83BAF80820170641F17380069B022B15
:10ABF40006D00821D9F84030BF48984709F0A0FB97
:10AC04000022134688F81820FDF70EBED1ED027A13
:10AC140093ED117AB4EE677AF1EE10FA87D001223F
:10AC2400C3ED117A83E7D3ED117AC3ED116AF5EE22
:10AC3400407AF1EE10FA18BF42F0010277E724FAE5
:10AC440000FC1CF0010F3FF472AFD7ED2B7A93EDAB
:10AC5400117AB4EE677AF1EE10FA3FF468AFDEE7EA
:10AC640007F04EFB00283FF4AFAE01460990A3481D
:10AC7400FDF702F9099B9A6CC8F87020A04A127873
:10AC8400920602D5B27A88F802209D4A5278D407F7
:10AC940000F16E869A4A9278D00600F15D86984A51
:10ACA4009278110701F1DF800993954B1A79E2B18B
:10ACB400944ADFF858C207CA8CE8070098F82C10A9
:10ACC400D8F8280001F0010111F05CFC099B002870
:10ACD40000F0B7818C4B98ED090AB3F8AC2098F8D2
:10ACE4001C10D8F8280011F091FD854B1B681F43F8
:10ACF4006AE607F0E7FA67E6D9F86C309847020786
:10AD040003D5099B412B7EF41DAAD6ED387A96F81B
:10AD1400DD00F8EEE77AF5EE407AF1EE10FA14BFB2
:10AD24000121002103F022FDA2E51C3B252B3FF667
:10AD34002BAF01A252F823F0155600001949000068
:10AD4400155600001949000019490000194900006E
:10AD54001949000019490000194900001949000067
:10AD64000956000019490000F75500001949000070
:10AD74001949000019490000194900001949000047
:10AD84001949000019490000194900001949000037
:10AD94001949000019490000194900001949000027
:10ADA4001949000019490000194900001949000017
:10ADB4001949000019490000194900001949000007
:10ADC400194900001949000019490000B75500004D
:10ADD4005C3BDAB21E2A3FF6D7AE1E2B3FF6D4AE4A
:10ADE40001A252F823F000BF935C0000194900004F
:10ADF40019490000194900001949000019490000C7
:10AE040019490000194900001949000019490000B6
:10AE140005520000194900001949000019490000B1
:10AE24001949000019490000194900001949000096
:10AE3400194900001949000017520000194900007F
:10AE44001949000019490000194900001949000076
:10AE54001949000019490000194900001949000066
:10AE6400615C0000FDF726F9FEF778BD089B1B78AE
:10AE7400D90700F131819DF814301393D6F8883046
:10AE8400089A9360ACE490ED067AD6ED177A96F8BA
:10AE9400D8C0F4EEC77A41686FF3C71CF1EE10FA1C
:10AEA40058BFF0EE477AC1ED077A86F8D8C0FFF7AD
:10AEB400B3B8B8F800C0059ABCEB040318BF01236B
:10AEC40063F34922ADF81420002C40F020819DF852
:10AED4001C30003B18BF01235B00049302F0010304
:10AEE4000B93FEF7B8BD049B328186F838300223F9
:10AEF4001A460493FEF76AB8601C01209C050120E1
:10AF040038030120B805012014160120A0060120F1
:10AF1400D6F8D81011F4043F3FF41DA8C84B8B4356
:10AF240000F0D48696F8D430042B3FF63EA83BB10B
:10AF3400D6ED207AF5EE407AF1EE10FA3FF435A81A
:10AF440096F8DA30D8071DD596ED1F9AB5EEC09A5B
:10AF5400F1EE10FA3EF5B8AF0021012003F08CF9B0
:10AF6400BCEEC99A19EE103A8342BFF41EA8D6ED7E
:10AF74001F7A0123FCEEE77A86F8DC3017EE903A6C
:10AF840086F8DD3096F8D930D90700F11981D6F862
:10AF9400D830AC491940C6F8D810FEF73CBC328909
:10AFA400012A7EF650AD1E23FDF73EBC1C2AA6499D
:10AFB4000CBF09200A200FF08FFF00283FF410ABCC
:10AFC400BBF1000F40F06D823289502A00F07F837C
:10AFD4000B9B03F0FF020492002B3EF440AD96F865
:10AFE400D920049B22F0420286F8D920FEF748BDFE
:10AFF400BBF1000F3FF4FAA9FFF7F4B9D0ED347AAE
:10B0040091ED066AD0ED116A77EE867A91ED2B7A8E
:10B0140077EEA67A77EE277AC1ED2B7AFEF705BD97
:10B024001023FDF701BC96F821000993FCF77EFD7F
:10B03400099B00283FF4F8AC96F8212088F81920E1
:10B04400F2E4996DD8F8280011F022FA42E6D6F815
:10B05400D030C6F8CC30FEF7ACBC3389502B00F0AE
:10B064009880002B00F09580089C00210F98E368DD
:10B074005B6803F110021193626004465862FDF7A5
:10B0840093F8119B08EB840283ED080A089BD2ED28
:10B094001E7A5B6893ED047A77EEC77AF5EEC07A90
:10B0A400F1EE10FA40F2ED85DFED686A93ED006A87
:10B0B40067EEA67A93ED037AC6EE276AB4EEE67AD3
:10B0C400F1EE10FA58BFB0EE667A089BD3ED027A1F
:10B0D40086ED227AFFF775BBBDF81430DCB21A0690
:10B0E40013943FF5CBAE089BDB685B6883ED007A75
:10B0F40009F054FC089BD8686306089B54BF96ED7E
:10B10400220A9FED530A197811F054FAB6E696F81C
:10B1140038300BB986F8363096F85920012A00F0F9
:10B12400A382212C3FF484AA4C2C00F0A687D6EDF0
:10B13400197AF5EE407AF1EE10FA3EF457AF002B8F
:10B1440040F0EA81052C00F2BE81013C042C3FF65C
:10B1540084AA01A353F824F0396300006561000058
:10B164006D610000EB430000D15C0000737B08209C
:10B1740088F8053015F010F9EFE4364B364F0FCB55
:10B1840087E80F004FF4007015F006F915F038F851
:10B19400DAE4089A53681BB10023536009F0FEFBFC
:10B1A400089BD3ED027AC6ED227AFFF70ABB3489F5
:10B1B400502C7EF44CACFFF719B91F23FDF734BBB8
:10B1C40096ED189A0021BCEEC99A084603F054F88B
:10B1D40019EE103A8342BEF4E8AE96F8D430002B50
:10B1E4007EF4E3AED6ED187A86F8DC30FCEEE77A2E
:10B1F40017EE903A86F8DD30C9E6D1ED207A92ED6B
:10B204002B6AD1ED346A77EEC67A91ED117A77EE36
:10B21400E67A77EEC77AC2ED2E7AFFF7D6B901380F
:10B22400C0B2FFF7AFB91D23FDF7FEBA139B012B84
:10B234003FF685A9D0F844A0C1F808A0FFF77FB96C
:10B2440000010100FFEEFCFF44060120DB0FC940B2
:10B2540000000000A40501208C060120059B5C066B
:10B2640040F1DB820023FFF780BAB8F80030332BBB
:10B2740018BF052B02D0013B022BEFD8059B5B06C0
:10B2840000F1CB829407EDD5FFF76EBA974F542B9C
:10B294003A682B926BD8542B56D8DFE813F0CD04C0
:10B2A400C3049104910455007004550055005500E1
:10B2B40055005500550055005500550055005500E2
:10B2C40055005500550055005500550055005500D2
:10B2D40055005500550055005500550055005500C2
:10B2E40014045500550055005500550055005500EF
:10B2F40055005500550055005500550055005500A2
:10B3040055005500D403550055005500550055000F
:10B314005500550055005500550055005500550081
:10B324005500550055005500550055005500550071
:10B334008E03550055007B025500550055005500FD
:10B344008E038E038E038E0300202B9B3B609AF8A2
:10B354000130002B7FF425AC002800F03F82012847
:10B364007FF41FAC6249634814F06AFF19E48C3B14
:10B37400032B00F23A82604B19EE101A9DF89C00E0
:10B3840093F82031BDF8142083F01003C3F30013A5
:10B3940063F304108DF89C00584805F07BFDD4E756
:10B3A400069B022B3FF42CAC96F820303C2B7FF408
:10B3B40020ACD9F8E831002B3FF41BAC984718E4D3
:10B3C4004F4BD3F82431002B3FF41AAC984717E4C1
:10B3D40009F0E4FAFFF743BB4FF4806014F0DCFF9C
:10B3E40014F00EFFFFF7ADBB96ED1F0A05F03AFD12
:10B3F400FFF74FBB0021FFF76BBB084608F0B2FB19
:10B40400FFF721BB0123FEF788BB2C23FDF70CBA01
:10B41400D9F82C31002B7FF40CAA394B11939B697A
:10B424001BB3C8F8D410119BD3F8D0306BB1089C6F
:10B434000846159194F800B09847237815995B4510
:10B4440003D047F4802786F85830119BD3F8D430C2
:10B4540023B1D8F8D4001191984711998020119103
:10B4640014F09AFF1199FFF7E4B90A69D8F8D430B7
:10B474001A61D8E7204B93F81D31990703D4214969
:10B484000B200FF0FBFC1F4D2846FCF7E1FC0023CA
:10B4940088F8C4301C4B95E8070083E80700FFF7E1
:10B4A40073BB1A4803221A49013A2BFA02F3DC0748
:10B4B40003D4D0F88030C1F8B83004380439002AF5
:10B4C400F2D1FEF78BBF332C00F03287A4F18C034A
:10B4D400032B3FF6C2A8A4F18D03022B00F20E87C2
:10B4E400DFE813F008070C07080700BF400D012030
:10B4F400B01C0120FC06012014160120380601208E
:10B5040068070120547D00204C0701208406012097
:10B51400940501203333CB41059B13F002001ED068
:10B5240098F80230012B00F0D68096F8DA305907EB
:10B534007EF511AD109A9DF81C30D340DA077EF5E4
:10B544000AAD0D9A002308EB8202C8F86030136537
:10B554000F9A08EB820213650123A8F8683096F865
:10B56400D930DB0600F19B80012386F8D43096F8AD
:10B57400DA30590718D5F37AF7EE006AD6ED217A56
:10B58400002B1FED1C7A337B06FE877A27EE877A21
:10B59400002B00F08C80109B08EB8303D3ED1E7A04
:10B5A40077EE277AC8ED197A98ED197A032296F87E
:10B5B4000CE08346DFF88083D54E9DF81CA04346FB
:10B5C4003146013A2AFA02FC1CF0010F0CD0109803
:10B5D400D1ED2B7A9042C3ED167A54D0D3ED206A84
:10B5E40077EEE67AC3ED167A043B0439002AE8D1F3
:10B5F400109B584608EB8303D3ED147AB4EEE77A34
:10B60400F1EE10FA00F1BF80D6F8D83023F482238B
:10B61400C6F8D830A4F14903102B3FF61EA801A2A6
:10B6240052F823F0D3540000EB430000EB43000036
:10B63400EB430000EB430000EB430000EB4300004E
:10B64400EB430000A75400007D540000D3540000D5
:10B654007D540000A75400006D540000EB4300002B
:10B66400EB4300006D54000096F85820D20707D52C
:10B67400D6ED227AF5EE407AF1EE10FA7FF451AD70
:10B684002923FDF7D1B8BEF1000FADD0D3ED206A68
:10B6940077EEE67A77EE877AC3ED167AA4E796F822
:10B6A400D430002B7FF463AF1323FDF7BDB8109A99
:10B6B40006EB8203D3ED047A08EB8203D3ED326AFE
:10B6C40077EEA67AD3ED0F6A77EEA67A68E7CDF81F
:10B6D40010B0FEF78BBE0323FDF7A6B8A4F1560203
:10B6E4005342534188F8693088F86830542C1ED08E
:10B6F40096F8DA30D9077EF52BACD6ED1F6AF5EE55
:10B70400C06AF1EE10FA3EF5DFAB6FF30003C8ED4B
:10B71400186A86F8DA3037EE677A552C88ED177A8E
:10B724007EF49BAF002388F86830FEF796BF089B31
:10B73400DB689B7A5B077DF510AA002388F86830E4
:10B74400D6E796F8DA309A0720D5D6ED207AF5EECA
:10B75400C07AF1EE10FA7EF6B7AB6FF34103F7EE61
:10B76400006A9FED6C7A86F8DA30F37A002B06FED5
:10B77400877A67EE877AC8ED177A4FF07A53C8F85C
:10B784006030FEF76ABF3623FDF74EB80028F4D0C8
:10B79400FEF7E1BB09F002F95F4A9AF81FB019EE0F
:10B7A400100A92ED000ABAF81E50CBF3400BFCF7D6
:10B7B400FDFA034600287DF437A819EE100A5B460B
:10B7C400554A564905F086F9284605F0C1FC2B9BDD
:10B7D4003B609AF80130002B7FF4E3A9504A4F4BA9
:10B7E40007CA83E80700FFF7DCB99AF80130002B99
:10B7F4007FF4D7A9F2E796ED200A96F8D42096F8BC
:10B80400DD1096F8DC0002F0C3FFCAF844004FF4E0
:10B81400006014F0C1FDFFF72BB8059B43F0200333
:10B824000593FEF798BF9FED3F0A3F4806F0FEFAE6
:10B834009FED3C0A3D4806F0F9FAD6ED1F7A3C4BE1
:10B84400FCEEE77AD3F8203117EE902A90B29847AD
:10B85400FE2804900DD006F085FD049BFF2B08BF45
:10B864002723FCF7E1BF2D490A200FF007FBFFF760
:10B874008BB90023FCF7D8BF284909200FF0FEFA42
:10B88400FFF782B99DF89C3043F001038DF89C309A
:10B89400049B002B40F08B80264D19EE101A28468D
:10B8A40004F09AFB1D4B95E8070083E80700FCF7BA
:10B8B40001FCFFF769B9D0ED207A90ED046AD0ED70
:10B8C400346A77EEC67A94ED2B7A77EEE67A77EEE1
:10B8D400C77AC1ED027AFEF732BE2AA9FEF7D7BFB6
:10B8E400D9F86C30984703073DF52CACD6ED387A7F
:10B8F40096F8DD00B8EEE70A02F02EFFFEF7B8BFB7
:10B90400DBF81010D8F8D4301961FEF7FABF00BF85
:10B91400940501203333CB41E41F0120FC060120B0
:10B92400380601200000000098790020A07900204A
:10B934006807012044060120840601201A9301238C
:10B944004FF48061D24888F89030D9F84030984755
:10B9540008F0F6FCFEF7CEBF6FF30412CD4909934D
:10B964008A70D3E9140108F0FDF8099BFFF797B931
:10B974006FF300020993C74B5A7014F041FC4FF463
:10B98400806014F009FD099BF27BDFF820C3D86BBB
:10B99400196C88F807205A6CACE80700FFF77AB9ED
:10B9A400CA40D2077EF5FFAD3823FCF73DBF19EE40
:10B9B400101AB94804F010FB6EE7542B00F0B8805D
:10B9C40000252C46AB4604950D9B19EE102A8DF8E4
:10B9D40074300F9B8DF87530109B8DF876301D9B5D
:10B9E400ADF800301B0C8DF8023096F8D43001937A
:10B9F400AA4B02932833D6F88810B8F80000259192
:10BA040098F82E1088F86A10A34904F0FBFEB8F8E1
:10BA14000030542B7FF4DBAE88F82C50002D7BD003
:10BA24000B9BCAF8103098F82D3064F341036BF384
:10BA3400000388F82D30BBF1000F67D0B8F82C0054
:10BA440005F086FBC3E698ED1E3AF0EE085A96ED33
:10BA54001A6A19EE101AD8ED1F3AD6ED1B6A33EEA6
:10BA6400067A96ED294A36EE066A73EEA67AD6ED84
:10BA74002A4A76EEA66A37EE447A77EEE47A86EEC0
:10BA8400255A37EE077A86EEA56A77EEA77AC7EECF
:10BA9400256A87EEA57A76EE237A75EE035ACDED04
:10BAA4001E7ACDED1D5A76EE846ACDED1F6A77EECF
:10BAB400247A1FAB7A4A784800931DABCDED207AE7
:10BAC40004F052FD83E608F069FF96ED1D0A19EEB5
:10BAD400100ABAF81E50FCF769F9034600287CF4F2
:10BAE400A3AE9DF88C3019EE101A6B4843F0800316
:10BAF4008DF88C309DF8A13043F002038DF8A1300D
:10BB040004F06AFA284605F023FB60E60B98DAF89D
:10BB1400141008F027F891E72946269810F032FD12
:10BB240000287FF47DAF0499269810F0B1FC77E7E4
:10BB3400269B642098F82D205B6898F82C5002F01E
:10BB4400010BDB68DAF814100493B8F82C30059371
:10BB5400C2F340031C46DAF810300B9308F002F8E5
:10BB640045F00102059B62F30703C3F3072242F089
:10BB7400030262F30F23184605F0EAFA24E798ED6E
:10BB84001E6A19EE101A96ED1A4AD8ED1F6AD6ED00
:10BB94001B4A36EE046A96ED297A98ED0D5A76EE34
:10BBA400A46AD6ED2A7A37EE057AD8ED0E5A8DEDD1
:10BBB4001D6A77EEA57ACDED1E6A8DED1F7A78E7C2
:10BBC40098F80230022B0BD19DF88C3043F080039F
:10BBD4008DF88C309DF89C3043F040038DF89C30F8
:10BBE4000D9A19EE101A139B8DF874200F9A13F006
:10BBF400040FD6F8E8308DF87520109A18BF5B4210
:10BC040096ED210A8DF8762001931D9B244AADF808
:10BC140000301B0C8DF80230224B03F13C0004F081
:10BC240097FAD4E598F80230022B11D019EE101AC5
:10BC3400194804F0D1F9CAE59DF89C3019EE101AA0
:10BC4400154843F001038DF89C3004F0C5F9BEE5B6
:10BC54009DF89C3043F040038DF89C30124B1B7EC2
:10BC6400022B00F0F48001229DF88C3062F3C7139C
:10BC74008DF88C30DAE7D4F8ACA0C1F808A0FEF750
:10BC84005EBC93ED037AFFF720BA5223FCF7CCBDD8
:10BC9400601C01203803012038060120D40601204D
:10BCA400FC060120FC05012014160120C006012019
:10BCB400139322AB0820194609EE103A0FF00CF941
:10BCC400139B00287EF411ACFEF78ABC3023FCF7EA
:10BCD400ABBD1E2B03D1149B002B40F0B18001227D
:10BCE4000023A8F8002098F8142086F8383088F843
:10BCF4008C3088F8063088F8043088F80230002A3E
:10BD040040F09780B8F82C30D8F8282023F4FF733B
:10BD140023F00103A8F82C30002388F8193042B12D
:10BD2400A8F81C305268C8F82030117A63F3041163
:10BD34001172C44C94F81C319E0754D5089B64229C
:10BD4400DB685B68DA6094F82C31DD070AD503F010
:10BD5400060398F82D209D1F6B426B4163F382020A
:10BD640088F82D206423CAE90433B8F82C30AAF8E3
:10BD74001E30069B022B1AD0B34998F814000FF01A
:10BD8400ABF800283EF42CAC94F81D319C073ED54A
:10BD940014F036FA10F0A6FD98F81900D9F87430AA
:10BDA4009847102014F0F8FA202014F0F5FAA74B65
:10BDB4001193DB6C33B1069A901E4142414198F8CD
:10BDC40018009847A24B1C6802E0A4681BF01EFCF4
:10BDD4002046002CF9D106F075FA119B0820DB6887
:10BDE4009847FEF70DBF94F82C31DA07BDD503F060
:10BDF400060398F82D209E1F7342734163F3820259
:10BE040088F82D20B8F82C30AAF81E30B1E71FA905
:10BE14000B200FF061F80028BAD00C221FA88D491E
:10BE24001BF0ACFE0028B3D08A490B200FF026F893
:10BE3400AEE74FF4007088F8143014F0ADFA61E7FF
:10BE4400D9F8E831002B3FF44AAF984747E796ED1D
:10BE54002B7AD8ED207AB4EE677AF1EE10FA14BF9B
:10BE64000122002200E76FF3C30209937A4B96F88C
:10BE740021009A70734A88F81900B2F8A410FBF7ED
:10BE8400FFFD099BFEF710BF744D96F8BC002946D0
:10BE94000EF0F4FF98F8142096F8BC309A427EF421
:10BEA40073AE694B95E8070083E8070014F0A8F91E
:10BEB400FEF76ABE059B43F080030593FEF74BBC77
:10BEC400802014F069FAFEF7BEBC5323FCF7ACBC27
:10BED4001FAD0B2029460EF0FFFF2846FBF7B8FFE5
:10BEE4000C225F4928461BF049FE0038594B18BF05
:10BEF400012088F8C40095E8070083E80700FEF7EE
:10BF040043BE584F534D3846FBF7A2FF97E807004E
:10BF140085E807000C22524928461BF02FFE494BA6
:10BF2400003893F81D3118BF012088F8C400980721
:10BF34003EF52AAE29460B200EF0A0FFFEF724BEE4
:10BF4400B37B002B40F09680079B13F0FC0F7EF42C
:10BF540070A9D6F8D83003F44032B2F5403F7DF4EE
:10BF6400FAAF059A900504D503F03003302B7DF425
:10BF7400F2AF96F8D83013F0300F3ED196ED1F7A19
:10BF8400D6ED207AB1EE477AF37AF1EE677A86ED50
:10BF94001A7AC6ED1B7A6BB196ED1F7ADFED326A21
:10BFA400D6ED207A27EE267A67EEA67A86ED1F7AFA
:10BFB400C6ED207A98F82F3083B12C4B96ED1F7A7A
:10BFC400D6ED207A93ED036AD3ED046A27EE067A60
:10BFD40067EEA67A86ED1F7AC6ED207AD6F8D820C9
:10BFE400234B1340C6F8D830F36FC8F83430D6F872
:10BFF4008030C8F83830FEF730BBF37A002B00F0FD
:10C00400E08296ED1A7ADFED186AD6ED1B7A27EEF8
:10C01400267A98F82F3067EEA67A86ED1A7AC6ED5E
:10C024001B7A002BB8D0114BD3ED036A93ED046A4D
:10C0340026EE877A67EE867A86ED1A7AC6ED1B7A43
:10C04400AAE700BF141601208C060120680701200E
:10C05400400D01204C070120380301204406012033
:10C06400547D0020380601203333CB41F0F8002002
:10C07400CFFFFCFF2A23FCF7D7BB089AD268D16B09
:10C0840000293CF46AADB17B0129F3D19DF81C1061
:10C0940011F0FA0F5FFA81FE7EF415AB96F8DA1010
:10C0A4008B4611F00401069109D0F7EE007A96ED63
:10C0B400217AB4EEE77AF1EE10FA3DF576AF1EF090
:10C0C400040F3DF448AFBC49D6F8D800014000291C
:10C0D4003DF441AF96ED1FAAB5EEC0AAF1EE10FAF9
:10C0E4003DF5F2AED6ED1B6AF5EEC06AF1EE10FA3C
:10C0F4003DF5EAAE96ED1C6AB5EEC06AF1EE10FAB3
:10C104003DF5E2AEF5EE406AD6ED1A7AF1EE10FA9C
:10C114003DF44BAFF5EE407AF1EE10FA3DF445AF45
:10C12400F4EEC66AF1EE10FABDF63FAF96F8D9A068
:10C134001AF010010B9104D096F8D41003293DF69F
:10C1440034AF0899D2ED055A91ED027AB4EEE57A4E
:10C15400F1EE10FA3FF559A9D2ED065AB4EEE57A9C
:10C16400F1EE10FA3FF751A9BCF14C0F934A09D0F4
:10C174004FF07E5151610021C2E90611C2E9081154
:10C18400C2E90A11F5EEC07AD6ED2B9AFFEE005AF9
:10C19400F17AB7EE005A82ED00AAF1EE10FAC2ED80
:10C1A400036AB0EEE77AC2ED019A82ED046A58BFE1
:10C1B400F0EE455A82ED027AC2ED095A69B1DFED1B
:10C1C400805A27EE257A66EEA56A26EE256A82ED68
:10C1D400027AC2ED036A82ED046A717B99B1F6EECC
:10C1E400005A92ED026AD2ED036A92ED047A26EEC9
:10C1F400256A66EEA56A27EE257A82ED026AC2ED0B
:10C20400036A82ED047A1EF0010F4AD11AF0080F76
:10C2140002D0D6F8CC1091620B9919B196F8D410CB
:10C2240082F82C101AF0010F01D0316ED16192ED19
:10C23400077AB5EEC07AF1EE10FA2CD992F82C10E8
:10C2440049B3D8ED207AF6EE006A79EEE77AF0EE9B
:10C25400E77A67EEA67AB4EEE77AF1EE10FA3DF7E4
:10C26400A4AE069911B1D6F8841051615FEA8B70BF
:10C2740002D5D6F880101162059A524942F0200284
:10C284000592D6F8D8201140C6F8D810002B7FF4B8
:10C2940043A9FEF7E2B90021D161002182F82C10F4
:10C2A400DFE7D8ED326A96ED046AD8ED0F7A36EE00
:10C2B400266A98ED207AD6ED296A39EEC77A139367
:10C2C40036EE276A1192B0EEC79A27EE070A36EEC9
:10C2D400C67A86ED1F9AA7EE070A82ED067A18F051
:10C2E400F9F92AEE000A119A139BC0EE097AC2EDFD
:10C2F400007A8BE7059B43F0100305938E3C012CD9
:10C3040058D9059BC3F3C003059A63F3C3029DF890
:10C314001C300592002B3EF4D3A90C222A492B4849
:10C324001BF02CFC00287EF498A92123FCF77CBA8E
:10C33400B37B002B7FF49EAE079B13F0FC0F7DF4C0
:10C3440078AFD6F8D83003F03003302B7DF403AE49
:10C35400D6ED1A7AF5EE407AF1EE10FA3DF425AEF8
:10C36400F37A5BB1DFED166A96ED1B7A67EEA67A77
:10C3740027EE267AC6ED1A7A86ED1B7A98F82F30C6
:10C3840083B1134B96ED1A7AD6ED1B7A93ED036ABB
:10C39400D3ED046A27EE067A67EEA67A86ED1A7A5A
:10C3A400C6ED1B7A96F8D83023F0300386F8D830DF
:10C3B400FEF753B90123A7E770000100E41F012031
:10C3C4003333CB418FE6F8FF38060120FC06012009
:10C3D400F0F80020059B43F0040305939DF81C101E
:10C3E40000293EF46DA901220D9B0F9802FA03F374
:10C3F40002FA00F00343194200F0D38096F8DA10F1
:10C40400CC0700F1B380C6F8E8200D990F9806EB2D
:10C41400810298F82F40D2ED29AA08EB8102D2EDCF
:10C424001E7A06EB800292ED297A08EB80027AEEFE
:10C43400E7AAD2ED1E7A77EE67BAC4B1A84A02EB36
:10C44400810102EB8002D1ED036AD2ED037A66EE3C
:10C45400A76AF5EEC06AF1EE10FA08D5BDF814101B
:10C4640081F00402C2F3800262F38201059196F81E
:10C47400DA20500740F1BF8013469A490C229A48AB
:10C484006FF3820386F8DA301BF078FB00283FF460
:10C494004CAFF37A3BB1D6ED216ADFED947A66EEC8
:10C4A400A76AC6ED216AB4B18D4B0D9AD6ED216A07
:10C4B40003EB8202D2ED037A0F9A03EB820393ED2E
:10C4C400036AF4EEC67AF1EE10FA77FE867A66EE27
:10C4D400A76AC6ED216AF1EE006A96ED219A2AEE6A
:10C4E400AABA2BEEABAA69EE266AB0EE4B0A99EE15
:10C4F400260A30EE4A0AB5EEC00AF1EE10FA77D4F5
:10C5040018F0E8F8F0EE409A3BEE0A0A18F0E2F868
:10C514003389F1EE699AB5EEC09A032BC9EE807A9D
:10C5240008BFF1EE677AF1EE10FA05D5B1EE499A3B
:10C53400F1EE677A86ED219AF0EE6A6A0D9BB0EE11
:10C544006B7A06EB8303E7EEEB6AA7EEAA7AF6EEC4
:10C55400007A66EEA76A67EE277AC3ED1A6A0F9B24
:10C5640006EB8303C3ED1A7AFEF777B896ED1F0A3C
:10C574000B9306F051F900283DF4BBABD6ED1F7ABE
:10C58400FCEEE77A17EE902AC6ED3A7A002A3DF4DB
:10C594000CAD96F8DA206FF3000286F8DA200B9BD4
:10C5A40033E72023FCF740B99DF81C30003B18BF4B
:10C5B40001235B000493059B03F001030B93FDF738
:10C5C4004ABA98F82F30002B3FF408AD444B96ED4F
:10C5D4001A6AD6ED1B7A93ED037AD3ED046A27EE3B
:10C5E400067A67EEA67A86ED1A7AC6ED1B7AE5E43A
:10C5F4002223FCF719B9069A13426DD096F8D83065
:10C6040023F0700386F8D830F37A8BB1DFED377AF4
:10C614000323374A013B0699D940C90705D5D2ED12
:10C624001C6A66EEA76AC2ED1C6A043A002BF1D1BB
:10C634009CB12F4A03232A49013B0698D840C407DA
:10C6440007D5D2ED1C6AD1ED057A66EEA76AC2ED74
:10C654001C6A043A0439002BEED10F9B06EB8303CA
:10C66400D3ED1A9A0D9B3BEEE90A06EB830393ED97
:10C674001AAA20EE000A7AEECAAAAAEEAA0A18F0AA
:10C6840029F869EEA99AB0EE409AB0EE690AAAEECA
:10C694000A0A18F01FF879EE407A9FED167A86EDB3
:10C6A400210AF0EEE77AF4EEC77AF1EE10FA7DF79C
:10C6B400D4AFB6EE007AF4EEC77AF1EE10FA3FF793
:10C6C40034AE9FED0D7A20EE070AB4EEE70AF1EEE0
:10C6D40010FA7DF5C2AF28E62323FCF7A5B800BF06
:10C6E400F0F8002038060120FC0601203333CB414A
:10C6F400940501200AD7A33B6F12833A704700BF09
:10C7040000207047084B00B5DB6D83B098470022CA
:10C71400C1B2C0F3074361F3070263F30F2210466B
:10C7240003B05DF804FB00BF98080120024A034BE4
:10C73400D2F8C0001B681847980801206807012038
:10C74400074B1B6810B5044603B19847E4B2054B88
:10C75400A4F10704B4FA84F4640983F8844010BD96
:10C76400141C0120241C0120074B70B51B680446CF
:10C774000D469847054BDB6E23B129462046BDE89C
:10C784007040184770BD00BFB80A01206807012037
:10C79400034B93F80A02400800F00200704700BF00
:10C7A400980801202DE9F843DFF80081D8F800301B
:10C7B400002B69D0374B384E93F88330DBB1336D9F
:10C7C4009847D8F80040002C60D00025F36C334F14
:10C7D400C8F80050984701E0904764B1234639688F
:10C7E400D4E90120E4685D60DD600029F4D13B6098
:10C7F4009047002CF2D1D6F8E0319847284B804678
:10C804001A6882423ED0274D274A2C681768BC42DA
:10C8140038D0186037B1D7E901309847FF68002F46
:10C82400F9D12C68002C2DD00027DFF870900BE094
:10C83400F36C9847D9F80020E760D4E901306760C9
:10C84400D2B198472C68ECB12368A3EB0803002B02
:10C8540018DC336D98472B68A3420AD0002BE7D02D
:10C864001A46DB68002BE3D0A342F9D1E368D36016
:10C87400DEE7E3682B60DBE7C9F8004098472C68E3
:10C88400002CE1D1BDE8F883034EB4E7F36C98477C
:10C89400B1E700BF241C012098080120D80A012018
:10C8A400E00A0120CC0C0120481D0120CC0A012003
:10C8B40008B50CF051FD024B0022C3F8242108BD39
:10C8C4006807012000B585B0FBF7C2F90E4B029052
:10C8D400DB6D98479DF808209DF809C09DF80A3043
:10C8E40002400CEA102C9DF80B1003EA104301EAF5
:10C8F400106142EA0C0200200B4362F3070063F369
:10C904000F2005B05DF804FB98080120164B10B504
:10C9140093F800E08CB0154C6FEA0E0E0DF1080C84
:10C924005FFA8EFE83F800E00FCCACE80F0094E8C9
:10C934000F00ACE8070070468CF8003005F0D8FD15
:10C94400014602A801911CF033FC02AB0199184482
:10C9540019F02CFF064A03460021128802A81A8007
:10C964000AF062F80CB010BD40EE002010810020E7
:10C9740030810020F8B50E4B0E4F0F48D3F8C0306D
:10C9840098473C689CB10D4E002502E090473C60FE
:10C994006CB123463168D4E90120E4685D60DD6050
:10C9A4000029F3D1336090473C60002CF1D1F8BDED
:10C9B40098080120EC0C0120247E0020D80A0120D4
:10C9C4004AB1064A92F82121920704D5044A18462E
:10C9D400D2F81C3118470020704700BF14160120FC
:10C9E40098080120074B93F81E21D20604D502694A
:10C9F400D3F8A0118A4200D17047C3F8A0210DF0EA
:10CA0400A9BE00BF14160120704700BF2DE9F041F4
:10CA1400244E044682B00F46336D90469847002C4E
:10CA240036D0214B1D6825B300221A60D6F8E031B8
:10CA3400984700236C6040441C4CEB6023682860DA
:10CA4400AF603BB31968411A002904DC25E019687A
:10CA5400411A002903DB1C46DB68002BF7D10120B7
:10CA6400EB60E560F36C01909847019802B0BDE873
:10CA7400F0810F4D28202B4601E00028F2D0D3F896
:10CA840074220138103B002AF7D105EB0015CDE7DD
:10CA94002046E7E701202560E4E70120EB602560FC
:10CAA400E0E700BF98080120D80A0120CC0C01203F
:10CAB400641D01200E4808B50389C3F340219B057A
:10CAC4000CD50C4B01213C301B6C98470A4B0021C0
:10CAD4000A489A8ABDE80840FFF798BF064B9A8A2D
:10CAE40002B908BD0648BDE80840FFF78FBF00BF84
:10CAF400241C012098080120141601204568000018
:10CB0400956800000649074BB1F808C00021064AA1
:10CB14001CF4007F0548928A08BF1846FFF776BFC9
:10CB2400241C0120956800001416012045680000AB
:10CB3400C30700D47047322200210148FFF766BFC3
:10CB44000567000070B5134E0D460446336D9847D3
:10CB540011490B68B3B1002003E0DA6818461346A4
:10CB640082B15A68A242F8D115B19A68AA42F4D1A6
:10CB740060B1DA68C2600949002208685A60DA6064
:10CB840000B90B60F36CBDE870401847DA680A60BE
:10CB9400F1E700BF98080120CC0C0120D80A01203D
:10CBA40010B50446E30706D40A4B1B6883B120463C
:10CBB400BDE81040184700210748FFF7C3FFC8220B
:10CBC40000210548FFF722FF024B1B68002BEED122
:10CBD40010BD00BFFC0C0120BD64000070B5124EF6
:10CBE4000D460446336D984710490B68A3B10020E5
:10CBF40003E0DA681846134672B15A68A242F8D1C3
:10CC04009A68AA42F5D1DA6860B1C2600849002284
:10CC140008685A60DA6018B1F36CBDE870401847D0
:10CC24000B60F9E70A60F1E798080120481D01202C
:10CC3400D80A0120F0B5194F044683B00E463B6D67
:10CC4400984734B3164B1A68A2B100211960002327
:10CC54001449D3600B68C2E90146E3B11946DB68A5
:10CC6400002BFBD10120CA60FB6C0190984701980E
:10CC740003B0F0BD0C4A2820134601E00028F3D08D
:10CC8400D3F874520138103B002DF7D102EB001297
:10CC9400DDE72046E8E701200A60E5E7980801207F
:10CCA400D80A0120CC0A0120641D0120F8B51D4BCF
:10CCB40093F88160FEB11C4F04460D463B6D9847C6
:10CCC400A4B11A4B1A68D2B1002119600023184983
:10CCD4005460C2E902530B68FBB11946DB68002BB0
:10CCE400FBD1CA60FB6C98473046F8BD2646FB6C06
:10CCF40098473046F8BDBDE8F840FFF79BBF0D49A3
:10CD040028230A4600E053B1D2F87402013B103ADA
:10CD14000028F8D101EB0312D8E70A60E2E71E46C7
:10CD2400E0E700BF241C012098080120D80A012054
:10CD3400EC0C0120641D01202DE9F04FB44C83B0AC
:10CD4400DFF844839C22002120461BF00DF84FF4A9
:10CD540020720021AF481BF007F84FF494720021B1
:10CD640040461BF001F8AC4BAC4A0021AC4D002608
:10CD7400C8F81821AB4A2846AB4FC8F81C21AB4A67
:10CD8400C8E91433AA4BC8F86420C8F85C30A94B2E
:10CD9400A94AC8F87830A94BC8E91F23A84B4FF417
:10CDA4000872C8F8D4301AF0DFFFA64B0A22C5E98E
:10CDB4001333A54B2A606B654FF48063A34AC5F80F
:10CDC400B0314FF08043C5F8A8210122EB61A04B9C
:10CDD40085F81A222B669F4B84F881202B679E4B83
:10CDE400C5F89C309D4BC5F804329D4BC5F83031D5
:10CDF4004FF6FF73A5F8123203F05AF80EF0E8FD6F
:10CE04000CF0AAFA20F0A8FC3B7860F300033B7016
:10CE140006F09CF806F0DAF80EF0E4FD95F8082226
:10CE2400387802F0600342F0600220F01800C4F881
:10CE34009460A3F1600385F80822C2F3400284F8E9
:10CE44008560B3FA83F35B09DB0043EA0213D5F888
:10CE54008C2003F018030343FF2B3B70814B1A60B3
:10CE6400814BC5F88C300CBF01233346C4E92366DB
:10CE740084F882300FD17D4BD5F80C21C5F80C31E4
:10CE84007B4B7C481A60AB6B98473B7884F8826094
:10CE940060F341033B70774E0DF1060196F8A8004C
:10CEA4000FF0DEF98146002800F0B7810DF107018B
:10CEB40096F8A9000FF0D4F918B996F8A83086F8B6
:10CEC400A9309DF906000FF013FA3B78814660F310
:10CED40082033B70002800F08C8100200FF0E0F901
:10CEE400C36A2BB1006BB0F1000918BF4FF0010900
:10CEF4003B7869F382033B7095F8093213F004031D
:10CF040005D196F89C2163F3410286F89C213B7875
:10CF1400FF2B06D010230021574884F88030FFF7F8
:10CF2400C5FED5F88C30012196F8080198470FF01A
:10CF3400D9FC6B6F4FF000009847D5F800320BB165
:10CF44004E4898474FF0070002F0E6FF94F880300F
:10CF5400103B18BF012384F883306B6E002B00F064
:10CF6400FB8096F88F31DF0700F1F680B28A002A41
:10CF740040F0FE8095F8093213F00C0F40F0028166
:10CF840095F8B63003F00C03042B06D13C4BD5F8CE
:10CF940004211A603B4BC5F80431D8F8B430002B97
:10CFA40000F0498195F90A32002BC0F22881DFF89C
:10CFB400609009F18C0A0CF0CFF9E278D4E9047B93
:10CFC40022B196F98E21002A80F20D81442200219B
:10CFD40048461AF0C9FE6FF0010194F8812061649B
:10CFE400002A40F0E38096F81E21002012F0400F42
:10CFF40008BF642712F0200F08BF4FF0640BC4E988
:10D00400047B0FF041F9002840F0DA803EE000BFD5
:10D01400241C0120641D012035650000F1DA0000A4
:10D0240098080120E18D010040EE0020D59C01000C
:10D034008D640000FD170000351B0000394B010012
:10D0440075670000FDC700009164000041660000A0
:10D0540019930000C5990100F1780100FD8C0100CD
:10D0640021650000141C0120D1640000F964000053
:10D07400B80A0120141601209D660000B01C01208E
:10D08400FC0C01203169000068070120B38A218962
:10D09400003B96F82C2118BF012363F34921218119
:10D0A400D10705D5E37FC2F3400262F38203E3773D
:10D0B40006F0A4F8D5F8D430984796F81E01C0F3CA
:10D0C4004000FBF71BF996F82601AB6D4FF0000109
:10D0D40000F00100984706F03DF910F0A3FE02F0BD
:10D0E400B3FE12F08BFD06F0FBFC51465B4813F0D7
:10D0F400A7F8D5F8903013B100210846984795F861
:10D104000A325A076CD5D8F80030D5F8C4009847CD
:10D1140096F91D31002B5ADA95F80A32DB0707D548
:10D1240094F88530002B14BF8720802007F04AFC38
:10D1340007F07CF90746A0BBD5F8DC318BB39847E0
:10D1440084F88170074600287FF435AF05F02AFF84
:10D15400384603B0BDE8F08F414A95F81512414BAB
:10D16400002908BF1346B28A6B66002A3FF402AF57
:10D1740000213D48FFF74AFC95F8093213F00C0FE3
:10D184003FF4FEAEC3F38001C3F3C00340F28A2030
:10D1940041F0040141EA430101F007010EF0E6F910
:10D1A400EEE64FF0000384F8813004E764270020A2
:10D1B400BB46C4E9047B0FF067F800283FF466AF70
:10D1C40000200FF06DF864224368DA605EE70FF028
:10D1D400C3FEB0F5807F9FD101200FF0C3FE9BE713
:10D1E40013F00CFF8FE78022002148461AF0BCFDA3
:10D1F400F1E60FF063F80FF07BF8814678E695F9D5
:10D204001032002BBFF6D3AEEB6E984741B21748ED
:10D21400C943C90FFFF74AFDC9E60EF0AFFF4946FF
:10D224000EF080FFA8B190F900308DF806304378F5
:10D2340086F8A8303AE695F80B3298077FF5B2AE37
:10D24400D5F81C31002B3FF4ADAE094BC8F8B4300F
:10D25400A8E60B238DF80600EAE700BFFC060120D0
:10D26400956400005566000045680000F9D9000087
:10D27400516700002DE9F8434D4E4E4D96F883C09A
:10D28400BCF1000F5FD12B681BB3DFF84481E64685
:10D294006246494CD8F80070614609E0002A6AD019
:10D2A400D868D0605960D960002F60D0D36833B19A
:10D2B4005868A042F2D11A46D368002BF8D1BEF1C7
:10D2C400000F01D0C8F80070BCF1000F01D0C5F800
:10D2D40000903A4C236833B158680021FFF732FCC0
:10D2E4002368002BF8D1364C236833B158680021E9
:10D2F400FFF774FC2368002BF8D12C68F4B196F87E
:10D30400833023B92F4B93F8B62051072BD4DFF881
:10D31400C080002702E090472C607CB12346D8F8F7
:10D324000010D4E90120E4685F60DF600029F2D1D5
:10D33400C8F8003090472C60002CEFD196F8833069
:10D3440033B1BDE8F8832C68002CE0D1BDE8F88344
:10D354001C4B93F8B620520705D41B4D2C6D0FF0CF
:10D36400FBFDA047FAE7194AC3F80421F5E71F4675
:10D374004FF0010E9AE71A461346D2684FB159602E
:10D38400D9606AB15368A342F6D191464FF0010CBB
:10D394008CE71F464FF0010E5960D960002AF1D185
:10D3A400BEF1000F01D0C8F8007000232B6090E795
:10D3B400241C0120EC0C012015080100CC0C0120D8
:10D3C400481D01209808012068070120C168000059
:10D3D400D80A01202DE9F84F294B41EA4008294E8B
:10D3E4000D461C68DC2383464FEA410903FB0863AE
:10D3F40001EB410A1A4492F8C07002E0646A002CFE
:10D4040038D023785B45F9D1236A534459788F4245
:10D41400F4D39B78791A2846BB42C9B2EED3636928
:10D4240098470028EAD0DC23226A417903FB086389
:10D43400026093F8BE408C421FD893F8BF308B42F1
:10D4440034BF00230123447EA944012163F38614DD
:10D454004A4403794476044652781344DC2202FB9E
:10D46400086601FA03F3427FD6F8B0100B4063F369
:10D47400861242772046BDE8F88F0023E3E700BF19
:10D48400880E0120FCF4002070B54FF0DC0C41EA5A
:10D494004006144D144C0CFB065501EB4106246860
:10D4A400154495F8C0E001E0646ACCB194F800C07A
:10D4B4008445F9D1226A02EB060C9CF80150AE4572
:10D4C400F2D39CF802207245EED3AEEB050E24692C
:10D4D4001A46084623465FFA8EF1BDE870401847A5
:10D4E40070BD00BFFCF40020880E01202DE9F04F30
:10D4F40085B09046DFF870B1019341EA40031A46C3
:10D504000093DC2303FB02B398F80020D3F8B06047
:10D51400D64016F0010640F09E80524B07468946DD
:10D52400B4461C684B0001EB410A029305E0646AAF
:10D53400002C00F08A8098F800202378BB42F6D1B2
:10D54400236A534459789142F1D89B78511A9342F3
:10D55400C9B2ECD36369484698474FF0010C0028E0
:10D5640077D0437E5B06E2D5009ADC2398F800105E
:10D57400054602FB03F301228A400BEB0301D1F8B9
:10D58400B0000243C1F8B02091F8C02098F8001010
:10D594008A4206D0C0335B4413F8012F01368A4215
:10D5A400FAD1009ADC2302FB03F30BEB030090F89F
:10D5B400B420B24229D903F1C00ACDF80C80A846A0
:10D5C4002546B2443C460746DA449AF8013006EB55
:10D5D4004601F2B2FF2B0AF8013B0BD0BB68B00046
:10D5E40023B1092E88BFA0F10A010B444946204605
:10D5F400FFF74AFF013697F8B430B342E5D82C461A
:10D604004546DDF80C8098F80010029E4846236ACF
:10D614004E44019A33445B78C91A2369C9B29847C6
:10D62400236A009A4FF0010C2B60DC2398F8001059
:10D6340003FB02BB9BF8B4300BEB030282F8C0106F
:10D644005A1E8BF8B42088F80030604605B0BDE857
:10D65400F08F84466BE74FF0000C604605B0BDE8E0
:10D66400F08F00BF880E0120FCF400200D4B0E4A01
:10D674000344106893F89C1101E0406A88B1836800
:10D68400002BFAD00278002AF7D1026A92F804C07B
:10D694006145F2D352798A42EFD3A1EB0C00C0B2B8
:10D6A40018477047FCF40020880E0120104B114AE3
:10D6B4001844136800B590F854E301E05B6AABB119
:10D6C4005A68002AFAD093F800C0BCF1010FF5D1D2
:10D6D400186A90F804C0E645F0D340797045EDD35C
:10D6E400AEEB0C005DF804EBC0B210475DF804FB30
:10D6F400FCF40020880E012030B54FF0DC0C134CF4
:10D704004500134B0CFB05441B680C4494F8C0E023
:10D7140001E05B6AB3B1DC68002CFAD093F800C076
:10D724008445F6D11D6A95F801C0E645F1D3A97880
:10D734007145EED3AEEB0C0023461146C0B2BDE8F2
:10D74400304018474FF0FF3030BD00BFFCF40020DC
:10D75400880E012070B5134D134B05441C6895F8D1
:10D7640078E201E0646AD4B1E569002DFAD094F856
:10D7740000C0BCF1010FF5D1266A96F801C0E64558
:10D78400F0D3B3787345EDD3AEEB0C0E1346AC4631
:10D794000A4601465FFA8EF0BDE8704060472046B5
:10D7A40070BD00BFFCF40020880E012010B4044CAE
:10D7B400084611461A46246823465DF8044B184768
:10D7C40010160120A0F5B9702DE9F04F83B003289D
:10D7D40017D8DFE800F002CD751AA94FDFF8A89238
:10D7E400D7F89032D9F86C6101EA0304B44240F0EE
:10D7F4002981A44BC9F86C411B6813B14FF4B9706B
:10D804009847002003B0BDE8F08F9D4FDFF8789271
:10D81400D7F84033D9F8786101EA0304B442F0D070
:10D824004FF000080DF1040A6640DFF860B2ADF86D
:10D8340004808AF8028004E0760808F1010800F008
:10D844005C815FFA88F5F3072A46F5D5B7F95013DA
:10D85400DBF8603101F55570384400E029B110F867
:10D8640001CD0139AC45F9D1CAB201210846984726
:10D874000028E1D0036A002BDED0427F12F0300191
:10D88400DAD112F004020CD090F805C097F85223B4
:10D89400624500F23F8197F85323624534BF00226A
:10D8A40001228DF804200122514602FA05F50022D6
:10D8B400254214BF012515468DF805509847BBE74E
:10D8C4006F4FDFF8C491D7F86C33D9F8745101EA7B
:10D8D4000304AC4295D04FF000080DF1040A6540F2
:10D8E400DFF8A8B1ADF804808AF8028004E06D087E
:10D8F40008F1010800F0F6805FFA88F6E90732467D
:10D90400F5D5B7F95013DBF8603101F5557038449B
:10D9140000E029B110F801CD0139B445F9D1CAB2FA
:10D924000121084698470028E1D0036A002BDED085
:10D93400427F12F03002DAD190F805C097F852E332
:10D94400E645D4D897F853E3E645D0D34FF0010C1D
:10D95400017F0CFA06F6C1F3800126428DF805100A
:10D9640014BF614600218DF8041051469847BEE764
:10D97400434FDFF81491D7F86432D9F8706101EAA3
:10D984000304B44250D04FF000080DF1040A66407D
:10D99400DFF8F8B0ADF804808AF8028003E0760876
:10D9A40008F1010840D05FFA88F5F0072A46F6D559
:10D9B400B7F97412DBF8603101F51E70384400E0E9
:10D9C40029B110F801CD0139AC45F9D1CAB2002111
:10D9D400012098470028E2D0036A002BDFD00122FF
:10D9E40002FA05F5254218BF02228DF80620427F6F
:10D9F40012F004010BD0457997F87612A94200F28F
:10DA0400878097F87712A94234BF00210121C2F31D
:10DA140080028DF80410514608F101088DF80520A4
:10DA2400002298477608BED1164BC9F870411B688E
:10DA3400002B3FF4E6AE40F273109847002003B089
:10DA4400BDE8F08F4FF000080DF1040A6640DFF8DE
:10DA54003CB0ADF804808AF8028004E0760808F14E
:10DA640001083FF4C6AE5FFA88F5F3072A46F5D5F8
:10DA7400B7F97412DBF8603101F51E70384408E020
:10DA8400FCF400200C0D012014160120980801203C
:10DA940029B110F801CD0139AC45F9D1CAB2002140
:10DAA400012098470028D9D0036A002BD6D04179A9
:10DAB40097F876C28C45D1D897F877C28C45CDD3E8
:10DAC4000121027F01FA05F5C2F3C10225428DF856
:10DAD400062014BF0A46002251468DF80420002275
:10DAE4009847BBE70C4BC9F874411B68002B3FF403
:10DAF40088AE4FF4BA70984783E6074BC9F878416B
:10DB04001B68002B3FF47DAE40F27510984778E611
:10DB140000217CE70A46C4E60C0D01201A2805D032
:10DB24001C2828D00E2814D0002070471A4A4FF021
:10DB3400000C012092F8203192F8212183F0020395
:10DB440081F801C0C2F38002C3F340030A708B70F2
:10DB54007047114A4FF0000C012092F8203181F8EF
:10DB640001C01A4683F00203C2F30002C3F3400368
:10DB74000A708B707047084A4FF0000C012092F82D
:10DB8400203181F801C01A46DB43C2F38012C3F38B
:10DB9400C0130A708B70704714160120864B1B68E3
:10DBA4002DE9F04F054685B003B19847834B93F8B0
:10DBB400823013B905B0BDE8F08F814C4FF00008F6
:10DBC400D5F87431D4F89002ADF80880ADF80C8023
:10DBD4008DF80A808DF80E80D5E95B120240014071
:10DBE400C5E95B12D4F86C231340C5F87431D5F839
:10DBF40078311340C5F87831D4F8BC31002B42D0C9
:10DC040094F87232002B3ED0013B6E4E4FF0010966
:10DC1400DFB2B4F97432FAB2D6F860A103F51E711A
:10DC2400214400E02BB111F8010D013B9042F9D1E0
:10DC3400DAB200210120D047824610B3D0F820B0D8
:10DC4400BBF1000F1DD0437F94F87622C3F3C013B9
:10DC54008DF8093043799A427CD9184602A9019378
:10DC64008DF80880FFF75AFF019B0D2B05D880F033
:10DC74000100C0B2002840F084805046002202A96E
:10DC8400D847013FC5D2D4F89832002B4CD094F831
:10DC94004E33002B48D0013B4A4E4FF00108DFB20F
:10DCA400B4F95033FAB2D6F8609103F555712144B2
:10DCB40000E02BB111F8010D013B9042F9D1DAB229
:10DCC40001210846C84768B3D0F82090B9F1000F85
:10DCD40033D008FA07F3D4F86C231A42194630D02B
:10DCE40090F81DC01CF0300C2BD1D5F874211A40CB
:10DCF4000AD0417994F852238A4240D894F85323A5
:10DD04008A4234BF002201228DF80C2003A9D5F8E1
:10DD1400782113424FF0000214BF012313468DF8FB
:10DD24000D30C847013FBBD2274B1B68002B3FF483
:10DD340041AF984705B0BDE8F08FD4F86C2308FADA
:10DD440007F122EA01014FF4BA700DF00FFC013F14
:10DD5400A6D2E9E794F877229A42FFF47EAF09FA53
:10DD640007F3D5F86C211342037FC3F3C1038DF885
:10DD74000A3014BF012300238DF808307DE7624682
:10DD8400C2E71846F9F7E0FF80B210B9DAF820B01C
:10DD940073E7B5F89C30B5F89E201842DAF820B045
:10DDA40014BF0123002310428DF808300CBF012357
:10DDB40000238DF80A3060E7100D0120241C012097
:10DDC400FCF4002098080120140D012010B58AB03D
:10DDD4002422002101A819F0C7FF242201A9124816
:10DDE40019F0CCFE48B1114A114BD2F86001C01AA7
:10DDF400B0FA80F040090AB010BD0C4B0C4C0D4930
:10DE04000D480E4AC3F864010120C3F854210C4A9A
:10DE1400C3E957140B4C0C49C3F85041C3F85811CB
:10DE2400C3F86C210AB010BDE40901209808012050
:10DE340065710000197200007D720000FD7300001E
:10DE4400E57400003D740000897400000388B3F594
:10DE5400BA7F0DD3A3F5BA73012B0CD80C4BD3F8AE
:10DE6400980248B1D3F86C03003818BF01207047FA
:10DE7400B3F5B97F01D200207047054BD3F8BC013C
:10DE84000028F9D0D3F89002003818BF0120704759
:10DE9400FCF40020A0F5B970032823D8DFE800F0D3
:10DEA4001A120A02104A114BD2F87801D3F84033FF
:10DEB400184070470C4A0D4BD2F87401D3F8403324
:10DEC40018407047084A094BD2F87001D3F86432FD
:10DED40018407047044A054BD2F86C01D3F86432F9
:10DEE400184070470020704714160120FCF40020ED
:10DEF40030B442EA4102054653B3194CDC2000FB1E
:10DF0400024090F8BA1001EB030C6970B0F9BC0040
:10DF1400844501DD401AC3B201391944A970DC21DA
:10DF240001FB02414868C0B1DC214FF6FF7001FBE0
:10DF34000241A1F8B60099B2DC2000FB0242B2F81B
:10DF4400BA0001441846A2F8BA102B7030BC7047CE
:10DF5400FF20034C19466870EEE74D60E4E700BF0C
:10DF6400FCF400202DE9F04F4FEA410B87B01C462A
:10DF740001294BF0010305468A46009300F0F9801D
:10DF8400B74E13460022FFF7B3FF96F84E212346FF
:10DF940051461044012286F84E01E81CFFF7A8FF01
:10DFA40096F84F31184486F84F01AE4EDC230099A1
:10DFB40003FB0BF203FB01F1B3187018B3F9BA7049
:10DFC400B0F9BA008742B8BF0746002F00F0CB80F3
:10DFD4009868002800F01F8193F8C030FF2B00F0F0
:10DFE4003C81C0324FF00009324412F8013F09F17C
:10DFF4000109FF2BF9D1009ADC2302FB03F3F21889
:10E0040092F8C020FF2A00F02581C0334FF00008A9
:10E01400334413F8012F08F10108FF2AF9D1924B78
:10E02400BAF1010F009A4FF000040CBF1968596847
:10E03400DC2303FB02F203FB0BF302F10C00B21826
:10E0440091603018019203F10C02F31805900293C9
:10E054009960B318CDE90363109E2B78002B36D05A
:10E064006B78A34233D8AA78A24230D30298E2B2A2
:10E0740000EB090181F8C02076B1D21A83685FFAF7
:10E0840089F1D2B22BB1092901EB410000F2C08021
:10E09400034400215046B047172C09F1010916D852
:10E0A400029901220498D1F8D830A2401343C1F850
:10E0B400D8306E4B6E49002C08BF194619F0A6FEE5
:10E0C400204604F015FA0146049819F09FFEEB78F7
:10E0D400002B36D02B79A34233D86A79A24230D3AD
:10E0E4000198E2B200EB080181F8C02076B1D21A9F
:10E0F40083685FFA88F1D2B22BB1092901EB4100A0
:10E1040000F28380034401215046B047172C16D8EF
:10E11400019901220598D1F8D830A2401343C1F8DF
:10E12400D830524B5249002C08BF194619F06EFEE4
:10E13400204604F0DDF90146059819F067FE08F160
:10E1440001080134A74288D2DC23039E009A03FB12
:10E154000B6B03FB0266DBF8D820D6F8D830CBF87B
:10E16400AC20C6F8AC30381E18BF012007B0BDE89B
:10E17400F08F92BBFF233B4E43701346B6F97212E5
:10E184000B44A6F87232364B2A7093F84C111144A2
:10E1940083F84C11002C50D0B6F94E13CAB217199B
:10E1A4002A71B6F95003874201DD801AC4B2013ADC
:10E1B40022446A71D6F89822002A44D04FF6FF729E
:10E1C400A6F84A23A2B20A44A6F84E23EC7093F8A8
:10E1D4004D21224483F84D21E8E6224EB6F972120D
:10E1E400CBB29F184370B6F97402874201DDC01A9E
:10E1F400C2B2013B1344AB70D6F8BC313BB34FF60B
:10E20400FF73A6F86E3293B2BAE70A39084479E785
:10E214000A3908443CE701F1D803D832154832449E
:10E2240033440844FF2103F8011D834202F8011D11
:10E23400F9D14FF00008C146F1E6FF222A712246C7
:10E24400B6F94E13BFE7EA1CC6F89822B6E7C6F83B
:10E25400BC51D4E74FF00008E1E64FF00009CAE6EC
:10E2640098080120FCF40020183E0060F40A002005
:10E27400FC0A0020BCF500202DE9F04741EA4007E4
:10E284001A4EDC25814605FB0765B5F9B800421C2A
:10E2940002D0C0B2BDE8F087DFF8548000248A467B
:10E2A400D8F86031A5F8B840E3B1E2B25146484627
:10E2B400984780B1437F5B0604D4B5F8B830013386
:10E2C400A5F8B8300134D8F8603151464846E2B276
:10E2D40098470028EED1DC2303FB076696F8B800C4
:10E2E400BDE8F0871846BDE8F08700BFFCF40020C5
:10E2F400980801202DE9F04F5E4E85B0D6F86441B0
:10E304000093002C4CD001280546904673D0002978
:10E3140040F0888096F84E31019341EA45034FF06E
:10E32400DC09DFF854A109FB03F998F800200293F3
:10E334000AEB09077B687BB397F8BAB0D6F860316B
:10E34400BBF1000F28D03BB34C4691463A46CDF87A
:10E354000C805F4688469346013F41462846FFB2FB
:10E364003A46984790B1437F5B060FD490F805C0B6
:10E374009BF8BE309C4543D39BF8BF2062453FD3F6
:10E38400ACEB030C5FFA8CFCE1450DD017B1D6F869
:10E394006031E1E7DDF80C80FF23002488F80030C9
:10E3A400204605B0BDE8F08F4146DDF80C800446F8
:10E3B400009BD6F86471424628460091B847637FB3
:10E3C40060F3861363770028E6D0DC23029A012DDC
:10E3D400009903FB02AA4FF6FF73AAF8B83033D0B2
:10E3E40041BB96F84E31019A9342D9D1019B013B2E
:10E3F40086F84E31D4E7C9B996F84C3101938CE7CD
:10E40400BBF9BC3090F804C01A19C032524401E080
:10E41400002BB9D012F8011D013B6145F8D15FFA18
:10E4240083FCB1E796F84F31019376E796F84D31C6
:10E43400019372E796F84F31019A9342B0D1019B50
:10E44400013B86F84F31ABE749B996F84C31019A54
:10E454009342A5D1019B013B86F84C31A0E796F885
:10E464004D31019A93429BD1019B013B86F84D317A
:10E4740096E700BF98080120FCF400204B4B2DE9DF
:10E48400F04790F81C801C68477FC8F34008002CB4
:10E4940049D005468A46914602E0646A002C42D07F
:10E4A400206A2B689842F8D1EB6A51462846002B23
:10E4B400F3D0984706460028EFD02B7F87F0080753
:10E4C400216ADC22C3F3400403F00203C7F3C0074C
:10E4D40028792344364C48EA47070B444FF6FF712A
:10E4E40007FB02F25B78034401209840A318A25C66
:10E4F400A3F8B810A3F8B610022AD3F8D81021EA6A
:10E504000001C3F8D81012D0032A09D1BAF18F0F31
:10E514003FD0BAF1900F29D04FF4BA700DF026F81D
:10E524003046BDE8F08700263046BDE8F087B9F1F3
:10E53400000F07D01F4AB9F80010B2F810320B438D
:10E54400A2F81032BAF11C0F1CD81B4B43FA0AF381
:10E55400DB0717D4DC234FF4B97003FB0743D3F86C
:10E56400D8100DF003F83046BDE8F087114A4FF497
:10E57400BA7092F81A3243F0010382F81A320CF09E
:10E58400F5FFCDE75046F9F7DFFB80B20028E1D173
:10E59400C6E7084A4FF4BA7092F81A3243F00203FD
:10E5A40082F81A320CF0E2FFBAE700BF880E0120AD
:10E5B400FCF4002098080120FFBFFFEB134AD2F8B7
:10E5C4006001D8B1D2F86431D2F85801003B10B4DC
:10E5D400D2E9544118BF01230A1E18BF0122211E8B
:10E5E4005DF8044B18BF0121003843EA410318BF0A
:10E5F400012043EA820343EAC000704740EA400333
:10E6040043EA800343EAC000704700BF9808012032
:10E614002DE9F04F83B041EA4006DFF834A10193BD
:10E62400DC2303FB06F60AEB0604636823B1B4F9A2
:10E63400BAB0BBF1000F03D1002003B0BDE8F08FE6
:10E644000746884691461546FFF7B8FFC307F3D53A
:10E65400002D3CD1DFF8FCB0DDF80490B4F9BC1017
:10E66400EAB2DBF860317018C030504400E029B1E0
:10E6740010F801CD01399445F9D1CAB24146384662
:10E68400984770B1417994F8BE3099420FD394F809
:10E69400BF208A420BD3C91AC9B20C9AC8470028B2
:10E6A40044D10135B4F9BA30AB42D7D8C4E7B4F990
:10E6B400BC300179F218C032524401E0002BECD096
:10E6C40012F801CD013B8C45F8D1D9B2E5E75D469E
:10E6D400DFF880B0B4F9BC10013DDBF8603170188C
:10E6E400EAB2C030504400E029B110F801CD01393C
:10E6F4009445F9D1CAB241463846984718B183695E
:10E7040039EA030302D0002DE4D195E7437994F864
:10E71400BE2093420CD394F8BF10994208D39B1A9D
:10E72400D9B20C9A019B98470028ECD0012084E7C9
:10E73400B4F9BC300179F218C032524401E0002B24
:10E74400EFD012F801CD013B8C45F8D1E8E700BFCA
:10E75400FCF4002098080120034BD3F8543103B192
:10E7640018471846704700BF9808012010B5074C99
:10E77400D4F850312BB1003918BF01219847D4F88F
:10E784005031181E18BF012010BD00BF9808012089
:10E79400034BD3F8583103B118474FF0FF3070479B
:10E7A40098080120F0B5056883B02E78EF78FE4212
:10E7B40003D10025284603B0F0BD1A4B0446C268B5
:10E7C4001A60FFF703FB0028F3D0174928463B469D
:10E7D400324600910021FFF7C5FB05460028E8D02A
:10E7E400012128201AF022F80028E3D00F4A1368E8
:10E7F400B3B11A465B6A002BFBD150620022236836
:10E804000270E2680362026122694261DA780AB145
:10E81400626882601B78002BCCD0A368C360C9E710
:10E824001060EBE7101601203D750000880E0120F2
:10E83400F0B5056883B02E78EF78FE4202D100204F
:10E8440003B0F0BD224B044602691A60FFF7BEFA1A
:10E854000028F4D01F4928463B4632460091012146
:10E86400FFF780FB05460028E9D00121282019F094
:10E87400DDFFD0B118490B68002B27D019465B6A1D
:10E88400002BFBD1486201212368017021690362D6
:10E89400016161694161D97809B1616841601B789E
:10E8A4001BB1D4E90231C160C3610C4B1878002854
:10E8B400C6D10B4A01200B491870D06E0A4B086070
:10E8C4000A48D3660CF068FA2846B9E70860DAE724
:10E8D400101601203D750000880E0120A2210120A0
:10E8E40068070120100D01202D7900005CF900203B
:10E8F400D0ED026A90ED017A0A60F4EEC76A10B4B2
:10E90400F1EE10FA47DD07EE902A90ED004AD0EDC3
:10E91400044A76EEC75AF8EE677A90ED055A90ED00
:10E92400033ADFED2D3A87EE846A81ED057AB5EE80
:10E93400403AF1EE10FA14BF012300234B77FCEEAA
:10E94400C67AB8EE674A17EE902AC1ED017A24EE32
:10E95400055A64EE247A87EEA36AC5EE237ABCEEE8
:10E96400C66A16EE104AB0EE656AFCEEE77A17EE58
:10E97400903AC1E90343A3EB040307EE903AF8EE9F
:10E98400677AC7EE865AC1ED065A0ED10B7F002B6B
:10E9940008BF00228A60F4EEC76A5DF8044BF1EE0A
:10E9A40010FACCBF012000207047437E93B9B5EE26
:10E9B400C03AF1EE10FA0DDD24EE034A087FC4EEEE
:10E9C400237AFCEEE77A17EE903A08B1013AD31AAB
:10E9D4008B60E0E78C60DEE70000C842D0ED057A8A
:10E9E400F4EEC07AF1EE10FA17D530EE670AD0EDE6
:10E9F400067AD0E9031220EE270ABBFE400ABCEED9
:10EA0400C00A10EE103A0B449A420ED8037F13B199
:10EA14004368013B9A1A10467047B5EE400AF1EE7E
:10EA240010FA0AD182681046704799420A4638BFE4
:10EA34001A46037F002BEED0EAE7037FC268002B5F
:10EA4400E9D04368013B9A1AE5E700BF3A4B90F8D6
:10EA54001CC01B68CCF3400C70B50D4690F81DE04B
:10EA640063B3046801E05B6A43B31A6AA242FAD151
:10EA74008EF0080301790122C3F3C0034CEA430377
:10EA84000CEB4C0C644464782144DC248A402B490C
:10EA940004FB0314D4F8D840224208D02C78284E22
:10EAA400002C39D0D6F86C411443C6F86C41DC24F0
:10EAB40004FB0311D1F8AC301A4222D140790E285C
:10EAC40013D00D2803D9BDE870400BF043BEF9F70D
:10EAD4003BF983B2002BF6D02A7822B3184AB2F855
:10EAE4009C100B43A2F89C30EDE7154B297893F862
:10EAF400202161F30002BDE8704083F820210BF06F
:10EB040029BEAB780E49012BD1F8703114BF1343E1
:10EB14009343C1F87031D1E7D6F86C4124EA02047A
:10EB2400C6F86C41C3E7064AB2F89C3023EA0003F6
:10EB3400A2F89C30C7E700BF880E0120FCF4002037
:10EB440014160120274B90F81CC01B68CCF3400C12
:10EB540030B590F81DE09BB3046801E05B6A7BB3B9
:10EB64001A6AA242FAD18EF00803007901221E4DDE
:10EB7400C3F3C0034CEA43030CEB4C0C64446478C9
:10EB840020448240DC2000FB0350D0F8D80002422D
:10EB940007D00878154CF0B1D4F874011043C4F8C8
:10EBA4007401DC2000FB0353D3F8AC301A4207D0C5
:10EBB4004B780E4943B1D1F878311343C1F8783119
:10EBC400BDE830400BF0C6BDD1F8783123EA02032A
:10EBD400C1F87831F4E7D4F8740120EA0200C4F8EB
:10EBE4007401DEE7880E0120FCF4002014160120D5
:10EBF400644B1A6802B110472DE9F04F624D83B09F
:10EC0400D5F8BC21002A4BD0B5F97222002A47D08E
:10EC140006380D2844D8DFE800F007434343434354
:10EC24004343464343464307013A002301AF574E4B
:10EC3400D4B24FF00109DFF85881ADF80430BB704D
:10EC4400B5F97432E2B2D6F860A103F51E71294415
:10EC540000E02BB111F8010D013B9042F9D1DAB279
:10EC640000210120D0478246C0B1D0F820B0BBF1CA
:10EC7400000F13D039464079FEF750FF70B19DF86C
:10EC84000430002B62D009FA04F3D8F86C21134342
:10EC9400504600223946C8F86C31D847013CCFD2DF
:10ECA40003B0BDE8F08F013A002301AF374ED4B270
:10ECB4004FF00109DFF8D880ADF80430BB70B5F926
:10ECC4007432E2B2D6F860A103F51E71294400E063
:10ECD4002BB111F8010D013B9042F9D1DAB20021B8
:10ECE4000120D047824620B1036A13B140790D2830
:10ECF40002D9013CE3D2D3E79AF81D30C3F3C01321
:10ED04008DF80530F9F720F880B230B3B8F89C30AC
:10ED140009FA04F1B8F89EC01842D8F86C3114BF4F
:10ED24000122002210EA0C0F8DF804200CBF0120F0
:10ED340000208DF806000AB30B43C8F86C31504626
:10ED4400DAF82030002239469847D2E709FA04F26B
:10ED5400D8F86C3123EA02039AE79AF81C2009FADE
:10ED640004F1D8F86C31C2F3C10219428DF80620BF
:10ED740014BF012200228DF80420DCE723EA0103FA
:10ED8400DBE700BF0C0D0120FCF4002098080120F3
:10ED940014160120F2B130B51D4CCDB294F848C020
:10EDA4001CEA010F14D0032101392CFA01FE25FAC3
:10EDB40001F41EF0010F0FD0E4070DD5D0ED027A57
:10EDC40093ED027AF4EEC77AF1EE10FA0FD5002231
:10EDD400104630BD104670470C1E964618BF0124DD
:10EDE400043B0438002CDFD17246104630BD93ED4D
:10EDF400057AF4EEC77AF1EE10FAD4BF4FF0010EA3
:10EE04004FF0000E00290CBF00240EF00104E7E7C8
:10EE1400241C01206A4B30B593F848406CB319B1F7
:10EE240004F00703072B29D066490323013B24FA86
:10EE340003FC1CF0010F1BD0D1ED217AF5EEC07A52
:10EE4400F1EE10FA14D5D0ED027AD2ED056A92ED06
:10EE5400027AF4EEE67AF1EE10FA58BFF0EE667A32
:10EE6400F4EEC77AF1EE10FA77FE877AC0ED027AF3
:10EE74000438043A2439002BD8D130BD00F10C05F4
:10EE8400DFED516A01F10C0E4FF0000C032375ED18
:10EE9400017A013B3EED017A77EEC77AF0EEE77A2C
:10EEA400F4EEE67AF1EE10FAC8BF0CF1010C13B1DE
:10EEB400BCF1010FEBD9BCF1020FB5D1D0ED004A82
:10EEC40092ED004AD1ED006AF4EEC44A90ED017A65
:10EED400D1ED013A34EEE65A91ED026AF1EE10FA00
:10EEE400D0ED027A77EE635A77EEC67A06D492EDC5
:10EEF400034AF4EEC44AF1EE10FA13DD85EE857A86
:10EF040080ED004AC7EE854A74EE666AB0EE474A61
:10EF1400B0EE637AA4EE267AA6EEA46A80ED017AB6
:10EF240080ED026AD2ED016AF4EEC76AF1EE10FADE
:10EF34002EDCD2ED046AF4EEC76AF1EE10FA27D49F
:10EF440090ED027AD2ED026AB4EEE67AF1EE10FAAE
:10EF540007D4D2ED056AB4EEE67AF1EE10FA7FF743
:10EF640063AF85EEA76AD1ED025A91ED007AC5EE42
:10EF7400274AD1ED017AC0ED026A76EEE56AE6EE43
:10EF8400867AA4EEA67AC0ED017A80ED007A4BE78A
:10EF940085EE254AD1ED013A91ED006A91ED027AB0
:10EFA400C0ED016AC7EEA54A76EEE36AA4EE266ACE
:10EFB400A6EEA47A80ED006A80ED027AC2E700BF73
:10EFC400241C0120141601206F12833A2DE9F04FFE
:10EFD400DFF8FC930E469846D5B299F899102DEDBA
:10EFE400048B4C078DB00392C2F307221A9B8DED5C
:10EFF400040ACDED050A00F0D180B8F1000FB0EE9F
:10F00400408AF0EE608A0746B0EE419A6CDD06EB6A
:10F014008501B8F1010F4FEA8204D1ED007A06EBC5
:10F024008201D1ED006A00EB850191ED007A4FEA8F
:10F034008501019100EB820191ED006A00F0BC8131
:10F044000DF1180EB268306870EE417A7168F446BA
:10F054004FF00F0BACE80700019A30326A4442EDDE
:10F06400067A78EEC97A04F13002DFF860A37046BC
:10F0740099F899106A44DAF80C51029342ED067A31
:10F084000122A84758B3B8F1000FCCBF3A46324624
:10F094000DF1240C1BF0080F029B10685168926854
:10F0A400ACE8070000F0938038EE098A019A1BF05F
:10F0B400010F02F130020DEB020505ED038A78D051
:10F0C40038EE891A04F13002DAF80C5199F89910E3
:10F0D40009A80DEB0204012204ED031AA8470DB0A0
:10F0E400BDEC048BBDE8F08F00EB85019400D1EDFD
:10F0F400007A00EB8201D1ED006A06EB850177EE20
:10F10400C07A91ED007AA90076EEE06A019106EBEF
:10F11400820137EE407A91ED006A36EE606AF5EED0
:10F12400C06AF1EE10FAF5EEC07A5EDBF1EE10FA89
:10F13400B5EEC06A40F39C80F1EE10FAB5EEC07AE9
:10F14400C0F2DA80F1EE10FA40F2C380F4EEC77A2E
:10F15400F1EE10FA40F2D9804FF0000B5A46B8F1A4
:10F16400000F00F31381019D0DF1180E3868721918
:10F17400F4467968D2ED007A7A1992ED007ABA6889
:10F18400F4EEC77AACE80700F1EE10FA00F1C380A0
:10F1940005F130026A4402ED067A5CE08B4C0122F0
:10F1A400D4F80C41A4460DB0BDEC048BBDE8F04F7F
:10F1B40060472644274496ED001AD7ED007AB4EE52
:10F1C400E71AF1EE10FA58BFB0EE671A7AE7019920
:10F1D400721892ED008A7A18D2ED007AB4EEE78ABA
:10F1E400F1EE10FA38FE278A60E7F1EE10FAB5EE78
:10F1F400C06A72D4F1EE10FAB5EEC07A54D4F1EECE
:10F2040010FA4FF0000CCCBF4FF0080B4FF0090B75
:10F21400B8F1000F00F3C7800DF1180E3868796853
:10F22400BA68F246AAE8070001997218D2ED007A8A
:10F234007A1892ED007AF4EEC77AF1EE10FA58BF1C
:10F24400F0EE477A019A30326A4442ED067ABCF114
:10F25400000F7FF406AF3219D2ED007A3A1992ED1D
:10F26400007AF4EEC77AF1EE10FA77FE877AFAE6BE
:10F27400F1EE10FAB5EEC07A22DBF1EE10FA7FF768
:10F2840065AF4FF00E0B4FF0040CDA46B8F1000FE7
:10F294006FDC0DF1180E38687968BA68F246AAE88E
:10F2A400070078EE497ACDE7F1EE10FA56D4F4EE81
:10F2B400C77AF1EE10FA41DA4FF0000CE346A7E703
:10F2C400F1EE10FA4FD94FF0060B4FF0040CDA466A
:10F2D400DCE74FF0010B5A4641E7F1EE10FAB5EEC8
:10F2E400C07A1ED4F1EE10FA4FF0040CCCBF4FF0EC
:10F2F4000C0B4FF00D0B8BE7F1EE10FA18D94FF011
:10F30400070B4FF0040CDA46C0E74FF00F0B4FF039
:10F31400040CDA46BAE7019A30326A4442ED067ABE
:10F3240099E7F1EE10FAC2DD4FF0040CE3466FE703
:10F334004FF0030B4FF0000CDA46A7E74FF0040C34
:10F344004FF00F0BB8F1000FA3DD0DF1180E30686C
:10F354007168B268F246AAE80700A2E74FF0000C11
:10F364004FF00B0BEEE74FF0020B4FF0000CDA46B8
:10F374008CE70DF1180E306871685FFA8AFBB26889
:10F38400F446ACE807000AF0040C8AE70DF1180E05
:10F394005FFA82FB30687168F446B268ACE8070033
:10F3A4004FF0000C40E70DF1180E30687168B26838
:10F3B400F246AAE8070037E777EEC07A76EEE06A0D
:10F3C40037EE407A36EE606AA9E600BF680701208E
:10F3D400241C0120F0B52DED028B8FB000240746CC
:10F3E400C5B204A80E46B0EE408A0194CDE90244A9
:10F3F40004F018FC9DF82430464901A823F01203B8
:10F404000B9443F012038DF8243010F019FFDFF849
:10F4140020E1314601AA03239EF890C1013B25FA5D
:10F4240003F02CFA03F6C0070DD5D2ED027AF007EB
:10F4340091ED027A04F101044CBFE7EE087AE7EE9D
:10F44400487AC2ED027A043A0439002BE6D107EE79
:10F45400904A9EED118AB8EE670AB5EE400AF1EEC5
:10F4640010FA51D4F1EEC07A2B4B04A901A82B4C0D
:10F474005B7E2B4E28EE278A8DF826308DED048A8C
:10F4840004F01CF90423E772A3720EF015FE0EF0CB
:10F49400D3FA01E0336D98470EF00EFEE36B0420BF
:10F4A40013F0640FF6D0E76B1E4EBA0603D5B36CA7
:10F4B40006211D4898477B0603D5B36C07211A48DB
:10F4C4009847736E9847ADF8000040EA10232B422A
:10F4D40003D0B36C082114489847256C5DB9042106
:10F4E400736C124898470EF09DFC0120A5720FB072
:10F4F400BDEC028BF0BD01F047FE04F021FF0020BB
:10F504000FB0BDEC028BF0BD15F0E4F8F0EE407ADC
:10F51400AAE700BFB01C012084060120241C01209E
:10F524006807012098080120641C0120601C012048
:10F53400141601200D4A92F88F3113F0020309D0FA
:10F54400C0B2002890FAA0F0B0FA80F00CBF4FF0DF
:10F55400FF33034603EBC303012902EB8302D2ED1D
:10F56400117A92ED120A00FE270A70471416012040
:10F57400034682B043EA104343EA102303F0FF0337
:10F5840043EA106002B0704710B50D4C82B0C4F865
:10F59400880001900DF0E0FC40F20113184201D103
:10F5A400236C0BB102B010BD01F0EEFD054B01213F
:10F5B40004F140009B6C02B0BDE81040184700BF46
:10F5C400241C0120980801202B4903222B4BDFED3A
:10F5D4002C7A2C48F0B591F8265191F88E4193F885
:10F5E40048E005F0010504F008041F7B91F89061E0
:10F5F400013A2EFA02FC1CF0010F2AD0D5B127FAE9
:10F6040002FC1CF0010F15D090ED027AB4B126FA79
:10F6140002FCD1ED216A1CF0010F24D136EE877A69
:10F62400C3ED1B7A2439043B043883ED197A002A8C
:10F63400DED1F0BDB0EE677A002CE8D1D1ED216ABD
:10F64400B1EE476A36EE877A83ED1B6A83ED187A4A
:10F6540003E0C3ED1B7AC3ED187A2439043B043864
:10F66400002AC5D1F0BD37EE267AC3ED187AB1EE83
:10F67400477A83ED1B7AF0E714160120241C01203D
:10F6840000000000C00A01202DE9F047DFF89C903B
:10F69400C5B299F88E31180710D5224A03230024E5
:10F6A4000020013B25FA03F1C90702D5146042F892
:10F6B400400C043A002BF4D1BDE8F0878A464F464B
:10F6C400DFF86C800324174E013C25FA04F3DA07B3
:10F6D40016D599F89031E340DB0719D5D7ED217A97
:10F6E400BAF1000F03D098ED027A77EE877A97ED9E
:10F6F4001E0A46ED107A27EE800A15F0F3F9306001
:10F70400243FA8F10408043E002CDDD1BDE8F087B5
:10F71400DFED057ABAF1000FE9D0D8ED027AF1EE07
:10F72400677AE4E7B81C01200000000014160120E9
:10F73400C00A01202DE9F04FCBB2074E2DED028B0C
:10F74400A1B034880093C3B202933CB1002021B02D
:10F75400BDEC028BBDE8F08F241C0120BC4B054698
:10F7640016A8A14693F8918104F05CFA9DF86C30D8
:10F77400FFEE086A9FEDB77A032123F01203B44A1F
:10F784004FF0010CDDF800E043F01203DDF808A0AF
:10F794001D948DF86C30B04B5B7E8DF86E3010ABE1
:10F7A400184601390CFA01F42EFA01F740F8044D19
:10F7B4002AFA01F4E40710D5D2ED217A67EEA67A8D
:10F7C400F4EEC77AC3ED027AF1EE10FA58BFB0EE48
:10F7D400677A17F0010F18BF8946243A043B0029C1
:10F7E400DFD1B5EE407ACDF80490F1EE10FA00F0D6
:10F7F400BD819A4F2846BB6E9847B5EE400AB0EEDD
:10F80400408AF1EE10FAA1D0009B002B40F04E810B
:10F81400009B06938E4B002493F81931A34604945D
:10F8240013F0100F4FF00103059403EB4803DFF8C6
:10F834003C8208930CBF642365230993884913A869
:10F8440010F0FEFC824B4FF0000913A993F890A12D
:10F854000FAA10A803230794CDF80C90013B029C37
:10F8640024FA03FC2AFA03FE1CF0010F18D07C4C86
:10F8740000251EF0010F09F1010944F82350D0EDD1
:10F88400027A049C00F04981022C01D0F1EE677ADF
:10F89400039C92F800C0C1ED027A44EA0C0403947C
:10F8A4000439043A0438002BD8D1D8F8AC30079C7A
:10F8B400039D2BB1B0EE480A04999DF808009847BF
:10F8C40007EE909AB8EE670AB5EE400AF1EE10FA28
:10F8D40000F1B981F1EEC07A16A913A8F57228EEE9
:10F8E400278A8DED168A03F0E9FE0423B3720EF025
:10F8F400E3FB0EF0A1F8019BDDF810A003F122094F
:10F9040006EB8909CDF80C90DDF82490BAF1020FCA
:10F9140056D07B6E9847012CC3B2ADF82C00C0F3CF
:10F92400072000F0EE80022C00F0F180009943EAF9
:10F934000002114284F0010101F0010108BF00211D
:10F94400B1B15840009C044000F0E58000988B461B
:10F9540022EA00020342D7F89030D2B214BF012445
:10F9640002240792039A2146526805929847079AFF
:10F9740010A903234FF0010E51F8040D013B054279
:10F9840022FA03FC0BD01CF0010F0EFA03F006D090
:10F9940025EA00050198984208BF4FF0000B002BA0
:10F9A400EAD1F572BBF1000F0AD0039A05995268A7
:10F9B4008A1A0699002AB8BF52428A4200F3DC80B0
:10F9C4000EF07AFBF16B11EA090109D0012940F02C
:10F9D400A8807B6C23489847D7F8C40008F0E8F95E
:10F9E400D8F85030042098476B078FD10EF01AFADC
:10F9F400174B00214FF00309B3F88C01FB6B9847B8
:10FA0400049BDDF808A0022BBB6E504655460CBF84
:10FA140001220222114604929847049AB2EE047A13
:10FA240010ABF7EE007A012AB0EE408A0E4A49463E
:10FA3400D44607FE277A01392CFA01F0C00717D5FE
:10FA4400D2ED027A67EE877AC3ED027A10E000BF46
:10FA540014160120000000008406012098080120EB
:10FA6400B01C0120601C0120C00A0120680701208D
:10FA7400043A043B0029DED1009B89462BB1CB46D6
:10FA8400D7F8903008460C469847029B002B00F0AC
:10FA94009180B5EE408AF1EE10FA40F38B80089A1B
:10FAA400531E002A00F086800893C7E6684A09EBD3
:10FAB400C903DFED685A92ED607A02EB830392ED9D
:10FAC400616AB1EE477AD2ED626AC7EE257AD3ED68
:10FAD4000F5A93ED0C7A67EEA57AF4EEC67AF1EE3E
:10FAE40010FA58BFF0EE467AF4EEE67AF1EE10FA28
:10FAF40077FEA67A67EE877AFDEEE77ACDED067A91
:10FB040088E6009A23EA020343EA000230E7009AF7
:10FB140020EA0200F8E7A3462AE7022C7FF4B8AEF5
:10FB2400B4E611F0200F8A4603D0BB6C06214A4884
:10FB340098471AF0400F03D0BB6C072146489847FA
:10FB4400FB6B002102209847049B022B24D01AF05F
:10FB5400040F03D0BB6C09213F489847336C002B3A
:10FB64006CD17B6C04213D4898473FE7012021B0CC
:10FB7400BDEC028BBDE8F08F0F21BA6C36480093C0
:10FB8400904701F001FB04F0DBFB009B184621B019
:10FB9400BDEC028BBDE8F08F7B6E9847029BADF8FD
:10FBA400300040EA10201842D8D0BB6C08212A4803
:10FBB4009847D3E7009A82B3019B254903EBC3031B
:10FBC40001EB8304D4ED107AF5EE407AF1EE10FAED
:10FBD40023D0F5EEC07A1046D7F890309046F1EE77
:10FBE40010FA4CBF022101219847D4ED107A20AAC3
:10FBF400019BF0EEE77A10A902EB8303B7EE000A4B
:10FC0400404643ED107AFFF7E5FB00283FF49FAD33
:10FC14000021D7F890300846984701212846FFF77D
:10FC240033FD284600F078F996F84830029900220E
:10FC340001201943B27286F8481088E501F0A4FA4D
:10FC440004F07EFB82E514F045FDF0EE407A43E6D5
:10FC5400141601200000C842641C0120601C01200D
:10FC640050B1034610B4054C006859689A6807C43B
:10FC740002485DF8044B704700487047C00A0120F1
:10FC84002DE9F041DFF8388182B04FF000050646D7
:10FC940098F88F31C7B2990737D498F826013146BE
:10FCA400DFF8208100F00100D8F858309847D8F8E0
:10FCB400A030F3B10120984707EA000414F0FF04D0
:10FCC40017D0D8F89030002B67D0E3074FF0010528
:10FCD4004FF0010204D453002342DAB2FBD015469C
:10FCE40094425AD1D8F86430984740EA1020204210
:10FCF40058D1314B29463046D3F80831984701385A
:10FD0400C7B2384602B0BDE8F081384602F0A2FE20
:10FD14000128C2D9002FC0D041463B46FF24002011
:10FD240017E0D1ED127A92ED127AB4EE677AF1EE21
:10FD340010FA1FD1D1ED117A92ED117AB4EE677AEF
:10FD4400F1EE10FA16D15B0800F1010001F1240173
:10FD54000ED0DA07F7D504EBC402FF2C08EB8202BD
:10FD6400DFD15B08044601F1240100F10100F0D168
:10FD7400FE2C92D10024012502E00134002FC0D0D2
:10FD840017F0010FC7F34707F7D005FA04F0FFF7A0
:10FD940077FF0028F1D00746B3E73727384602B08B
:10FDA400BDE8F081B2EE040A04492846FFF712FBCD
:10FDB40000289ED12D27A4E768070120C00A01204E
:10FDC40014160120980801204A0538B5C1F3072309
:10FDD40002D59B072CD538BD164C0122164B94F83E
:10FDE4009910D3F80C5104F15803A8470028F2D114
:10FDF400238943F0040323810DF0AEF8082801465B
:10FE04000E4C0BD10E48236C984702E00DF0A4F879
:10FE140020B104F095FA0028F8D138BD01F0B4F906
:10FE2400A36C022107489847BDE8384004F088BA1B
:10FE3400004CDDE7241C01206807012098080120FC
:10FE4400601C0120641C01200849094A91F894317E
:10FE540091F893C191F8920143EA0C0392F8481087
:10FE640003431940137382F8481070471416012095
:10FE7400241C01200C4B93F88E3103F00502052A53
:10FE840001D000207047094A92F8810048B1107BE4
:10FE94000028F7D092F84830984314BF012000207E
:10FEA40070475B06EED4F2E714160120241C0120EF
:10FEB40010B4084B0849094C094A8C6609480A4998
:10FEC400C3F80C21094A5DF8044BC3F80821C3E9BF
:10FED400440170476807012098080120C59200007A
:10FEE400258B00005D8D0000A58B0000C5940000EB
:10FEF40000220849134604E00133182B07D011F8F7
:10FF040033209042F8D1034800EBC300704700202F
:10FF1400704700BF203E00602DE9F04FDFF89C8061
:10FF24000324234EC7B245464FF00109DFF890A0E1
:10FF3400DFF890B02DED028B83B0013C27FA04F377
:10FF4400DB070CD4043E243D002CF6D119491A4891
:10FF540003B0BDEC028BBDE8F04F10F071B995ED24
:10FF64001E8A95ED260A28EE000A14F0BBFD0190C6
:10FF74000028E7D007EE900A09FA04F39AF8002063
:10FF8400F8EE677ADBB21A4387EE887A8AF80020A3
:10FF940098F89021E24012F0010F9BF800200CBF6A
:10FFA400134322EA03038BF8003086ED027AC9E793
:10FFB40088030120B01C0120581D012014160120C3
:10FFC40094030120EC0401200149024810F038B9DF
:10FFD400B01C0120581D01204B7D03F00603062BA5
:10FFE4002DE9F0470C468AB0054602D04969FFF76F
:0CFFF400EBFE0CF0B1FF02280CD1504BCA
:02000004600199
:100000001A781AB100200AB0BDE8F087587880F05D
:1000100001000AB0BDE8F08704F094F90028EED0A2
:10002000484B1F78002F50D0DFF824812A46464ED7
:10003000A5F10C0C4549042398F800E04FF00009A5
:100040003B420BD0D1ED027A92ED027AB4EEE77A20
:10005000F1EE10FA59DD1EEA030F66D1043A5B088F
:10006000043E04399445EBD1B9F1000F25D0684620
:1000700088F800E003F0D8FD237D9DF8142003F0FC
:100080000103216822F0090243F0080300911343A1
:10009000E2698DF81430E3680792039305E003F0FA
:1000A00093FE04F04FF90028ADD003F029FA0028A0
:1000B000F5D16946254803F003FB244B286869689D
:1000C000AA6807C301E003F07FFE04F03BF90028B3
:1000D00099D003F015FA0028F5D12146284603F0FF
:1000E000EFFA00288BD123699B7A1B0787D52379E8
:1000F00003F00303012B82D104F052FC206994ED3C
:10010000030A2179436A984779E7A7D51EEA030FC6
:100110004EEA030AA2D196ED027A5FFA8AFE814680
:1001200077EEC77AC1ED027A98E796ED027A2EEA69
:10013000030E814677EE277AC1ED027A8EE700BF83
:10014000241C01209403012088030120581D012054
:10015000EC0401202DE9F04F2DED0C8B8FB098466B
:100160001446B0EE40DA259B07469DF890A00D4658
:1001700004939DF892309DF89190039308EB8A03C5
:1001800002EB890B93ED006A069308EB89039BED64
:1001900000BAB7EEC66A93ED001A079302EB8A0322
:1001A00000EB8A02B7EEC11A93ED00AAB7EECBBA04
:1001B00092ED007A00EB8902B7EECAAA059392EDA0
:1001C000005A3BEE01BBB7EEC77A3AEE06ABB7EE8C
:1001D000C55AB1EE418B37EE4A7B35EE4B5BB1EE43
:1001E000469B21EE070B21EE451BA6EE450BA6EE26
:1001F000471B14F0BDFA049B002BB7EEC0CB40F3B5
:100200007881DFEDD47AB4EEE7CAF1EE10FA40F26D
:1002100067816A7D50071CD4CF49D1F81061C6B1FF
:1002200042F00402B7EECA0BF7EECB0B21466A751B
:10023000B0EE4D1AC94A38468DED0B0A0092CDED4D
:100240000C0A249A0493B0476A7D60F341026A75F0
:10025000049B83EAE376A6EBE376012E7EDD721E35
:10026000002B7968A6F1030607EE102A039A386876
:10027000B8EEC77A9FEDB36BB7EEC77A9FEDB35B6D
:1002800027EE067BD4BFB1EE4C6AB0EE4C6A002B71
:1002900004EB8203B7EEC66ACDE908B736EE077BFA
:1002A000B7EEC77BD3ED007A07EB8203BA68D3EDD4
:1002B000006A0BAB76EEE76A07C386EE876A059B9A
:1002C0000DF102011A680EAB04910EA903EB8A032B
:1002D00043F80C2C0EABDBF80020C34603EB89037C
:1002E00043F80C2CC8BF0123039AD8BF4FF0FF334B
:1002F00001EB82021F46904636EE066AB7EEC66AEA
:1003000026EE056BF7EEC6CB039B7CEEA77A8DF845
:1003100090A029468DF892300BA88DF89190B0EE00
:100320004D0A249A049B019748ED037AADF800200A
:10033000120C1A7022465B46FFF70CFF0DF12C0CD5
:10034000BCE807006160711C206006F1FF36A26006
:1003500002D058ED037AD7E7DDE908B7804B3DEED0
:100360000D0AD3ED027AB4EEE70AF1EE10FA40F38B
:10037000AE8030EE670AF6EE00CA20EE270A6CEE79
:100380002CCAB5EE400A6CEE8DCAF1EE10FAF0EE12
:10039000ECCA00F1D080B1EEC07ACCEE877AFBFED9
:1003A000677AFCEEE77A17EE906A002E00F08F80F5
:1003B0002B7D9A0600F1AE80B8EE677ACCEE07DAB4
:1003C000DFED68CA039B012E04EB830907EB83036F
:1003D000B0EE00CAF1EE007AF6EE006AADEEEDCABC
:1003E0006DEEACCA7CEE277A2CEE26CAD9ED006AF7
:1003F0006CEEA7CAD3ED007A77EEE67A87EE87DA5D
:1004000065D04FF0010A2B4603974FF000084F4686
:100410005546B1469A462646059C2CE0B7EECC6A76
:10042000B7EEEC5A26EE087B28EE458BA5EE097B4D
:10043000A6EE098BB7EEC77BB0EE489BB7EEC78A36
:100440003BEE087B51463AEE096B30460135B7EE7C
:10045000C77BB7EEC66B84ED006A8BED007AD7EDF3
:10046000007A77EE8D7AC7ED007AFFF7B7FD0028A6
:100470005CD0A94529D0B8F10C0F08F10108CDD105
:1004800007EE905A4FF00008B8EE678A28EE2D8AE2
:10049000B0EE480A14F0F2FDF0EE408AB0EE480AE1
:1004A00014F0E8FC079B93ED008A069B28EE009A67
:1004B00028EEC88AD3ED007AA7EEE89AA7EEC08AA4
:1004C000B7EEC99AB7EEC88ABAE7039F55462946E0
:1004D00038460FB0BDEC0C8BBDE8F04FFFF77EBD8A
:1004E000B7EECCCA9FED177B3CEE07CBB7EECCCB7B
:1004F0008FE6DFED1D7AB4EEE7CAF1EE10FAFFF6F3
:1005000088AEB7EECCCA9FED0F7B3CEE47CBB7EE83
:10051000CCCB7EE6B8EE677AD5ED007A6FF3451363
:1005200067EE877A2B75C5ED007A47E70FB0BDEC13
:100530000C8BBDE8F08F14F0CFF8B0EE407A2CE7CA
:10054000AFF30080182D4454FB211940182D44545A
:10055000FB210940BD370635680701207C1C0120BE
:1005600014160120ABAA2A3EBD3706B52DE9F0438B
:100570002DED108B9FEDA18A85B0B7EE009A154640
:10058000F0EE489A07468946106851681E46926800
:1005900001ABDDF87080DFED9A1ADFED9ABA07C380
:1005A00098ED003A79EE487AD7ED000AB6EE00CA27
:1005B00097ED01AA63EE086A20EE884A98ED012AB9
:1005C0006AEE084AD6ED003A22EE087AD6ED012A04
:1005D000E3EEA76A95ED001AA3EE274A95ED010A0E
:1005E000E2EE274ADDED01AAA2EEA77A9DED02BA5E
:1005F00023EE885A002462EE885A28EE266AA1EE7D
:10060000275AE0EE275A28EE044A68EE244AA7EE5D
:10061000A64AE7EE274AF0EE466A28EE077AE7EEAA
:10062000856AA5EEA77A28EE044A68EE244AA7EE6A
:10063000A64AE7EE274A55E071EE887A3BEE245A47
:100640007AEE84CA67EE8C7A39EE677A60EEA76A32
:100650002AEE276A63EE27DAE3EE076AA2EE076A5C
:10066000E3EE87DA22EE27DA63EEA7EA22EEA7EAC4
:10067000A2EE87DAE1EE07EAA0EE07EA67EEA66AE5
:1006800027EE866A27EEADFAE7EE2D6AADEE076A31
:1006900067EE8D5AB0EE4FDAEEEE075AA7EE2EDA7D
:1006A00067EEA66A27EE866AA5EE876AE7EE0D6A10
:1006B000B0EE467AF0EE665AA5EE4C7AECEECC5AE5
:1006C000B0EEC77AF0EEE55A37EE257AB4EEE97A65
:1006D000F1EE10FA0DD9F0EE464A0124B0EE664A6A
:1006E000B0EE678A78EE618AF4EEEB8AF1EE10FAEA
:1006F000A2DACCB1494601A88DED014ACDED024AFE
:10070000FFF76CFC002874D0B4EEC98AF1EE10FA41
:100710006FD578EE288AF0EE481AF4EE498AF1EEA9
:1007200010FA39FE288A3BE7B0EE00CAB6EE005A4E
:1007300059E0F0EE617AE8EE8C7AF4EEC97AF1EEE7
:1007400010FAD7DA39EE677A20EEA76A6AEE276ADE
:1007500063EE27EAA3EE076AE2EE076AE3EE87EAB2
:1007600022EE27DA23EEA7EA62EEA7DAA2EE87DA14
:10077000A1EE07EA27EE866AE0EE07DA67EEA66AE0
:10078000A7EE2E6A67EEAECAEDEE076A67EE8D5AE7
:10079000E7EE0ECAEDEE875A27EE866A67EEA66A86
:1007A000A7EE2C6AE5EE876AB0EE447A7AEE865AB6
:1007B0007BEE26CAA5EEC57AF0EE645AECEEC55A79
:1007C000B0EEC77AF0EEE55A37EE257AB4EEE97A64
:1007D000F1EE10FA8EDCB0EE678AF0EE664AB0EE0B
:1007E000464A77EEE18AF4EEE98AF1EE10FAA0D9F2
:1007F00080E705B0BDEC108BBDE8F083CDCCCC3DDF
:10080000000000006F12033B2DE9F04F2DED048B2B
:1008100087B01D469346127D9DF852300646169CC1
:1008200042F0010205EB8308994694ED057A8A4669
:10083000D8ED007A9DF85030F4EEC77A159F0093FA
:100840009DF85130F1EE10FA8BF81420019300F16D
:10085000E380A27EDAF80000DAF80410012ADAF860
:1008600008200CBF94ED059AB0EE679A28602846E0
:1008700069605946AA60C8ED007AFFF7AFFB00280F
:1008800000F08E807B1E0293002F00F0E580009B1D
:10089000CDF80CA0DA4605EB8303DFED8B9ACB464F
:1008A0000493019B05EB8303059398ED008AD4ED37
:1008B000057AB4EEE78AF1EE10FA00F3B88004EBA3
:1008C0008B024FEA8B07D2ED007AB4EEE78AF1EEA5
:1008D00010FA40F3B7804FF0000928E0637E33B18F
:1008E000DAF81000B0EE690A4946436A9847492E83
:1008F0005CD0F0EE497A9AF814305146227E2846B0
:10090000C8ED007A62F300038AF81430FFF766FB43
:10091000002845D0637EBBBB542E35D0E319D3ED00
:10092000007AF4EEC87AF1EE10FA40F18B8094ED83
:10093000037A51469AF81430284638EE478A6FF306
:100940000003B4EE678A8AF81430F1EE10FA48BF5B
:10095000B0EE678A88ED008AFFF740FB00B3542EA3
:1009600034D0D4ED048AF5EEC08AF1EE10FAB5DD8C
:100970000CF0F4FA0228B1D004F012F8B0EE680AD4
:10098000002001F065FFA9E79AED030A9AF8052017
:100990009AF80410DAF810000BF00CFF0028BDD113
:1009A000002007B0BDEC048BBDE8F08FE319D8ED53
:1009B000007A93ED007AF4EE477AF1EE10FA98D0CF
:1009C000424B93ED037A77EE877A94E7B0EE690AAB
:1009D0009AF805204946DAF810000BF0EBFE0028E3
:1009E000DFD09AF80410DAF8100081F002039AEDD3
:1009F000030AC3F3400363F34101436A8AF8041016
:100A000098479AF8043083F00202C2F3400262F37E
:100A100041038AF80430A4E75946284688ED007A55
:100A2000FFF7DCFA0028BBD0D8ED007A11E7514679
:100A30002846C8ED007AFFF7D1FA0028B0D098ED2B
:100A4000008A3CE79AF81420029B42F001028AF8DF
:100A5000142093B9DDF80CA02B68AA686968CAF85D
:100A600000301B4BCAF808201A78CAF80410002A74
:100A700096D1587880F0010093E7164A12791AB996
:100A8000029B013B029310E7009A5146049B2846C3
:100A900004EB8202D3ED007A92ED007A019A77EEB0
:100AA000877A04EB8202C3ED007A059B92ED007A0F
:100AB000D3ED007A77EE877AC3ED007AFFF78EFAEE
:100AC0000028DDD16CE700BF0000000014160120F3
:100AD000241C0120840601202DE9F04FB7EE007A96
:100AE0009946D2ED057A0E4692ED080A154604465F
:100AF00000272DED088B92F82C30C7EE278ADFED0A
:100B0000AB7A85B013F0010A92ED038A14BFD2EDDF
:100B1000079ADFEDA79A13F0020B20EE270A14BF05
:100B200092ED07AA9FEDA2AA13F0F8FDD6ED02BA46
:100B3000B0EE409A95ED04BA01ABF0EE6BAA3068C6
:100B40007168B268EBEE00AA07C30137F0EE680ADD
:100B500007EE907AB8EE670A13F0FCFF28EE000A61
:100B6000B4EEC0BAF1EE10FAEFDC95ED01BAD5F8AB
:100B700028803BEE6BBAB5EEC0BAF1EE10FA08DD94
:100B8000BAF1000F01D0F1EE699ABBF1000F40F00D
:100B9000FB8095ED067A79EE8A7AB5EE407A37EEEB
:100BA0008BBAF1EE10FA07D027EE0B7A7BEE677A5C
:100BB000C7EE276AC5ED066AB5EE409A237D43F07D
:100BC0000103F1EE10FA237540F0E18018EB0708FD
:100BD00000F0B680012795F82C3095ED027AD90700
:100BE00040F1B38038EE077A95ED046AD5ED096AD5
:100BF000D6ED007A37EE467AE7EE267A214601A84E
:100C0000CDED017AFFF7EAF9002800F0998003F0B2
:100C1000C7FE002800F0A280217D2379627E6FF359
:100C2000000143F0800342F00202217523716276D5
:100C300095F82C30DA0715D5DDED017A214695EDD2
:100C4000046A01A8D5ED096A9DED037AE6EE267ADD
:100C500037EE697A8DED037ACDED017AFFF7BEF9B3
:100C600000286DD0DDED037A214601A877EE8B7A5E
:100C7000CDED037AFFF7B2F9002861D095F82C305A
:100C80009B0715D5DDED017A214695ED046A01A893
:100C9000D5ED096A9DED037AE6EE667A37EE4A7A7B
:100CA0008DED037ACDED017AFFF798F9002847D052
:100CB00003F076FE002862D0237DB845227943F008
:100CC00001036FF3C712237522714DD0013795EDE3
:100CD000038AF0EE680A07EE907AB8EE670A13F01E
:100CE00039FF28EE008AD5ED047A2146D5ED096A50
:100CF00001A8F4EEC87A96ED007AF1EE10FA38FE0B
:100D0000278A78EE677AA7EEA67A8DED017AFFF74B
:100D100065F9A8B1B5EE409A637EF0EE6A7A214695
:100D200069F3410301A8F1EE10FA637618BFE8EE0B
:100D3000497ACDED037AFFF751F900287FF44BAFE4
:100D400005B0BDEC088BBDE8F08F38EE077AD5ED25
:100D5000096AD6ED007AE7EE267A4FE70CF0FEF846
:100D600000283FF459AFEBE73368214601A801930F
:100D7000FFF734F905B0BDEC088BBDE8F08F0CF03F
:100D8000EDF8002898D0DBE7B1EE4AAA01E7F0EED3
:100D90006A7A214601A8E8EE497ACDED037AFFF799
:100DA0001DF900287FF412AFCAE700BF35FA8E3C68
:100DB0000000000070B5284B05468C46114693F89C
:100DC000260182B0AB8ADCF8642043F4C2632A6057
:100DD00043F00403AB82DCF8C430EB61430713D566
:100DE0001E4B0CF1A4001E4AD3F814310190984711
:100DF00029460198FFF7F2F80CF0B0F830F40074CF
:100E000019D0002002B070BD164B0CF1A40493F869
:100E1000991039B1114A58332046D2F80C61012299
:100E2000B047B0B120462946FFF7D8F80CF096F845
:100E300030F40074E5D102F045FB0028E1D0202019
:100E40000CF092F80DF03AF90CF0F8FD204602B0E3
:100E500070BD0F20D6E700BF1416012068070120DF
:100E60007C1C0120241C012008B52DED028BB0EE66
:100E7000408A0CF073F8022802D1BDEC028B08BD49
:100E800003F08EFDB0EE480A0020BDEC028BBDE8F9
:100E9000084001F0DDBC00BF2DE9F04F87B00446EB
:100EA0000D4617460CF05AF8022800F0C680DFF80D
:100EB0005CA29AF82131D80700F1838004F10C0874
:100EC000DFF84892DFF848B24646D9ED1E7AA9F11C
:100ED000240936ED010A20EE270A13F005FEA6428A
:100EE0004BF8040DF1D1804B804A1B7D82F82A30EB
:100EF00003F056FD002860D0DFF80092D9F8B43036
:100F00004BB10CF02BF8B0F5007F04D0774B93F881
:100F1000483099077DD14FF0000BCDF800B0D9F8DB
:100F2000B8301BB3724903A80FF08CF906A9DFEDA6
:100F3000716A002003234FF0010C78ED017A013B28
:100F400031ED017A0CFA03F277EEC77A0243F0EE44
:100F5000E77AF4EEE67AF1EE10FAC8BFD0B2002BD1
:100F6000EBD1D9F8B8302A46214698475F4A01218B
:100F7000DFF8A081C7F3C00013896FF34103138129
:100F8000D8F810319847D8F81431984700F0030387
:100F9000022B1ED0D8F8483004215748984703F058
:100FA000D1F90021D8F8103108469847BBF1000F5D
:100FB00047D1D9F8BC3003B19847022007B0BDE84B
:100FC000F08F4E4B00214E4A2046D3F814319847FB
:100FD00074E7294620460193FFF700F80028ECD07B
:100FE000019B424A1946012302F13C0082F8383045
:100FF000D8F84030984707E00BF0B0FF48B30BF04B
:10100000ADFFB0F5007F24D003F09CF90028F3D1A8
:10101000D3E7D9F8B430B1EE040A08201E460FF029
:1010200025F9002101230246009008469B46B0475F
:101030006B7D60F3C3036B7571E7002007B0BDE8FB
:10104000F08F0023D9F8B440009A19461846A047FB
:10105000AFE7264B93F83830012B32D0234A13895F
:1010600043F0020313810025204AD8F810312946A5
:10107000284682F83850984703F064F9BBF1000F16
:1010800006D0009A2B46D9F8B44029462846A047F6
:101090000CF0CAFE02F060F902F024FD1449194870
:1010A0000FF0D0F89AF91831002B19DBD9F8BC30C1
:1010B00003B198470D4B1889C0F3400007B0BDE855
:1010C000F08F114B03F1600207CA83E80700FA06AC
:1010D000C9D403F114000521D8F848309847C2E775
:1010E00005F0BAFDE2E700BF84060120241C0120C0
:1010F000B01C012017B7D138641C012068070120FB
:101100007C1C0120581D0120501C012014160120B8
:101110005C1C01209808012010B50D4C82B023788A
:1011200013B1002002B010BD02F0CAFA0028F8D0B6
:10113000A37A019023F0050343F00403A3720CF09B
:1011400041FF0CF0BBFF0CF079FC019802B010BD20
:10115000241C012038B50C4D83B20446EA8B9A4218
:1011600001D003F01DFC287800B138BDEC83F7F7FF
:10117000B9F9C068E4B20028F7D004F00101BDE875
:1011800038400BF001BA00BF241C012070B5244C7C
:10119000E36B990624D4234D04F13C0020212B6CF1
:1011A0009847A088E0B9D5F8E03003B198470BF034
:1011B000D5FE10F02C0F14D1A37A13F0060310D132
:1011C000E370EB6E984742061BD5AB6C0A211648BC
:1011D0009847164BD3F8EC3013B1BDE87040184770
:1011E00070BD0123E3700BF0B9FE042810D0AB6C86
:1011F00003210D4898470CF04FFCEB6E98474206D0
:10120000E3D4C305E5D5AB6C112107489847E0E767
:10121000236C002BEFD1AB6C062103489847EAE71B
:10122000241C012098080120641C0120680701206B
:101230002DE9F04F0022964B964C83B01A6005467C
:1012400094F88E21C6B2910627D506BBA3F1880A71
:1012500013F87C3C0BBB9AF8483031464FF007003E
:10126000072643F007038AF84830FEF70FFA03F029
:1012700069F8002840F0D480874BD3F8B030002BB9
:1012800000F0038100213046FF2598477BE013F8EA
:101290007C1C883B314000F0D380D4ED117AF5EE10
:1012A000C07AF1EE10FA40F2C68094F82631DFF8E9
:1012B000F8911A070BD599F8183243B9D9F85C3070
:1012C0009847FEF757F9C0B2002840F0D1800420BB
:1012D0000BF04AFE94F8190110F0100709D16F487D
:1012E0000121D9F84030984738469FED6D0A01F04A
:1012F000AFFA0BF017FB00285DD1D9F8783098478A
:10130000C0B200285FD1002E63D1DFF8A0A1654FE5
:101310009AF848309AF80C2007F1030B23EA0203ED
:101320008AF8483017F8018FB8F1000F2FD15F45C8
:10133000F8D194F826014FF00001D9F8583000F0A8
:1013400001009847002E66D104200FF027F894F88A
:10135000263103F00303032B09D1534BDB6D984770
:10136000FEF708F9514B93F89830034251D100250C
:10137000FEF72CF9484BD3F8B03023B1B5FA85F11C
:10138000304649099847284603B0BDE8F08F4046EB
:101390004646FEF777FC05460028C8D094F826019B
:1013A0004FF00001D9F8583000F00100984702F0E2
:1013B000C9FF08BB60E7F7F799F8D9F87830984784
:1013C000C0B200289FD04FF00000F7F79FF8002E22
:1013D0009BD02846FEF756FC94F82621D9F85830C1
:1013E00005464FF0000102F00100984702F0AAFF05
:1013F00000283FF441AFBDB10BF0B0FD042840D050
:10140000254BD3F8B030002BBDD000213046984793
:10141000B9E72D25AEE702F095FF00283FF42CAF89
:1014200094F88E319B0617D402F05CFB20492148CA
:101430000EF008FF88E70525284603B0BDE8F08FC9
:1014400093F84820324383F84820FEF71FF902F052
:1014500079FF0028E8D10FE79AF80C6007230021F4
:10146000F6438AF848301E403046FEF70FF9DBE7B6
:10147000FFF78CFED9F8483001210F48FF25984727
:1014800081E700200BF070FDBAE7FF257BE700BF86
:10149000AC1C01201416012068070120601C0120EB
:1014A000CDCCCC3DA517012098080120241C01209B
:1014B000B01C0120FC060120641C0120704700BF05
:1014C000054BB7EE000ADFED057A1B8913F0020F1A
:1014D00007FE800A704700BF241C012000000000A6
:1014E000024B93ED110AB8EEC00A7047241C01208C
:1014F000034BD3F8D43093ED040AB8EEC00A70471A
:1015000084060120094BA3FB0023DB0803EB8303C4
:10151000A0EB430080B2032805D8054B03EB800302
:1015200093ED0F0A70479FED030A7047CDCCCCCCEA
:101530008406012000000000054BF7EE007A1B7DB9
:1015400000EE103AB8EE400A30EE270A704700BFAE
:1015500084060120034B93F8C43000EE103AB8EE35
:10156000400A704784060120094BA3FB0023DB08D7
:1015700003EB8303A0EB430080B2032805D8054B9F
:1015800003EB800393ED310A70479FED030A704728
:10159000CDCCCCCC8406012000000000044B93F895
:1015A0001D3103F0010300EE103AB8EE400A704717
:1015B0001416012030B5164C002885B0A4FB00237A
:1015C00014BF4FF0000C4FF00A0CDB0803EB830351
:1015D000A0EB43039BB25D1E022D03D99FED0D0AC4
:1015E00005B030BD0C4A69460244D01AA0EB0C008D
:1015F000A4FB0040C0F3071009F070FC0028EDD0F8
:1016000004AB03EB850515ED040A05B030BD00BF42
:10161000CDCCCCCC000000009CEBFFFF0E4BA3FB1D
:101620000023DB0803EB8303A0EB430010B584B277
:1016300084B0032C03D99FED090A04B010BD69469C
:101640000A2009F04BFC0028F5D004AB03EB84041E
:1016500014ED050A04B010BDCDCCCCCC00000000C8
:101660000E4BA3FB0023DB0803EB8303A0EB43003B
:1016700010B584B284B0032C03D99FED090A04B0DD
:1016800010BD6946092009F029FC0028F5D004ABFB
:1016900003EB840414ED050A04B010BDCDCCCCCC12
:1016A000000000002A4BA3FB0023DB0803EB8303AD
:1016B000A0EB4300F0B584B285B0651E022D1ED8A4
:1016C000244E254F96F82A003B7D834213D106EB2A
:1016D0008406224B05EBC502D6ED0A7A03EB8202A3
:1016E000F8EEE77A92ED0C7A87EE870A07EB85052C
:1016F000D5ED027A29E0694609F0F0FB60B99FED6B
:10170000180A164B93F81C31DB0703D5DFED157A69
:1017100020EE270A05B0F0BD104B05EBC50206EB25
:10172000840496F82A1003EB8202D4ED0A7A92ED33
:101730000C7A3A7DF8EEE77A914287EE870AD5D0A7
:1017400004AA02EB850555ED047A30EE670AD9E765
:10175000CDCCCCCC241C0120840601201416012001
:10176000000000003333CB4110B50446F6F704FD0A
:10177000094BA3FB0423DB0803EB8303A4EB430423
:10178000A4B2032C04D800EB840010ED010A10BDB4
:101790009FED020A10BD00BFCDCCCCCC00000000F4
:1017A000184BA3FB0023DB0803EB8303A0EB4300F0
:1017B00080B2022810B52DED028B0DD99FED120AD3
:1017C000124C94F81C31DB0703D5DFED117A20EEC3
:1017D000270ABDEC028B10BD0E4A00EBC0030B4C78
:1017E000002102EB800204EB8303D2ED237A93ED18
:1017F0000C7AF8EEE77A87EE878AF6F7D7FC38EEB0
:10180000400ADEE7CDCCCCCC00000000141601204D
:101810003333CB41241C0120431E41F2C3329BB21F
:10182000934210B50C461BD900231B4941F2DF5CE3
:1018300023600A461623604503F1FF330BD3B2F849
:10184000AAC0844507D301EBC3035B689847012016
:1018500084ED000A10BD083AE3B1B2F8A8C0EAE787
:1018600000231E280B6010D900210C4B1B6813B9F4
:101870000EE0DB6863B11A688A42FAD19A88824224
:10188000F7D19B680120236010BD054B1968ECE778
:10189000012010BD184610BDE03E0060280F012059
:1018A00008040120431E41F2C3329BB2934201D986
:1018B000002070471E282DE9F04106462DED028BD1
:1018C000B0EE408A17D90025DFF87480D8F8007090
:1018D0003C461FB912E0E36883B11C462368AB4263
:1018E000F9D1A388B342F6D184ED028A0120BDEC80
:1018F000028BBDE8F081114B1D68E5E7B5EE408A2B
:10190000F1EE10FA0BD0102015F07AFE38B100235A
:1019100086800560C3606FB1E0600446E4E7B5EE21
:10192000408ABDEC028BF1EE10FA0CBF01200020C2
:10193000BDE8F0810446C8F80000D5E7080401209E
:10194000280F012010B503462DED028B3D2800F233
:10195000EE81DFE810F0C801C501C300B900AE0098
:10196000AB00A600A1009C00970092008D008800AB
:1019700077006E000B010401FC003E004400B90139
:10198000BF01B101F400EE00E900E20023014400D0
:101990001C01180112016600660066006600660000
:1019A000660066006600660049004900490049007B
:1019B000490049004900490049002A01A301830167
:1019C000710169016101520143013201DA00D40061
:1019D000C9000020F6F786FD4378012B2DD09FED3E
:1019E000A60ABDEC028B10BDA0F12902022A1CD868
:1019F000A24902EBC202A24C01EB800104EB82037C
:101A000051ED067A93ED0C7AF8EEE77A87EE870AC5
:101A100094F81C31D807E4D5DFED9A7A20EE270A36
:101A2000DFE72038022840F26C819FED930A944C46
:101A3000EEE7954BDB79002BD1D0B7EE000ABDEC79
:101A4000028B10BD904B1A7D02EB820119294FEADF
:101A50004103C8BF02F12D0303F5077300EE103AEE
:101A6000B8EEC00ABDE7884B9B78022BB7D1E4E7FC
:101A7000854B9B78002BE0D0B1E7834B9B78012B03
:101A8000ADD1DAE7804B1B79002BD6D1A7E77E4B8F
:101A90001B79002BA3D1D0E77B4BDB78002BCCD17B
:101AA0009DE7794BDB78002B99D1C6E79FED770A4C
:101AB00097E7754B9B7903EB83035B00AA3307EE33
:101AC000903AB8EEE70A8CE76F4B1B8803EB830371
:101AD0005B0007EE903AB8EEE70A82E76A4B93EDB7
:101AE000210AB8EEC00A7CE7694B5B6B002B00F063
:101AF0009880984700EE100ABBEECB0A71E7654B61
:101B000093ED060AB8EE400A6BE75C4B93F8483059
:101B100000EE103AB8EE400A63E75B4B93F82C30C6
:101B2000002B7FF45CAF88E7574B5B7EDA0784D4E9
:101B300055E7554B5B7E99073FF57FAF4FE7002098
:101B4000F6F7D0FC037898073FF577AF47E700201A
:101B5000F6F7C8FC4378002B3FF46FAF3FE74A4BE2
:101B600093F82E30012B7FF43AAF66E7464B93F89B
:101B70002E30002B3FF461AF31E70020F6F7B2FCC6
:101B800090ED020A2DE7404B93ED1C0A29E73E4BEE
:101B900093F82D309C073FF522AF4EE73A4B93F870
:101BA0002D30DB073FF51BAF47E7374BD3F8D43079
:101BB00093ED040AB8EEC00A13E7304A137B3BB931
:101BC0002F4B93F88E3113F0220F3FF408AF072309
:101BD00092F8482093437FF402AF2EE72C4B93F802
:101BE0000B2292071DD5D3F81831D3B101209847A5
:101BF00007EE900AB8EE670AF3E6254B93F80B223E
:101C0000D1070ED5D3F818315BB10220984707EE03
:101C1000900AB8EE670AE4E61D4B93F90A22002AFF
:101C200064DBBFEE000ADCE61B4B1B68013300EEF1
:101C3000103AB8EE400AD4E6134BD3F8D420D3F8C8
:101C4000880013699842ECD0124BDB699847B0F9D1
:101C5000083000EE103AB8EEC00AC2E60A4BD3F8DC
:101C6000D420D3F8883012699342DAD007EE903A44
:101C7000B8EEE70AB5E600BF00000000241C012012
:101C8000141601203333CB41840601200000C843E1
:101C900098080120680701200CED0020254A264BFA
:101CA000D2F8D420DB6910699847B0F9083000EE0B
:101CB000103AB8EEC00A94E60020F6F713FC037859
:101CC000DC073FF5BAAE8AE61A4B5B79002B7FF44E
:101CD000B4AE84E6174B5B79002B7FF480AEACE6A4
:101CE0009FED160A7DE69FED160A7AE6D3F81831C5
:101CF000002B96D00020984707EE900AB8EE670AAE
:101D00006FE6104900EBC0020F4C01EB830300218A
:101D100004EB8202D3ED037A92ED0C7AF8EEE77AC7
:101D200087EE878AF6F742FA38EE400A70E69FEDB2
:101D3000070A56E68406012068070120C0027E4893
:101D4000CDCC8C3F241C0120141601200000C07F44
:101D5000F8B510F8013B0D462F4F002B58D000244A
:101D6000394600E08BB1202BA3F141060A4608D981
:101D7000192E04F1010498BF43F0200302F8013B3F
:101D800011461F2C10F8013BECD100230B703B785F
:101D90005F2B08BF7B78B3FA83F35B09D3B90023C9
:101DA0002B603B785F2B17D01C4B1E681C4B1C68AC
:101DB00084B1194F01E0A46A64B12368B342FAD137
:101DC0003946201D16F0FAFA0028F4D1636A012082
:101DD0002B60F8BD0020F8BD124E3E2412490E4F74
:101DE00002E0BCB1D6F8DC123846013C0C3E16F0DD
:101DF000E5FA0028F5D104EB44040C4B03EB840313
:101E000093F8B400FFF79EFD012085ED000AF8BDB0
:101E10003946BAE72646C9E7A80C01200804012084
:101E2000240F0120903F0060C47C0020E03E006051
:101E3000F8B52DED028B10F8013BB0EE408A3A4E1A
:101E4000002B57D00021344600E08BB1202BA3F1AA
:101E50004105224608D9192D01F1010198BF43F02F
:101E6000200302F8013B14461F2910F8013BECD176
:101E70000023237033785F2B24D0FBB12B4B1E68DB
:101E80002B4D2C68002C40D0274F02E0A56A85B16D
:101E90002C462368B342F9D1201D394616F08EFA3C
:101EA0000028F3D184ED098A04F12400BDEC028BF3
:101EB000F8BD2C2015F0A4FB0746E8B90020BDECC6
:101EC000028BF8BD7378002BF8D01A4D3E241A49C6
:101ED000154E01E0D5F8DC12013C30460C3D16F001
:101EE0006DFA1CB10028F5D10446DDE70028FBD0CF
:101EF0000026C5E73446BBE70B49381D16F0C8FB82
:101F00003E60BD62A7623C46CCE72C2015F078FB12
:101F100004460028D2D00449201D16F0B9FB002346
:101F200026602C60A362BDE7A80C012008040120F4
:101F3000240F0120903F0060C47C0020C3B2013B0D
:101F40002DE9F043044685B0052B29D8DFE803F0DE
:101F50003C4E5C819E323B0740F1578103A9132020
:101F6000FFF75AFC002800F008813388307B1D44BD
:101F70000628A5EB0805ADB200F05581DDED037A2A
:101F8000FCEEE77A17EE900A00F0B4FA0146284614
:101F900009F016FC0546002800F0EF80FF280FD15D
:101FA000A44B1B68002B00F09780204605B0BDE8CD
:101FB000F0431847A04A0025D37F43F00803D377A6
:101FC000284605B0BDE8F083F6F7D8FA8603C0F3DB
:101FD00007477CD502A91120FFF71EFC002840F01E
:101FE000AE802725284605B0BDE8F083F6F7C6FA8F
:101FF000C0F3074000F00600062868D18F4CA369A3
:10200000002B6BD12625DBE7F6F7B8FAC5060446A8
:102010005DD5042002A9FFF7FFFB0028E1D0A00353
:10202000C4F3074540F1BE8003A91120FFF7F4FB7C
:102030000028D6D0DDED027A9DED030AFCEEE77AAA
:1020400017EE903A98B2FFF72DFC0028C9D0002572
:10205000B6E70AF083FF002503467948AB4293FABE
:10206000A3F3B3FA83F308BF4FF0FF33013300EE5D
:10207000103AB8EEC00AFFF7DBFEB7EE000A71486F
:10208000FFF7D6FE284605B0BDE8F083F6F776FAEE
:1020900081031CD503A91120FFF7BEFB0028A0D0A7
:1020A000694BDDED037AD3F81C31002B00F09280F0
:1020B000FCEEE77ACDED017A9DF804009847002800
:1020C0008FD04FF4802000250EF068F978E71C25AA
:1020D000284605B0BDE8F083FF2571E702A911206D
:1020E000FFF79AFB00288DD003A91220FFF794FB7D
:1020F000002887D0DDED027AE369FDEEE77A17EE7E
:10210000900A98474268002A3FF47CAFDDED037ADD
:10211000FCEEE77ACDED017A9DF80430022B3FF614
:1021200071AF02EB83024648002592ED000AFFF7EB
:102130007FFEB7EE000A4348FFF77AFE40E7DDED89
:10214000027A0021FCEEE77A17EE903A9DB228461B
:1021500009F094F8064600283FF443AF037BB0F83B
:102160000080062BA5EB08093FF4F5AE09F0F6F95F
:10217000002841D03A073FF5F1AE337B062B44D01F
:102180004946304608F0C0FD00EE100A2C480025F4
:10219000B8EE400AFFF74CFEB7EE000A2948FFF7F9
:1021A00047FE0DE7DDED027A03A9FCEEE77A17EEB4
:1021B000903A98B2FFF730FB00283FF412AF15F0C9
:1021C00008050ED002A91320FFF726FB00283FF4D4
:1021D00008AF2FE7F5EE407AF1EE10FA3FF471AF59
:1021E000FFE69DED030A1648FFF722FEB7EE000A50
:1021F0001448FFF71DFEE3E6304609F0A7F9002872
:10220000B8D1337B062B7FF422AF4946304608F025
:10221000A7FD0B48FFF70CFEB7EE000A09480025A2
:10222000FFF706FECCE69DED030A00F089F90146B2
:10223000ADE600BF000D0120241C0120680701202D
:1022400098790020A079002098080120F8B51B4B50
:10225000164607460D461B685A1C2DED028BB0EE44
:10226000408A21D003EB4303154C9B0003F1080285
:1022700023449B681444DBB1206878B1394650226E
:1022800010F0D0FD286823686968AA681865596548
:102290009A65206880ED128A80F84C600038BDECA9
:1022A000028B18BF0120F8BD064C2368002BE3D138
:1022B0005C2015F0A5F92060DFE700BF0CED0020E1
:1022C0000C040120400C01200B4B1B685A1C10B55C
:1022D0000ED003EB4303094C9B0003F10801234498
:1022E0000C44986818B115F093F90023236010BDD1
:1022F000034C2068F6E700BF0CED00200C04012021
:10230000400C0120064B1B685A1C06D0054A03EB03
:10231000430302EB830398687047034B18687047C8
:102320000CED00200C040120400C01200B4902465A
:102330000B68082BD4BF012000200DDC013310B442
:102340000B6003EB43030649064C01EB8303226059
:102350005A605DF8044B7047704700BF0CED0020D9
:102360000C040120080401202DE9F0473B4E34689D
:10237000002C3FDB3A4F3D68EDB1DFF8E8A0DAF81A
:102380000080B8F1000F07D0404603689D4245D059
:102390008046C0680028F8D1DFF8CCA0DAF80080C9
:1023A000B8F1000F07D0404603689D4228D0804610
:1023B000806A0028F8D1DFF8B48004EB440365009C
:1023C00008EB8303986850B190F84C30002B3BD158
:1023D000254415F01DF9002308EB8505AB60013C91
:1023E000002C34600ADB04EB440308EB8308D8F8C4
:1023F00004303B60E043C00FBDE8F0870023F8E7FE
:10240000DAF80030D0F82890834215D0C8F8289028
:1024100015F0FEF848460028C6D1CCE7DAF80030BF
:10242000D0F80C9083420BD0C8F80C9015F0F0F85F
:1024300048460028A9D1AFE7C846CAF80090E7E7A8
:10244000C846CAF80090F1E7F6F79EF8346804EB46
:102450004403650008EB83039868B9E70CED00209E
:1024600008040120280F0120240F01200C04012062
:10247000014B1868013070470CED0020034B93F8B6
:102480001C0100F001000330704700BF141601204A
:10249000114B1A7810B54AB9104A01241049D2F8E4
:1024A00020011C700F4B0860C2F820310E4B1B68D6
:1024B0005A1C0ED003EB43030C4C9B0003F10801A4
:1024C00023440C44986818B115F0A2F80023236047
:1024D00010BD074C2068F6E79B210120680701200A
:1024E000000D0120C9BC00000CED00200C040120EF
:1024F000400C0120104B00229A7320B9302218465C
:1025000000F80D2F7047014603F10E0010B40B4C7C
:10251000A4FB01328C46D208BCF1090F02EB820306
:10252000A1EB4303114603F1300300F8013DEFD85E
:102530005DF8044B704700BFC0030120CDCCCCCC6C
:10254000B5EEC00A434B002270B5F1EE10FA2DED46
:10255000028B9A7348BFF1EE407A3F4B58BFF0EEC2
:10256000407AB0EE408A03EB800393ED007A77EE79
:10257000877ABCEEE77A17EE104A002850D0B8EE02
:10258000477A012877EEC77A5FD003469FED337A0A
:10259000023B67EE877A012BFAD8C30755D4FCEECD
:1025A000E77A421E2E4DD2B217EE903AA3B12D4ECD
:1025B000A6FB0310013A9C46C008D2B200EB800192
:1025C000FF2AA3EB4101034601F1300105F8011D8B
:1025D00027D0BCF1090FEBD8D343302101321D4481
:1025E000284615F0C3FB2E2305F8013CF4B1681E04
:1025F0001C4DA5FB04322146D208092902EB8203B7
:10260000A4EB4303144603F1300300F8013DF0D876
:10261000B5EEC08AF1EE10FA11D4BDEC028B70BD9C
:102620000F4D2E2305F8013C002CE0D1B5EEC08AF9
:102630003023A81E05F8023CF1EE10FAEDD5013862
:102640002D230370BDEC028B70BDB2EE047A67EEF1
:10265000877AA4E7C00301206C7900200000C842FB
:10266000CE030120CDCCCCCC10B52E21044616F0E3
:1026700079F878B1204616F09DFD431EE25C2344B4
:10268000302A05D1002103F801191A78302AFAD02E
:102690002E2A01D0204610BD002220461A7010BDFF
:1026A0000B68F0B5C418C35C2D2B41D02B2B39D04F
:1026B00004F1010C002B39D000261E4F344635465C
:1026C000B64610E024BB53EA050625D00EF1010EF4
:1026D000042B88BFBEF1090F01D8BD421CD90126C9
:1026E0001CF8013B5BB1303B092BEBD913F1020F16
:1026F00084F0010414BF002301231C40F0D1AEB1CB
:10270000ACEB000C156000200CF1FF330B60F0BD4A
:10271000002BDDD01720F0BD05EB8505012603EB6E
:102720004505DDE704F1020C6378C3E70220F0BD44
:102730000420F0BD999999190B682DE9F0410746DD
:10274000184417F80380B8F12B0F52D0B8F12D0FB1
:102750004FD000F1010E4346002B59D00020044613
:102760008446064605460FE053EA0C0018BF0136C2
:10277000092E42D804B1013D0CEB8C0C012003EB77
:102780004C0C1EF8013B5BB1303B092BECD913F12B
:10279000020F84F0010414BF002301231C40F0D178
:1027A00028B307EE90CAF8EE677AF5EE407AF1EEBC
:1027B00010FA11D06E1C06DA9FED167A023567EE1C
:1027C000877A6C1CFADB6B1C1DD02DB1B2EE047A3B
:1027D000013D67EE877AFBD1B8F12D0FAEEB070311
:1027E00008BFF1EE677A013BC2ED007A0B60BDE8ED
:1027F000F08100F1020E4378AEE714B901350120F3
:10280000BFE72046BDE79FED047A67EE877AE3E7EE
:102810001846ECE70AD7233CCDCCCC3DB4EE400AB9
:10282000F1EE10FA0FD6F6EEC07A30EE670ADFED61
:10283000077AB0EEC00AB4EEE70AF1EE10FA4CBF28
:102840000120002070470020704700BF6F12833ABC
:10285000F3EE047A70B520EE270ABAFE400AFCEEC9
:10286000C07A17EE904A64B105460D4E65B901F085
:1028700069FD03460021322053B1F36B9847013CB8
:10288000F4D10123184670BD01F0B6FA034608B929
:10289000184670BD0AF052FB80F00103DBB2E9E795
:1028A0009808012000B59FED1C0A83B000F10C03CD
:1028B00073ED017AF5EE407AF1EE10FA18BFA7EE4B
:1028C000A70A8342F4D1B5EE400AF1EE10FA1CD407
:1028D000F1EEC05AD0ED026A90ED017AD0ED007AA7
:1028E000B7EE005AB0EE650A85EE256A66EE866A96
:1028F00027EE067A67EE867AC0ED026A80ED017AED
:10290000C0ED007A03B05DF804FB019011F0E4FE25
:102910000198F0EE405ADDE70000000000214FF082
:10292000FF3370B50A46494D8C46494C494EA96162
:10293000C5E90033C5E90233C5E90433C5E9071128
:1029400010F8013BE15C490717D502EB8202A3F1C5
:10295000300101EB4202002BF2D1D5E90413D5E995
:1029600002020B431343D5E90021034337480B43CD
:102970001343002BD8BF002070BD2D2B40D03A2B25
:102980003ED0542B18BF5A2B01D0002BE5D10CF1AF
:10299000FF3104290BD8DFE801F01F102D270300B9
:1029A000002B18BF5A2B02D13B2A98BF2A600CF18A
:1029B000010C0022002BC3D1CFE7542BF7D1002A02
:1029C000F5D0296921EAE17E012916F80EE033D01D
:1029D0009645ECD3EA60EAE72D2B02F1FF32E6D10F
:1029E0000B2AE4D82A61E2E73A2BE0D13B2ADED871
:1029F0006A60DCE73A2BDAD1172AD8D8AA60D6E782
:102A0000BCF1050FD3D801A151F82CF0B1C70000DB
:102A100065C7000047C7000081C7000075C70000F8
:102A20002DC70000A2F2B2718129C0D82D2BBED1D2
:102A3000A2F26C726A61BAE769696429C8D0890731
:102A400008BF0EF1010E9645B1D3C3E7FC04012087
:102A5000F10900207842006030B10022431E0132AB
:102A60001840FBD11046704702461046704700BF21
:102A7000704700BF014B1B68185C70476CF2002068
:102A800010B410B90F4B01225A700F4C23783BB190
:102A90000E4A23701268024411705DF8044B7047AF
:102AA0000A4B1B6813F800C01A18B0FA80F31170B3
:102AB0005B098C4518BF43F0010323705DF8044B9C
:102AC000704700BFC4170120942101206CF2002040
:102AD0002DE9F041DFF88CE004460D461646BEF8BD
:102AE000BCC11F46BCF1000F04D0BEF8BEE1F444E7
:102AF0008C452FD3BFB99EB13846DFF86C80D8F82B
:102B0000002005F1FF3E731E04F1FF3C9644234470
:102B10001EF8014F0CF8014F6345F9D1354477B9E0
:102B20000120BDE8F081DFF840803146D8F8000090
:102B30002844F5F711F8002EE1D1D8F800205119FA
:102B4000535D4A7843EA0223181AB0FA80F040092C
:102B5000BDE8F081024C246AA446BDE8F04160471C
:102B6000A40D0120980801206CF200202DE9F04707
:102B7000604FFC69002C00F097805F4E737843B182
:102B800000235E4A184611680122A04780F0010028
:102B90007070B3785BB1594A0023FC690120116859
:102BA0004FF4D9720131A04780F00100B070F37882
:102BB00063B1524A0023FC6940F2B73011684822E1
:102BC00001F2B731A04780F00100F070727932B3A2
:102BD00002244FF00109DFF824812346013B22FA49
:102BE00003F1C80714D509FA03F103EBC300FD692B
:102BF000CB43C000D8F800101A4000F226305FFA2C
:102C000083FA0023727101444822A84700286BD13F
:102C1000012C4FF0010402D072792346DEE7F188DF
:102C200029B34FF42A790C24DFF8D08000E0F18832
:102C3000E14000230E224846C9070BD5D8F8001002
:102C4000FD694944A847012320B1F288A34022EA44
:102C50000303F380013CA9F10E09631CE7D133792A
:102C60003BB9F388C3B101233370BDE8F0873379F2
:102C700093B1234BB3F8BE21002A33D01F49B3F8D8
:102C8000BC0100230968FC690144A047F38880F077
:102C900001003071002BE6D1B378002BE3D1B3886B
:102CA000002BE0D1F378DFE7BB6A002BDDD0134DBA
:102CB00004242868984730B9013C0AD0BB6A2868C8
:102CC00098470028F8D00C4B0022C3E90022BDE849
:102CD000F08702210B4803F0A9FE074B0022C3E94D
:102CE0000022F4E73271BCE773790AEA03037371D7
:102CF0008EE700BFA40D0120C41701206CF2002054
:102D000098080120807D00202DE9F04F8A4D85B084
:102D100006468846B5F8BC411F4601922CB1B5F86D
:102D2000BE512C448442C0F0BF80002F6ED1DFF82A
:102D300018B2019B8BF80070002B00F0D78002972F
:102D40007E4B4546019A4FF0010A1B68B118DFF827
:102D5000FC9103EB060E039332460023B2FA82F095
:102D600015F8014B0AB989F801A00132400933B9BD
:102D70009EF800C0A4450CBF034640F001039142F9
:102D80000EF8014BEAD1019A8BF800309044002FE5
:102D900078D199F801305BB9674BD3F8B831434526
:102DA00006D09BF8003033B9012005B0BDE8F08FA4
:102DB00001238BF80030624B1B78002BF4D05E4B64
:102DC0000122B3F8BC3189F80020002B40F0898043
:102DD0005C4804E0CBB230F82320002AE4D0B242B1
:102DE00003F10101F6D100EB83029B009278042AE3
:102DF000DAD801A151F822F09FCC000035CB0000B9
:102E00008BCC0000A7CC000083CC0000019C404686
:102E1000DFF834B12146F4F79FFE002302908BF8CF
:102E20000030002C8CD1454B9DF808401B68039363
:102E3000002E7CD1DFF814910123314689F801304E
:102E4000029B039FC3F30720B1FA81F37D5C5B090A
:102E50007C54A5420CBF1A4643F001024B1C8BF870
:102E6000002002D1012189F80110002A31D1B3FAE2
:102E700083F703997F09CA5C0B44824218BF47F06D
:102E800001072AE09DF80840A9B9012289F801202C
:102E9000002BD5D0039B1C70029BC3F30720134665
:102EA000039A1A44134618E0254CE469A44605B079
:102EB000BDE8F04F6047002BC2D0039B01225C5459
:102EC000029B8BF80020C3F307208B18E8D189F808
:102ED0000120039A01271A44134618708BF80070DA
:102EE00057E7B34205D889F804205DE7DFF85C9026
:102EF0004FE700236CE7012389F8033054E71844B7
:102F00000123B9F80620C1788B401343A9F8063095
:102F10004AE7012389F8023046E71844012399F86B
:102F20000520C1788B40134389F805303CE73146D2
:102F3000DFF8189084E700BF980801206CF20020A9
:102F4000A40D0120B0E0002094210120C41701202D
:102F500070B5134D2C681CB1201E18BF012070BD28
:102F6000104BD3F8B461B6F5006F11D9B6F5805F98
:102F700028BF4FF480566E60304614F041FB044683
:102F800028600028E8D03246FF2114F0EFFEE3E786
:102F90006E68B6F5806FEFD2201E18BF012070BD9D
:102FA0006CF200209808012010B5074C206848B149
:102FB000064B1B7813B1FFF7D9FD2068BDE8104020
:102FC00014F026BB10BD00BF6CF20020C417012016
:102FD0002DE9F041424C434DD4F8B0312F68013B0C
:102FE00043F003030133C4F8B031002F72D03E4EDA
:102FF00004F5D67EB446BEE80F00ACE80F00BEE88C
:103000000F0096F80080ACE80F00B8F1030F9EE8BF
:1030100007008CE8070053D0B8F1000F2DD104232E
:10302000324A84F8AC31324BC4E97023314A324B16
:10303000C4E97488C4E97223304B187807F0A8FFFC
:103040003378032B41D0F76947B10023B4F8BE2190
:103050002968184602F58062B84733781BB1284BBF
:1030600007209B68984728680022264B801AC3E9EE
:10307000002218BF0120BDE8F081B4F8BE21002372
:103080003846376A02F580621946B8473278042319
:1030900084F8AC31154BC4F8C031154BC4F8C431B9
:1030A000144BC4F8C831144BC4F8CC310023C4E924
:1030B0007433002AC0D028680378172BBCD1D3E71B
:1030C000736A384698473278E1E7B36A28689847C8
:1030D0003378C3E70C490D48F9F7EAFD2868C3E7E0
:1030E000980801206CF20020A40D012001C8000006
:1030F0000DC8000095CA00005DC800007087002060
:1031000068070120C4170120607D00201508010018
:10311000024B1B780BB1FFF729BD7047C417012084
:10312000054B064A93F8AC0103F5D67304280CBF8F
:1031300010461846704700BF98080120A40D0120D2
:10314000064A13685168013303F00F03994203D014
:10315000116813600A441072704700BF74050120A3
:10316000064A53681168994206D0591C134401F06D
:103170000F01187A516070470020704774050120D4
:10318000064A13685168013303F00F03994203D0D4
:10319000116813600A441072704700BFD0170120F5
:1031A000064A53681168994206D0591C134401F02D
:1031B0000F01187A5160704700207047D017012026
:1031C000064A13685168013303F00F03994203D094
:1031D000116813600A441072704700BF8C0401200C
:1031E000064A53681168994206D0591C134401F0ED
:1031F0000F01187A51607047002070478C0401203D
:10320000002305480549064A436003604B600B6094
:1032100053601360704700BF8C040120D017012059
:10322000740501202DE9F047DFF81CA1444FDAF8BE
:1032300000103A68CE6DB24244D0D6ED0C7AD6ED8D
:103240000D6A77EEA77A96ED0B7AF46D67EEA67AA3
:10325000B4EEE77AF1EE10FA58BFB0EE677AA24208
:1032600086ED0A7A61D0DFF8DC901FE094ED0B7AEE
:10327000D4ED0A7A3A68F4EE477AF1EE10FA11D0FA
:10328000D4ED0C6AD6ED0A7A76EEA66A94ED0D6A54
:10329000E6EE867AB4EEE77AF1EE10FA77FE877AF8
:1032A000C4ED0A7AAA4226462C460DD0E56DD9F81F
:1032B0000030AB42DAD100200AF02EFED6E708B18A
:1032C000C7F80080BDE8F087DAF80010136E8B4273
:1032D000F8D0D2ED0A7A00201DE0D2ED0C6A92ED12
:1032E0000D6A76EEA66AE6EE867AB4EEE77AF1EE3D
:1032F00010FA17DD98460120C3ED0A7A93ED0B7A98
:103300001A46B4EE677AF1EE10FA01D19846012020
:103310001B6E8B42D3D093ED0A7AB4EEE77AF1EECE
:1033200010FADADCF0EE477AE8E7064B1B689342C6
:10333000CCD100200AF0F0FD3A68DAF80010C5E7B9
:10334000B4030120BC030120B0030120014B186825
:10335000704700BFB80301202DE9F8433C4F3B689C
:10336000002B49D0DFF80C913A4D3B4E2C68A4B1AC
:1033700033689C4211D04FF00008606D18B114F012
:1033800047F9C4F85480A06D08B1F5F7CFF82A6862
:103390003368146E9C422C60EFD1202200212F480C
:1033A000012414F0E3FCD9F800C03F686422002136
:1033B00002FB0CF207F16403084684450CBFB946D2
:1033C00099463A4404F1010E01F16408A44500F164
:1033D0000100744643E902290A4603F164034146A9
:1033E000EBD21F4A0124396E1E4B204637602F60F6
:1033F00011601F60BDE8F8831B4B4FF06408DFF8D5
:103400007490DE8A354605FB0880C9F8005014F038
:10341000F7F8282D386094BF00240124002818BF35
:10342000002474B9AE4204D100289DD12046BDE8E5
:10343000F8830E490E48F9F73BFC38680028F5D0B0
:1034400092E7F92D8CBF64230A23ED1ADBE700BF56
:10345000AC030120BC030120B0030120600E012059
:10346000C80C0120B403012014160120987D00200F
:10347000DD070100B803012038B50C4D0C4B2C685A
:103480001B689C4211D0606D18B114F0C1F8002384
:103490006365A06D10B1F5F749F82C68054A13680B
:1034A000A342236E08BF13602B6038BDBC0301200C
:1034B000B0030120B4030120014B1868704700BF1E
:1034C000B0030120034A044B10681B68834208BF05
:1034D00000207047BC030120B0030120054B064AC1
:1034E0001B6812681B6E9A4214BF93ED0A0A9FED87
:1034F000030A7047BC030120B00301200000000054
:10350000044A054B10681B68C01AB0FA80F04009E5
:10351000704700BFBC030120C80C0120037D590681
:1035200010B504462DED028B27D490F94420002AD3
:1035300023DBDA0790ED108A2FD4234A94ED0F7A1B
:103540001269642A12D0DB0610D4B4EE487A07EE72
:10355000902A9FED1E6AF8EE676AF1EE10FA66EEA9
:10356000866A48BFB0EE478A28EE268AB4EE478ABC
:10357000F1EE10FA37FE088A1AE0236D012094ED6F
:10358000108ADB6B9847124A237D90ED007A82ED1A
:10359000077ADA0728EE078ACFD50B4BDFED0B6AE7
:1035A00093ED057AB8EE477A27EE267A28EE078A59
:1035B000B7EE000AB4EEC08AF1EE10FA38FE000A47
:1035C000BDEC028B10BD00BF241C01200AD7233C98
:1035D000600E012070B51B4E1B4D34682868844274
:1035E0002DED028B27D09FED190AB0EE408A2046C0
:1035F000FFF794FFD4ED0E7A2B68B4EEC80AF1EE13
:1036000010FACCBF28EE088A20EE008AB4EEE78AD2
:10361000F1EE10FA77FE887AC4ED0B7A246EA3429D
:10362000E3D130680A4A181A82ED060A18BF012051
:10363000BDEC028B70BD0346BDEC028B181A18BF9F
:10364000012070BDBC030120B00301209976967E55
:10365000600E012010B504460120236DDB6B9847F6
:10366000124BD0ED007A93ED077AB4EE677AF1EE63
:1036700010FA05D0C3ED077AFFF7ACFF38B910BDDB
:1036800021460A220A48BDE81040F9F7C1B90020D6
:103690000AF042FC074B084A1B681268074993422C
:1036A0000B60ECD0BDE81040FFF7BCBD600E012000
:1036B000E1D30000BC030120B0030120B4030120CA
:1036C000C54B5C222DE9F04F1C680E4605460021D3
:1036D000C24F2DED028B91B0DFEDC18A02902046E2
:1036E00014F044FB7068B1680DF11C0CF2680DF128
:1036F00028093369E346E264C8466064A16423652F
:103700007369B84A6361338B03976382F369A3617A
:10371000B37E6374736AA365336A6365237D286827
:1037200013F0020FB04B696808BF1A46AB68E0613E
:10373000636205F10C03216203259A4607CA8CE8EF
:10374000070001964E4697ED1E8A013D3AED010AAB
:1037500028EE000A11F0C8F956F8042D4BF8040DB4
:10376000801A7FD007EE900A80EAE0719F4BB8EE96
:10377000E77AA1EBE07144F82510C7EE087AE26819
:103780008A4238BF0A460121002801FA05F1E260A9
:103790001A78B4BF0A438A431A70C8ED027A243FEC
:1037A000A8F10408002DCED1904BA26C1B78019E8D
:1037B0002374002A4FD0536910A9884801EB830174
:1037C00092ED046A51ED097A03EBC3019B0000EB13
:1037D0008101F8EEE77AD1ED0C6A87EEA67A37EE32
:1037E000467AB5EEC07AF1EE10FA40DDDFED806A80
:1037F000D2ED005A27EE267AD2ED037AC5EE876A1B
:10380000F4EEE76AC4ED136AF1EE10FA03DDF0EEB0
:10381000676AC4ED137A0299194491ED007A37EE84
:10382000467AB5EEC07AF1EE10FA23DD9FED706AAC
:10383000D2ED005A27EE067A85EE876AB4EEE76A83
:10384000F1EE10FA16DCF0EE467A82ED016A77EEC0
:10385000E67AC2ED027AE06878B911B0BDEC028B6D
:10386000BDE8F08F44F82500C8ED028A97E7D2ED55
:10387000037ACCE7C2ED017AE9E700230DAD4846B3
:10388000C6E90833FFF70EF89FED5A6A534A2946F6
:103890002B4684ED0D0A33ED017AB5EE407AF1EE58
:1038A00010FA0BD0D2ED206AC6EE877AF0EEE77AF6
:1038B000F4EEC67AF1EE10FA36FE276A4B45A2F115
:1038C0002402E8D1DFED4B6A2B46444A84ED0C6AB2
:1038D00033ED017AB5EE407AF1EE10FA0BD092EDAD
:1038E0001F6AC6EE077AF0EEE77AF4EEE67AF1EEBA
:1038F00010FA76FEA76A4B45A2F12402E8D1237D97
:10390000C4ED0F6ADF0740F18380C4ED106A3A4AC4
:103910001068314A1268824251D013F0020350D12C
:1039200010AE9FED2F8A354A334671ED017A32EDA4
:10393000017A494577EEC76AA7EE678A63ED016AA7
:10394000F3D1DFED2F7AB4EEE78AF1EE10FA6BDDFA
:103950000023A3632046FFF7E1FD234B94ED0E7A8D
:10396000D3ED067A227DB4EEE70A83ED060AF1EE86
:1039700010FACCBF67EEA77A60EE007AF4EEC77A51
:10398000F1EE10FA37FE277A120784ED0B7A08D48D
:103990001C4C99E8070084E8070004AA07CA83E8DA
:1039A0000700194B0C481A68116E02601960FFF786
:1039B00039FC012011B0BDEC028BBDE8F08F03F0A3
:1039C00002030022A262A263002BC3D0012011B027
:1039D000BDEC028BBDE8F08FB0030120141601206E
:1039E00000000000B01C0120600E0120F004012046
:1039F000DB0FC9409976967EBC030120780E01202A
:103A0000EFFF7F3F6C0E0120C80C0120EFFF7FBF4E
:103A10009806D6ED007A04D520EE270A84ED100A28
:103A200075E7C4ED107A72E75FED087AB4EEE78AC5
:103A3000F1EE10FA02D5274BA3638BE72846DFEDA2
:103A4000268AFEF72FFF039B36ED017AB5EE407A0A
:103A5000F1EE10FA0BD0D3ED206AC6EE877AF0EEC5
:103A6000E77AF4EEE87AF1EE10FA78FEA78AB5422A
:103A7000A3F12403E8D1B7EE000AF6EE007A30EEA7
:103A8000480A20EE270AB5EE400AF1EE10FA1BD4E0
:103A9000F1EEC06A114BD3ED017A237DB7EE007AC7
:103AA00068EEA77A03F0020337EE667A67EEA67A2D
:103AB000C7EE876AF5EEC06AF1EE10FA48BFDFED97
:103AC000086AC4ED0E6A7FE710F006FEF0EE406A69
:103AD000E0E700BF9976967E9976967E14160120CF
:103AE00000000000034A044B07CA83E80700FCF704
:103AF0006DBA00BFB01C0120600E01200A4A0B4BBA
:103B000012681868824207D30949121A094B9210A9
:103B1000086803FB12007047801A064B801003FBF5
:103B200000F00138704700BFB0030120BC03012042
:103B3000B8030120295C8FC208B500200AF0ECF917
:103B4000064B074A1B681268064993420B6003D074
:103B5000BDE80840FFF766BB08BD00BFBC030120FD
:103B6000B0030120B40301202A4BDA7F12F00102D6
:103B700036D12DE9F04110B3C8281E6928BFC820EE
:103B80000A28044638BF0A24002938D1B4425869AB
:103B900024D00D46C3E9044040200CF0FFFBFFF7A2
:103BA00019FDF0B91C4F7B6BC3B1B44201D00020AA
:103BB00098479DB17B6B0020BDE8F04118471C6918
:103BC00061B16429264628BF64210529084638BF0B
:103BD00005205A69824201D00125DBE7BDE8F0816A
:103BE000704700200AF098F90C4B0D4A1B681360CF
:103BF0000C4A12689342D5D0FFF714FBD2E7642930
:103C000028BF64210529084638BF0520B442E0D00A
:103C10001546BFE7241C012068070120BC030120D2
:103C2000B4030120B00301202822002110B504466E
:103C300014F09CF80B4B4FF0FF3093F89330A376C1
:103C4000F4F750FC084B627D93F89930C168B3FAE1
:103C500083F321615B0963F3410263F382026275BE
:103C600010BD00BF84060120241C012070B5104D3A
:103C7000D5F8243173B10228044615D0D5F8143193
:103C80009847C0F3072313F0C00F03D195F90A3208
:103C9000002B00DB70BDC0F34003201E18BF0120C5
:103CA0008342F7D0D5F82431BDE87040184700BFF3
:103CB0009808012038B5254BD3F8D030984703B287
:103CC0005A1C18D00A2B17D00D2B15D07F2B28D0BB
:103CD000082B26D01E4D2A68002A2ED1202B07D073
:103CE000531C1C4C2B60A05413B12378242B22D0DE
:103CF0000022194B1A7038BD154D0022154C2B6847
:103D0000E254207810B124281BD00920134A002344
:103D100082F89200124A23702B60936898472B68B0
:103D2000E2E70B4A1368002BE2D0013B094C00216B
:103D30001360E154D8E70122DBE7FF2AD0D9054C14
:103D4000D3E720460CF014F9E0E700BF9808012003
:103D5000840401203C0B01209E21012084060120C7
:103D600068070120154B1B780BB10020704710B578
:103D7000044609F0F3F8A8B9114BDB6B1B0617D406
:103D8000104B93F88C203AB11B7E2BB92378242B4F
:103D900002D163784A2B0DD02146084814F078FCF4
:103DA000012010BD09F0DAF840F221231842E3D1D6
:103DB000002010BDA3783D2BFAD0EDE78020012034
:103DC000241C01208406012010B5094C23780BB96E
:103DD000637803B110BDFFF775FB0028FAD0054BDF
:103DE00004F13C0002211B6CBDE81040184700BFE5
:103DF000241C0120980801202DE9F8439D4C236CD8
:103E000043B19D4F002104F14000BB6C984705462B
:103E100000284BD10026E36B33B1974F0021974820
:103E2000BB6C98470546F0B9954E356D09F096F88C
:103E3000A84794F82030DA0740F1918013F0040885
:103E400000F0848098074FD509F088F810F0FC0F37
:103E500047D1237813B10020BDE8F883607880F063
:103E60000100BDE8F88300F02003002B14BF0122FD
:103E70000022227140F08581C60600F1A080804EAC
:103E8000EA0700F1F181EB0400F1EB81AF0400F1EE
:103E9000E581280500F1DF81690400F1D9817948C5
:103EA00028400028C1D009F03FFABEE7E66B06F0D3
:103EB0002006002E14BF01230023237140F0368119
:103EC0005FFA80F840460CF025FAB8F1140F05D8D7
:103ED0006D4B23FA08F3DB0700F173810023637154
:103EE00099E70AF0EBF8B4E7FFF77AF905460028FE
:103EF000AAD0DFF8A081604F98F8199008E097F8F1
:103F00001A32990700F13181FFF76AF9054670B15D
:103F1000A02D00F01B81A12DF1D0B36D002BF3D0AB
:103F2000E8B29847FFF75CF905460028F0D198F809
:103F300019305FFA89F29A4286D04846F4F7E6FAD9
:103F4000736B002B80D0284698477DE7FFF728F950
:103F50000546002840F0A08094F8203072E7FFF773
:103F6000FFF8C0B1D4E904579038072806D8DFE835
:103F700000F015171E1C200424226427092D12D9D5
:103F8000C82D28BFC825FFF7EBF80028ECD139462B
:103F90002846FFF7E9FD94F820304FE76425F2E763
:103FA0000A35092DECD80A25EDE70135E6E70A3D8B
:103FB000E4E7013DE2E71927E0E73227DEE70122E7
:103FC000A37284F8203062702289DFF8C88063F31E
:103FD0004512E37F5806228144BFB8F82C30E383B2
:103FE000002388F89030D7F8A83198472389D9055D
:103FF000C3F3002007D4D7F8E03023B1984710B1BD
:10400000D7F8D83098472389E2796FF308232381C2
:10401000002A00F03E8109F097FD0346E079E37045
:104020000CF078F9164E0023E3710120F4F768F9DB
:10403000FFF792F909F0F8FEFFF754FD1349144811
:104040000CF000F9F4F752FA4FF00000F4F75EFAC2
:10405000FFF7D6F808F082FF012800F04781FB6ED9
:104060009847C0F3C000800108F07EFFF368162077
:10407000984705E7241C012098080120601C0120B6
:1040800068070120EE87FFFF06041200B01C012024
:10409000FC060120840601204FF0FF30F4F722FADD
:1040A000D0F80C90D9F80430DF68A5F19903052BFE
:1040B00000F23781DFE803F0033634382F27642716
:1040C000FFF76EF805460028EFD13946484608F05C
:1040D000E1F9B8F1000F3FF43FAF08F03FFF1028BF
:1040E0007FF43AAF4FF0FF30F4F7FCF90378DF07C5
:1040F0007FF532AF227F002A40F00A81022294F835
:10410000203022779EE688F00108092F06D9C82FB3
:1041100028BFC827D4E7013F092FF8D80A27CFE7DF
:104120000A3FF2E70A37F0E70137EEE75FFA85F872
:10413000012608F0D9FB7B6F4FF0000098474046FE
:104140000CF0E8F8D7F8A8319847BEE697F81A328D
:10415000DA077FF5D9AE08F001FF002840F0BF80F4
:104160006FEA090363F30009CEE608F0F7FE0028C2
:1041700040F0AE8089F00203C3F3400363F34109CA
:10418000C2E6002E00F0B980FB6E984700F04005B3
:10419000002D0CBF0123002323706AD0D7F8D43040
:1041A00098470A200CF0B6F8614B0C20DB68984762
:1041B00016B9D7F8A8319847207880F00100BDE8FB
:1041C000F8834FF001092946BB6C5A4884F80590E2
:1041D0009847B8F10A0F00F09680B8F1110F72D12C
:1041E000534E1020F36898470023534ADFF850815C
:1041F0001370524A1360D7F8D43098477B6C202153
:104200004F48984710E0E36B01214046DA0705D597
:104210007B6C9847D7F8C40003F0CCFDFFF74AFD4C
:10422000336D4FF480709847E36B03F02003002B4D
:1042300014BF012300232370E5D0FB6E984710F4D0
:10424000A075E0D1BB6C29463A489847284603E65A
:10425000F9F712F823E605F07BF81DE602F05CFDA5
:1042600017E602F03DFF11E6D7F8C40003F0A2FD07
:1042700009E6FB6E9847C3059AD5D7F8D430257068
:10428000984711200CF046F8294B1020DB6898471E
:104290008EE7274E09F058FC00283FF4C6AE802078
:1042A00009F042F809F00AFFD6F8508008F056FEEF
:1042B000C04709F049FC0028F4D10146BB6C2048F6
:1042C00098470543B1E61A4E4846F36898478BE78E
:1042D00008F044FE10F0180F7FF44CAF14E608F01D
:1042E0003DFE10F0180F7FF43BAF0DE694F88030E0
:1042F0000B3B022B7FF6C4ADB1E608F0F5FA7B6FFD
:104300003046984740E70A4E0C20F36898476BE721
:10431000D5077FF521AE42F0040294F820302277D1
:1043200090E5B36D002B3FF4F0AEE8B29847ECE6B1
:1043300068070120641C01203C0B0120840401203B
:10434000601C01202DE9F041FFF756FD304C48B9C3
:10435000237823B9607880F00100BDE8F081002067
:10436000BDE8F08108F0FAFDA37805468BB95DB988
:10437000284B1B78002BEBD0274B93F88C30002B6D
:10438000E6D1FEF7C5FEE3E740F201131D42EFD18F
:10439000DEE780280CBF0123002363710BD10023CB
:1043A0001E491F4A1F480B70D2F8D4200360904763
:1043B000A378002BCCD01A4FDFF870801A4E08E09B
:1043C00096F81C311B071CD4FFF716FDA378002BB1
:1043D000CDD02378002BCAD16379ABB909F0A0FA0C
:1043E00008F0BCFD4028EBD1FB6E984702074FF464
:1043F0000041E5D43B6C4046984796F81C311B07BA
:10440000E2D507F08DFCDFE7FFF754FCE6E700BFDD
:10441000241C0120C4170120840601203C0B01202C
:10442000980801208404012014160120601C01203A
:104430002DE9F04FDFF87C9285B099F880001028C4
:1044400000F03382924DEB6E9847420649D4EB6EF2
:104450009847C30500F130828E4C94F820319F06B6
:1044600004D5EB6E9847460400F13682FBF704FD55
:104470000646002840F0288294F8263103F0030312
:10448000032B00F05B8299F881303BB194F81C312A
:1044900098060ED4EB6E9847C1070AD408F05EFD6B
:1044A00010F0810000F0688299F880300B2B00F04A
:1044B0005F82012008F058FD774B0220DB689847A7
:1044C00099F88130C3B1002408F00EFA6B6F2046D2
:1044D00098472B6C4FF48041704889F88140984789
:1044E0000AE00A200BF016FF6B4B0C20DB689847A4
:1044F00099F88130002BE6D10024694E694F6A4B50
:10450000A046DFF890A1DFF890B134703C601C70D9
:10451000D5F8D0309847421C50D0A0F10803122B98
:104520000BD8DFE803F0C90A710A0A710A0A0A0AFD
:104530000A0A0A0A0A0AA40A98003B68002B0CBF60
:1045400020221F228242E3DA3B2800F346812328FF
:1045500024DDA0F12402172A20D8DFE812F0FF00A2
:104560001F001F001F00E80018001F001F001F0091
:104570001F001F001F001F001F001F001F001F0043
:104580001F001F001F001F001F001F00DF0018F08A
:10459000040203D1444962F341080A70FF2B8CBF27
:1045A0000122002262F30008B2D85A1C3A603F4A46
:1045B000D054D5F8D0309847421CAED133787BB177
:1045C000242B00F0108108F0C9FC40F2211318429E
:1045D00000F01881DBF80830092098470023337079
:1045E000FFF7F2FBFFF7AEFE20B999F80030002B81
:1045F00040F019819AF81C3100221B0789F801202C
:1046000086D507F08DFB83E73B6813B90CB1844274
:104610003BD1C4B2FFF796FE002800F00481234A84
:1046200000213B6818F0010FD15400F0E080204ACF
:104630000B2382F89230B9F800300193002BBDD1E2
:1046400092F89200DBF808108847019B164A9846BA
:104650003B6013705CE7DBF8F830002B3FF458AF99
:10466000134AD5F8080192F89210984750E70024B1
:104670000F4B0D4A3470A04614703C6083F8924092
:1046800008F06CFC202800F0B880002440E700BF50
:10469000980801201416012068070120601C0120E1
:1046A00080200120840401209E2101203C0B012058
:1046B00084060120241C01203B68002B3FF428AF16
:1046C000013B984A00213B60D15488461378002B67
:1046D00000F0D48095F80AC201200CF0080C3B2BA6
:1046E00012D8232B12D9243B172B0FD8DFE803F065
:1046F0006C0E0E0E574B0E0E0E0E0E0E0E0E0E0EF6
:104700000E0E0E0E0E0E0E3F5B2B5DD012F8013F0B
:104710000020002BE3D1844B1970F9E618F0020257
:104720007FF43CAF804948F004080A7036E77E49C0
:104730000A78002A7FF432AF08F00402002A0CBF86
:104740000122002262F341087FF428AF95F80A2283
:1047500082F00802C2F3C0020A701FE7002B7FF448
:104760001DAF0122704963F300080A701DE718F0BD
:104770000203CBD1194612F8013F48F0040800208B
:10478000002BACD1C7E718F00403BFD163F3410895
:10479000194612F8013F0020002BA0D1BBE70029E9
:1047A000B4D118F004034FF000000CBF0121002128
:1047B00053EA0C0312F8013F61F341080CBF0121D9
:1047C0000021002B8BD1A6E7002812F8013F18BF6B
:1047D00001460020002B82D19DE75B28BED07F28B8
:1047E0003FF46BAFDAE630460BF0C2FBF6E6137827
:1047F00063B94E4A82F892301DE72B6C80214C48F9
:10480000984785E63046F3F7DFFFE7E6242B39D0FB
:104810005B2B11D1DBF8A03073B110469847434AA7
:1048200082F8920007E7B9F80800C0F3C00080F0F2
:10483000010005B0BDE8F08F019208F08FFB40F257
:104840002113184208D0019A1378252B4CD0374AEF
:10485000092382F89230EEE6344A92F8923013B18E
:10486000282B7FF4E8AE2F480192F3F7ADFF019AB1
:10487000002882F8920018BF0024DCE619462A4B73
:10488000197045E610460BF073FB284A2D2882F874
:1048900092007FF4D0AE0C2001920BF03BFDDBF8D0
:1048A0000C3007209847019AC5E60023214D89F86E
:1048B00080300BF02FFD1BE611200BF02BFD1E4B63
:1048C0001020DB68984713E60B200BF023FD1A4BF2
:1048D0000D20DB6898470BE60D200BF01BFD164BF7
:1048E0001520DB68984703E65378002BAFD101937E
:1048F00008F034FB40F201121042A8D00B4A019B91
:1049000092F88C0082F8923080F00100DBF8F030F1
:1049100082F88C00002B3FF48EAE01929847019AEA
:1049200089E600BF3C0B01209E2101208406012066
:10493000601C01209808012068070120EB6D984752
:104940000390FAF717FE99F8983003423FF49BADB5
:1049500099F880300C2B03D1EB6E9847440517D49F
:104960000C200BF0D7FC0C4B0720DB689847BFE509
:10497000002389F880309CE508F0F6FA94F88F114E
:1049800011F004017FF4B4AD0448F8F755F9AFE530
:10499000304608F0E9FAABE568070120119C0100F8
:1049A00010B5FFF711FA02E0FEF78CFD30B1FFF70A
:1049B000C9FC04460028F7D1204610BD08F0CEFA05
:1049C0000828F4D0F8E700BFF8B5C31E4FF0000682
:1049D0000446A12B00F2BB80DFE813F03902B900D6
:1049E000F300B900B900B900B900EE00B900B90090
:1049F000EE00B900B900B900B900B900B9000E0263
:104A0000B900B900B90005012D01B900B900B9001C
:104A1000B900B900B900B900B900B900B900240261
:104A2000B900B900B900B900B900B900B900B900BE
:104A3000B900B900B900B900B900B900B900B900AE
:104A4000B900B900B900B900B900B900B900B9009E
:104A5000B900B900B900B900B900B900B900B9008E
:104A6000B900B900B900B900B900B900B900B9007E
:104A7000B900B900B900B900B900B900B900B9006E
:104A8000B900B900B900B900B900B900B900B9005E
:104A9000B900B900B900B900B900B900B900B9004E
:104AA000B900B900B900B900B900B900B900B9003E
:104AB000B900B900B900B900B900B900B900B9002E
:104AC000B900B900B900B900B900B900B900B9001E
:104AD000B900B900B900F3001A02AE0029013C0187
:104AE0001601B900B9017B01DC01E70071015C012D
:104AF000B900B900B900D900D900D900D900D9004E
:104B0000D900D900D900B900E000E000E000E000E1
:104B1000E000E000B900E700E7005801B9004F01EC
:104B2000212C40F0BC80A84B1B782BB1A74B93F8ED
:104B30001C3113F0400340D0A54B0821A5480125A6
:104B40001B6C9847A44B00221A702846F8BD1F28FA
:104B500000F2BE81082800F0BB81A04BD3F894304E
:104B6000002B47D020469847002843D13F2C40F0E7
:104B70007A81954B1B782BB1944B93F81C3113F031
:104B800040031AD00121924B92480D46D8E7FEF718
:104B9000D7FA914B002201251A70D6E7FEF7F0FAFA
:104BA0008D4B002201251A70CFE7FEF709FB8A4BD7
:104BB000002201251A70C8E70023874A1D4613709A
:104BC000C3E7874803899D0514D4A4F11B04804BD7
:104BD00001213C30B4FA84F41B6C0D4698476409FB
:104BE0007D4B1C70B1E77A4BDB6E984710F04006A6
:104BF00000F07481A4F11B04774B0125B4FA84F40E
:104C0000284664091C70F8BD714B0026754AD3F81C
:104C1000D83016609847714BD3F8DC70002FE9D07C
:104C200008F09CF90125B8476B4B1E708DE7684B67
:104C30004FF4805182E7664D1021664800242B6CAA
:104C40009847684AD5F8D830012514609847624BD8
:104C50001C707AE708F082F9402820D06048402193
:104C60005A4D03893C3095F82C51594A65F30C3361
:104C7000126C20F8343C9047BCE7554BD3F82431F4
:104C80006BB102215848F7F7D7FFB3E7504B4FF409
:104C9000006153E74D4B9B8A002B40F00181A4F14A
:104CA0001B0049494C4B42420D78424185F00105B9
:104CB0001A707E2C94BF002505F0010545E7444B92
:104CC00093F8B430012BEAD100214848F7F7B4FF3C
:104CD00090E73F4B93F8103203F02003002B0CBFFA
:104CE0000123002363F3451640F0CD803C4A0125A3
:104CF00013891189C3F3801383F0010363F38611D1
:104D0000B3B21181A4F11B04334AB4FA84F46409E8
:104D10001470002B3FF419AF304CD4F890300BB125
:104D20003046984773077FF510AF294B0221294879
:104D300001251B6C98472E4A0021D4F88C3082F84C
:104D40009010002B3FF401AF98472846F8BD244C43
:104D500001251F4E626C94F82530571C2548C3F37B
:104D60008003B4BF002201229B0243EAC223D6F88B
:104D70001C21003A18BF012243EA824318430BF07A
:104D80000DFB336C294604F13C009847124B00227E
:104D90001A70DAE60E4B93F8113203F00803002B79
:104DA0000CBF0123002363F3CB266CD10C4A0125F1
:104DB00013891189C3F3C01383F0010363F3C7118F
:104DC000B3B211819EE700BF9E210120141601207D
:104DD00098080120601C012096210120680701200D
:104DE000241C012084040120F9D90000098A010053
:104DF00084060120FFF31B803B4E3378BBB13B4B55
:104E0000D3F8EC319BB1984700231D4633709CE6E4
:104E100037490022344B4FF004060D781A7085F0A4
:104E2000010579E7334B1B68002B44D02E4E304AE6
:104E3000A4F11B031578B3FA83F385F001055B0930
:104E40007E2C94BF002505F0010533707DE6FCF74C
:104E50009DF9294A2449002013890125087043F04F
:104E60000803138171E67E2C7FF45AAE204B1B7829
:104E7000A3B1224B93F81C31C3F3801363F3820672
:104E80000025B3B23EE71A4AB3B2127882F00102AB
:104E90007E2C94BF002502F0010533E70123EDE7E6
:104EA000154A13891189C3F3402383F0010363F387
:104EB000492111819EE6114A1D460B4892F81C219A
:104EC000037082F040030A49C3F380130B703CE681
:104ED00084F080033F2B3FF649AE3EE6FCF756F9DF
:104EE000014B01251E7030E6962101209808012013
:104EF0009E21012084040120241C0120141601207D
:104F000003788BB3024670B50D461C46104612F866
:104F1000013F2A2B11D0242C00D103B315F8010B2B
:104F200050B1A04205D0A4F12E04B4FA84F464096F
:104F30009CB1002BE9D1012070BD861C294630466A
:104F4000FFF7DEFF0028F6D115F8013B002BF3D068
:104F50002E2CF3D0A342F1D070BD204670BD28782E
:104F6000B0FA80F0400970BD012070470023054968
:104F70000246054810B4054C0B7023705DF8044BD5
:104F8000104700BFA42101201C830020B52101206F
:104F9000024B0348D3F8C030184700BF98080120DF
:104FA000C482002002680B6810881B88C01A7047F2
:104FB00070B50B4D06460B480C46D5F8C0309847E7
:104FC0003046D5F8C0309847D5F8C03005489847E6
:104FD0002CB1D5F8C0302046BDE87040184770BDF0
:104FE00098080120C8E4002002680B6810781B783C
:104FF000C01A704702680B6810781B78C01A704797
:1050000002680B6850785B78C01A70474B680133B0
:105010004B60704740694B69C01A7047037813F0C2
:10502000FD0F02D10B6801330B600020704700BFF9
:1050300042684B6850785B78C01A7047FCEEC07AC3
:1050400017EE900AFDF756BADFED047A20EE270A34
:10505000FCEEC07A17EE900AFDF74CBA8B42213D68
:1050600070B50A4D0C46D5F8C0309847092C03D8C6
:10507000D5F8C030064898472046D5F8C040FDF71F
:1050800039FA2346BDE87040184700BF9808012050
:105090008C94002070B50546654C002900F0B18065
:1050A000D4F8C0306348984795F90000D4F8C06040
:1050B000FDF720FAB047D4F8C0305F4898472B7A04
:1050C000D4F8C060002B40F097805C48B0475A4845
:1050D000D4F8C0309847EB68D4F8C060187AFDF770
:1050E00009FAB047564A7C216B7A1170002B7FD1A8
:1050F000531CE9688A7A500704D5532203F8012B20
:10510000E9688A7A960704D5442203F8012BE968F6
:105110008A7A100711D54C22184600F8012BE9684D
:105120008A7A160740F182808E6B002E7ED0412253
:10513000023303F8012CE9688A7A960604D55022D6
:1051400003F8012BE9688A7AD00604D5492203F8CE
:10515000012BE9688A7A560604D54E2203F8012B02
:10516000E9688A7A100604D5522203F8012BE9680F
:105170008A7AD20703D5562203F8012BE968CA6B55
:1051800012B1452203F8012B7C2100222C48197012
:105190005A70D4F8C0309847D4F8C030686898473F
:1051A000EB68D3ED067AF5EEC07AF1EE10FA19DD70
:1051B0002148D4F8C0309847EB680120D4F8C0608B
:1051C00093ED050AFDF7BCF9B0471E48D4F8C0308E
:1051D0009847EB680120D4F8C05093ED060AFDF71C
:1051E000AFF9A847D4F8C03017489847002070BDE1
:1051F0002A21931C51707CE795F90200FDF77AF99A
:1052000064E790F90000D4F8C060FDF773F9B04787
:10521000D4F8C0300D4898476868D4F8C030984733
:10522000D4F8C0300A489847002070BD034684E790
:1052300098080120CC860020D8860020C88600204F
:10524000D0030120DC7F0020DC860020E0860020E7
:105250005C7F002000232DE9F043234D1C4683B0E2
:105260000746DFF888800646DFF884902B70C4B9C3
:1052700099F8053003201BBB96ED000AFDF760F995
:105280000146284612F0C4FD0134284613F092FF6F
:10529000B8F80030032C06F104062B520CD0002C79
:1052A000E6D096ED000A0320FDF74AF901462846AC
:1052B00012F0AEFD022CE7D10B4803B0BDE8F0833D
:1052C00097ED000A0436012430EE000AFDF738F9A4
:1052D0000190284613F06EFF0199284411F068FAF6
:1052E000B8F800300380DCE7D0030120DC7F002029
:1052F0008406012000232DE9F041294D1C46074674
:10530000DFF8A8802B700646264B2DED028B9FED13
:10531000268A82B0D4B95B79042053BB96ED000A8B
:1053200020EE080AFDF70CF90146284612F070FD40
:105330000134284613F03EFFB8F80030032C06F184
:1053400004062B520FD0174B002CE4D096ED000A28
:10535000042020EE080AFDF7F3F80146284612F073
:1053600057FD022CE4D10E4802B0BDEC028BBDE823
:10537000F08197ED000A0644012420EE080A30EE81
:10538000000AFDF7DDF80190284613F013FF01999C
:10539000284411F00DFAB8F800300380D6E700BFBA
:1053A000D0030120840601208B42213DDC7F0020B8
:1053B00008B50320FDF7C4F801460248BDE80840DF
:1053C00013F066B9D0030120DFED067A042008B59A
:1053D00020EE270AFDF7B4F801460348BDE808406F
:1053E00013F056B98B42213DD00301200FB400B514
:1053F00083B00D4804AA52F8043B944602EB830E96
:1054000001925CF8041B034611F8012B184603F8BF
:10541000012B002AF8D1F445F3D1034803B05DF81D
:1054200004EB04B0704700BFD003012070B5094DF4
:105430000446D5F8C460FDF75DF8074B02460749FE
:105440000320FFF7D3FFB047EB6B002164209847A0
:10545000204670BD980801205C7F0020607F0020FE
:105460002DE9F04F85B00191039013F0A3FE421C8B
:105470001046029212F0C4F800284FD08346DDE9AE
:1054800002210DF0CFFC2749584611F0B5F904462A
:1054900000283DD001270026DFF8A090224DDFF83C
:1054A000A0804946204612F089FF0346404633B3A8
:1054B000D5F8C0309847D5F8C0301C4898473046DA
:1054C000D5F8C0A0FDF716F8D0471948D5F8C03078
:1054D00098472378204613B1D5F8C0309847019BF0
:1054E000144863B1D5F8C03098473846D5F8C04065
:1054F000FDF700F8A0471048D5F8C0309847094993
:10550000002011F079F901367F0004460028C8D147
:10551000584605B0BDE8F04F12F07AB805B0BDE8C6
:10552000F08F00BFDC7F002098080120687F0020FA
:10553000E0860020707F002030810020CCE4002035
:105540005C7F002002680B685068596812F036BF13
:105550002DE9F041124E0446D6F8E480B8F1000F70
:1055600017D00F463F2113F0FDF8054688B184425D
:1055700003D0011B204689B2C047781CD6F8C04032
:10558000FCF7B8FFA047D6F8C030681CBDE8F04172
:105590001847D6F8C0302046BDE8F041184700BF94
:1055A000980801202DE9F0470C4691F82C1016467A
:1055B0004D070CD5C1F3C301B2FBF1F7032800F28C
:1055C0000683DFE810F06C00EC003B000600174695
:1055D000F4E720889D4D3044D5F8C080FCF78AFF61
:1055E000C047D5F8C0309A489847A3782B2B00F0D5
:1055F000148139466068FFF7ABFF9548D5F8C03095
:105600009847A068002800F00F81D5F8C03098476F
:105610008F48D5F8C0309847207B05F091FF0928C6
:1056200000F23481DFE810F06302180268025E02C3
:1056300018022E01590254024F024A022088834D5B
:105640003044FCF757FF8349FFF7B2FCD5F8C03070
:1056500081489847A3782B2B00F0D88039466068A2
:10566000FFF776FF7D48D5F8C0309847A0687949A4
:10567000002800F0E980FFF79BFC2088304480B2CE
:1056800005F028FF764B0028724908BF1846FFF73F
:105690008FFCD5F8C0307348BDE8F04718476B4D14
:1056A0007148D5F8C03098472088D5F8C08030447C
:1056B000FCF720FFC047D5F8C0306C48984794F8F5
:1056C0002C30A0785B07D5F8C08048BFC019FCF724
:1056D00011FFC047D5F8C03064489847A3782B2BFA
:1056E00000F08D8039466068FFF732FF5F48D5F8DB
:1056F000C0309847A06810B1D5F8C0309847D5F8A9
:10570000C0305A489847207BD5F8C06005F018FF94
:10571000FCF7F0FEB0475548D5F8C03098472069EF
:1057200010B1D5F8C0309847D5F8C0304F489847E9
:1057300063693BB1204605F009FF18B9D5F8C030C0
:10574000606998474948D5F8C0309847A06910B1BA
:10575000D5F8C0309847D5F8C0304448984794F8F9
:105760002C00D5F8C06000F00100FCF7C3FEB04784
:10577000D5F8C0303D48984794F82C00D5F8C04083
:10578000C0F34000FCF7B6FEA047D5F8C03038485B
:105790009847D5F8C0303348BDE8F04718472B4D3F
:1057A0003448D5F8C03098472088D5F8C0803044B8
:1057B000FCF7A0FEC047D5F8C0302F489847A37823
:1057C0002B2B15D060683946FFF7C2FE207B05F011
:1057D000B7FE092800F2C480DFE810F06301690118
:1057E00043014D015701C200C200C200C2005D0169
:1057F000224B53F82600D5F8C0309847E2E71F4BFC
:1058000053F82600D5F8C03098476BE71B4B53F888
:105810002600D5F8C030984720E7184B53F82600EB
:10582000D5F8C0309847E4E6237B5A1E012A40F29F
:105830004081042B00F03D81002B40F0C081D5F861
:10584000C0300F489847E3E6054814E79808012060
:1058500068860020DC7F0020C8E4002064860020E9
:10586000508600205C7F002054860020C4E4002085
:1058700060860020B085002064830020D80E0020C0
:10588000C8850020D5F8C030A1489847A148D5F870
:10589000C0309847206900285AD0D5F8C0309847C2
:1058A0009C48D5F8C03098472388F01880B205F09E
:1058B00011FED5F8C030064600283FD0984794F82E
:1058C0002C30D90708D594483178021DD5F8C0305E
:1058D000002908BF104698478E48D5F8C030984731
:1058E000606910B1D5F8C03098478A48D5F8C03003
:1058F0009847A06910B1D5F8C0309847D5F8C030A6
:105900008448984794F82C00D5F8C06000F0010056
:10591000FCF7F0FDB047D5F8C0307E48984794F8C2
:105920002C00D5F8C040C0F34000FCF7E3FDA047D1
:10593000D5F8C0307948BDE8F0471847784898470F
:1059400094F82C30DA07C7D5D5F8C0307548C2E7CF
:10595000237B042BA4D1D5F8C030734898479FE728
:10596000A76847B171480027D5F8C0309847D5F8E7
:10597000C030A06898476369002B00F00381A369D9
:10598000002B00F0FF80D5F8C03069489847D5F863
:10599000C03060699847D5F8C03066489847D5F858
:1059A000C030A069984794F82C30D90707D56248D1
:1059B000624AD5F8C030002F08BF10469847D5F886
:1059C000E430002B3FF465AE2088304480B205F00F
:1059D00081FD0646002800F094800378002B00F03B
:1059E00090804E48D5F8C03098475549304611F060
:1059F0009DF80746A8B1DFF82491DFF844814846B6
:105A0000D5F8C0309847B91B3046BE1C89B2D5F8CE
:105A1000E43098474146304611F088F807460028A0
:105A2000EDD13378002B6CD03C48D5F8C030984786
:105A3000D5F8C0303046984794F82C30DA077FF517
:105A400028AE33781BB1D5F8C0303E489847D5F81A
:105A5000C030344898471CE6D5F8C0303A489847DB
:105A600014E73A48D5F8C03001279847012120694A
:105A7000FFF7F6FC7FE736480127D5F8C030984796
:105A800000212069FFF7ECFC75E7D5F8C03000274E
:105A9000304898476FE7D5F8C03000272E48984720
:105AA00069E7D5F8C03000272C48984763E72C48B1
:105AB000D8E7D5F8C0302B489847A9E5D5F8C030CD
:105AC00029489847E2E6D5F8C03028489847DDE6EF
:105AD000D5F8C03026489847D8E6D5F8C0302548D4
:105AE0009847D3E6D5F8C03023489847CEE6D5F896
:105AF000C03022489847C9E6D5F8C03020489847BA
:105B0000C4E694F82C30DB077FF5C3AD9FE700BFF8
:105B10006C860020688600205C8500205C7F002069
:105B20005086002060850020C0860020248600204A
:105B30002C860020E086002030850020488500204B
:105B4000488600204C86002084860020E0850020C6
:105B500014820020B485002014860020C485002013
:105B6000D0850020BC850020AC860020B4860020B3
:105B7000FCDC0020748600209C8600207C860020AF
:105B800090860020204605F0E1FC00287FF40BAF52
:105B900063693BB1D5F8C0300E489847D5F8C0309E
:105BA00060699847A369002B3FF4FDAED5F8C0307B
:105BB00009489847D5F8C030A0699847F3E6032B09
:105BC0007FF426ADD5F8C0300448984720E5044D51
:105BD0005FE500BF38860020408600206C860020EC
:105BE0009808012070B515468378527804460E4611
:105BF0009A420CD0A36A1BB100212046984720B1DD
:105C0000324621462878FFF7CDFC012070BD6B6835
:105C10008B42EFD0012070BD08B5134692F801C049
:105C20008278944504D15A688A4201D0012008BD87
:105C30000A4601461878FFF7B5FC012008BD00BFF1
:105C40002DE9F04F8B4685B0B1FA81F9054605F094
:105C5000ADF8044658464FEA591905F009FB0026ED
:105C60008DF80900ABEB00008DF8085003902389F4
:105C7000A4691E44002CFAD1022D69D0032D61D0F5
:105C800005F094F804210546304612F0D1FD01904C
:105C9000002863D0019E0027DFF834812989E1B113
:105CA0004FF0000A0AEB4A04EB68200103EB0414EE
:105CB0001B5A183B9BB2012B33D994F82C30DB09CB
:105CC0003BB9BBF1000F31D0A0789DF80930984264
:105CD0002CD00AF1010A5145E4D8AD69002DDDD17F
:105CE000019C0422354B3946204612F021FE6FB14B
:105CF000043C334E013502AA314654F8040F05F036
:105D0000A1FB002818BF8146BD42F3D1019811F0D4
:105D10007FFCB9F1000F0CBF3520002005B0BDE8B5
:105D2000F08F98F88F31C3F34003C9E7A36A2BB112
:105D300000212046984729890028CAD0013746F813
:105D4000044BC6E71F4B2048D3F8C030984797E76D
:105D50001C4B1E48D3F8C030984791E71C4E1D4F8E
:105D60002A89D2B1002404EB4400EB68010103EB63
:105D700000105B5A183B9BB2012B12D990F82C30C3
:105D8000DB093BB9BBF1000F10D081789DF80930D9
:105D900099420BD00134A242E5D8AD69002DDFD184
:105DA000B7E796F88F31C3F34003EAE702AA394612
:105DB00005F048FB00B181462A89EBE731ED000090
:105DC000A5F9000098080120A07E0020687E002030
:105DD0001416012071F9000000294FD001EB410198
:105DE000F0B5164689B00446002700EB810519225C
:105DF000616801A810F044FC9DF8043003B30DF174
:105E0000050C0DF1040E202BA3F16102714606D0A2
:105E1000192A98BF03F05F0301F8013B8E461CF876
:105E2000013B002BEFD101A930468EF80070FFF73F
:105E300067F878B90C34A542D9D1002009B0F0BD7B
:105E400001A930468DF804700DF1040EFFF758F8E3
:105E50000028EFD00A4D0B48D5F8C030984760684D
:105E6000D5F8C0309847D5F8C030074898476178D2
:105E70000120FFF7E5FE012009B0F0BD00207047CA
:105E800098080120708200207882002070B5164D9D
:105E900004461648D5F8C0309847A3781BB1D5F80A
:105EA000C030A01C98472078D5F8C060FCF722FBD2
:105EB000B047D5F8C0300E4898476078D5F8C06034
:105EC000F1F706FFB04723693BB10948D5F8C03068
:105ED0009847D5F8C03020699847D5F8C0300548B4
:105EE000BDE87040184700BF98080120C08300201B
:105EF000DC7F0020DC860020F8B5274C05462748CB
:105F0000D4F8C03098472869D4F8C07000283ED033
:105F1000B847D4F8C030224898472879D4F8C070E0
:105F2000FCF7E8FAB8471E48D4F8C03098476A7FB3
:105F30001C4E12F0040F1C48D4F8C03018BF304675
:105F400098471748D4F8C03098476A7E174812F02F
:105F5000040FD4F8C03018BF30469847D4F8C0308A
:105F60000F4898476B6AD4F8C06073B128469847C9
:105F7000FCEEC07A17EE900AFCF7BCFAB0470C486A
:105F8000D4F8C03098470020F8BD0A48F6E7687991
:105F9000F1F79EFEBCE700BF98080120087E0020B4
:105FA000D8860020007E0020047E0020C8860020C5
:105FB000DC860020D0E4002070B5504C05465048E7
:105FC000D4F8C03098472869D4F8C060002800F0A1
:105FD0009180B047D4F8C0304A4898472879D4F81F
:105FE000C060FCF787FAB0474648D4F8C0309847FD
:105FF0006B7F454A13F0040F4448D4F8C03008BF03
:10600000104698472B7FD4F8C020C3F3C103013B4F
:10601000DBB2022B64D83E4951F823009047AB8B8A
:10602000D4F8C020C3F34413013BDBB21E2B5DD870
:10603000384951F823009047374E384A95F91D00EA
:10604000D4F8C03012EA200038BF304698472D48B7
:10605000D4F8C03098476A7E2C4812F0040FD4F868
:10606000C03008BF304698472B7ED4F8C020C3F319
:10607000C103013BDBB2022B36D8254951F823007E
:1060800090472B8BD4F8C020C3F34413013BDBB201
:106090001E2B27D81F4951F8230090471F491E4A3D
:1060A00095F91900D4F8C03011EA200038BF104625
:1060B0009847D4F8C030134898476B6AD4F8C0604A
:1060C000B3B128469847FCEEC07A17EE900AFCF769
:1060D00011FAB0471248D4F8C0309847002070BD7C
:1060E0000D489BE70C48D8E73046C9E70A48A2E7C5
:1060F0000C48EEE76879F1F7EBFD6AE798080120B4
:10610000F07D0020D8860020047E0020007E002044
:10611000C007002044070020C8860020EC7D002036
:10612000DC860020D0E4002070B5344C05463448AD
:10613000D4F8C0309847D4F8C03028699847D4F8CC
:10614000C030304898472879D4F8C060FCF7D2F9BD
:10615000B047D4F8C0302B4898476B7FD4F8C020A4
:10616000D8063FD413F0200F274B284808BF184605
:106170009047D4F8C030234898476B7ED4F8C020AD
:10618000D90631D413F0200F1F4B204808BF184602
:106190009047D4F8C0301B4898476B6AD4F8C06069
:1061A0004BB36A7F284612F0300F1FD19847FCEEA0
:1061B000C07A17EE900AFCF79DF9B0476B7F13F099
:1061C000300F09D10F48D4F8C0309847A869D4F8E7
:1061D000C050F1F7C5FDA8470D48D4F8C030984726
:1061E000002070BD0B48C3E70A48D1E7984702205A
:1061F000FCF7A6F9E1E70848DFE700BF98080120AF
:10620000DC7D0020D8860020047E0020EC83002066
:10621000DC860020140B0020D0E4002070B51B4C5D
:1062200005461B48D4F8C0309847D4F8C0302869D8
:106230009847D4F8C030174898472879D4F8C060F8
:10624000FCF758F9B047D4F8C030134898476B6A48
:10625000D4F8C060C3B128469847FCEEC07A17EE68
:10626000900AFCF747F9B047D4F8C030094898477E
:10627000A869D4F8C050F1F773FDA8470748D4F8CF
:10628000C0309847002070BD0548ECE79808012011
:10629000C87D0020D8860020D87D0020DC86002024
:1062A000D0E4002038B5044600880D460844FCF7C9
:1062B00021F90D4902460D4B0320FFF797F82946B7
:1062C000204604F0ADFC68B1094D04460948D5F8F4
:1062D000C03098472046D5F8C0309847D5F8C03030
:1062E00005489847012038BD1C85002018850020EE
:1062F00098080120D00301205C7F0020037813F070
:10630000FD0F05D10B6801EBC302013350600B6038
:106310000020704738B5036A23B10B4B5B6998477F
:10632000012038BD094D04460948D5F8C0309847CA
:106330002088D5F8C040FCF7DDF8A047D5F8C0307C
:1063400004489847012038BD6807012098080120BB
:106350001C850020507E0020F0B50B46097884682B
:1063600001F11002944200D0F0BD5D680329C168BC
:1063700005EB450205F1010CD0E90467C3F804C040
:1063800003EBC20C90F805E04FEAC2028CF80870EB
:106390008CF809E0CCF81860067946EA0E264FEA38
:1063A000450E98BF46EA0446CCF81C6029B10A3273
:1063B000BDE8F040981812F06BB9AE4403EBCE0381
:1063C0009972F0BD38B50C4B10B1FE28044605D1CA
:1063D0000A48D3F8C0309847002038BDD3F8C050E1
:1063E000FCF788F8064B024606490320FEF7FEFF3D
:1063F000A847204638BD00BF980801201887002014
:106400005C7F00202087002070B5044689B1437866
:1064100073B1194D0846D5F8C03098476068D5F873
:10642000C0309847D5F8C0301448BDE870401847D0
:1064300070BD114D1248D5F8C03098476078D5F836
:10644000C060FCF757F8B047D5F8C0300D48984702
:106450002078D5F8C060FCF74DF8B047D5F8C030CB
:10646000084898476068D5F8C0309847D5F8C030DC
:106470000548BDE870401847980801205C7F00205F
:10648000587E0020C4E40020DC8600202DE9F0477F
:1064900092B0624C38220021064604A811F066FC36
:1064A000D4F8C0305E4898477078D4F8C050FCF7F4
:1064B00021F8A847D4F8C0305A4898473378022BBF
:1064C00000F0A1807278D4F8D8318DF810201BB17B
:1064D00004AA554900209847059B002B38D0D4F8D2
:1064E000C0300A989847059F47B304AD0027DFF8EE
:1064F00034A1DFF83C915046D4F8C0309847AB7ACD
:10650000013705F10A0013B1D4F8C0309847287A52
:106510001835D4F8C080FBF7EDFFC047D4F8C03081
:106520004846984715F80F0CD4F8C080F1F7D0FB17
:10653000C047059B9F42DED3022F0DD0394DD4F8C2
:10654000C03028469847012F4FF00107F7D103E0EC
:10655000D4F8C03035489847D4F8C830002B4BD019
:10656000707808F017FD0546002845D0D4F8C030F3
:106570002C4898476868D4F8C060FBF7BBFFB04769
:106580002B48D4F8C03098472B7A2A4903F00303EC
:10659000D4F8C820C85C90472548D4F8C030984744
:1065A0002B7A2549C3F30213D4F8C820C85C90475E
:1065B0001F48D4F8C03098472E7A204BEC4606F09E
:1065C0000C06D4F8C07006F148020DEB02060FCBA2
:1065D0008CE80F0056F8480CB8476B789B0617D428
:1065E0001048D4F8C03098476B781549C3F340037E
:1065F000D4F8C820C85C9047D4F8C03011489847F8
:1066000012B0BDE8F087D4F8C0300F489847A3E730
:10661000D4F8C0300D489847E2E700BF9808012041
:10662000C8830020D8860020E5000100D883002020
:10663000DC7F0020E4830020E8830020080700209E
:10664000F0830020DC860020D0830020E08300203F
:1066500008B5037813F0FD0F01D1FFF717FF0020F5
:1066600008BD00BF70B5154D0C4606461448D5F858
:10667000C0309847611E032907D8DFE801F01A15DA
:106680000210D5F8C0300F4898473046D5F8C030D2
:106690009847D5F8C0300C48BDE870401847D5F889
:1066A000C0300A489847F0E7D5F8C0300848984706
:1066B000EBE7D5F8C03007489847E6E7980801208F
:1066C0005883002074830020DC8600207C83002017
:1066D000688300206083002000B5816887B003696B
:1066E000D0F814C042798DF800C0A1F1100C0493C9
:1066F0000379BCF1030F8DF8012043EA022398BF10
:1067000043EA0143C168059349B10DF1020011F05C
:10671000BFFF6846FFF7BAFB07B05DF804FB6846A9
:106720008DF80210FFF7B2FB07B05DF804FB00BF65
:106730000B6810B45A1C8C6803EB43030A6004EB2B
:10674000C30241795170D0F814C004F833C0036912
:1067500084681361037943EA0123A4F1100103293A
:10676000C16898BF43EA0443536121B1901C5DF8AE
:10677000044B11F08DBF91705DF8044B704700BF62
:1067800070B50546F9F7B6FB98B1466844780A4BF0
:10679000D3F8B830984718B121463046FFF762FF6A
:1067A0002DB9064BD3F8C8300BB105489847284699
:1067B00070BD034E0446EAE79808012068070120EF
:1067C0005086002082B00346019111F007010DD0E0
:1067D000294A11F0010F184604D013681B7800F8FD
:1067E000013B0346490802F10402F2D19DF805205D
:1067F0002C2112F0070203F8011B0DD01E4912F0E4
:10680000010F184604D00B681B7800F8013B0346C3
:10681000520801F10401F2D19DF806202C2112F05A
:10682000070203F8011B0DD0134912F0010F18469F
:1068300004D00B681B7800F8013B0346520801F1B5
:106840000401F2D19DF807202C2112F0070203F871
:10685000011B0DD0084912F0010F184604D00B6837
:106860001B7800F8013B0346520801F10401F2D104
:1068700000221A7002B07047D80E002070B504468E
:10688000E9B91F4D1F48D5F8C03098472078D5F892
:10689000C060FBF72FFEB0471B48D5F8C0309847C3
:1068A0001948D5F8C0309847606810B1D5F8C030A5
:1068B0009847D5F8C0301548BDE8704018470078B3
:1068C000FBF718FE1249FEF773FB11491148FEF75A
:1068D0006FFB656895B10A4C0F48D4F8C0309847F3
:1068E0002846D4F8C0309847D4F8C0300A489847B2
:1068F000D4F8C0300948BDE870401847084DEAE7B1
:1069000098080120BC7D0020C4E40020DC86002023
:10691000DC7F0020CCE40020C8E400205C7F002065
:106920005086002070B50446E9B91F4D1F48D5F8C0
:10693000C03098472078D5F8C060FBF7DBFDB04742
:106940001B48D5F8C03098471948D5F8C03098474B
:10695000606810B1D5F8C0309847D5F8C0301548F8
:10696000BDE8704018470078FBF7C4FD1249FEF7F8
:106970001FFB11491148FEF71BFB656895B10A4CD6
:106980000F48D4F8C03098472846D4F8C03098470C
:10699000D4F8C0300A489847D4F8C0300948BDE858
:1069A00070401847084DEAE798080120187E00203B
:1069B000C4E40020DC860020DC7F0020CCE4002042
:1069C000C8E400205C7F0020508600200D4B0E485C
:1069D00093F81C310D4903F001030D4A10B4002B4C
:1069E0000C4C0D4B1CBF014622460C480C4C18BFEA
:1069F00003460C4821600C495DF8044B02600B60B3
:106A0000704700BF1416012055F100003DF1000051
:106A1000E1EF000081F00000C9ED0000D5ED0000BD
:106A20005C070120600701206407012038B5074B8F
:106A300004460D46D3F8B830984728B12946204679
:106A4000BDE83840FFF70EBE38BD00BF98080120F2
:106A500070B50A4C0546D4F8B830984768B1D4F8F8
:106A6000C030074898472846D4F8C0309847D4F833
:106A7000C0300448BDE87040184770BD9808012038
:106A800058830020DC860020064B10B5D3F8B830C0
:106A90000446984728B120460221BDE81040FFF780
:106AA000E1BD10BD9808012038B50D46002104460F
:106AB00004F0E4FB38B101882A46044B611A5B6993
:106AC0009847002038BD352038BD00BF6807012039
:106AD0002DE9F84F81460F46002404F067F905467A
:106AE0002B89AD691C44002DFAD104F05FF9042113
:106AF0008346204611F09CFE8046002800F08E80E0
:106B0000BBF80810002973D00646AA460AEB4A04CF
:106B1000DBF80C30200103EB04141B5A183B9BB22A
:106B2000012B36D994F82C30DB098BB9B9F1000F61
:106B300003D1237F043B012B0AD8A36A2BB1002188
:106B400020469847BBF8081010B1013546F8044BB1
:106B50000AF1010A5145D9D8B9F1000F1FD13B4BB9
:106B600004222946404611F0E3FE6DB1A8F1040667
:106B70000024DFF8E09001343A46494656F8040F05
:106B800004F060FCA542F6D14046BDE8F84F10F095
:106B90003FBD2F4B93F88F31C3F34003C5E7DBF8BC
:106BA00018A0BAF1000FDAD0BAF80820D2B14FF02D
:106BB0000009DAF80C3009EB4904002103EB041456
:106BC00094F92C3020468B4208DBA36A1BB198470E
:106BD000BAF8082010B1013546F8044B09F1010953
:106BE0004A45E6D8DAF818A0BAF1000FDCD1B6E7CA
:106BF000B9F1000F06D0DBF818A0BAF1000F07D0EA
:106C00004646D1E7114B0422494611F091FEBBE7FD
:106C10000E4B0422294611F08BFEB5E70D4E6CB1E8
:106C2000002505EB4500DBF80C3001353A4603EB57
:106C30000010314604F006FCAC42F2D1DBF818B08B
:106C4000BBF1000FEBD1BDE8F88F00BF31ED0000C4
:106C500014160120A100010030B585B0104C114977
:106C600001A809F0EFFAD4F8C0300F4898470F4B4D
:106C700001A8D4F8C0501B689847A8470C4B0D4A90
:106C800019890D4811F0020FD4F8C03008BF104622
:106C90009847D4F8C0300948984705B030BD00BFC8
:106CA00098080120501C0120F48300206007012077
:106CB000241C0120248400201C840020DC86002069
:106CC00070B50F4C0F48D4F8C03098470E4D0F4B9D
:106CD0002846D4F8C0601B689847B047D4F8C03045
:106CE0000B48984715F8040CD4F8C050FBF702FC89
:106CF000A847D4F8C0300748BDE87040184700BF27
:106D00009808012014830020701C012060070120D6
:106D100014820020DC86002070B5094C0948D4F8A4
:106D2000C0309847084B09481B68D4F8C0509847B2
:106D3000A847D4F8C0300648BDE87040184700BFE7
:106D4000980801205487002060070120C006012018
:106D5000DC86002070B5174C054684B01648D4F880
:106D6000C03098472846D4F8C060FBF7C3FBB04753
:106D700003A92846FAF750FDD4F8C030B8B10F483F
:106D800098479DED030AD4F8C0508DED010AFBF73A
:106D900075FB9DED010AFBF7D3FBFBF765FCA847EC
:106DA0000748D4F8C0309847002004B070BD0548AB
:106DB0009847F5E798080120848300201885002073
:106DC000DC8600208C83002030B5164C054685B04B
:106DD0001548D4F8C0309847D4F8C03028469847B2
:106DE00003A92846FAF7B4FFD4F8C030B8B10F4869
:106DF00098479DED030AD4F8C0508DED010AFBF7CA
:106E00003DFB9DED010AFBF79BFBFBF72DFCA84723
:106E10000748D4F8C0309847002005B030BD054879
:106E20009847F5E798080120848300201885002002
:106E3000DC8600208C830020954B93F82F302DE9C1
:106E4000F04F87B083B1934C9348D4F8C030984743
:106E5000924BD4F8C0501E68F1F78EF9B047A8479E
:106E6000D4F8C0308E48984700258A4C8D4FDFF803
:106E7000648218E0092D00F0C680D4F8C060F1F7F4
:106E80004DF901300135B0474046D4F8C03098473D
:106E9000824B03A8D4F8C0601B689847B047D4F869
:106EA000C0307F489847EEB203A9304604F016F888
:106EB00003463846002B00F0B280D4F8C030984723
:106EC0000A2D00F091800B2D3046D3D1DFF8CC9104
:106ED0007548D4F8C0309847D9F800307348D4F8D2
:106EE000C0509847724FA847D4F8C0306C489847B4
:106EF000BB69002B00F0C4800126DFF8DCB1DFF8AD
:106F0000DC813B6A30469847D0F804A00546BAF1C8
:106F1000000F53D09BF89C3113F0040FDAF81030B7
:106F200076D0DB43DB0F002B48D06248D4F8C0306A
:106F30009847D4F8C030DAF810000193FBF7DAFA7A
:106F4000019B98474046D4F8C0309847D4F8C020F9
:106F5000D9F80030504601929847019A9047404630
:106F6000D4F8C0309847544B9AED030A1B68D4F804
:106F7000C0A09847D047D4F8C030504898472868F8
:106F8000D4F8C030002848D09847B5F90830002B15
:106F90000ADB4046D4F8C0309847B5F90800D4F869
:106FA000C0A0FBF7A7FAD047D4F8C0303C489847B8
:106FB0002B681BB1E36B0021052098470136BB69A4
:106FC000B3429ED29BF88E31DB0756D43C4DFFF77F
:106FD000A3FEFFF741FE95F870303BBB3B6E03B15B
:106FE000984707B0BDE8F08FD4F8C03035489847CF
:106FF0004046D4F8C0309847284B03A8D4F8C06066
:107000001B68013549E7D4F8C0302F489847EFE7AF
:10701000002BD4BF0023012385E72C48B4E7244B81
:1070200007209B68984707B0BDE8F08F184B02A86F
:107030009979F1F74DF9D4F8C030254898479DF873
:107040000A30D4F8C06005EB830503EBC303D5ED2C
:107050001D7A0BEB8303F8EEE77A93ED0C0A164BDF
:1070600087EE800A1B689847B047D4F8C0300C48B8
:1070700098473B6E002BB3D1B3E7FFF721FEA5E79E
:10708000DFF854B09BF88E31DB079FD5F5E700BFE2
:1070900084060120980801209483002060070120C5
:1070A000DC8600209C830020BC8300204C0701204C
:1070B00068070120A88300205C070120AC83002022
:1070C000241C0120A4830020A083002050860020DF
:1070D000B48300201482002014160120D8860020DA
:1070E0002DE9F041B14CB24DB248D4F8C0309847C8
:1070F00028888B2840F2ED81D4F8C030AE489847FC
:107100002888D4F8C0608A38FBF7F4F9B047D4F87F
:10711000C030AA489847287DD4F8C060F0F7FEFF39
:10712000B047D5ED347AF5EE407AF1EE10FA40F042
:10713000EC80D5ED337AF5EE407AF1EE10FA40F0BE
:10714000E480D5ED327AF5EE407AF1EE10FA40F0B7
:10715000DC809B4E337E022B09D1687999499A4A8B
:10716000D4F8C030002814BF084610469847D4F819
:10717000C03096489847A879D4F8C0701130FBF712
:10718000B9F9B8479249934AE878D4F8C030002852
:1071900014BF0846104698478F49904A2879D4F87A
:1071A000C030002814BF0846104698478748D4F8D6
:1071B000C0309847A878D4F8C070022800F06081E9
:1071C00080F001005D30FBF795F9B847337E022B64
:1071D00000F05E81EB79002B40F03281D4F8C030B2
:1071E0007F48984795F82E007E497F4AD4F8C030F2
:1071F00001280CBF08461046984795F82F30002B01
:1072000000F088807948D4F8C0309847F0F7B8FF8C
:1072100010F0070000F07A81754B7649C7070A46DF
:1072200004D51968097802F8011B1146400803F1DA
:107230000403F3D100236F480B70D4F8C030984793
:107240002B7E002B6DD10020D4F8C070F1F74AF9E5
:107250000378D80700F132816748B84795F8903035
:107260001BB1D4F8C030654898476B7E002B40F0C6
:10727000F880D4F8C03062489847624FFB7FDB0744
:1072800003D5D4F8C03060489847BB7F1BB1D4F811
:10729000C0305E489847FB7F980703D5D4F8C030CC
:1072A0005B48984796F82C31590706D5FB7F5A075B
:1072B00003D5D4F8C03057489847D5F8D430D4F81F
:1072C000C0601869FBF716F9534902460220FEF721
:1072D0008DF8B047514B95ED1C0A1B68D4F8C0508F
:1072E00098474F4902460220FEF780F8A847002041
:1072F000F1F7F8F8C3689B7ADB0700F1F080D4F867
:10730000C0304848BDE8F0411847D4F8C03046487E
:1073100098471EE7D4F8C030444898472B7E002B8E
:1073200091D01E2B00F28480013B1D2B8BD801A233
:1073300052F823F0A71201009D120100B1120100C2
:10734000D30F0100D30F0100D30F0100D30F0100B1
:10735000D30F0100D30F0100D30F0100D30F0100A1
:10736000D30F0100D30F0100D30F0100D30F010091
:10737000D30F0100D30F0100D30F0100D30F010081
:10738000D30F0100D30F0100D30F0100D30F010071
:10739000D30F0100D30F0100D30F0100D30F010061
:1073A000D30F0100D30F0100BB1201009808012088
:1073B00084060120E8810020F0810020348600202E
:1073C00014160120988100209C810020FC8100205F
:1073D000A0810020A8810020B0810020B881002079
:1073E00000820020D8810020E0810020108200204F
:1073F000D80E0020D0030120B4970020BC970020B5
:1074000040820020241C0120448200204C82002065
:10741000548200205C8200206482002064070120E6
:1074200068820020DC860020F48100201882002081
:107430003C2B7FF408AFD4F8C0303F48984702E7B0
:10744000D4F8C0303D489847EB79012B3FF4CAAEE1
:107450003B493C48D4F8C020022B18BF084690474F
:10746000C0E6990704D5D4F8C030374898476B7EFA
:10747000DA077FF502AFD4F8C03034489847FCE60D
:107480005F20FBF737F8B847337E022B7FF4A2AEBC
:107490000020F1F727F8C3689B7ADB077FF59AAEE7
:1074A0000020D4F8C070F1F71DF8294A294B407824
:1074B00000280CBF10461846B8478BE60020F1F7AD
:1074C00011F80378244813F0020F244B08BF184624
:1074D000C3E6D4F8C060FBF70DF8B04717E600200C
:1074E000D4F8C050F0F7FEFF0346002093ED020AE7
:1074F000FBF726F81A4902460220FDF777FFA84756
:10750000D4F8C0301748BDE8F0411847164991E655
:10751000D4F8C0301548984795E6D4F8C0301448E0
:10752000984790E6D4F8C030124898478BE6D4F8D4
:10753000C0301148984786E6348200200882002037
:10754000D4810020D0810020C49700203C820020FC
:10755000C0810020C8810020AC970020A4970020A3
:107560006C820020DC860020D003012028820020CD
:1075700024820020208200202C82002070B50B4C39
:107580000D46D4F8C060FAF7B5FF094B0246094929
:107590000320FDF72BFFB0472846D4F8C0309847AA
:1075A000D4F8C0300448BDE870401847980801205E
:1075B00018850020148700205C7F002070B50A4DDC
:1075C00006460A480C46D5F8C03098473046D5F8EC
:1075D000C0309847D5F8C03005489847054B20463D
:1075E0009B68BDE870401847980801207C81002006
:1075F00014820020680701202DE9F04FC04C9DB097
:107600000546C048D4F8C0309847BF48D4F8C06099
:10761000FAF770FFB047BD48D4F8C0309847284605
:10762000D4F8C0309847D4F8C030B9489847002003
:1076300004F038FEB74B054693E803000390ADF81D
:1076400010101DB1AB7ADE0700F1BD820DF1110201
:1076500094F81A324E219807117000F1AC82531C35
:10766000AD4E96F82C01C10702D5502203F8012B2C
:1076700096F88E110A0702D55A2203F8012B8F07BC
:1076800002D5482203F8012B96F82621120702D5CD
:10769000542203F8012B96F82021D70602D5412267
:1076A00003F8012B1DB1AA7A920740F1888296F85F
:1076B000B520D70702D5302203F8012B94F8082211
:1076C000D50702D5532203F8012B400702D55222D9
:1076D00003F8012B490702D44C2203F8012B94F83C
:1076E0001022120702D52B2203F8012B96F819213C
:1076F000D70702D4572203F8012BD4F8A02012B1E7
:10770000322203F8012B2C2203AD4FF0000BDFF8DF
:1077100000A21A70284683F801B0D4F8C030984708
:10772000D4F8C070FBF712FEFAF7E4FEB847D4F8BD
:10773000C0307A489847A06AD4F8C070FAF7DAFEE9
:10774000B847D4F8C030754898470320D4F8C070C3
:10775000FAF7D0FEB847724FD4F8C0306F48984758
:10776000B869D4F8C080FAF7C5FEC047D4F8C03075
:1077700050469847FBF7D4FCD4F830318046984700
:10778000684B814693E8030003900320ADF8101086
:10779000FAF7B0FE0146284610F03AFB624B3A2257
:1077A00028468DF812201A6812788DF81320D3E934
:1077B000012312788DF814201B788DF816B08DF8FF
:1077C000153011F0F7FC0346DAF80000E8502846BF
:1077D000D4F8C030984796F81C31544A13F0400F43
:1077E000534B96F88EC108BF13461CF0010F1B685F
:1077F000ADF81C304FEA13438DF81E304D4B0FCBC4
:1078000085E80F0040F07182D4F81431002B00F0AD
:107810007882D4F81C311BB3284611F0CBFC94F8C5
:107820000B22DFF824C1034602F0020102F001023C
:1078300094F80AE241EA8202BCE80300E8502B44D3
:1078400042EADE105960FAF755FE0190284611F021
:10785000B1FC019928440EF0ABFF304B1B8803802C
:1078600094F9103294F810A2002BC0F25B821AF047
:10787000200F40F022821AF0100F40F0DD811AF044
:10788000400F40F0E48194F80AA21AF0010F40F092
:10789000EB81337E022B00F0F5811AF0020F40F0ED
:1078A0000182D4F8EC3153B1284611F083FC224A0E
:1078B000034605EB000C03CAE850CCF80410B9F1FC
:1078C000000F00F06D811D491D4BB9F1020F18BF6B
:1078D0001946284610F09CFA94F809329E0700F1E8
:1078E000FC81284611F066FC164A03462E1894F8CF
:1078F0000B1210681279E8504807327126E000BF79
:1079000098080120A87F00200B2535011482002053
:10791000DC860020B47F002014160120DC7F0020CC
:1079200068070120BC7F0020D80E0020787F00204F
:10793000747F0020C47F00201C800020887F0020EE
:107940007C7F002028800020EC7F002000F1BD819A
:10795000F0F792F8002840F03E81284611F02AFC0A
:1079600000F16F030DEB030010F8643C2C2B02D1E7
:10797000002300F8643CD4F8C03028469847FB6DDB
:1079800001209847D4F8C03098489847D4F8C030C0
:1079900097489847D4F8C0309648984794F91122F0
:1079A000B4F81032002AC0F21481002B00F01181CB
:1079B00094F810C22846904A0CF0080CD9070BD551
:1079C0001178202908D04429064602D1BCF1000FC5
:1079D00002D006F8011B30465B0802F10102EDD12E
:1079E0000026D4F8C030067028469847D4F8C03036
:1079F0007E48984798F8003013F0FB0F2AD0D4F84F
:107A0000C0307E48984794F8AC318DF80C60042B58
:107A100000F0928198F80030032B00F08B817849B8
:107A2000784A022B18BF11462846019111F0C2FB7B
:107A3000019928440EF0BCFED4F8B4210346002A74
:107A400040F086812846D4F8C0309847D4F8C0303A
:107A500066489847636B7BB16B48D4F8C030984751
:107A6000636BD4F8C0509847800AFAF743FDA847E3
:107A7000D4F8C0306548984763685BB16448D4F86F
:107A8000C03098476068D4F8C0309847D4F8C03008
:107A900056489847A3685BB15E48D4F8C030984711
:107AA000A068D4F8C0309847D4F8C0304F48984701
:107AB000E3685BB15848D4F8C0309847E068D4F820
:107AC000C0309847D4F8C0304848984763695BB1E4
:107AD0005248D4F8C03098476069D4F8C03098470D
:107AE000D4F8C03041489847E36A6BB1D4F8C0304D
:107AF0004B489847E06AD4F8C050FAF7FBFCA84717
:107B0000D4F8C0304748984700210120F6F7B6FB6B
:107B1000012180460846F6F7B1FB002106460846DB
:107B2000F6F7ACFB012105460020F6F7A7FB48EA73
:107B3000060381462B430343DBB25BB3D4F8C0306A
:107B4000394898474046D4F8C080FAF7D3FCC0477C
:107B5000D4F8C030354898473046D4F8C060FAF7BA
:107B6000C9FCB047D4F8C030304898472846D4F80C
:107B7000C050FAF7BFFCA847D4F8C0302B4898474C
:107B80004846D4F8C050FAF7B5FCA847D4F8C0303E
:107B900016489847FB6D002098471DB0BDE8F08F50
:107BA000337F042B3FF498AED4F8E030002B3FF441
:107BB00093AE1F498DE64D21931C517050E5442230
:107BC00003F8012B73E556230DF112028DF81130E5
:107BD0003EE5284604E7284611F0ECFA154A03462C
:107BE00029181068E85013790B71B6E6DC8600207E
:107BF0004080002058800020F08700206480002012
:107C0000A07F0020907F00207C8000208C800020BE
:107C100094800020A0800020B4800020C880002034
:107C2000D0800020E0800020E8800020DC7F002061
:107C3000847F002038800020284611F0BBFA4E4A8D
:107C400003461AF0400F1068E8503FF41CAE284677
:107C500011F0B0FA494A94F80AA2034610681AF0E3
:107C6000010FE8503FF415AE284611F0A3FA444A3C
:107C7000034629181068E85013790B71337E022BE4
:107C80007FF40BAE284611F095FA3E4A03462918B8
:107C900010681AF0020FE85093888B8093798B71EB
:107CA0003FF4FFAD284611F085FA374A03462918FC
:107CB0001068E85013790B71F3E5284611F07AFA51
:107CC000324A03461068E850D5E5314A043310685B
:107CD000E918E85013790B713AE6284611F06AFA70
:107CE0002C4A03461068E850FBE52B4B18689B882C
:107CF000CDF81E00ADF82230D4F81431002B7FF4FB
:107D000088AD284611F056FA244B05EB000C0246CC
:107D100094F810A203CB1B78A850CCF804108CF870
:107D20000830A4E5284611F045FA1D4A03461068BC
:107D3000E8509CE51B4977E6284611F03BFA1A4BC0
:107D40001B882B5298F80030032B7FF468AEF1E7C4
:107D5000900A164A12881A80FAF7CCFB0146284688
:107D6000019111F027FA019928440EF021FD104BE2
:107D70001B88038066E600BFFC7F00200080002097
:107D8000048000200C80002014800020F87F002058
:107D90003080002024800020D87F0020E07F002059
:107DA000F47F0020987F002074800020348600201B
:107DB000788000202DE9F04FDFF89CA095B00446B4
:107DC00008F0E6FADAF814310546002B00F0F383E8
:107DD0009847814609F001030293C9F340030693D3
:107DE000C9F3813307931A48A04705F0B7F8194B38
:107DF000074693F89030012B01D108283BD0202F63
:107E00002CD8202F00F2F683DFE817F0AC04C5046D
:107E1000D804F403E004F403F403F403E804F403E3
:107E2000F403F403F403F403F403F403B404F403D9
:107E3000F403F403F403F403F403F403F403F4038A
:107E4000F403F403F403F403F403F403BD0400BFE8
:107E5000388400208406012098080120802F00F03B
:107E6000C78340F22B81B7F5807F00F09484B7F58B
:107E7000007F40F0BF832B169B48DFF8A882019358
:107E8000A0479A490BA808F0DDF998F81931C3F317
:107E9000401363F3D345002B40F06A8398F81861D0
:107EA00016F0010640F01D810EAA03940DF12C0B73
:107EB000144630460121F0F779F9DBED007A0136FE
:107EC000A4EC010A77EEC07A032EEBEC017AF0D134
:107ED00098F81831039CD90700F103818448854E36
:107EE000A0470BA833689847A04798F818319A071D
:107EF00010D58148A047FBF701FEFAF7FBFAA0472F
:107F00007E48A047DAF8BC309847FAF7F3FAA04762
:107F100098F818315B0700F11983C5F3074328036C
:107F2000049305D57648A047336811A89847A04721
:107F3000002004F0B7F9836A0390984798F8183145
:107F400083468DF81400190714D5039B9B7A13F010
:107F5000010F6C4B1B68089340F08A8206F0FAFC14
:107F6000089B9847684902460220FDF73FFAA04760
:107F700098F81831DA0673D5029B069963F3000965
:107F8000DAF85C3061F3410998470A90F7F7F2FAA2
:107F9000C2B2DAF86C3006929847C5F38073844613
:107FA00089F00201029A43EA9C032CF4814CC1F34C
:107FB000400103F001032CF0040C9B0043EAC113C1
:107FC00043EA8233069A43EA0C0C504B198901F0BC
:107FD000D001C1B19AF81012880604D41889C0F3F0
:107FE000801060F3451CC80604D41989C1F3001140
:107FF00061F3041C9AF81112090704D41B89C3F316
:10800000C01363F3CB2C002A00F00A821CF4806FAB
:1080100040F006823E4912F007023E4B03C903F1CD
:10802000040E186019710CD03B4BD007714604D573
:108030001868007801F8010B8E46520803F104031A
:10804000F3D100221FFA8CF38EF80020002B40F0B1
:10805000F38100232F488EF80030A04798F818319C
:1080600013F0400262D0DFF8C0B09BF80020002A75
:1080700040F0448217F07C0F45F0400540F04B8300
:1080800009238BF80030019B002BC0F24B82EA06DB
:1080900000F1FE83059B03F0010363F30415AB06B7
:1080A00000F1F483DAF878309847C3B2003B18BF88
:1080B000012363F345159BF8002029E2402F40F08F
:1080C0009982124B93F82800FAF714FA13490246E2
:1080D0000220DFF85080FDF789F9A0472B160193A5
:1080E000CFE60F48FBE600BF88840020B01C0120CB
:1080F000048400206007012090840020DC7F0020A1
:10810000A084002064070120B0840020241C0120EA
:1081100010850020D0030120D80E00207884002094
:10812000FC83002014160120A421012062F386158F
:1081300013F0200239D090490A78002A40F0C58116
:108140008E4A17F07C0F02EA050240F0DC82402ADA
:108150004FF009020A7014BF0122002262F30825C1
:108160000CBF01220022029225BB854A92F8902082
:1081700002BB844BD3F8843013B12946204698477C
:10818000019B002BC0F2D18198F81931990700F1B9
:1081900036827D48A047002008F000F9029B002BA2
:1081A00040F0CD8115B0BDE8F08F62F30825029252
:1081B000002DDAD0C5F30722E8059346069218D5BC
:1081C000D9070EAF0FD50023089509943D461C46EC
:1081D000204601340121EFF7E9FF032CA5EC010A49
:1081E000F6D1DDE908546948A04733683846984716
:1081F000A0471BF0020F40F0E7806A06EEB200F1E4
:10820000EE8016F0B00F00F09280DAF878309847E0
:108210005F4B604A13609DF81430D9B2DB0740F120
:10822000FD8011F0020F02F1040314BF432753270E
:10823000D7708A0604D59AF80922970700F1678259
:10824000C107C2B202D5462103F8011B920702D52D
:108250004D2203F8012B4A4A77B292F8902022B1BE
:10826000002F02DB542203F8012B002249481A7028
:10827000A047B30764D4484B1D4204D0B8F814306B
:10828000002B40F02B82F00709D5444B444A93F869
:108290008500444B002814BF10461846A0477107BC
:1082A0001CD53E4B1A7B2AB998F88E2112F0220F6A
:1082B00014D0072293F84810022003938A433A49C6
:1082C0003A4A08BF0A463A49FDF790F8A04798F89D
:1082D0008E21039B12F0020F40F02E8232070CD544
:1082E00098F81830022B08D1254B324A5879324B76
:1082F000002814BF10461846A047002FC0F29A82EB
:10830000049B13F0140F40F05D81069B1F0600F1E3
:1083100082821BF0080F3FF42CAF204B586C461C98
:10832000FFF627AF40F0FF812448A04721E7144B18
:1083300093F89030002B7FF468AFB30777B29AD5EB
:10834000EFF71EFF10F0070000F0D6821C4B11491A
:1083500010F0010F0A4604D01968097802F8011BD1
:108360001146400803F10403F2D1002315480B70B5
:10837000A0470848A0477EE7B5210120400200A0A1
:1083800084060120680701200C850020B4840020A9
:108390007C413A00D003012001000080241C012010
:1083A0001884002020840020989400208C940020C1
:1083B000D48400202884002030840020F084002011
:1083C000D80E0020CC840020AF48EEB2A047AF4BBF
:1083D000187DEFF7A3FEA0476A067FF512AFAC4FFA
:1083E0003869FAF787F8AB4902460220FCF7FEFF2E
:1083F000A0477869FAF77EF8A74902460220FCF701
:10840000F5FFA047039B5B68D868FAF773F8A249A9
:1084100002460220FCF7EAFFA047F2E6D31C08E779
:108420001FFA8CF3002B3FF419AE9C4A9C499646E8
:1084300003C910600EF8041F180415D49AF810C26E
:10844000984A0CF0080CD9070AD51178202907D0D2
:108450004429704640F08281BCF1000F40F07E81DB
:108460005B0802F10102EED100238EF80030F0E546
:1084700006F070FA089B98478B4902460220FCF7E9
:10848000B5FFA0475B4613F0010040F06081FAF7AA
:1084900031F8814902460220FCF7A8FFA047039B60
:1084A000DB6B002B3FF464AD0120984790ED000A90
:1084B0000CF01AFBFAF71EF8774902460220FCF787
:1084C00095FFA04798F8183154E5784828407FF484
:1084D00037AE013AB7FA87FCD2B24FEA5C1C092AE0
:1084E0000A7098BF4FF0000C6746CDF808C0002F07
:1084F0003FF43AAE092202900A7035E615F04001C9
:108500007FF4B8AD013A61F38615D2B28BF8002042
:10851000092A94BF00220122002F18BF0022002A3E
:1085200040F0958198F8183102E66148A047584B11
:108530005B79002B3FF42DAE5E48A04729E64FF44F
:10854000807007F02BFF15B0BDE8F08FFAF7BAFF87
:1085500000283FF4E2AC806900287FF7DEACF9F731
:10856000C9FF554902460220FCF740FFA047D4E46A
:10857000FAF7A8FF002814BF0123002363F3D345B3
:108580003FF48CACD0ED076A9DED0B5A90ED087A64
:10859000D0ED097A76EEC56ADDED0C5A9DED0D6AD7
:1085A00037EE657ACDED116A77EEC67A8DED127AE7
:1085B000CDED137A72E400220123914607920292D4
:1085C000069310E40798F9F795FF3C49024602200C
:1085D000FCF70CFFA047049BDB067FF596AE09F085
:1085E0002809B9F1200F7FF490AE3548A0478CE6FA
:1085F0003448A0472B16DFF8E080019341E40020C7
:10860000EFF770FF2149304BD1ED1C7A93ED007AE2
:10861000F4EE477A90ED027AF1EE10FA40F01B8109
:108620002A4AD2ED006AB4EE667AF1EE10FA40F012
:1086300031811649D1F8D4100E692549086886425F
:1086400040F00F81114BD3ED347AF5EE407AF1EE24
:1086500010FA08D1D3ED337AF5EE407AF1EE10FA44
:1086600008BFD3ED327AF5EE407A1A4A1378F1EE6C
:1086700010FA14BF01210021994200F0308183F0EB
:1086800001031370F2E000BFBC84002084060120C7
:10869000241C0120C4840020DC7F0020D0030120A2
:1086A00010850020F0870020A8840020000300A08F
:1086B000F88400200485002098840020DC840020B9
:1086C000E0830020808400208C050120B818012060
:1086D0005C2001209A21012014160120874B884A32
:1086E0001989884811F4007F039308BF1046A047FA
:1086F000039B1B899B057FF5C6ADB8F81400F9F7FD
:10870000F9FEA047BFE5402A4FF01D0222E54522B1
:1087100003F8012B94E513228BF80020019A002A1C
:10872000BFF6B5AC04E5F9F7E5FE7749024602204D
:10873000FCF75CFEA0471CE593F84800F9F7DAFE69
:10874000724902460220FCF751FEA047C6E5039B92
:108750005B6893ED010A0CF0C7F998E600F8011B7D
:1087600086467DE66A48A047DFF8F0812B16019324
:10877000FFF787BB614B93F829000138F9F7BAFE80
:1087800064490246A4E46448A047DFF8D0812B1670
:108790000193FFF776BB2B16DFF8C081019303D45A
:1087A00098F81931580705D5544B93F880000028E4
:1087B00040F08B805948A047FFF763BB5848A0475B
:1087C000DFF898812B160193FFF75BBB5548A04754
:1087D000DFF888812B160193FFF753BB474B5248B4
:1087E0000193A047019BDFF8748193F83820012A98
:1087F000D1B25BD04D4A1178002950D00299117046
:108800001B899E065BD400294CD04948A0472B16F3
:108810000193FFF736BB394B93F87000003818BF4F
:108820000120F9F767FE434902460220FCF7DEFD0E
:10883000A0476EE5404BD3F8D4301869F9F75AFEDB
:108840003E4902460220FCF7D1FDA04758E5092326
:108850008BF8003066E6384A3949D2F8D4201669D8
:10886000384A0E60C3ED007A82ED007ADAF84030C3
:108870004FF48051344898476A057FF58AACDAF89E
:1088800040304FF400513048984782E4012310E40F
:10889000012302E4D1F8D4100E692949E1E71B89CC
:1088A0009B060CD42B160193FFF7EBBA98F819210D
:1088B00012079FD51B891D4A9B061170A5D5234819
:1088C000A0472B160193FFF7DCBAF9F713FE2049F6
:1088D00002460220FCF78AFDA047FFF7D2BA5022D9
:1088E00015491C480FF04CF90028C5D050221249F8
:1088F00018480AF097FAB9E7174936E5241C012011
:10890000148400200C840020E8840020DC7F0020F8
:108910003C8400204C840020548400206884002083
:10892000708400205884002044840020A621012067
:1089300048840020E084002084060120D8840020A0
:108940005C200120B8180120601C01201C8400203C
:1089500060840020E40A0120D003012014160120C5
:1089600040F27E33994212D070B50C460546002184
:10897000204602F083FC40B10288A2F11803012BCB
:1089800008D990F82C60F6095EB1352070BD11460B
:10899000FDF756B9064B93F88F61C6F34006002EDB
:1089A000F3D10146A21A2846FCF7FCFD304670BD03
:1089B000141601202DE9F0410E46054600213046EF
:1089C00002F05CFC002835D003880446183B9BB2BB
:1089D000012B32D990F82C30DB095BBB3046DFF835
:1089E000988002F077FD07466DB9D8F8C0301B4873
:1089F00098473046D8F8C060F9F77CFDB047D8F802
:108A0000C03017489847D8F8C030E7B13846984783
:108A100094F82C30DB0708D512483978021DD8F8B5
:108A2000C030002908BF104698471DB9D8F8C0309B
:108A30000D4898470020BDE8F0810C4B93F88F312A
:108A4000C3F34003C9E70A48984794F82C30DA0783
:108A5000EBD5D8F8C0300748E6E700BF20850020F6
:108A6000C4E400205C850020DC8600201416012070
:108A70005086002060850020980801202DE9F041F3
:108A8000294F0646BB6F9847044626B1274B284816
:108A9000D3F8C030984700252388A4681D44002CD3
:108AA000FAD1BB6F98470421044628460FF0C0FE58
:108AB000074650B3218859B184460023626802EB0F
:108AC000C30201338B424CF8042BF7D100EB830037
:108AD000A468002CEED1174B0422294638460FF02B
:108AE00027FF4DB1A7F104080134314658F8040FAF
:108AF000FDF7C4FEA542F7D138460EF089FD0020EF
:108B0000BDE8F081A468002CF9D02388002BF9D0AF
:108B100000256068314600EBC5000135FDF7AEFE6B
:108B20002388AB42F5D8EDE76807012098080120BB
:108B3000187F002075ED00002DE9F041294F064611
:108B4000FB6F9847044626B1274B2848D3F8C0301E
:108B5000984700252388A4681D44002CFAD1FB6F98
:108B600098470421044628460FF062FE074650B39A
:108B7000218859B184460023626802EBC3020133A5
:108B80008B424CF8042BF7D100EB8300A468002C37
:108B9000EED1174B0422294638460FF0C9FE4DB1DD
:108BA000A7F104080134314658F8040FFDF7BAFE66
:108BB000A542F7D138460EF02BFD0020BDE8F0812C
:108BC000A468002CF9D02388002BF9D00025606818
:108BD000314600EBC5000135FDF7A4FE2388AB420A
:108BE000F5D8EDE7680701209808012034810020BE
:108BF00081ED00002DE9F047002680460F4602F087
:108C0000D5F8437880691E440028FAD102F0CEF8E6
:108C10000421054630460FF00BFE0446002848D0DC
:108C2000864695F80190B9F1000F16D000208446D1
:108C30006A68236802EB000A9AF801109BB3224687
:108C400002E052F8043F73B35B788B42F9D1013EE6
:108C50000CF1010C0C30CC45EAD1AD69002DE0D10E
:108C60001F4A31461F4B2046B8F1000F18BF13466C
:108C700004220FF05DFE86B1A4F1040959F8048FB7
:108C8000013598F8010002F065FA0346394640467E
:108C90000BB1FDF7B9FBB542F0D120460EF0B8FCA0
:108CA0000020BDE8F0874EF804ABD1E7AD69002D98
:108CB000F6D06B78002BF9D00024A0466E6808F13E
:108CC000010826440C34707802F044FA0346394611
:108CD00030460BB1FDF798FB6B784345EED8E5E7DE
:108CE0008DED0000D1F2000038B5047894B9294D1B
:108CF0002948D5F8C0309847D5F8C030274898475C
:108D00002748D5F8C030984726492046FFF772FF1C
:108D1000002038BD05460346A4F16101192998BF1A
:108D200004F05F0403F8014B1C78002CF4D11E49B9
:108D30002846FCF7E5F830B11C4B5B6E002BE7D002
:108D40009847002038BD1A492846FCF7D9F820B1C9
:108D500021460120FCF774FFDAE702F027F82A46E3
:108D6000044641784068FDF737F80028D0D1A4695F
:108D70004CB160682A460028F9D06178FDF72CF8DC
:108D80000028F4D0C4E7034B0A48D3F8C030984712
:108D9000BEE700BF980801207C8200208C82002062
:108DA0009882002034860020A482002068070120D9
:108DB000B0820020BC820020F8B51A4B1A4D1B4C23
:108DC0001B4E0FCB07C495F987202370002AB5F8F6
:108DD000863015DBA3B196F81072164A07F0080723
:108DE000D90709D51178202906D04429204600D179
:108DF00017B100F8011B04465B0802F10102EFD134
:108E000020462C23D5F8881000F8013BFDF7DAFC4A
:108E1000D6F8C030054898470748D6F8C03098477C
:108E20000020F8BD48830020241C0120D00301202D
:108E300098080120F0870020DC86002070B50D4BDB
:108E400082B00D4E0D4D344693E80700EB6D03C420
:108E50002270984701462046FDF7B4FC3046D5F80D
:108E6000C03098470648D5F8C0309847002002B077
:108E700070BD00BF04810020D003012098080120AC
:108E8000DC86002010B5264C82B0636E98472549D9
:108E90000346254A03C9ADF8043082E8030013F005
:108EA00007003AD0214B073210F0010F114604D0D1
:108EB0001A68127801F8012B0A46400803F10403EE
:108EC000F2D19DF805302C2113F0070302F8011BA5
:108ED0000DD0164913F0010F104604D00A6812781D
:108EE00000F8012B02465B0801F10401F2D194F86D
:108EF00018020F490F4B002808BF0B4699781888B5
:108F000091701080D4F8C030074898470A48D4F8C8
:108F1000C0309847002002B010BD0732D1E700BF33
:108F200098080120FC800020D0030120D80E0020EA
:108F3000F8800020F4800020DC860020F0B54FF09F
:108F4000FF3083B0EFF7CEFAC368DB6B002B41D064
:108F50000546022098470246EB68002092ED030A7E
:108F60001E4CDB6B8DED010A98470646D4F8C030E5
:108F70001B4898477069D4F8C070F9F7BBFAB84736
:108F8000D4F8C03017489847B069D4F8C070F9F7E2
:108F9000B1FAB847D4F8C03012489847F069D4F80D
:108FA000C060F9F7A7FAB047D4F8C0300D48984729
:108FB0009DED010A0320D4F8C060F9F7C1FAB0476B
:108FC000D4F8C03008489847EB68DB6B13B1002039
:108FD00003B0F0BD032003B0F0BD00BF980801202E
:108FE000E4860020DC7F0020DC86002030B51F4DA9
:108FF00085B00024D5F8D8310394CDE9014463B39A
:1090000001AA1B4920469847029800EB4000C00087
:109010000EF0F6FA0246039010B301AA1549204655
:10902000D5F8D8319847144B1822DDE902100FF01B
:109030007FFC029B01946BB12046039B00EB400038
:1090400003EBC000FCF722FFDDE901030130984289
:109050000190F2D303980EF0DBFA002005B030BD8A
:10906000D5F8D83105499847F7E700BF980801209F
:1090700099ED0000BD040100A1ED000065040100B0
:1090800030B583B000241B4801A9019405F050FFBE
:10909000019810B9002003B030BDC0000EF0B0FA46
:1090A0000546014610B314482C6005F041FF082224
:1090B000124B284601990FF03BFC019A2C607AB1C3
:1090C000234605EBC3035868037813F0FD0F02D164
:1090D000FDF7DCF9019A2B68013393422B60F0D342
:1090E00028460EF095FA002003B030BD044805F084
:1090F0001FFFCFE7A9ED000089000100BDED0000D2
:10910000DD03010010B5002482B00F4B0120224680
:1091100021460094F5F77EFA012122460B4B0846C2
:109120000094F5F777FA22462146094B2046009431
:10913000F5F770FA074B2246012120460094F5F717
:1091400069FA204602B010BD45FD000085FC000014
:10915000A9FF0000B5FE000030B5194C8BB0D4F863
:10916000443113B101A8984710B903200BB030BDAA
:10917000D4F8C030134898470698D4F8C05000F28D
:109180006C70F9F7B7F9A84705990F480131FBF75B
:1091900067FF04990C48FBF763FF03990B48FBF743
:1091A0005FFF02990A48FBF75BFF01990848FBF74C
:1091B00057FFD4F8C0300748984700200BB030BDA7
:1091C0009808012048870020C8860020508700208A
:1091D00014820020DC86002010B504460848214691
:1091E00003F0A4F80CB1002010BD03F031F9002801
:1091F000F9D1044B0448D3F8C0309847002010BD83
:1092000021EE000098080120F886002010B54A4C95
:1092100082B0D4F8B030002B58D00020984701908D
:1092200083B22BB3D4F8C030444898479DF804303B
:1092300013F007037BD0424A424813F0010F014666
:1092400004D01068007801F8010B08465B0802F1B1
:109250000402F2D100229DF805300270002B38D1B3
:109260003848D4F8C0309847D4F8C03036489847CA
:10927000BDF8063023B3D4F8C030344898479DF881
:10928000063013F0070354D02D4A2E4813F0010F77
:10929000014604D01068007801F8010B08465B080D
:1092A00002F10402F2D100229DF8073002703BBBAC
:1092B0002448D4F8C0309847D4F8C03022489847A2
:1092C000D4F8B03013B1002002B010BD032002B0BA
:1092D00010BD2C2213F0070300F8012B0DD0184A03
:1092E00013F0010F014604D01068007801F8010B5B
:1092F00008465B0802F10402F2D100230370AFE7D5
:109300002C2213F0070300F8012B0DD00C4A13F0A8
:10931000010F014604D01068007801F8010B0846DF
:109320005B0802F10402F2D100230370C0E7054894
:1093300090E70448B7E700BF98080120288700207D
:10934000D80E0020D0030120DC86002038870020C2
:10935000014B14209B6818476807012030B4084B64
:10936000084C9C469D6B0FCCACE80F0094E80300C2
:109370008CE8030015B12B4630BC184730BC704751
:10938000680701208081002001207047024B0020E7
:1093900083ED430A704700BF14160120084BD3F831
:1093A000A03053B1002010B50C4698470146054B3C
:1093B0000020214083F8061110BD3520704700BF02
:1093C00098080120141601200B46064A0121184670
:1093D000D2F88C2010B5044C84F808319047002056
:1093E00010BD00BF9808012014160120054B89B25A
:1093F000998221B9044B1A8961F349221A8100200C
:10940000704700BF14160120241C0120024B0020CD
:10941000A3F81811704700BF141601200020054B57
:10942000091A93F8B52018BF012161F3000283F8EF
:10943000B520704714160120034691F9012090F9D8
:10944000000090420CBF0120002001D15B780B701E
:10945000704700BF154A002330B592F82901144C1B
:1094600084F89930D0B119469E4601250323013B6B
:1094700020FA03FC1CF0010F0AD0D2ED217A05FA84
:1094800003FCF5EEC07A4EEA0C0CF1EE10FA06D4AD
:10949000243A002BEBD109B184F899E030BD5FFA92
:1094A0008CFE0121243A002BE1D1F4E714160120AF
:1094B000241C012008B5074B21B193F88E21D20757
:1094C00006D5072183F82911FFF7C4FF002008BD46
:1094D0000A2008BD14160120094B93F810325B06D0
:1094E0000BD5084BB1FA81F1002093F81D214909F1
:1094F00061F3C71283F81D2170473520704700BF04
:1095000098080120141601200020054B091A93F831
:109510001E2118BF012161F3041283F81E21704738
:1095200014160120144B01F0010093F8262160F37A
:10953000000210B583F82621B0B1C1F3400193F8C1
:1095400026210E4C61F341024FF0000112F0010C94
:1095500083F826210A4B18BF4FF0070C9B6D84F847
:1095600098C09847002010BD93F82621014660F36B
:10957000041283F82621E2E714160120241C01209E
:1095800098080120094B19B193F88E21D2070BD509
:10959000003993F826214FF0000018BF012161F334
:1095A000820283F8262170470A2070471416012092
:1095B0000020054B091A93F81C2118BF012161F303
:1095C000861283F81C2170471416012011F0010344
:1095D0000DD001F00702084B890783F82C2104D530
:1095E000D2B242F0040283F82C2100207047024AD4
:1095F000002082F82C317047141601200020054B02
:10960000091A93F81C2118BF012161F3410283F864
:109610001C217047141601200E4A92F88F3113F066
:1096200002030BD118280CD0192808D1184682ED56
:10963000230A82ED1A0A82ED110A70473523184673
:109640007047184682ED240A82ED1B0A82ED120A49
:10965000704700BF141601200020054B091A93F82B
:109660001C2118BF012161F3C30283F81C2170473C
:109670001416012001F00103C1F3400100201B0179
:1096800010B4064C43EAC11394F81C2102F06F0297
:10969000134384F81C315DF8044B70471416012005
:1096A000124A002000B592F88E316FEA010E92F84E
:1096B0001EC16EF3C71381F0040E2CF0620C82F809
:1096C0008E3181F00203CEF3800E81F0080103F0A9
:1096D0000203C1F3C00143EA4E1343EA811343EA94
:1096E0000C0382F81E315DF804FB00BF1416012044
:1096F0000020054B091A93F81D2118BF012161F3C1
:10970000410283F81D217047141601200020054BEB
:10971000091A93F81C2118BF012161F3451283F83F
:109720001C21704714160120214A01F00103B2F8F0
:1097300020011B0110B5C1F3400420F4887043EAF6
:1097400004231C4C0343A2F8203111F0080304D079
:1097500094F80B3213F0020324D192F8210163F341
:10976000410082F8210111F0100009D094F80B0299
:1097700010F0010004D0D4F81C01003818BF0120FB
:10978000B2F820C101F02003D4F810412CF402619A
:1097900043EAC0230B430021A2F820310846A0472A
:1097A000002010BDD4F81C31003B18BF0123D4E7C2
:1097B0001416012098080120054B93F80A0210F0B6
:1097C000040003D1034B83ED0B0A7047032070475D
:1097D00098080120141601200F4B93F80A0210F08C
:1097E000040017D1CB43C1F34002C1F380019B03B6
:1097F00010B403F48043094C43EA8243D4F81C219B
:1098000043EAC14322F444221343C4F81C315DF8F7
:10981000044B70470320704798080120141601205C
:1098200040F21B23984226D0B0F5077F12D2B0F544
:10983000AA7F2DD0B0F5C57F0AD1DFED197A194B7B
:1098400020EE270ABCEEC00A10EE102AA3F8AC20C6
:109850000020704740F2A1239842F9D1DFED107A41
:109860000020104B20EE270ABCEEC00A10EE102A92
:10987000A3F8A4207047DFED0A7A0020094B20EE00
:10988000270ABCEEC00A10EE102AA3F8AE207047DB
:10989000044B002083ED340A83ED2C0A704700BF8F
:1098A00000007A4414160120034A03460349104677
:1098B000138151600B617047282001203420012062
:1098C00010B582B00B460024094801A98DF8053077
:1098D0008DF8044002F02AFD38B1064B20469DF871
:1098E000042083F8A92002B010BD342002B010BDBE
:1098F000C53101001416012010B582B00B460024BA
:109900000B4801A98DF805308DF8044002F00EFDDA
:1099100010B9342002B010BD9DF80420054B9DF90C
:10992000050083F8A82002F0E5FC204602B010BD37
:10993000C5310100141601200A4B93F80A0210B534
:1099400010F004040AD1D3F8E0303BB1042905D863
:10995000054B197707F054FB204610BD0324204621
:1099600010BD00BF980801201416012008B5044B53
:10997000184480F86611F6F769FA002008BD00BFA8
:1099800014160120CBB2012B10B50C460DD0022BC2
:1099900004D00BB1032010BD094A5371094A0121BB
:1099A000094B002011701C7610BD002002F0F4FB62
:1099B000030703D5024B00225A71EFE7112010BDB7
:1099C00084060120A02101201416012010B5464C68
:1099D000237E012B78D0E38A40F2CA321E3B9BB231
:1099E000934201D92323E382404A92F90832002BA3
:1099F00002DB0023A4F8AA30D2ED077A94ED437A73
:109A0000D16AB4EEE77AF1EE10FA48BFC4ED437ABA
:109A1000F1B107EE901A344BDFED355AB8EE677AA4
:109A2000A3F16C01D3ED1E6AD3ED1F7A66EEA77A1F
:109A300087EEA56AB4EEC76AF1EE10FA05DD27EEEF
:109A4000256AC6EE267AC3ED1F7A243B9942E9D1F6
:109A5000237F042B07D994F81E31032143F0080318
:109A6000217784F81E3192F80B1211F001001CD0FE
:109A7000D2F81C3183B394F821318A07C3F3400331
:109A800000D4002394F82101B4F89C10B4F89E206F
:109A900063F3410041F4806122F4806384F8210182
:109AA000A4F89C10A4F89E3010BD94F821318907C9
:109AB00060F3C30384F82131C3F34003E1D5D2F846
:109AC0001C21002ADED1DCE7002002F065FB10F04B
:109AD000080008BF20767EE794F8212163F3C302D3
:109AE00084F82121CDE700BF141601209808012039
:109AF000000070420E4A08B5D2F81031B3B10D4BD8
:109B000092F80BC293F820211CF0020F61F341027E
:109B100083F8202106D0D2B2C1F3400161F3C7120D
:109B200083F82021F5F766F8002008BD352008BD30
:109B3000980801201416012008B5064B064AB3F810
:109B4000103223F480631940A2F89E10F5F752F802
:109B5000002008BD980801201416012010B5164CED
:109B6000D4F8103133B3154B93F8202161F3000280
:109B700083F8202194F80B2212F0020F07D093F8FB
:109B800020C1C1F3400E6EF3861C83F820C1D207BA
:109B900007D593F82121C1F3800161F3820283F894
:109BA0002121F5F727F80021D4F81031084698470D
:109BB000002010BD352010BD98080120141601208A
:109BC000003908B5074B18BF012193F81C2161F338
:109BD000000283F81C21FCF7F9FE06F013FB0020BD
:109BE00008BD00BF14160120002800F0318108B51F
:109BF0000388B3F5C67F53D2B3F5AA7F80F0B18056
:109C0000412B00F2A480052B48D9063B3B2B45D8BD
:109C1000DFE813F03F0144007B016E014400440083
:109C200044004400460144009501460144003F01C0
:109C30004400440044004400440044004400440004
:109C4000440044004F014F014400390139013901FA
:109C500039014400670144004400440044004400CA
:109C600044004400440044004400440044004400D4
:109C700044004400440044004400440044004400C4
:109C8000440088016C01440044003F01AA2B05D127
:109C9000BC4BD3F8A030002B40F05781002008BD0A
:109CA00040F28A22934200F05D8117D9B3F53A7FE2
:109CB00042D240F2E522934200F25D8140F29F22BF
:109CC000934200F0CD8040F2A1229342E6D1AD4B09
:109CD00093F81A02003818BF012008BDB3F5F27FCF
:109CE00000F03A8119D940F2072293420BD1A54BDB
:109CF00093F90832002BD1DA02F0AAFB012894BFB5
:109D00000020012008BD40F21B229342C6D102F080
:109D10009FFB003818BF012008BD40F2E1129342BA
:109D200000F09780B3F5F17FB8D1964BD3F8480196
:109D3000003818BF012008BDA3F53A73012BADD838
:109D4000904B93F81D02003818BF012008BDB42BBA
:109D500001D0BE2B9AD18C4B93F88F01C0F34000F9
:109D600008BDA3F5AA73372B98D801A252F823F0A7
:109D7000653C0100033C0100033C0100033C010081
:109D8000033C0100033C0100033C01001D3A0100BB
:109D90001D3A01001D3A0100293A0100293A01004B
:109DA000293A0100293A0100293A0100293A010023
:109DB000293A0100293A0100293A0100293A010013
:109DC000293A0100293A0100293A0100293A010003
:109DD000293A0100293A0100293A0100293A0100F3
:109DE000293A0100293A0100293A0100293A0100E3
:109DF000293A0100293A0100293A0100293A0100D3
:109E0000293A0100293A0100293A0100293A0100C2
:109E1000293A0100293A0100293A0100293A0100B2
:109E2000293A0100293A0100293A0100293A0100A2
:109E3000293A0100293A0100293A0100293A010092
:109E40004B3C01005B3A01009B3A0100853A01005E
:109E500070474C4BD3F8E001003818BF012008BD13
:109E6000484B586E00283FF41AAF93F81802003898
:109E700018BF012008BD434B93F80A0280F004008C
:109E8000C0F3800008BD3F4B93F80A02C0F34010B6
:109E900008BD3C4BD3F81401003818BF012008BDA1
:109EA000384BB3F8100220F48040003818BF01206E
:109EB00008BD002002F070F900F0010008BD02F0BA
:109EC000C7FA00283FF4EBAE012002F065F980F0FC
:109ED0000400C0F3800008BD012002F05DF94307D3
:109EE00004D4284B93F80802C00908BD012008BD1E
:109EF000244B93F80A0210F020003FF4D0AE00206B
:109F000002F04AF9C0F3C00008BD1E4BD3F8A030E0
:109F1000002B3FF4C3AE00209847C0B2003818BFF2
:109F2000012008BD174B93F810321A07DED4164BE8
:109F300093F82C0100F0010080F0010008BD002022
:109F400002F02AF9C0F3002008BD01209847C0B2F2
:109F5000003818BF012008BD0A4B93F81002C0F367
:109F6000801008BD074B93F8093213F00C0F14BF93
:109F70000120002008BD034B93F81B02003818BFD6
:109F8000012008BD9808012014160120412844D85A
:109F9000052840D9831F3B2B3DD8DFE813F0F8009C
:109FA0003C00F400E80056013C003C005001460132
:109FB0003C00420169013C005A01E100D100C600A9
:109FC0003C003C003C003C003C003C003C003C00B1
:109FD0003C00C3003C003C003C003C00BF003C0097
:109FE000B900B300AF003C003C00AA00AA00AA00E0
:109FF000AA00AA00AA003C003C003C003C003C0037
:10A000003C003C003C003C003C003C013C00360174
:10A010002D01270110010020704740F2E113984202
:10A0200000F04381B0F5F17F00B583B034D340F246
:10A030000723984200F02081B0F5027F1ED3B0F5CF
:10A04000297F52D19C4A92F81E3192F98E1183F0E9
:10A05000020083F0200283F0400300F00200C2F30C
:10A060004012C3F3801340EA82000029A8BF40F0E9
:10A07000010040EAC30003B05DF804FBB0F5F27FD5
:10A0800000F00A8140F2E51398422ED18A4B93F8F2
:10A090001E01C0F30010EEE7B0F5C07F00F0F680BF
:10A0A0000DD940F28B1398421FD1834B0DF107015C
:10A0B00093F8A80002F0D6F89DF90700DBE740F21C
:10A0C0005513984200F0EE80B0F5AD7F0DD17A4B7C
:10A0D00093F81E0193F81D31400883F0400300F00F
:10A0E0000600C3F380131843C5E7002003B05DF8F2
:10A0F00004FB714B034493F8660170476E4B93F871
:10A100002C0170476C4B93F82601C0F38000704718
:10A11000694B93F81C01C0F380107047664B93F8AD
:10A1200008017047644B187E7047634A92F82631E5
:10A13000B2F88E01C3F3C00363F3041080B270471A
:10A140005D4B93F8263113F0010000F090809808E1
:10A1500003F0020300F00400184340F001007047D0
:10A16000554B93F82901003818BF01207047524B16
:10A1700093F8B5305A073FF54EAF580000F006008F
:10A1800040F0010070474C4B93F8060170474B4B71
:10A19000494A93F80B3292F8201113F0020F01F0A4
:10A1A000010003D0490648BF40F00200DB075ED53E
:10A1B00092F8213159075AD540F0040070473E4AC1
:10A1C00092F8213192F82021C3F3400003F0010CF2
:10A1D000C2F30011C3F3C003C00002F0200240EA42
:10A1E0004C00084340EA031010437047324B93F889
:10A1F0001C01C0F3401070472F4B93F81C01C3099A
:10A20000C0F3001040EA430070472B4B93F81C0149
:10A21000C0F3C0007047284B93F81C01C0F3400006
:10A220007047254B93F8B4007047234A234BB2F88C
:10A230009C00B3F81032184020F4806070471E4B29
:10A2400093F81C0100F0010070471B4BB3F8180194
:10A2500070471A4A184B92F80B2293F82001920784
:10A26000C0F3400003D593F92031002B20DB704769
:10A27000114BB3F89E0070470F4B0DF1070193F897
:10A28000A90001F0EFFF9DF90700F4E60A4B93F8EF
:10A290001D01C0F34000EEE6074B93F91D01C043DA
:10A2A000C00FE8E6044B187FE5E6034B988A704739
:10A2B00040F00200704700BF1416012098080120EA
:10A2C000044B002201201A61C3E90022C3E90222E3
:10A2D000704700BF3420012010B5002304464069B8
:10A2E0002DED028B82B0B0EE408A019370B36A46C6
:10A2F00001A9F8F721FA20B3DDED007AF4EEC87A6F
:10A30000F1EE10FA08D994F82C309B0725D5B5EE5C
:10A31000408AF1EE10FA20D1A06968B100236A46A4
:10A3200001A90193F8F708FA58B1DDED007AF4EECF
:10A33000C87AF1EE10FA10D4002002B0BDEC028B06
:10A3400010BD022002B0BDEC028B10BDB5EEC00AFC
:10A35000F1EE10FAE0D50420F4E7342002B0BDECB1
:10A36000028B10BD70B50F4E0C220F4D31462846A2
:10A370000DF006FC044618B196E8070085E80700D2
:10A3800050220A490A480DF0FBFB054620B1502235
:10A390000649074808F046FD54EA050014BF0120AD
:10A3A000002070BDBC160120BC180120C816012079
:10A3B0006818012070B5044630B10F4B1B68CBB153
:10A3C0002046BDE8704018470C4DFFF7FFFA2B8977
:10A3D0005B05F2D5F5F750FD0028EED02B890B2058
:10A3E00064F38A232B8105F095FF054B0D20DB6874
:10A3F0009847E2E770BD00BFF40C0120241C012047
:10A400006807012011F001000DD0072915D80C4A6A
:10A41000C1F34101002092F8B53023F0070319433E
:10A4200082F8B5107047064A92F8B53023F007035A
:10A4300043F0040382F8B53070473420704700BF02
:10A4400014160120A0F164035D2B2BD9A0F54873ED
:10A450005D2B27D9B0F5AA7F00F0198100F2CE80DC
:10A460001B283CD81B283AD8DFE810F00D01390032
:10A470003900390039003900390039003900390014
:10A480003900390039003900390039003900390004
:10A490003900390039003900390039000901050156
:10A4A00039000101A0F165035C2B09D96FF44871F3
:10A4B00043185C2B04D9A0F1C9035C2B00F2C980BE
:10A4C000A04BA3FB0023DB0803EB83035B009BB2E1
:10A4D000C01A022803D8822B04D8632B4AD89FEDD8
:10A4E0009A0A7047A03B9AB21E2AF8D81E2BF6D8BB
:10A4F00001A252F823F000BF434401006B42010067
:10A500006B4201006B4201006B4201006B42010093
:10A510006B4201006B4201006B4201006B42010083
:10A52000534401006B4201006B4201006B42010089
:10A530006B4201006B4201006B4201006B42010063
:10A540006B4201006B420100634401006B42010059
:10A550006B4201006B4201006B4201006B42010043
:10A560006B4201006B4201006B4201006B42010033
:10A5700073440100643B1E2BB1D801A252F823F0B2
:10A58000834401006B4201006B4201006B420100F9
:10A590006B4201006B4201006B4201006B42010003
:10A5A0006B4201006B420100934401006B420100C9
:10A5B0006B4201006B4201006B4201006B420100E3
:10A5C0006B4201006B4201006B4201006B420100D3
:10A5D000A34401006B4201006B4201006B42010089
:10A5E0006B4201006B4201006B4201006B420100B3
:10A5F0006B4201006B420100BB44010040F21B238F
:10A6000098424CD0B0F5077F10D340F2A123984276
:10A610007FF465AF4D4B9FED4E7AB3F8A43007EE53
:10A62000903AF8EE677A87EE870A7047B0F5AB7F0D
:10A6300031D0B0F5C57F7FF452AF444B9FED447AE3
:10A64000B3F8AC3007EE903AF8EE677A87EE870AF7
:10A6500070476FF4C8728318302B7FF640AF6FF4E9
:10A660001673C318262B7FF63AAF034630E7374BF5
:10A6700093ED5F0A7047354B93ED110A7047334BEA
:10A6800093ED120A7047314B93ED430A70472F4BFD
:10A6900093ED340A70472D4B93ED0B0A70472B4B0B
:10A6A0009FED2B7AB3F8AE3007EE903AF8EE677A6A
:10A6B00087EE870A704700EBC000244B03EB800352
:10A6C00093ED140A704700EBC000204B03EB8003AE
:10A6D00093ED100A704700EBC0001C4B03EB8003A6
:10A6E00093ED120A704700EBC000184B03EB800398
:10A6F00093ED110A704700EBC000144B03EB80038D
:10A7000093ED0C0A704700EBC000104B03EB800385
:10A7100093ED0D0A704700EBC0000C4BDFED0D7A96
:10A7200003EB800393ED0E7A87EE270A704700EB68
:10A73000C000064B03EB800393ED0F0AB1EE400A15
:10A74000704700BFCDCCCCCC000000001416012017
:10A7500000007A4400006145114A1378BBB9114BDF
:10A7600093F81D2110496FF3850291F8AC0183F82D
:10A770001D2158B101234FF4D87210B4D1F8C8414B
:10A7800018460849A4465DF8044B60477047054BDE
:10A79000D06891685268C3F88000D9659A63DFE792
:10A7A000440D01201416012098080120C9B210B5EB
:10A7B0004B070A4C84F8B41001D4002010BD0020CF
:10A7C00001F0EAFC10F01003F7D194F8B420352022
:10A7D00063F3820284F8B42010BD00BF1416012078
:10A7E00010B5144C0246B4F810321940D4F8243194
:10A7F00041F480619BB1104BC1F3C01C89B293F846
:10A800009CE0BCEBDE1F0CD0A3F89C10F4F7F2F92F
:10A8100005F0F6F9D4F824319847002010BD89B22C
:10A82000054B1046A3F89C10F4F7E4F905F0E8F99D
:10A83000002010BD98080120141601200120704747
:10A8400000B585B0074B01A883ED5F0A8DED030AC3
:10A850008DED020A8DED010AF5F704FA002005B02E
:10A860005DF804FB14160120A0F165035C2B16D9DA
:10A870006FF4487283185C2B11D9A0F1C9035C2BCB
:10A880000DD96FF4C873C318302B06D96FF4167C3A
:10A8900000EB0C03262B00F2498135207047B14BA9
:10A8A000A3FB0023DB0803EB83035B009BB2F0B543
:10A8B000C41A022C2DED028B83B01BD8822B17D922
:10A8C000A03B9AB21E2A15D81E2B13D8DFE803F03E
:10A8D0005C1212121212121212126B1212121212B5
:10A8E000121212128312121212121212121290006B
:10A8F000632B04D8352003B0BDEC028BF0BD643B64
:10A900001E2BF7D801A252F823F000BF994701008F
:10A910008146010081460100814601008146010017
:10A920008146010081460100814601008146010007
:10A93000814601004F480100814601008146010027
:10A9400081460100814601008146010081460100E7
:10A9500081460100814601008146010061480100F5
:10A9600081460100814601008146010081460100C7
:10A9700081460100814601008146010081460100B7
:10A980008146010089480100774B04EBC40203EBC8
:10A990008203D3ED147AF4EE407AF1EE10FA40F02F
:10A9A000C7800020A7E7714B8DED010AD3F8A030D6
:10A9B000002B9FD001209847C3B2E340D80799D518
:10A9C000694B04EBC4049DED010A002003EB8403F2
:10A9D00083ED100A8FE7644B93F88F21910789D597
:10A9E00004EBC404002003EB840383ED120A82E726
:10A9F0005D4B93F88F2192077FF57CAF04EBC40485
:10AA0000002003EB840383ED110A74E7564E04EB38
:10AA1000C403E50006EB8303D3ED0C7AF4EE407A31
:10AA2000F1EE10FA46D0F5EE407AF1EE10FA41DD83
:10AA300080EE276A4E4F04F1220104F10A0204F16C
:10AA40001C0304F1120007EB81018DED010A07EBF5
:10AA50008202D1ED017A07EB830307EB8000F8EE69
:10AA6000E76AD2ED017AD0ED015AB8EEE77AD3ED7C
:10AA7000017AF8EEE77A66EE866A27EE067A67EEE6
:10AA8000867AFDEEE66A25EE866ABDEEC77AFDEEB1
:10AA9000E77AC1ED016A80ED016A82ED017AC3EDCA
:10AAA000017AF9F71FF807F18C01324805F0CAFB6B
:10AAB0009DED010A2544002006EB850585ED0C0A75
:10AAC00019E7294B04EBC404002003EB840383ED56
:10AAD0000D0A10E7DFED287A04EBC401274A0020B5
:10AAE00020EE270A204B02EB840203EB810320EEC9
:10AAF000270A82ED010A83ED0E0AFCE61A4E04EBEA
:10AB0000C403B1EE408AE50006EB8303D3ED0F7A70
:10AB1000F4EE487AF1EE10FA12D1254406EB8503E3
:10AB200083ED0F8AFEF796FC0020E4E60346BEE6BE
:10AB3000012083ED140AA040F5F7F0F90020DAE6D1
:10AB40000B4B012104201A89A14042F480621A8132
:10AB500093F8482022EA010283F8482005F01EFC01
:10AB6000DBE700BFCDCCCCCC141601209808012027
:10AB7000241C0120FC06012000007042440D01202D
:10AB800038B5254C11F00105B4F88E01A4F88E11EA
:10AB90002AD094F88E3194F82621C3F3001594F846
:10ABA0008F116FF3041365F3C30240F2012584F89B
:10ABB0008E31284084F8262101F00102012804D0BA
:10ABC000DBB2D80701D58B071CD5144B002094F8B5
:10ABD0008F115D6E85420CBF002302F0010363F309
:10ABE000000184F88F1138BD84F82951FEF732FC3A
:10ABF00094F826312A46A4F88E5165F3820384F82E
:10AC00002631E2E7A16C636CC4F89010E166C4F8E9
:10AC10008C30A366D9E700BF1416012098080120E4
:10AC200030B5044683B000B3027F072A1DD8012344
:10AC3000934013F0AA0F0DD113F0550315D0037BE9
:10AC40000B2B12D8DFE803F04B4B4B4B4B55433FDC
:10AC50003A3F4B520288037B1144063B88B2032BD8
:10AC60004AD8DFE803F00F0A050A002003B030BD20
:10AC7000234B93F8B630DB0727D4636A03B0BDE8F3
:10AC800030401847636A9847246934B32E21204620
:10AC90008DED010A0DF066FD9DED010A0546E0B15E
:10ACA00020460EF087FA04449DED010A601B01382E
:10ACB000C0B203B0BDE83040F7F742BC104B93F888
:10ACC000B630DA0701D4206AD0E70E48CEE7036A2F
:10ACD000046993ED000A002CD8D10120E9E7036A4A
:10ACE000187803B0BDE83040F7F704BC036A188851
:10ACF000F7E7036A1868F4E7636A9847F1E700BF6B
:10AD0000980801205C8700200346C8B1007F07280F
:10AD100016D80122824012F0AA000DD112F0550F70
:10AD20000FD01A7B0B2A0CD8DFE802F00C0C0C0CAD
:10AD30000C170B0B0B0B0C141A7B063A032A04D8C6
:10AD4000002070471B6A187870471A885B6A1144A4
:10AD500088B218471B6A188870471B6A18687047C2
:10AD600010B1037B062B02D09FED0B0A7047027FC8
:10AD7000072AF9D80123934013F0AA0F04D00288C0
:10AD8000436A114488B2184713F0550FECD0036A98
:10AD900093ED000A704700BF0000C07F024B1A68A5
:10ADA00018609061704700BF90F90020004870471C
:10ADB00028F90020084B93F8AC215AB101464622ED
:10ADC00040F2B73010B4D3F8C8410123A4465DF86F
:10ADD000044B6047704700BF98080120012810B558
:10ADE00011D80C4B93F8AC2162B1482440F22632C2
:10ADF00004FB0020D3F8C84146220123A446BDE845
:10AE00001040604710BD044B40F69311034A0448BC
:10AE10000CF08CFF98080120908700201409002076
:10AE2000A8870020012870B51AD8114B05460E4698
:10AE300093F8AC2162B140F226324821D3F8CC41DC
:10AE4000012301FB002130464622A04700B170BD1E
:10AE50000024284631463470FFF7C0FF204670BDFD
:10AE6000044B4FF41A61044A04480CF05FFF00BF22
:10AE70009808012090870020F8080020A88700206B
:10AE80000C2870B519D8104B04460D469B6C03B1C5
:10AE900098470E4B93F8AC2172B1D3F8C861C4EB5C
:10AEA000C40401232946B4460C2204FA03F0BDE889
:10AEB000704000F50070604770BD054B40F6AE1164
:10AEC000044A05480CF032FF680701209808012069
:10AED00074870020DC080020A88700200C2870B5AB
:10AEE0001DD8124B04460D4693F8AC2162B1C0EB5D
:10AEF000C001D3F8CC6101230C222846994001F50A
:10AF00000071B04700B170BD094B07CB28602046E7
:10AF100069602946AA60FFF7B3FF002070BD054BAA
:10AF200040F6BE11044A05480CF000FF98080120C5
:10AF3000547D002074870020C0080020A8870020CE
:10AF400038B5114C94F8AC312BB1D4F8C031002095
:10AF50009847172803D0FEF739FD002038BD01239C
:10AF60000A4DD4F8CC414FF4D87219462846A04770
:10AF70000028F0D0FEF72AFD2878A0F11700B0FADB
:10AF800080F0400938BD00BF980801201416012048
:10AF90002DE9F04F97B04FF000085D4F0446462270
:10AFA000FF2104A8E5B20CF0E1FED7F8C431172167
:10AFB00040468DF8108004F00106984714F0010B0C
:10AFC00073D1AB074BD46A0707D5002004A9FFF75C
:10AFD00005FF04A90120FFF701FF2B0715D597F8FE
:10AFE000AC3193B1012304A9462240F2B730D7F81F
:10AFF000C841A04797F8AC313BB1012346224549EF
:10B0000040F2B730D7F8C841A047BBF1000F06D0D7
:10B01000D7F80C311BB14FF0FF313F4898473F4BF9
:10B020009C69BCB13C4F05F010050BE046B1A36A2A
:10B0300003B19847E369384613B1217849429847EC
:10B04000A4693CB12378002BF0D1002DEFD1A46985
:10B05000002CF7D1F8F75CF817B0BDE8F08F0023AB
:10B060004FF001096FF00508DFF8ACA00393CDE9BC
:10B07000013303E008F1010809F1010909F1FF308A
:10B08000B8F1020F01A9C0B205D89AF8243123FA09
:10B0900008F3DC07EED4FFF7F3FEB9F10A0FE9D1AC
:10B0A00001A90B20FFF7ECFE8DE7DFF86C904FF461
:10B0B000D8721B49484607F0B5FE4FF480634046FE
:10B0C000A9F89C3001F068F899F8B430024640467F
:10B0D0001A40C2F3400262F3410389F8B43001F030
:10B0E0005BF899F8B430C0F300100E4A92F8831060
:10B0F000C3F38002024062F3820389F8B43011B9CD
:10B10000FFF72AFB5DE74FF00700F4F707FFF7E7CB
:10B1100098080120508600201416012028F90020EC
:10B1200084420060241C0120094B10B593F8AC2127
:10B1300042B1D3F8CC414622012340F2B731A047B7
:10B1400000B110BD4FF00800FFF722FF002010BD36
:10B1500098080120F8B5424F05467C78002C39D07C
:10B160007B680122002003E0A24231D20C3301327D
:10B1700059781E46A942F7D1A2421846F6D3B368C1
:10B1800023B13046984708B10120F8BD7378023BDF
:10B190000C2B24D801A252F823F000BF154F010058
:10B1A000154F0100AD4F01006B4F0100154F01001D
:10B1B000C54F0100D14F01006B4F01006B4F0100E3
:10B1C000154F0100DB4F01006B4F0100154F0100CF
:10B1D000002843D1BF69002FBFD10020F8BD204E09
:10B1E00002E0B669002EF8D0F0680028F9D0328964
:10B1F000002AF6D0002403E00134A242F1D9F0681D
:10B2000004EB440300EB03108378AB42F4D1836A70
:10B210000021002BB8D098470028B5D13289EBE740
:10B22000104BD3F8A030002BD7D001209847C0B2E4
:10B23000003818BF0120F8BD0A4B93F80902C0F38B
:10B240004000F8BD074B93F80902C009F8BD054B53
:10B25000D3F81401003818BF0120F8BD06468EE768
:10B2600028F90020980801208078FFF773BF00BFFD
:10B27000A0F12C03012B98BF2B207047A0F1650390
:10B280005C2B2DE9F047064682B00F460BD96FF4D0
:10B29000487033185C2B8CBF002301231BB9A6F127
:10B2A000C9025C2A61D8634BA3FB0623DB0803EBCE
:10B2B00083034FEA43081FFA88F8A6EB08095E4D9E
:10B2C0002989C9B1002402E001348C4214D204EB74
:10B2D0004403EA684FEA031A02EB031332F80A2028
:10B2E0004245F1D19A6A49461846DAB19047B8B951
:10B2F000298901348C42EAD3AD69002DE0D14E4C4E
:10B30000236B304623B19847B6EB0008054664D15D
:10B31000A469002CF4D10023184602B0BDE8F087E0
:10B32000EB6853449A782B2A0DD0B9F1000F02D064
:10B33000EA6A002A32D007B13D60002BDFD0184600
:10B3400002B0BDE8F0873D4AD2F8C020002AECD018
:10B350004946188801939047019B014610B19868AF
:10B360000DF096F9EB685344DFE76FF4C87172187B
:10B37000302A1ED96FF41672B218262A57D82D4BD0
:10B38000A3FB06239B0803EB8303A6EB030808F546
:10B3900016781FFA88F8A6EB080990E79B781D2B12
:10B3A00016D003204845AAD9EB685344002FC3D1D7
:10B3B000C3E7204BA3FB0623DB0803EB8303A6EBC9
:10B3C000430808F5C8781FFA88F8A6EB080976E75D
:10B3D0001B4BD3F8F0319847E4E7B4F808C0BCF150
:10B3E000000F98D00026334602E00136B445A6D9B6
:10B3F00006EB4602E1684FEA021901EB021031F850
:10B400000920AA42F1D1826A019372B14146904764
:10B4100018B9B4F808C0019BE7E7E368B4F808C0BE
:10B420004B44002FE1D03C60DFE70346F9E7B0462C
:10B43000994644E7CDCCCCCC28F900206807012000
:10B44000980801202DE9F043837883B004460F4625
:10B450002B2B904618D090F82C1011F0780104D1C5
:10B460003B4603B0BDE8F043184701A90088FFF749
:10B4700005FF019BDE6A1EB142463946B0470646CB
:10B48000304603B0BDE8F0830025DFF844902E4637
:10B49000A36A294613B12046984788B1D9F8C0302D
:10B4A000294633B120889847014610B1A0680DF0B5
:10B4B000EFF8424629462046B84706460028DFD026
:10B4C0000135032DE4D1304603B0BDE8F08300BF61
:10B4D00068070120184B5B6F70B5044613B198479D
:10B4E00000B170BD00212046FFF7C8FE06460028C7
:10B4F000F7D0124D01E0AD69B5B16C69002CFAD0FE
:10B500002B8A04F1040EB6F800C0013B0122002092
:10B5100034F83310614509D00BB1002AF5D1002869
:10B52000DFD1AD69002DE8D1284670BD5EF833004B
:10B53000B0FA80F25209EFE76807012028F90020ED
:10B54000A0F10A03012B98BF05207047007B01384A
:10B5500002288CBF00200120704700BF037BA3F1AD
:10B560000A00052B18BF012894BF01200020704756
:10B570002DE9F84F0E4600218046FFF77FFE002898
:10B580005ED00569002D4CD02B78002B49D0284681
:10B59000012701E0013701302C210DF0E3F80028EC
:10B5A000F8D1002F3DD004464FF04E0B4FF02F0A3C
:10B5B000814603E001347608BC4232D016F0010126
:10B5C000F8D14046FFF75AFE0028F3D0037B013B39
:10B5D000022BEFD8016954B10A46204612F8013B0C
:10B5E000002BE7D02C2BF9D101381146F6D141239D
:10B5F00081F800B081F801A0033101F8013C0B781B
:10B600000A462C2B1ED013B91CE02C2B1AD012F892
:10B61000013F002BF9D10134760881F80090BC423B
:10B62000CCD10C4E03E00AF0E5FF48B920702C2184
:10B6300028460BF0A7F80422314604460028F2D130
:10B64000BDE8F88F002BE6D001F8013B12F8013F6E
:10B65000F8E700BF6887002070B5037B84B004461C
:10B660000D460B2B3DD8DFE803F00606060606065E
:10B67000292F1A3C06060023284601AA6946009392
:10B68000F7F70EF8054668BB237B0B2B2AD8DFE8BB
:10B6900003F0654F4F706B2C292929292C2C084663
:10B6A0000DF088FD0828064604D1434B93F8B630C8
:10B6B000DB0772D407EE906AB8EEE70A204604B0C2
:10B6C000BDE87040FEF708BE08460DF073FD00EEC1
:10B6D000100A2046B8EEC00A04B0BDE87040FEF77C
:10B6E000FBBD0025284604B070BD00236069019EA3
:10B6F000039368B102AA03A9F6F7D2FF002856D136
:10B70000029B9E4204D294F82C309A070ED56EB953
:10B71000A0690028E6D0002302AA03A90393F6F744
:10B72000BFFF002845D1029B9E42DBD93425D9E7D3
:10B730002069002839D00378002B36D0012401E09D
:10B74000013401302C210DF00DF80028F8D101232F
:10B75000A340019A9A4228BF3425C3E7019A022ADE
:10B7600034BF1D463425BDE7019B082B28BF342577
:10B77000B8E720690028D9D00378002BD6D001245F
:10B7800001E0013401302C210CF0ECFF0028F8D14D
:10B79000019BA34228BF3425A4E7294607480CF0A3
:10B7A0000DFE002886D103259CE70123D1E705463D
:10B7B00098E7022596E700BF980801205C870020E3
:10B7C00070B584B000236C4A0C4603A90646029269
:10B7D000CDE90033FFF752FD0546002836D0237827
:10B7E000027B202B03D114F8013F202BFBD0062A2B
:10B7F00000F08280073A022A1CD821469DED020AF9
:10B800002846FFF729FF98B92A7F072A4ED8012337
:10B81000934013F0AA0F23D02B7B062B64D0073B59
:10B82000022B2B6A71D821463046984700283DD01C
:10B8300004B070BD01AA69462046F6F731FF002822
:10B84000DBD02B7F012BD8D90220F1E7072E48D17E
:10B8500023784A4A202B03927AD10246484DC2E708
:10B8600013F0550F22D02B7B0B2BEDD801A252F8F1
:10B8700023F000BFAD560100AD560100AD560100EA
:10B88000AD560100C1560100CD560100D55601004C
:10B890003156010031560100D5550100AD56010069
:10B8A000B95601002146286A0CF0F2FEECF7AEF919
:10B8B000039D2B6A03B19847304B9D422BD0E8691A
:10B8C0000028B5D0FEF74EFD4FF000012D4B58B3C8
:10B8D000002460F30001EA692B481C709047204661
:10B8E000A6E7352004B070BD2B6A30469DED020AF4
:10B8F000984700289CD1D9E702AA69462046F6F766
:10B900001BFF00287FF479AF9BE7019930469847E9
:10B9100000288DD1CAE71D4BD3F80C31EB61CEE77F
:10B920002B6A019A1A70C1E71878D1E72B6A019A3D
:10B930001A80BBE7019B2A6A03F007031370B5E77F
:10B94000019A2B6A1A60B1E7029A2B6A1A60ADE776
:10B9500001AA69462046F6F7A3FE00287FF474AFDB
:10B9600021469DED020A0648FFF776FE00287FF487
:10B970005FAF034D05224AE70000C07F28F9002091
:10B98000B4480060A021012014160120980801206D
:10B99000F8B50E4E044630460DF00CFC0546204628
:10B9A0000DF008FC2B180133632B94BF01270027EF
:10B9B00005D833782BB9214604480CF029FA3846CB
:10B9C000F8BD034B1B887353F5E700BFC81801206F
:10B9D000DC7F0020024B0021024A9961136070470E
:10B9E00028F9002090F900202DE9F047DFF8949223
:10B9F00086B04FF00006D9F8183033B9944B95490A
:10BA0000954AC9E90733C9E90912944D012095ED1A
:10BA1000070AF6F795FD014691480CF039FEFFF74D
:10BA20008FFA002840F0E68095F8AC31002B40F00A
:10BA3000D6804FF01F00FFF7ABFAFAF7C7FF0021DF
:10BA40000120FBF745F8FEF78DFC60F30006854FFB
:10BA5000ECF7DCF8FDF7FEFC03A897F82631D7F8E1
:10BA60007C2113F00103059218BF0723049203926F
:10BA70007D4A82F89830F4F7F5F800F0E9FC0028E8
:10BA800000F0DB80002000F087FBC10500F1C680DC
:10BA9000B5F810120E2021F48061FFF769FDD5F88A
:10BAA000A0302BB100209847C1B20820FFF760FDFD
:10BAB00095F81A120F20FFF75BFD6B6E002B00F05C
:10BAC000C180DFF8C4A1DAF8184064B1DFF89481CE
:10BAD000636A03B19847E3693146404603B198472A
:10BAE000A469002CF4D195F80B32062003F0020172
:10BAF00003F0010341EA830141F001010191FFF7E5
:10BB000037FD01991320FFF733FD97F82C31DA0741
:10BB10006AD4022195F810323D20C3F3C0031943C3
:10BB2000FFF726FDD5F81C31002B00F0898095F831
:10BB30000B3203F00101C3F34003090141EAC301E1
:10BB400041F0030197F8203141206FF3451387F846
:10BB50002031FFF70DFD97F81E31DB0731D43B682C
:10BB6000424A23F0FF0191422BD0414AB2EB132FFE
:10BB700020D3D7ED527ADFED3F6A97ED2C6A67EE5E
:10BB8000A67A97ED347AB4EE476AFCEEE77AF1EEE6
:10BB900010FA17EE903AA7F8A43014BF012300233F
:10BBA00063F3000606D03146D5F80C312D4887EDF9
:10BBB0002C7A98473B68304A62F31F233B60FEF7BC
:10BBC000CBFDD9F8F0202D4BD5F80C111A602C4B79
:10BBD000CAF81C10C9F8F03006B0BDE8F087D9F8F3
:10BBE00008300720984724E795F81012C1F3C001E8
:10BBF00049008FE7FAF7EAFEFEF7B4FB60F30006B0
:10BC0000D5F80C31174831469847D5F81031002B3C
:10BC10003FF41DAF00210846984718E7C0F34001E4
:10BC2000C0F30010490041EA8001102001F0060134
:10BC300041F00101FFF79CFC2AE700F041FB21E7FE
:10BC400003217FE74FF6FF611620FFF791FC38E7ED
:10BC500035360100C94501004D400100980801201A
:10BC6000101C012014160120241C0120000BF803D5
:10BC7000F6D0030000007A440BF80300F40C012016
:10BC8000414101006807012028F90020014B0022F2
:10BC90001A707047AB2101202DE9F047194E0021A1
:10BCA000194A1A48F0F7B4FE307000B3DFF8688024
:10BCB000DFF86890D8F8BC309847154C074605E087
:10BCC000E36B6BB9236C5BB9337893B1D9F85050FF
:10BCD00001F044F9A847D8F8BC3098478742EFD024
:10BCE00000210A483170BDE8F047F0F72DBFBDE8EC
:10BCF000F087D8F840304FF400710648BDE8F047AF
:10BD0000184700BFAB210120E0930400195A01003D
:10BD1000241C0120601C01209808012068070120D4
:10BD200038B51A4D1A4CD5F8E03198472368C01A37
:10BD3000312824D9D5F8E0319847164B20601B787C
:10BD4000EBB9154CA379D3B92389C3F340209B05E4
:10BD500015D4ECF7C7FB114A0378527E13430ED07B
:10BD600001F0FCF810280BD0402804D038B9BDE809
:10BD70003840FFF791BF94F82830012BF7D038BD39
:10BD800094F82930012BF2D038BD00BF980801206B
:10BD9000D40A0120AB210120241C012084060120AB
:10BDA000704700BF4FF00000704700BF704700BFF2
:10BDB00000207047704700BFC068704790F820307F
:10BDC00013F0080308D0B5EE400A80ED060AF1EE44
:10BDD00010FA14BF0123002390F8202063F34512CA
:10BDE00080F82020704700BFD0ED097AF4EEC07AC9
:10BDF000F1EE10FA1FD530EE670AD0ED0A7A30B4B2
:10BE000020EE270A0469BBFE400ABCEEC00A10EE11
:10BE1000103A234401B38268934220D3013A90F848
:10BE20002030990623D403F001030BB183689A1ADA
:10BE3000104630BC7047B5EE400AF1EE10FA02D160
:10BE4000C2681046704790F820300269DB07F8D5C9
:10BE500083689A1A1046704742699342DFD2A34220
:10BE600038BF23461A4690F820309906DBD507EEF6
:10BE7000102AD0ED067A9FED106AF8EE476A456900
:10BE800066EEA77AFCEEE77AF8EE677A87EE867AB6
:10BE900077EE267AFDEEE77A17EE901A8C4203D8F9
:10BEA000A94228BF29460C4613F0010301D081683E
:10BEB0000C1BC461B9E700BF0000C842436A70B5FB
:10BEC0000446051D13B12846984758B10122A36ABC
:10BED00028469FED060A84F84C204FF00001BDE88B
:10BEE0007040184784F84C0070BD00BF000000008F
:10BEF0002DE9F0434F4D93B004462B68BBB11A684F
:10BF0000126AA2B14C4A00EB800102EB011293428B
:10BF10000DD093F90E20002A06DB484AD2F8BC1057
:10BF2000D2F8B8209961DA611846FFF7C7FF002000
:10BF3000844228605FDB424B1B789C425BDA04EB57
:10BF400084033D4E4FEA84081B01F058002852D06C
:10BF50003C4F97F870303BB197F92C30A34203D097
:10BF60003B6D0BB1ECF7C2FA08EB040306EB0313CD
:10BF700093F90E20002A06DB304AD2F8BC10D2F822
:10BF8000B8209961DA6108EB040306EB031999F80C
:10BF90004C308BB95025D9F8243005FB04650435A5
:10BFA0001BB12846984700283CD0A044012306EB4B
:10BFB000081888F84C3003E0502505FB046504356B
:10BFC0004422294601A8204C06F02CFF9DF80E3093
:10BFD0001A49C3F3C002097E012914BF002202F0EE
:10BFE000010262F3C3038DF80E30D4F8E4302BB1B4
:10BFF00001A8984710B913B0BDE8F083134B012294
:10C00000BB62FB6887F870207BB1442201A90F480E
:10C01000029706F007FFD4F8E8304BB10B48984779
:10C020000120E8E789F84C00E5E76423FB60ECE7D2
:10C030000120E0E7040F01202C1901201416012033
:10C04000A1210120C01C012068070120EC1C012057
:10C050002DE9F84FDFF8CC8005460E4698F8003001
:10C06000012B3CD0002B3FD13046FFF791FC00283C
:10C070003AD098F800404422DFF8A090294604EB1B
:10C08000840704EB84033F0109EB031B381D4FFABF
:10C0900084FACBF84860484449F8075006F0C2FEDD
:10C0A0008BF804A02B7A33B19CB10134504688F848
:10C0B0000040BDE8F88F164B1A68D2B109EB0701B2
:10C0C0001448F0F7F5FD98F8004098F900A0002C0E
:10C0D000EBD144222946104806F0A4FEE5E70F4BB9
:10C0E0001B681B7A052B0ED04FF0FF3A5046BDE877
:10C0F000F88F0B4AC3F800B092F80A3243F02003DD
:10C1000082F80A32D0E7002388F80030ACE700BF9D
:10C11000040F0120495C0100EC1C01202C190120B6
:10C1200098080120A1210120022912D0002815DB46
:10C13000104B1B78984211DA00EB80030E4A1B016A
:10C14000D35863B159B1502303FB0022131D184685
:10C1500070470A4B93F92C20824202D000231846E4
:10C16000704793F870202C33002A08BF002318462C
:10C17000704700BFA12101202C190120C01C012003
:10C18000044B93F8702012B193F92C0070476FF0B4
:10C1900001007047C01C01200D4B1A78AAB102EBB8
:10C1A0008203002210B40B4C04EB031348B133F8A4
:10C1B000421C503B0A43A342F8D110465DF8044BA1
:10C1C000704753F8501C4989F3E71046704700BF89
:10C1D000A12101202C19012000290CBF4FF0010CD6
:10C1E0004FF0000C10B580F808C020D091F8203036
:10C1F000DB0611D50022837AC96862F3C303837218
:10C20000164B016193F870402CB190F900E093F95E
:10C210002C40A64511D010BD026B002AEBD0104B6C
:10C220001A7EA2F10102B2FA82F25209E3E7837A9E
:10C230000A4661F3C3038372E2E793F8364083F85A
:10C2400034C062F3C304D0F814C08269D96383F8A0
:10C250003640C3F840C05A6410BD00BFC01C012066
:10C2600014160120074B00221B780A703BB1064BC5
:10C270001B685B78181AB0FA80F0400970471846BE
:10C28000704700BFA12101202C1901200130C0B24C
:10C29000012803D8024B93F87000704700207047C4
:10C2A000C01C012038B9054890F870302C30002BA4
:10C2B00008BF002070470020704700BFC01C01204D
:10C2C000084B187818B908490848FFF7C1BE01386B
:10C2D000074B00EB800203EB02131B7B052BF2D113
:10C2E00040B27047A1210120488800200488002026
:10C2F0002C19012008B50B4B1B780BB900280DDA5F
:10C30000094B93F870201AB193F92C30834203D073
:10C31000BDE80840FFF7ECBD104608BDFFF7D0FFB1
:10C320000020EDE7A1210120C01C0120002800F021
:10C3300084802DE9F04F424F85B03A78002A78D0BA
:10C34000DFF804A1002405460E46DAF80030A146C5
:10C35000DFF8F8800AF1040B5B788DF800408DF867
:10C360000130DAF8483001932BE0002140F28B10C5
:10C37000FEF784FF002854D00021FEF7C5FCA04240
:10C3800026D0FF2200208DF80890CDF80CB08DF853
:10C3900002208DF8090031466846A84788BB013461
:10C3A0003A78A24245D901218DF80010DBF84C10F3
:10C3B00049788DF80110DBF89410019122B30BF14C
:10C3C000500B012AD1D1DAF80020127A052ACCD0FC
:10C3D000012298F92C009DF900108DF80820194AC7
:10C3E0008DF80290814218BF5A46001B3146B0FAC0
:10C3F00080F0039240098DF809006846A84700289C
:10C40000CDD005B0BDE8F08FFFF75AFF98F8702047
:10C4100012B198F92C2012B10020FFF769FD3A788B
:10C42000CDE7FF228DF80800CDF80CB08DF8022082
:10C43000AFE7002005B0BDE8F08F0020704700BFD7
:10C44000A1210120EC1C01202C190120C01C01207D
:10C4500010B50D4C207848B1012800D010BD0B4B11
:10C460001B68187A053818BF012010BDFFF728FF98
:10C47000074B93F8702012B193F92C3013B10020C0
:10C48000FFF736FD2078E7E7A12101202C190120D4
:10C49000C01C0120642938B50446436849D01A7A83
:10C4A000D20643D4C829DA6828BFC8210A2938BF70
:10C4B0000A2191423AD007EE901ADFED2F6A93EDF0
:10C4C000007AF8EE677A67EEA67A67EE877AF5EE7D
:10C4D000C07AF1EE10FA36D994ED057AF4EEC77A07
:10C4E000F1EE10FA07D494ED067AF4EEC77AF1EE85
:10C4F00010FA37FE277A83ED017AD96000F02EFD1D
:10C5000050BBE36A73B3256B65B36268204692ED56
:10C51000010A984701462046A847402003F03EFF05
:10C52000164B5B6B0BB100209847636893ED010AD3
:10C5300038BDDA68642AF9D0D3ED007AF5EEC07A16
:10C54000F1EE10FAC8D89FED0E7AD96083ED017A2A
:10C5500000F004FD0028D4D00A4A937A43F008037F
:10C560009372DAE7636B002BD7D06268204692EDB6
:10C57000010A9847D1E700BF0AD7233C680701208A
:10C5800000000000241C012038B505460C46436815
:10C5900011B11A7AD20605D51A7A204664F304122C
:10C5A0001A7238BD6421FFF775FF6B6820461A7A4E
:10C5B00064F304121A7238BDF8B5394D2B782DED9D
:10C5C000028B0BB96B781BB10020BDEC028BF8BD60
:10C5D0000C46CBB2064614F0010120D19FED310A82
:10C5E000436AB0EE408A9847726804F00304102052
:10C5F000137A82ED008A23F003032343137203F0BE
:10C60000CDFEB0EE480A01F081FC2B78002BDBD187
:10C610006B78002BD8D10120BDEC028BF8BD827A5B
:10C62000B0EE408A476A12F0080F426801D09B07BB
:10C6300027D4D368642B2FD007EE903A9FED1A7A57
:10C64000F8EE677A67EE877A67EE887AF5EEC07A59
:10C65000F1EE10FA1DD996ED050AF4EEC07AF1EE6E
:10C6600010FA05D52146304682ED010AB847BBE7EE
:10C6700096ED060AF4EEC07AF1EE10FA30FE270AC3
:10C68000F0E7D3689FED078A642BD5D1B0EE480A56
:10C69000E8E79FED040AE5E7F0EE487AD6E700BF49
:10C6A000241C0120000000000AD7233C2DE9F0479C
:10C6B0002DED028B0446B0EE408A884691461F4617
:10C6C00000F04CFC022805D101252846BDEC028B68
:10C6D000BDE8F087B0EE480A41462046FFF76CFF00
:10C6E000054600283CD02F4AD37F13F008060ED011
:10C6F0006FF3C303D3772C4B1B6C002BE5D0204684
:10C70000414698472846BDEC028BBDE8F08740F6CD
:10C71000040362891340042B28D1D4ED077AF5EE87
:10C72000C07AF1EE10FA21D94EF660239FED1F8AF0
:10C73000B9F1000F08BF994603E0C836B6B24E45BE
:10C7400028D8A36A204698470346B0EE480A3846E0
:10C75000C3F3801A5B06CED4F6F77AF80028ECD142
:10C760000025BDEC028B2846BDE8F087B9F1000F2B
:10C77000C1D0E37A1A07BED407EE909A3846B8EED5
:10C78000670ADFED0B7A80EE270AF6F761F80028DA
:10C79000E6D0B0E7EBF7AAFE0E20554603F0BAFD4F
:10C7A00093E700BF241C012068070120CDCC4C3E3C
:10C7B00000007A4470B52DED028B0646B0EE408A3B
:10C7C0000C461546F8F7ECF8D8B10F4BDB6B2BB1E4
:10C7D000B0EE480A2A462146304698470B4BE207FE
:10C7E000B0EE480A214648BFB3F8AC20304658BFE7
:10C7F000B3F8AE200023BDEC028BBDE87040FFF71C
:10C8000055BFBDEC028B70BD6807012014160120D6
:10C81000837A2DE9F0411C072DED028B23D4CDB294
:10C82000836AB0EE408A04460F4616469847454054
:10C83000AB070CD16368D3ED007AF4EE487AF1EEE1
:10C8400010FA04D10120BDEC028BBDE8F081B0EEFE
:10C85000480A3246394620460123BDEC028BBDE82A
:10C86000F041FFF723BF9FED060AFFF7A5FE054B3A
:10C870009A7ABDEC028B60F3C3029A72BDE8F08134
:10C8800000000000241C0120642909D007EE901A42
:10C890009FED137AF8EE677A67EE877A20EE270A23
:10C8A000B5EEC00AF1EE10FA16D9D0ED057AB4EE65
:10C8B000E70AF1EE10FA06D54368B0EE670AC3ED59
:10C8C000017AD9607047D0ED067AB4EEE70AF1EE4E
:10C8D00010FA77FE807AEFE7DFED027AECE700BF2F
:10C8E0000AD7233C000000000C4890F8703093B148
:10C8F000036B00229FED0A0A2C30114610B5446AE2
:10C9000083ED010A83ED000A1A72A0471020BDE8EA
:10C91000104003F043BD102003F040BDC01C0120B7
:10C920000000000008B5054B93F8700028B15A6D5F
:10C9300003F12C00904700F0010008BDC01C01204D
:10C940008446694892ED027AD2ED016A4866D06960
:10C950004A6081ED097A10B50024CC61CC60CCF836
:10C960001C009CF80A008CED057A40F08000CCEDAC
:10C97000066A8CF80A005078440704D4B4EEE67ACC
:10C98000F1EE10FA16D49CF80A004FF0000291F86C
:10C9900020306FF300008CF80A00C3F3800060F3CE
:10C9A0008202524813408866002081F82030CCF87B
:10C9B0000C1010BD07EE903A9CF80A0092ED036A45
:10C9C000B8EE675AD2ED045A40F0010091F82040C9
:10C9D000F5EE405AC5EE067A8CF80A00107824F07D
:10C9E0001B040B60C0F380039CF80A00F1EE10FA00
:10C9F000C0F3001003EA000314BF0120002043EA43
:10CA000040035078C0F3000EC0F3400043EACE0369
:10CA100043EA0013FCEEE77A43EA0403C1ED027A2D
:10CA200081F8203049D191F82030B8EE676AC86AA1
:10CA300013F001031CBF17EE903A1B1ACB6092ED66
:10CA4000065AD2ED057A26EE055ADFED294A66EE42
:10CA5000275AC5EE247A85EEA46AFCEEE77A17EE33
:10CA6000903AFCEEC67A034417EE902AC1E90423FB
:10CA700092B9B5EEC07AF1EE10FA0DDD07EE903AFC
:10CA80009FED1C6AF8EE677A67EE867AFCEEE77A2D
:10CA900017EE902AC1ED047A9B1A76EEC76A164A01
:10CAA000012007EE903A8A66F8EE677A87EEA67A5A
:10CAB00081ED0A7ACCF80C1010BDB8EE676ADFED94
:10CAC0000C4A91F8200065EE865AC00785EEA45AFC
:10CAD000FCEEC55A15EE903A02D517EE900AC31A2D
:10CAE000C86ACB60ABE700BF495B0100455B010052
:10CAF0000000C8426F12833B755B0100704700BFA6
:10CB000038B50446C06888B1094B0D46DB6B2BB1C4
:10CB1000627894ED020A21789847E0682A4694EDFD
:10CB2000020A2178BDE83840FFF772BE38BD00BF69
:10CB3000680701202DE9F041DFF84481054698F8A7
:10CB40002C31D9076ED40027444CF6F7BBFC0646BF
:10CB500038466770EBF7C6FC002841D0002E3CD069
:10CB6000336DC26893426DD0002A39D00023226110
:10CB700063708368E36003782371002E34D094F9E6
:10CB8000013004EB03131B69B27D22709B7A1A07F4
:10CB900003D598F81C31DB065CD4314C206810F0CA
:10CBA000280F32D12F4A102D2BD002212E4B82F884
:10CBB00028100021197713892028A0F108002B499B
:10CBC000C3F3800318BF0025B0FA80F083F001039F
:10CBD0000D6040099370BDE8F081C268002AC5D19C
:10CBE00000232361002ECAD1214B224A9B6F567E1F
:10CBF000984794F90130064304EB031326701B6930
:10CC0000C4E7022382F82930D5E7002001F084F937
:10CC1000144A1948937A194943F002030860937241
:10CC20002068C0E7104C04F12000F6F7FDFF94F8EF
:10CC30003430002223F01203E26343F0120384F83D
:10CC4000343080E7F26C6770E26096F8442023612C
:10CC5000227199E79E20F6F793FA9EE7100F0120C4
:10CC6000341D0120241C0120540D01209C0D0120A5
:10CC70009808012084060120A1760100BCF900205B
:10CC80001416012040070CD5094A937A590710B5AC
:10CC900008D4084B0420084ABDE810401A601B68FD
:10CCA000184770476FF38203937201F0C7F9F0E7FA
:10CCB000241C0120BCF90020A1760100400700D40B
:10CCC00070472A4A937A590770B584B031D4284CFA
:10CCD00000239FED280A206B1946274D84F8243045
:10CCE000436A84ED0B0A984795F8403113F002032C
:10CCF00005D1224A184684F83630536F9847204BA6
:10CD0000204E3360237F9B070DD595F82D31D5ED4F
:10CD10004C7A9A0004EB830393ED007AB4EEE77A41
:10CD2000F1EE10FA0BD43368042004B0BDE8704073
:10CD300018476FF38203937201F080F9C7E702F19D
:10CD40001003D5F834210DF1040C6B44226294E8F1
:10CD500007008CE807000C49604643ED037AF4F7BE
:10CD6000DBF90028DFD004B070BD00BF241C012017
:10CD7000540D012000000000141601209808012025
:10CD8000E1700100BCF90020740D0120114B062058
:10CD9000DB6810B59847104A104B02201049114C1F
:10CDA0000B60137F84F8280043F00403A07A137704
:10CDB000430704D40B680420BDE810401847002046
:10CDC00001F0AAF8A37A23F0060343F00603A37246
:10CDD00010BD00BF68070120540D0120116A010039
:10CDE000BCF90020241C012010F0400308D0494B5E
:10CDF0001A7F110761D51A7F42F004021A77704733
:10CE0000420759D52DE9F047434DAA7A54072DED35
:10CE1000028B54D43F4C414E237F414F6FF382032A
:10CE2000404A237796F82C313A60D80702D5237F01
:10CE3000590734D4D6ED517A9FED3B8A237F67EEB4
:10CE4000887ADFF8F48043F0080308F10400FCEE70
:10CE5000E77A237717EE903A99B2FFF751FE334BFA
:10CE6000334A9B6F92F819909847C0B2484510D04A
:10CE7000D6ED527A98F8000067EE887AFCEEE77AF1
:10CE800017EE903A99B2EAF7FDFD98F80000EBF73B
:10CE90003DFB237F6FF3C303237700232B77237F8F
:10CEA0005A0712D4237F9B0715D43B680420BDEC9E
:10CEB000028BBDE8F04718477047FFF767BF63F381
:10CEC0008202AA7201F0BAF8A4E7BDEC028BBDE8B9
:10CED000F047FFF75BBFD6F83821042315492262DB
:10CEE000154AA1F1140085F8283092F9013002EBBF
:10CEF0000313127884F836201A79DB6884F824202A
:10CF0000E362F4F709F90028CFD0BDEC028BBDE84D
:10CF1000F08700BF540D0120241C012014160120AD
:10CF2000BCF900201D73010000007A44980801201C
:10CF300084060120740D0120100F0120054B93F889
:10CF40002C0110F0010003D0034B187FC0F38000C8
:10CF5000704700BF14160120540D0120014B1868C2
:10CF6000704700BF341D01202DE9F04F974E81B06E
:10CF70003568854257D02028044625D8202800F25D
:10CF80008A80DFE810F0D200050105018800050164
:10CF90008800880088009800880088008800880041
:10CFA000880088008800AC0088008800880088001D
:10CFB0008800880088008800880088008800880031
:10CFC000880088008800ED00802839D02ED9B0F57F
:10CFD000807F00F0D180B0F5007F15D17C4B7D4A79
:10CFE0007D4F30601A603A896FF3CB223A8100227C
:10CFF00087F88020A54216D0784B1B6B9BB120464A
:10D0000001B0BDE8F04F1847A5F10400724F40F29F
:10D010000111B0FA80F03A890D424FEA501060F3E6
:10D02000CB223A8159D001B0BDE8F08F4028EBD136
:10D0300040F283131D42F6D1684B0620DB68984707
:10D04000654F0222204687F82820FFF773FD00284D
:10D0500040F09080624A1268A24240F0AF8034688B
:10D06000802C1AD1DFF868815E4AD8F8001091420E
:10D07000B9D000F011FDFFF737FC5B4A4FF000001C
:10D08000526F9047554A0B20D2689047574A3468F0
:10D09000C8F8002001E02C464F4FA4F104013A8962
:10D0A000B1FA81F1490961F3CB2240F201110C423E
:10D0B0003A819FD19BE7002D00F0A280464FA5F159
:10D0C00004003A8940F20111B0FA80F00D424FEAB3
:10D0D000501060F3CB223A81A5D12C4687E7A906F0
:10D0E0003D4F13D4FA7F920710D41020FFF722FD92
:10D0F00028B901223E4987F82920354A11601022BB
:10D1000032603A896FF345123A816CE7344A12680B
:10D11000102A00F0BA80FA7F02F04202422ACED1F1
:10D120003A8942F020023A81C9E700223149324867
:10D130000A772749284F086029493260BA70BA72C5
:10D140003A850A603A8990067FF54DAF102207F1C3
:10D150003C000A600821244A126C904734689CE71E
:10D16000B5F5007F2ED02023194A24491A4F336089
:10D17000116038E7346073E7174B0021144A1B48ED
:10D18000997010601A89346061F3CB221A8133E7F9
:10D19000114F00221549BA700D4A30601160A0F19C
:10D1A00004013A89B1FA81F1490961F3CB2240F2D5
:10D1B000011108423A813FF41AAF1DE7346000F0D4
:10D1C000B5FA4CE7064B1D60CDE700BF341D0120CA
:10D1D000BCF9002065730100241C012068070120B0
:10D1E0009C0D0120496A010098080120896801000E
:10D1F000E1700100540D01206D700100C973010040
:10D20000F6F760F90446002844D008222E4F326019
:10D21000BD7100F053FF94F94420002A2EDADFF8A4
:10D22000B880D8F8E0219047216D82460A6C0AB197
:10D230009047216D227D12F04000CA6B2DD190479E
:10D240004269DFF898B002F1020910E03068DBF8BB
:10D2500050209047D8F8E021904741F28833A0EB66
:10D260000A00984222D8FA6B12F0300F24D1226DB6
:10D270000020D26B904742694A45E7D100F0DEFBBF
:10D28000124A13493468116007E73A8993067FF51B
:10D2900042AF2AE734680C4FFFE601209047D0EDFB
:10D2A000007AF5EE407AF1EE10FAE7D10E2001B0E7
:10D2B000BDE8F04F03F02EB8D8F8403020210548E3
:10D2C00001B0BDE8F04F1847241C0120BCF9002034
:10D2D000C9730100601C0120980801206807012023
:10D2E00010B5044680070FD4210712D4620508D573
:10D2F0000C4B0120D3F8E03098474FF40070FFF753
:10D3000033FEA30509D410BD0820FFF72DFE210729
:10D31000ECD51020FFF728FEE8E78020BDE810409C
:10D32000FFF722BE98080120430610B5044603D536
:10D33000064B1B68402B05D1054B20461B68BDE8FA
:10D34000104018474020FFF70FFEF5E7341D01207D
:10D35000BCF900202DE9F043450785B0044604D50B
:10D36000804B93F82C31D80722D4A2053FD4630612
:10D370000AD57D4BDB6E98477C4BC0F3C00083F829
:10D38000280005B0BDE8F083A70734D5784C2368A2
:10D39000102B3CD0402B40F09680764D2B7F5E07C3
:10D3A00054D4714BDB6E984700074FD5236885E056
:10D3B0006E4DAB7A590743D46B4EF36E98476C4B66
:10D3C000C0F3C0001B6885F82800802BCDD100F089
:10D3D00063FBFFF789FA4FF00000736F9847664BC5
:10D3E0000B20DB689847654B654A1A60C9E78020C7
:10D3F000FFF7BAFDBBE72304C3D55B4BDB6E984751
:10D4000010F00800BDD1594B83F82800B9E7574DFB
:10D410002B7F0BB908232B77524F97F91C31002B28
:10D4200065DB584B93F9012003EB02131869836AFB
:10D430009847C20740F19080002223682A773DE098
:10D440006FF38203AB7200F0F9FDB5E74E4A4B4E25
:10D45000464B3260042283F828202B7F990729D578
:10D460002B7F404A6FF38203D2ED4C7A2B7792F8F0
:10D470002D3105EB830191ED037AB4EEE77AF1EEFD
:10D4800010FA17D804A9D2F83421404F01EB8303D6
:10D49000D5F818C02A6201AD97E8070085E80700B3
:10D4A00007F11401284643F80CCCF3F735FE0028A9
:10D4B0007FF47CAF336804209847236813F0C00FD3
:10D4C0007FF45FAF07E03F2B49D9802B3FF459AF82
:10D4D000B3F5007F43D1254C0020A57AFFF744FD2A
:10D4E0000820A57205B0BDE8F043FFF73DBD254E0D
:10D4F00096F9013006EB0313186993F80480836AE8
:10D5000008F00108984700F001004045DFF8688006
:10D510000CD00A20D8F80C30984796F90100B7F8DB
:10D52000AC1006EB00100430FFF7EAFA0E4B96F849
:10D5300000909B6F9847C0B2484507D03078B7F845
:10D54000A410EAF79FFA3078EAF7E0FF0020D8F855
:10D550000C302877984729E7EAF7C8FF6CE7034DB6
:10D560005AE700BF1416012098080120241C01204E
:10D57000341D0120540D012068070120BCF9002052
:10D5800089680100100F0120756B0100600D0120FA
:10D5900008B510F0400312D140070FD50C4A0D48D2
:10D5A000917A82F82830490703770CD40020FFF7DE
:10D5B000DBFC0820BDE80840FFF7D6BC08BDBDE88D
:10D5C0000840FFF7E3BB937200F038FDEEE700BFC1
:10D5D000241C0120540D0120830724D570B5124C62
:10D5E000124D94F8900078B9D5F8E03003B198471F
:10D5F0000F4BD3F8D43013B1D4F8D400984780201F
:10D6000002F0CCFE94F8900043020A4A0020136016
:10D61000FFF7AAFC0820FFF7A7FC2B6C01210648A6
:10D62000BDE8704018477047840601209808012023
:10D63000680701209C0D0120601C012002282BD0CE
:10D6400010B50446600504D5144B0120D3F8E03032
:10D650009847610704D422060AD4230717D410BDC3
:10D660000F4B93F890004002FFF77EFC2206F4D5A2
:10D67000012000F051FC0B4B01200B499A7A987065
:10D6800042F0020209489A7223070860E7D5102089
:10D69000BDE81040FFF768BC704700BF9808012044
:10D6A00084060120241C0120BCF900203D740100E7
:10D6B00042071DD538B5164B164C1B68202B18D0C9
:10D6C000154B1868FFF750FCE17931B1134B144842
:10D6D0009B6C98470023E37138BD124B93F8903050
:10D6E000002BF9D04FF40070BDE83840FFF73CBC88
:10D6F00070470025A572F5F72FFE00F095FBF6F7B1
:10D70000F1F904F18C01084802F09CFDA570D7E7FF
:10D71000341D0120241C01209C0D012098080120AB
:10D72000641C012084060120FC060120F8B56D4C24
:10D73000F6F702FA0025E179A57229B16A4E04F1E3
:10D740004000B36C9847E571684D2B68802B0FD073
:10D75000B3F5007F00F08780402B09D023895A075A
:10D760007CD40121624B634A84F829101A60F8BD09
:10D77000614E002296F82C312277DF074ED5E37FE9
:10D7800058074BD4337E012B48D05C4F3B7FD907E1
:10D7900071D596F82DC194F8483023FA0CF3DA07C6
:10D7A0003CD507EB8C0396ED4C7AD3ED037AF4EE7F
:10D7B000C77AF1EE10FA31D5514B4D4D2B603B7FBE
:10D7C0005B0700F18580D6ED4F6A4E4B77EEA67A67
:10D7D000B4EEE77AF1EE10FA77FE877AC7ED067AB3
:10D7E00093E8070087E8070007EB8C0C9CED007AB4
:10D7F000B4EEE77AF1EE10FA47D43B7FC3F3800230
:10D800005B0703D43B7F62F341033B772B68042023
:10D81000984723896FF30C332381F8BDFFF764F831
:10D820002389D80408D42B68802B05D096F8403182
:10D83000990701D52C4E04E02B4E4FF00000736F7A
:10D840009847F36E98472389C0F3C0006FF30C33F9
:10D8500084F82800238123895A0782D50020BDE857
:10D86000F840FFF781BBFFF73FF81F4B4FF0000078
:10D870005B6F984772E73B7F07F10C00224943F04A
:10D8800001033B7702F0DEFC83E7D6F838311F4A0C
:10D890003B6292F901301E4902EB03131278A1F1A9
:10D8A0002000CCED007A87F836201A7987F82420FA
:10D8B0001A69DB683A63FB62F3F72EFC3B7F5E0775
:10D8C00003D43B7F60F341033B770028A1D19DE760
:10D8D0000D490A4802F0B6FC96F82DC1D7ED067A3C
:10D8E00082E700BF241C012098080120341D01207C
:10D8F000BCF90020E170010014160120540D012034
:10D90000496A0100600D0120B01C0120100F0120A8
:10D91000740D0120430700D47047FFF707BF00BF15
:10D92000344A354B12689A4200D070472DE9F041D5
:10D930000020EAF7D7FD0378DC0743D52F4C257F7D
:10D94000002D3CD0A80722D52D4E00222D4DF76B7F
:10D95000227747B195F9013011469FED2B0A05EB6F
:10D9600003131869B84795F901304FF000019FED96
:10D97000260A05EB03152869FEF71EFE237F726B4E
:10D9800043F0010323770AB100209047257F690700
:10D9900018D51B4D0A20EB6898471A481B4A90F986
:10D9A0000130B2F8AC1000EB03100430FFF7A8F818
:10D9B00000206B6B20772BB1BDE8F0411847A37AAC
:10D9C0001A0701D4BDE8F0810E4E3069836A98478A
:10D9D000C307F7D596F901200C4B06EB0210B3F8FC
:10D9E000AC100430FFF78CF8A37A65F3C303A3727D
:10D9F000E8E700BFBCF90020E1700100241C012011
:10DA000068070120100F01200000000014160120FB
:10DA100010B5074CA3794BB1064A0121064B92F889
:10DA20000801D3F88C3098470023A37110BD00BFC4
:10DA3000241C0120141601209808012070B5002331
:10DA4000104D11490120114C114AAB71CB70D4F823
:10DA500088301070984795F8845075B90D4EB6F817
:10DA60009E3153B129464FF00700D4F88C309847C7
:10DA7000E36B2946B6F89E019847D4F88430BDE898
:10DA800070401847241C01207C19012098080120AF
:10DA9000AD2101201416012070B50025244EFFF79A
:10DAA0005DFA244AD6F8883004462846157098470F
:10DAB0002946214D2148EFF747F8B5F81431FF2BDF
:10DAC00017D0042C0DD0802C03D0B3FA83F4640952
:10DAD0000BBBD6F88C3001214FF00000BDE8704040
:10DAE0001847D6F88C30012195F80801BDE8704040
:10DAF0001847134A126C4AB9802CEAD0D6F88C30F9
:10DB00004FF007000121BDE870401847042CF5D004
:10DB1000802CDAD1DDE721460A48EFF715F8B5F891
:10DB2000142121460748EEF773FF054B987170BD2D
:10DB300098080120AD21012014160120E1D3000036
:10DB4000241C01209D770100044B187820B1044B60
:10DB5000986A003818BF0120704700BFAD2101202E
:10DB60007C19012070B5944CA36A4BB1934B2046AD
:10DB7000D3F8983098470022A3682270002B6FD00A
:10DB8000E36A002B6DD08E4E96F83830012B00F0F2
:10DB9000D980E2694FF00003D4E9031002448A42BD
:10DBA000E26112D9521A4FF00103E261854A1278FC
:10DBB0005AB9E078D6F88C2010F0010F14BF4FF05E
:10DBC000FF3001200244C6F88C20226A60690244BA
:10DBD0009142226212D2521A43F002032262794A1F
:10DBE00012785AB9E078D6F8902010F0020F14BFDE
:10DBF0004FF0FF3001200244C6F89020A269BAB16C
:10DC0000606A02449142626212D2521A6D4943F034
:10DC100004030978626259B9E178D6F8942011F0CA
:10DC2000040F14BF4FF0FF3101210A44C6F89420BD
:10DC30003289A370DBB2120502D5F27A1340A370C9
:10DC4000A36823B9604B1A6852681A6070BD013B23
:10DC5000A360002BFAD15C4B1A6852681A60F5E792
:10DC6000E362594A594B12681B689A4200F0B88027
:10DC7000574BD0681968E262884205D04F4A186055
:10DC8000D2F894309847E26A9368A16A9069994201
:10DC9000A0606CD0E07893F82C2080EA02059042D6
:10DCA000657018BFE27000297ED091F9321093F9A7
:10DCB0003220434E914203D0716A464A0A4372624F
:10DCC00059690122A362E160227093F830103D4A45
:10DCD000117093F82F20520601D5DA8DF2839D6AD8
:10DCE0007DB91DE0F8EEE77AF5EE407AF1EE10FA34
:10DCF00014BF01210021F0F73BFDA36AAD689D62CE
:10DD000075B12B786878D5ED017A002BEAD1B8EEA1
:10DD1000E70AF0F723FDA36AAD689D62002DF0D1FC
:10DD2000596A002935D02C48EEF786FF00283DD0EF
:10DD3000A36A00225A62E168E26A4908C4E908114C
:10DD4000E16115E01D4BD3F814319847C1077FF509
:10DD500020AF224B002103F1600286F8381007CA79
:10DD600083E80700F36B43F08003F36311E7144E7D
:10DD7000916A1869D56AC8406160A061D868C840D6
:10DD800060619868C84020612DB1D169586BA8477F
:10DD9000FAE6A36ACFE7116B00293FF4F5AE92EDE6
:10DDA000080A586B8847EFE6054E89E7A36A586A68
:10DDB00009F02EFCBCE700BF7C1901209808012067
:10DDC000241C0120902101200C160120081601209E
:10DDD000BC04012000010020D1220000501C0120C1
:10DDE000FFF75AFEA36A93F831204AB1586B837A41
:10DDF0001D0705D50021084A036BD16401699847C6
:10DE000000230648064A0421A3620360126C0548F9
:10DE1000BDE87040104700BF8C0E0120BC040120FB
:10DE200098080120601C012038B5294DD5F8103123
:10DE300013B1002108469847FFF72EFE254A01201E
:10DE400003E042E90E02013038320928F9D10021FD
:10DE5000214C42F8380C214B084642F8344C013131
:10DE600043F8303C43F80C0C3433092943F8681C60
:10DE7000F5D11B4B0A221B49C3F8FC010B600021A2
:10DE8000C3E97523184A1460184A194C10605022CF
:10DE90001848236009F06AFF30220021164809F073
:10DEA00065FF2B6A154907EE903A9FED157AA1FBA5
:10DEB0000313144AF8EE677A134C5B0A67EE877A0D
:10DEC000580099001360C4ED007AC2E9010138BD21
:10DED00098080120E4190120AC1901203414012014
:10DEE000001401200C160120DC1B0120800E0120F3
:10DEF000081601208C0E01207C190120D34D6210E0
:10DF00000000704244030120B8040120014B83ED5E
:10DF1000130A70478C0E012038B598B1224C236D3E
:10DF200098472248224B01681D684B68214AAB4242
:10DF30000CBF4FF0010C4FF0000C82F800C012D063
:10DF4000E36C98471C48016861B11C4B0024D3ED79
:10DF50000B7A1A7867EEA77A046042F00102C1EDED
:10DF60000A7A1A7038BD164D5B68AA680360022AE7
:10DF700016D9ED6AAD69B2EBD50F11D35A6891424B
:10DF800004D107E05B685A688A4203D093F82420E2
:10DF9000022AF7D01969094A5B68D1620360CFE7AA
:10DFA0005B680360EAE700BF9808012008160120BB
:10DFB0000C16012097210120800E01208C0E0120DB
:10DFC0007C19012070B5194C237803F00603022B4D
:10DFD00009D023780021164A23F00503116043F08D
:10DFE0000403237070BD134B134D1B689C4603F153
:10DFF00030066361DCF800000CF1100C5CF80C1CBE
:10E00000AE465CF8082C10355CF8043CB445AEE82C
:10E010000F00EFD1DCF80410DCF800006268E36860
:10E020002262E36103C5A168A161D2E78C0E0120E1
:10E03000800E0120DC1B0120A41B0120F0B51B4D2C
:10E040002B7813F0020304D100222B70184B1A60B6
:10E05000F0BD184E6C6906F1300EB446103410361F
:10E06000BCE80F00F44544F8100C44F80C1C44F8CC
:10E07000082C44F8043CF0D1F7EE046A0E4F03CEAE
:10E0800020606160D5ED077A2A6A86EEA77AC5ED31
:10E09000037A6A600022D5E90513AB600323396077
:10E0A0002B70034B1A6085ED047AF0BD8C0E0120B5
:10E0B000800E0120A41B0120DC1B01202DE9F04F64
:10E0C000844EB37ADB072DED068B85B000F16582B7
:10E0D000DFF828829FED809ADFED809A9FED80AA7D
:10E0E000DFED80AA804B814D1A685268D8F8003065
:10E0F0009A4200F052822B68002B00F0EC817C4B9E
:10E100001B7803F0FF00002B40F04782794CF6EEBD
:10E11000002A2968F0EE6A7AD4ED043A91ED0D2ACE
:10E1200094ED0E4A72EE633A94ED0F3A724BF0EEB4
:10E13000428A6D4AF5EEC03AD3F800E0D2F800907A
:10E14000002294ED0C5AF1EE10FAC9F808E0B4EE92
:10E15000443AD4ED0B6AB1EE451A94F8243048BF26
:10E16000F0EE493A94ED0A6AF1EE10FAD4ED0D1A88
:10E170009FED598A9FED5B7A0CBF4FF0020C4FF078
:10E18000010CC9F83000C9F82C0033E0002B50D046
:10E19000D1ED0C5A67EEA55AF4EEE65AF1EE10FAFC
:10E1A00078D5F0EE660AF0EE684AE5EEE20AE0EEB7
:10E1B000E74AB4EEE46AF1EE10FA6BD576EEE56A62
:10E1C0000122F0EE648A38EE278AB4EEC87AF1EEC6
:10E1D00010FA07DCF4EEE38AF1EE10FA40F39080D7
:10E1E00037EE2A7AB4EEE86A77EE487AF1EE10FA62
:10E1F00040F18680012B3BD0032BC7D1D1ED0C5AC7
:10E2000076EEC54A67EEA55AF4EEE54AF1EE10FA4D
:10E210004ED872EE447A012275EE264AF0EE448A18
:10E22000104677EEA75A1346F0EE456AC5EEA47A7B
:10E23000C9E7D1ED0C5AF0EE664A67EEA55AE5EE55
:10E24000A24AE4EEE78AB4EEE84AF1EE10FA3CDDC9
:10E2500072EE447A012275EE264A6346F0EE456A74
:10E26000104677EEA75AF0EE448AC5EEA47AAAE7E4
:10E27000F0EE685AE1EE275AB4EEE53AF1EE10FA04
:10E2800020DD78EEC35A1846F0EE438A0223C5EE2D
:10E29000857A98E778EEC67A012271EEA64AF0EE0A
:10E2A000468A77EEA75AF0EE616AC5EEA47A8AE74D
:10E2B000F0EE664A012276EEE56AE5EEE24AE4EE29
:10E2C000E78A80E7F0EE658A7DE776EEA56A0122AF
:10E2D00079E700BF241C01200000000017B7D1B867
:10E2E00017B7D1383EC32E3908160120800E012001
:10E2F000972101208C0E0120DC1B01200C1601202F
:10E300000AB1C4ED0B6A08B184F82430B37A1A0755
:10E3100003D49EF83130002B39D091F84430DB071C
:10E3200040F1D2808B6C002B00F03E81CA68D3EDA7
:10E33000026AA36807EE902A086DD21AB8EE676ADF
:10E3400091ED130A07EE902A4368F8EE677AD968D0
:10E3500087EE867AA6EE870AFEF796FAD4ED137A50
:10E36000F4EE407AF1EE10FA11D02B68186DC36A02
:10E37000002B00F07081026B84ED130AC9F82C2089
:10E380009847C9F81C00B37A6FF3C303B37294EDD6
:10E39000037AA36828EE877AFAFE477AFCEEE77ADA
:10E3A00017EE901A581AC9F8180020B9B27A9707D0
:10E3B000944600F17E8207EE903AD4ED016AAA4BB2
:10E3C000F8EE677AD5F800C038EE268AD3ED006AF9
:10E3D0009CF9442077EEC77A002A88EE276A66EE19
:10E3E000267AFAFE677AFCEEE77A17EE903A50DB6F
:10E3F000002294F824E089F825209C4A17689F425F
:10E4000037D90022C9F8282007EE901AE06A89F867
:10E4100024E0F8EE677AD4ED0A6A954FF4EEE86AE4
:10E4200077EEC77A3A68F1EE10FA526867EE867AAC
:10E43000C9F80C30C9F810003A60CCED0D8AA16023
:10E44000C4ED017AFFF651AE9CF814305A0600F183
:10E45000F481F5EEC08AB37AF1EE10FA00F35C8233
:10E460001A4613F0040340F061822B60F5F704F8BC
:10E4700038E657689F4200F2958092689A428CBFB6
:10E48000022203229040D340C9F82820C9F818007E
:10E49000BAE79CF814205706AAD4D4ED107A0122CA
:10E4A000D4ED116A94F824E0E6EE887A89F8252004
:10E4B000AEEB0202B2FA82F25209C4ED107A89F888
:10E4C0002620C9ED057A98E70B6D9FED6A0A5B6817
:10E4D00083ED009A42E7B37A5F0740F18280F4F758
:10E4E000EBFF2860002858D0037D5C0600F1CA804D
:10E4F000614C237813F0010C00F0D0805F4A92F851
:10E500002C2112F0010264D013F0040261D096F8BD
:10E510000A906FF3000390ED0D8A09F00202237058
:10E52000B6EE007AD0ED0C7A84ED0A9AC7EE278A0F
:10E53000002A59D090ED0A0A022384F82430B0EE64
:10E54000487AA0EE687AB4EEE97AF1EE10FA00F1BA
:10E550004281B4EE4A7A84ED0D9AF1EE10FA48BF8A
:10E56000B0EE497A84ED0A7AFEF7F8FC04280BD065
:10E570002A68B37A126DC3F3C001927AC2F3C00263
:10E580000A4362F3C303B3723D4B00221A701B7837
:10E5900003F0FF00002B3FF4B9AD05B0BDEC068BD6
:10E5A000BDE8F08F01226DE78B8A086D03F4C0731C
:10E5B00091ED130A802B07D194ED0B7AD4ED127AEA
:10E5C00020EE070A20EE270A4368D968FEF75CF9B7
:10E5D000C4E696F80A90227090ED0D8A09F00202C6
:10E5E0009EE7F4F76FFF7CE719F0040F84F824200E
:10E5F00084ED0E8A00F0FE80B0EE498A84ED0D9A1B
:10E60000F4F78CFF2B6860EE007A93ED0A7A93EDB5
:10E610000D6AB4EEE77A84ED110AF1EE10FA40F3D8
:10E62000AF8077EE675AF0EE466AE5EEE86AF5EEFF
:10E63000C06AC4ED0E6AF1EE10FA40F2178177EE6F
:10E64000C87A032384ED0C0A84F8243067EEA87A94
:10E65000C4ED0F7A88E7436B89ED080AC9F83030BA
:10E6600084ED130A8FE600BFB804012044030120A3
:10E6700008160120000000008C0E01201416012055
:10E6800097210120AF4C01460A22AF48EEF7C0F9AE
:10E690002378286813F0010C7FF430AFD0F80CE039
:10E6A000F7EE046A90ED0D8A07EE90EA8268DFF8D3
:10E6B000A092B8EE677A4FEAC20B4268D9F8001010
:10E6C000C7EE087A4FEAC20A02684968D200D0ED64
:10E6D000108AC1F810B0C9F80010C1E9022A027C02
:10E6E000C1ED088A81F82C20026D81ED078A4A630A
:10E6F000826D86EEA77A8A62428AC1ED067ACA8561
:10E700004FEACE02C4ED037A4A61427C81F832209E
:10E71000426D90F814A04A62CAF3C00281F830201A
:10E72000C0F854C0C4F808E003F0080E96F80A9048
:10E7300084ED047A09F0020284ED109A84ED019AC6
:10E7400052EA0E0E00F0A980D4ED0D7A6CF3C303EB
:10E7500027EEA77AC4ED0B7A237080ED0A7ACAF30C
:10E76000C0135FEADA1A81F8313053D0437DD907FC
:10E7700060D4B7EE007AC7EE287AC4ED127ACFE6FD
:10E7800077EE485AF0EE466AB6EE005AE5EEA86A11
:10E7900066EE856AF5EEC06AF1EE10FA41DDB4EE80
:10E7A000E66AF1EE10FA41DD37EEC86A26EE286A15
:10E7B000B4EEE66A84ED0F6AF1EE10FA42D5B4EEDB
:10E7C000677A84ED0C0AF1EE10FA40F0858001239F
:10E7D00084F82430C8E677EEA77AA7EEC80AB5EE2B
:10E7E000400AF1EE10FA00F1A880F1EEC07AC4ED13
:10E7F0000D7AB9E6F4F772FEB5EE400AB0EE408A43
:10E80000F1EE10FA00F19680B1EEC80A286884EDA6
:10E810000D0AF5E6836C003B18BF012381F8313007
:10E820007EE6636B84ED0E9A23639DE6022384F8F3
:10E83000243099E6F7EE007A9FE700214248EEF790
:10E8400083F906E6D3ED0C7AC4ED0F6A77EEA77A6A
:10E85000C4ED0E6AA7EEA68AB5EE408AF1EE10FA74
:10E8600055D4B1EEC80A84ED0C0A7DE6D3ED0C7ADE
:10E87000022377EEA77A84F82430A6EE677AB5EE05
:10E88000407AF1EE10FA3DD4B1EEC70A237884ED58
:10E890000D0A43F00803237066E690ED0A0AB5EE10
:10E8A000400AF1EE10FA20D4F1EEC07AC4ED0B7AF2
:10E8B00055E7264B4CF0010C93F82C3186F80AC032
:10E8C000DA077FF56AAE23785B073FF566AE2378FB
:10E8D00043F00203237060E677EEC77A94ED0E7A78
:10E8E000A7EEE87A84ED0E7A3EE6CDE902020191C8
:10E8F00005F0F2FE0298F0EE407A039A90F814A028
:10E900000199D3E7B0EE470A05F0E6FEBEE7B0EEA8
:10E91000480A05F0E1FEA6E70C4A43F0010392F82D
:10E920002C21B372D3077FF538AECCE742F0010358
:10E93000B37232E605F0D0FE68E705F0CDFEF0EEEA
:10E94000407A54E78C0E0120E1D300001416012018
:10E95000DC1B012008B5FEF701FB10F07C0F03D093
:10E96000034B93ED0B0A08BD9FED020A08BD00BFE3
:10E970008C0E01200000000008B50A4B9B6A13B101
:10E9800093F9320008BD084B93F82930012B05D1CB
:10E99000F4F798FD10B190F9110008BD4FF0FF3069
:10E9A00008BD00BF7C190120241C01204FF0FF305E
:10E9B000704700BF012070470020704738B5074CF2
:10E9C0000546636898470346284613B12368DB6809
:10E9D0009847E468002CF4D138BD00BF98030120AB
:10E9E0004FF48060704700BF0020704701207047DF
:10E9F000704700BF704700BF01207047012070477B
:10EA0000014B1B68184700BF44EE0020024A034632
:10EA1000106803B11360704744EE0020004870474F
:10EA2000E0DF0020A32870B5114C02D1A568AE7AB2
:10EA30001EB12368BDE87040184740F20C422946D9
:10EA40000C4804F0EFF929680B4B012269606168FA
:10EA5000AA722068D3F8DC20C3F8D0109047074B87
:10EA60002660D3F8D83003B19847012070BD00BFAD
:10EA7000181C01205C0F0120980801206807012064
:10EA8000C0B2F5F7A1BF00BF38B5174D04462B68DB
:10EA9000ABB1142008F0B4FD68B100222B4604602D
:10EAA000C26002E01A68A24218D01A46DB68002B46
:10EAB000F8D10261D060636833B1436038BD6368E8
:10EAC00028462C60002BF8D1A3789B070AD529682B
:10EAD000064B074AA14218BF1346EEE708F098FD1F
:10EAE000002038BD014BE8E7980301204187010071
:10EAF00045870100436803B11847B0F800C00B4BCD
:10EB000001E0DB6863B11A6811886145F9D1917839
:10EB100082784A409207F4D48A0703D45A6810478F
:10EB20001846704702490A465960F8E798030120E1
:10EB300045870100F8B54B4E0446FEF70FFA96F8EC
:10EB40008530A3424ED00CB3474B93F88C30002B4A
:10EB500048D1002842D145480378062B4DD0444B7C
:10EB6000444CD3F8D430984794F85C3001206FF3CC
:10EB7000000386F8850084F85C3001F00FFC8721E3
:10EB800005223D48EDF744FF0120F8BD374F384DD1
:10EB90003B78062B63D05822394605F1B40004F0C7
:10EBA00041F906233B70D5F8E8300BB12046984771
:10EBB000304CA06DE8B1A36A9847D5F8D430984797
:10EBC00094F85C300022012062F3000386F885206F
:10EBD00084F85C3001F0E2FB8021D1E740F20113C0
:10EBE0001842B8D1052287212348EDF711FF0020F4
:10EBF000F8BD636B01209847DFE71D4D582205F1F2
:10EC0000B40104F00FF9D5F8E8300BB101209847B2
:10EC1000184C01230020E26985F8B430C5F8D020F3
:10EC2000636B9847D5F8DC300020A76A9847B8474F
:10EC300094F85C309B0708D5236BE268C5F8E43094
:10EC40006369C5F8C020C5F8C830636AA268C5F812
:10EC5000D830236AC5F8BC20C5F8D43083E7054C0A
:10EC6000ABE700BF241C01208406012074F20020C1
:10EC700098080120440C01200D880100044BDB6939
:10EC800023B1003818BF0120FFF754BF704700BF01
:10EC9000440C01202DE9F0478F4F0D46D7F800C0F6
:10ECA000844500F0D180DFF86C820446D8F80090EB
:10ECB000B9F1000F04D0894E96F8B6309B070FD4F7
:10ECC000ADB9DFF854A2544507D0F86828B10368FD
:10ECD000A34214D0C0680028F9D10020BDE8F08715
:10ECE000D6F804217E4BC3E90092002DE9D02046DE
:10ECF000FFF7CAFE0028F0D04FF0000A0DE0D0E97F
:10ED00000323DA6012B1C268136103691C685445B9
:10ED10000CD04FF0000A08F07BFC2378042B00F2A3
:10ED20009080DFE803F0688E5E210D001B699AF881
:10ED30005CA01C680AF0010A002C08BF6446EAE7E0
:10ED40006848FFF7D7FE002840F0A180002D79D059
:10ED5000654B624E93F8835095B196F8B65005F026
:10ED6000010585F001050BE05E48FFF7C3FE0028B2
:10ED700040F08880002D65D05B4B584E93F883504F
:10ED800096F8B430012B43D0BAF1000F73D158225A
:10ED90002146544804F046F8514B1A68A24266D006
:10EDA0003B68A34259D0D6F8B830002B3FD0002D95
:10EDB00042D14E4D4E4B4F48C6F8C430D6F8DC30E9
:10EDC0009847D6F8E8300BB100209847D5F8A43022
:10EDD00013B196F8B40098470120C8F80040BDE888
:10EDE000F0874048FFF786FE0028C3D00021424844
:10EDF000F7F71CFEBEE7B9F1000F03D099F8003019
:10EE0000002B49D1354E96F8B4300025012BBBD1EB
:10EE1000DFF804A1DAF81C3013B10020FFF78AFEF6
:10EE20009AF85C3043F001038AF85C30AFE7334B6B
:10EE3000C6F8B830002DBCD02C4DE0682B68984740
:10EE4000B8E70025254E9BE7D1B1DCF80430002B54
:10EE50003AD001207B60BDE8F087294B7A689A425E
:10EE60002FD0D6F8B830002BA1D17B68E0E75B68E3
:10EE7000C6F8043194E701212248EDF7DDFE86E76C
:10EE80001F4BE6E700212048F7F7D0FD72E700218D
:10EE90001E48F7F7CBFD59E72046FFF72BFE002869
:10EEA000B0D0E36800210D4E1948C6F8C030F7F71E
:10EEB000BDFDE16B09B909E0E16B88470028FBD192
:10EEC000A1E70E4B7B60CCE70C4BC2E7F36B6420F1
:10EED0000D46984754E700BF980301209808012089
:10EEE000642001204C090120241C01206807012016
:10EEF0004987010055E7000090E0002041870100AC
:10EF000045870100098A010060E0002078E00020C8
:10EF100048E0002040030120440C012003781BB18D
:10EF2000024B1A6818608260704700BFD8F9002051
:10EF3000D0B1F8B50D4B06460F461D6895B12B783C
:10EF40006BB1002402E02B78A34208D968683946E7
:10EF500000EB04100134B0470028F4D0F8BDAD68D0
:10EF6000002DECD10020F8BD00207047D8F900201A
:10EF7000064B10B51C6DFDF7F1FFA047044BD86B95
:10EF800080F02000C0F3401010BD00BF68070120D2
:10EF9000241C0120104B70B51E68D6B10546002018
:10EFA000347894B17368002203E0A24203F11003A5
:10EFB0000BD059780132A942F7D1197811F0FD0F21
:10EFC000F3D1DB680BB128469847B668002EE7D12D
:10EFD00070BD304670BD00BFD8F9002070B5184D27
:10EFE0000446AB6831B1BBB160682368C01A18BF72
:10EFF000012070BD002BF7D0837ADBB9286840B1BF
:10F00000104B6A68C3F8D020D3F8DC30984700234F
:10F010002B600023AB60E7E70A4E0B48D6F8D030F0
:10F02000AC606B60D6F8DC309847084B2860C6F8B7
:10F03000D030D9E740F20C42054903F0F3FEDDE79A
:10F04000181C012098080120B187010039870100B0
:10F050005C0F01200E4BD3F8CC3010B504469BB1A9
:10F06000984718B1812C02D07E2C00D010BD094BDE
:10F07000094A93F8183192F82710C3F3001363F389
:10F08000861182F8271010BDF5F79EFCE9E700BF56
:10F090009808012014160120241C01200F4B0A4659
:10F0A00001680B40ABB930B50D4D83B0D5F8A43134
:10F0B0008BB141780446C82001921031984761789D
:10F0C000D5F8A431C720019A10319847012003B028
:10F0D00030BD00207047184603B030BDFF0002006D
:10F0E0009808012038B528B101210446FFF7D2FD68
:10F0F000054610B90025284638BD03492046FFF7CC
:10F10000CDFF284638BD00BF38E0002070B504466A
:10F110000B480D46A36A9847636C0BB12846984785
:10F12000A36C13B14FF000009847636B0BB1002044
:10F130009847236C03B19847236ABDE8704018478D
:10F1400055E7000038B5134C94F811321B0701D570
:10F15000032038BD104A114D13891189C3F3C01320
:10F1600083F0010363F3C711EB6811811089C0F3C9
:10F17000C010C0F10500C0B29847D5F8903013B167
:10F180004FF40060984794F8110210F00800DFD1A6
:10F1900038BD00BF98080120241C01206807012009
:10F1A00038B5134C94F81032DB0601D5032038BD76
:10F1B000104A114D13891189C3F3001383F0010321
:10F1C00063F30411EB6811811089C0F30010C0F1E2
:10F1D0000500C0B29847D5F8903013B14FF0100039
:10F1E000984794F8100210F01000DFD138BD00BF2E
:10F1F00098080120241C01206807012038B5134C11
:10F2000094F810329B0601D5032038BD104A114DE9
:10F2100013891189C3F3801383F0010363F386110B
:10F22000EB6811811089C0F38010C0F10500C0B2F5
:10F230009847D5F8903013B14FF02000984794F8D4
:10F24000100210F02000DFD138BD00BF9808012067
:10F25000241C012068070120034B0448D3F8B03078
:10F26000002B08BF0020704798080120BC7B0020BD
:10F27000034B0448D3F8D831002B08BF0020704757
:10F28000980801201C7A0020034B0448D3F8EC3185
:10F29000002B08BF0020704798080120347A002016
:10F2A00010B110F4087F08D029B13D23C81E01F821
:10F2B000013CE9F789BA032070470820704700BF76
:10F2C00010B5104C1048D4F8C0309847D4F8C0306E
:10F2D0000E489847FBF76AFD83691BB1D4F8C0302C
:10F2E0000B4898470B4B9B692BB1D4F8C0300A48A8
:10F2F0009847002010BDD4F8C03008489847002037
:10F3000010BD00BF98080120547A00207C7A0020AC
:10F31000A47A002068070120DC7A0020047B00200A
:10F320004FF0FF3010B5E9F7DDF8C3681B6C33B15F
:10F3300004469847E3681B6C0BB1002010BD032006
:10F3400010BD00BF08B5EFF73BF9034AC3B2002B6D
:10F3500014BF1046002008BD007A00200C4A0D4959
:10F3600008B5136892F81E0133F0FF0C18BF002196
:10F3700061F31F2333F0FF0113600CBF012300234F
:10F3800063F3000082F81E01FBF7E6F9002008BDD8
:10F39000141601200BF8030010B5074C0221074892
:10F3A000F7F744FB64200021E36B9847D4F8EC3175
:10F3B0009847002010BD00BF98080120E87E00207B
:10F3C0000120F9F75BBB00BF0020F9F757BB00BF76
:10F3D0000120F9F7B1BB00BF0020F9F7ADBB00BFBA
:10F3E00000210120F9F706BC08B50020F9F746FB1B
:10F3F0000020F9F7A1FB00210120F9F7FBFB002217
:10F4000040F27E311046BDE80840F9F7A9BA00BFC6
:10F41000002240F27E310320F9F7A2BA002240F226
:10F420007E310220F9F79CBA002240F27E3110466C
:10F43000F9F796BA002942D00B4670B514460A78FF
:10F4400094B022B118B140F20312104235D000221C
:10F4500018460DF107018DF80720E9F7F9F89DF836
:10F46000073005465BB909F0A5FE44280AD82B7879
:10F4700063B92946E0B2FBF7B1FC9DF807301846A6
:10F4800014B070BD0B23184614B070BD114E421C51
:10F49000294602A803F0C6FC314602A807F0ACF9E1
:10F4A00002E007F0A9F968B1E9F78EF931460346A1
:10F4B0008DF807000028F4D0E1E70823DFE70323F5
:10F4C000184670479DF80730002BD2D0184614B06C
:10F4D00070BD00BFD88600200122FFF7ABBF00BF80
:10F4E0000022FFF7A7BF00BF18B140F20313184274
:10F4F00024D0002000B593B06946FBF793FCC0B957
:10F500000F4B07209B68984769460120FBF78AFC50
:10F5100038B90B4B07209B689847002013B05DF863
:10F5200004FB69460120F8F729F8002013B05DF8C4
:10F5300004FB69460020F8F721F8E5E7082070474A
:10F540006807012008B518B140F2011318420BD02A
:10F550000B78233B072B05D8DFE803F008150418C8
:10F560000404041B032008BD082008BD4FF002035B
:10F570001846FBF70DFD0A4B0920DB689847F1F7A9
:10F5800005FE002008BD4FF00103F1E74FF0100326
:10F59000EEE7044B187803460028E9D108BD00BF08
:10F5A000680701207087002000B593B06846FBF71C
:10F5B000BBFD68460121F8F71FF8002013B05DF885
:10F5C00004FB00BF01F07CBD0120F9F705BE00BFC0
:10F5D0000020F9F701BE00BF0846F9F785BB00BF60
:10F5E00008B5094B93F81C311B070BD5012807D828
:10F5F000064B4FF4007106481B6C9847002008BD6D
:10F60000082008BD032008BD141601209808012019
:10F61000601C012010B5074C94F80B325B0707D52E
:10F620000548D4F8C0309847D4F8C030034898470C
:10F63000002010BD98080120207B0020407B002086
:10F6400003784F2B05D0532B15D0422B0AD0002026
:10F6500070470D4B0D4893F8103213F0200F18BF70
:10F6600000207047084B0A4893F8103213F0100F2F
:10F6700018BF00207047044B064893F8113213F06E
:10F68000080F18BF0020704798080120F87B002061
:10F69000DC7B00201C7C002010B50A4C94F88E31D5
:10F6A000DA0706D5084B0948D3F8C030984794F8D4
:10F6B0008E319B0704D5044B0548D3F8C0309847DA
:10F6C000002010BD1416012098080120B8790020F0
:10F6D000D879002038B504460020E8F703FFC56854
:10F6E0006378522B03D0442B0CD0002038BD2B6CF8
:10F6F000002BFAD0084B0948D3F8C03098476378FC
:10F70000442BF2D1EB6B002BEFD0034B0448D3F822
:10F71000C0309847002038BD98080120707B002039
:10F72000947B002010B50D4C94F80B325B070DD57F
:10F7300071B1D4F848313BB10846F3F7EFF858B14E
:10F74000D4F84831984708B1002010BD032010BDFF
:10F75000BDE81040F9F700BD022010BD9808012057
:10F7600010B50C4692B018B140F2831318420ED077
:10F7700084B1204609F01EFD442805D82046FBF739
:10F7800019FB002012B010BD032012B010BD0820DC
:10F7900012B010BD6846FBF7C7FC68462146F7F774
:10F7A0002BFF204612B010BD022810B50CD0044625
:10F7B00040B90220FDF7D8FB074B0420DB689847CF
:10F7C000204610BD082010BDF1F7E0FC024B0520DB
:10F7D000DB689847002010BD6807012040F2011344
:10F7E00030B510EA030483B01BD01B4DEB6E984775
:10F7F0001A4B93F88030102B16D04306C4B217D49E
:10F8000014F001041ED1164B93F8263103F00303C4
:10F81000032B11D1EB6D9847EFF7ACFEC0B258B196
:10F820002D24204603B030BD3124204603B030BD26
:10F830003224204603B030BDF0F71EFB054618B158
:10F840002E24EEE71224ECE7064B0320DB689847F2
:10F850002846FDF789FBE4E798080120241C0120D5
:10F86000141601206807012070B5002592B0164ECD
:10F8700069462846FBF7D6FA60B19DF8003073B9A7
:10F880000DB112B070BD012569462846FBF7CAFAD2
:10F890000028F2D107216846F7F790FEF0E73146DD
:10F8A000684606F0A9FF04462046E8F78DFF0146AA
:10F8B0002046F7F783FE3146002006F09DFF044600
:10F8C0000028F1D1DCE700BFD8860020F8B5C3B22C
:10F8D000044623B1364B93F88E3199072FD5FDF7A7
:10F8E0003DFB08BB334F344EFB6E984796F8803093
:10F8F000102B21D04206C5B202D532252846F8BDCC
:10F90000C3051FD42A4A92F88E31D80717D503F0C1
:10F910002203317B194312D0290716D592F84031C2
:10F92000DB0712D40D25E9E7FDF718FB40F20113C0
:10F930001842D7D10825E1E731252846F8BD05252D
:10F940002846F8BD33252846F8BD15F0010501D03D
:10F950001225D3E72046F1F76BFCE0B93378002B92
:10F96000CCD1FDF701FBFEF797F8144B2846DB6876
:10F970009847337B1BB196F84820934310D0F0F79B
:10F980007BFA0028BAD00B230120002586F88030AE
:10F99000FDF7EAFAB2E7FF2818BF05462846F8BD8A
:10F9A00097F8AC31002BA9D0FFF75EFFA6E700BFA8
:10F9B0001416012098080120241C0120680701204A
:10F9C0004FF00000FFF782BF4FF00100FFF77EBF4E
:10F9D0004FF00200FFF77ABF4FF00400FFF776BF49
:10F9E00010B582B0D9B1002408466A4601A9019435
:10F9F000F2F7A2FE28B3DDED007AB6EEE77A37EE35
:10FA0000C77AB5EE407AF1EE10FA1DD1FDEEE77A35
:10FA100017EE901A00290CDA204602B010BD10F043
:10FA2000180403D10120F7F753F8F5E7082002B0D6
:10FA300010BD224689B2012002B0BDE81040F8F79F
:10FA40008FBF022002B010BD0320E6E708B5F7F72C
:10FA500047FB064A0649536A896E43F00403536222
:10FA600009B104208847002008BD00BF241C0120E4
:10FA700068070120E9B1084610B582B0002401AA48
:10FA800069460094F2F758FEC0B1DDED017AB6EE9A
:10FA9000E77A37EEC77AB5EE407AF1EE10FA0AD17E
:10FAA000FDEEE77A17EE901A00290ADA204602B036
:10FAB00010BD02207047032002B010BD022002B02A
:10FAC00010BD89B2204602B0BDE81040F8F772BF01
:10FAD00010B50C4682B0F1B1002301AA6946204658
:10FAE0000093F2F729FE80B1DDED017AB6EEE77AF8
:10FAF00037EEC77AB5EE407AF1EE10FA05D1FDEE99
:10FB0000E77A17EE900A00280ADA204602B0BDE82C
:10FB10001040F7F759B9F7F78FF9204602B010BD3A
:10FB200080B202B0BDE81040F7F714B9164B00B52B
:10FB300083B0997901A8E8F7CBFB144B1A89C2F37B
:10FB4000400192071CD59DF80620012093F8701003
:10FB5000904003EB820C0143DCF82C0083F870101A
:10FB6000CCF874005A6A0A4942F40042896E5A621B
:10FB700011B14FF400408847002003B05DF804FB4A
:10FB800083F87010EEE700BF84060120241C0120DA
:10FB90006807012010B582B0D9B10024084601AA37
:10FBA00069460094F2F7C8FD28B3DDED017AB6EEA0
:10FBB000E77A37EEC77AB5EE407AF1EE10FA1DD14A
:10FBC000FDEEE77A17EE901A00290CDA204602B013
:10FBD00010BD10F0180403D10120F6F779FFF5E706
:10FBE000082002B010BD224689B2012002B0BDE853
:10FBF0001040F8F7B5BE022002B010BD0320E6E7C2
:10FC000008B50B4BDB6E98470A4BC0F3001CC0F3E2
:10FC1000C0211A89C0F340106CF304121A811A89AA
:10FC200061F3C7121A811A8960F386121A8108BD1E
:10FC300098080120241C01202DE9F04F044683B0D0
:10FC4000260417D486B296B140F24113864D4FF088
:10FC5000000A1E42A5F886001CD0FDF77FF9B0F51A
:10FC6000807F04D003B0BDE8F04FF1F78FBA03B046
:10FC7000BDE8F08F250600F19D8024F4EF4424F0C8
:10FC80004F04A6B23446002EF1D0774D4FF0000A53
:10FC9000A5F8866020075FFA84F917D5734F97F8A7
:10FCA0001032190712D5724B93F8903073B92A8924
:10FCB000DFF8C88163F30C322A8198F84031DA0703
:10FCC00000F1B0803B6C40216A489847C4F3072894
:10FCD00018F0300F474657D118F0400B71D095F807
:10FCE000382002F0FF0A002A00F0858000215F4BD7
:10FCF0000846D3F810319847002319F0100F06D0AA
:10FD0000FA432989C2F3C01262F30411298118F061
:10FD1000080F06D0FA432989C2F3C01262F3C71153
:10FD2000298119F0200F06D0FF432A89C7F3C01795
:10FD300067F386122A8106F403661E4397D04E4F5E
:10FD4000D7F890300BB12046984773078FD5474BB3
:10FD5000022148481B6C9847484B95F8272093F898
:10FD600018314348C3F30013D7F88C1063F386129D
:10FD7000002385F8272080F8903000293FF477AFE2
:10FD800003B0BDE8F04F0847C4F30033CAF30722BD
:10FD900004201B0122F03002019043F0200303F005
:10FDA0003003134363F30F2A304B1B6E98471FFA3F
:10FDB0008AF3A2E7012132486FF3C714ECF73CFF46
:10FDC0005BE719F0800F09D119F0020F22D0274B01
:10FDD000082128481B6C98475B468EE795F8383019
:10FDE0004AF0800A012B28D000212548ECF724FF97
:10FDF0001FFA8AF381E7FDF7B1F810F0280F3FF4FE
:10FE000075AF1A4B10211B481B6C98470D225346A7
:10FE1000EA7172E719F004033FF46FAF4AF004038C
:10FE20009BB26AE7FDF79AF8A8B998F81830012B49
:10FE30007FF44CAFFCF758FD48E7FDF78FF8082832
:10FE4000D2D10A4B01460B481B6C98470D221FFA72
:10FE50008AF3EA7151E7FDF781F82028E5D03B6C81
:10FE6000402104489847E0E7241C0120980801201D
:10FE700084060120601C012068070120141601205F
:10FE8000F9D90000034B93F8AC310BB1FFF7ECBC90
:10FE9000704700BF98080120024B1A681860826002
:10FEA000704700BF10ED00202DE9F84FDFF890807B
:10FEB0000646214F8A46002E3BD03178002931D0AA
:10FEC0000024DFF8809008E052F80B00A8470546B0
:10FED00070B931780134A14224D972684FEA041B09
:10FEE00002EB0413DD68002DF4D01B7A5B07EBD422
:10FEF00024202B7883420CD0D7F8C83098477268FA
:10FF0000D7F8C03052F80B0098474846D7F8C030B1
:10FF10009847D7F8C03028469847D7F8C0304046B1
:10FF20009847D6E7BAF1000F03D0B668034B9E425C
:10FF3000C1D1BDE8F88F00BF98080120D0ED0020A6
:10FF4000007B0020E086002010B5074C00212046F1
:10FF5000FFF7AAFF054B1868A04204D00121BDE8B5
:10FF60001040FFF7A1BF10BDD0ED002010ED002024
:10FF70002DE9F04F0446407885B0002800F0D88085
:10FF80003D2804F1010700F0F38039463A4602E0CB
:10FF90003D2812D03246A0F1610320280D4602F11F
:10FFA0000106DBB206D0192B98BF00F05F0005F800
:10FFB000010B294650780028EAD1023228B101F815
:10FFC000010B12F8010B0028F9D100250422384654
:10FFD0000D706E4906F00EFB002800F0C3803D2135
:10FFE000384608F0BFFB804608B108F8015B684B53
:10FFF000DFF8A4911D682E78C6B100246A68230139
:02000004600298
:100000003846D15802EB041A08F0D8F958B999F8D3
:100010000530002B40F083809AF80830B8F1000FCB
:1000200073D0D90771D50134A642E7D8AD68002D49
:10003000E1D1584BD3F89C3043B39847044628B3DA
:10004000554D94F80090B9F1000F19D04FF0000A07
:1000500062684FEA0A133846D15802EB0A1B08F0CF
:10006000ADF948B96B79002B77D19BF80830B8F11E
:10007000000F67D0DB0765D50AF1010AD145E7D843
:10008000E3681BB1984704460028DAD1414BD3F806
:1000900098408CB1B8F1000F6FD03D2308F8013CB7
:1000A0003C4BD3F89840FCF759FF3946A047002352
:1000B00008F8013CFF2838D1FCF750FF28B1FCF7C5
:1000C0004DFF40F20313184255D0002303AA02A9A2
:1000D00038460293F2F730FB90B39DED030AB5EE7C
:1000E000C00AF1EE10FA2BDBF2F798FB40B3DDED1E
:1000F000037A4146FCEEE77A17EE903A98B2B8F1EF
:10010000000F3FD0FBF75CFB0FE0DAF80460FCF770
:1001100025FF4146B047FF2807D12E7883E79AF89C
:10012000083098073FF57AAF4F2005B0BDE8F08F53
:10013000184B01905B689847019805B0BDE8F08FB7
:100140000320F2E7DBF80460FCF708FF4146B04704
:10015000FF28EAD194F800908EE79BF808309A07C0
:10016000E2D584E7601D05B0BDE8F04FF8F7BCBDEF
:10017000A21C394623E70820D7E7FCF7EFFE3946F3
:10018000A04797E7F6F790FCCFE700BFA8E0002074
:1001900010ED002068070120241C012010B5154B2C
:1001A00082B00446997901A8E8F792F8124BE4B2BC
:1001B0001B7E022B0BD09DF80620012393401C428E
:1001C00003D00E4B93F870201AB902B010BD05236E
:1001D000F5E75A6A00200A4942F4004283F87000A9
:1001E000896E5A620029F0D04FF40040884702B06F
:1001F00010BD00BF8406012014160120241C01201C
:10020000680701200C4B93F81931DB0710B50FD4A8
:100210000A4C636C03B19847094AA16E536A43F4D0
:100220008073536239B14FF48070BDE810400847C5
:10023000F4F7B6FBECE710BD1416012068070120A7
:10024000241C0120084A0C3001F10C0373ED017AE3
:10025000243AD2ED276AF8EEE77A8B4287EEA67A47
:1002600020ED017AF2D1704714160120B5EEC00AD4
:10027000F1EE10FA01DC0020704700B52DED028B85
:1002800087B0B0EE408A6946FAF728FE28B9002008
:1002900007B0BDEC028B5DF804FB1C4903A81C4AA7
:1002A00006AB71ED017A243AD2ED276AF8EEE77ACF
:1002B00087EEA67A23ED017A8342F2D19DED040AFE
:1002C000DDED016ADDED037A30EE660A9DED007A20
:1002D00077EEC77A20EE000AA7EEA70AB5EE400A2D
:1002E000F1EE10FA0DD4F1EEC07AB4EEE78AF1EE39
:1002F00010FAACBF0120002007B0BDEC028B5DF806
:1003000004FB04F0E9F9F0EE407AEEE7BC1C0120B2
:100310001416012070B50446FCF720FE0428184D81
:1003200021D095F88030A34216D0142C85F8804057
:1003300024D8144BE34003F001030A2C6B710CBF6B
:100340004FF480700120FCF70FFE95F8833023B93D
:1003500095F88030102B00D070BD0B4B20461B69E8
:10036000BDE870401847EB6B9B06DAD4074B21467B
:1003700005F140009B6CBDE8704018470023DCE7A6
:10038000241C01200604120068070120980801209F
:10039000014B586A704700BF241C012008281CD05C
:1003A0000FD8B8B1012804D1124B93F80A32DB07F9
:1003B0000FD5114A536A11490343896E536241B103
:1003C0000847B0F5802FF4D10A4BD3F81C31002B2D
:1003D000EFD17047084B58627047094B064A93F8B3
:1003E000183192F82510C3F3401363F3000182F82B
:1003F0002510DFE798080120241C01206807012050
:10040000141601202DE9F041254E3368002B45D00C
:10041000244B1C68002CFCD1234D2B6D9847D5F83C
:10042000DC3030689847EB6C346098471F4E336877
:1004300053B11C4B1C68002CFCD12B6D98473268C3
:10044000EB6C2A6734609847194C1A4E237833B105
:100450000023012218481946D6F8B470B847174B44
:10046000D6F8BC209A4214D000231549EA6E81F8D0
:10047000903023709047020709D595F810321B077A
:1004800005D52B6C40210F48BDE8F0411847BDE869
:10049000F0810D4B1B68C6F8BC30E5E7024DC5E79F
:1004A00050050120CC170120980801208804012064
:1004B000A521012068070120A4040120E5A701006F
:1004C00084060120601C0120040D0120014B142032
:1004D000DB68184768070120064B074A196F074871
:1004E00010B5074C11601C67D3F8DC309847054BFA
:1004F000186010BD980801208804012075A3010030
:1005000025A401005005012070B5174D2C68F4B1E9
:10051000164B22691969914220D0154A9269FAB1A5
:10052000144E9C46D6F8D440BCE80F0020606160B1
:10053000A260E360DCF8000020618020FFF72EFF5E
:10054000D6F8D43000221B692A60C6F88830FFF73D
:1005500059FF094BBDE870401B681847054EEFE78F
:100560009C46044EE0E700BFD00C0120A40401200B
:100570006807012084060120F80401200D4B8C46F9
:1005800030B40446186031B10B4B1B687BB1204678
:10059000614630BC18470068E3686168A268074D8F
:1005A0000FC5054B20691B682860002BEFD130BCBC
:1005B000704700BFD00C012060200120A40401205E
:1005C000074B1B6810B5044603B19847054B1B7FCA
:1005D00003B910BD2046BDE81040FFF7DFBD00BFE6
:1005E000F80C01201416012070B5214C7E2818BF8C
:1005F0008128236803F1010323600CBF012300233A
:1006000014D11C4E327802F0FF0552B91A4A127802
:10061000AAB11A4B1D7825B300211948ECF70CFB41
:10062000307023682846013B236070BD154B1B6862
:10063000984723680546013B2846236070BD124A4F
:1006400029461D46114B107F114A03280CBF104646
:100650001846ECF7F1FA307023682846013B236016
:1006600070BD29460B481546ECF7E6FAD9E700BFFE
:10067000CC170120982101209121012093210120F4
:10068000A9A50100500501201416012025A801008C
:1006900055AB010059A2010038B51A4C236801334B
:1006A0002360430713D5184D2B7803F0FF0253B98D
:1006B000164B197891B1164B1978F1B111461548BE
:1006C000ECF7BAFA28702368013B236038BD124B5F
:1006D0001B6898472368013B236038BD0F4B104AC5
:1006E000187F104B03280CBF10461846ECF7A4FAED
:1006F00028702368013B236038BD0B48ECF79CFA57
:10070000E1E700BFCC1701209821012091210120B1
:1007100093210120A9A501008804012014160120BD
:1007200055AB010025A8010059A2010038B5104CB5
:10073000054610492046FFF785FD0F4B0F4A9B7871
:1007400002EB830204EB8303D2ED137A93ED007A7C
:10075000B4EE677AF1EE10FA01D1012038BD2946D6
:100760002046C3ED007ABDE83840EFF737BC00BF44
:100770004C1D0120B01C0120840E0120241C0120EE
:100780002DE9F8431F4C05461F4E082021461F4FF8
:10079000FAF7A4FBB1781E4B04EB810203EB810353
:1007A000D2F80080DB6C13603B7843B1194B002218
:1007B00021461868184BD3F8B4900123C84729463E
:1007C0001048EFF70BFC10B90020BDE8F883B378B0
:1007D00029460C4804EB8304C4F80080EFF7FEFBC5
:1007E0000028F1D03C78002CEFD001230A490948B9
:1007F000D1F8B4501A4600210068A8472046BDE849
:10080000F88300BF4C1D0120840E0120A52101208A
:10081000241C0120D00C01206807012010B58AB0EB
:100820006846F3F701FA9DF81430684643F0010377
:100830008DF81430FFF77AFF20B3184B1B7F022B83
:1008400027D0174A6946174B92F800C092F801E08A
:1008500003EB8C04144803EB8E0200EB8C0C00EBD2
:100860008E031268D4F800E0CCF800E01A60EFF7CD
:10087000B5FB38B1F4F794F8F3F734F90B490C48A9
:10088000FFF7E0FC00230B490B4A0B7013700AB012
:1008900010BD6846FFF774FFEBE700BF1416012098
:1008A000840E0120E00E01204C1D0120B01C01200F
:1008B000FC0601209821012093210120F0B58BB086
:1008C0004D4E4E4D68464E4CF3F7AEF99DF8143040
:1008D0006946204643F001038DF81430B37805EBE8
:1008E000830204EB8303D26C1A60EFF777FB90B3BB
:1008F000444F97F81D315B063BD43378424A04EBF2
:10090000830102EB830391ED007AD3ED007AB4EE1C
:10091000677AF1EE10FA0DD1737804EB830102EBE4
:10092000830391ED007AD3ED007AB4EE677AF1EEAD
:1009300010FA1ED0B37805EB830104EB8303D1F8E2
:100940004CC007CA84E8070069462D48C3F800C0B8
:10095000EFF744FB68B9F4F723F800283BD12B7874
:1009600023B9687880F001000BB0F0BD00200BB017
:10097000F0BDF4F715F80028EDD0F3F7B3F82349EC
:100980002348FFF75FFC234BB7F8A410587EE7F726
:1009900079F84FF0FF30E7F7A5FDB7F8AC20017804
:1009A00090ED020AC068FBF733FF97F81D1111F0B4
:1009B0004001D0D1B078E7F7F9FBB3781248694627
:1009C00000EB8303D3ED007A37EE800A83ED000A53
:1009D000EFF704FBBFE7F3F785F80C490C48FFF786
:1009E00031FC0D4B0D4C1E6830687168B268F368BD
:1009F0000FC430692060B2E7840E0120241C01205E
:100A00004C1D012014160120E00E0120B01C012015
:100A1000FC06012084060120D00C0120A404012042
:100A2000094B1B6810B5044603B19847074B1B7D63
:100A3000A34200D010BD064B1A78002AFAD0054A0E
:100A400012781A7010BD00BF1C0D01208406012011
:100A500091210120932101200C4B1A89910703D485
:100A60000B4B1320DB6818470A4993F870208978EC
:100A7000CA40D20700D4704703EB8102022013461C
:100A8000D26A5B6FD21AE7F7C5BB00BF241C0120F6
:100A900068070120840E012010B50B490B48FFF7B1
:100AA000D1FBFFF70BFF0446FFF7ACFC084B00201F
:100AB000DB68984734B1074B022107481B6CBDE83F
:100AC0001040184710BD00BFB01C01204C1D012074
:100AD0006807012098080120601C0120884B1B68D2
:100AE000002B00F00381874A1B6912699A4200F0CB
:100AF000CF802DE9F047844D8EB0844E0446817935
:100B00002846E7F7E5FB337F012B00F0AA80804FF2
:100B100097F8482002F00702072A40F0BB80032B19
:100B200040F0A980DFF814A2033B7A4A4FF0000995
:100B3000DFF80C8218BF01231370FBF7D5FED8F83D
:100B4000743048469847744ADAF8B43082F8009016
:100B50002BB1337F013B022B8CBF00230123DFF835
:100B6000E4910DF1040A6D4A6D4948461370FFF790
:100B700069FB0021A878E7F719FBAB7809EB830341
:100B8000D3ED007A37EEC00A83ED000A99E807003A
:100B90008AE8070004A8F3F747F89DF8243043F0EB
:100BA00001038DF8243096F81E315B0776D4AB78BC
:100BB0000EAA07EB830702EB8303FA6C594F43F845
:100BC000342C00233B7004A8FFF7B0FD002844D06C
:100BD0003B78002B70D02B780EAA534E0EA902EB57
:100BE000830252ED0D7A06EB83029B0092ED007AB0
:100BF0006A78B4EE677A01EB8201F1EE10FA11ED3A
:100C00000D7A75D106EB82019200D1ED006AF4EE07
:100C1000476AF1EE10FA0AD03344324404A942483C
:100C2000C3ED007A82ED007AEFF7D8F9A8B1AB787E
:100C30000EAA06EB830602EB830396ED007A53EDD2
:100C40000D7AB4EE677AF1EE10FA38D004A936487E
:100C5000C6ED007AEFF7C2F988BB12200EB0BDE8EE
:100C6000F087AA782A4F03FA02F297F84810114049
:100C7000D2B28A420ED1DFF8C4A02C49DAF8BC20E7
:100C80008A423FF451AFCAF8BC1029490A604BE7C9
:100C9000002070472E200EB0BDE8F08797F848304E
:100CA00003F00703072B82D11E4F012351460A2070
:100CB0003B70FAF713F986E7337F022B1AD0F3F76C
:100CC0006FFEF2F70FFF16491A48FFF7BBFA012231
:100CD0004FF48061D8F8403084F890201648984747
:100CE000F3F730FB00200EB0BDE8F0872F207047EF
:100CF000920091E704A8FFF743FD0028DFD1ACE79D
:100D0000D00C0120A4040120840E0120141601201F
:100D1000241C01209121012098210120A5210120DE
:100D2000B01C0120932101204C1D0120E5A70100EA
:100D3000040D0120FC060120601C01206807012031
:100D400098080120E00E01201C4B1D4903EB800395
:100D500091ED0B7AD3ED007A10B41A4C77EEC77A86
:100D600094F84820C3ED007AC240D2070AD500EBC0
:100D7000C00201EB820191ED0F7AB5EEC07AF1EE7F
:100D800010FA02D45DF8044B704704EB80025DF862
:100D9000044BD2ED196A92ED167AF4EEE67AF1EE92
:100DA00010FA58BFF0EE667AB4EEE77AF1EE10FA78
:100DB00058BFF0EE477AC3ED007A70474C1D012012
:100DC00014160120241C01202DE9F0438FB00820C7
:100DD0004FF000067F4C01A9FAF780F804A8F2F75B
:100DE00023FF9DF824307C4A43F0010312788DF8EC
:100DF0002430002A40F0AA8022780EA9774D01EB1A
:100E00008201637805EB8202754F51F8341C116042
:100E10000EAA02EB830205EB830352F8342C1A600E
:100E20003B7893B14FF001086E4B00226B49186874
:100E30006D4BD3F8B4900123C847B8F1000F04D12B
:100E4000FFF7E0FA0FB0BDE8F08304A96348EFF7BD
:100E5000C5F80028F4D0A3780EAADFF8A08104A971
:100E600002EB83025D4805EB830352F8342C1A60D1
:100E7000EFF7B4F80021D8F8243009918DF8141058
:100E8000049300287FD03B786BB1564A0123106849
:100E9000554AD2F8B4701A46B8479DF8253060F329
:100EA000C3038DF82530A078FFF74EFF4FF0000206
:100EB00004A94A48EFF7F0FF0128C1D14B49474840
:100EC000FFF7C0F9A378B0EE007A05EB8303D3ED0A
:100ED000007A77EE877AC3ED007A98F81E31C3F373
:100EE000C0071B075DD5D8F82030049367F3C3060D
:100EF00004A93A483246EFF7CFFF0128A0D13C4B76
:100F0000A17893F8702022FA01F4E4073FD48840D6
:100F100003EB810402434FF4004083F87020E36A3E
:100F20006367FFF73BFA304B0F20DB689847FFF70A
:100F3000C5FC0446FFF766FA002C83D02D4B022136
:100F40002D481B6C98470FB0BDE8F08304A8234DD3
:100F5000FFF7ECFB22780EA96378214F804601EB66
:100F6000820105EB820251F8341C11600EAA02EBDB
:100F7000830205EB830352F8342C1A603B78002B74
:100F80003FF45BAF50E7A078FFF7DEFE58E703EBD6
:100F9000810202201346D26A5B6FD21AE7F73AF950
:100FA000C5E7D8F8283004A90C480493EFF716F8E1
:100FB00000283FF445AFD8F82030B1EE007A049312
:100FC000A37805EB8303D3ED007A77EEC77AC3ED00
:100FD000007A8BE7840E0120932101204C1D012013
:100FE000A5210120D00C012068070120501C012000
:100FF000241C012098080120601C012014160120E7
:1010000010B5214CD4F83031984780B9D4F8E0308D
:101010006BB14FF40040FFF7C1F91C4B1B7F13F07D
:10102000FB0305D11A4AC4F82C31C2F8D83010BDE0
:101030001849194A164B1948C3F8D8101178C4F842
:101040002C01B1B94FF0010CD4F82811D3F8B0003D
:1010500082F800C0124A1160124A996CC4F8282123
:10106000114A1060114A12481160124AC3F8B000C8
:101070009A64114B1A68002AD9D1D4F8A8110F4AE2
:101080001960C4F8A82110BD980801201416012089
:101090006807012065A20100A321012069A80100C1
:1010A0006020012009A30100F80C01201C0D012083
:1010B0004DA30100ADA70100F804012095A2010095
:1010C0002DE9F0415D4D8AB02B7F013B012B2BD8E0
:1010D0005B4B1B6843B35B4B1C78ECB95A4B1B78DA
:1010E00033BB5A4C4FF0100759492046594EFFF771
:1010F000A9F86846F2F798FD6B6AB0780093FFF79D
:1011000023FE3A4669462046EFF7C6FE012825D061
:101110002F200AB0BDE8F0814F4B1720DB689847BD
:1011200000200AB0BDE8F08103200AB0BDE8F081DC
:101130004A4BB1EE040A484A08201F68D2F8B4604E
:10114000FFF794F80123024621463846B0479DF840
:10115000153060F3C3038DF81530C2E740492046CF
:10116000FFF770F8B378B0EE007A04EB8303D3EDA9
:10117000007A77EE877AC3ED007A95F81E31C3F3D3
:10118000C0081B0744D568F3C3072B6A69462F487C
:101190003A460093EFF780FE0128B9D130492B4839
:1011A000FFF750F8B378F1EE007A2E4E04EB83048B
:1011B0006A6A06EB8303694694ED007A234837EEAA
:1011C000277AD3ED137A0092B4EEE77AF1EE10FAB3
:1011D00077FE877AC4ED007AEEF700FF002897D0FB
:1011E000F3F7DEFB002894D0F2F77CFC1E4806F1F2
:1011F0008C010024FFF726F8297F1C4A0229164B90
:101200001470DB680CBF112012209847204680E73D
:10121000AB6A694620460093EEF7E0FE00283FF4F3
:1012200077AFB378B1EE007A04EB8303D3ED007AA5
:1012300077EEC77AC3ED007AA5E700BF1416012048
:101240005005012093210120A52101204C1D0120E2
:10125000B01C0120840E012068070120D00C012061
:10126000501C0120241C0120FC060120912101209A
:101270000F4A0379D2789A4217D90E4AC3EBC303B7
:10128000126802EB83035A685B7CD2E90001C3F366
:10129000800302680A40002A18BF83F00103DBB212
:1012A00000EE103AB8EEC00A7047BFEE000A704771
:1012B000C404012080030120104A037912789A4265
:1012C00018D903EB83010E4A03EB4103126802EBCA
:1012D0008303D3E906215B7A1268C3F380030A40D3
:1012E000002A18BF83F00103DBB200EE103AB8EE1B
:1012F000C00A7047BFEE000A704700BFC404012057
:1013000078030120354B364A10B4DA62002831D117
:10131000344A12788A422AD9334A01EB8100197182
:10132000146801EB400104EB810002899A83426852
:101330009A61C2F3072222F0440C427A82F0400202
:1013400002F0400242F0040242EA0C025A760269BC
:1013500014F821109A604269847A806A5971DA60BF
:101360002249234A19625A62C3E9040418465DF807
:10137000044B704701282DD11A4AD2788A4229D9C4
:101380001C4AC1EBC10C1971146804EB8C010A8A68
:101390009A830A8A9A61120A22F044004A7C82F0F7
:1013A000400202F0400242F0040202435A76CA6848
:1013B00014F82C009A604A690C7A587148680E49F2
:1013C0001A610E4A5C61D86018465DF8044B1962D8
:1013D0005A62704700205DF8044B7047000E0120F0
:1013E000E9B40100C40401207803012005B2010022
:1013F00045B00100800301208DB10100FDAF010067
:101400002DE9F0410446DFF86C80237998F8030059
:10141000834208D3164F3B681B7883422CBF0020C1
:101420000120BDE8F081124F1646C3EBC3030D4601
:101430003A68097802EB83035A7CC2F38000884241
:1014400002D061F382025A746B78207D002B14BFA6
:101450000421012101F08AFA16B998F80300DAE7AD
:1014600020462946EDF770FB98F80300D3E700BF4C
:1014700080030120C4040120F8B504461E4E2379E0
:101480003078834226D20D468978032922D003EB97
:1014900083001746194A03EB40032878126802EBD1
:1014A000830201F00303DB00B2F808C043EA8023A3
:1014B000687843EAC0331248034047F6E73000EA51
:1014C0000C000343207D138149B901F04FFA77B92D
:1014D0002379307883422CBF00200120F8BD0129F8
:1014E0000CBF0221032101F041FA002FF0D0294660
:1014F0002046EDF7ADFAEBE7C404012078030120A4
:101500001884FFFF0C4BDB78834213D90B4BC0EBE5
:10151000C0001B6803EB80035A7C5B68520748BF1E
:1015200081F00101D3E9002311B1C2F88430704782
:10153000C2F88830704700BFC40401208003012036
:101540002DE9F8434A4B1B78834249D9494A00EBBD
:101550008003156800EB430005EB8005002944D0AB
:10156000F3EE047A4B1E012B20EE270ABAFE400A46
:10157000BCEEC00A10EE104A04F1010428D90E1F77
:101580003D4FDFF8FC8018BF01260BE044B3F2F7B3
:10159000D9FEFB6B002132209847013C20D098F8FF
:1015A0000030EBB9687AD5E90612C0F380000B6809
:1015B0001340002B0CBF844680F0010C6645E5D13A
:1015C0000B681A40002A0CBF044680F0010409E0B1
:1015D000012948D002231946AA8813EA521313D1CD
:1015E0004FF0FF342046BDE8F883D5E90632687A2B
:1015F0001B68C0F380001340002B18BF80F001006F
:10160000C4B22046BDE8F8831C4F2846EA693B680F
:10161000DFF8648023EA0203DFF864903B60E6F7BA
:10162000DDF90CE00CB3F2F78DFED8F83C30314612
:1016300032209847013C18D099F80030ABB93E6889
:10164000EB691E40EED0AA69687A1268C0F3800088
:101650001340002B18BF80F00100C4B200212846BF
:10166000E6F7BCF9BEE70B46B6E74FF0FF34F5E707
:10167000C40401207803012098080120600501209E
:10168000241C012068B90E4B1B788B4216D90D4BD8
:1016900001EB81001B6801EB400103EB81039A62BF
:1016A000704701280AD1064BDB788B4206D9064BDE
:1016B000C1EBC1011B6803EB81035A61704700BF96
:1016C000C4040120780301208003012070B5204C60
:1016D000247884422AD916461E4A146800EB8002F8
:1016E00000EB420004EB8004B4F804C01CF47875ED
:1016F0001AD0CCF3441C1D1E26EA0C0C18BF012581
:10170000BCF1000F18BF00259DB9134E336D9847EB
:1017100000212046E6F762F9238900226FF349137E
:1017200062622381F36C9847284670BD00252846E5
:1017300070BD2289204684F82110314666F3491293
:1017400063622281E6F74AF9002EDED0284670BD9A
:10175000C40401207803012098080120037F13F0BE
:10176000010F037909D00E4A03EB8300126803EBE3
:10177000400302F82310012070470A4AC3EBC30359
:101780008B29126802F8231002EB830201D08E2904
:10179000F1D1537C012043F010035374704700BF14
:1017A00078030120800301200C4AC169136810B43A
:1017B0000B43446A13606CB1436990F82100D3E98C
:1017C000002312681A4223465DF8044B14BF01211E
:1017D000002118475DF8044B704700BF60050120E9
:1017E000084B1B685BB108490279C978914206D958
:1017F00002EB820203EBC20393ED090A7047BFEECE
:10180000000A7047EC0E0120500301204FF0FF301A
:10181000704700BF037FDA0707D50379044AC3EB9B
:10182000C303126802F82310037F03F0010070471E
:10183000840301200C4B60B91878884209D90B4BFE
:1018400001EB81001B6801EB400103EB81039A620D
:101850007047DB788B4206D9054BC1EBC1011B6891
:1018600003EB81035A617047500301207C03012080
:101870008403012070B5184D04468AB0E878A04270
:1018800005D884422CBF002001200AB070BD134A45
:10189000C4EBC401124BEE4612681B6802EB8102D6
:1018A000127E02EB820203EBC20CBCE80F00AEE832
:1018B0000F000646BCE80F00AEE80F009CE80300EE
:1018C0008EE8030001A8EDF78BF80146304600F0E2
:1018D00069F8E878D5E700BF5003012084030120B0
:1018E000EC0E0120264B302270B505460C461846FA
:1018F000002106F03BFA012D3ED1224AD278A242C5
:101900003AD9214AC4EBC40C0346047115681F4E32
:1019100005EB8C010A8A828382F40050C2F307220D
:10192000C0F3403060F304125A775C7F9A8B84F0E6
:10193000400014F0300F9A61C2F30722C0F3801008
:1019400060F386125A7615F82C205A71CA689A608C
:101950000A7A5A614A69DE621A610FD00A7E0C491E
:1019600002EB82020B4C09680B4801EBC202C3E98F
:101970000840DA60184670BD002070BD184670BD82
:10198000300E01205003012084030120A1B5010085
:10199000EC0E0120052500606DB50100EBF7CEB916
:1019A000704700BF30B590F800C04378BCF1010F1C
:1019B00003F003031BD0BCF1020F04D0BCF1000004
:1019C00018BF012030BD426889B2580102EB4314B0
:1019D0006180105A421ABCF1000092B218BF012077
:1019E0002282A28992B242F40052A28130BD0CFA46
:1019F00003FE44681FFA8EFEB4F888214FEA0E15E4
:101A000092B2ADB22A43A4F888218278012A0ED07E
:101A1000022A29D0C2B1B4F88831BCF100009BB2CF
:101A200018BF01204EEA030EA4F888E130BD03EB95
:101A3000430389B204EB4313D983B4F880319BB2DA
:101A40001D43A4F88051E6E703EB430304EB431383
:101A5000DA89521A92B25A81B4F880319BB24EEAB6
:101A60000303A4F88031D6E703EB430389B204EB08
:101A70004313D982B4F880319BB243EA0E239BB260
:101A8000A4F88031C7E700BF054A00EB40030549D1
:101A900002EB001201EB8303927818465A707047EC
:101AA00008F90020C0F90020054A02EB00129378E3
:101AB0009907C3F3400002D56FF341039370704759
:101AC00008F90020074A53681168994206D0591C4A
:101AD0001344C1F30901D87A516070474FF0FF30C9
:101AE000704700BF00002020024BD3F80C24C3F83D
:101AF0001024704700002020044B18685B6898424F
:101B000038BF00F58060C01A80B270470000202006
:101B1000064A40F2FF3013685268934238BF03F51B
:101B200080639B1A9BB2C01A80B2704700002020CD
:101B3000024B00211A6859725A6070470000202039
:101B4000074B002118201A6859725A6019681A68E0
:101B500019440132C872C2F309021A60704700BF0B
:101B600000002020F8B5194C0646D4F80C24D4F80F
:101B700010349A421ED0D4F80C54154F0135C5F3D9
:101B8000080503E0D7F80432984790B1D4F8103430
:101B9000AB42F7D0D4F80C34C4F80C541C4484F88D
:101BA000146472B60B4A936943F40003936162B6FE
:101BB0000120F8BD074A0849D36A0988C3F3022304
:101BC0008B42D8D20120D661F8BD00BF0000202092
:101BD00098080120008019408821012010B5044692
:101BE00014F8010B28B1FFF7BDFF14F8010B002812
:101BF000F9D110BD49B138B50446451814F8010BA8
:101C0000FFF7B0FFAC42F9D138BD70470B4B0C4A1F
:101C1000D3F80C04D3F81034984238BF00F50070A4
:101C2000C01AD36A5269C3F3022380B282F48002DD
:101C3000C2F380521344184480B270470000202041
:101C4000008019400146024B024859600BF082BDEA
:101C5000C0F900200CE40020014B1B68184700BFAE
:101C600054050120024A0346106803B1136070470F
:101C7000540501202F4970B58E6934021FD54B6978
:101C800018021CD52C482D4AD0F81034B2F800C0E8
:101C900009E095F81424C4F30803CA61CA6AC2F3C0
:101CA0000222624505D2D0F80C24C5185C1C9A4269
:101CB000EFD1C0F81034D0F80C249A4230D0710221
:101CC00003D51C4B5A69520218D41A4D6B6913F490
:101CD000401F12D01A4E05E0EC693368E4B220468A
:101CE000984780B1EB6A13F0E06FF5D16B69DB02C6
:101CF00003D56B6943F480136B6170BD9A6922F45C
:101D000080029A61E1E70C4A136851680133C3F31A
:101D1000090399420AD0116813600A44D472E1E7BA
:101D2000044A936923F400039361C8E701235372C3
:101D3000D8E700BF00801940000020208821012042
:101D400054050120094AD2F81836D2F814169942DF
:101D500008D0591C1344C1F3090193F81F06C2F8B7
:101D6000181670474FF0FF30704700BF000020206A
:101D7000024BD3F8202AC3F8242A70470000202001
:101D8000054BD3F81406D3F81836984238BF00F53F
:101D90008060C01A80B2704700002020074A40F2DD
:101DA000FF30D2F81436D2F81826934238BF03F524
:101DB00080639B1A9BB2C01A80B27047000020203B
:101DC000044B0021D3F8142683F81D16C3F81826F7
:101DD000704700BF000020200A4B00211820D3F8D4
:101DE000142683F81D16C3F81826D3F81416D3F852
:101DF00014261944013281F81F06C2F30902C3F800
:101E00001426704700002020F8B5194C0646D4F877
:101E1000202AD4F8243A9A421ED0D4F8205A154FDA
:101E20000135C5F3080503E0D7F80432984790B1AF
:101E3000D4F8243AAB42F7D0D4F8203AC4F8205A68
:101E40001C4484F8286A72B60B4A936943F4000371
:101E5000936162B60120F8BD074A0849D36A098830
:101E6000C3F302238B42D8D20120D661F8BD00BF54
:101E70000000202098080120004018408421012003
:101E800010B5044614F8010B28B1FFF7BDFF14F894
:101E9000010B0028F9D110BD49B138B504464518E9
:101EA00014F8010BFFF7B0FFAC42F9D138BD704711
:101EB0000B4B0C4AD3F8200AD3F8243A984238BF87
:101EC00000F50070C01AD36A5269C3F3022380B2CE
:101ED00082F48002C2F380521344184480B27047E7
:101EE00000002020004018400146024B02481961C2
:101EF0000BF030BCC0F90020D05F0060014B1B68C4
:101F0000184700BF58050120024A0346106803B174
:101F10001360704758050120324970B58E6934024C
:101F20001FD54B6918021CD52F48304AD0F8243AE7
:101F3000B2F800C009E095F8282AC4F30803CA6182
:101F4000CA6AC2F30222624505D2D0F8202AC51817
:101F50005C1C9A42EFD1C0F8243AD0F8202A9A4269
:101F600035D0710203D51F4B5A69520218D41D4D4A
:101F70006B6913F4401F12D01D4E05E0EC69336805
:101F8000E4B22046984780B1EB6A13F0E06FF5D1D8
:101F90006B69DB0203D56B6943F480136B6170BD21
:101FA0009A6922F480029A61E1E70F4AD2F8143666
:101FB000D2F818160133C3F3090399420DD0D2F8B1
:101FC0001416C2F814360A4482F81F46DCE7054AA4
:101FD000936923F400039361C3E7012382F81D365C
:101FE000D2E700BF004018400000202084210120DB
:101FF0005805012001460148FCF7F0BF14062020D7
:1020000001460148FCF7EABF00002020064A936918
:1020100020B123F4001301209361704743F40013AF
:1020200001209361704700BF00801940064A936900
:1020300020B123F4001301209361704743F400138F
:1020400001209361704700BF00401840094B0A49C6
:102050009A69087510F0700022F013029A6106D098
:1020600010289A690CBF122113210A439A6101209A
:10207000704700BF00401840C0F90020094B0A49D2
:102080009A69087210F0700022F013029A6106D06B
:1020900010289A690CBF122113210A439A6101206A
:1020A000704700BF00801940C0F900200A4B93F828
:1020B000810078B9094B1B7863B1094B1B78DB07AA
:1020C00008D5084A084B10681B68C01A0E2894BF30
:1020D00000200120704700BF241C0120B2210120F4
:1020E000B1210120401D012074200120044A5368C1
:1020F0001068834288BF00F58060C01A80B27047C4
:10210000280C2020054B58681B68984294BF00F2A9
:10211000FF3000F1FF30C01A80B27047280C202039
:10212000064B182019681A6819445A601A68C87250
:102130000132C2F309021A60704700BF280C202048
:10214000084B59681A68914208D059685A6819446E
:102150000132C87AC2F309025A6070474FF0FF306B
:10216000704700BF280C2020014B1B68184700BF98
:1021700048EE0020024A0346106803B1136070471E
:1021800048EE00202DE9F84F2B4B2C4D1B6898474B
:102190002B780BB1BDE8F88F00F094FB284A136848
:1021A000C31A312BF6D901232B70106001F098FF70
:1021B00000283CD0234EDFF890807168326891424D
:1021C00094BF01F2FF3101F1FF311428A1EB0201AC
:1021D000A8BF142089B28142A8BF0146404601F041
:1021E000EDFE074618B34446DFF860B04FF0010932
:1021F00008E032683360B31883F80BA0A8EB04033F
:10220000FB4214D014F801ABDBF80030504698477D
:102210000028F3D1336872680133C3F309039A428B
:10222000E7D1A8EB040386F80990FB42EAD100232A
:102230002B70BDE8F88F00BFF00C01209F2101201A
:10224000DC0A0120280C20201420012048EE002068
:1022500001460148FCF7C2BE280C202008B501F059
:102260004BFF024B1A685A6008BD00BF280C2020A3
:1022700000296FD02DE9F047DFF888A106460D460A
:10228000DAF80C34DAF81024002B4AD1DAF8140406
:102290000AF58367AA4273D2DFF86491DFF85C81A4
:1022A0003146CAF80C2400F0BDFDCAF81474DAF8FF
:1022B0000C343BB101F08AFF0A280146DAF80C34ED
:1022C0000FD813BBDAF81024CAF814744746AD1AB5
:1022D0004A481644ADB2AA42E2D3002D4ED1BDE821
:1022E000F0879942DAF8140428BF19460C4601F029
:1022F00061FFDAF80C34DAF814241B1B2244CAF804
:102300000C34CAF81424002BDCD0D9F804329847D6
:102310000028CCD10023CAF81474CAF80C34BDE8E4
:10232000F0870B449342B1D90AF58367DFF8D08078
:10233000CAF8147401F04AFF0A280146DAF80C348E
:1023400009D8002B50D1CAF814742C4FDAF8102495
:1023500038469FE770479942DAF8140428BF1946B7
:102360000C4601F027FFDAF80C34DAF814241B1BB2
:102370002244CAF80C34CAF81424E2E70AF5836050
:1023800031462A4600F04EFDDAF80C341C4E1D444E
:10239000CAF81474CAF80C543DB101F017FF0A28AA
:1023A0000146DAF80C3404D8B3B9CAF81474BDE89D
:1023B000F0879942DAF8140428BF19460C4601F058
:1023C000F9FEDAF80C34DAF814241B1B2244CAF89C
:1023D0000C34CAF81424E7E7D6F8043298470028EA
:1023E00098D0DAF80C54D7E7D8F804329847002888
:1023F00090D0DAF80C34002B9CD1A4E740102020B8
:1024000098080120280C2020F8B52C4D064606F02F
:10241000D1FE0446D5F80C340344FF2B28D80246DD
:102420003146D5F81404264400F0FCFCD5F80C34F1
:10243000D5F8142423442244C5F80C34C5F81424D8
:1024400016F8012C0A2A03D0D5F8102493420ED98D
:102450001B4E1C4FC5F814643BB101F0B7FE0A28AF
:102460000146D5F80C3409D8E3B9C5F81464F8BDB1
:1024700081B23046BDE8F840FFF7FABE9942D5F880
:10248000140428BF19460C4601F094FED5F80C340C
:10249000D5F814241B1B2244C5F80C34C5F81424A9
:1024A000002BE2D0D7F80432984710B1D5F80C349D
:1024B000D2E7C5F80C04C5F81464F8BD280C202038
:1024C000401020209808012003780BB1FFF79CBF33
:1024D000704700BF08B5084BD3F80C243AB1034647
:1024E000064803700BB1FFF78FFF012008BD01F014
:1024F0004BFE012008BD00BF280C202068130120DE
:10250000AC49AD4B88422DE9F047AC4C5F699A6904
:10251000D4F80C8000F2FF8003F1437303F5F45309
:102520000333A3FB0013DB0D03EB830303EB8304F3
:1025300004F2B63440F227639C4228BF1C46A04BED
:10254000A4F54874A3FB0434E4089B4908F01F0970
:10255000D1F88030A14543F0C003C1F880300CD2DF
:1025600028F01F08A1F5F82148EA0408C1F80C80FA
:102570000B68002BFCDA08F01F0917F0007324D158
:1025800090490D699049A94300F0018182F480517E
:102590003D464FF4805615F0605F04D027F0605739
:1025A0001F43854B5F6111F4405F07D022F4405216
:1025B000814932438A618B6C1A07FCD447F000775B
:1025C0007D4A5761936C9B06FCD4804DA84200F273
:1025D000E9804FF0010C0146634603FB011203F151
:1025E000010E0CF10106AA4218D8BEF1080F4FF0F7
:1025F000010340F08E80BCF1040F00F2A8800A189D
:10260000AA4200F2BB8006FB00F1B44603F1010EC2
:1026100003FB01120CF10106AA42E6D90CF1FF31CD
:102620008D0287EA81216A4810446A4A904240F24A
:102630009680DFF8DCA16C226748624EB0FBFEF0AA
:10264000D6F800E0B0FBFCF0DFF8C8C10EEA0C0CD5
:10265000D44509D042F400524FF4805CC6F800C063
:1026600032603268002AFCDA534A166906F007061F
:102670009E4203D01361936CDE03FCD411F4E05F3F
:1026800009D027F4E05705F4E0554B4A2F43576132
:10269000936C9907FCD45149514A0144914252D854
:1026A000504BC909A3FB0131090B4B1E1B0287EAE2
:1026B000030212F4407F06D027F4407703F44073FE
:1026C0003D4A3B4353613C4A536923F000735361D5
:1026D000936C9B06FCD4444B4C45A3FB00234FF06A
:1026E000FF324FEA9343B0FBF1F1B2FBF3F33F4A01
:1026F00010603F4A11603F4A136008D228F01F085B
:102700002E4A48EA0404D4601368002BFCDABDE8C2
:10271000F087734661E7384B984201D80E2414E7DE
:10272000364B98423AD9364CA04239D9041B354B26
:10273000240AA3FB0434E40904EB840404EB8404BA
:1027400004F2E244F6E64FF440730421AFE70CF1E3
:10275000FF311F4807238D02104487EA81212A4A4E
:10276000DFF8B4A0A2FB0020020D2848362A38BFAB
:10277000362202FB00F042EA0A0A5EE74FEA8C25A5
:10278000002387EA8C214FF0010EB4464BE71E462A
:1027900087F0C05511464FF0C053FCE60F24D4E635
:1027A0001224D2E600254FF0010C024639462B4692
:1027B000E64638E7001C4E0E00C00F4000000840FF
:1027C0001F85EB5100800D4040300080FFB19F26F7
:1027D000808D5B00FF7EF64D00643F4D7FD1F00899
:1027E0007F17B42C9F10E50083DE1B4364E60020B6
:1027F00060E600207C130120FF0A6B1B00A4781FF9
:102800000046C32323B24C00819F5E16001BB70015
:102810006C2000807F3001800020008000B970476C
:102820002DE9F84F01218146214C224D224E54E8DA
:10283000003F2A68306844E80013002BF7D11F4995
:102840004B684FF47A7BDFF878A01B1A01270BFB4B
:1028500002F8DAF80020A3FB02325A4594BF9044F4
:10286000D84454E8003F2A68306844E80073002BDD
:10287000F7D14B68DAF800C01B1A0BFB02F2A3FB7E
:102880000C3CBCF57A7F94BF624402F57A72A2EBED
:102890000802B2F57A7F06D3B9F1010908F57A7812
:1028A000DFD1BDE8F88F01F003FD0449D9E700BF8F
:1028B000441D0120401D0120381D0120001000E0B2
:1028C0007C13012030B40F4B4FF0010C0E4D0F4C18
:1028D00053E8002F2868216843E800C2002AF7D196
:1028E0000B4B5B680B4A5B1A4FF47A71126801FB61
:1028F00000F0A3FB023230BC8A4294BF801840181B
:10290000704700BF441D0120401D0120381D0120DB
:10291000001000E07C130120362816D80201104B6D
:1029200003EB00109B5810B4C2685C68144205D0D9
:1029300061B95DF8044BC3F888207047836851B1D2
:10294000084A5DF8044B1A60704770475DF8044B05
:10295000C3F884207047044A5DF8044B1A6070473E
:10296000E875002038F0010038300100362829D8F9
:10297000164B0201012903EB00109A5810B453685A
:10298000C4680ED004290CD023EA04035360836882
:10299000A9B1022917D003290CBF0D4A0D4A1A60AC
:1029A00007E0234301295360836808D040F63802CA
:1029B0001A60436815225DF8044B1A60704738228C
:1029C0001A60F6E77047044A1A60F2E7E8750020DB
:1029D000383001003800010038F0010030B4124AEC
:1029E0000020124B0121124D124CC2F8F032C2F8F5
:1029F000F402C2F8B810C2F8A000C2F8A450C2F89D
:102A0000B0105369DB07FCD551612378DB07F0D4A4
:102A10001368054943F0010313600B68DB07FCD41E
:102A200062B630BC704700BF00802A400504012414
:102A300001000F0000812A4070B50E4C4FF6FF7E5A
:102A40000D4E04F17E05A6F58053002102E0B3424D
:102A500081B204D21A88481C02337245F7D124F897
:102A6000021FAC4206F58056EDD1044B01221A70CC
:102A700070BD00BF7E13012000107C609C210120EE
:102A800041F2BB0398422FD8184B10B51B7804466F
:102A90003BB3A008164B04F00301164CA3FB002324
:102AA000C21A03EB5203144A5B09C3EB831E9C4614
:102AB000A0EB0E0341EA8C01FF2034F813C01A4446
:102AC0004FEA4C0C13030CEB023CBCEB023F07D962
:102AD0001A880233D4B28C4208BF100A9C45F7D83A
:102AE00010BDFFF7A9FFD4E7FF2070479C2101200C
:102AF0000541100480130120C007060062B170B5C3
:102B000005460C468E1820460134FFF7B9FF05F83C
:102B1000010BB442F7D170BD704700BFF8B50F4646
:102B2000164672B6344B40F20641344A9A6102228C
:102B3000DA610022C3F8A020C3F8F012C3F8F4222F
:102B4000C3F8F822C3F8FC224FF47022C3F8A42083
:102B50000122C3F8B02020F01F038219BFF34F8F6A
:102B60004FF0E024C4F85C3F20339A42FAD8BFF318
:102B70004F8FBFF36F8F204D6B69DA07FCD50123B0
:102B80001F49B2B220F07F406B6142F47022C5F859
:102B9000F01242F20121184CC5F8F412C5F8BC300D
:102BA000C5F8A000C5F8A420C5F8B030154D01E067
:102BB0005B0609D4636913F00100F9D04123636116
:102BC000BDE8F840FFF70ABF082E0AD836B13246F2
:102BD000394637440646284600F024F9402363610D
:102BE000E8E7A6F10800082639463246374406468B
:102BF000284600F017F9F1E700802A40F05AF05A11
:102C00003204180880812A4010B472B6284B022181
:102C1000284C00229C614FF47024D96140F2064197
:102C2000C3F8F0120121C3F8F422C3F8F822C3F864
:102C3000FC22C3F8A020A2F58052C3F8A4400240B1
:102C4000C3F8B010BFF34F8F02F5805102F120039B
:102C50004FF0E02C994234BF0121802102EB411159
:102C60008B42CCF85C2F1A4603F12003F8D1BFF356
:102C70004F8FBFF36F8F0E4A5369D907FCD50124DC
:102C80000D490E4B54610340C2F8F0124FF470200E
:102C90000749C2F8A030C2F8A400C2F8B0404B699E
:102CA000DB07FCD501235DF8044B4B61FFF796BEB3
:102CB00000802A40F05AF05A2004180800F0FF0063
:102CC00041F2BB03984200F28980464B2DE9F04760
:102CD0001B78C2B005468946002B7CD0AB08424E1B
:102CE00005F00305414FA6FB03269A1B06EB52068F
:102CF000760945EA8605C6EB86169E1B3C4B37F8DF
:102D00001640334460004FEA033800EB0330B0EB69
:102D1000033F64D943464FF0FF0C1A880233D1B207
:102D2000A94208BF4FEA122C9842F6D8E14541D09B
:102D3000B4F5006F41D302AC4FF48072FF212046FE
:102D400005F014F808F5805008F102034246984255
:102D500034BF01204FF4006008EB400013460232FC
:102D60001B888242D9B24FEA13236354F6D104F888
:102D700005900DF107090DF2071A00254C46404653
:102D8000FFF742FF14F801CF08EB450002220DF1D6
:102D90000601631EBCF1FF0FA3EB090306D043EA53
:102DA0000C230135ADF80630FFF7B8FEA245E9D196
:102DB00027F8165042B0BDE8F08745EA092502A978
:102DC00002220134ADF80850FFF7A8FE27F816409C
:102DD00042B0BDE8F087FFF72FFE7FE770474FF066
:102DE000FF0CA3E79C210120054110048013012062
:102DF000C007060062B170B505460C468E18204625
:102E0000013415F8011BFFF75BFFB442F7D170BD29
:102E1000704700BF08B5FEF7C1FDFEF7C1FD01F028
:102E200047FAFAE7844641EA000313F003036DD141
:102E3000403A41D351F8043B40F8043B51F8043B7D
:102E400040F8043B51F8043B40F8043B51F8043B84
:102E500040F8043B51F8043B40F8043B51F8043B74
:102E600040F8043B51F8043B40F8043B51F8043B64
:102E700040F8043B51F8043B40F8043B51F8043B54
:102E800040F8043B51F8043B40F8043B51F8043B44
:102E900040F8043B51F8043B40F8043B51F8043B34
:102EA00040F8043B51F8043B40F8043B51F8043B24
:102EB00040F8043B403ABDD2303211D351F8043BC4
:102EC00040F8043B51F8043B40F8043B51F8043B04
:102ED00040F8043B51F8043B40F8043B103AEDD273
:102EE0000C3205D351F8043B40F8043B043AF9D2C4
:102EF000043208D0D2071CBF11F8013B00F8013B97
:102F000001D30B8803806046704700BF082A13D3A3
:102F10008B078DD010F003038AD0C3F10403D21ABB
:102F2000DB071CBF11F8013B00F8013B80D331F8EF
:102F3000023B20F8023B7BE7043AD9D3013A11F86F
:102F4000013B00F8013BF9D20B7803704B784370DA
:102F50008B78837060467047074A506A936A1946B7
:102F60008446506A936A9942F9D18445F7D1DB0BC4
:102F700043EA4040704700BF00400D4010498B6855
:102F800023F001138B608B68DB07FCD48B6B0C4A3E
:102F900023F001038B63936BD907FCD4C303084967
:102FA000400C53651065936B43F0010393638B6B87
:102FB000DB07FCD58B6843F001138B60704700BFC3
:102FC00000400D4072B6EFF30583524CC4F88430D4
:102FD0001EF0040F0CBFEFF30882EFF309824FF0ED
:102FE000E0234D4E4D4DD3F8280DD3F82C1DC4E9E8
:102FF0002201D3F8341DD3F8383DC4E92413936972
:10300000C4F89830D369C4F89C3000F0D1F884ED4E
:10301000280AFFF7A1FF0B214FF0FF32C4F8A400EC
:103020000B46C4F880103E49301D5A40202402F05F
:103030000103013C01FB03F383EA5202F7D1A842EA
:1030400002D073680646EFE7324BC3F8A820BFF3FF
:103050004F8F4FF0E0233049324AC3F8701FC3F856
:10306000702FBFF34F8FBFF36F8F2F4A02252F486A
:10307000D36E2F4943F44053D3660560D3692D487E
:1030800023F07F0343F04003D3610B6883423DD8B4
:10309000264D00214FF0E0234FF0FF32296001263A
:1030A000C5F808112449C5F80011C5F80861C3F82E
:1030B0008021C3F88421C3F88821C3F88C21C3F888
:1030C000902101E000F066F9D5F80C31002BF9D021
:1030D0000134C5F80C614F2CF4D9184B0220184963
:1030E0004FF00042C1F840015A63D5F80C313BB9AA
:1030F000144815490D4A0163D2F80C31002BFAD05F
:103100004FF0E023114AC3F80C2DFEE7FFF7F8F962
:10311000BEE700BF00FF272080FF2720A8FF272051
:103120002083B8EDA0FF272000C00F4000400840DA
:1031300064E60020803DCD0B009F240000900D40F0
:1031400000002E4000800F40F100AD0B0400FA0596
:103150000A490A6838B108B513180948834204D8E7
:1031600010460B6008BD1046704704F06BF90C2345
:103170004FF0FF320360104608BD00BF78E6002024
:1031800000002820002070474FF0FF30704700BF3C
:103190004FF4005300204B60704700BF0120704780
:1031A0004FF0FF30704700BF30BFFDE7FFF70ABFA9
:1031B000124AD2F880305B07FBD5D2F88030104835
:1031C000C3F30B230F4990ED007A07EE903A91ED8F
:1031D000006AB8EE477A0C4AF8EEE77A0B4BD2ED6C
:1031E000006A77EEC77A93ED007AB8EE477A67EE19
:1031F000867A87EEA60A37EE400A704700810D40B6
:103200006C13012074130120781301207013012026
:10321000836BF0B41BB1536843F40043536072B640
:10322000446B3CB31A4B2260D3F8B0410C421DD121
:10323000184E776804E07468E41BB4F5166F0BD27F
:10324000D3F8404144F48044C3F84041D3F8B85126
:10325000D3F840416404EED50D4007D10C4CC0E9D1
:103260000225D4F8B0310B43C4F8B031426362B6E2
:10327000F0BC7047064DC0E90224D5F8B0310B43CD
:10328000C5F8B0310263426362B6F0BC704700BF5C
:1032900000002E40001000E070B5056B9DB10646A1
:1032A0002A46002403E012680134012A0CD0536836
:1032B00013F08003F7D032632CB12846B36B2D682E
:1032C0009847013CF9D170BDC6E90C33F4E700BF63
:1032D00030B4D9B91F4C204B0021204A01254FF0B2
:1032E000011099601D60C4E9023180245C60C2F85D
:1032F000BC01D2F8B0311A482B43C2F8B03101609A
:10330000D2F8B031002BFBD130BC70470904154B0B
:10331000104C012541F080019860104A596000F579
:1033200080511D60D96000F50051A364196100F55A
:10333000405100F58040596100219861E164D2F864
:10334000B03143F48033C2F8B031D2F8B031002B41
:10335000FBD1C0E700000020C0FE002000002E408E
:1033600048050120E0FE0020084901220B7802FAFE
:1033700000F023EA0000087030B9054AD2F848315D
:1033800023F08003C2F84831704700BFAC21012010
:1033900000002E402DE9F04F974C83B0D4F84471D3
:1033A000FB07C4F8447153D5D4F8AC21002A4AD0A5
:1033B000924EDFF860A2DFF87492DFF874B2DFF8A3
:1033C0007482C4F8AC21D6E90A20D4F8403143F421
:1033D0000053C4F84031D4F840319D04F5D5D4F8F9
:1033E000403123F40053C4F840314FF00113C4F8C6
:1033F000B431D4F8B45115F00115FAD193B2844622
:10340000CAF80050B3F5086F00F0CF8100F2DB80FE
:1034100040F202318B4200F0E78100F29A80822B69
:1034200000F0CB81B3F5817F40F08A8010F0780FF7
:1034300083B200F003824FF00113C4F8C031D4F816
:10344000AC21002ABDD16C4AD2F8BC31002B42D14C
:103450007E0616D5684BD3F8AC21C3F8AC21D3F85F
:10346000BC21C3F8BC21D3F8B041002CFBD14FF0F4
:10347000FF32C3F8B421D3F8843100F01DFD604B56
:103480001C60FC0103D55F4B1B6803B19847B80172
:1034900003D55D4B1B6803B19847790708D5564B98
:1034A000D3F8843113F4007347D0584B01221A70BB
:1034B000514BD3F848311A060AD53B0608D5544A71
:1034C00013782BB1013BDBB21370002B00F072823A
:1034D00003B0BDE8F08F4F49C2F8BC310868034221
:1034E00040F0D181464A14681C40B1D05FEA1448CC
:1034F00010D0424E4FF0010998FAA8F5B5FA85F5BB
:1035000006EBC51009FA05F54030FFF7C5FE38EAAD
:103510000508F1D1A4B2002C9AD0384E4FF0010822
:1035200094FAA4F5B5FA85F506EBC51008FA05F589
:10353000FFF7B2FEAC43F3D18AE7344A1370B7E722
:10354000802B7FF478AF344802210580FFF7C0FE5E
:1035500075E7B3F5A06F00F00B81A3F5D063012BE5
:103560003FF669AF2D4B5D68002D3FF464AF1FFA45
:103570008CFC4FEA124E04E01D690C33002D3FF421
:103580005AAF1A887245F7D15A886245F4D14FEA8A
:103590001E22032A00F0A5811A89000C824228BF4E
:1035A0000246BEF5007F40F0A181184B1C491878F7
:1035B0001C4B0192002818BF19461B48FFF732FC2C
:1035C000194D019AE1E142F221218B427CD033D99D
:1035D00042F221318B4200F081804FF6C0018B42D4
:1035E0007FF429AF10F47F4F83B27FF424AF43F40C
:1035F0006E4363F30F0CB5E700002E40000000207F
:103600004C050120782001207C200120B3210120DD
:10361000B421012048050120080F012040E40020CA
:10362000A06100600462006040112020400501207C
:103630005DCFC6B8C0012E40B3F5106F66D042F220
:1036400021018B427FF4F7AE030C072B7FF4F3AE1E
:10365000B24BB349F560D960B249B360C3F8089082
:10366000C1E9002001221A60AF4A5A60AF4A1A61CC
:10367000D4F8B01141F00101C4F8B01102F5805145
:1036800002F5005259619A61D4F8B031002BFBD198
:10369000A74AF36493600123B264136048F2800385
:1036A00053604FF00113C4F8BC31D4F8B03143F487
:1036B0008033C4F8B0314FF48033CAF80030D4F806
:1036C000B031002BFBD1BAE680B238B9994BC2F3C6
:1036D00007421968984B1960984B1A70944B002256
:1036E0009A60F2640122B3641A6080225A604FF03B
:1036F0000113C4F8BC31D4F8B03143F48033C4F8BA
:10370000B031D4F8B031002BFBD198E6C2F30742B8
:103710008B4B1A708B4BC4F8C8318B4BC4F8CC312F
:103720008A4BC4F8D03100F0C9FB80222946884872
:1037300004F01CFB874B8022C6F8A0B0C6F8E0302E
:103740007B4BF5645A600122B3649D601A604FF0B0
:103750000113C4F8BC31D4F8B03143F48033C4F859
:10376000B031CAF80050D4F8B031002BFBD166E676
:103770006F4B0121F564196080219D60B36459602D
:103780004FF00113C4F8BC31D4F8B03143F48033A6
:10379000C4F8B031D4F8B031002BFBD1130C5B0668
:1037A00043F08073C4F8543149E6654B01216A48FF
:1037B0001B780370FFF78CFD41E683B210F07800B0
:1037C0007FF439AE03F07F0258F82210624A10806D
:1037D000180600F19E80CB0701D50123137002214A
:1037E0005D48FFF775FD2AE610F0780F83B27FF48D
:1037F00022AE03F07F0213F0800F58F8223014BF7E
:1038000043F4803343F0010348F822300022484B50
:10381000F2649A600122B3641A6080225A604FF009
:103820000113C4F8BC31D4F8B03143F48033C4F888
:10383000B031D4F8B031002BFBD100E603F07F02A9
:1038400013F0800F58F8223014BF23F4803323F094
:10385000010348F822300022354BF2649A600122BD
:10386000B3641A6080225A604FF00113C4F8BC316F
:10387000D4F8B03143F48033C4F8B031D4F8B03167
:10388000002BFBD1DBE50020086026490C88486846
:1038900042F221018C427FF425AE80B200287FF4F1
:1038A00021AE2E492E4C03C9A18086284FEA114132
:1038B0002060A1717FF416AE72B62A48017841F0FB
:1038C00008010170D2F848110D0605D4802001438B
:1038D000C2F84401C2F8481162B6234A502111705F
:1038E00000E6000C2A78824228BF0246BEF5E06F4F
:1038F00044D11E4B1E4D18781E491F4B01920028C3
:1039000018BF19462846FFF78DFA07236B70019AF6
:103910003BE0C9033FF561AF61E700BFE0FE002077
:103920004015012080000120800007004025012073
:10393000C0FE0020401D012074200120B121012083
:10394000B22101200200CC00C80002000200C80021
:10395000800000201993D574080F01204005012034
:103960006C200120AC210120B4210120B3210120D1
:103970004011202004620060A06100602946104DC3
:1039800001922846FFF74EFA019A25F01F031544CD
:10399000BFF34F8F4FF0E021C1F8703F20339D42BD
:1039A000FAD8BFF34F8FBFF36F8F05481146FFF76B
:1039B0008FFC44E50320FFF7D7FC09F0C3FE00BFEE
:1039C000401120202DE9F0471F46831E022B01D90C
:1039D000BDE8F087DFF84C9015460C463C2209EB19
:1039E000C01806464FEAC01A002108F1040024045A
:1039F00004F0BCF9B5FA85F20123520944EA427495
:103A000049F80A40C8F83870C8F80830002FDFD0ED
:103A1000034AB34011680B431360BDE8F08700BF51
:103A20004C050120000000202DE9F0470D46811EC5
:103A3000022901D9BDE8F087C701DFF84C90924612
:103A4000044640373C2200211E4609EB07082D049E
:103A500008F1040004F08AF9BAFA8AF2520945EA38
:103A6000427249F807200122C8F83860C8F80820D7
:103A7000002EDFD0034B10341968A2400A431A60AD
:103A8000BDE8F0874C050120000000201204816091
:103A9000C36101F5405342F0800210B4012442603A
:103AA00001F50052046001F5805401F58041C460C5
:103AB00081615DF8044BC0E904237047831E0A4608
:103AC000022B00D97047064B00F110014FF0010C9A
:103AD00003EBC0100CFA01F14030FFF799BB00BFB7
:103AE00000000020831E0A46022B00D970470121E6
:103AF000024B814003EBC010FFF78ABB000000209F
:103B000040687047124A134BD2F8200220F07F40E1
:103B1000984210B584B002D200EB800040000E4CF9
:103B200001A90A2200F076FC01A90023204611F821
:103B3000012B01333AB10A2B20F8022FF7D11623BB
:103B4000237004B010BD5B00DBB2237004B010BD65
:103B500000441F4080969800E8F90020F8B5144C06
:103B60004FF0E025134E4FF4003204EB4024124F87
:103B700006EB40160346C5F88C2121463A883046AC
:103B8000FFF784FF3B882344BFF34F8FC5F85C4F9A
:103B90002034A342FAD8BFF34F8FBFF36F8F0320B7
:103BA0003146FFF79FFF4FF40033C5F80C31F8BDE5
:103BB000C011202000FF002082210120244B2DE98C
:103BC000F0411C884368C569C3F30E43E41A002C16
:103BD00024DD204920480A780078D3B21F4E824263
:103BE0001F4807D010F8038036F81870C7F5007228
:103BF000944218D90133002226F81540082B194E9B
:103C000088BF134626F8152098BFDAB2C554164B64
:103C10000A701A6814441C60BDE8F0812846BDE8AB
:103C2000F041FFF79BBF07EB48201049224627448D
:103C3000084401EB4521FFF7F5F80B4A284626F822
:103C4000187013682344BDE8F0411360FFF786BF86
:103C500082210120A9210120AA210120300F012069
:103C6000500F0120400F01202C0F0120C0112020F7
:103C70001D4B1A78002A36D102F0FF031B4A127836
:103C80008AB32DE9F0411A4D2A8852B3194EC2F574
:103C90000068194F3278194C07EB421704EBC22425
:103CA000424638462146FFF7F1FE04EB0802BFF317
:103CB0004F8F4FF0E023C3F8704F2034A242FAD860
:103CC000BFF34F8FBFF36F8F04203946FFF7F6FE27
:103CD00033780133DBB2032B88BF0023337000231A
:103CE0002B80BDE8F0817047B0210120B221012076
:103CF00086210120AF21012000000120C0212020C9
:103D00002DE9F04F85B0CDE90110002900F0BF800A
:103D10000023604CDFF89881DFF898A15E4F009394
:103D200001235E4A23705E4B1978B8F8003002EB2D
:103D30004119002B40F0A7801E461D469B46484671
:103D4000FFF7DEFE10F0800000F08C80BFF34F8F95
:103D50009AF8003084F800B005B93E68002B7DD198
:103D60003B689B1B782B00F287804E4B1B78002B07
:103D700074D000F09DFA0122B8F800301546227088
:103D8000002BDCD0464AC3F5006011781A4600EBE0
:103D9000C120454DC9022844019D954217D2039385
:103DA000DDE901512A46FFF73DF8039B4FF0404201
:103DB0005B1BA8F800303D4BC3F88420BFF34F8F46
:103DC000009800232844237005B0BDE8F08F364BDF
:103DD000CD180299FFF726F800234FF40062294618
:103DE0004846FFF753FEBFF34F8F05F1200205F55C
:103DF0000063934234BF012340234FF0E02205EBE0
:103E00004313C2F8705F2035AB42FAD1BFF34F8F36
:103E1000BFF36F8F04204946FFF750FE204A137806
:103E20000133DBB2032B84BF00231D4A1370B8F8A3
:103E30000030019AD11A009A1A4401910092029A14
:103E40001A4400230292194AA8F80030C2F88430BC
:103E5000BFF34F8F237000297FF462AF009805B045
:103E6000BDE8F08F4FF400620D4B8AF8000019781E
:103E70001346A8F800208AE7012300988AF800304A
:103E800005B0BDE8F08F1A46C3F500607FE70198E2
:103E9000E5E700BFB0210120401D01200000012006
:103EA000AF210120B2210120C021202000002E409E
:103EB00086210120AE210120704700BF2D4B00213B
:103EC00080222D4870B51B7800242C4D8B422C4E3F
:103ED0000CBF40234FF400732B80338003F046FF68
:103EE000284A2146284B14704FF4807227481C80C2
:103EF00003F03CFF264A1021264B0220C2E9004471
:103F0000C2E90244244AC3E900441470234AC3E9C5
:103F10000244234B1C70234614602246FFF784FDA5
:103F20002246318803201F4BFFF74CFD2346012218
:103F300029880420FFF778FD20460134FFF70EFEA4
:103F4000082CF9D1184B00214A221848184C04605B
:103F5000C3F88410C3F88020D3F84821154942F0F3
:103F60008072C3F8482121B1134A137843F001034A
:103F7000137070BDB3210120000001208A210120AF
:103F800082210120AF2101208621012000FF002095
:103F9000300F0120400F0120A92101202C0F01200A
:103FA000AA21012049D9010000002E4078200120DB
:103FB000FDD9010000000000B62101202DE9F04FDD
:103FC0004FF0E0234FF40032DFF8C8A083B0C3F80D
:103FD0008C218B469AF8004000294FD08046E4B2ED
:103FE0000027DFF8B490264BABEB070225491B787E
:103FF000A34204F101043FD0092C234B404628BFC3
:1040000000241E5D39F816C00CEB462319441F4BE3
:1040100033F81650A5EB0C05AA421CD20CEB462C2B
:1040200018491B4C61440192FEF7FCFE216839F8E7
:1040300016505846019AA1EB0B012A44394429F83D
:10404000162021604FF0E0234FF40032C3F80C211A
:1040500003B0BDE8F08F2A462F44FEF7E3FE0C497B
:10406000E3B230460A68A844521B0A608AF800305E
:10407000FFF774FDBB45B6D83846E3E70846E1E7ED
:10408000A9210120C0112020500F0120300F012054
:104090002C0F0120AA210120400F01200B4B0C4ABC
:1040A00012781978D3B28A420DD0013309480A4AEE
:1040B000092B0A4928BF0023C35C31F8131002EB17
:1040C0004323585C70474FF0FF307047A92101200F
:1040D000AA210120500F0120C0112020400F0120F3
:1040E000044B10B51C680CB1204610BD00F0E0F880
:1040F000204610BD2C0F01202DE9F84F144E154D10
:1041000033782A78934221D0DCB2DFF85090DFF880
:1041100050B0DFF85080104F0134082C5FFA84FA59
:1041200001D90024A24619F80400DBF8003038F861
:10413000102037F81010521A9B1ACBF80030FFF7F6
:104140000DFD86F800A02B78A342E5D1BDE8F88FDD
:10415000AA210120A9210120400F0120500F012098
:104160002C0F0120300F012000B583B001210DF18B
:104170000700FFF723FF20B19DF8070003B05DF8AB
:1041800004FB4FF0FF30F9E7094B00B583B01B7813
:104190008DF807003BB101210DF10700FFF7B0FDDD
:1041A00003B05DF804FB03F0FF0003B05DF804FB0F
:1041B000B2210120044B1B7803F0FF020BB1FFF783
:1041C0009FBD1046704700BFB22101202DE9F0418C
:1041D0000024DFF8448001230D4D27460D4E88F85A
:1041E0000030337828462035A34204F1010405D07D
:1041F000FFF786FC030658BF07F50067042CF0D1D3
:10420000BFF34F8F0023384688F80030BDE8F081B7
:1042100000000120AF210120B02101202DE9F84349
:104220001D4B1B7813B11D4D2A880AB9BDE8F883D0
:104230001B4EC2F500691B4933784A461A4C01EB04
:1042400043181A4F04EBC324012340463B70214618
:104250000023FFF71BFC04EB0902BFF34F8F4FF065
:10426000E023C3F8704F2034A242FAD8BFF34F8F37
:10427000BFF36F8F04204146FFF720FC33780133F2
:10428000DBB2032B88BF0023337000232B80BFF3E6
:104290004F8F3B70BDE8F883B221012086210120B9
:1042A000AF21012000000120C0212020B0210120E9
:1042B0002DE9F8432D4B1E7866B12D4F3B784BB955
:1042C0000123F1073B7043D4B20726D400233B708F
:1042D000730701D4BDE8F883264B1A68002AF9D089
:1042E000EFF30582002AF5D1EFF3108572B6186856
:1042F000002834D0204C2178002930D101222270AE
:1043000042691A60002A2ED0916105B962B6002573
:104310008368457798472570DCE7DFF8648098F874
:104320000030002BD2D00025DFF858902B4659F8EA
:1043300023400135236820461B69984710B1636903
:104340009B68984798F80020EBB29A42EFD8BDE7F7
:10435000FFF7C6FE0028B7D0AFF30080B4E7002D0A
:10436000B8D162B6B6E7054B1A60CEE7B621012098
:104370008F210120680101208D210120740101207D
:104380008E2101207801012070B5EFF3108272B602
:104390000C4C206880B10C4E00254369236073B13A
:1043A0009D6102B962B6836845779847EFF3108242
:1043B00072B620680028F0D102B962B670BD3360D1
:1043C000EFE700BF700101206C010120FFF7DCBFA7
:1043D0000449054A4968054B1960136801331360A5
:1043E000704700BF001000E0401D0120381D012073
:1043F0000846FFF7C9BE00BF054B022888BF034629
:1044000010B41C68184663685DF8044B184700BF79
:1044100068E6002001F1FF3C70B56646002400E02C
:104420000134B0FBF2F502FB1503092B03F1370E43
:1044300003F130035FFA8EFE98BF5FFA83FE90426D
:10444000284606F801EFEBD2631C0022C818CA54B4
:104450007CB162461CF8015F10F8016DA1EB0C0302
:1044600002328CF80060013B521A057023449A42D4
:10447000EFDB084670BD00BF00230F2248F2B82CC6
:10448000194610B54FF470444FF4806EA0F88C417B
:104490004FF46044A0F88E210A46A0F89031B0F89D
:1044A00088319BB243F0F003A0F8883101EB41035F
:1044B000013100EB431304299C80A3F806E05A84E1
:1044C0001A865A805A81A3F80EC05A82DA825A8319
:1044D000DA83EBD1B0F888319BB243F00F03A0F838
:1044E0008831B0F888319BB243F47063A0F888310A
:1044F00010BD00BF374B384A996F384841F47F01EF
:1045000070B5996741F20106D3F8801045F6C055A1
:1045100043F226040A43C3F88020FFF7ADFF00F5FD
:104520008040FFF7A9FF00F58040FFF7A5FF00F5E9
:104530008040FFF7A1FF0022A0F503104FF00F0EFF
:10454000114600EB42134FEA421C01329981042AC2
:104550005981A3F80EE09E82DD8020F80C101982AC
:104560009C81EED100221E484FF00F0E41F2010651
:10457000114645F6C05543F2260400EB42134FEABC
:10458000421C01329981042A5981A3F80EE09E82CF
:10459000DD8020F80C1019829C81EED10022114898
:1045A0000F2641F20105114645F6C05443F2260E8E
:1045B00000EB42134FEA421C01329981042A5981CF
:1045C000DE819D82DC8020F80C101982A3F80CE0BB
:1045D000EED170BD00C00F40000003FC00C03D40A4
:1045E00000001E4000401E4008B5D0E900325BB11B
:1045F000BAB10F4BA3FB0213DB0803EB4303B2EB8F
:1046000083030AD1012008BD094BA3FB0213DB0879
:1046100003EB4303B2EB830301D0D21A4260F02ACA
:10462000F0D802F00FFF1C22034600201A6008BDDC
:10463000ABAAAAAA70B5044638B319B1B2FA82F689
:104640007609A2B9206800B36268F2B1184B194923
:1046500002FB03F3B1EBB30F17D3A368E3B9002256
:10466000012322606260A260E260184670BD1D46B0
:10467000049BC0E90012C360FFF7B6FF03460028A1
:10468000F3D06DB90123184670BD02F0DBFE16228F
:1046900000230260184670BD002103F067FBDEE7CF
:1046A000626831462068A56003F060FB0123DCE707
:1046B000ABAAAAAA55555515FFF71EBDFFF7EEBCCC
:1046C000FFF752BDFFF70CBDFFF7A8BDFFF77EBD9A
:1046D00008461146FFF76EBD08B52DED028BB0EE12
:1046E000408A00F0FDF9B4EE488AF1EE10FA06D6E1
:1046F000DFED098AB4EEE88AF1EE10FA02D4BDECDF
:10470000028B08BD02F09EFE88EEA80ABDEC028B6B
:104710002123036008BD00BF0000000010EE103A26
:10472000114A23F00043934218DDB3F1FF4F02DB3F
:1047300030EE400A704700B583B0684600F0CCFD0B
:10474000400000F00200DDED010A9DED000AC0F11D
:10475000010000F00FF803B05DF804FBDFED030A81
:10476000012000F007B800BFDA0F493F0000000049
:1047700000F0E0B808B510EE103A23F00042B2F1B4
:10478000465FF0EE407A0FDABDEEC07A17EE101AEF
:10479000F9B9431C134300F09F80012803D0BFEEFA
:1047A000007A87EE270A08BD50498A4211DB9FED47
:1047B000507ADFED506A002BBCBFF1EE600AF1EEDB
:1047C000407A77EE677A36EEE07ADFED4B0A77EEE5
:1047D000277A67EEA76ADFED494ADFED495A9FED78
:1047E000495A9FED496A414926EEA67A8A42E7EE88
:1047F000245AA7EE056ADFED454A9FED455AE5EEDE
:10480000874AA6EE075ADFED435A9FED436AE4EE6E
:10481000875AA5EE076ADFED414A9FED415AE5EE62
:10482000874AA6EE075A9FED3F6ADFED3F5AA4EE96
:10483000876AE5EE075AB0EE467AA5EEA67A27EE2D
:10484000A65AB0EE606AA7EE056ADFED384AE6EEDA
:10485000260AE5EE240A37EEA00A1FDA0128A2D0C4
:10486000BFEE007AC7EE006A314B10EE102A1A40F4
:1048700006EE102A16EE902A76EE677A134000EEC6
:10488000103AB7EE007A70EEE70AF0EE477AE6EEFD
:10489000007AE0EE807AA7EEA60A08BD07EE100ABD
:1048A000B8EEC77A60EE006A30EE070A9B1786EE14
:1048B000806A03F00203C3F10103F0EE005A36EE02
:1048C000606A06EE903A77EEC67AF8EEE66AA7EEF0
:1048D000E57A26EE870A08BD00F0FAF8B7EE007A0E
:1048E000F0EE407A87EE270A08BD00BF40A12C3FBA
:1048F000DA0F493F68212233000000005FAE9BB70A
:1049000045F4A3388453D9377AC09538C8261A3A63
:10491000B937813916696B3B48DEBE3AA427B33CF0
:104920001F37113C8988083ED10D5D3DABAAAA3ED8
:1049300000F0FFFF2DE9F04151EC110B4342614CB7
:1049400021F00046034346EAD37382B0A3428DEDC3
:10495000000B3CD8DDE900E7CEF1000343EA0E038B
:1049600027F0004848EAD373A34230D801F140430E
:1049700003F58013034311EE102A3DD08D1705F087
:10498000020558EA0E0E45EAD77529D0324338D0D1
:10499000A64244D0A04534D0A8EB0608B8F1747FF5
:1049A0004FEA285338DA002945DA3C3343DA9FEDE1
:1049B000370B012D53D0022D48D075B19FED356BCB
:1049C0009FED367B30EE460B30EE470B05E09DED5C
:1049D000006B41EC170B37EE060B02B0BDE8F0811F
:1049E000022D16D09DED007B9FED2E0B032D00FEBA
:1049F000070B02B0BDE8F08102B0BDE8F04100F065
:104A00009DBD9FED2A0B9FED2B7B002F20FE070BFA
:104A1000E3E79FED220BE0E79FED240BC9E7B045EC
:104A200005F1FF3524D0022D2AD8274B03EBC5030F
:104A300093ED000BD1E79DED007B41EC160B87EE6B
:104A4000060B00F081FE00F079FDB2E79FED116BDF
:104A50009FED127B30EE460B37EE400BBDE710EEBC
:104A6000901A53EC102B01F1004343EC102BB4E7E8
:104A7000022D08D8154B03EBC50393ED000BACE7F3
:104A80009FED020BA9E79FED0D0BA6E700000000CC
:104A900000000000075C143326A6A13C182D4454E6
:104AA000FB210940182D4454FB2109C0182D445402
:104AB000FB21F93F182D4454FB21F9BF182D445414
:104AC000FB21E93F0000F07F9802002080020020D7
:104AD00010EE103A23F0004300EE103A704700BF8A
:104AE000B1EEC00A704700BF10EE101AC1F3C752F2
:104AF0000029A2F17F0CB4BF4FF0FF300120BCF1C0
:104B00001E0F0FDCBCF1000F1DDBC1F31603BCF15F
:104B1000160F43F400030ADD963A03FA02F202FB91
:104B200000F07047FDEEC07A17EE900A70474FF420
:104B3000800242FA0CF21A44CCF1170C22FA0CF261
:104B400002FB00F07047BCF1FF3F18BF0020704728
:104B50000000000030B410EE103A2DED028BA3F5EA
:104B6000000110EE902AB1F1FE4F10EE104A82B013
:104B70004FEA42017CD201F1FF3C6FF08070844526
:104B800080F0F780002004F1404303F54D03C3F3A8
:104B9000C342DB0DDB05E11ADB1507EE903AB14BA2
:104BA00003EB021292ED003B04EE101AB7EEE06A3E
:104BB000B7EEC44ABFEE000BA3EE040B93ED443BEB
:104BC00020EE001B93ED464B93ED402BA0EE034BE4
:104BD00093ED425B93ED483BA0EE025B21EE012B8F
:104BE00092ED028BB8EEE77B37EE087BA0EE037BFD
:104BF000A1EE047BA5EE027B26EE077B17EE903A32
:104C000048F2BF01C3F3CF338B4250D2B7EE000B53
:104C1000954B93ED402B37EE023B13EE102A33EE0B
:104C2000423B02F01F01821803EBC10093ED424B9F
:104C300037EE437B53F83140456893ED446B93ED79
:104C4000465BA7EE046B27EE074B0023181905EB14
:104C5000C231A7EE050B41EC170BA6EE040B20EEBC
:104C6000070BB7EEC00B02B0BDEC028B30BC704737
:104C70004D1E6FF08070854280F0CE8059004D1E31
:104C8000854280F09280002B55DB0020B4F5000FA8
:104C9000BFF479AFDFED757A07EE103A67EE277A49
:104CA00017EE904A24F00044A4F138646BE79FEDBE
:104CB000656BB4EEC67BF1EE10FA15DC9FED636B0D
:104CC000B4EEC67BF1EE10FA20DD4FF04C5388B104
:104CD0000193DDED016ABFEE006A76EE666AF4EEDE
:104CE000466AF1EE10FA11D002B0BDEC028B30BC76
:104CF00000F0CABA0093DDED006AB7EE006A76EE06
:104D0000866AF4EE466AF1EE10FAEDD19FED516B32
:104D1000B4EEC67BF1EE10FA57D99FED506BB4EEAE
:104D2000C67BF1EE10FA7FF571AF02B0BDEC028BDD
:104D300030BC00F0A3BAC2F3C7517E2911DD962919
:104D400054DC0120C1F1960100FA01F1481E104225
:104D500007D1114214BF01200020000424F00044B8
:104D600094E700EE103A02B0BDEC028B30BC00F0CC
:104D7000A3BA002952D0B3F17E5F2CD06400B4F105
:104D80007F4F2ED8B1F17F4F2BD1B4F1FE4F4BD0D6
:104D9000B4F1FE4F6FEA020234BF00240124D20FA7
:104DA00094424CD09FED320A5DE7002B20EE000AC2
:104DB0001EDB002000293AD1002ABFF654AF02B012
:104DC000BDEC028B30BC00F065BA02B0BDEC028BCA
:104DD00030BC00F04DBA82F48002520012F5000F90
:104DE00022D907EE903A37EEA00A3CE70020B5E75B
:104DF000C2F3C753A3F17F001728DAD8C3F1960096
:104E0000012303FA00F0441E1442D2D11040D1D045
:104E1000B1EE400A1846CDE70029AFD184F48002F4
:104E2000520012F5000FDCD8B7EE000A1BE7002A8B
:104E3000BFF619AFF7EE007A87EE800A13E720EE8F
:104E4000A00A10E771D5D1FFFFFF5F40E2AAA3FFE0
:104E5000FFFF5F400000000000C062C000000000D3
:104E600000A062C0F8030020B00200200000004B48
:104E70000000000030B510EE104AC4F30A53B3F539
:104E80007D7FB7EEC06A83B01BD226EE065BB3F51A
:104E9000667F6ED326EE052B25EE021B734B93ED3A
:104EA0001A3B93ED187B93ED164BA5EE037BA2EE18
:104EB000046BB0EE460BA7EE010BB7EEC00B03B0D0
:104EC00030BD40F22E4293425ED8684991ED087B96
:104ED00026EE077BFDEEC77B91ED0A5B17EE903A5D
:104EE00003F500031B1613F0020F07EE903A01F1D1
:104EF000700208BF0A46D807B8EEE77BA7EE456BFD
:104F000026EE067B1BD403F0030301EBC30192EDF5
:104F10001A4B91ED002B92ED185B26EE026B92ED91
:104F2000163BA7EE045B26EE074B27EE047BA4EEB0
:104F3000036BA5EE076BB7EEC60B03B030BD92ED69
:104F4000142B27EE075B92ED126B92ED0E3BA7EE52
:104F5000026B92ED0C0B92ED104BA7EE030B27EEBC
:104F6000057BA5EE040BA6EE070BB7EEC00B03B056
:104F700030BD220D12F4FF6FDFD1B7EEC55B00EE3E
:104F8000104A8DED015AD8E7B3F5FF6F4BD2384B7D
:104F9000C4F3836203EB820053F822200569C4F353
:104FA0001603C4F3C25143F400038B40016A03FBB0
:104FB00002F2A3FB0110E3FB050202F100518D0F89
:104FC00001F04041511A01F03BF92A4B9FED257B3E
:104FD00005EBD47441EC160B14F0020FA3F1700230
:104FE00008BF1346E90726EE077B27EE076B1FD4A1
:104FF00004F0030402EBC40293ED1A4B92ED002B74
:1050000093ED185B27EE027B93ED163BA6EE045B57
:1050100027EE064B26EE046BA4EE037BA5EE067B83
:10502000B7EEC70B89E703B0BDE8304000F044B9E4
:1050300093ED142B26EE065B93ED127B93ED0E3B66
:10504000A6EE027B93ED0C0B93ED104BA6EE030B3B
:1050500026EE056BA5EE040BA7EE060BB7EEC00B14
:105060006BE700BF182D4454FB21193C200500209C
:1050700030090020900500200000000038B510EE37
:10508000104AC4F30A53B3F57D7FB7EEC07A1ED23F
:1050900027EE077BB3F5667F6FD327EE071B634BC5
:1050A00093ED142B93ED125B93ED0E3BA7EE025B99
:1050B00093ED0C0B93ED104BA7EE030B27EE017B4A
:1050C000A1EE040BA5EE070BB7EEC00B38BD40F206
:1050D0002E42934254D8554991ED086B27EE066B4A
:1050E000FDEEC66B91ED0A5B16EE903A03F50003F8
:1050F0001B1613F0020F06EE903A01F1700208BF82
:105100000A46D807B8EEE66BA6EE457B27EE076B9E
:105110001AD503F0030301EBC30191ED002B92EDCF
:105120001A4B92ED185B92ED163BA6EE045B27EE50
:10513000027B27EE064B26EE046BA4EE037BA5EE66
:10514000067BB7EEC70B38BD92ED142B92ED127BA8
:1051500092ED0E3B92ED0C0B92ED104B26EE065BA2
:10516000A6EE027BA6EE030B26EE056BA5EE040B66
:10517000A7EE060BB7EEC00B38BDB7EE000A38BD80
:10518000B3F5FF6F3DD22A4BC4F3836203EB820079
:1051900053F822200569C4F31603C4F3C25143F443
:1051A00000038B40016A03FB02F2A3FB0110E3FB47
:1051B000050202F100518D0F01F04041511A01F03A
:1051C0003FF81C4B9FED177B05EBD47441EC160B9D
:1051D00014F0020FA3F1700208BF1346E90726EE90
:1051E000077B27EE076B10D504F0030402EBC40223
:1051F00092ED002B93ED1A4B93ED185B93ED163B5C
:1052000093E7BDE8384000F057B893ED142B93EDC9
:10521000127B93ED0E3B93ED0C0B93ED104B9DE742
:10522000AFF30080182D4454FB21193C20050020C9
:10523000300900209005002010B582B08DED010AE4
:10524000044602F0FFF89DED010A046002B010BDB3
:1052500030B1F1EE407A27EE800A2220FFF7ECBF52
:10526000F0EE407A27EE800A2220FFF7E5BF00BF6C
:105270009FED010AFFF7ECBF000000109FED010A4F
:10528000FFF7E6BF0000201A9FED010AFFF7E0BF1D
:10529000000000709FED070AFFEE007AB7EE007A7B
:1052A00000284FF0220047FE277A87EE800AFFF79A
:1052B000C3BF00BF0000000070EE407AB4EE400AA9
:1052C00087EEA77AF1EE10FAB0EE470A02D6212057
:1052D000FFF7B2BF704700BF70B510EE103A884AB2
:1052E00023F00044944286B0054670DD854A94421E
:1052F00010EE106A22DC002BDFED837A834A24F063
:105300000F04B0EE407A40F3E280944270EE677A88
:1053100009BFDFED7F6A9FED7F7A9FED7F7A77EEA1
:10532000E67A012077EEC76A77EEE67AC5ED006A85
:1053300077EEC77AC5ED017A06B070BD774A944220
:1053400054DDB4F1FF4F49DAE215863AA4EBC253BB
:1053500007EE903ABDEEE77ADFED716AB8EEC77AF4
:1053600077EEC77A8DED037A67EEA67ABDEEE77A1F
:10537000B8EEC77A77EEC77A8DED047A67EEA67A33
:10538000F5EE407AF1EE10FACDED057A40F08E8020
:10539000B5EE407AF1EE10FA14BF02230123614901
:1053A00001910221009103A8294600F0D7F9002EAF
:1053B000C2DA95ED007AD5ED017AB1EE477AF1EED9
:1053C000677A85ED007AC5ED017A4042B4E70022A4
:1053D00085ED000A4260002006B070BD70EE407A94
:1053E0000020C5ED017AC5ED007AA5E7FFF770FB57
:1053F0009FED4D7A9FED446AF6EE007AE0EE077A73
:105400009FED447AFDEEE77A17EE900AF8EEE76A30
:105410001F28A6EEC60A66EE877AB1EE666A1EDC23
:10542000424A411E24F0FF0352F82120934216D035
:1054300030EE677A85ED007A30EE470A002E30EEC6
:10544000670A85ED010ABFF677AFB1EE477AB1EE94
:10545000400A85ED007A85ED010A40426CE730EEA6
:10546000677AE21517EE103AC3F3C753C3EBD45370
:10547000082BDFDD9FED267A9FED275AF0EE405A8C
:10548000E6EE075A70EE657AE6EE077AD6EE857A92
:1054900035EEE77A17EE103AC3F3C753D21A192A3A
:1054A00006DCB0EE650A85ED007AC5E7032376E7F2
:1054B0009FED1F7A9FED1F5AB0EE650AA6EE070A10
:1054C00075EEC07AE6EE077AD6EE857AB0E79442BA
:1054D00070EE277A09BFDFED0E6A9FED0E7A9FED21
:1054E0000E7A77EEA67A4FF0FF3077EE876A77EE86
:1054F000E67AC5ED006A77EE877AC5ED017A1BE79B
:10550000D80F493FE3CB1640800FC93FD00FC93FAA
:10551000004435374344353708A3852E800F49436F
:1055200000008043F4E0002084F9223FD47C002076
:1055300000A3852E32318D240000000038B5B0EE76
:10554000407B17EE905A794B25F000449C422DED9C
:105550000C8B16DD764B9C420EDC09D09FED577B01
:105560009FED580B002D37FE000BBDEC0C8B38BDAA
:1055700010EE103A002BF1D037EE070BBDEC0C8B80
:1055800038BD6C4B9C425CDCA3F1DE739C424CDD6D
:105590004FF0FF339FED4DAB27EE075B25EE056B1C
:1055A0009FED4C8B9FED4D1BA6EE0A8B9FED4D3B67
:1055B000A8EE061B9FED4DBBA1EE063B9FED4DDB1C
:1055C000A3EE06BB9FED4D9BABEE06DB2DEE05DBA0
:1055D0009FED4C0B9FED4D2BA6EE090B9FED4D4B18
:1055E000A0EE062B9FED4DCBA2EE064B5A1CA4EE6F
:1055F00006CB2CEE06CB39D03DEE0CDB4E494F4AA4
:1056000001EBC30102EBC30391ED006B93ED000BC3
:105610009DEE076B36EE477B002D30EE470BA4DA8C
:10562000B1EE400BBDEC0C8B38BD9FED3E6BB7EE81
:10563000005B30EE066BB4EEC56BF1EE10FAA7DD41
:1056400093E700F081F83E4B9C4218DCA3F5502311
:105650009C4229DCB0EE007BBFEE006B30EE075BB6
:10566000A0EE076B002386EE057B93E73DEE0CDB97
:10567000ADEE477BBDEC0C8BB0EE470B38BD314B2C
:105680009C420BDAB7EE087BB7EE006B30EE475B5F
:10569000A0EE076B022385EE067B7BE7BFEE006B77
:1056A000032386EE007B75E7B7EE007B012330EE27
:1056B000475B30EE070B85EE007B6BE7182D4454FB
:1056C000FB21F93F182D4454FB21F9BF11DA22E3E5
:1056D0003AAD903FEB0D76244B7BA93F513DD0A0D6
:1056E000660DB13F6E204CC5CD45B73FFF8300929C
:1056F0002449C23F0D5555555555D53F2F6C6A2C41
:1057000044B4A2BF9AFDDE522DDEADBF6D9A74AFD8
:10571000F2B0B3BF711623FEC671BCBFC4EB98993B
:105720009999C9BF9C7500883CE4377EFFFF0F4400
:105730000000F07FFFFFDB3F200600200006002076
:10574000FFFFF23F0080034051EC100B10EE102AD7
:1057500021F0004343EC102B704700BF2DE9F04FC0
:105760002DED048BDBB01C4603930691A04B68998A
:10577000089253F82150111D824604F1FF38C0F2FF
:105780009882D31E48BF131DDB1002930133DB0048
:105790000793DDE907239B1A0593029B15EB08018C
:1057A000A3EB080316D401319FED927A699819444E
:1057B0001EAA002BA4BF50F8234007EE904A03F125
:1057C0000103ACBFF8EEE77AF0EE477A8B42E2ECE9
:1057D000017AEED1002DC0F2DB82039B1EAA02EB00
:1057E000830446AE4FEA830C4046EF180AEB830170
:1057F000B8F1000FDFED7F7A09DB22465346F3EC68
:10580000016A32ED017A8B42E6EE877AF7D10130F8
:10581000B842E6EC017A04F10404E9D10AAF07EBDF
:105820008503043B9FED759ADFED738A0598049319
:105830000AEB0C0407EB850946AE00955AAB03EB67
:105840008503002D13ED140A4FEA850B16DD06EBD8
:1058500085033A4660EE097AB0EE407AFDEEE77ACB
:1058600073ED016AF8EEE77AB342A7EEE87A37EE15
:10587000A60ABDEEC77AA2EC017AEBD1019000F046
:10588000DFFAB0EE408AB4EE000A28EE000A00F01B
:1058900091FAF2EE007AA0EE678A01980028FDEEF8
:1058A000C89AF8EEE97A38EE678A76DD05F1FF3EB0
:1058B000C0F1080357F82E2042FA03FC0CFA03F358
:1058C000D31AC0F1070119EE902A47F82E300B4188
:1058D0006244002B09EE902A67DCB5EE408AF1EEB7
:1058E00010FA40F0BE80009A05F1FF3B5A450EDCED
:1058F0004FEA850C07EB850200219E4652F8043DD5
:105900004A4541EA0301F9D1002940F0F180009BAA
:10591000013B57F82330002B40F0E680049B4FF00A
:10592000010C53F8042D0CF1010C002AF9D06B1C6A
:10593000AC449E460299039A01EB030B0BF1804B9A
:1059400069992A440BF1FF3B06EB83051EAB01EB83
:105950008B0B03EB8201DBED017A9FED267AF8EEEB
:10596000E77AB8F1000F0BF1040BC1ED007A0A469B
:1059700001F1040109DB534601E072ED017AF3EC19
:10598000016AA342A6EEA77AF7D10EF1010EE64511
:10599000A5EC017ADFDD654650E740F09B806B1E89
:1059A00057F82330DB11002B97DD19EE902A002DDC
:1059B00002F1010209EE902A40F391813968002931
:1059C0007ED1012D26D03A464FF0010C52F8041F2B
:1059D000002979D00CF10102C1F58071954247F898
:1059E0002C1016DD57F82210BB4407EB82020AE0A8
:1059F0003C7C002000000000000080430000803B51
:105A00000000C93F1168C1F1FF0142F8041B5A456B
:105A1000F8D1012100280CDD012800F04181022885
:105A200007D105F1FF3C57F82C2002F03F0247F860
:105A30002C20022B7FF451AFB7EE000A30EE488ADB
:105A400000293FF44AAF0993019000F0F9F938EECC
:105A5000408A099B0198B5EE408AF1EE10FA3FF4B6
:105A600042AF9846DDE90732B0EE480A981A019530
:105A7000009D00F0E5F91FED207A019BB4EEC70A06
:105A8000F1EE10FAC0F255815FED247A059A60EECE
:105A9000277A0832FDEEE77A0592F8EEE77A03F10D
:105AA000010BA7EEC70AFDEEE77ABDEEC00A10EEC5
:105AB000102A47F8232017EE903A47F82B302BE0B6
:105AC00001224FF0000C87E70CF1010CAC457FF48C
:105AD0007DAF9FE7F6EE007AB4EEE78AF1EE10FABA
:105AE00080F2EC800023F8E66B1C9E469C4621E782
:105AF000059B009DA3F1080257F82B300592F04654
:105B000053B9ACF104033B4453F8041D0BF1FF3BC4
:105B1000083A0029F8D005920598B7EE000A00F07F
:105B20008FF9BBF1000FC0F229810BF1010646AAE3
:105B30001FED4E7A4FEA860C07EB860302EB8602D6
:105B400073ED017AF8EEE77ABB4267EE807A20EED9
:105B5000070A62ED017AF3D1ACF1040346AA002DE5
:105B60001FED596A02EB03044FF0000022DB8F495E
:105B7000DFED8F7AB0EE467A2246002303E09842AA
:105B800008DBB1EC017AF2EC016A01339D42E6EEEA
:105B9000877AF4DA5AAB03EB8003584543ED287A51
:105BA0004FEA800100F10102A4F1040405D0002DA8
:105BB0001046DCDADFED7E7AECE7689A022A1DDC1B
:105BC000002A00F38E8010D132ABDFED797A9C444D
:105BD0003CED017A634577EE877AF9D143460BB104
:105BE000F1EE677A069BC3ED007A19EE903A03F066
:105BF00007005BB0BDEC048BBDE8F08F689A032A08
:105C0000F3D1BBF1000F00F0CB8032A813ED287A5E
:105C100000EB8B020BF1804372ED017AF0EE476AE4
:105C200037EE277A904277EEC77A82ED007A77EEE8
:105C3000A67AC2ED017AEFD1BBF1010F40F3B0803B
:105C400001F5B4720DEB020111ED287A9A0033A927
:105C500000EB830373ED017AF0EE476A37EE277AA3
:105C6000994277EEC77A83ED007A77EEA67AC3ED94
:105C7000017AEFD1131DDFED4E7A0344083033ED86
:105C8000017A984277EE877AF9D14346002B58D1B2
:105C90000699329A339B0A604B60C1ED027AA4E701
:105CA00005F1FF3C57F82C2002F07F0247F82C202A
:105CB000BFE608230793002302936AE519EE903AA2
:105CC000002D03F1010309EE903AC8BF02233FF70C
:105CD00075AEF7EE007A37EEC88A0223FDE50021A3
:105CE00098E632ABDFED327A03EB860636ED017AC9
:105CF000B34277EE877AF9D143469DED327A93BB72
:105D0000069BBBF1000FC3ED007A77EE677A0CDDDE
:105D100033AA0123B2EC017A01339B4577EE877AEF
:105D2000F8DA43460BB1F1EE677A069BC3ED017AD0
:105D30005BE7BDEEC00A9B4610EE102A47F8232011
:105D4000EAE6DDED326A9DED337A069BF1EE666A96
:105D5000B1EE477AF1EE677AC3ED006A83ED017A1E
:105D6000C3ED027A41E7069BF1EE676ABBF1000FD3
:105D700077EE677AC3ED006ACADCD4E7689B022B32
:105D80000ADC002B0FDC7FF430AFDFED097A25E76A
:105D9000039B4FEA830C41E5689B032B7FF425AFFF
:105DA000DFED037A71E7DFED027AA5E70008002056
:105DB0000000000010EE102AC2F3C7537F3B162BE1
:105DC00022F000412ADC002B10EE100A18DB1949E2
:105DD00019410A4221D0DFED187A70EE277AF5EEEC
:105DE000C07AF1EE10FA18DD002A04DA4FF400024E
:105DF00042FA03F3184420EA010300EE103A704718
:105E0000DFED0D7A70EE277AF5EEC07AF1EE10FA3A
:105E100003DD002A08DB9FED090A7047B1F1FF4F4F
:105E2000FBD330EE000A7047FFEE007A002900FE37
:105E3000270A7047FFFF7F00CAF249710000000087
:105E400010EE103A33F0004110EE102A27D0B1F1D5
:105E5000FF4F21D213F0FF4F22D1DFED2B7A2B4AD7
:105E600060EE277A904217EE903A33DB4CF2503CCA
:105E7000C3F3C751604517EE902AA1F1190115DD52
:105E8000DFED237ADFED236AB0EE677A002B67FE41
:105E9000A67A27EE870A704730EE000A70477047EF
:105EA0004CF2503C60454FEAD151E9DC0144FE29F7
:105EB000E6DC002915DC11F1160F19DB193122F08F
:105EC000FF4242EAC15207EE902A9FED130A27EEE5
:105ED000800A7047DFED117A07EE103A27EE270AA5
:105EE000704722F0FF4242EAC15300EE103A704779
:105EF000DFED0A7ADFED0A6AB0EE677A002B67FE03
:105F0000A67A27EE870A70470000004CB03CFFFFDE
:105F1000CAF24971CAF249F1000000336042A20D91
:105F20006042A28D81F0004102E000BF83F0004397
:105F300030B54FEA41044FEA430594EA050F08BF24
:105F400090EA020F1FBF54EA000C55EA020C7FEAE8
:105F5000645C7FEA655C00F0E2804FEA5454D4EB65
:105F60005555B8BF6D420CDD2C4480EA020281EA2F
:105F7000030382EA000083EA010180EA020281EA67
:105F80000303362D88BF30BD11F0004F4FEA0131B9
:105F90004FF4801C4CEA113102D0404261EB4101C8
:105FA00013F0004F4FEA03334CEA133302D052424E
:105FB00063EB430394EA050F00F0A780A4F101040A
:105FC000D5F1200E0DDB02FA0EFC22FA05F2801844
:105FD00041F1000103FA0EF2801843FA05F359412A
:105FE0000EE0A5F120050EF1200E012A03FA0EFCA9
:105FF00028BF4CF0020C43FA05F3C01851EBE371D3
:1060000001F0004507D54FF0000EDCF1000C7EEBEF
:1060100000006EEB0101B1F5801F1BD3B1F5001F2D
:106020000CD349085FEA30004FEA3C0C04F101044C
:106030004FEA445212F5800F80F09A80BCF1004F75
:1060400008BF5FEA500C50F1000041EB045141EAF7
:10605000050130BD5FEA4C0C404141EB0101013CC0
:1060600028BFB1F5801FE9D291F0000F04BF0146AF
:106070000020B1FA81F308BF2033A3F10B03B3F181
:1060800020020CDA0C3208DD02F1140CC2F10C0211
:1060900001FA0CF021FA02F10CE002F11402D8BF6F
:1060A000C2F1200C01FA02F120FA0CFCDCBF41EA3B
:1060B0000C019040E41AA2BF01EB0451294330BD0A
:1060C0006FEA04041F3C1CDA0C340EDC04F11404E7
:1060D000C4F1200220FA04F001FA02F340EA0300BE
:1060E00021FA04F345EA030130BDC4F10C04C4F104
:1060F000200220FA02F001FA04F340EA03002946E4
:1061000030BD21FA04F0294630BD94F0000F83F42D
:10611000801306BF81F480110134013D4EE77FEA10
:10612000645C18BF7FEA655C29D094EA050F08BF5C
:1061300090EA020F05D054EA000C04BF194610463D
:1061400030BD91EA030F1EBF0021002030BD5FEA81
:10615000545C05D14000494128BF41F0004130BDA9
:1061600014F580043CBF01F5801130BD01F00045FD
:1061700045F0FE4141F470014FF0000030BD7FEA70
:10618000645C1ABF194610467FEA655C1CBF0B466B
:10619000024650EA013406BF52EA033591EA030F82
:1061A00041F4002130BD00BF90F0000F04BF00217A
:1061B000704730B54FF4806404F132044FF00005AD
:1061C0004FF0000150E700BF90F0000F04BF002126
:1061D000704730B54FF4806404F1320410F000458C
:1061E00048BF40424FF000013EE700BF42004FEA87
:1061F000E2014FEA31014FEA02701FBF12F07F4304
:1062000093F07F4F81F06051704732F07F4208BFBA
:10621000704793F07F4F04BF41F40021704730B5C1
:106220004FF4607401F0004521F000411CE700BF0D
:1062300050EA010208BF704730B54FF000050AE090
:1062400050EA010208BF704730B511F0004502D591
:10625000404261EB41014FF4806404F132045FEA93
:10626000915C3FF4D8AE4FF003025FEADC0C18BF3C
:1062700003325FEADC0C18BF033202EBDC02C2F12E
:10628000200300FA03FC20FA02F001FA03FE40EAC0
:106290000E0021FA02F11444BDE600BF53B94AB919
:1062A000002908BF00281CBF4FF0FF314FF0FF301E
:1062B00000F070B9ADF1080C6DE904CE00F006F8FD
:1062C000DDF804E0DDE9022304B070472DE9F04772
:1062D000089E0D4604460F46002B4AD18A4294463A
:1062E00065D9B2FA82F343B102FA03FCC3F120028A
:1062F0009F4020FA02F217439C404FEA1C4E1FFABF
:106300008CF5B7FBFEF1220C0EFB117742EA074237
:1063100001FB05F090420AD91CEB020201F1FF37A4
:1063200080F01C81904240F2198102396244121AB5
:10633000A4B2B2FBFEF00EFB102244EA024400FBC2
:1063400005F5A5420AD91CEB040400F1FF3280F0E8
:106350000781A54240F204816444023840EA0140CA
:10636000641B00211EB1DC400023C6E90043BDE8E8
:10637000F0878B4208D9002E00F0ED800021C6E99D
:1063800000050846BDE8F087B3FA83F1002949D13A
:10639000AB4202D3824200F2F880841A65EB03021A
:1063A00001201746002EE2D0C6E90047DFE702B918
:1063B000FFDEB2FA82F3002B40F090808A1A4FEA97
:1063C0001C471FFA8CFE0121B2FBF7F507FB1520D5
:1063D000220C42EA00420EFB05F0904208D91CEB69
:1063E000020205F1FF3802D2904200F2CB8045460E
:1063F000121AA4B2B2FBF7F007FB102244EA0244DF
:106400000EFB00FEA64508D91CEB040400F1FF3288
:1064100002D2A64500F2BB801046A4EB0E0440EA6F
:1064200005409FE7C1F120078B4022FA07FC4CEAA8
:10643000030C05FA01F420FA07F3FD404FEA1C496A
:106440002343B5FBF9F81FFA8CFE09FB18551C0C09
:1064500044EA054408FB0EF5A54202FA01F200FAEF
:1064600001F00BD91CEB040408F1FF3A80F088809E
:10647000A54240F28580A8F102086444641B9DB2E5
:10648000B4FBF9F309FB134445EA044403FB0EFE95
:10649000A64508D91CEB040403F1FF356CD2A645D0
:1064A0006AD9023B644443EA0843A3FB0295A4EB88
:1064B0000E04AC42C846AE4656D353D056B1B0EBEC
:1064C000080264EB0E0404FA07F7CA40CC401743F5
:1064D000C6E9007418460021BDE8F087C3F1200129
:1064E00002FA03FC20FA01F225FA01F19D402A4349
:1064F0004FEA1C471FFA8CFEB1FBF7F007FB1015A3
:10650000110C41EA054100FB0EF58D4204FA03F43B
:1065100008D91CEB010100F1FF382FD28D422DD993
:1065200002386144491B92B2B1FBF7F507FB151124
:1065300042EA014205FB0EF1914208D91CEB02022E
:1065400005F1FF3816D2914214D9023D6244521A25
:1065500045EA004138E73146304608E73946E6E685
:106560001046FBE64845A9D2B9EB020865EB0C0ED4
:10657000013BA3E74546EAE72B4694E74046D1E7CF
:10658000D0467BE7023D624432E708460AE76444AE
:10659000023842E7704700BF3AB330B50244144DA9
:1065A000044605E0BCEB030C1DD1CBB1944218D0DE
:1065B00014F8010B2B5C03F00303012B11F8013BD2
:1065C00015F803E00EF0030E844608BF00F1200C1E
:1065D000BEF1010F1846E5D12033BCEB0300E5D036
:1065E00030BD002030BD604630BD1046704700BF52
:1065F000F1090020002A3ED040EA01039B0730B594
:1066000084462FD1032A2DD90B4608E0043A84464C
:10661000194625D01EF0803F22D1032A22D90468D2
:10662000194653F8045BA4F1013EAC4284462EEABD
:10663000040E00F10400E9D09CF800000C78A042A0
:106640001BD1E64668B11EF8010F11F8014FA2EB0D
:106650000E03A04203F1FF330FD11CEB0303F1D172
:10666000002030BD9CF800000C78844205D1012A3E
:10667000F6D0E646E6E710467047001B30BD00BF87
:1066800040EA01039B0730B501D1032A0FD88446A5
:1066900001F1FF3E07E01EF8011F03F8011B541E25
:1066A000C1B19C4622466346002AF4D130BD0B4658
:1066B0008446194653F8045BA5F1013424EA050425
:1066C00014F0803FE4D1043A032A4CF8045B1946E5
:1066D000EFD8DDE79444002CE8D003F8011B6345B4
:1066E000FBD130BD024B1968703100F0D3BA00BF46
:1066F00004EC002010B50C46B1F90E1003F09AFC22
:10670000002803DB236D0344236510BDA38923F414
:106710008053A38110BD00BF002070472DE9F041D8
:106720000C46B1F90C101F46CB05054616460BD496
:1067300021F48051A1813B46B4F90E10324628461F
:10674000BDE8F04100F068BEB4F90E10022300224B
:1067500003F05AFCB4F90C10EAE700BF10B50C4680
:10676000B1F90E1003F050FCA389421C0EBF23F4B4
:10677000805343F480532065A38110BDB1F90E10FE
:1067800002F0F0BB38B511F0FF040CD00346002531
:1067900001E0431C05461846214601F0E3FF0028AE
:1067A000F7D1284638BD2146BDE8384001F0DABFB0
:1067B00041EA00039B0715D10B68A3F1013222EADD
:1067C000030212F0803F0DD101F1040C40F8043BAC
:1067D00061465CF8043BA3F1013222EA030212F0A5
:1067E000803FF3D0034611F8012B184603F8012B24
:1067F000002AF8D1704700BF024A126801235032C4
:1068000000F002B804EC0020F0B4074610B33E4696
:106810008C4616F8010B01E0A04216D01CF8014B83
:10682000002CF9D1D8B116F8015B0C4601E0002B21
:10683000F9D014F8013B9D42F9D14DB1002306F87F
:10684000013C16603846F0BC70475BB13746DEE766
:106850002E46F6E71768002FD9D13846F3E7F0BC8B
:1068600010607047166038463B70ECE701292DE94F
:10687000F0415BD94FF00108C64600244FF0FF35C8
:10688000434608E0A3EB05081C464FF0010E04EB5D
:106890000E038B4210D200EB0E0CC75C1CF8056097
:1068A000B742EFD332D04FF001082546C6464444E4
:1068B00004EB0E038B42EED30127C2F80080BE46E4
:1068C00000244FF0FF363B4607E09F1B1C464FF06D
:1068D000010E04EB0E038B4210D200EB060C10F8F5
:1068E00003801CF80EC0E045EFD817D001272646DC
:1068F000BE463C4404EB0E038B42EED30136681CCB
:10690000864201D317603046BDE8F081C6450ABF14
:1069100074440EF1010E4FF0010EB8E7BE450ABFF8
:1069200074440EF1010E4FF0010ED2E7012700264C
:10693000E8E700BF2DE9F04F9246ADF21C4D05AAE5
:1069400081460F46504619461D46FFF78FFF1346F6
:1069500083460DF2144243F8045F9342FBD1002DAD
:1069600000F0DF806C1E06AE0AF1FF320AEB040075
:10697000009612F8011FAB1A013B5344824246F8BD
:106980002130F6D105995A465144504601F0F8F8A5
:1069900000286FD10BF1FF330393CBF10103804645
:1069A0000646019309EB060E009A1EF8043052F8D1
:1069B0002330DBB1B8F1000F03D0059A9A4200D919
:1069C000AB1A1E444FF000087B1B9E42EAD909EB2C
:1069D000070045F4006103F035FA07447B1B9E4233
:1069E000E0D900200DF21C4DBDE8F08FC3455B4699
:1069F00038BF4346A34210D2591EF21851444A44AC
:106A000002E00133A34208D212F8010B11F801CFC2
:106A10008445F6D0019A1644D3E7C345039B7ED93B
:106A200006EB0B024A440AEB0B01029602E04345D7
:106A300015D0034612F8010D11F8016D864203F1DD
:106A4000010C03F1FF30F2D0029E634608F1010809
:106A500098450AD8059B1E44A5EB0308B4E74346B6
:106A600008F101089845029EF4D970460DF21C4DBC
:106A7000BDE8F08FA5EB0B035B4538BF5B460133E8
:106A800005930BF1FF330193CBF101030026029331
:106A900045F4006809EB0601009A0B5D52F82330BB
:106AA0006BB11E447B1BB342F4D209EB0700414695
:106AB00003F0C8F907447B1BB342EBD291E7A3452F
:106AC00014D2019B0BEB06020AEB030C4A445B4613
:106AD00002E00133A34209D212F8010B1CF801EFC6
:106AE0008645F6D0029A16441E44DBE7BBF1000F40
:106AF00010D00BEB060048440AEB0B0201E05345B3
:106B000008D012F801ED10F801CDE6451346F6D095
:106B1000059BC6E708460DF21C4DBDE8F08F5B46AD
:106B200094E706AB4FF0FF3400932BE72DE9F041DB
:106B30000D46097890B00446002954D06A78002A9E
:106B400000F08380AB78002B51D0E8782E680028C5
:106B500000F082802B79002B57D0284602F02AFBC8
:106B6000064640F40071204603F06CF986425BD87B
:106B7000FE2E00F28680801B27184022711C68467A
:106B800001F0F4F87EB16A1E5FFA86FC901912F8E3
:106B9000013F03F03F0340336B44A91A6144824232
:106BA00003F8401CF3D1013CA35D03F03F034033E5
:106BB0006B4413F8403C1C44A74203D239E04444E0
:106BC000A74236D314F806C00CF03F0C0CF140037A
:106BD0000DEB030C2046324629461CF8408C00F091
:106BE000CFFF0028EBD1204610B0BDE8F08100783F
:106BF00042EA014200E00C4640EA0343611C98B1BE
:106C00009A426078F7D1013CEDE7227862B131BA5F
:106C100001E099421ED042EA0323204614F8012FD6
:106C2000002AF6D1994215D00024204610B0BDE8C4
:106C3000F081BB5DB819002BF6D04FF4006103F072
:106C400001F90744BC42AED9EEE710B0BDE8F0410F
:106C500001F088BDC41EC6E7120442EA016242EA9E
:106C600003232178024600E02C4641EA0200651C1D
:106C700002020029D8D0B3EB002F6178F4D1023C96
:106C8000B1E7014633462A46204610B0BDE8F04140
:106C9000FFF750BEF8B55F4A0C460023D0E900016B
:106CA00006F0FEFC002AC0F2AB8000F52F2000F6B3
:106CB0006C205949A1FB0251C90A4FF4616303FBDF
:106CC0001122564BA160A3FB02135B096360C3EB67
:106CD0000313A2EB8302524B2260C11C83FB013CD5
:106CE0008C44CB17C3EBAC03C3EBC303CB1A48BF35
:106CF00007330028A3614B4B78DBC11783FB0023CC
:106D0000C1EBE331484B494A03FB01008308A2FB76
:106D10000352474D00EBD222A5FB0363454EA2EB85
:106D2000D3120309A6FB0363A2EB1312424BA3FB8E
:106D30000263D61A03EB560C9308A5FB03533F4D91
:106D40004FEA1C22A5FB0265DB09C3EB5513034484
:106D500040F26D1000FB123303EB830E38480EF146
:106D6000020EA0FB0E0C4FEADC1C40F2F9550CEBB6
:106D7000CC00AE4500EB0010324D00F10200A5FB47
:106D800000504FF4C87694BF02256FF0090506FB4A
:106D900001216544012D98BF01315E1CB3F5997F37
:106DA000A6EB90000BD3A3F59973A1F26C71E3618C
:106DB0000023E060C4E9045123622046F8BD960731
:106DC0000BD0214E06FB02F2204EB6EB321F2CBF39
:106DD000012200223B331344E7E71B4E1C4F02FB0A
:106DE00006F6B7EBB60FECD20122F3E7A0F50E31B1
:106DF000A1F52C7183FB0123C917C1EBE33181E7B6
:106E000002F5A83200F52F2002F5C07200F66B20C3
:106E10004FE700BF80510100C5B3A29189888888DF
:106E200093244992BD066B394FC5FDFF7F206B3916
:106E3000D97CC65941D6720061F319671F85EB51A1
:106E4000D7802BD6CDCCCCCC295C8FC20AD7A3005F
:106E5000285C8F022DE9F04101683B2982B004468D
:106E600000F2CD8041683B2900F2B780A168172964
:106E700000F2A18021690B2900F28B8063699A07D7
:106E80003FD16F486F4A704D00FB0326B5EBB60F3C
:106E90006FD2E2686D48002A4FF01D0C37DC684E57
:106EA000684D694FDFF8A8E107E0012914BF50F8E9
:106EB000213063461A44002A1EDC0139F5D261698B
:106EC0004B1E13F0030F636160D106FB0353B7EB56
:106ED000B30FC0F0A68001F26B7106FB0151BEEB4F
:106EE000311F34BF4FF01C0C4FF01D0C1F231A44F0
:106EF000002A4FF00B01E0DDC4E9032102B0BDE838
:106F0000F0814FF01C0CE2685048002AC7DD4C4F5E
:106F10004C4EDFF834E1DFF8388100254B1C0AE0E5
:106F200051F8041C9142A2EB0102E7DA0C2BC4E9F0
:106F300003230BD00133022B00EB8301F0D19445E6
:106F4000A2EB0C02DADAC4E90323F3E761692561F5
:106F50004B1C13F0030F636103D04FF01C0C002196
:106F6000DCE707FB0363BEEBB30F5DD24FF01D0CF4
:106F7000F5E703F26C7300FB0322354BB3EB321FD2
:106F800034BF4FF01C0C4FF01D0CBCE74FF01C0C35
:106F9000ACE70C22684601F093FCDDE9002163694F
:106FA000002913446361BDBF0C3103F1FF33C4E911
:106FB0000413216163E71822684601F081FCDDE9D2
:106FC0000012E368002A0B44E360BDBF183203F1EE
:106FD000FF33C4E90223A2604CE73C22684601F07B
:106FE0006FFCDDE90023A168002B1144A160BDBF47
:106FF0003C3301F1FF31C4E90131636037E73C22E2
:10700000684601F05DFCDDE900236168002B114456
:107010006160BDBF3C3301F1FF31C4E90031236041
:1070200021E74FF01D0C61E701F26D7307FB03636D
:10703000B8EB331F34BF4FF01C0C4FF01D0C8EE724
:10704000295C8FC250B81E05285C8F02CC07002037
:107050000AD7A3002DE9F04F89B0054603F000F8E8
:1070600080462846FFF7F6FED5E90063C3EB03131D
:1070700006EB8306A1492B69EC6851F82310AA6836
:107080006F69013C0C44012B4FF4616101FB026606
:1070900002DDB90700F0D08007F51C53103344F629
:1070A00020629342EC6100F29E81462F00F3A380A0
:1070B00044D0452F00F0148191489249DFF848C22E
:1070C000DFF84892452340F26D1E12E0BCEBB20F90
:1070D00003F26C7200FB0212C0F0EC80B9EB321FBD
:1070E00034BF72464FF4B772013BBB42A4EB0204BB
:1070F0000BD013F0030F00FB0312E7D0013B40F26B
:107100006D12BB42A4EB0204F3D1B80740F0E88053
:107110007B4A7C4B7C4902FB0730B1EBB00FC0F0DF
:10712000E2807A4907F26C7002FB0033B1EB331F47
:1071300040F26D1328BF4FF4B773E41A744B4FEA53
:10714000E679C4FB036900F04FFA00F0A7FE714B2B
:10715000D3F800A0BAF1000F00F08C802B6A6869A8
:1071600006931A46D8F80430012A00F26C70A8BFC2
:1071700001228342924602D000F06AF958B3D8F84F
:107180005020D8F82030D8F84CE09B1A0493D8E966
:10719000093C63EBE2730593D8F848300193B3EBF5
:1071A0000C016EEBEC7003908E42079103994FEA4D
:1071B000E2704FEAEC7379EB01010290934660466E
:1071C000009346DB019BD1179B1A6EEB010E9E428A
:1071D00079EB0E0E3DDABAF1010F4BD1D8F85030F1
:1071E0009B46DB170293029B16EB0B0649EB030150
:1071F0004FF0010A46E04249DFF80CC1DFF80C917C
:10720000462340F26D1E10E003F26C72BCEBB00F2F
:1072100001FB02F21AD3B9EB321F34BF72464FF4AE
:10722000B7720133BB42144488D09A0701FB03F0C4
:10723000EAD040F26D12F4E7314A324B324902FB98
:107240000730B1EBB00F38D2013425E74FF4B772F5
:10725000E7E7D8F800A0049BBAF1000F37D09E42B0
:10726000059B79EB030341DA069B002B5FDC4FF0B3
:10727000000A03E0D8F82800C3170093009B3618D3
:1072800049EB0301009100F0B5F9234A0099C5F8D4
:1072900020A0043482FB04322244E317C3EBA20390
:1072A000C3EBC303E31A48BF0733AB61304609B0F1
:1072B000BDE8F08F4FF4B77216E707F26C7102FB6E
:1072C0000133124AB2EB331FFFF4E6AEBCE79E4235
:1072D000059B79EB030321DB069B002B83D160E048
:1072E00040F26D1329E74FF4B77326E7079B9E42E0
:1072F000039B79EB0303B7DAEEE700BF2808002011
:10730000295C8FC250B81E05285C8F020AD7A300E3
:10731000805101003003012093244992079B9E4233
:10732000039B79EB0303069B38DB002BA6DDA2EB66
:107330000C024FF0000A2B68D5F80CB013449619D4
:107340002B60284649EBE279FFF784FDEA68B2EB4F
:107350000B023FF440AF012A41DD4FF0FF32EB69F1
:107360001444D21822D4BB0741D12749274B2848BF
:1073700001FB073CB0EBBC0F3FD307F26C7701FB7E
:1073800007332449B1EB331F40F26D1328BF4FF48C
:10739000B7739A42A8BFD21AEA611CE7002B7FF4A8
:1073A00022AFACEB02024FF0010AC4E77B1E9A0742
:1073B00020D11549154A164801FB0323B0EBB30F42
:1073C0001ED3144B07F26B7701FB0722B3EB321F7E
:1073D00040F26D1338BF4FF4B673EB61FBE6911CBE
:1073E000D8BF0122BBE74FF0FF3631465EE740F2DF
:1073F0006D13CEE74FF4B673EFE74FF4B773C8E7FA
:1074000040F26D13E9E700BF295C8FC250B81E053A
:10741000285C8F020AD7A30038B50C46084D844675
:10742000114620461A4600232B606446FCF7E4FF11
:10743000431C00D038BD2B68002BFBD0236038BD27
:107440005C050120014B1868704700BF04EC002068
:107450002DE9F04F83B0044602F002FE40F2B17312
:107460009C4240F3AC805C4A446082FB04516FF460
:10747000F663E517C5EBE11704EB030CC5EB6115EB
:107480004FF4C871A4F2B276A4F26D7301FB1747F2
:107490004FEAAC0C40F26D1101FB06CC82FB03619C
:1074A000DB17A3EB61139C44B7FA87F35B0903EB8B
:1074B00043031B016FF4C86101936318A2FB03230C
:1074C0000CEBD31C454E642303FB154504F003016C
:1074D000024600F15008137A4A2B22D0442B30D1B7
:1074E00053690CEB03049369D2F828904FEAE37ECA
:1074F000C4FB063E13EB09034EEBE974C2E9083402
:1075000028329045E7D1046A816C436AC26C8C4290
:107510009341B4BF012300230360012003B0BDE801
:10752000F08F546904EB0C0329B925B13B2CC8BF7B
:1075300001335C1ED7E7002FFBD13B2CC8BF0133C2
:10754000F7E700293FD0DDF804A0254B9A44D36823
:10755000012B3FDD4FEA830BABF10809D144AAF1BF
:1075600004046346964654F8042FA1451344FAD107
:10757000ABF1040B7246DA441A4C03F1040984FBA4
:10758000094ECE444FEAE974C4EBAE04C4EBC40424
:10759000A9EB04095469DAF800E0B4EB09091469AD
:1075A00004F1FF3448BF09F10709C4EBC4044C449B
:1075B000744502DB073C7445FCDA1C4493E7002069
:1075C00003B0BDE8F08F019B002D0CBF9A464FF031
:1075D000300ABAE76346CFE71F85EB5180510100BF
:1075E0009009002093244992014800F0C9BE00BFD1
:1075F000A4010120014800F0C7BE00BFA401012082
:10760000024B0146186800F00BB800BF04EC0020E4
:10761000024B0146186802F0BBB800BF04EC002022
:107620002DE9F04F01F10B06162E83B0044624D845
:10763000102900F2BA8001F089F8102618220220E1
:10764000B54F3A44A2F1080153688B4200F0BA806A
:107650005A68D96822F003021A449D68E9608D6077
:10766000516841F001012046516003F1080501F025
:1076700073F8284603B0BDE8F08F36F0070600F136
:107680009480B14200F2918001F060F8B6F5FC7F81
:10769000C0F09A81730A00F08F80042B00F26F8192
:1076A000B30903F1390003F1380CC3009A4F3B448E
:1076B000A3F108055B689D4206D10CE0002980F229
:1076C0002781DB689D4206D05A6822F00302911B95
:1076D0000F29F3DD60463D69DFF850C265457CD077
:1076E0006A6822F00302931B0F2B00F37B81002BAF
:1076F000C7E904CC80F26C81B2F5007F80F01A817A
:10770000D308796801334FEA521E012202FA0EF2C1
:107710000A4357F833E0C5F808E007EBC30108391E
:10772000E9607A6047F83350CEF80C50831001219D
:107730009940914257D8114206D120F003004900E8
:10774000114200F10400FAD007EBC0094D4686460D
:10775000D5F80C80454508D11DE1002B80F224812D
:10776000D8F80C80454500F01681D8F8042022F0A6
:107770000302931B0F2BF0DD2046D8E9025408EBDF
:10778000060146F00106C8F80460EC60A56043F00D
:107790000104C7E90411C1E902CC4C6048F8023089
:1077A00000F0DAFF08F1080502E00C232360002551
:1077B000284603B0BDE8F08F4FF4007340204FF02F
:1077C0003F0C73E7D3689A4208BF02307FF440AFA2
:1077D0003D69DFF858C1654582D17A68831001217F
:1077E00099409142A7D9BD686B6823F003094E45C3
:1077F00003D8A9EB06030F2B7ADCDFF834B1474B33
:10780000DBF800201B680132334405EB090A00F065
:10781000338103F580530F3323F47F6828F00F087A
:107820004146204602F08AFC411C024600F0F380EB
:10783000824500F2EE803A4B1968414419600846CF
:1078400000F04E81DBF80010019301311BBFA2EB69
:107850000A010918CBF80020196012F0070B00F09C
:107860001781CBF108010A44CBF5805190440831CF
:10787000A1EB0801C1F30B0A51462046009202F029
:107880005DFC421CDDE9002300F04F81801A00EB13
:107890000A081968BA6048F001005144BD425060BE
:1078A000196000F02981B9F10F0F40F22781686853
:1078B000A9F10C0C2CF0070C00F0010040EA0C00C0
:1078C00068604FF0050E05EB0C00BCF10F0FC0E92E
:1078D00001EE00F2328150681546124B1A688A4256
:1078E00038BF1960104B1A688A4238BF196094E09B
:1078F000AA1943F0010346F001066E602046BA6003
:10790000536000F029FF0835284603B0BDE8F08F2A
:10791000D9681A44A1E600BFE8E70020D801012099
:10792000A8010120D0010120D4010120F0E70020AE
:10793000F0EB0020B2F5206F4FEA522363D3142BF3
:1079400000F2B78003F15C01C9005B3307EB010E65
:107950007958AEF1080E8E4500F091804B6823F007
:107960000303934202D989688E45F7D1D1F80CE020
:107970007A68C5E9021ECEF80850CD60D6E6142B11
:1079800059D9542B00F29D80330B03F16F0003F1A2
:107990006E0CC3008AE60EF1010E1EF0030F05F116
:1079A00008057FF4D5AE51E0424445465368D8F807
:1079B0000C1043F00103536055F8083F2046D9608E
:1079C0008B6000F0C9FEF3E6F00806F1080237E626
:1079D0002A442046536843F001035360083500F001
:1079E000BBFEE5E6A919204646F0010643F0010476
:1079F0006E60C7E90411C1E902CC4C60AB5000F0E5
:107A0000ABFE0835D4E6930903F13901C9003833D8
:107A10009CE7BD425FD0BD68686820F0030846451A
:107A2000A8EB060302D80F2B3FF762AF204600F009
:107A300093FE0025BCE603F15C0003F15B0CC30080
:107A400034E659F808394B4540F0968010F0030FA2
:107A500000F1FF30F5D17B6823EA01037B60490028
:107A600099423FF6C0AE19B9BDE649000EF1040EC9
:107A70001942FAD0704667E603F11008D0E69A1072
:107A80004FF001087B6808FA02F21A437A6070E747
:107A900002EB08014942C1F30B0A5146204600920D
:107AA00002F04CFB431CDDE900237FF4EFAEDA4625
:107AB000EFE6542B25D8130B03F16F01C9006E3389
:107AC00044E7B3F5AA7F25D8F30B03F1780003F15F
:107AD000770CC300EAE5294B186840441860B1E60A
:107AE000CAF30B0CBCF1000F7FF4ACAEBD68C84408
:107AF00048F001006860F0E61546EEE601235360A9
:107B000094E7B3F5AA7F23D8D30B03F17801C9001A
:107B100077331BE740F25452934223D8B30C03F15E
:107B20007D0003F17C0CC300C0E5ABF1080BD84429
:107B3000A8EB02084FF0000AABE605F10801204669
:107B4000009301F025FEBD68009B68681968C4E6D3
:107B500040F254518B420BD8930C03F17D01C900C4
:107B60007C33F3E64FF47E737F204FF07E0C9DE56F
:107B70004FF47E717E23E9E67B6870E7A80101205F
:107B8000032A70B514D940EA01039B0722D10446A9
:107B90000B46194620460E680568B54204F10404F8
:107BA00003F1040316D1043A032A20461946F0D8FB
:107BB000541E9AB1421E013901E0C3180CD012F8CC
:107BC00001EF11F801CFE645A4EB0203F5D0AEEBCF
:107BD0000C0070BD541EEDE7184670BD104670BD18
:107BE00070B582B00446069D55B16AB10F48009544
:107BF000D0F8E4602046B047431C10D002B070BDFE
:107C000000F1F405002AF1D1084B0095D3F8E460A7
:107C100011460123064A2046B047431CEED10022FC
:107C20008A232A60236002B070BD00BF7CE600207A
:107C30005086002088420DD98B1883420AD900EB68
:107C4000020CBAB1624613F801CD02F801CD994297
:107C5000F9D170470F2A0ED8034602F1FF3C4AB112
:107C60000CF1010C013B8C4411F8012B03F8012F9E
:107C70006145F9D1704740EA01039B0750D1A2F159
:107C8000100370B501F1200C23F00F0501F1100E67
:107C900000F11004AC441B095EF8105C44F8105C61
:107CA0005EF80C5C44F80C5C5EF8085C44F8085C18
:107CB0005EF8045C44F8045C0EF1100EE64504F135
:107CC0001004E9D1013312F00C0F01EB031102F0A3
:107CD0000F0400EB031327D0043C24F003064FEA03
:107CE000940C1E441C1F8E465EF8045B44F8045F2F
:107CF000B442F9D10CF1010402F0030203EB840356
:107D000001EB840102F1FF3C4AB10CF1010C013B93
:107D10008C4411F8012B03F8012F6145F9D170BD96
:107D200002F1FF3C03469BE72246EBE700B50B4C14
:107D300025681446EE681A4685B003460D464CB1D8
:107D400007490095CDE901143046064902F08CF947
:107D5000FBF72AFA04490C46F3E700BF04EC0020C5
:107D6000800800209008002050860020830730B54E
:107D700048D0541E002A3FD0CAB2034601E0013C5D
:107D80003AD303F8012B9D07F9D1032C2DD9CDB29D
:107D900045EA05250F2C45EA054536D9A4F1100220
:107DA00022F00F0C03F1200EE6444FEA121C03F1FF
:107DB000100242E9045542E9025510327245F8D1E9
:107DC0000CF1010214F00C0F03EB021204F00F0C83
:107DD00013D0ACF1040323F003030433134442F83B
:107DE000045B9342FBD10CF003042CB1C9B21C44D8
:107DF00003F8011B9C42FBD130BD64461346002CA6
:107E0000F4D1F9E703461446BFE71A46A446E0E773
:107E1000830710B5044610D10268A2F1013323EAAA
:107E2000020313F0803F08D150F8042FA2F1013370
:107E300023EA020313F0803FF6D003781BB110F859
:107E4000013F002BFBD100F023FC204610BD00BFFA
:107E500070B5054684B05BB11C4669B10E4B28462F
:107E6000D3F8E0602346B047431C0FD004B070BD88
:107E700000F582740029F1D1074A2346D2F8E06068
:107E800028460A4601A9B047431CEFD100228A23A5
:107E900022602B6004B070BD7CE60020014B1868A6
:107EA00000F002B804EC00202DE9F04F8FB0054639
:107EB00002F0D6F8BD490446284601F003FF80468B
:107EC000002800F04781BA4E316829B100F076FAF7
:107ED000002800F0208131680846FFF799FB4046F2
:107EE00001F068F9411C2846FFF79AFB306010B199
:107EF000414600F0CDFBAF4EAF4FB04D0023C4E97B
:107F00000333C4E90533C4E90D33C4E90F333360E7
:107F10003B60A3622365AA4BC5E900334A23237261
:107F200084F8303000220023C4E90823C4E9122376
:107F300098F800303A2B04BF98F8013008F1010896
:107F40003C2B00F0EB800DF1300B9E4A9E495B46C6
:107F5000404602F029F9002840F3DD800C98C21E4B
:107F6000072A00F2D88018F800202D2A804400F05B
:107F7000EC802B2A08BF08F101084FF0010A0AAB78
:107F8000002202930DF126030093ADF82620ADF8F0
:107F900028208E49CDF80CB0CDF804B05B4609AA74
:107FA000404602F001F9002840F3B580BDF82620D4
:107FB000BDF828900C99C2EB021209EB8209BDF8BA
:107FC00024204FF4616000FB029918F801203C2A3C
:107FD0000AFB09F9884400F001817D4A7A495B4631
:107FE000404602F0E1F8002840F311810C9AD11EBE
:107FF000072900F2908018F802102D29904400F013
:10800000CC802B2908BF08F101084FF0010A0AAB08
:108010000022CDE901B30DF126030093ADF8242031
:10802000ADF82620ADF828200C926849CDF80CB0A8
:108030005B4609AA404602F0B7F8002840F3FC80EE
:10804000BDF82620C2EB0211BDF8282002EB810208
:10805000BDF824104FF4616000FB01220AFB02F31B
:1080600007930C9A0023CDE905399044A14698F86E
:1080700000A0BAF12C0F04BF98F801A008F1010884
:10808000BAF14D0F00F0DC80BAF14A0F08BF08F1D9
:1080900001084FF00A020DA9404618BF4FF0440AEC
:1080A00001F0C2FD0D9BADF82E00434500F0B780F6
:1080B00080B289F808A0C9F8140098464FF0000A69
:1080C0000223ADF826A0ADF828A0CDF830A0ADF879
:1080D000243098F800302F2B00F0DF804FF4E1536C
:1080E000C9F81830059B09F12809002B5AD0079BC5
:1080F0002365344BDDF818902B60354B6B6060685E
:10810000C4F82890FFF7A4F9A26A236D32609B1A85
:1081100018BF01233B600FB0BDE8F08F08F10109E3
:108120000DF1300B274A2B495B46484602F03CF8DC
:108130000028F0DD0C98C21E072AECD819F80020A0
:108140003E2AE8D108F102080DE708F101084FF0D6
:10815000FF3A14E74A22227284F83020164A174B5D
:1081600010601D4A1349124DA062C3E9002200228B
:108170000023C4E90300C4E90500C4E90D00C4E913
:108180000F0020650860C4E90823C4E912232868A9
:10819000FFF73EFAC5F80080BDE708F101084FF08F
:1081A000FF3A34E70123059361E700BF180B002075
:1081B000DC0E0120340301203003012008EC0020F4
:1081C0005086002024030120340B0020440B0020A3
:1081D00018030120200B00201C0B002008F1010ACD
:1081E0004E4A4F495B46504601F0DEFF00280ADD4B
:1081F0000C9AD11E07298ED81AF802103E298AD16E
:1082000008F10208F7E698F801203E2AF0D1454B24
:10821000C4F82890C5E90033C6F800907BE7059ABA
:10822000002A5BD04D2284F830200B210122C4E9C2
:108230000D120022E26340E7A9F56163079310E79E
:108240000DF12E0302930BAB00933749CDF80CB020
:10825000CDF804B05B460DF12A02404601F0A4FFC0
:1082600003287FF458AFBDF82A305A1E0B2A3FF678
:1082700052AFBDF82C20511E04293FF64CAFBDF87B
:108280002E1006293FF647AFC9E9033289F808A046
:10829000C9F814100C9B984410E70AABCDE901B360
:1082A0000DF1260300932149CDF80CB05B4609AAD5
:1082B000404601F079FF504518DDBDF826300C9995
:1082C000C3EB0312BDF8283003EB8203BDF8242072
:1082D00088444FF4616101FB023301E762614D2282
:1082E000227203200222C4E90302E6E64A230020A8
:1082F0000021C4E90801C4E91201C4E903AAC4E9E0
:1083000005AAC4E90DAAC4E90FAA2372C4F828A0DB
:1083100084F83030C4F850A0FDE600BF18030120F7
:10832000200B002024030120580B00206C0B0020A0
:1083300070B50D4E0D4D761BB61006D0002455F8C5
:10834000043B01349847A642F9D1094E094D761BEA
:1083500005F0FCF9B61006D0002455F8043B0134B2
:108360009847A642F9D170BDA0340060A0340060E7
:10837000A4340060A0340060704700BF704700BFA5
:10838000704700BF704700BF704700BF704700BF15
:10839000014B93F8280170477CE6002000487047A5
:1083A0006CE700200000000000000000000000005A
:1083B00000000000A2EB0300704700BF02780B78BA
:1083C000012A28BF9A42F5D16DE9044540EA01042B
:1083D000CDE902676FF0000C4FEA447212B380EAF5
:1083E000010414F0070F6AD100F0070420F0070021
:1083F00004F0030521F007014FEAC505F0E8042366
:1084000014F0040FF1E804670CFA05F462EA0402C0
:1084100066EA04060AD063EA0403624667EA0407D0
:10842000664603E0F0E80423F1E8046782FA4CF5BD
:1084300082EA0604A4FA8CF46CBB83FA4CF583EA56
:108440000705A5FA8CF595B950E9022351E90267B1
:1084500082FA4CF582EA0604A4FA8CF483FA4CF50D
:1084600083EA0705A5FA8CF52543DBD09CB92DBA24
:10847000B5FA85F424F0070427FA04F1DDE9026770
:1084800023FA04F303F0FF0001F0FF01FDE80445C7
:10849000A0EB0100704724BAB4FA84F424F0070476
:1084A00026FA04F1DDE9026722FA04F202F0FF0085
:1084B00001F0FF01FDE80445A0EB0100704714F056
:1084C000030F3CD110F0030428D150F8082B51F8C9
:1084D000083B82FA4CF582EA0305A5FA8CF55DB9F2
:1084E00050F8042C51F8043C82FA4CF582EA03055A
:1084F000A5FA8CF5002DE8D02DBAB5FA85F424F054
:10850000070423FA04F122FA04F202F0FF0001F05A
:10851000FF01FDE80445A0EB010070474FEAC404E9
:1085200020F0030050F8082B21F0030151F8083B1C
:108530000CFA04F462EA040263EA0403C9E710F0E7
:1085400003041AD0A1EB040120F00300E40750F863
:10855000042B06D00FD28B785FFAA2F4E41A06D16E
:108560002BB1CB785FFAB2F4E41A00D11BB92046E4
:108570005DF8104B704701F1040150F8042BCC0753
:1085800021F0030151F8043B48D824D222F07F4463
:1085900082FA4CF594EA1325A5FA8CF50AD165B94F
:1085A00051F8043B84EA0204B4EB036F0ED150F897
:1085B000042BEBE74FEA132355E035F07F454DD10F
:1085C0000878FDE80445C0F1000070474FEA1262E8
:1085D00003F0FF0347E002EA1C4482FA4CF594EAF8
:1085E0001345A5FA8CF50AD165B951F8043B84EA24
:1085F0000204B4EB034F0CD150F8042BEBE74FEA25
:10860000134330E015EA1C4528D10B884FEA12428B
:1086100029E04FEA124203EA1C4324E002F0FF047F
:1086200082FA4CF594EA1365A5FA8CF50AD165B97E
:1086300051F8043B84EA0204B4EB032F09D150F84B
:10864000042BEBE74FEA13630DE015F0FF0F05D1A4
:108650000B684FEA122223F07F4304E04FF0000042
:10866000FDE80445704712BA1BBA82FA4CF482EA5C
:108670000304A4FA8CF5B5FA85F402FA04F203FABD
:1086800004F34FEA1260FDE80445A0EB1360704765
:1086900080EA0102844612F0030F4FD111F0030F5C
:1086A00032D14DF8044D11F0040F51F8043B0BD0BA
:1086B000A3F101329A4312F0803F04BF4CF8043B0F
:1086C00051F8043B16D100BF51F8044BA3F101321D
:1086D0009A4312F0803FA4F101320BD14CF8043BD5
:1086E000A24312F0803F04BF51F8043B4CF8044B06
:1086F000EAD023460CF8013B13F0FF0F4FEA332377
:10870000F8D15DF8044B704711F0010F06D011F855
:10871000012B0CF8012B002A08BF704711F0020F43
:10872000BFD031F8022B12F0FF0F16BF2CF8022B2E
:108730008CF8002012F47F4FB3D1704711F8012B51
:108740000CF8012B002AF9D1704700BF0148FFF750
:1087500019BE00BF9C0101200148FFF717BE00BFF2
:108760009C01012011F0FF01034644D0820732D161
:1087700010B5046841EA012E4EEA0E4E8EEA04025C
:10878000A2F1013323EA0203A4F1013222EA040236
:10879000134313F0803F0FD150F8044F84EA0E0CBE
:1087A000A4F10133ACF1013223EA040322EA0C0202
:1087B000134313F0803FEFD0037823B936E010F86D
:1087C000013F002B32D09942F9D110BD8A4211D01D
:1087D0009A071846CCD0184613F8012B002AF5D179
:1087E000104670479907184607D01846013302789B
:1087F000002AF7D170478207F7D10268A2F101334E
:1088000023EA020313F0803F08D150F8042FA2F1AD
:10881000013323EA020313F0803FF6D00378002BE4
:10882000E8D010F8013F002BFBD17047184610BD6F
:1088300010B4044C03460A4620685DF8044B194600
:1088400000F002B804EC002038B5A1FB02148CBB88
:10885000FEF7E6FE0546E0B150F8042C22F00302D4
:10886000043A242A17D8132A1AD91B2AC0E900442B
:108870001DD9242A14BF00F1100200F118024FF094
:108880000003C0E9024404BF04614461C2E900334B
:108890009360284638BD2146FFF768FA284638BD60
:1088A00002460023C2E900339360284638BD00F138
:1088B0000802F6E7FEF7C6FD0C2300250360E8E793
:1088C000002910B491FBF2F302FB13140DDB002C12
:1088D00004DBC0E900345DF8044B7047A41A01338F
:1088E000C0E900345DF8044B7047002CC4BFA418E5
:1088F00003F1FF33C0E900345DF8044B704700BF5B
:1089000010B4044C03460A4620685DF8044B19462F
:1089100000F002BD04EC002010B582B0049CCDE94B
:1089200000344FF0FF3304F01BFB02B010BD00BF5A
:108930002DE9F04F9BB08346019210464BEA0202AC
:108940009A469307049140F0B182B0F1040918BF30
:108950004FF00109019B9A0802925B0000220592E8
:1089600007934F465646049B062B40F2DB80049B40
:10897000019A4FEA5308072B02FB08B800F0DB818D
:10898000049A0199531E282A01FB03BA00F20E82B1
:1089900054465D4641462846B04700282146404699
:1089A000C0F2F881B047002854DD002F5BD1019B55
:1089B000DBF80020D8F80010CBF800105B44C8F8B2
:1089C00000200893089B0993534562D8019A0693A7
:1089D0001C46002355465946C2F10009D3469A4623
:1089E00020460391B04700280399A04640F34E81EA
:1089F000A345C0F0EE80A846039455468A460DE094
:108A0000DBF80010D8F80030CBF80030C8F80010C0
:108A1000C8440125CB44A345C0F09B82514658462B
:108A2000B0470028C0F2C080F4D1002FE8D0012F59
:108A300000F00E81019A41465B460BEB020C087870
:108A40001A7803F8010B01F8012BACEB0302002AA2
:108A5000F5DCDDE721462846B04715EA200838BF97
:108A6000A046002FA3D0012F00F01082019B0BEB3A
:108A700003005A46089098F80010137802F8011B7A
:108A800008F8013B831A002BF5DC089B099353453A
:108A90009CD9049A019B03FB02B4089A944231D9F1
:108AA000DDF824805D42C34528D2C24609E0D9F8EA
:108AB0000030DAF80020C9F80020CAF80030DA45A2
:108AC0001CD9D146AA4449465046B047002815DD76
:108AD000002FECD0012F00F0FA80079A53460AEBE2
:108AE0000200197899F8002009F8011B03F8012BFE
:108AF000A0EB0902002AF4DCDA45E2D8019B984495
:108B00004445D0D8059B002B4BD0059B1AAA013BAE
:108B1000059302EBC30353E910B30493049B062BA4
:108B20003FF625AF019B049A0BEB030503FB02B84C
:108B3000A845E7D9DDF81C90CDF80C805C42AB4528
:108B400027D2AA4609E0D8F80030DAF80020C8F8A1
:108B50000020CAF80030DA451BD9D046A24441466D
:108B60005046B047002814DD002FECD0012F00F054
:108B7000BB8053460AEB0900197898F8002008F8E2
:108B8000011B03F8012BA0EB0802002AF4DCDA45F4
:108B9000E3D8019B1D44039BAB42D0D8059B002B1F
:108BA000B3D11BB0BDE8F08F45465146DDF80C80CF
:108BB000002F5AD1019B2268DBF800002060CBF81F
:108BC00000201C44CB44A0464FF0010AA345BFF44B
:108BD00007AF5246DA468B46002A3FF45AAF049B51
:108BE000019A02FB03B4069BA8EB0309A3EB0B025B
:108BF0004A45A8BF4A46002A40F0A2800199621B5C
:108C0000A5EB0A03521A9A4228BF1A46002A40F0DE
:108C10001B8199454D46A4EB030004D25A461D46DC
:108C200083464B461046019A93426AD90599072913
:108C300000F2FB80B3FBF2F3B5FBF2F504931AAB41
:108C400003EBC10343E910B54B1C059383468AE649
:108C5000029945465846013903682A6840F8042BB2
:108C6000002945F8043BF6DCD2E6012F1FD0019B1A
:108C70005A461C44107898F8003008F8010B02F8A6
:108C8000013BA4EB0803002BF4DC9BE70BD1002F86
:108C900040D1069B20681A6818602260019A9818D3
:108CA00006904FF0010A019B1C44A0468EE7029AF1
:108CB000DC46013AD8F80030DCF8000048F8040B34
:108CC000002A4CF8043BF4DC019B1C447AE7029B2D
:108CD0005146013BD9F80020086849F8040B002BE5
:108CE00041F8042BF5DCEAE6029B5146013BD8F83B
:108CF0000020086848F8040B002B41F8042BF5DC31
:108D000029E7019B9D427FF6FDAE019BB5FBF3F386
:108D1000049328E6012F00F0A780069A019BD01843
:108D200098F800C0137802F801CB08F8013B831AC9
:108D3000002BF5DCB4E7079B13440BEB430A34E646
:108D4000022FA8EB020140F0C5805A44584691F822
:108D500000C0037800F801CB01F8013B131A002B87
:108D6000F5DC0199621BA5EB0A03521A9A4228BF4F
:108D70001A46002A3FF44DAFA01A4244057898F8ED
:108D8000001008F8015B00F8011BA2EB08010029A4
:108D9000F4DC3EE7B0470028FFF607AE2146284640
:108DA000B04714EA200838BFA846FEE5D20801FB08
:108DB00002F30BEB0305294658461C460393B047C4
:108DC0004FEA440900280BEB440421462846C0F230
:108DD0009B80B047002875DD039BA8EB0304414648
:108DE0002046B047039B002808EB0301069140464C
:108DF000C0F2A280B04700285BDD039CAAEB090902
:108E00004C4421464846B047002851462046C0F20F
:108E10008780B04700283FF7BDAD51464846B04770
:108E200019EA200438BF5446B4E5019CB3FBF4F1C1
:108E300022463346FFF77CFDA5427FF666AE019BD6
:108E4000B5FBF3F304938EE5022FA4EB020094D05C
:108E50009208013AD8F80010056848F8045B002A27
:108E600040F8041BF5DCD4E6DDF818C0029ADCF803
:108E70000030D8F800004CF8040B013A002A48F8FA
:108E8000043BF4DC0698019B184409E7029A584613
:108E9000013A0368D8F8001040F8041B002A48F88B
:108EA000043BF5DC019B5B4408938BE54FF0020922
:108EB00050E506992046B047069914EA200838BFC5
:108EC00088469AE721465846B0471BEA200538BF36
:108ED000254681E792085846A446013A03680C6883
:108EE00040F8044B002A41F8043BF6DC0199644643
:108EF000621BA5EB0A03521A9A4228BF1A46002A9F
:108F00003FF487AEA01AA3E7B0470028FFF664AF8E
:108F100021465846B04714EA200538BF5D465BE756
:108F2000B0470028FFF636AD51464846B0471AEA2A
:108F3000200438BF4C462DE5B0470028FFF65DAF52
:108F400006992046B047069911EA200838BFA04686
:108F500053E753462A46DA4645469B46DDF80C80E1
:108F60003AE600BF38B5074D0022044608462A609D
:108F7000FAF70AF9431C00D038BD2B68002BFBD050
:108F8000236038BD5C050120024A0349034801F013
:108F9000E7B800BFF8EB002079690200E8E40020A0
:108FA0000C4B4168994210B5044601D003F01EFEF7
:108FB000A168094B994202D0204603F017FEE168F0
:108FC000064B994204D02046BDE8104003F00EBE87
:108FD00010BD00BFDC01012044020120AC020120D1
:108FE0002DE9F8432A4C2B4B2B48DFF8C090DFF8D3
:108FF000C0802A4F1860002504230822294604F166
:109000005C00274E6566C4E90253C4E90055C4E913
:109010000455A561FEF7AAFE224B63670822294684
:1090200004F1C400C4E90749C4E90987C4E91A5531
:10903000C4E91E55C4F8CC502567C4F88050E662D8
:10904000FEF794FE184BC4F8DC30294604F168039F
:10905000082204F59670C4F88430C4E92298C4E963
:109060002476C4E93455C4E93855C4F83451C4F8F9
:10907000D850C4F8E850FEF779FE04F1D003C4E9F3
:109080003C98C4E93E76C4F8EC30BDE8F88300BFF4
:10909000DC01012014030120152D0200E904020067
:1090A000090502000900010012000200810402000B
:1090B000A904020010B504460A48FFF763F9636B80
:1090C00023B9094B094A1B68626323B1BDE810400C
:1090D0000448FFF75BB9FFF783FFBDE81040014884
:1090E000FFF754B9A0010120140301202D2D020027
:1090F0000148FFF747B900BFA00101200148FFF771
:1091000045B900BFA00101200000000000000000E0
:109110000000000001F0FF01102A2BDB10F0070F08
:1091200008D010F8013B013A8B422DD010F0070F08
:1091300042B3F6D1F0B441EA012141EA014122F003
:1091400007047FF000070023F0E80256083C85EA98
:10915000010586EA010685FA47F5A3FA87F586FA3E
:1091600047F6A5FA87F68EB9EED1F0BC01F0FF0103
:1091700002F0070232B110F8013B013A83EA010321
:1091800013B1F8D10020704701387047002D06BF99
:1091900035460338073815F0010F07D1013015F4B3
:1091A000807F02BF013015F4C03F0130F0BC0138B0
:1091B000704700BF90F800F06DE9024520F007010C
:1091C0006FF0000C10F0070491F820F040F0498097
:1091D0004FF000046FF00700D1E9002391F840F050
:1091E00000F1080082FA4CF2A4FA8CF283FA4CF3F4
:1091F000A2FA8CF34BBBD1E9022382FA4CF200F1C4
:109200000800A4FA8CF283FA4CF3A2FA8CF3E3B9C7
:10921000D1E9042382FA4CF200F10800A4FA8CF29E
:1092200083FA4CF3A2FA8CF37BB9D1E9062301F15E
:10923000200182FA4CF200F10800A4FA8CF283FAC1
:109240004CF3A2FA8CF3002BC6D0002A04BF0430E2
:109250001A4612BAB2FA82F2FDE8024500EBD200D9
:109260007047D1E9002304F00305C4F100004FEA80
:10927000C50514F0040F91F840F00CFA05F562EA08
:1092800005021CBF63EA050362464FF00004A9E72C
:1092900070B50C785E2C86461ED00022481C944681
:1092A0000EF1FF330EF1FF0103F8012F8B42FBD1CA
:1092B00084B18CF001010EF80410451C15F8013C36
:1092C0002D2B0ED05D2B03D01BB11C462846F2E798
:1092D000284670BD013870BD01224C78881C944628
:1092E000DEE790F801C0BCF15D0FEED06445ECDC28
:1092F000661C02300EEB060202F8011BA2EB0E0305
:10930000013B9C45F8DCACEB0403013B6445A8BF82
:10931000002302359C19D1E72DE9F84F17460029A3
:1093200000F098800C4607F10B058046FFF70EFA17
:10933000162D54F8041C5BD810252A46AF425CD881
:1093400021F003069642A4F1080962DABC4BD3F877
:1093500008C009EB0600844500F09780D0F804C0EF
:109360002CF0010303445B68DB0768D42CF0030C8A
:1093700006EB0C03934247DACB0710D454F8083CB1
:10938000A9EB030ADAF8043023F003018C44B44457
:10939000944580F211817318934280F2E880394637
:1093A0004046FEF73DF90746E0B154F8043C23F08F
:1093B00001034B44A0F10802934200F0D280321F17
:1093C000242A00F2F580132A00F2AC8003462246DC
:1093D000116819605168596092689A602146404648
:1093E00000F0D6F94046FFF7B7F93846BDE8F88FE8
:1093F00025F00705002D2A46A0DA0C23C8F8003016
:1094000000273846BDE8F88F1E46D0E90223D36016
:109410009A60731B0F2B22D8D9F8043003F0010394
:1094200033434E44C9F80430736843F0010373605A
:1094300040462746FFF790F93846BDE8F88FC90740
:10944000ADD454F8083CA9EB030ADAF8041021F073
:109450000301A0E7BDE8F84F1146FEF7E1B8D9F8DF
:10946000042009EB050102F001024E4443F0010320
:109470002A43C9F804204B60736843F001030831A4
:109480007360404600F084F9D2E7DCF8040020F075
:10949000030B06EB0B0C05F1100084454DDAC907F0
:1094A0003FF57DAF54F8081CA9EB010ADAF8041067
:1094B00021F003018B44B34458453FF76CAF574646
:1094C000DAF80C1057F8080F321F242AC1608860A0
:1094D00000F2DB80132A40F2D6802168CAF8081017
:1094E0006168CAF80C101B2A00F2DF8008340AF108
:1094F00010022168116061685160A16891600AEBF7
:109500000501ABEB050242F0010299604A60DAF80E
:10951000043003F001032B434046CAF80430FFF740
:109520001BF96EE723680360636843601B2A68D8F1
:1095300004F1080200F108034AE709EB05029A600A
:10954000ACEB050343F00103536054F8043C03F013
:1095500001032B43404644F8043CFFF7FDF827463F
:109560004FE750F8043C23F003031E4451E75746ED
:10957000DAF80C1057F8080F321F242AC1608860EF
:109580004CD8132A48D92168CAF808106168CAF86B
:109590000C101B2A56D808340AF110021E46236804
:1095A000136063685360A3689360D1463C4630E71C
:1095B0002146FEF73FFB11E7D0E902135746CB6087
:1095C000996057F8081FDAF80C30CB60321F242A54
:1095D00099602DD8132A29D92368CAF808306368FE
:1095E000CAF80C301B2A42D808340AF1100322684A
:1095F0001A6062685A60A2689A606646D1463C4624
:1096000007E7A3688360E368C360242A26D004F1D7
:10961000100200F11003DBE63A46BFE72146384668
:109620001E46D146FEF706FB3C46F2E63B46DEE729
:10963000214638466646D146FEF7FCFA3C46E8E647
:10964000E8E70020A168CAF81010E168CAF8141011
:10965000242A20D010340AF118029FE723690361FD
:109660006169416104F1180200F11803B0E6A368D2
:10967000CAF81030E368CAF81430242A21D0103414
:109680000AF11803B3E73A4633E721463846FEF7B6
:10969000D1FA164B33E72269CAF818206269CAF872
:1096A0001C2018340AF1200278E7A168CAF81010CB
:1096B000E168CAF81410242A0DD010340AF11802F7
:1096C00017E72369CAF818306369CAF81C301834E0
:1096D0000AF120038BE72269CAF818206269CAF8E8
:1096E0001C2018340AF1200203E700BFE8E700203D
:1096F000F8B5244F0C460646FFF728F8BB685D68AE
:10970000C4F57E610F3125F003054B1923F47F6307
:1097100023F00F03A3F58054B4F5805F07DB00212D
:10972000304600F00BFDBB682B44984204D0304615
:10973000FFF712F80020F8BD6142304600F0FEFC51
:1097400001300DD0104ABB682D1B45F001055D604E
:10975000136830461B1B1360FEF7FEFF0120F8BDA7
:109760000021304600F0EAFCBA68831A0F2BDEDDD8
:1097700043F001035360054B03491B68C01A08609E
:10978000D5E700BFE8E70020A8010120F0EB0020AA
:10979000002961D0F8B50C460646FEF7D7FF54F80D
:1097A000042C7B4FA4F1080522F0010105EB010C0C
:1097B000B868DCF80430604523F0030300F08B80C8
:1097C000D207CCF8043032D454F8082CAD1A114426
:1097D000AA6807F1080082426AD00CEB0304D4F8AF
:1097E00004E0EC68D4601EF0010FA26000F09780E6
:1097F00041F001036B60CCF80010B1F5007F35D269
:109800007868CB080122490901338A40024357F89E
:1098100033107A6007EBC302083AC5E9021247F831
:109820003350CD603046BDE8F840FEF795BF0CEBF5
:1098300003025268D00710D4194407F10800DCF87D
:109840000830834273D0DCF80C20DA60936041F07A
:1098500001036B606950D0E7704741F00103B1F537
:10986000007F44F8043CCCF80010C9D3B1F5206F58
:109870004FEA512348D28B0903F1390003F1380232
:10988000C300F818FB580838984259D05A6822F09B
:1098900003028A4202D99B689842F7D1D868C5E989
:1098A00002308560DD603046BDE8F840FEF754BF09
:1098B0000CEB03025268D20763D40B44DCE90212BA
:1098C000CA60916043F001026A603046EB50BDE827
:1098D000F840FEF741BF0B44D10707D454F8082CD9
:1098E000AD1A1344D5E90212CA60916043F0010237
:1098F0006A60284ABD6012689A4293D8264B304667
:109900001968FFF7F5FE8DE7142B0AD9542B1FD8E1
:109910000B0B03F16F0003F16E02C300B1E71944B2
:109920008DE703F15C0003F15B02C300A9E741F09E
:109930000103C7E90455C5E902006B60695071E78E
:1099400079689210012404FA02F20A437A60A6E7C9
:10995000B3F5AA7F06D8CB0B03F1780003F17702A9
:10996000C3008EE740F25452934206D88B0C03F1A9
:109970007D0003F17C02C30083E74FF47E737E22F7
:109980007FE741F001036B60CCF800104AE700BFAD
:10999000E8E70020F4EB0020D8010120012B2DE99D
:1099A000F84F40D0242B98463DD84C4D8E467646F5
:1099B0001EF801BB15F80B4014F00804F7D1BBF1F9
:1099C0002D0F72D0BBF12B0F08BF9EF800B06FF0C7
:1099D000004908BF06F1020E002B42D0102B57D0D1
:1099E000B9FBF8F700252E4608FB179A05E033D09F
:1099F00008FB06C601251EF801BBABF1300CBCF11B
:109A0000090F06D9ABF1410CBCF1190F12D8ABF11B
:109A1000370C634517DDB5F1FF3FECD0B742E6D216
:109A20004FF0FF35E7E7FDF70DFD1623036000203B
:109A3000BDE8F88FABF1610CBCF1190F03D8ABF1A5
:109A4000570C6345E7DC6B1C27D08CB90AB1A5BB6A
:109A500011603046BDE8F88FE245C9DA4FF0FF35B6
:109A6000C9E7BBF1300F05D04FF00A084346B7E70E
:109A70007642EBE79EF8003003F0DF03582B21D14C
:109A80004FF010089EF801B043460EF1020EA7E712
:109A9000BBF1300F1AD09846A2E72223036072B1BF
:109AA0000EF1FF314E461160D3E79EF800B04FF043
:109AB000004906F1020E01248EE7B146F0E74E465A
:109AC0003046C7E74FF00808434689E79EF8005044
:109AD00005F0DF05582DD3D0984681E7F109002025
:109AE000FFF75CBF2DE9F04707464C480E46354668
:109AF00016F801EB10F80EC01CF0080CF7D1BEF1FF
:109B00002D0F5AD0BEF12B0F03BF96F800E064462C
:109B1000AE1C64465BB1102B54D04FF0FF38B8FB3D
:109B2000F3F803FB08FA6FEA0A0A994608E0BEF167
:109B3000300F5AD00A23DFF8E8804FF0050A994623
:109B40000025284605E02CD009FB00C0012516F8A9
:109B500001EBAEF1300CBCF1090F06D9AEF1410CAE
:109B6000BCF1190F0BD8AEF1370C634510DDB5F120
:109B7000FF3FECD04045E6D94FF0FF35E7E7AEF1C7
:109B8000610CBCF1190F03D8AEF1570C6345EEDC44
:109B90006B1C0BD004B140420AB165B91160BDE83D
:109BA000F087D445D0DD4FF0FF35D0E722233B606E
:109BB0002846002AF3D0711EF0E796F800E0012451
:109BC000AE1CA7E7BEF1300F21D1307800F0DF00E6
:109BD000582816D14FF0100996F801E04FF00F0AFF
:109BE00002366FF070484B46AAE7337803F0DF0384
:109BF000582BEFD008234FF0070A6FF060489946C2
:109C00009EE799466FF070484FF00F0A98E74FF0C3
:109C10000F0A6FF07048994692E700BFF1090020E3
:109C200099999919FFF75EBF10B4054C8446134605
:109C300020685DF8044B0A466146FFF753BF00BF3A
:109C400004EC00202DE9F047DFF8748006468946D1
:109C5000174603F059FAD8F8005055B199F800307A
:109C60001C4673B14C4602E014F8013F3BB13D2B5A
:109C7000FAD1304603F04EFA0020BDE8F087A4EB9D
:109C8000090428680028F4D022464946FCF7B2FCB3
:109C900028B92B681A5D3D2A03EB040A04D055F855
:109CA000040F0028F0D1E4E7D8F80030EB1A9B103D
:109CB00030463B6003F02EFA0AF10100BDE8F08760
:109CC0004CEE002000B583B001AAFFF7BBFF03B044
:109CD0005DF804FB2DE9F04F85B01F46574B03900C
:109CE0008A4600920D462A4615F8014B1E5D16F075
:109CF0000806F8D12D2C75D02B2C05BF2C78029698
:109D00000296951C4FF0FF366FF0004B2FB1102FCD
:109D10006FD0B8464FEAE77905E0302C74D04FF0A9
:109D20000A08B946474642464B4630465946FCF774
:109D3000B5FA0023019284460A461846194611E0F6
:109D40008A4208BF84453DD000FB09F308FB01337C
:109D5000A0FB08010B441EEB000043EBEE71012356
:109D600015F8014BA4F1300EBEF1090F06D9A4F18C
:109D7000410EBEF1190F0CD8A4F1370E774511DD55
:109D80005C1CEDD0844572EB0103D9D24FF0FF3358
:109D9000E6E7A4F1610EBEF1190F03D8A4F1570E46
:109DA0007745EDDC5A1C13D0029A12B1404261EBA8
:109DB0004101009A1AB1A3BB009BC3F800A005B0F3
:109DC000BDE8F08F019B7345BEDA4FF0FF33C7E764
:109DD000039A22231360009B33B305F1FF3A304608
:109DE0005946E9E701232C780293951C4FF0004B6C
:109DF0008CE7302C04D12B7803F0DF03582B08D0EC
:109E0000B8464FF000098EE72B7803F0DF03582B9C
:109E10000FD14FF010086C784FF00009023547461B
:109E200081E706468B46D8E73046594605B0BDE87F
:109E3000F08F4FF00808B946474674E7F109002053
:109E4000FFF748BF71B1034600EB010C01E0634529
:109E500006D01A46013311780029F8D1101A70473C
:109E6000181A7047084670472DE9F04F85B08B46A9
:109E70000192624A03901E460D46294615F8014B91
:109E8000135D13F00803F8D12D2C00F082802B2CE9
:109E900003BF2C7802938D1C0293BEB1102E7DD08F
:109EA0004FEAE67A324653464FF0FF304FF0FF312B
:109EB000FCF7F4F932460746884653464FF0FF3028
:109EC0004FF0FF31B146FCF7E9F90AE0302C79D0C8
:109ED0004FF00A09DFF82881B24605224FF0993782
:109EE0004E464FF0000C6046614611E0414508BF08
:109EF000B8423ED000FB0AF409FB0141A0FB090473
:109F00002144181841EBE3714FF0010C15F8014B97
:109F1000A4F13003092B05D9A4F14103192B0DD865
:109F2000A4F137039E4211DDBCF1FF3FEED0874222
:109F300078EB0104DAD24FF0FF3CE7E7A4F16103CC
:109F4000192B03D8A4F157039E42EDDCBCF1FF3F6F
:109F500014D0029B13B1404261EB4101019B2BB134
:109F6000BCF1000F12D1019BC3F800B005B0BDE8F1
:109F7000F08F9342BEDD4FF0FF3CC7E7039A2223E8
:109F80001360019B60466146002BEFD005F1FF3B5B
:109F9000E9E701232C7802938D1C7EE7302C23D136
:109FA0002B7803F0DF03582B1BD14FF010096C788E
:109FB0000F2202354FF0FF376FF070484FF0000A64
:109FC0004E468EE72B7803F0DF03582BEDD04FF091
:109FD0000809B24607224FF0FF376FF060484E463F
:109FE0007FE74FF0000A5DE70F224FF0FF376FF079
:109FF0007048B1464FF0000A73E700BFF109002036
:10A0000099999919FFF730BF38B50C46084D844629
:10A01000114620461A4600232B606446F9F7C0F823
:10A02000431C00D038BD2B68002BFBD0236038BD0B
:10A030005C05012038B50C46084D84461146204683
:10A040001A4600232B606446F9F79CF8431C00D0A5
:10A0500038BD2B68002BFBD0236038BD5C05012088
:10A060000048704708E600200EB410B583B005AB79
:10A07000064C53F8042B01930146206801F09AFD29
:10A0800003B0BDE8104003B0704700BF04EC0020EF
:10A09000002100F001B800BF10B500F04BF90446F4
:10A0A00000F01CF8A0F11A03DBB2022B06D9A4F1D0
:10A0B000090004288CBF0020012010BD012010BD24
:10A0C00049B1FF2A02D80A70012070478A23036031
:10A0D0004FF0FF3070470846704700BF154B98425D
:10A0E00023D870B5144E4FF0000E40F6DB0403E0A9
:10A0F00002F1010EA64516DC04EB0E0222F001036C
:10A1000003EB620306EB4303521059785D88B3F802
:10A1100004C041EA05218C446045E9D8884206D252
:10A12000541EA645E8DDFF2070BDFF20704718785B
:10A1300070BD00BFEF010E004426002038B5074D6A
:10A140000022044608462A60F9F702F8431C00D0B2
:10A1500038BD2B68002BFBD0236038BD5C05012087
:10A160002DE9F84380460F4616464FF00009D6E920
:10A170000154013D11D4A389012B05F1FF3508D904
:10A18000B4F90E300133214603D04046B84749EABE
:10A1900000096B1C04F16804EDD13668002EE6D18D
:10A1A0004846BDE8F88300BF0EB410B59FB021AC9F
:10A1B0004FF4017154F8042B0192ADF81C10049077
:10A1C0000890FEF7F7FF059009900B480B490C919A
:10A1D00000234FF6FF7C10931593019A0068ADF8A9
:10A1E0001EC0234604A9039400F070F91FB0BDE817
:10A1F000104003B0704700BF04EC0020A50402002B
:10A20000022932D00329C0F307231DBFA0F1800229
:10A2100083F08003D2B2C2B203F15001C9B21F2948
:10A2200006D84CF6D371884269D94FF0FF30704799
:10A2300003F13001C9B224290ED84FF2A641884259
:10A24000F3D8D03BC3EBC313A2F1A10000EB430052
:10A25000304A32F810007047A13B072BE5D8DFE801
:10A2600003F0483E342E29252119C2B29E2AC0F39C
:10A2700007210BD92332D2B280239F2994BF703992
:10A28000503103EB410303F0FF03C5E77E3AD2B23E
:10A290007F23F2E7C02AC8D81F4BA2F1A10033F8F0
:10A2A00010007047F12AC0D81C4B19E0D82ABCD83E
:10A2B0001B4B15E0F62AB8D802F540507047F32A38
:10A2C000B3D802F53E5020307047164B134413F8B4
:10A2D000A13C002BA9D002F57E4060307047124BA4
:10A2E000A2F1A10033F81000002808BF4FF0FF30A2
:10A2F00070470E4BA2F1A10033F810007047B03B3D
:10A30000C3EBC313A2F1A10000EB4300084A32F8EB
:10A31000100070476C5B0020980E0020F40D0020A8
:10A32000840D0020280D00206C0C0020B00B0020B4
:10A33000E40E002038B50546B9B101F5957412490F
:10A340002046FEF73BF828B928460121BDE83840F1
:10A35000FFF756BF0D492046FEF730F838B92846BA
:10A360000221BDE83840FFF74BBF094CE7E7094938
:10A370002046FEF723F828B928460321BDE83840D7
:10A38000FFF73EBF284638BD040B0020080B002015
:10A39000A6E70020100B002038B54B1C1AD093897B
:10A3A0001446126B23F02003A381CDB2AAB16268D8
:10A3B000636B9A4209DA23685A1E226003F8015C33
:10A3C000636801336360284638BD214602F05AFFB6
:10A3D0000028F0D04FF0FF35F5E7236922682BB154
:10A3E000934203D212F8013CAB420FD06168E163A3
:10A3F0002346A26304F1400103226263216303F850
:10A40000425F0122C4E90032284638BD6368013A40
:10A410000133C4E90023D6E72DE9F04F85B0CDE93B
:10A42000023202FB03F30E9C0193A3B3D4F804A001
:10A43000019B53458B4646D9A046019D58F8401BC9
:10A440000746002652465846F8F7ECFC2368226B74
:10A450005344A946C4E9003611463846D344A5EB17
:10A460000A05E2B1424501D0FFF792F9E36B26639A
:10A470006360A3B1A16B2160AB429A46E2D3029B19
:10A4800001932A465846F8F7CDFCD4E90032521B16
:10A490002B44C4E90032019805B0BDE8F08F019A61
:10A4A000039B5244A2EB0902B2FBF3F30193A3898D
:10A4B0002269019843F02003A3810023C4E900230B
:10A4C00005B0BDE8F08F21681D46D8E72DE9F04FB3
:10A4D0002DED028BE3B08846B1F90C1002AF824635
:10A4E000880491463B6209D4D8F8643041F40051A5
:10A4F00023F40053A8F80C10C8F8643000231C465D
:10A500000822194607F140007B61A346FDF72EFCA7
:10A510003C63BC61FC62BC62A84BD3F8E440FDF72D
:10A5200037FF07F140020346009207F13C014A461B
:10A530005046A047041E38DBFB6BA1442646002B87
:10A5400000F0C180012C3ED0252B46D0002CE3D05A
:10A55000A9EB0606D8F8043008F140021946134664
:10A56000751E4A469946002940F3BD80D8F8003050
:10A57000697893F800E0A81C0BEB000C8E4503F102
:10A580000103A0EB060005F10105ACEB060C40F061
:10A590009A80D8F80410C8F800300139A042C8F8F1
:10A5A0000410E0DB9146E346B6E74FF6FD73082260
:10A5B000002107F14000FB63FDF7D8FBFB6B09F1BD
:10A5C0000109002B7FD07E4AD25C110700F1B780D1
:10A5D000252B40F0A28001242646002599F8002072
:10A5E0007D63A2F1250309F10101552B6BD8DFE84A
:10A5F00013F09B026A006A006A006A008F026A0018
:10A600006A006A006A006A00D800D800D800D80042
:10A61000D800D800D800D800D800D8006A006A0056
:10A620006A006A006A006A006A006A006A0038020A
:10A630003F026A006A006A006A006A006A006A00F3
:10A6400098006A006A00BE016A006A006A00580247
:10A650006A006A006A006A00E9006A006A004F0244
:10A660006A006A006A006A006A006A006A00990269
:10A670004E086A006A006A007502810298006A004A
:10A680001E022A0263029D0248026A006A004C020E
:10A69000A00088026A006A00E9006A00A000D8F8F9
:10A6A0001010B8F80C300022C8E9001243F0200363
:10A6B000A8F80C30BB6A002B01F03180B8F80C30E0
:10A6C0005A0601F12C803B6B2BB13B6B1D6815B119
:10A6D0002846FCF79DFFB86A07F5C277BD46BDEC7A
:10A6E000028BBDE8F08FD8F8303050461946002B69
:10A6F000D5D04B4503D07A63FFF74AF87A6BD8F888
:10A700003C30C8F804300021C8F83010002BC6D007
:10A71000D8F83830C8F800302AE709F1FF360124AC
:10A7200018E72A07CFD199F8012045F0020589469C
:10A7300057E72B07C7D199F80120894651E7D8F888
:10A74000042008F14005002410E0D8F800301A7801
:10A750001B498A5C120703F101037FF5DDAED8F8CF
:10A760000420013AC8E900320BF1010B002AECDCAD
:10A77000D8F8303050461946002B00F0D987AB424C
:10A7800001D0FFF705F8D8F83C30C8F83040C8F8D9
:10A790000430002B00F0CC87D8F83830C8F80030EF
:10A7A000D5E715F08F0F8ED17B6B03EB830302EBA4
:10A7B0004302A2F130037B63BDE700BF7CE60020CB
:10A7C000F1090020F96145F40075B84B7B61102355
:10A7D000FB620324D8F80430002B40F3D68015F038
:10A7E000400600F0F080022C00F0AD81032C00F058
:10A7F0002683012C00F036827E6B012E38BF0126A5
:10A8000015F0010400F0838415F010037B6240F022
:10A810003A862A0640F1B587D7F8209059F8043BCC
:10A820003B61002B3FF44FAF8020FCF7E9FE05466B
:10A83000002801F001813B6918603B6BDC889A8835
:10A84000944280F0858618683B6940F824303B6B61
:10A85000C7F820900134DC802023BD60FB60D7F86E
:10A860001890C7F834B00024FDF792FDA0423FF4E1
:10A8700021AFD8E9001307F1580211F8010B105568
:10A88000013BB9F1030F04F1010BC8E9001307F113
:10A89000500402D12268042A04D008220021204654
:10A8A000FDF764FA00945B4607F1580229465046CA
:10A8B000FDF796F9B0F1FF3F81463FF4FBAE78BB60
:10A8C0007B6A03B92B607B6B5B447B63013E7B6AD5
:10A8D0004BB93B6933B1BB68EC1AFB68B3EBA40F0F
:10A8E00040F2C4840435D8F80430002B4FF0000443
:10A8F0001FDD002EB8D1D7F834B0C7F818903B69E7
:10A9000033B1BB68E91AFB68B3EBA10F00F2FD8617
:10A910007B6A13B9BB6A0133BB62D7F81C90FBE5B5
:10A9200010F1020F40F00481D8F8041000295C46B1
:10A930009ADCD8F83010002900F0A98708F140030C
:10A94000994202D05046FEF723FF0023C8F830306A
:10A95000D8F83C30C8F80430002B00F09887D8F8BD
:10A960003830C8F80030002E7FF47EAFC3E7F961BD
:10A9700045F001054D4B7B610823FB62D8F804309C
:10A98000002B4FF003043FF72AAFD8F8301000290E
:10A990003FF485AE08F14003994202D05046FEF7DD
:10A9A000F7FED8F83C30C8F804300022C8F8302050
:10A9B000002B3FF474AED8F83830C8F8003015F0EA
:10A9C00040067FF410AFD8F8002039491378CB5CEB
:10A9D00018077FF508AF08F1400908E00132C8F810
:10A9E000002033491378CB5C19077FF5FCAED8F80B
:10A9F0000430013B002B0BF1010BC8F80430EDDCF7
:10AA0000D8F8303050461946002B3FF448AE4B453D
:10AA100001D0FEF7BDFED8F83C30C8F83060C8F869
:10AA20000430002B3FF43BAED8F83820D7E72B0793
:10AA30007FF449AE99F801206C2A00F0068645F0B3
:10AA400001058946CDE515F08F037FF43CAE3A6BE6
:10AA5000002A00F0A08699F8012045F0800589467B
:10AA6000BFE5F96145F0010545F040050024B1E678
:10AA7000F96145F001050F4B7B610A23FB6203245A
:10AA8000A8E6F96145F408759FE6F9610224A1E69C
:10AA900007F18000FEF7FCFB45F04005F86101245A
:10AAA00098E6F96145F00105022493E6B139020008
:10AAB000F10900206D380200E806F9613FF52DAF7D
:10AAC0002A0700F100866B0740F18787D7E90793D3
:10AAD00053F8042B3B62A2F800B01DE528077FF471
:10AAE000F2AD99F80120682A00F0B78545F0040519
:10AAF000894676E5584B7B610023F961FB620324AC
:10AB000068E6564B7B610A23F961FB62032461E628
:10AB10007B6B2B437B637FF4D6AD99F80120102526
:10AB200089465EE5F9619FE789460FE5F96121E70E
:10AB30007B6B03285B447B637FF4C8AE2368042BE4
:10AB40007FF4C4AEC3E67B6B002B08BF4FF0FF332E
:10AB5000E8077B6340F11C8315F010037B6240F033
:10AB6000E484290640F103863E6A56F8049BB9F155
:10AB7000000F3FF4A8AD8020FCF742FD05460028F9
:10AB800000F05A873A6BC9F80000D48893889C4239
:10AB900080F00C8510683B6B40F824900134DC8019
:10ABA00020233E62FD603B61D8F800302C4A1B78C0
:10ABB000D35C13F0080440F08083BE69C7F80890A6
:10ABC000D146A246FDF7E4FB50453FF473ADD8E90A
:10ABD000003207F1580013F8011B00F80A10013A7F
:10ABE000032EC8E900320AF1010A07F1500402D12C
:10ABF0002368042B04D0082200212046FDF7B6F874
:10AC000007F158020094534629464846FCF7E8FFEE
:10AC1000421C06463FF44EAD002840F037832860C2
:10AC2000FFF736FA002840F05D85D3447B6B013B8B
:10AC30007B637B6A002B40F07786BB680435002B72
:10AC400000F07286FB68EC1A3B69B3EBA40F40F28C
:10AC5000FC86D7F824A01CE36D380200B13902004D
:10AC6000F10900207B6B002B08BF4FF0FF3315F07C
:10AC700001067B6300F0BC8115F010033B6140F0DE
:10AC80005C84280640F163853D6A55F8043BFB600F
:10AC9000002B3FF418AD8020FCF7B2FC8146002861
:10ACA00000F0CA86FB683A6B1860D48893889C428F
:10ACB00080F092841068FB6840F824303B6B3D6262
:10ACC0000134DC802023C7F808907B60BE69C7F898
:10ACD00024B00025FDF75CFBA8423FF4EBACD8E9BB
:10ACE000003207F1580013F8011B4155013A032EB9
:10ACF000C8E9003205F1010507F1480B03D1DBF883
:10AD00000030042B04D0082200215846FDF72EF80D
:10AD10004946CDF800B02B4607F158025046FCF7E3
:10AD20005FFF411C06463FF4C5AC00285CD1C9F862
:10AD30000000044607F15003082200211846BB61B9
:10AD4000FDF714F89049BB69D1F8E010224650464F
:10AD50000C4607F13801A047012868D0002207F10E
:10AD600080039B5C002B00F0C9857B6A032E2B447B
:10AD70007B625FD07B6B013B7B633B695BB9FB68AC
:10AD800009F104093BB1BB68A9EB03057B68B3EB90
:10AD9000A50F40F2AF82D8F80430002B4FF0000529
:10ADA0002ADD7B6B002B95D1D7F824B0BE613B69BF
:10ADB000002B7FF4B2ADC9F80030FB68002B3FF4E4
:10ADC000A9ADBB687A68A9EB03018B1001339A42E5
:10ADD0007FF6A0ADFC6804312068FDF791FD0028E6
:10ADE0003FF498AD206095E5821C40F08E86D8F83F
:10ADF0000430002B3FF76EAFD8F83010002900F078
:10AE0000658508F14003994202D05046FEF7C0FC28
:10AE10000023C8F83030D8F83C30C8F80430002B94
:10AE200000F05485D8F83830C8F80030B9E797F802
:10AE3000382094E7DBF80030042B9BD19DE77A6B38
:10AE4000531E262B40F26081A2F127033B6127238A
:10AE50007B634FF0000908F140034E467B624B468E
:10AE6000D7F8349045F4586407F15805D8F8001025
:10AE700091F800E0AEF12B0CBCF14D0F3CD8DFE8AF
:10AE80000CF07D3B7D3B3B8F696969696969698726
:10AE9000873B3B3B3B3B3B3B2727272727273B3B2E
:10AEA0003B3B3B3B3B3B3B3B3B3B3B3B3B3B3B71BC
:10AEB0003B3B3B3B3B3B3B3B2727272727273B3B5A
:10AEC0003B3B3B3B3B3B3B3B3B3B3B3B3B3B3B719C
:10AED000FA6A0A2A10DD24F4386405F801EBD8F880
:10AEE000040001380028C8F8040067DD0131B9F119
:10AEF0000109C8F80010B9D19946E10509D507F153
:10AF000058039D4200F2478207F158039D423FF4E7
:10AF1000DAAB14F0100214D1FB6A7E692A7007F1D3
:10AF200058015046B047A20600F1F481230740F1D2
:10AF300067833B6A53F8042B3B621070BB6A013392
:10AF4000BB6207F15803ED1A4D44AB44D7F81C908F
:10AF5000FFF7E2BAFA6A0D4830F91220FA6224F4D7
:10AF60003864BAE704F4C06CBCF5007FC4D124F4A3
:10AF70000074102244F4A064FA62AEE72006BBD548
:10AF800024F08004A9E700BF7CE600201026002002
:10AF9000F86AB44A32F91000F86208289BDCABE783
:10AFA00020059AD5FA6A1AB9082244F40074FA62A4
:10AFB000620540F1CD8124F4B0648EE7D8F83010FA
:10AFC000002900F0CC84786A814205D050467B632A
:10AFD000FEF7DEFB7B6B0026D8F83C10C8F830602B
:10AFE000C8F80410002900F0BA84D8F838107EE7B9
:10AFF000EB0600F14E8215F0800400F0B2833C6A4B
:10B0000054F8045B3D61002D3FF45DAB2020FCF75C
:10B01000F7FA0646002800F0F0843B6B2860B3F88E
:10B0200006909A88914580F0AB8218683B6940F899
:10B0300029303B6B3C6209F10109A3F806902024FA
:10B04000D8F8001007F180090B7819F80330002BAD
:10B050003FF439AB08F1400308EE10AAC7F80CB072
:10B06000D7F810A07B62CB463546D7F834903246ED
:10B0700007E0D8F8001008781BF80000002800F05E
:10B080004F81D8F804000138C8F80400481CC8F8FB
:10B090000000097802F8011BBAF1000F02D0561B1C
:10B0A000A64224D2B9F1010900F03A81D8F804107F
:10B0B0000029DEDCD8F83010002900F038847B6AE3
:10B0C000994205D018EE100A7A63FEF761FB7A6B9D
:10B0D000D8F83C10C8F804100023C8F83030002914
:10B0E00000F02584D8F83810C8F80010C3E76400D1
:10B0F00028462146FDF704FC0546002800F07D8423
:10B100008219CAF80000CDE700233B61A1E6EB06F7
:10B1100000F17E812C0640F125813B6A53F8045BE7
:10B120007D627B63002D3FF4CEAA3046FCF768FABF
:10B130000446002800F061843A6B2860B2F806905B
:10B140009388994580F0A68215687B6A45F8293076
:10B150003B6B09F101091FFA89F9A3F80690214612
:10B16000CDF80080334601225046FFF755F90446DA
:10B17000002800F0C084864240F203817D6A2146A7
:10B180002868FDF7BDFB002800F0FB802860F8E090
:10B19000E90600F12F8315F0800400F04C823C6A30
:10B1A00054F8043B7B62002B3FF48DAA2020FCF76F
:10B1B00027FA0646002800F02084396B7B6AB1F834
:10B1C00006908A881860914580F0ED8008683A6B97
:10B1D00040F8293009F10109A2F806903C624FF0CD
:10B1E0002009D8F80000204902788A5C12F0080291
:10B1F00040F0AC8108F140013A61344679625A4628
:10B20000D8F804100139C8F80410411CC8F800101F
:10B21000017806F8011B23B1A6EB040BCB4580F0A7
:10B220002482796B013979630BD0D8F80410002996
:10B2300040F3C282D8F800000B4D0178695C0D071D
:10B24000DED5311B93468B4401310022327013B19D
:10B25000894500F2A782BB6AD7F81C900133BB6214
:10B26000FFF75AB910260020F1090020B868D9006C
:10B27000FDF746FBB860002800F0DE83FB683A6902
:10B280005B0005191060FB60FFF72CBB831C40F0CE
:10B290004584D8F80430002B40F38583D8F800307B
:10B2A0001B78B64AD35C180703D47B6B002B7FF462
:10B2B00089ACCA46D7F80890BE617B6A002B7FF440
:10B2C0002CAB2B60B9F1000F3FF424ABFB683A695B
:10B2D000E91A8B1001339A427FF61CABD9F80000B3
:10B2E0000431FDF70DFB00283FF414ABC9F8000052
:10B2F000FFF710BBB868D9001C46FDF701FBB8602A
:10B30000002800F09983FA68630000EB05091060DB
:10B310007B6040E53B6A53F8042B10603B620DE60E
:10B32000D7F80CB018EE10AA1646751B3FF4CBA93F
:10B33000002333703B691BB1691C8C4200F2BD8253
:10B34000BB6AD7F81C900133AB44BB62FFF7E4B88B
:10B350003A6924F460741AB1013A3A6109F10109B9
:10B360000133BCE53D6A33462968CDF800800122EF
:10B370005046FFF751F8044600283FF49BA90435D6
:10B380007D63BB6AD7F81C900133BB627B6B3B6269
:10B39000A344FFF7C1B815F8011C42465046013DD1
:10B3A000FEF7FAFFB0E54FF6F6718A4200F27183BC
:10B3B0003B623B6B08321D6892B2910028467A626C
:10B3C000FDF79EFA58B13B6B7A6A9A8018603B6A27
:10B3D000FDE63B6BDB881A463B6B1D689146B9F175
:10B3E000000F0DD000242E1FA04656F8043F186809
:10B3F000FCF70EF9013433684C45C3F80080F4D1F2
:10B400004FF0FF33BB62002D7FF462A9FFF763B9F1
:10B41000D8E90012964240F33A83D8F83030C7F8A2
:10B4200024B008F1400925461144C8F800107C6397
:10B43000B346194650461444B61A002B00F09F82BA
:10B440004B4501D0FEF7A4F9D8F83C20C8F830509D
:10B45000C8F80420002A00F09282D8F83810C8F802
:10B46000001096424FF00003DEDC7B6B5C46D7F8A1
:10B4700024B01C44921B3144C8E90012D7F81C9038
:10B48000A344FFF749B80025C7E902553D61FFF71E
:10B49000E6B9D8F8003007F180091A7819F80220C7
:10B4A000002A3FF410A901337A6BC8F80030D8F8AD
:10B4B0000430012A03F1FF33C8F80430DED008F16C
:10B4C0004005C7F834B0AB46154613E0D8F8003055
:10B4D000197819F801100133002900F0B380C8F879
:10B4E0000030D8F804300134013BAC42C8F80430D5
:10B4F00000F0A880002BE9DCD8F83030504619461F
:10B50000002B00F089825B4501D0FEF741F9D8F8A5
:10B510003C30C8F83060C8F80430002B00F07C8262
:10B52000D8F83830C8F80030D2E70023C7E9033331
:10B53000994607F13C05FFF737BB0023C7E9013304
:10B54000FB6007F13C039946FFF7C0BB01217CE695
:10B550004FF6F6718A4200F29882083293B23A6B43
:10B560007B6399001068FDF7CBF97B6B00283FF4F3
:10B5700030AF3A6B93801060FFF766B9F109002095
:10B580004FF6F6718A4200F28482083293B23A6B27
:10B590007B62156899002846FDF7B2F900283FF450
:10B5A0001EAF3A6B7B6A938010603FE54FF6F672F0
:10B5B000934200F26A823A6B08339BB2990010689A
:10B5C0003B62FDF79DF93B6A00283FF402AF3A6BFE
:10B5D00093801060FFF7DFBA4FF6F672934200F2E5
:10B5E000548208339EB23B6BB1001868FDF788F9AE
:10B5F0003B6B00283FF4EEAE9E801860FFF75BBB0C
:10B60000660769D414F001027FF484AEA1077FF5C8
:10B6100081AEC34B796999425046FB6A07F15801E4
:10B6200000F03A82FEF70CFC3B6A53F8042B3B62B5
:10B63000C2E9000182E43B6A53F8046B3B62A14615
:10B640002346CEE5D7F834B018E799F8022045F044
:10B65000020509F10209FEF7C4BF99F8022045F07E
:10B66000080509F10209FEF7BCBF4FEA4909204667
:10B670004946C7E90232FDF743F90446002800F0C5
:10B68000BC81BB68FA68186000EB0B06C9E5F9617C
:10B69000FFF7F1B94FF6F672934200F2FA810833E0
:10B6A0009AB23B6B3A611B683B6218469100FDF70A
:10B6B00027F93B6A0546002800F01B823B6B3A697C
:10B6C0009A80186041E53B6A53F8042B3B62894637
:10B6D00082F800B0FEF720BF3B6A53F8042B3B62B0
:10B6E00010802BE4BE615646CA46D7F80890002E5B
:10B6F0003FF4E3AD013E07F158034246995D5046E1
:10B70000FEF74AFE002EF5D1D7E53C692068FDF72B
:10B71000F7F800283FF4FCA82060FFF7F9B83B6B6E
:10B72000002B00F08D813B6B1D68B3F8069056E648
:10B73000B8F80C3043F02003A8F80C30D8F81030DB
:10B74000C8F800300023C8F80430FEF7E5BE3B6AB5
:10B750003A6953F8049B7A60C7E902223B62FFF71B
:10B76000B5BA3B6A3C6153F8046B3B6268E4D7E9C5
:10B77000083253F8045B3A613B62FA609146FFF786
:10B7800013BAD7E9083253F8045BFA603B62BA6037
:10B790003A61FFF764B882B0CDE9023302AB3B6394
:10B7A000FFF759B918687B63FDF7AAF800283FF442
:10B7B00052AD7B6B18604EE5D8F83010002900F0D0
:10B7C0006E81786A814206D05046C7E90232FDF7A1
:10B7D000DFFFD7E902323969C8F83010D8F83C10D9
:10B7E000C8F80410002900F05A81D8F83800C8F8C9
:10B7F000000021E5D8F800304A491A788D5C15F030
:10B8000008057FF48AA801337A6BC8F80030D8F8AD
:10B810000430012A03F1FF33C8F8043008BF0BF1EC
:10B82000010B3FF47AA8D7F83490012408F14006C0
:10B8300012E0D8F800301A783A498A5C120703F10E
:10B84000010358D4C8F80030D8F804300134013B63
:10B850004C45C8F804304ED0002BEADCD8F8303024
:10B8600050461946002B00F00081B34201D0FDF78D
:10B870008FFFD8F83C30C8F83050C8F80430002B9F
:10B8800000F0F380D8F83830C8F80030D3E7B8F8C3
:10B890000C30D7F834B0C7F8189043F02003A8F85C
:10B8A0000C30D8F81030C8F800300023C8F8043045
:10B8B000002C3FF424A8FEF7FDBE18681C46FDF7D7
:10B8C0001FF800283FF43CAD206039E5B8F80C3093
:10B8D000D7F824B0BE6143F02003A8F80C30D8F8A4
:10B8E0001030C8F800300023C8F80430002D3FF4B1
:10B8F0005EAAFEF7DFBEA344FFF70FB8D7F824B067
:10B90000BE61002D3FF453AA013D07F158034246A2
:10B91000595D5046FEF740FD002DF5D1FFF747BABF
:10B92000B1390200F10900204FF0000AB1E4B8F883
:10B930000C30D7F80CB043F02003A8F80C30D8F83E
:10B940001030C8F80030AA424FF0000318EE10AAD9
:10B950001646C8F804307FF4E8ACFEF7ABBE994653
:10B96000B8F80C3043F02003A8F80C30D8F81030A9
:10B97000C8F800300023C8F80430FFF7BEBAB8F8A2
:10B980000C30D7F824B043F02003A8F80C30D8F8D6
:10B990001030C8F800300023C8F80430002C7FF4C1
:10B9A0006DADFEF787BED8F83010002900F08A8010
:10B9B00008F14003994202D04846FDF7E9FE002312
:10B9C000C8F83030D8F83C30C8F80430002B79D0B3
:10B9D000D8F83830C8F8003062E4EE0713D4AC076A
:10B9E00011D5D7E9079353F8042B3B624FEAEB7369
:10B9F000C2F800B05360FEF78FBD3B6B03B31D6808
:10BA0000B3F80690EBE4D7E9079353F8042BC2F898
:10BA100000B03B62FEF780BDB8F80C30D7F834B008
:10BA200043F02003A8F80C30D8F81030C8F80030E4
:10BA30000023C8F8043021E53B6B002B7FF4CAAC2F
:10BA40004FF0FF33BB62FEF746BEF868D900FCF743
:10BA500057FFF8600028EFD03B69BA68D7F824A0F8
:10BA600010605B0005193B6113E4B8F80C3043F03B
:10BA70002003A8F80C30D8F81030C8F800300023A4
:10BA8000A344C8F80430FEF748BF2246A4E4344675
:10BA9000F0E43B6B1D68A2E4FEF7B4FAC4E59346FC
:10BAA000B8F80C2042F02002A8F80C20D8F810209A
:10BAB000C8F80020311B00228B44C8F80420013153
:10BAC000FFF7C3BBB8F80C20BE6142F02002A8F813
:10BAD0000C20D8F81020C8F8002056460022CA468C
:10BAE000C8F80420D7F80890002E7EF4E3ADFFF7E5
:10BAF000E4BB1D4673E4BB6A002B3FF470ACB8F89E
:10BB00000C305B067EF5E1AD0DE6D9F800301C4641
:10BB100001337FF40FA92246FFF721B92868FEF709
:10BB2000B7FA00287FF4DEAD032ED3447FF47EA85D
:10BB30002368042B7FF47AA8FFF77BB82DE9F84F30
:10BB40004B6E9C0490462DD59368126843B38B4688
:10BB5000064602F1080959E9025A5FEA9A0715D028
:10BB6000043D002401E0A7420ED055F8041F5A46B8
:10BB7000304601F053FB431C04F10104F3D10023D0
:10BB8000C8E90133BDE8F88FD8F808302AF0030A75
:10BB9000A3EB0A03C8F8083009F10809002BDAD131
:10BBA0000020ECE701F0AAFB0023C8E90133BDE85F
:10BBB000F88F00BF2DE9F04F2DED028BC5B00DF1D0
:10BBC000500A834608EE101A1646002108225046F5
:10BBD0001C460793FCF7CAF8BBF1000F04D0DBF852
:10BBE0003430002B00F0A08618EE102A536EDB07CD
:10BBF00040F11385B2F90C108AB295040BD418EEFB
:10BC0000103A41F4005199815B6E8AB218EE101A15
:10BC100023F400534B66100740F1058118EE103AEB
:10BC20001B69002B00F0FF8002F01A030A2B00F0C2
:10BC30000A810023CDE91933CDE90D331BAA0C93FA
:10BC4000189291460B930593B0464446A84BD3F8FF
:10BC5000E450FCF79DFB2246034612A9CDF800A054
:10BC60005846A847002800F04581C0F23981129A51
:10BC7000252A034601D01C44E8E7B4EB0806054634
:10BC800040F03C81002361788DF8433004F10108D5
:10BC900006934FF0FF371E462B2408F10108A1F14F
:10BCA00020035A2B00F27881DFE813F0B502760109
:10BCB0007601B0027601760176016A00760176019E
:10BCC0007D028D02760188029702760192025B0066
:10BCD0005B005B005B005B005B005B005B005B008C
:10BCE000760176017601760176017601760176019C
:10BCF00076015C0284007601760176017601760198
:10BD000076017601760176017601E800760176010A
:10BD1000760133027601DA02760176018B0576012F
:10BD2000760176017601760176017601760176015B
:10BD300076015C028600760176017601CD028600EE
:10BD40007F007601C0027601FD02EA00ED027F006D
:10BD5000760133027C006905760176016B05760178
:10BD60007C00A1F13003002218F8011B02EB8202D3
:10BD700003EB4202A1F13003092BF5D906928EE7BD
:10BD80005846FCF70BFB43680D931846FDF712FA73
:10BD90000E9005465846FCF701FB83680B93002D77
:10BDA00040F0D68498F8001077E798F8001046F035
:10BDB000200672E746F01006B40640F18E81079B1C
:10BDC000073323F007031A46596852F8083B0792D5
:10BDD0000A460029C0F27084791C00F0A28526F082
:10BDE0008001039153EA020100F03F840A2B72F1B3
:10BDF000000180F0418530338DF80F31039E01231F
:10BE000004930DF20F14049BBB42B8BF3B4603934F
:10BE1000002308939DF84330002B00F0CB80039B58
:10BE200001330393C6E018EE101A584618EE105A64
:10BE300000F040FF002840F05286AA8902F01A0361
:10BE40000A2B7FF4F6AE18EE101AB1F90E30002B63
:10BE5000FFF6EFAE4B6EDB0702D4970540F112867A
:10BE600018EE101A23463246584600F069FE059037
:10BE7000059845B0BDEC028BBDE8F08F46F010068A
:10BE800016F0200200F03681079B073323F00703EA
:10BE900019465A6851F8083B079126F480610391CE
:10BEA000002100208DF84300781C00F010820398D8
:10BEB00020F0800653EA020040F00882002F40F094
:10BEC0003885002940F0D583039B13F001030493C8
:10BED00000F0118430238DF80F310DF20F1492E72A
:10BEE000082200215046FBF741FF01231C44ADE628
:10BEF0007CE60020B4EB080605461BD0199B1A9A75
:10BF000001333244072BC9E900861A9219931CDDCC
:10BF1000002A00F0A68318EE101A18AA5846FFF758
:10BF20000DFE20BB0DF16C09059B33440593002DDC
:10BF30007FF4A8AE1A9B002B40F0C18518EE103A92
:10BF40000022B3F90C30199215E009F10809EBE76A
:10BF500018EE101A18AA5846FFF7F0FD002800F056
:10BF6000A680089B1BB108995846FDF711FC18EEF6
:10BF7000103AB3F90C3018EE102A526E12F0010F7D
:10BF80009AB200F0A080500600F1B285059845B045
:10BF9000BDEC028BBDE8F08F0029CBD000238DF8DB
:10BFA00043300123CDE903338DF8AC102BAC0023D3
:10BFB00008931F4616F00203099302D0039B023335
:10BFC000039316F084030A9305D1069B039A9D1AE6
:10BFD000002D00F37B82DDE91903411C9DF843200D
:10BFE00082B101220133C9F8042007290DF143026F
:10BFF000CDE91913C9F8002000F34A82084609F177
:10C0000008090131099AE2B111AA0233C9F80020E6
:10C0100007294FF00202CDE91913C9F8042040F3B3
:10C020005082002B00F0438318EE101A18AA5846CD
:10C03000FFF784FD002894D1DDE919030DF16C09A7
:10C04000411C0A9A802A00F08481049ABD1A002DAE
:10C0500000F3D781049AC9F8004013440729CDE9B9
:10C060001913C9F8042040F36E81002B00F075828B
:10C0700018EE101A18AA5846FFF760FD00287FF442
:10C0800070AF1A9B0DF16C09750705D5069A0399D7
:10C09000541A002C00F36B82DDE9052103988142DC
:10C0A000ACBF521812180592002B7FF451AF0899BB
:10C0B00000231993002900F049815846FDF768FBD9
:10C0C0000DF16C09C1E59C053FF55DAF18EE104A16
:10C0D000A06DFCF75BF9A28955E7F006079A00F11D
:10C0E0001F83710640F1198332F9043B0792DA1776
:10C0F00011466EE616F01003079940F0098316F01A
:10C10000400000F001831A4651F8043B07919BB2AE
:10C11000C3E6079B1A4600238DF84330134653F8B5
:10C12000044B0393002C00F01284532900F0658324
:10C1300016F0100540F061837B1C00F0B3843A4692
:10C1400029462046FCF7E6FF0890002800F09F846F
:10C15000031B039A049323EAE3732F460792039386
:10C16000089557E6432902D0F50640F12D83079D37
:10C170000822002116A82BACFBF7F8FD16AB55F8EA
:10C18000042B21465846FBF763FE03460133049017
:10C1900000F0B384049B079523EAE3730393002321
:10C1A0008DF8433003E7079B53F8042B0692002ACF
:10C1B00080F29C82069A5242CDE9062398F800103C
:10C1C00046F0040669E598F800108DF8434064E5F0
:10C1D00098F8001046F080065FE5424612F8011B11
:10C1E0002A2900F09684A1F13003092B90464FF0E4
:10C1F00000073FF654AD18F8011B07EB870703EB68
:10C200004707A1F13003092BF5D948E598F800104C
:10C2100046F0010641E59DF84330002B7FF4C2ADA6
:10C22000202398F800108DF8433036E598F8001078
:10C230006C2903BF98F8011046F0200608F10108A8
:10C2400046F0100629E598F80010682903BF98F811
:10C25000011046F4007608F1010846F040061CE59E
:10C2600046F010030393039B13F0200200F00682B4
:10C27000079B073323F0070319465A6851F8083B18
:10C28000079101210DE6079A46F00203039352F845
:10C29000043B079247F63002ADF84420B84A0C92AE
:10C2A00002210022FDE5B70600F14882F50600F103
:10C2B0004683740600F1D583B00540F14083079BA7
:10C2C000059953F8042B07931170BEE403960129D6
:10C2D0003FF48CAD022944AC11D10C9803F00F014E
:10C2E0001B09415C04F8011D43EA0273120953EA79
:10C2F0000201F3D1039E44AB1B1B049383E503F0BF
:10C300000701DB0843EA4273D208303153EA0205E1
:10C31000204604F8011DF2D1039EF307EBD5302926
:10C32000E8D03023023804F8013C44AB1B1A039ECA
:10C330000493044667E5049B1B9401221C931A9303
:10C3400019920DF16C0909F108099DE60DF16C09CE
:10C350007BE4069A039D551B002D7FF776AE102DCA
:10C3600040F3BB83099418EE104A07E000F1020C79
:10C3700009F108091046103D102D1EDD8149C9F84C
:10C380000010421C10331021072ACDE91923C9F8E7
:10C390000410EBDD18AA002B74D0214658460DF18D
:10C3A0006C09FFF7CBFB00287FF4DBADDDE9190357
:10C3B000103D102D00F1010CE0DC099C714AC9F818
:10C3C00004502B44BCF1070FCDE919C3C9F8002074
:10C3D00040F39481002B00F01F8318EE101A18AA66
:10C3E0005846FFF7ABFB00287FF4BBAD049ADDE9AC
:10C3F0001903BD1A002D00F101010DF16C097FF741
:10C4000029AE102D29DD0994102718EE104A07E0F7
:10C4100000F1020C09F108091046103D102D1ADD3B
:10C42000421C58491033072AC9E90017CDE91923DE
:10C43000EEDD18AA03B3214658460DF16C09FFF74B
:10C440007DFB00287FF48DADDDE91903103D102D33
:10C4500000F1010CE4DC099C61464A4AC9F8045029
:10C460002B440729CDE91913C9F8002000F3E78010
:10C4700009F108090131EDE54FF0010C18460DF105
:10C480006C09CAE74FF0010C18460DF16C0972E710
:10C49000002B00F0048118EE101A18AA5846FFF776
:10C4A0004DFB00287FF45DADDDE919030DF16C094A
:10C4B000411CA7E5022311AA1C931B9201210DF137
:10C4C0006C09084609F10809411CBAE5102D40F332
:10C4D000E582DDE919130F94084618EE104A07E0CB
:10C4E00000F1020C09F108091046103D102D1DDD68
:10C4F0002549C9F80010421C10331021072ACDE944
:10C500001923C9F80410EBDD18AA03B321465846D5
:10C510000DF16C09FFF712FB00287FF422ADDDE975
:10C520001903103D102D00F1010CE1DC0F9C604659
:10C53000154AC9F804502B440728CDE91903C9F856
:10C54000002000F3C18009F10809411C46E51846A6
:10C550004FF0010C0DF16C09C7E77607199353D51D
:10C56000069A0399541A002C4EDD0DF16C09102C1B
:10C5700040F3B082199918EE106A10250DE000BF43
:10C58000940B0020D4E4002034260020881C09F1FC
:10C5900008091146103C102C1ADD4A1CB348103310
:10C5A000072AC9E90005CDE91923EFDD18AA33B33D
:10C5B00031465846FFF7C2FA00287FF4D2ACDDE9D5
:10C5C0001913103C102C01F101000DF16C09E4DC91
:10C5D000A64AC9F8044023440728CDE91903C9F83D
:10C5E00000207FF759AD7BB118EE101A18AA5846F3
:10C5F000FFF7A4FA00287FF4B4AC1A9B4CE50120A5
:10C6000019460DF16C09C5E7DDE9053203998A4247
:10C61000ACBF9B185B18059349E5B2F90C108F0568
:10C6200018EE103A8AB23FF5E8AA18EE105A986D43
:10C63000FBF7A8FEB5F90C108AB2FFF7DEBA002BA3
:10C640003FF479AE18EE101A18AA5846FFF776FA9A
:10C6500000287FF486AC19991A9B01310DF16C0901
:10C66000F8E419920DF16C095EE4002F7FF4C3AB7E
:10C67000039E0027049744ACFFF7C5BB039B13F050
:10C68000100354D1039A12F0400000F06B81079917
:10C690001A4651F8043B07919BB2012101E4099A23
:10C6A000002A64D1184601210DF16C09C9E4012169
:10C6B00018460DF16C09C4E45B4262EB420203963A
:10C6C0002D200121FFF7EEBB002B00F0888018EE33
:10C6D000101A18AA5846FFF731FA00287FF441AC27
:10C6E000DDE919030DF16C09411C77E498F800109D
:10C6F0000793FFF7D2BA44ACFFF785BB09F10809ED
:10C700000CF101016046A0E416F4007240F097813C
:10C7100051F8043B0791FFF7C0BBB30500F18881D6
:10C7200052F8043B0792DA171146FFF752BB0799FC
:10C7300051F8043B07910121FFF7B3BB079B059814
:10C7400053F8041B0793C217C1E90002FFF77DBA33
:10C750000B9B002B3FF426AB0B9B1B78002B3FF46D
:10C7600021AB98F8001046F48066FFF796BA0223D2
:10C7700011AA1C931B9201200DF16C09A2E60396ED
:10C7800071E53B4B0C9316F0200259D0079B073301
:10C7900023F0070318465A6850F8083B0790F4073F
:10C7A00009D553EA020006D08DF84510302146F035
:10C7B00002068DF8441026F4806103910221FFF7F0
:10C7C00070BB2C4B0C93DEE7079B012153F8042B25
:10C7D00003918DF8AC20079304912BACDFE49DF816
:10C7E0004320002A40F03281099A002A7FF462AE89
:10C7F000184601210DF16C0927E40021082216A832
:10C800001394FBF7B3FA791C00F0BC800025079461
:10C810002C460CE02BA95846FBF71AFB421C20447F
:10C8200000F06B81B84208DC00F070810446139A76
:10C83000525916AB0435002AECD10494079CAFE0A2
:10C8400016F0100307980CD116F0400405D01A46D4
:10C8500050F8043B07909BB2A1E716F4007240F039
:10C86000E18050F8043B079099E700BF3426002090
:10C87000940B0020800B00200399049744AC9E4643
:10C8800008EE90BA01F480664FF0000C234606E0F3
:10C89000BEF10A0F72F1000239D3A6462A46A64914
:10C8A0001EEB020040F100000F46A1FB001424F033
:10C8B000030101EB9401401ABEEB00014FF0CC35AF
:10C8C00062F1000405FB01F507FB0455A1FB0741DC
:10C8D0000D44052704F00101A1FB071B091864089A
:10C8E000303103F8011C44EAC5740CF1010C013B22
:10C8F0006D08002ECCD00B9909786145C8D1BCF1E8
:10C90000FF0FC5D0BEF10A0F72F100026CD21C46B7
:10C9100044AB1B1B049F039E049318EE90BAFFF7D1
:10C9200072BA0396FFF762BA5846FCF7C3FBFFF7EB
:10C930005BB9012903967FF4CDACFFF75CBA079B86
:10C94000059953F8042B11600793FFF77EB9062F62
:10C950003B46039A794C079228BF0623049303931E
:10C96000FFF725BB039B079913F4007214BF51F81E
:10C97000043B51F8043B07911CBF0246DBB2012186
:10C98000FFF78FBA16AB00930023194613AA584637
:10C99000FBF7C2FF03460133049000F0AE8013940E
:10C9A000049B002B30D0632B63DC002308932BAC5B
:10C9B0000822002116A8FBF7D9F9049D16AB0093B5
:10C9C00013AA2B4621465846FBF7A6FF854240F0A6
:10C9D000AB80039B049A07930023A3541F4622EACB
:10C9E000E2730393FFF716BA0E9A0D999B1A184635
:10C9F0000893F9F745FE0B99089B4A780AB1013173
:10CA00000B914FF0000C48E7039B0793049B0393A3
:10CA10001F460893FFF7FEB9012118460DF16C0976
:10CA2000FFF713BB50F8043B07902246DBB2B6E693
:10CA300012F9043B0792DA171146FFF7CAB951F809
:10CA4000043B07910246DBB2FFF727BA01231C9390
:10CA500001210DF143031B930DF16C090B46FFF708
:10CA6000CDBA079B059953F8042B07931180FFF764
:10CA7000ECB8591C5846FAF7D3FD044600283CD0C0
:10CA8000089095E7886DFBF781FCFFF7E9B9039BF8
:10CA90000793CDE90377089FFFF7BCB919981A9B54
:10CAA000013045E5039B07932046FCF783FB20EA12
:10CAB000E0732F46049003930895FFF7ABB918EE87
:10CAC000101A18AA5846FFF739F800283FF436AA7A
:10CAD000FFF74DBA199801307AE58C466EE46B6E1B
:10CAE000D90705D4AB899A0502D4A86DFBF74EFC93
:10CAF0004FF0FF330593FFF749BA18EE102AB2F949
:10CB00000C3043F040039381FFF735BA079C04973C
:10CB100046E7079B98F8011053F8047B079390466B
:10CB200047EAE777FFF7B9B818EE102A938943F080
:10CB300040039381FFF715BACDCCCCCCA80B0020D5
:10CB400070B50C468989ADF58E6D21F00201ADF806
:10CB50001410616E1B91E189ADF81610E16909911D
:10CB6000616A0B911CA9029106914FF480610646FF
:10CB70000491079118A80021CDE900320891FBF734
:10CB8000FBFBDDE9003202A93046FFF713F8051E72
:10CB900007DB02A9304600F08DFA002818BF4FF0DD
:10CBA000FF35BDF814305B0603D5A38943F040037D
:10CBB000A3811898FBF7E2FB28460DF58E6D70BD3A
:10CBC00082B049B15AB16BB113780B601278101E64
:10CBD00018BF012002B0704701A9002AF3D1104606
:10CBE00002B070476FF00100F4E700BF70B5002994
:10CBF0004BD006460C4610B1436B002B48D0636EF9
:10CC0000D80734D5B4F90C30002B3ED0214630463D
:10CC100000F0B8F9E36A054633B1E1693046984758
:10CC20000028B8BF4FF0FF35A3891A063CD4216B0A
:10CC300041B104F14003994202D03046FCF7A8FD0F
:10CC400000232363616C21B13046FCF7A1FD002372
:10CC50006364FCF74DFA636E0022DB07A2811FD5E7
:10CC6000A06DFBF78BFBFCF749FA284670BDA38942
:10CC70009905CBD4A06DFBF785FBB4F90C30002BE4
:10CC8000C4D1656E15F0010505D00025284670BD9C
:10CC9000FCF710FAB3E7A06DFBF778FB284670BDF0
:10CCA000A06DFBF773FBDBE721693046FCF770FDF5
:10CCB000BDE700BF38B5314B1B6805460C4613B1C4
:10CCC0005A6B002A4ED0B4F90C3018079AB21CD512
:10CCD000216929B312F0010007D00020A06060692B
:10CCE0004042A06139B1002038BD950758BF606946
:10CCF000A0600029F7D1120658BF0846F4D543F0CA
:10CD00004003A3814FF0FF3038BDD1062ED5520726
:10CD100014D4216943F00803A3819AB20029D9D120
:10CD200002F42070B0F5007FD4D02146284600F0F0
:10CD300027F8B4F90C3021699AB2CBE7216B51B1D5
:10CD400004F14002914204D02846FCF721FDB4F9D9
:10CD50000C300022226321690022C4E9001223F072
:10CD60002403D7E71846FCF7A5F9ACE7092243F0FE
:10CD700040032A604FF0FF30A38138BD04EC00204F
:10CD80002DE9F0418B890C46990796B008D504F13E
:10CD900043030122C4E90432236016B0BDE8F081E8
:10CDA000B4F90E100029064625DB6A4600F0B8F9F2
:10CDB00000281FDB019D05F47045A5F50055B5FA67
:10CDC00085F54FF480686D094FF4006741463046A1
:10CDD000FAF726FCE0B1B4F90C30C4F8148043F043
:10CDE000800320602061A38135BB3B43A38116B043
:10CDF000BDE8F081A38913F0800519D04FF04008F9
:10CE00000025414630462F46FAF70AFC0028E2D1B9
:10CE1000B4F90C309A05C0D423F0030304F14302A3
:10CE200043F002030121C4E90421A3812260B4E795
:10CE30004FF480682F46C9E7B4F90E10304600F071
:10CE400085F910B9B4F90C30CFE7A38923F00303B7
:10CE500043F001031BB2C8E72DE9F04F8BB0DDE9C9
:10CE6000158A149F0391814605921E46B8F1000F62
:10CE70005CD0039B002B5ED0059B1D68002F6AD001
:10CE8000741E4EB3039B0493043D002601950BE0F2
:10CE9000039B2BBB019B1A68002A3AD0BC455CD28D
:10CEA000013C631C664617D0D8F800300293019B02
:10CEB000DAF8E05053F8042F019307A94346484697
:10CEC000D8F804B0A847421C3AD000EB060CBC4589
:10CED000DED9029BC8E9003B30460BB0BDE8F08FBD
:10CEE00000280EDD049B019D18445A1E07A900F17D
:10CEF000FF3E11F8013B02F8013F7245F9D101955F
:10CF00000490059B1A6804321A60019B1A68002A73
:10CF1000C4D1039B0BB1059B1A600CF1FF360022B4
:10CF20003046C8F800200BB0BDE8F08F039B00F539
:10CF30008678002BA0D1059B4FF0FF371D689FE737
:10CF400006468A2100223046C9F80010C8F80020A1
:10CF50000BB0BDE8F08F3E46BEE76646BCE700BFBB
:10CF600010B584B0054C06980090079801900448CD
:10CF700000680294FFF770FF04B010BD7CE600204B
:10CF800004EC0020B1F90C202DE9F0410C4611070A
:10CF9000804647D4636842F40062002BA2815EDDC4
:10CFA000A56A002D58D00023D8F80060C8F80030DA
:10CFB00093B212F4805256D10123E1694046A8474A
:10CFC000431C67D0A389A56A5F0705D56368C01AAB
:10CFD000236B0BB1E36BC01AE169024600234046A4
:10CFE000A847411C41D1D8F80030002B3DD01D2B63
:10CFF00001D0162B56D1A3892269226023F4006345
:10D0000000216160A381216BC8F8006021B304F1A5
:10D010004003994202D04046FCF7BAFB002020634F
:10D02000BDE8F0812669BEB193B2256826609A07F3
:10D030000CBF63690023AD1BA3600BE02B46324697
:10D04000E169676A4046B847B0F1000CA5EB0C05F2
:10D05000664417DD002DF1DC0020BDE8F081E36BB4
:10D06000002B9DDCF8E7206DAEE7B4F90C302269A7
:10D07000226023F40063A3810022DB046260C2D536
:10D080002065C0E7A38943F040034FF0FF30A38140
:10D09000BDE8F081D8F80030002B93D01D2B06D0CE
:10D0A000162B04D0A38943F04003A381D5E7C8F829
:10D0B0000060D1E738B50C46054608B1436B03B3B1
:10D0C000B4F90C0088B1636EDB0701D481050FD57C
:10D0D00028462146FFF756FF636EDA07054602D45D
:10D0E000A3899B0508D5284638BD0546284638BD86
:10D0F000A06DFBF747F9EBE7A06DFBF747F9284672
:10D1000038BDFBF7D7FFDBE70148FBF73BB900BFB2
:10D11000980101200148FBF739B900BF98010120AF
:10D1200070B50C46084D03460026204611461C46A5
:10D130002E60F6F72DF8431C00D070BD2B68002B35
:10D14000FBD0236070BD00BF5C05012038B5074DE2
:10D150000022044608462A60F6F720F8431C00D057
:10D1600038BD2B68002BFBD0236038BD5C05012047
:10D170002DE9F04782B0824688461446FBF708F94D
:10D18000012803D108F1FF33FE2B36D90DF1040934
:10D19000424604F15C0349465046FAF759FE421CE8
:10D1A000064632D020B39DF804C0002509E023686C
:10D1B0005A1C226083F800C00135B54218D219F814
:10D1C00001CFA368013B002BA360F0DAA769BB4243
:10D1D00061462246504602DBBCF10A0FE7D100F05F
:10D1E00007FA431CE8D10646304602B0BDE8F08796
:10D1F0004646304602B0BDE8F0875FFA88FC8DF8FD
:10D2000004C006460DF10409CFE7A389304643F078
:10D210004003A38102B0BDE8F08700BF30B5536E74
:10D2200013F0010FB2F90C30144683B005469AB2E0
:10D2300001D198051CD5900406D4626E43F40053C6
:10D2400042F40052A381626622462846FFF790FF0F
:10D25000636EDA07054602D4A3899B0502D52846EA
:10D2600003B030BDA06DFBF791F8284603B030BD88
:10D27000A06D0191FBF786F8B4F90C3001999AB2D0
:10D28000D9E700BF01F140032DE9F0410C46096BDD
:10D29000994214D0666B77003A46FCF73DF8054694
:10D2A00040B300EB0608014632464046F5F7BAFDAA
:10D2B000C4E90C57C4F800800020BDE8F0814FF4A9
:10D2C0008061FAF7ADF9A8B194F842304FF480626A
:10D2D000C4E90C0280F8FF3394F8413080F8FE3343
:10D2E00094F8402080F8FD2300F2FD3323600020F5
:10D2F000BDE8F0814FF0FF30DFE700BF9368002BFF
:10D3000000F085802DE9F04FB1F90C300C4619077B
:10D31000804683B0174698B225D523691BB310F019
:10D3200002033D682DD04FF0000ADFF8C0B2564628
:10D33000B9465E453346524628BF5B464046002EFE
:10D3400052D0E169676AB847002856DDD9F808303D
:10D350001B1A8244361AC9F80830002BE9D1002084
:10D3600003B0BDE8F08F21464046FFF7A3FC00283C
:10D3700040F03881B4F90C303D6898B210F00203E7
:10D38000D1D110F0010944D14E46009746B3820531
:10D39000D4F808B040F18580B3455A4600F2B48015
:10D3A00010F4906F40F0C180206801924946FAF76E
:10D3B00041FCA368019AA3EB0B012368A16013440D
:10D3C000B24623600026009A9368A3EB0A03D14477
:10D3D0009360002BC3D0B4F90C0080B2002ED6D1DC
:10D3E000D5E900960835D1E7D5E900A60835A0E7CC
:10D3F00021464046FFF75EFE88B3B4F90C3043F097
:10D4000040034FF0FF30A38103B0BDE8F08F002050
:10D4100070471E46BA469946184600951F4666B3A1
:10D42000002832D04A46D4E904132068A568B242E5
:10D4300028BF3246884204D905EB030B5A4500F356
:10D44000A780934264DCE169656A3A464046A84792
:10D45000B0F1000BD1DDB9EB0B09C9D00120DAF82E
:10D460000830A3EB0B035F44A6EB0B06CAF80830A9
:10D47000002B3FF474AF002ED2D1009A56681346A9
:10D4800008320092002EF8D01F6832460A21384632
:10D49000FBF740FE002800F09C800130A0EB07095C
:10D4A000C0E720682369984216D86269B24213D84F
:10D4B0006FF00043B34228BF3346E16993FBF2F3B8
:10D4C000676A02FB03F340464A46B847B0F1000AD8
:10D4D00093DDA6EB0A0676E7B345DA4628BFB246E7
:10D4E00052464946FAF7A6FBA3682268A3EB0A0353
:10D4F0005244A3602260002BEBD121464046FFF747
:10D50000D9FD0028E5D078E72068B34632464CE7DD
:10D5100039460192FAF78EFB019AA3689B1AA36021
:10D52000236813442360934695E723682169A3EB9E
:10D53000010B636903EB430A0AEBDA7A0BF101038F
:10D540004FEA6A0A33445345524684BF9A465246CC
:10D5500043052CD511464046FAF762F800283BD027
:10D560005A4621690190F5F75DFCA289019B22F4DE
:10D57000906242F08002A28103EB0B002361AAEBD0
:10D580000B03C4F814A0A3602060B34632460CE736
:10D5900039465A46FAF74EFB23685B44236021461E
:10D5A0004046FFF787FD00283FF455AF25E740468A
:10D5B000FBF7B2FE03460028DED121694046FCF7A6
:10D5C000E7F8B4F90C300C2223F08003C8F80020EF
:10D5D00015E7721C914626E70C22B4F90C30C8F806
:10D5E00000200CE74FF0FF30BAE600BF00FCFF7FE1
:10D5F000F8B50D461446064610B1436B002B4CD0CF
:10D60000B4F90C20A369A360170790B21BD5236956
:10D61000CBB1EDB281042F4622D522686169D31ABD
:10D62000994229DD0133A1680139A160511C2160B3
:10D63000157062699A4227D0A389DB0701D50A2DAC
:10D6400022D03846F8BD21463046FFF733FB08BBF1
:10D65000B4F90C20236990B2EDB281042F46DCD4DA
:10D6600042F40052A281626E616922F40052626645
:10D670002268D31A9942D5DC21463046FFF71AFDBD
:10D6800040B922680123CEE721463046FFF712FD5C
:10D690000028D6D04FF0FF37D3E7FBF70BFDAFE7FD
:10D6A0007BB972B90029BEBF00204FF0004106E0EF
:10D6B00008BF00281CBF6FF000414FF0FF30F8F7A3
:10D6C00069BFADF1080C6DE904CE002909DB002B20
:10D6D0001ADBF8F7FBFDDDF804E0DDE9022304B016
:10D6E0007047404261EB4101002B1BDBF8F7EEFD78
:10D6F000DDF804E0DDE9022304B0404261EB4101C2
:10D70000524263EB43037047524263EB4303F8F723
:10D71000DDFDDDF804E0DDE9022304B0404261EB09
:10D7200041017047524263EB4303F8F7CFFDDDF848
:10D7300004E0DDE9022304B0524263EB4303704787
:10D74000000000005FF800F0C13200605FF800F0F8
:10D75000693300605FF800F0D12800605FF800F0E6
:04D760003D1E00600A
:04D76400F8B500BF55
:08D76800648BFF7F010000004B
:10D7700000000000000000000000000000000000A9
:10D780000000000000000000000000000000000099
:10D790000000000000000000000000000000000089
:10D7A0000000000000000000000000000000000079
:10D7B0000000000000000000000000000000000069
:10D7C0000000000000000000000000000000000059
:10D7D0000000000000000000000000000000000049
:10D7E0000000000000000000000000000000000039
:10D7F0000000000000000000000000000000000029
:10D800000000000000000000000000000000000018
:10D810000000000000000000000000000000000008
:10D8200000000000000000000000000000000000F8
:10D8300000000000000000000000000000000000E8
:10D8400000000000000000000000000000000000D8
:10D8500000000000000000000000000000000000C8
:10D8600000000000000000000000000000000000B8
:10D8700000000000000000000000000000000000A8
:10D880000000000000000000000000000000000098
:10D890000000000000000000000000000000000088
:10D8A0000000000000000000000000000000000078
:10D8B0000000000000000000000000000000000068
:10D8C0000000000000000000000000000000000058
:10D8D0000000000000000000000000000000000048
:10D8E0000000000000000000000000000000000038
:10D8F0000000000000000000000000000000000028
:10D900000000000000000000000000000000000017
:10D910000000000000000000000000000000000007
:10D9200000000000000000000000000000000000F7
:10D9300000000000000000000000000000000000E7
:10D9400000000000000000000000000000000000D7
:10D9500000000000000000000000000000000000C7
:10D9600000000000000000000000000000000000B7
:10D9700000000000000000000000000000000000A7
:10D980000000000000000000000000000000000097
:10D990000000000000000000000000000000000087
:10D9A0000000000000000000000000000000000077
:10D9B0000000000000000000000000000000000067
:10D9C0000000000000000000000000000000000057
:10D9D0000000000000000000000000000000000047
:10D9E0000000000000000000000000000000000037
:10D9F000182D4454FB21E9BFD221337F7CD902404A
:10DA0000D221337F7CD902C00000000000000080DA
:10DA1000182D4454FB210940182D4454FB2109C002
:10DA2000000000000000F03F748515D3B0D9EF3F2F
:10DA30000F89F96C58B5EF3F515B12D00193EF3F5E
:10DA40007B517D3CB872EF3FAAB968318754EF3FF4
:10DA50003862756E7A38EF3FE1DE1FF59D1EEF3FAD
:10DA600015B7310AFE06EF3FCBA93A37A7F1EE3FD3
:10DA70002234124CA6DEEE3F2D89616008CEEE3FC7
:10DA8000272A36D5DABFEE3F824F9D562BB4EE3FA4
:10DA9000295448DD07ABEE3F85553AB07EA4EE3FF2
:10DAA000CD3B7F669EA0EE3F745FECE8759FEE3F36
:10DAB0008701EB7314A1EE3F13CE4C9989A5EE3F7D
:10DAC000DBA02A42E5ACEE3FE5C5CDB037B7EE3F6F
:10DAD00090F0A38291C4EE3F5D253EB203D5EE3FA8
:10DAE000ADD35A999FE8EE3F475EFBF276FFEE3FDB
:10DAF0009C5285DD9B19EF3F6990EFDC2037EF3FAB
:10DB000087A4FBDC1858EF3F5F9B7B33977CEF3F8C
:10DB1000DA90A4A2AFA4EF3F40456E5B76D0EF3F12
:10DB2000000000000000E8429423914BF86AAC3FEB
:10DB3000F3C4FA50CEBFCE3FD6520CFF422EE63F82
:10DB40000000000000003843FE822B654715474067
:10DB50009423914BF86ABC3EF3C4FA50CEBF2E3FDB
:10DB6000D6520CFF422E963FBEF3F879EC61F63F99
:10DB70001930965BC6FEDEBF3D88AF4AED71F53FBA
:10DB8000A4FCD432680BDBBFB010F0F03995F43F41
:10DB90007BB71F0A8B41D7BF8503B8B095C9F33F48
:10DBA0007BCF6D1AE99DD3BFA564880C190DF33F97
:10DBB00031B6F2F39B1DD0BFA08E0B7B225EF23FED
:10DBC000F07A3B1B1D7CC9BF3F341A4A4ABBF13F68
:10DBD0009F3CAF93E3F9C2BFBAE58AF05823F13F07
:10DBE0005C8D78BFCB60B9BFA70099413F95F03FEE
:10DBF000CE5F47B69D6FAABF000000000000F03F57
:10DC00000000000000000000AC479AFD8C60EE3F71
:10DC10003DF5249FCA38B33FA06A021FB3A4EC3F6E
:10DC2000BA913854A976C43FE6FC6A573620EB3FD8
:10DC3000D2E4C44A0B84CE3F2DAAA163D1C2E93FEE
:10DC40001C65C6F04506D43FED417803E686E83F03
:10DC5000F89F1B2C9C8ED83F624853F5DC67E73F4A
:10DC6000CC7BB14EA4E0DC3F0B6E49C91676D23FA7
:10DC70007AC675A06919D7BFDDBAA76C0AC7DE3F9F
:10DC8000C8F6BE484715E7BF2BB82A654715F73FCA
:10DC9000000000000000F03F000000000000F0BFA6
:10DCA000000000000000F0BF000000000000F03F96
:10DCB00083C8C96D305F6441182D4454FB21F93F7E
:10DCC000000000000000F03F1C620CFDFFFFDFBF02
:10DCD000198F06E15355A53F9D359AE887C056BF79
:10DCE000C3F87B024393F93E03A695595455C5BF2B
:10DCF000C40B23057610813F24CF7437EB9429BFE2
:10DD0000000000000000F03F000000000000F0BF35
:10DD1000000000000000F0BF000000000000F03F25
:10DD200083C8C96D305F6441182D4454FB21F93F0D
:10DD3000000000000000F0BF1C620CFDFFFFDF3F91
:10DD4000198F06E15355A5BF9D359AE887C0563F08
:10DD5000C3F87B024393F9BE03A695595455C5BF3A
:10DD6000C40B23057610813F24CF7437EB9429BF71
:10DD70004FBB610567ACDD3F182D4454FB21E93FE3
:10DD80009BF681D20B73EF3F182D4454FB21F93FD2
:10DD9000E2652F227F2B7A3C075C143326A6813C58
:10DDA000BDCBF07A8807703C075C143326A6913C03
:10DDB000F88E0020008F0020088F0020108F002098
:10DDC000BC940020EC940020049500201C950020B9
:10DDD000349500204C950020649500207C9500200F
:10DDE000F08E0020F48E0020503000503100503270
:10DDF000005033005034005035005036005037008A
:10DE0000503800503900503130005031310050311D
:10DE10003200503133005031340050313500503130
:10DE2000360050313700503138005031390050320F
:10DE30003000503231005032320050323300000096
:10DE4000453000453100453200453300453400453A
:10DE50003500453600453700453800453900453125
:10DE60003000453131004531320045313300453114
:10DE700034004531350000009894002094A900201A
:10DE80009C90002098A90020C404012091B20100B8
:10DE900059B40100CDB2010011B4010091B00100EC
:10DEA0005003012001B6010099B50100C1B5010080
:10DEB00071B601004C96002084A9002050870020F4
:10DEC00088A90020C8860020C88600208CA90020D0
:10DED0009C7F0020C8860020C8860020C8860020BD
:10DEE000C8860020C8860020C8860020C88600207A
:10DEF00090A90020C8860020C8860020C88600207F
:10DF0000C8860020C8860020C8860020C886002059
:10DF1000C8860020C8860020C8860020C886002049
:10DF2000C8860020C8860020C88600205C97002094
:10DF300080A90020EC7D00205C9600201F000000DE
:10DF40001C0000001F0000001E0000001F00000059
:10DF50001E0000001F0000001F0000001E00000047
:10DF60001F0000001E0000001F0000000000C93F4D
:10DF70000000F0390000DA370000A2330000842EE0
:10DF80000000502B0000C2270000D0220000C41F58
:10DF90000000C61B00004417000000001F00000026
:10DFA0003B0000005A0000007800000097000000CD
:10DFB000B5000000D4000000F300000011010000D3
:10DFC000300100004E0100000000000000000000D1
:10DFD0007DE101005DE4010059E4010055E4010028
:10DFE00051E401004DE4010049E4010045E4010071
:10DFF0002C2066756E6374696F6E3A200000000015
:10E00000617373657274696F6E20222573222066B6
:10E0100061696C65643A2066696C6520222573220B
:10E020002C206C696E65202564257325730A000019
:10E0300073657474696E67735F726561645F636F43
:10E040006F72645F646174610000000073657474D2
:10E05000696E67735F77726974655F636F6F72640F
:10E060005F6461746100000073657474696E677346
:10E070005F726561645F737461727475705F6C69FF
:10E080006E65000073657474696E67735F7772699B
:10E0900074655F737461727475705F6C696E65002E
:10E0A000A2000000F9A2000083F9A2006E83F9A289
:10E0B0004E6E83F9444E6E8315444E6E2915444EC0
:10E0C000FC29154427FC29155727FC29D15727FC83
:10E0D000F5D1572734F5D157DD34F5D1C0DD34F50E
:10E0E000DBC0DD3462DBC0DD9562DBC0999562DBAD
:10E0F0003C999562433C999590433C994190433CAF
:10E100001F0000001C0000001F0000001E00000097
:10E110001F0000001E0000001F0000001F00000084
:10E120001E0000001F0000001E0000001F00000075
:10E130001F0000001D0000001F0000001E00000066
:10E140001F0000001E0000001F0000001F00000054
:10E150001E0000001F0000001E0000001F00000045
:10E1600000202020202020202020282828282820A7
:10E17000202020202020202020202020202020209F
:10E180002088101010101010101010101010101007
:10E1900010040404040404040404041010101010F7
:10E1A00010104141414141410101010101010101C1
:10E1B0000101010101010101010101011010101013
:10E1C0001010424242424242020202020202020293
:10E1D00002020202020202020202020210101010E7
:10E1E000200000000000000000000000000000000F
:10E1F000000000000000000000000000000000001F
:10E20000000000000000000000000000000000000E
:10E2100000000000000000000000000000000000FE
:10E2200000000000000000000000000000000000EE
:10E2300000000000000000000000000000000000DE
:10E2400000000000000000000000000000000000CE
:10E2500000000000000000000000000000000000BE
:10E260000000000041757820000000002C41757806
:10E27000200000004A495300534A4953000000005F
:10E280004555434A50000000545A0000474D540081
:10E290002531315B2D2B302D39412D5A612D7A5D81
:10E2A000256E00002531315B412D5A612D7A5D25A7
:10E2B0006E000000256875256E3A256875256E3A52
:10E2C000256875256E0000004D256875256E2E2584
:10E2D0006875256E2E256875256E00002F256875DA
:10E2E000256E3A256875256E3A256875256E0000FD
:10E2F000303132333435363738394142434445467C
:10E30000000000003031323334353637383961623D
:10E310006364656600000000286E756C6C2900005F
:10E320000030013002300CFF0EFFFB301AFF1BFFE4
:10E330001FFF01FF9B309C30B40040FFA8003EFF50
:10E340003E203FFFFD30FE309D309E300330DD4EDD
:10E35000053006300730FC30142010200FFF3CFF42
:10E360001C3016205CFF26202520182019201C2098
:10E370001D2008FF09FF143015303BFF3DFF5BFFF8
:10E380005DFF083009300A300B300C300D300E3094
:10E390000F30103011300BFF1222B100D700F70000
:10E3A0001DFF60221CFF1EFF662267221E223422F0
:10E3B00042264026B000322033200321A50004FF6E
:10E3C000A200A30005FF03FF06FF0AFF20FFA7002E
:10E3D00006260526CB25CF25CE25C725C625A12572
:10E3E000A025B325B225BD25BC253B2012309221A6
:10E3F00090219121932113300000000000000000C3
:10E4000000000000000000000000000000000822E2
:10E410000B2286228722822283222A22292200009E
:10E4200000000000000000000000000000002722A3
:10E430002822AC00D221D42100220322292200006C
:10E4400000000000000000000000000000000000CC
:10E4500000002022A522122302220722612252223A
:10E460006A226B221A223D221D2235222B222C22C7
:10E4700000000000000000000000000000002B2150
:10E4800030206F266D266A2620202120B6002C22FF
:10E49000000000000000EF25000000000000000068
:10E4A0000000000000000001010101010101010163
:10E4B0000100000000000000010101010101010153
:10E4C000010101010101010101010101010101013C
:10E4D0000101000000000000000101010101010133
:10E4E000010101010101010101010101010101011C
:10E4F0000101010091039203930394039503960392
:10E500009703980399039A039B039C039D039E031F
:10E510009F03A003A103A303A403A503A603A703CA
:10E52000A803A90300000000000000000000000094
:10E5300000000000B103B203B303B403B503B60394
:10E54000B703B803B903BA03BB03BC03BD03BE03DF
:10E55000BF03C003C103C303C403C503C603C7038A
:10E56000C803C9031004110412041304140415048D
:10E57000010416041704180419041A041B041C04CB
:10E580001D041E041F042004210422042304240467
:10E59000250426042704280429042A042B042C0417
:10E5A0002D042E042F0400000000000000000000D5
:10E5B000000000000000000000000000000000005B
:10E5C0000000000030043104320433043404350404
:10E5D000510436043704380439043A043B043C043B
:10E5E0003D043E043F044004410442044304440407
:10E5F000450446044704480449044A044B044C04B7
:10E600004D044E044F040000002502250C25102562
:10E61000182514251C252C25242534253C250125C9
:10E6200003250F2513251B251725232533252B25EA
:10E630003B254B2520252F25282537253F251D2522
:10E640003025252538254225BC930020C89300207D
:10E6500028D200209C4E1655035A3F96C0541B6189
:10E660002863F659229075841C83507AAA60E1636E
:10E67000256EED656684A682F59B93682757A16594
:10E6800071629B5BD0597B86F498627DBE7D8E9BC8
:10E6900016629F7CB788895BB55E09639766486898
:10E6A000C7958D974F67E54E0A4F4D4F9D4F495087
:10E6B000F2563759D459015A095CDF600F61706115
:10E6C00013660569BA704F757075FB79AD7DEF7D86
:10E6D000C3800E846388028B55907A903B53954E8D
:10E6E000A54EDF57B280C190EF78004EF158A26E70
:10E6F0003890327A28838B822F9C41517053BD54BD
:10E70000E154E056FB59155FF298EB6DE4802D85DE
:10E7100062967096A096FB970B54F353875BCF706D
:10E72000BD7FC28FE8966F535C9DBA7A114E937885
:10E73000FC81266E185604551D6B1A853B9CE559C5
:10E74000A953666DDC748F954256914E4B90F296AC
:10E750004F830C99E153B655305B715F2066F366C9
:10E760000468386CF36C296D5B74C8764E7A349803
:10E77000F1825B88608AED92B26DAB75CA76C599FD
:10E78000A660018B8A8DB2958E69AD538651125762
:10E7900030584459B45BF65E2860A963F463BF6CDB
:10E7A000146F8E7014715971D5713F73017E76822A
:10E7B000D182978560905B921B9D6958BC655A6CAD
:10E7C0002575F9512E596559805FDC5FBC62FA6589
:10E7D0002A6A276BB46B8B73C17F56892C9D0E9D63
:10E7E000C49EA15C966C7B8304514B5CB661C68170
:10E7F00076686172594EFA4F78536960296E4F7A84
:10E80000F3970B4E1653EE4E554F3D4FA14F734F9E
:10E81000A052EF5309560F59C15AB65BE15BD1794B
:10E8200087669C67B6674C6BB36C6B70C2738D79EF
:10E83000BE793C7A877BB182DB8204837783EF8366
:10E84000D3836687B28A2956A88CE68F4E901E978E
:10E850008A86C44FE85C116259723B75E581BD82BE
:10E86000FE86C08CC5961399D599CB4E1A4FE38975
:10E87000DE564A58CA58FB5EEB5F2A6094606260BD
:10E88000D0611262D0623965419B6666B068776D6F
:10E8900070704C758676757DA582F9878B958E96FE
:10E8A0009D8CF151BE521659B354B35B165D68612D
:10E8B0008269AF6D8D78CB845788728AA793B89A96
:10E8C0006C6DA899D986A357FF67CE860E928352A6
:10E8D00087560454D35EE162B9643C683868BB6B08
:10E8E0007273BA786B7A9A89D2896B8D038FED90A7
:10E8F000A39594966997665BB35C7D694D984E9835
:10E900009B63207B2B6A7F6AB6680D9C5F6F725297
:10E910009D557060EC623B6D076ED16E5B84108913
:10E92000448F144E399CF6531B693A6A84972A68BF
:10E930005C51C37AB284DC918C935B56289D22682B
:10E9400005833184A57C0852C582E6747E4E834FD0
:10E95000A051D25B0A52D852E752FB5D9A552A5811
:10E96000E6598C5B985BDB5B725E795EA3601F612E
:10E970006361BE61DB636265D1675368FA683E6BB1
:10E98000536B576C226F976F456FB0741875E376B1
:10E990000B77FF7AA17B217CE97D367FF07F9D801C
:10E9A00066829E83B389CC8AAB8C84905194939574
:10E9B0009195A2956596D39728991882384E2B5435
:10E9C000B85CCC5DA9734C763C77A95CEB7F0B8D72
:10E9D000C196119854985898014F0E4F71539C55F9
:10E9E0006856FA574759095BC45B905C0C5E7E5EC3
:10E9F000CC5FEE633A67D765E2651F67CB68C46892
:10EA00005F6A305EC56B176C7D6C7F754879635BA0
:10EA1000007A007DBD5F8F89188AB48C778DCC8E8B
:10EA20001D8FE2980E9A3C9B804E7D500051935969
:10EA30009C5B2F628062EC643A6BA072917547799F
:10EA4000A97FFB87BC8A708BAC63CA83A0970954EB
:10EA50000354AB555468586A708A27787567CD9E01
:10EA60007453A25B1A8150860690184E454EC74ECD
:10EA7000114FCA533854AE5B135F256051653D6733
:10EA8000426C726CE36C78700374767AAE7A087BB1
:10EA90001A7DFE7C667DE7655B72BB53455CE85D75
:10EAA000D262E0621963206E5A86318ADD8DF89257
:10EAB000016FA6795A9BA84EAB4EAC4E9B4FA04F10
:10EAC000D1504751F67A7151F651545321537F5327
:10EAD000EB53AC558358E15C375F4A5F2F60506061
:10EAE0006D601F6359654B6AC16CC272ED72EF773E
:10EAF000F880058108824E85F790E193FF9757993A
:10EB00005A9AF04EDD512D5C81666D69405CF2666B
:10EB1000756989735068817CC550E4524757FE5D22
:10EB20002693A465236B3D6B34748179BD794B7B4F
:10EB3000CA7DB982CC837F885F89398BD18FD1918F
:10EB40001F5480925D4E3650E5533A53D7729673F8
:10EB5000E977E682AF8EC699C899D29977511A6142
:10EB60005E86B0557A7A7650D35B47908596324E62
:10EB7000DB6AE791515C485C98639F7A936C749769
:10EB8000618FAA7A8A718896827C1768707E516834
:10EB90006C93F2521B54AB85138AA47FCD8EE19007
:10EBA000665388884179C24FBE5011524451535523
:10EBB0002D57EA738B575159625F845F7560766198
:10EBC0006761A961B2633A646C656F664268136EEF
:10EBD00066753D7AFB7C4C7D997D4B7E6B7F0E8309
:10EBE0004A83CD86088A638A668BFD8E1A988F9D2C
:10EBF000B882CE8FE89B87521F628364C06F99965C
:10EC000041689150206B7A6C546F747A507D4088C3
:10EC1000238A0867F64E3950265065507C51385289
:10EC20006352A7550F570558CC5AFA5EB261F86186
:10EC3000F36272631C69296A7D72AC722E73147858
:10EC40006F78797D0C77A9808B89198BE28CD28EB5
:10EC5000639075937A965598139A789E43519F5373
:10EC6000B3537B5E265F1B6E906E8473FE73437D91
:10EC70003782008AFA8A50964E4E0B50E4537C54E9
:10EC8000FA56D159645BF15DAB5E275F386245652A
:10EC9000AF67566ED072CA7CB488A180E180F083E1
:10ECA0004E86878AE88D3792C7966798139F944E51
:10ECB000924E0D4F485349543E542F5A8C5FA15FDA
:10ECC0009F60A7688E6A5A7481789E8AA48A778B1F
:10ECD00090915E4EC99BA44E7C4FAF4F1950165079
:10ECE00049516C519F52B952FE529A53E3531154F9
:10ECF0000E5489555157A2577D59545B5D5B8F5B0C
:10ED0000E55DE75DF75D785E835E9A5EB75E185FEE
:10ED100052604C619762D862A7633B6502664366A6
:10ED2000F4666D6721689768CB695F6C2A6D696DC1
:10ED30002F6E9D6E327587766C783F7AE07C057D0C
:10ED4000187D5E7DB17D15800380AF80B1805481D8
:10ED50008F812A8252834C8861881B8BA28CFC8C09
:10ED6000CA90759171923F78FC92A4954D96059842
:10ED70009999D89A3B9D5B52AB52F7530854D5589A
:10ED8000F762E06F6A8C5F8FB99E4B513B524A54D9
:10ED9000FD56407A7791609DD29E4473096F7081D1
:10EDA0001175FD5FDA60A89ADB72BC8F646B039803
:10EDB000CA4EF0566457BE585A5A6860C7610F660B
:10EDC00006663968B168F76DD5753A7D6E82429BEB
:10EDD0009B4E504FC95306556F5DE65DEE5DFB6778
:10EDE000996C73740278508A9693DF885057A75EA7
:10EDF0002B63B550AC508D510067C9545E58BB5958
:10EE0000B05B695F4D62A1633D68736B086E7D7096
:10EE1000C7918072157826786D798E65307DDC8398
:10EE2000C188098F9B966452285750676A7FA18CCE
:10EE3000B45142572A963A588A69B480B2540E5D4A
:10EE4000FC579578FA9D5C4F4A528B543E64286675
:10EE50001467F567847A567B227D2F935C68AD9B9F
:10EE6000397B19538A513752DF5BF662AE64E66430
:10EE70002D67BA6BA985D1969076D69B4C63069385
:10EE8000AB9BBF765266094E9850C253715CE860E6
:10EE9000926463655F68E671CA732375977B827EAF
:10EEA0009586838BDB8C78911099AC65AB668B6B08
:10EEB000D54ED44E3A4F7F4F3A52F853F253E35562
:10EEC000DB56EB58CB59C959FF59505B4D5C025E7C
:10EED0002B5ED75F1D6007632F655C5BAF65BD650B
:10EEE000E8659D67626B7B6B0F6C45734979C179EF
:10EEF000F87C197D2B7DA2800281F38196895E8A40
:10EF0000698A668A8C8AEE8AC78CDC8CCC96FC98DF
:10EF10006F6B8B4E3C4F8D4F5051575BFA5B486186
:10EF200001634266216BCB6EBB6C3E72BD74D475BF
:10EF3000C1783A790C803380EA8194849E8F506C3A
:10EF40007F9E0F5F588B2B9DFA7AF88E8D5BEB9628
:10EF5000034EF153F7573159C95AA45B89607F6E4C
:10EF6000066FBE75EA8C9F5B0085E07B7250F4678C
:10EF70009D82615C4A851E7E0E829951045C6863A5
:10EF8000668D9C656E713E79177D05801D8BCA8EDE
:10EF90006E90C786AA901F50FA523A5C53677C70F5
:10EFA00035724C91C8912B93E582C25B315FF96059
:10EFB0003B4ED653885B4B6231678A6BE972E073D4
:10EFC0002E7A6B81A38D529196991251D7536A5420
:10EFD000FF5B8863396AAC7D0097DA56CE5368547C
:10EFE000975B315CDE5DEE4F0161FE62326DC07990
:10EFF000CB79427D4D7ED27FED811F829084468801
:10F000007289908B748E2F8F31904B916C91C69634
:10F010009C91C04E4F4F45514153935F0E62D46750
:10F02000416C0B6E6373267ECD918392D453195934
:10F03000BF5BD16D5D792E7E9B7C7E589F71FA51AE
:10F040005388F08FCA4FFB5C2566AC77E37A1C824D
:10F05000FF99C651AA5FEC656F69896BF36D966E77
:10F06000646FFE76147DE15D759087910698E65198
:10F070001D5240629166D9661A6EB65ED27D727F6D
:10F08000F866AF85F785F88AA952D95373598F5E10
:10F09000905F5560E4926496B7501F51DD52205343
:10F0A0004753EC53E8544655315517566859BE59E5
:10F0B0003C5AB55B065C0F5C115C1A5C845E8A5E30
:10F0C000E05E705F7F628462DB628C6377630766F9
:10F0D0000C662D6676667E67A2681F6A356ABC6C10
:10F0E000886D096E586E3C7126716771C77501771E
:10F0F0005D7801796579F079E07A117BA77C397DBB
:10F100009680D6838B8449855D88F3881F8A3C8AE4
:10F11000548A738A618CDE8CA49166927E931894D3
:10F120009C9698970A4E084E1E4E574E9751705215
:10F13000CE573458CC58225B385EC560FE64616798
:10F140005667446DB6727375637AB884728BB891E2
:10F1500020933156F457FE98ED620D69966BED7170
:10F16000547E77807282E689DF985587B18F3B5C49
:10F17000384FE14FB54F0755205ADD5BE95BC35F60
:10F180004E612F63B0654B66EE689B69786DF16DDB
:10F190003375B9751F775E79E679337DE381AF8288
:10F1A000AA85AA893A8AAB8E9B8F3290DD91079708
:10F1B000BA4EC14E03527558EC580B5C1A753D5C43
:10F1C0004E810A8AC58F63966D97257BCF8A0898F2
:10F1D0006291F356A853179039548257255EA8635D
:10F1E000346C8A7061778B7CE07F70884290549198
:10F1F000109318938F965E74C49A075D695D70656D
:10F20000A267A88DDB966E6349671969C583179855
:10F21000C096FE88846F7A64F85B164E2C705D751C
:10F220002F66C4513652E252D359815F2760106273
:10F230003F6574651F667466F2681668636B056ED9
:10F2400072721F75DB76BE7C5680F058FD887F8910
:10F25000A08A938ACB8A1D9092915297599789657B
:10F260000E7A0681BB962D5EDC601A62A565146677
:10F270009067F3774D7A4D7C3E7E0A81AC8C648D2D
:10F28000E18D5F8EA9780752D962A56342649862C6
:10F290002D8A837AC07BAC8AEA96767D0C82498778
:10F2A000D94E485143536053A35B025C165CDD5D4D
:10F2B00026624762B06413683468C96C456D176D87
:10F2C000D3675C6F4E717D71CB657F7AAD7BDA7DE4
:10F2D0004A7EA87F7A811B823982A6856E8ACE8C6F
:10F2E000F58D78907790AD9291928395AE9B4D522B
:10F2F0008455386F367168518579557EB381CE7CDF
:10F300004C565158A85CAA63FE66FD665A69D972CC
:10F310008F758E750E795679DF79977C207D447DC7
:10F320000786348A3B966190209FE7507552CC53F4
:10F33000E2530950AA55EE584F593D728B5B645CFD
:10F340001D53E360F3605C6383633F63BB63CD6421
:10F35000E965F966E35DCD69FD69156FE571894E73
:10F36000E975F876937ADF7CCF7D9C7D6180498357
:10F3700058836C84BC84FB85C588708D01906D902A
:10F3800097931C97129ACF5097588E61D3813585E9
:10F39000088D2090C34F7450475273536F60496378
:10F3A0005F672C6EB38D1F90D74F5E5CCA8CCF65A4
:10F3B0009A7D525396887651C363585B6B5B0A5CA7
:10F3C0000D6451675C90D64E1A592A59706C518A57
:10F3D0003E551558A559F0605362C167358255698D
:10F3E0004096C499289A534F0658FE5B1080B15C32
:10F3F0002F5E855F20604B613462FF66F06CDE6ECD
:10F40000CE807F81D4828B88B88C00902E908A9693
:10F41000DB9EDB9BE34EF05327592C7B8D914C9860
:10F42000F99DDD6E277053534455855B58629E628B
:10F43000D362A26CEF6F2274178A3894C16FFE8A70
:10F440003883E751F886EA53E953464F5490B08F1A
:10F450006A593181FD5DEA7ABF8FDA68378CF872BC
:10F46000489C3D6AB08A394E585306566657C56265
:10F47000A263E6654E6BE16D5B6EAD70ED77EF7A82
:10F48000AA7BBB7D3D80C680CB86958A5B93E35685
:10F49000C7583E5FAD659666806AB56B3775C78A9B
:10F4A0002450E57730571B5F65607A66606CF475B1
:10F4B0001A7A6E7FF48118874590B399C97B5C7581
:10F4C000F97A517BC4841090E979927A3683E15AB3
:10F4D00040772D4EF24E995BE05FBD623C66F1676E
:10F4E000E86C6B8677883B8A4E91F392D099176AC5
:10F4F00026702A73E7825784AF8C014E4651CB5158
:10F500008B55F55B165E335E815E145F355F6B5F16
:10F51000B45FF2611163A2661D676E6F52723A7535
:10F520003A777480398178817687BF8ADC8A858DC5
:10F53000F38D9A9277950298E59CC5525763F476BD
:10F540001567886CCD73C38CAE937396256D9C58EC
:10F550000E69CC69FD8F9A93DB751A905A58026830
:10F56000B463FB69434F2C6FD867BB8F2685B47D8E
:10F5700054933F69706F6A57F7582C5B2C7D2A7241
:10F580000A54E391B49DAD4E4E4F5C5075504352BA
:10F590009E8C485424589A5B1D5E955EAD5EF75E66
:10F5A0001F5F8C60B5623A63D063AF68406C877848
:10F5B0008E790B7AE07D4782028AE68A448E139028
:10F5C000B8902D91D8910E9FE56C5864E2647565F2
:10F5D000F46E84761B7B6990D193BA6EF254B95F56
:10F5E000A4644D8FED8F449278516B582959555C26
:10F5F000975EFB6D8F7E1C75BC8CE28E5B98B9703C
:10F600001D4FBF6BB16F3075FB964E51105435587E
:10F610005758AC59605C925F97655C67216E7B764A
:10F62000DF83ED8C1490FD904D9325783A78AA52A3
:10F63000A65E1F577459126012505A51AC51CD51E9
:10F6400000521055545858585759955BF65C8B5DCD
:10F65000BC6095622D6471674368BC68DF68D776CB
:10F66000D86D6F6E9B6D6F70C871535FD875777969
:10F67000497B547B527BD67C717D30526384698593
:10F68000E4850E8A048B468C0F8E03900F9019949C
:10F6900076962D98309AD895CD50D5520C54025864
:10F6A0000E5CA7619E641E6DB377E57AF4800484D6
:10F6B00053908592E05C079D3F53975FB35F9C6DCD
:10F6C00079726377BF79E47BD26BEC72AD8A0368A1
:10F6D000616AF851817A34694A5CF69CEB82C55BB9
:10F6E00049911E7078566F5CC76066658C6C5A8C49
:10F6F000419013985154C7660D924859A390855173
:10F700004D4EEA5199850E8B58707A634B9362691E
:10F71000B499047E777557536069DF8EE3965D6C0C
:10F720008C4E3C5C105FE98F0253D18C89807986C6
:10F73000FF5EE565734E655182593F5CEE97FB4E67
:10F740008A59CD5F8D8AE16FB0796279E75B718408
:10F750002B73B171745EF55F7B639A64C371987C9F
:10F76000434EFC5E4B4EDC57A256A960C36F0D7D25
:10F77000FD803381BF81B28F9789A486F45D8A6250
:10F78000AD6487897767E26C3E6D36743478465A8B
:10F79000757FAD82AC99F34FC35EDD6292635765AE
:10F7A0006F67C3764C72CC80BA80298F4D910D5013
:10F7B000F957925A856873696471FD72B78CF25873
:10F7C000E08C6A9619907F87E479E77729842F4F38
:10F7D00065525A53CD62CF67CA6C7D76947B957C17
:10F7E00036828485EB8FDD66206F06721B7EAB83CD
:10F7F000C199A69EFD51B17B7278B87B8780487B0A
:10F80000E86A615E8C80517560756B5162928C6E96
:10F810007A769791EA9A104F707F9C624F7BA595FC
:10F82000E99C7A565958E486BC96344F24524A5380
:10F83000CD53DB53065E2C6491657F673E6C4E6C46
:10F840004872AF72ED735475417E2C82E985A98CA4
:10F85000C47BC69169711298EF983D6369666A75B9
:10F86000E476D0784385EE862A5351532654835943
:10F87000875E7C5FB26049627962AB629065D46BEF
:10F88000CC6CB275AE769178D879CB7D777FA58038
:10F89000AB88B98ABB8C7F905E97DB980B6A387C0B
:10F8A00099503E5CAE5F8767D86B357409778E7F61
:10F8B0003B9FCA67177A39538B75ED9A665F9D81B6
:10F8C000F18398803C5FC55F6275467B3C906768BA
:10F8D000EB599B5A107D7E762C8BF54F6A5F196A27
:10F8E000376C026FE27468796888558A798CDF5EBC
:10F8F000CF63C575D279D7822893F2929C84ED8626
:10F900002D9CC1546C5F8C655C6D1570A78CD38C7D
:10F910003B984F65F6740D4ED84EE0572B59665AFA
:10F92000CC5BA851035E9C5E166076627765A76526
:10F930006E666E6D3672267B50819A8199825C8BE1
:10F94000A08CE68C748D1C964496AE4FAB64666BAF
:10F950001E8261846A85E890015C5369A8987A8464
:10F9600057850F4F6F52A95F455E0D678F7979817B
:10F9700007898689F56D175F5562B86CCF4E69723D
:10F98000929B06523B547456B358A4616E621A712E
:10F990006E59897CDE7C1B7DF09687655E80194EF2
:10F9A000754F75514058635E735E0A5FC467264E9B
:10F9B0003D8589955B96737C0198FB50C1585676BE
:10F9C000A7782552A5771185867B4F500959477234
:10F9D000C77BE87DBA8FD48F4D90BF4FC952295A4B
:10F9E000015FAD97DD4F1782EA9203575563696B4C
:10F9F0002B75DC88148F427ADF52935855610A6266
:10FA0000AE66CD6B3F7CE9832350F84F05534654D7
:10FA1000315849599D5BF05CEF5C295D965EB1629F
:10FA200067633E65B9650B67D56CE16CF970327838
:10FA30002B7EDE80B3820C84EC84028712892A8AB2
:10FA40004A8CA690D292FD98F39C6C9D4F4EA14E8D
:10FA50008D5056524A57A8593D5ED85FD95F3F62D4
:10FA6000B4661B67D067D2689251217DAA80A881B5
:10FA7000008B8C8CBF8C7E92329620542C9817531E
:10FA8000D5505C53A858B264346767726677467A7B
:10FA9000E691C352A16C866B00584C5E54592C679A
:10FAA000FB7FE151C6766964E878549BBB9ECB57D7
:10FAB000B95927669A67CE6BE954D969555E9C811E
:10FAC0009567AA9BFE67529C5D68A64EE34FC8539C
:10FAD000B9622B67AB6CC48FAD4F6D7EBF9E074E76
:10FAE0006261806E2B6F138573542A67459BF35DAB
:10FAF000957BAC5CC65B1C874A6ED184147A088106
:10FB000099598D7C116C2077D952225921715F72DD
:10FB1000DB772797619D0B697F5A185AA5510D54C1
:10FB20007D540E66DF76F78F9892F49CEA595D72E9
:10FB3000C56E4D51C968BF7DEC7D6297BA9E7864F1
:10FB4000216A028384595F5BDB6B1B73F276B27DA3
:10FB50001780998432512867D99EEE766267FF52EA
:10FB60000599245C3B627E7CB08C4F55B6600B7D62
:10FB7000809501535F4EB6511C593A723680CE9132
:10FB8000255FE2778453795F047DAC85338A8D8E5F
:10FB90005697F367AE85539409610861B96C527644
:10FBA000ED8A388F2F55514F2A51C752CB53A55B41
:10FBB0007D5EA0608261D6630967DA67676E8C6DCF
:10FBC0003673377331755079D588988A4A909190F9
:10FBD000F590C4968D871559884E594F0E4E898AD7
:10FBE0003F8F1098AD507C5E9659B95BB85EDA6372
:10FBF000FA63C164DC664A69D8690B6DB66E9471AC
:10FC00002875AF7A8A7F00804984C9848189218BD5
:10FC10000A8E65907D960A997E619162326B836C43
:10FC2000746DCC7FFC7FC06D857FBA87F88865676F
:10FC3000B1833C98F7961B6D617D3D846A91714E4E
:10FC40007553505D046BEB6FCD852D86A7892952C6
:10FC50000F54655C4E67A86806748374E275CF889C
:10FC6000E188CC91E29678968B5F8773CB7A4E844D
:10FC7000A06365758952416D9C6E097459756B78E6
:10FC8000927C8696DC7A8D9FB64F6E61C5655C86E8
:10FC9000864EAE4EDA50214ECC51EE5B99658168AE
:10FCA000BC6D1F734276AD771C7AE77C6F82D28A77
:10FCB0007C90CF91759618989B52D17D2B5098537C
:10FCC0009767CB6DD0713374E8812A8FA396579CC8
:10FCD0009F9E60744158996D2F7D5E98E44E364F1B
:10FCE0008B4FB751B152BA5D1C60B2733C79D3826D
:10FCF0003492B796F6960A97979E629FA666746BA3
:10FD00001752A352C870C288C95E4B609061236FBE
:10FD100049713E7CF47D6F80EE8423902C93425495
:10FD20006F9BD36A8970C28CEF8D3297B452415A5F
:10FD3000CA5E045F17677C6994696A6D0F6F6272AF
:10FD4000FC72ED7B01807E804B87CE906D51939E3F
:10FD500084798B803293D68A2D508C54718A6A6B49
:10FD6000C48C0781D160A067F29D994E984E109C7B
:10FD70006B8AC185688500697E6E97785581000021
:10FD80000A0001000200030004000500060007004D
:10FD9000080009000A000B000C000D000E000F0007
:10FDA00010000000202020202020202020202020C3
:10FDB00020202020000000001F001C200000000068
:10FDC0001421000002001624000000001425000089
:10FDD0000200152800000000112900000000142A6C
:10FDE00000000000182B00000000142C0000000090
:10FDF000102D00000000142E000001000C30000047
:10FE00000900143A00000100183C00000200143FF1
:10FE100000000100034100001900155B0000000014
:10FE2000145C00000000115D00000000175E00007F
:10FE300000000F5F00000000176000000000036179
:10FE400000001900157B00000000187C0000000075
:10FE5000117D00000000187E00000000007F0000FF
:10FE600020001CA00000000014A10000000016A249
:10FE70000000030019A60000000014A70000000005
:10FE800017A80000000019A90000000006AA000041
:10FE9000000013AB0000000018AC0000000001AD32
:10FEA0000000000019AE0000000017AF00000000C5
:10FEB00019B00000000018B1000000000EB20000F0
:10FEC000010017B40000000003B50000000014B6E4
:10FED0000000010017B8000000000EB9000000008B
:10FEE00006BA0000000012BB000000000EBC0000BB
:10FEF000020014BF0000000003C00000160018D765
:10FF00000000000003D80000060004DF000000002D
:10FF100003E00000160018F70000000003F80000DE
:10FF20003F00043801000000033901000F000449BC
:10FF300001000000034A01004200048D010000009E
:10FF4000038E01000C00049B01000000039C0100D3
:10FF50000D0004AA0100010003AC01000D0004BA69
:10FF60000100000006BB0100000003BC010001000D
:10FF700004BE0100000003BF0100000006C0010034
:10FF8000030003C40100000007C50100000003C610
:10FF90000100010007C80100000003C901000100C1
:10FFA00007CB0100000003CC0100230004F0010096
:10FFB000000003F10100000007F20100000003F35C
:10FFC00001002D00042102000000032202001100A4
:10FFD000043402000500033A02001A00045502002E
:10FFE00000000356020001000458020000000359FB
:10FFF00002000000045A02000000035B020001003E
:02000004600397
:10000000045D0200020003600200010004620200BD
:1000100000000363020000000464020000000365A6
:1000200002000100046702000000036802000400EF
:10003000046D02000100036F020000000470020062
:100040000000037102000100047302000100037547
:1000500002000000047602000600037D020000009A
:10006000047E0200010003800200000004810200FF
:1000700000000382020001000484020002000387E2
:1000800002000500048D020004000392020000003B
:100090000493020000000694020000000495020090
:1000A0000700039D02000100049F0200100005B03C
:1000B0000200110017C20200030005C602000B0077
:1000C00017D202000D0005E00200040017E502004F
:1000D000060005EC0200000017ED0200000005EE2E
:1000E0000200000017EF020010000B0003006F0079
:1000F000037003000300057403000000177503007C
:100100000000037603000100057A03000000037B72
:1001100003000200147E03000000037F03000000C0
:100120001784030001000386030000001487030006
:100130000000038803000200038C03000000038E0C
:10014000030001000490030000000391030010006D
:1001500003A303000C0004B00300000003B103007C
:10016000200008D20300020003D50300200018F687
:100170000300000003F70300040004FC0300000078
:1001800003FD030084001982040000000B830400B7
:1001900004000A8804000100038A0400A50003315A
:1001A00005002500055905000000145A050005004A
:1001B00004600500000003610500250004870500B8
:1001C0000100148905000000108A05000000198D47
:1001D00005000100168F050000000B9105002C00A2
:1001E00010BE050000000BBF0500000014C0050094
:1001F00000000BC10500010014C3050000000BC482
:100200000500010014C6050000000BC70500000032
:1002100006D005001A0006EF0500030014F30500E0
:10022000010001000600050018060600020014097E
:1002300006000100160B06000000140C0600010069
:10024000190E060001000B1006000A00141B060020
:100250000000011C06000000141D0600020006201C
:1002600006001F00054006000000064106000900C8
:100270000B4B060014000C6006000900146A06000F
:100280000300066E060001000B70060000000671F8
:100290000600620014D40600000006D50600000027
:1002A0000BD60600060001DD0600000019DE060080
:1002B00000000BDF0600050005E5060001000BE766
:1002C0000600010019E9060000000BEA0600030021
:1002D00006EE060001000CF00600090006FA060012
:1002E000020019FD0600010006FF060000001400D0
:1002F00007000D00010F07000000061007000000B6
:100300000B1107000000061207001D000B3007004C
:100310001A00064D070058000BA607000A0006B198
:10032000070000000CC00700090006CA07002000F3
:100330000BEB0700080005F40700010019F60700A1
:10034000000014F70700020005FA070000000BFD8B
:100350000700000016FE0700010006000800150057
:100360000B1608000300051A080000000B1B08000C
:1003700008000524080000000B25080002000528DD
:10038000080000000B2908000400143008000E00CB
:100390000640080018000B5908000200145E08000F
:1003A0000000066008000A000670080017001788A1
:1003B00008000000068908000500019008000100FF
:1003C0000B980800070006A00800280005C90800CF
:1003D00000000BCA0800170001E2080000000BE350
:1003E00008001F0009030900000006040900350089
:1003F0000B3A09000000093B090000000B3C090012
:100400000000063D09000000093E090002000B4102
:10041000090007000949090003000B4D090000000D
:10042000094E090001000650090000000B510900A7
:1004300006000658090009000B6209000100146457
:10044000090001000C660900090014700900000091
:10045000057109000000067209000E000B810900F9
:100460000000098209000100068509000700068FC7
:100470000900010006930900150006AA09000600FC
:1004800006B20900000006B6090003000BBC090013
:10049000000006BD0900000009BE090002000BC1F2
:1004A0000900030009C70900010009CB0900010088
:1004B0000BCD0900000006CE0900000009D7090095
:1004C000000006DC0900010006DF090002000BE263
:1004D000090001000CE60900090006F0090001000E
:1004E00016F2090001000EF40900050019FA0900CE
:1004F000000016FB0900000006FC0900000014FDC6
:10050000090000000BFE090000000B010A000100B9
:1005100009030A00000006050A000500060F0A008C
:10052000010006130A001500062A0A00060006321A
:100530000A00010006350A00010006380A00010021
:100540000B3C0A000000093E0A0002000B410A00B1
:1005500001000B470A0001000B4B0A0002000B517F
:100560000A00000006590A000300065E0A000000A7
:100570000C660A0009000B700A00010006720A00EE
:1005800002000B750A00000014760A0000000B81BF
:100590000A00010009830A00000006850A0008001D
:1005A000068F0A00020006930A00150006AA0A0038
:1005B000060006B20A00010006B50A0004000BBCE2
:1005C0000A00000006BD0A00000009BE0A00020081
:1005D0000BC10A0004000BC70A00010009C90A0088
:1005E000000009CB0A0001000BCD0A00000006D074
:1005F0000A00000006E00A0001000BE20A00010008
:100600000CE60A00090014F00A00000016F10A00C6
:10061000000006F90A0000000BFA0A0005000B01B1
:100620000B00000009020B00010006050B0007008B
:10063000060F0B00010006130B001500062A0B0025
:10064000060006320B00010006350B0004000B3CCF
:100650000B000000063D0B000000093E0B000000EF
:100660000B3F0B00000009400B0000000B410B008A
:10067000030009470B000100094B0B0001000B4D63
:100680000B0000000B550B00010009570B00000088
:10069000065C0B000100065F0B0002000B620B0002
:1006A00001000C660B00090019700B0000000671B8
:1006B0000B0000000E720B0005000B820B00000007
:1006C00006830B00000006850B000500068E0B005C
:1006D000020006920B00030006990B000100069C25
:1006E0000B000000069E0B00010006A30B0001009A
:1006F00006A80B00020006AE0B000B0009BE0B00A3
:1007000001000BC00B00000009C10B00010009C66D
:100710000B00020009CA0B0002000BCD0B00000009
:1007200006D00B00000009D70B0000000CE60B0000
:1007300009000EF00B00020019F30B00050016F97A
:100740000B00000019FA0B0000000B000C00000069
:1007500009010C0002000B040C00000006050C004F
:100760000700060E0C00020006120C001600062AF6
:100770000C000F000B3C0C000000063D0C000000BC
:100780000B3E0C00020009410C0003000B460C005C
:1007900002000B4A0C0003000B550C000100065828
:1007A0000C000200065D0C00000006600C00010059
:1007B0000B620C0001000C660C00090014770C00A1
:1007C00000000E780C000600197F0C000000068067
:1007D0000C0000000B810C00000009820C000100DD
:1007E00014840C00000006850C000700068E0C0027
:1007F000020006920C00160006AA0C00090006B5BD
:100800000C0004000BBC0C00000006BD0C00000036
:1008100009BE0C0000000BBF0C00000009C00C005A
:1008200004000BC60C00000009C70C00010009CA37
:100830000C0001000BCC0C00010009D50C000100DC
:1008400006DD0C00010006E00C0001000BE20C00CC
:1008500001000CE60C00090006F10C0001000B0081
:100860000D00010009020D00010006040D00080042
:10087000060E0D00020006120D0028000B3B0D00B5
:100880000100063D0D000000093E0D0002000B4175
:100890000D00030009460D000200094A0D00020088
:1008A0000B4D0D000000064E0D000000194F0D000D
:1008B000000006540D00020009570D0000000E58FC
:1008C0000D000600065F0D0002000B620D00010026
:1008D0000C660D0009000E700D00080019790D005E
:1008E0000000067A0D0005000B810D000000098252
:1008F0000D00010006850D001100069A0D0017007D
:1009000006B30D00080006BD0D00000006C00D0076
:1009100006000BCA0D00000009CF0D0002000BD22B
:100920000D0002000BD60D00000009D80D000700D5
:100930000CE60D00090009F20D00010014F40D0091
:10094000000006010E002F000B310E0000000632E1
:100950000E0001000B340E000600163F0E000000D2
:1009600006400E00050005460E0000000B470E0075
:100970000700144F0E0000000C500E000900145A1E
:100980000E00010006810E00010006840E0000002A
:1009900006860E000400068C0E00170006A50E0049
:1009A000000006A70E0009000BB10E00000006B201
:1009B0000E0001000BB40E00080006BD0E00000082
:1009C00006C00E00040005C60E0000000BC80E0095
:1009D00005000CD00E00090006DC0E000300060026
:1009E0000F00000019010F00020014040F000E0098
:1009F00019130F00000014140F00000019150F0048
:100A000002000B180F000100191A0F0005000C203E
:100A10000F0009000E2A0F00090019340F00000012
:100A20000B350F00000019360F0000000B370F00C8
:100A3000000019380F0000000B390F000000153AB4
:100A40000F000000113B0F000000153C0F000000DC
:100A5000113D0F000000093E0F00010006400F008D
:100A6000070006490F0023000B710F000D00097FDE
:100A70000F0000000B800F00040014850F00000021
:100A80000B860F00010006880F0004000B8D0F007D
:100A90000A000B990F00230019BE0F0007000BC6B8
:100AA0000F00000019C70F00050019CE0F0001004C
:100AB00014D00F00040019D50F00030014D90F0043
:100AC0000100060010002A00092B100001000B2D68
:100AD000100003000931100000000B321000050067
:100AE0000938100000000B3910000100093B10000C
:100AF00001000B3D10000100063F100000000C40FB
:100B000010000900144A10000500065010000500EE
:100B10000956100001000B5810000100065A100081
:100B200003000B5E10000200066110000000096265
:100B300010000200066510000100096710000600A1
:100B4000066E100002000B71100003000675100005
:100B50000C000B82100000000983100001000B85BF
:100B6000100001000987100005000B8D1000000027
:100B7000068E10000000098F100000000C9010007D
:100B80000900099A100002000B9D10000000199E38
:100B90001000010003A01000250003C71000000092
:100BA00003CD1000000003D010002A0014FB100039
:100BB000000005FC1000000003FD1000020006000C
:100BC00011004801064A12000300065012000600F8
:100BD000065812000000065A1200030006601200B8
:100BE0002800068A1200030006901200200006B2B8
:100BF0001200030006B81200060006C01200000032
:100C000006C21200030006C812000E0006D8120029
:100C100038000612130003000618130042000B5D93
:100C2000130002001460130008000E691300130083
:100C3000068013000F0019901300090003A0130091
:100C4000550003F813000500100014000000060111
:100C500014006B02196D16000000146E16000000DF
:100C6000066F160010001C8016000000068116009A
:100C70001900159B16000000119C1600000006A02C
:100C800016004A0014EB160002000DEE16000200DA
:100C900006F1160007000600170011000B121700DE
:100CA0000200091517000000061F170012000B3282
:100CB0001700010009341700000014351700010067
:100CC0000640170011000B521700010006601700C4
:100CD0000C00066E170002000B7217000100068060
:100CE000170033000BB41700010009B6170000000D
:100CF0000BB71700060009BE170007000BC6170048
:100D0000000009C7170001000BC917000A0014D41E
:100D10001700020005D71700000014D817000200C2
:100D200016DB1700000006DC170000000BDD1700C3
:100D300000000CE0170009000EF017000900140075
:100D40001800050010061800000014071800030022
:100D50000B0B18000200010E180000000B0F18000A
:100D600000000C101800090006201800220005439E
:100D70001800000006441800340006801800040023
:100D80000B85180001000687180021000BA9180028
:100D9000000006AA1800000006B018004500060072
:100DA00019001E000B20190002000923190003007E
:100DB0000B27190001000929190002000930190048
:100DC00001000B32190000000933190005000B392E
:100DD0001900020019401900000014441900010014
:100DE0000C4619000900065019001D000670190074
:100DF0000400068019002B0006B0190019000CD061
:100E0000190009000EDA1900000019DE190021008E
:100E100006001A0016000B171A00010009191A0023
:100E200001000B1B1A000000141E1A00010006200E
:100E30001A00340009551A0000000B561A00000071
:100E400009571A0000000B581A0006000B601A0020
:100E5000000009611A0000000B621A00000009631B
:100E60001A0001000B651A000700096D1A00050041
:100E70000B731A0009000B7F1A0000000C801A0087
:100E800009000C901A00090014A01A00060005A71A
:100E90001A00000014A81A0005000BB01A000D007B
:100EA0000ABE1A0000000BBF1A000F000B001B0047
:100EB000030009041B00000006051B002E000B3474
:100EC0001B00000009351B0000000B361B0004004E
:100ED000093B1B0000000B3C1B000000093D1B00F0
:100EE00004000B421B00000009431B0001000645E3
:100EF0001B0007000C501B000900145A1B000600C1
:100F000019611B0009000B6B1B00080019741B0002
:100F10000800147D1B0001000B801B0001000982EA
:100F20001B00000006831B001D0009A11B00000020
:100F30000BA21B00030009A61B0001000BA81B004D
:100F4000010009AA1B0000000BAB1B00020006AE4B
:100F50001B0001000CB01B00090006BA1B002B008F
:100F60000BE61B00000009E71B0000000BE81B005C
:100F7000010009EA1B0002000BED1B00000009EE56
:100F80001B0000000BEF1B00020009F21B00010018
:100F900014FC1B00030006001C00230009241C0095
:100FA00007000B2C1C00070009341C0001000B3645
:100FB0001C000100143B1C0004000C401C00090034
:100FC000064D1C0002000C501C000900065A1C00B3
:100FD0001D0005781C000500147E1C000100038024
:100FE0001C00080003901C002A0003BD1C00020026
:100FF00014C01C0007000BD01C00020014D31C00FE
:1010000000000BD41C000C0009E11C0000000BE2E6
:101010001C00060006E91C0003000BED1C0000008C
:1010200006EE1C0005000BF41C00000006F51C0079
:10103000010009F71C0000000BF81C00010006FA73
:101040001C00000004001D002B00052C1D003E00AC
:10105000046B1D000C0005781D00000003791D00C5
:101060000000047A1D000200037D1D000000047EC4
:101070001D000F00038E1D000000048F1D000B00DB
:10108000059B1D0024000BC01D003F0003001E0037
:10109000950004961E000400039B1E000000049CA3
:1010A0001E000100039E1E000000049F1E000000A1
:1010B00003A01E00750003181F00050003201F0079
:1010C000250003481F00050004501F0000000351C5
:1010D0001F00000004521F00000003531F00000007
:1010E00004541F00000003551F00000004561F0099
:1010F000000003571F00000003591F000000035B9E
:101100001F000000035D1F000000035F1F001E00A2
:1011100003801F00070007881F00070003901F00BF
:10112000070007981F00070003A01F00070007A87B
:101130001F00070003B01F00010004B21F000000E1
:1011400003B31F00000004B41F00000004B61F001A
:10115000010003B81F00030007BC1F00000017BDFB
:101160001F00000003BE1F00000017BF1F00020089
:1011700004C21F00000003C31F00000004C41F00BE
:10118000000004C61F00010003C81F00030007CCB5
:101190001F00000017CD1F00020003D01F00010038
:1011A00004D21F00010004D61F00010003D81F0055
:1011B000030017DD1F00020003E01F00010004E22E
:1011C0001F00020003E51F00000004E61F000100ED
:1011D00003E81F00040017ED1F00020004F21F00C7
:1011E000000003F31F00000004F41F00000004F6D9
:1011F0001F00010003F81F00030007FC1F00000090
:1012000017FD1F0001001C0020000A00010B200038
:10121000040010102000050014162000010013180F
:1012200020000000121920000000151A2000000004
:10123000131B20000100121D20000000151E2000BD
:101240000000131F200000001420200007001A28AF
:10125000200000001B2920000000012A20000400BB
:101260001C2F20000000143020000800133920003B
:101270000000123A20000000143B200003000F3F42
:10128000200001001441200002001844200000004A
:1012900015452000000011462000000014472000E2
:1012A0000A001852200000001453200000000F54C0
:1012B000200000001455200009001C5F20000000E1
:1012C0000160200004000166200009000E7020006B
:1012D00000000571200000000E7420000500187A3F
:1012E00020000200157D20000000117E200000007B
:1012F000057F200000000E8020000900188A2000D1
:101300000200158D20000000118E200000000590C5
:1013100020000C0016A0200020000BD020000C00A4
:101320000ADD200003000BE1200000000AE220009B
:1013300002000BE520000B0019002100010008024B
:10134000210000001903210003000807210000000C
:10135000190821000100040A21000000080B2100E7
:101360000200040E210001000810210002000413F5
:1013700021000000191421000000081521000000C0
:101380001916210001001818210000000819210079
:101390000400191E21000500082421000000192561
:1013A0002100000003262100000019272100000071
:1013B000082821000000192921000000032A21002B
:1013C0000100082C21000100192E21000000042F2B
:1013D000210000000830210001000332210000003C
:1013E00008332100000004342100000006352100EC
:1013F0000300043921000000193A21000100043CD7
:1014000021000100083E21000100184021000400D5
:10141000084521000000044621000300194A21006C
:101420000000184B21000000194C21000100034E60
:1014300021000000194F210000000E5021000F0074
:101440000D60210022000383210001000D85210091
:1014500003000E8921000000198A21000100189064
:1014600021000400199521000400189A21000100B0
:10147000199C2100030018A02100000019A12100DF
:10148000010018A32100000019A42100010018A6E2
:101490002100000019A72100060018AE210000005D
:1014A00019AF21001E0018CE2100010019D0210023
:1014B000010018D22100000019D32100000018D427
:1014C0002100000019D521001E0018F421000B0195
:1014D000190023000700150823000000110923004C
:1014E0000000150A23000000110B23000000190C56
:1014F00023001300182023000100192223000600F6
:10150000152923000000112A23000000192B2300B5
:101510005000187C23000000197D23001D00189B3B
:101520002300180019B42300270018DC230005004D
:1015300019E223004400194024000A000E60240030
:101540003B00199C24004D000EEA240015001900F0
:101550002500B60018B72500000019B825000800BE
:1015600018C12500000019C22500350018F8250013
:101570000700190026006E00186F26000000197081
:101580002600F700156827000000116927000000F9
:10159000156A27000000116B27000000156C27005A
:1015A0000000116D27000000156E27000000116F6C
:1015B00027000000157027000000117127000000AF
:1015C0001572270000001173270000001574270012
:1015D00000001175270000000E7627001D001994E9
:1015E00027002B0018C02700040015C527000000A5
:1015F00011C62700000018C727001E0015E62700A7
:10160000000011E72700000015E82700000011E99D
:101610002700000015EA2700000011EB270000005A
:1016200015EC2700000011ED2700000015EE270043
:10163000000011EF2700000018F027000F0019002C
:101640002800FF00180029008200158329000000EF
:101650001184290000001585290000001186290049
:101660000000158729000000118829000000158955
:1016700029000000118A29000000158B29000000B4
:10168000118C29000000158D29000000118E290001
:101690000000158F2900000011902900000015910D
:1016A0002900000011922900000015932900000074
:1016B00011942900000015952900000011962900B9
:1016C00000001597290000001198290000001899C2
:1016D00029003E0015D82900000011D9290000007A
:1016E00015DA2900000011DB2900000018DC2900B0
:1016F0001F0015FC2900000011FD2900000018FE44
:101700002900010119002B002F0018302B001400B4
:1017100019452B00010018472B000500194D2B001F
:10172000260019762B001F0019972B006800030074
:101730002C00700004712C00000003722C000100CA
:1017400004742C00000003752C00010004772C00A9
:101750000400057C2C000100037E2C00650004E4DD
:101760002C00000019E52C00050003EB2C00030001
:101770000BEF2C00020003F22C00010014F92C00E6
:1017800003000EFD2C00000014FE2C0001000300DD
:101790002D00250003272D000000032D2D00000043
:1017A00006302D003700056F2D00000014702D004D
:1017B00000000B7F2D00000006802D00160006A003
:1017C0002D00060006A82D00060006B02D0006001C
:1017D00006B82D00060006C02D00060006C82D0024
:1017E000060006D02D00060006D82D0006000BE0EE
:1017F0002D001F0014002E00010013022E00000017
:1018000012032E00000013042E00000012052E000B
:10181000000014062E00020013092E000000120A18
:101820002E000000140B2E000000130C2E000000F0
:10183000120D2E000000140E2E00080010172E00AE
:10184000000014182E000100101A2E000000141BB6
:101850002E000000131C2E000000121D2E000000A0
:10186000141E2E00010013202E00000012212E0055
:10187000000015222E00000011232E000000152468
:101880002E00000011252E00000015262E0000005D
:1018900011272E00000015282E00000011292E000F
:1018A0000000142A2E000400052F2E000000143022
:1018B0002E000900103A2E000100143C2E000300F7
:1018C00010402E00000014412E00000015422E0092
:1018D000000014432E000C0019502E000100145279
:1018E0002E00020015552E00000011562E0000009B
:1018F00015572E00000011582E00000015592E001B
:101900000000115A2E000000155B2E000000115C33
:101910002E000000105D2E00000019802E0019001E
:10192000199B2E00580019002F00D50019F02F0028
:101930000B001C00300000001401300002001904EC
:1019400030000000050530000000060630000000F1
:101950000D073000000015083000000011093000AC
:101960000000150A30000000110B30000000150CBB
:1019700030000000110D30000000150E3000000096
:10198000110F300000001510300000001111300060
:10199000000019123000010015143000000011156C
:1019A0003000000015163000000011173000000054
:1019B000151830000000111930000000151A300011
:1019C0000000111B30000000101C30000000151D2D
:1019D00030000000111E300001001920300000000E
:1019E0000D21300008000B2A30000300092E3000C2
:1019F00001001030300000000531300004001936BD
:101A0000300001000D3830000200053B30000000BE
:101A1000063C30000000143D30000000193E30004C
:101A200001000641300055000B9930000100179B62
:101A300030000100059D30000100069F30000000CD
:101A400010A03000000006A13000590014FB300047
:101A5000000005FC3000020006FF30000000060513
:101A600031002A00063131005D001990310001007B
:101A70000E923100030019963100090006A03100D2
:101A80001F0019C03100230006F031000F001900BB
:101A900032001E000E2032000900192A32001D00FB
:101AA0000E48320007001950320000000E5132007B
:101AB0000E00196032001F000E8032000900198AE2
:101AC000320026000EB132000E0019C032003F0174
:101AD00006003400BF1919C04D003F0006004E003B
:101AE00014520515A00000000616A00076041990F7
:101AF000A400360006D0A400270005F8A4000500C5
:101B000014FEA40001000600A5000B01050CA600B0
:101B10000000140DA60002000610A6000F000C2005
:101B2000A6000900062AA60001000340A6002D0019
:101B3000066EA60000000B6FA60000000A70A6004B
:101B400002001473A60000000B74A6000900147EA6
:101B5000A6000000057FA60000000380A6001B0071
:101B6000059CA60001000B9EA600010006A0A60091
:101B700045000DE6A60009000BF0A600010014F2D6
:101B8000A60005001700A70016000517A70008000B
:101B90001720A70001000322A7000D000430A700B2
:101BA00001000332A7003D000570A700000004718A
:101BB000A70007000379A7000E000588A700000012
:101BC0001789A7000100038BA7000200048EA7005D
:101BD0000000068FA70000000390A70004000495F2
:101BE000A70000000396A700180004AFA70000009C
:101BF00003B0A7001A0003D0A700010004D3A70078
:101C0000000004D5A700000003D6A700030005F2DA
:101C1000A700020003F5A700010006F7A7000000D7
:101C200005F8A700010004FAA700000006FBA700C2
:101C300006000B02A80000000603A80002000B0625
:101C4000A80000000607A80003000B0BA800000076
:101C5000060CA80016000923A80001000B25A80007
:101C600001000927A80000001928A80003000B2C78
:101C7000A80000000E30A80005001936A8000100D9
:101C80001638A80000001939A80000000640A80076
:101C900033001474A80003000980A8000100068224
:101CA000A800310009B4A8000F000BC4A80001006F
:101CB00014CEA80001000CD0A80009000BE0A80079
:101CC000110006F2A800050014F8A800020006FBA7
:101CD000A800000014FCA800000006FDA8000100F8
:101CE0000BFFA80000000C00A9000900060AA900CB
:101CF0001B000B26A9000700142EA90001000630C6
:101D0000A90016000B47A9000A000952A90001000A
:101D1000145FA90000000660A9001C000B80A90048
:101D200002000983A90000000684A9002E000BB35D
:101D3000A900000009B4A90001000BB6A900030026
:101D400009BAA90001000BBCA900010009BEA90045
:101D5000020014C1A9000C0005CFA90000000CD09E
:101D6000A900090014DEA900010006E0A900040092
:101D70000BE5A900000005E6A900000006E7A900A0
:101D800008000CF0A900090006FAA90004000600EA
:101D9000AA0028000B29AA000500092FAA000100AB
:101DA0000B31AA0001000933AA0001000B35AA007B
:101DB00001000640AA0002000B43AA0000000644EE
:101DC000AA0007000B4CAA000000094DAA00000061
:101DD0000C50AA000900145CAA0003000660AA00C7
:101DE0000F000570AA0000000671AA00050019770F
:101DF000AA000200067AAA000000097BAA000000DF
:101E00000B7CAA000000097DAA000000067EAA0043
:101E100031000BB0AA00000006B1AA0000000BB20E
:101E2000AA00020006B5AA0001000BB7AA00010033
:101E300006B9AA0004000BBEAA00010006C0AA0051
:101E400000000BC1AA00000006C2AA00000006DBC9
:101E5000AA00010005DDAA00000014DEAA000100AE
:101E600006E0AA000A0009EBAA0000000BECAA0099
:101E7000010009EEAA00010014F0AA00010006F218
:101E8000AA00000005F3AA00010009F5AA0000005D
:101E90000BF6AA0000000601AB0005000609AB0026
:101EA00005000611AB0005000620AB000600062861
:101EB000AB0006000430AB0022000353AB0000006F
:101EC0000454AB000600175BAB000000055CAB00E0
:101ED00003000460AB0008000569AB000000176A4E
:101EE000AB0001000370AB004F0006C0AB00220046
:101EF00009E3AB0001000BE5AB00000009E6AB0015
:101F000001000BE8AB00000009E9AB00010014EB95
:101F1000AB00000009ECAB0000000BEDAB000000D3
:101F20000CF0AB0009000600AC00A32B06B0D700F4
:101F3000160006CBD70030000200D800FF070600CD
:101F4000F9006D010670FA0069000400FB0006004C
:101F50000413FB000400061DFB0000000B1EFB0029
:101F60000000061FFB0009001829FB000000062ADC
:101F7000FB000C000638FB000400063EFB000000DE
:101F80000640FB0001000643FB0001000646FB0083
:101F90006B0017B2FB00100006D3FB006A01113E74
:101FA000FD000000153FFD0000001940FD000F007E
:101FB0000650FD003F000692FD00350019CFFD00E0
:101FC000000006F0FD000B0016FCFD00000019FDEE
:101FD000FD0002000B00FE000F001410FE000600C2
:101FE0001517FE0000001118FE0000001419FE0075
:101FF00000000B20FE000F001430FE000000103126
:10200000FE0001000F33FE0001001535FE00000048
:102010001136FE0000001537FE0000001138FE00EA
:1020200000001539FE000000113AFE000000153BCB
:10203000FE000000113CFE000000153DFE00000007
:10204000113EFE000000153FFE0000001140FE00A2
:1020500000001541FE0000001142FE000000154383
:10206000FE0000001144FE0000001445FE000100C7
:102070001547FE0000001148FE0000001449FE0054
:1020800003000F4DFE0002001450FE000200145425
:10209000FE0003001058FE0000001559FE0000006D
:1020A000115AFE000000155BFE000000115CFE00EE
:1020B0000000155DFE000000115EFE000000145FD0
:1020C000FE0002001862FE0000001063FE00000027
:1020D0001864FE0002001468FE0000001669FE008D
:1020E0000000146AFE0001000670FE00040006767F
:1020F000FE00860001FFFE0000001401FF00020048
:102100001604FF0000001405FF0002001508FF0080
:1021100000001109FF000000140AFF000000180B66
:10212000FF000000140CFF000000100DFF00000075
:10213000140EFF0001000C10FF000900141AFF002C
:102140000100181CFF000200141FFF000100032102
:10215000FF001900153BFF000000143CFF000000C9
:10216000113DFF000000173EFF0000000F3FFF0081
:1021700000001740FF0000000341FF001900155B3D
:10218000FF000000185CFF000000115DFF00000070
:10219000185EFF000000155FFF0000001160FF00E7
:1021A00000001461FF0000001562FF0000001163D1
:1021B000FF0000001464FF0001000666FF00090034
:1021C0000570FF0000000671FF002C00059EFF0057
:1021D000010006A0FF001E0006C2FF00050006CA9F
:1021E000FF00050006D2FF00050006DAFF0002002E
:1021F00016E0FF00010018E2FF00000017E3FF00F7
:10220000000019E4FF00000016E5FF00010019E8D6
:10221000FF00000018E9FF00030019EDFF000100B6
:1022200001F9FF00020019FCFF0001000600000197
:102230000B00060D00011900062800011200063CE3
:1022400000010100063F00010E00065000010D00D4
:10225000068000017A001400010102000E0701014E
:102260002C001937010108000D40010134000E75E2
:10227000010103001979010110000E8A010101001A
:10228000198C01010200199001010C0019A0010133
:10229000000019D001012C000BFD01010000068097
:1022A00002011C0006A0020130000BE00201000048
:1022B0000EE102011A00060003011F000E200301B7
:1022C0000300062D030113000D4103010000064227
:1022D000030107000D4A0301000006500301250019
:1022E0000B7603010400068003011D00149F030107
:1022F000000006A00301230006C80301070014D054
:10230000030100000DD103010400030004014F008C
:10231000065004014D000CA00401090003B00401A3
:10232000230003D80401230006000501270006301E
:1023300005013300146F05010000037005010A0058
:10234000037C05010E00038C0501060003940501C2
:102350000100039705010A0003A305010E0003B362
:102360000501060003BB0501010006000601360158
:1023700006400701150006600701070005800701F8
:10238000050005870701290005B2070108000600BE
:1023900008010500060808010000060A08012B00D4
:1023A000063708010100063C08010000063F08014D
:1023B00016001457080100000E58080107000660B7
:1023C000080116001977080101000E7908010600BE
:1023D000068008011E000EA70801080006E008019B
:1023E000120006F4080101000EFB080104000600BB
:1023F000090115000E1609010500141F090100004E
:10240000062009011900143F090100000680090196
:1024100037000EBC0901010006BE090101000EC013
:1024200009010F000ED209012D0006000A0100006B
:102430000B010A0102000B050A0101000B0C0A0145
:10244000030006100A01030006150A01020006191E
:102450000A011C000B380A0102000B3F0A010000B0
:102460000E400A01080014500A01080006600A0123
:102470001C000E7D0A010100147F0A010000068085
:102480000A011C000E9D0A01020006C00A01070095
:1024900019C80A01000006C90A011B000BE50A0160
:1024A00001000EEB0A01040014F00A010600060008
:1024B0000B01350014390B01060006400B01150015
:1024C0000E580B01070006600B0112000E780B017D
:1024D000070006800B01110014990B0103000EA9DF
:1024E0000B01060006000C01480003800C013200BD
:1024F00003C00C0132000EFA0C01050006000D01AC
:1025000023000B240D0103000C300D0109000E60A7
:102510000E011E0006800E0129000BAB0E0101000A
:1025200010AD0E01000006B00E01010006000F0103
:102530001C000E1D0F01090006270F0100000630C8
:102540000F0115000B460F010A000E510F01030089
:1025500014550F01040006700F0111000B820F01CA
:10256000030014860F01030006B00F0114000EC50E
:102570000F01060006E00F0116000900100100001F
:102580000B011001000009021001000006031001F8
:1025900034000B3810010E001447100106000E52D3
:1025A000100113000C66100109000B7010010000EF
:1025B0000671100101000B73100101000675100176
:1025C00000000B7F10010200098210010000068349
:1025D00010012C0009B0100102000BB31001030020
:1025E00009B7100101000BB91001010014BB100163
:1025F000010001BD1001000014BE100103000BC258
:102600001001000001CD1001000006D010011800DB
:102610000CF0100109000B0011010200060311016A
:1026200023000B2711010400092C110100000B2DC0
:10263000110107000C3611010900144011010300BB
:10264000064411010000094511010100064711016E
:1026500000000650110122000B73110100001474D8
:10266000110101000676110100000B80110101002B
:10267000098211010000068311012F0009B3110125
:1026800002000BB61101080009BF1101010006C1CB
:102690001101030014C5110103000BC9110103004E
:1026A00014CD1101000009CE110100000BCF110162
:1026B00000000CD01101090006DA1101000014DB42
:1026C0001101000006DC1101000014DD11010200FF
:1026D0000EE1110113000600120111000613120190
:1026E0001800092C120102000B2F120102000932FE
:1026F000120101000B341201000009351201000023
:102700000B36120101001438120105000B3E1201B4
:102710000000068012010600068812010000068AE9
:1027200012010300068F12010E00069F120109001C
:1027300014A91201000006B012012E000BDF1201D5
:10274000000009E0120102000BE3120107000CF087
:10275000120109000B00130101000902130101001D
:10276000060513010700060F1301010006131301EC
:102770001500062A13010600063213010100063572
:10278000130104000B3B13010100063D130100007F
:10279000093E130101000B40130100000941130120
:1027A0000300094713010100094B13010200065001
:1027B00013010000095713010000065D1301040016
:1027C0000962130101000B66130106000B7013016F
:1027D00004000600140134000935140102000B380E
:1027E000140107000940140101000B42140102000A
:1027F0000945140100000B461401000006471401AE
:102800000300144B140104000C5014010900145A65
:1028100014010100145D140100000B5E140100009E
:10282000065F14010200068014012F0009B0140194
:1028300002000BB31401050009B9140100000BBA22
:102840001401000009BB140103000BBF14010100B7
:1028500009C1140100000BC21401010006C41401D7
:10286000010014C61401000006C7140100000CD0BA
:1028700014010900068015012E0009AF15010200A0
:102880000BB21501030009B8150103000BBC1501BB
:10289000010009BE150100000BBF1501010014C1A4
:1028A0001501160006D8150103000BDC1501010007
:1028B000060016012F000930160102000B33160125
:1028C0000700093B160101000B3D16010000093EFF
:1028D000160100000B3F1601010014411601020011
:1028E0000644160100000C50160109001460160180
:1028F0000C00068016012A000BAB1601000009AC83
:10290000160100000BAD1601000009AE1601010012
:102910000BB01601050009B6160100000BB7160131
:10292000000006B81601000014B9160100000CC022
:1029300016010900060017011A000B1D17010200FD
:102940000920170101000B221701030009261701B6
:1029500000000B27170104000C30170109000E3A84
:1029600017010100143C17010200193F1701000074
:10297000064017010600060018012B00092C18015B
:1029800002000B2F180108000938180100000B394C
:1029900018010100143B1801000003A018013F00BA
:1029A0000CE0180109000EEA1801080006FF1801E2
:1029B0000700060919010000060C19010700061599
:1029C0001901010006181901170009301901050045
:1029D0000937190101000B3B19010100093D1901DB
:1029E00000000B3E19010000063F190100000940DC
:1029F00019010000064119010000094219010000F7
:102A00000B43190100001444190102000C50190174
:102A1000090006A01901070006AA1901260009D11C
:102A2000190102000BD4190103000BDA190101008E
:102A300009DC190103000BE01901000006E119018E
:102A4000000014E21901000006E31901000009E486
:102A50001901000006001A0100000B011A0109000B
:102A6000060B1A0127000B331A01050009391A0158
:102A70000000063A1A0100000B3B1A010300143F44
:102A80001A0107000B471A01000006501A01000046
:102A90000B511A01050009571A0101000B591A01BF
:102AA0000200065C1A012D000B8A1A010C0009971E
:102AB0001A0100000B981A010100149A1A01020071
:102AC000069D1A010000149E1A01040006B01A01A6
:102AD000480006001C010800060A1C012400092FFA
:102AE0001C0100000B301C0106000B381C01050006
:102AF000093E1C0100000B3F1C01000006401C01A8
:102B0000000014411C0104000C501C0109000E5A65
:102B10001C01120014701C01010006721C011D0032
:102B20000B921C01150009A91C0100000BAA1C0135
:102B3000060009B11C0100000BB21C01010009B420
:102B40001C0100000BB51C01010006001D01060060
:102B500006081D010100060B1D0125000B311D019A
:102B600005000B3A1D0100000B3C1D0101000B3F4D
:102B70001D01060006461D0100000B471D01000057
:102B80000C501D01090006601D01050006671D01AE
:102B90000100066A1D011F00098A1D0104000B9037
:102BA0001D01010009931D0101000B951D0100008D
:102BB00009961D0100000B971D01000006981D01DC
:102BC00000000CA01D01090006E01E0112000BF31D
:102BD0001E01010009F51E01010014F71E0101008C
:102BE00006B01F0100000EC01F01140019D51F01FF
:102BF000070016DD1F01030019E11F01100014FF7B
:102C00001F0100000600200199030D0024016E0041
:102C100014702401040006802401C30006902F01D3
:102C2000600014F12F010100060030012E04013074
:102C3000340108000600440146020600680138021B
:102C400006406A011E000C606A010900146E6A01E8
:102C5000010006706A014E000CC06A01090006D02E
:102C60006A011D000BF06A01040014F56A010000FE
:102C700006006B012F000B306B01060014376B014F
:102C80000400193C6B01030005406B010300144470
:102C90006B01000019456B0100000C506B0109002D
:102CA0000E5B6B01060006636B011400067D6B0171
:102CB000120003406E013F000E806E011600149753
:102CC0006E01030006006F014A000B4F6F01000008
:102CD00006506F01000009516F0136000B8F6F0124
:102CE000030005936F010C0005E06F01010014E281
:102CF0006F01000005E36F0100000BE46F010000AD
:102D000009F06F01010006007001F7170600880145
:102D1000D50406008D01080005F0AF01030005F59C
:102D2000AF01060005FDAF0101000600B001220160
:102D30000650B10102000664B10103000670B10142
:102D40008B010600BC016A000670BC010C00068005
:102D5000BC0108000690BC010900199CBC010000E0
:102D60000B9DBC010100149FBC01000001A0BC012F
:102D700003000B00CF012D000B30CF0116001950BE
:102D8000CF0173001900D001F5001900D101260010
:102D90001929D1013B000965D10101000B67D1015F
:102DA0000200196AD1010200096DD1010500017309
:102DB000D10107000B7BD10107001983D10101006C
:102DC0000B85D1010600198CD1011D000BAAD10180
:102DD000030019AED1013C001900D20141000B42A1
:102DE000D20102001945D20100000EE0D201130009
:102DF0001900D30156000E60D30118000800D40159
:102E00001900041AD40119000834D4011900044E21
:102E1000D40106000456D40111000868D401190039
:102E20000482D4011900089CD4010000089ED4013A
:102E3000010008A2D401000008A5D401010008A9DE
:102E4000D401030008AED401070004B6D401030086
:102E500004BBD401000004BDD401060004C5D401A4
:102E60000A0008D0D401190004EAD40119000804AA
:102E7000D50101000807D5010300080DD5010700A1
:102E80000816D5010600041ED50119000838D50121
:102E90000100083BD50103000840D50104000846A5
:102EA000D5010000084AD50106000452D5011900D9
:102EB000086CD50119000486D501190008A0D501B8
:102EC000190004BAD501190008D4D501190004EE7F
:102ED000D50119000808D60119000422D6011900ED
:102EE000083CD60119000456D60119000870D60115
:102EF0001900048AD6011B0008A8D601180018C1C1
:102F0000D601000004C2D601180018DBD60100006B
:102F100004DCD601050008E2D601180018FBD60132
:102F2000000004FCD60118001815D7010000041693
:102F3000D7010500081CD70118001835D70100007B
:102F40000436D7011800184FD70100000450D701EC
:102F500005000856D7011800186FD701000004704B
:102F6000D70118001889D7010000048AD70105008D
:102F70000890D701180018A9D701000004AAD701AA
:102F8000180018C3D701000004C4D701050008CAFF
:102F9000D701000004CBD70100000CCED7013100CF
:102FA0001900D801FF010B00DA0136001937DA01E8
:102FB00003000B3BDA013100196DDA0107000B75D4
:102FC000DA0100001976DA010D000B84DA01000045
:102FD0001985DA0101001487DA0104000B9BDA017C
:102FE00004000BA1DA010E000400DF010900060A4B
:102FF000DF010000040BDF0113000B00E0010600FD
:103000000B08E00110000B1BE00106000B23E001A0
:1030100001000B26E00104000600E1012C000B304A
:10302000E10106000537E10106000C40E10109005D
:10303000064EE1010000194FE10100000690E20197
:103040001D000BAEE201000006C0E2012B000BECFC
:10305000E20103000CF0E201090016FFE2010000AA
:1030600006E0E701060006E8E701030006EDE701D8
:10307000010006F0E7010E000600E801C4000EC7DB
:10308000E80108000BD0E80106000300E901430055
:103090000B44E9010600054BE90100000C50E90171
:1030A0000900145EE90101000E71EC013A0019AC4F
:1030B000EC0100000EADEC01020016B0EC010000C6
:1030C0000EB1EC0103000E01ED012C00192EED01F3
:1030D00000000E2FED010E000600EE0103000605B4
:1030E000EE011A000621EE0101000624EE010000A7
:1030F0000627EE0100000629EE0109000634EE0164
:1031000003000639EE010000063BEE010000064216
:10311000EE0100000647EE0100000649EE01000046
:10312000064BEE010000064DEE0102000651EE01D5
:1031300001000654EE0100000657EE01000006599A
:10314000EE010000065BEE010000065DEE010000EE
:10315000065FEE0100000661EE0101000664EE016B
:1031600000000667EE010300066CEE01060006741F
:10317000EE0103000679EE010300067EEE01000079
:103180000680EE010900068BEE01100006A1EE019B
:10319000020006A5EE01040006ABEE01100018F0D7
:1031A000EE0101001900F0012B001930F00163005D
:1031B00019A0F0010E0019B1F0010E0019C1F001C3
:1031C0000E0019D1F00124000E00F1010C00190DC0
:1031D000F101A00019E6F1011C001910F2012B0009
:1031E0001940F20108001950F20101001960F201C2
:1031F00005001900F301FA0017FBF30104001900A0
:10320000F401D70219DDF6010F0019F0F6010C00E8
:103210001900F70173001980F701580019E0F70150
:103220000B0019F0F70100001900F8010B0019104C
:10323000F80137001950F80109001960F80127005A
:103240001990F8011D0019B0F80101001900F901E9
:1032500053011960FA010D001970FA010400197880
:10326000FA0104001980FA0106001990FA011C0005
:1032700019B0FA010A0019C0FA01050019D0FA01C3
:10328000090019E0FA01070019F0FA010600190017
:10329000FB0192001994FB0136000CF0FB010900C0
:1032A00006000002DFA60600A70238100640B7029B
:1032B000DD000620B802811606B0CE02301D0600E1
:1032C000F8021D02060000034A130101000E00006F
:1032D0000120000E5F000B00010EEF000C5F104E8E
:1032E000154E2A4E314E364E3C4E3F4E424E564EB5
:1032F000584E824E854E6B8C8A4E12820D5F8E4EDA
:103300009E4E9F4EA04EA24EB04EB34EB64ECE4EE7
:10331000CD4EC44EC64EC24ED74EDE4EED4EDF4EA3
:10332000F74E094F5A4F304F5B4F5D4F574F474F46
:10333000764F884F8F4F984F7B4F694F704F914F0B
:103340006F4F864F964F1851D44FDF4FCE4FD84F07
:10335000DB4FD14FDA4FD04FE44FE54F1A50285092
:1033600014502A50255005501C4FF64F215029501B
:103370002C50FE4FEF4F11500650435047500367FB
:103380005550505048505A5056506C5078508050BC
:103390009A508550B450B250C950CA50B350C25020
:1033A000D650DE50E550ED50E350EE50F950F55058
:1033B0000951015102511651155114511A512151FF
:1033C0003A5137513C513B513F51405152514C5170
:1033D00054516251F87A69516A516E51805182514B
:1033E000D8568C5189518F51915193519551965185
:1033F000A451A651A251A951AA51AB51B351B151F7
:10340000B251B051B551BD51C551C951DB51E05117
:103410005586E951ED51F051F551FE5104520B52D0
:1034200014520E5227522A522E52335239524F52B0
:1034300044524B524C525E5254526A527452695228
:1034400073527F527D528D529452925271528852D1
:103450009152A88FA78FAC52AD52BC52B552C152F7
:10346000CD52D752DE52E352E652ED98E052F3527B
:10347000F552F852F9520653085338750D5310534C
:103480000F5315531A5323532F5331533353385378
:10349000405346534553174E49534D53D6515E53EF
:1034A00069536E5318597B53775382539653A053E5
:1034B000A653A553AE53B053B653C353127CD996FB
:1034C000DF53FC66EE71EE53E853ED53FA530154AB
:1034D0003D5440542C542D543C542E5436542954AD
:1034E0001D544E548F5475548E545F5471547754F8
:1034F000705492547B54805476548454905486541F
:10350000C754A254B854A554AC54C454C854A85475
:10351000AB54C254A454BE54BC54D854E554E654DD
:103520000F551455FD54EE54ED54FA54E2543955E8
:10353000405563554C552E555C5545555655575578
:10354000385533555D5599558055AF548A559F551B
:103550007B557E5598559E55AE557C558355A9553E
:103560008755A855DA55C555DF55C455DC55E45582
:10357000D4551456F7551656FE55FD551B56F9559C
:103580004E565056DF7134563656325638566B56B4
:1035900064562F566C566A56865680568A56A056E2
:1035A00094568F56A556AE56B656B456C256BC560D
:1035B000C156C356C056C856CE56D156D356D75606
:1035C000EE56F9560057FF560457095708570B5740
:1035D0000D57135718571657C7551C5726573757A7
:1035E00038574E573B5740574F576957C057885722
:1035F00061577F5789579357A057B357A457AA5776
:10360000B057C357C657D457D257D3570A58D6576F
:10361000E3570B5819581D587258215862584B5887
:103620007058C06B52583D5879588558B9589F58B2
:10363000AB58BA58DE58BB58B858AE58C558D358CE
:10364000D158D758D958D858E558DC58E458DF58DD
:10365000EF58FA58F958FB58FC58FD5802590A59C6
:1036600010591B59A66825592C592D5932593859CA
:103670003E59D27A555950594E595A59585962594A
:10368000605967596C596959785981599D595E4FEC
:10369000AB4FA359B259C659E859DC598D59D9597C
:1036A000DA59255A1F5A115A1C5A095A1A5A405A9D
:1036B0006C5A495A355A365A625A6A5A9A5ABC5AF8
:1036C000BE5ACB5AC25ABD5AE35AD75AE65AE95A99
:1036D000D65AFA5AFB5A0C5B0B5B165B325BD05A1C
:1036E0002A5B365B3E5B435B455B405B515B555BF6
:1036F0005A5B5B5B655B695B705B735B755B785B9F
:1037000088657A5B805B835BA65BB85BC35BC75BEA
:10371000C95BD45BD05BE45BE65BE25BDE5BE55BF5
:10372000EB5BF05BF65BF35B055C075C085C0D5CD8
:10373000135C205C225C285C385C395C415C465C34
:103740004E5C535C505C4F5C715B6C5C6E5C624EBB
:10375000765C795C8C5C915C945C9B59AB5CBB5CEB
:10376000B65CBC5CB75CC55CBE5CC75CD95CE95C44
:10377000FD5CFA5CED5C8C5DEA5C0B5D155D175DD4
:103780005C5D1F5D1B5D115D145D225D1A5D195D41
:10379000185D4C5D525D4E5D4B5D6C5D735D765D9D
:1037A000875D845D825DA25D9D5DAC5DAE5DBD5D4E
:1037B000905DB75DBC5DC95DCD5DD35DD25DD65D0D
:1037C000DB5DEB5DF25DF55D0B5E1A5E195E115E11
:1037D0001B5E365E375E445E435E405E4E5E575E05
:1037E000545E5F5E625E645E475E755E765E7A5EC4
:1037F000BC9E7F5EA05EC15EC25EC85ED05ECF5ED4
:10380000D65EE35EDD5EDA5EDB5EE25EE15EE85ED2
:10381000E95EEC5EF15EF35EF05EF45EF85EFE5E25
:10382000035F095F5D5F5C5F0B5F115F165F295F80
:103830002D5F385F415F485F4C5F4E5F2F5F515F88
:10384000565F575F595F615F6D5F735F775F835F3F
:10385000825F7F5F8A5F885F915F875F9E5F995F0E
:10386000985FA05FA85FAD5FBC5FD65FFB5FE45F62
:10387000F85FF15FDD5FB360FF5F2160606019603A
:10388000106029600E6031601B6015602B6026603F
:103890000F603A605A6041606A6077605F604A60BA
:1038A00046604D6063604360646042606C606B6062
:1038B000596081608D60E76083609A6084609B607E
:1038C000966097609260A7608B60E160B860E0608E
:1038D000D360B460F05FBD60C660B560D8604D6114
:1038E00015610661F660F7600061F460FA600361DB
:1038F0002161FB60F1600D610E6147613E612861ED
:1039000027614A613F613C612C6134613D614261E4
:10391000446173617761586159615A616B61746187
:103920006F61656171615F615D615361756199612D
:1039300096618761AC6194619A618A619161AB61C2
:10394000AE61CC61CA61C961F761C861C361C6611A
:10395000BA61CB61797FCD61E661E361F661FA61BD
:10396000F461FF61FD61FC61FE6100620862096251
:103970000D620C6214621B621E6221622A622E6258
:1039800030623262336241624E625E6263625B62E7
:10399000606268627C62826289627E629262936225
:1039A0009662D46283629462D762D162BB62CF6254
:1039B000FF62C662D464C862DC62CC62CA62C26260
:1039C000C7629B62C9620C63EE62F16227630263A5
:1039D0000863EF62F56250633E634D631C644F639E
:1039E00096638E638063AB637663A3638F6389633F
:1039F0009F63B5636B636963BE63E963C063C6635A
:103A0000E363C963D263F663C46316643464066413
:103A10001364266436641D65176428640F64676444
:103A20006F6476644E642A6595649364A564A964A2
:103A30008864BC64DA64D264C564C764BB64D86457
:103A4000C264F164E7640982E064E164AC62E36447
:103A5000EF642C65F664F464F264FA640065FD6456
:103A600018651C650565246523652B65346535651A
:103A70003765366538654B754865566555654D65DE
:103A800058655E655D6572657865826583658A8B5C
:103A90009B659F65AB65B765C365C665C165C46554
:103AA000CC65D265DB65D965E065E165F165726776
:103AB0000A660366FB6573673566366634661C66A0
:103AC0004F664466496641665E665D666466676623
:103AD00068665F6662667066836688668E668966FB
:103AE000846698669D66C166B966C966BE66BC6630
:103AF000C466B866D666DA66E0663F66E666E9667C
:103B0000F066F566F7660F6716671E672667276714
:103B100038972E673F67366741673867376746676C
:103B20005E67606759676367646789677067A967DD
:103B30007C676A678C678B67A667A1678567B767CD
:103B4000EF67B467EC67B367E967B867E467DE6798
:103B5000DD67E267EE67B967CE67C667E7679C6AAD
:103B60001E684668296840684D6832684E68B368C8
:103B70002B685968636877687F689F688F68AD684D
:103B800094689D689B688368AE6AB9687468B56814
:103B9000A068BA680F698D687E680169CA6808699B
:103BA000D86822692669E1680C69CD68D468E7683D
:103BB000D568366912690469D768E3682569F968C8
:103BC000E068EF6828692A691A6923692169C6686B
:103BD000796977695C6978696B6954697E696E692E
:103BE000396974693D695969306961695E695D69FE
:103BF00081696A69B269AE69D069BF69C169D3690F
:103C0000BE69CE69E85BCA69DD69BB69C369A7693A
:103C10002E6A9169A0699C699569B469DE69E86951
:103C2000026A1B6AFF690A6BF969F269E769056A4A
:103C3000B1691E6AED69146AEB690A6A126AC16A9F
:103C4000236A136A446A0C6A726A366A786A476A37
:103C5000626A596A666A486A386A226A906A8D6A34
:103C6000A06A846AA26AA36A976A1786BB6AC36A53
:103C7000C26AB86AB36AAC6ADE6AD16ADF6AAA6AE3
:103C8000DA6AEA6AFB6A056B1686FA6A126B166BC9
:103C9000319B1F6B386B376BDC76396BEE98476B5B
:103CA000436B496B506B596B546B5B6B5F6B616B18
:103CB000786B796B7F6B806B846B836B8D6B986B90
:103CC000956B9E6BA46BAA6BAB6BAF6BB26BB16B5E
:103CD000B36BB76BBC6BC66BCB6BD36BDF6BEC6B37
:103CE000EB6BF36BEF6BBE9E086C136C146C1B6C70
:103CF000246C236C5E6C556C626C6A6C826C8D6C8F
:103D00009A6C816C9B6C7E6C686C736C926C906C22
:103D1000C46CF16CD36CBD6CD76CC56CDD6CAE6CD7
:103D2000B16CBE6CBA6CDB6CEF6CD96CEA6C1F6D5D
:103D30004D88366D2B6D3D6D386D196D356D336D5C
:103D4000126D0C6D636D936D646D5A6D796D596D67
:103D50008E6D956DE46F856DF96D156E0A6EB56D9E
:103D6000C76DE66DB86DC66DEC6DDE6DCC6DE86D42
:103D7000D26DC56DFA6DD96DE46DD56DEA6DEE6DE0
:103D80002D6E6E6E2E6E196E726E5F6E3E6E236EAF
:103D90006B6E2B6E766E4D6E1F6E436E3A6E4E6E70
:103DA000246EFF6E1D6E386E826EAA6E986EC96E9E
:103DB000B76ED36EBD6EAF6EC46EB26ED46ED56E7E
:103DC0008F6EA56EC26E9F6E416F116F4C70EC6E60
:103DD000F86EFE6E3F6FF26E316FEF6E326FCC6E2B
:103DE0003E6F136FF76E866F7A6F786F816F806F9B
:103DF0006F6F5B6FF36F6D6F826F7C6F586F8E6F3D
:103E0000916FC26F666FB36FA36FA16FA46FB96F2D
:103E1000C66FAA6FDF6FD56FEC6FD46FD86FF16F7D
:103E2000EE6FDB6F09700B70FA6F117001700F701D
:103E3000FE6F1B701A70746F1D7018701F703070D9
:103E40003E7032705170637099709270AF70F17003
:103E5000AC70B870B370AE70DF70CB70DD70D970BD
:103E60000971FD701C7119716571557188716671E8
:103E700062714C7156716C718F71FB7184719571A7
:103E8000A871AC71D771B971BE71D271C971D47199
:103E9000CE71E071EC71E771F571FC71F971FF7130
:103EA0000D7210721B7228722D722C723072327267
:103EB0003B723C723F72407246724B72587274721F
:103EC0007E7282728172877292729672A272A772E9
:103ED000B972B272C372C672C472CE72D272E27218
:103EE000E072E172F972F7720F5017730A731C7364
:103EF00016731D7334732F73297325733E734E73BA
:103F00004F73D89E57736A73687370737873757341
:103F10007B737A73C873B373CE73BB73C073E5736B
:103F2000EE73DE73A27405746F742574F8733274C3
:103F30003A7455743F745F74597441745C74697455
:103F4000707463746A7476747E748B749E74A774D0
:103F5000CA74CF74D474F173E074E374E774E974D1
:103F6000EE74F274F074F174F874F77404750375F8
:103F700005750C750E750D75157513751E75267501
:103F80002C753C7544754D754A7549755B7546755C
:103F90005A756975647567756B756D757875767525
:103FA0008675877574758A758975827594759A7525
:103FB0009D75A575A375C275B375C375B575BD75CA
:103FC000B875BC75B175CD75CA75D275D975E375FF
:103FD000DE75FE75FF75FC750176F075FA75F27584
:103FE000F3750B760D7609761F7627762076217687
:103FF00022762476347630763B7647764876467657
:104000005C76587661766276687669766A766776E7
:104010006C7670767276767678767C768076837635
:1040200088768B768E769676937699769A76B07633
:10403000B476B876B976BA76C276CD76D676D276BA
:10404000DE76E176E576E776EA762F86FB76087708
:1040500007770477297724771E77257726771B77CC
:104060003777387747775A7768776B775B776577F5
:104070007F777E7779778E778B779177A0779E772A
:10408000B077B677B977BF77BC77BD77BB77C7779F
:10409000CD77D777DA77DC77E377EE77FC770C7834
:1040A0001278267920782A7945788E7874788678FF
:1040B0007C789A788C78A378B578AA78AF78D1781C
:1040C000C678CB78D478BE78BC78C578CA78EC78D6
:1040D000E778DA78FD78F478077912791179197927
:1040E0002C792B794079607957795F795A795579AC
:1040F00053797A797F798A799D79A7794B9FAA79C3
:10410000AE79B379B979BA79C979D579E779EC79A2
:10411000E179E379087A0D7A187A197A207A1F7A88
:104120008079317A3B7A3E7A377A437A577A497A7C
:10413000617A627A697A9D9F707A797A7D7A887AD3
:10414000977A957A987A967AA97AC87AB07AB67A6E
:10415000C57AC47ABF7A8390C77ACA7ACD7ACF7A81
:10416000D57AD37AD97ADA7ADD7AE17AE27AE67A9E
:10417000ED7AF07A027B0F7B0A7B067B337B187B20
:10418000197B1E7B357B287B367B507B7A7B047BBF
:104190004D7B0B7B4C7B457B757B657B747B677BA9
:1041A000707B717B6C7B6E7B9D7B987B9F7B8D7B1B
:1041B0009C7B9A7B8B7B927B8F7B5D7B997BCB7B84
:1041C000C17BCC7BCF7BB47BC67BDD7BE97B117C69
:1041D000147CE67BE57B607C007C077C137CF37BB6
:1041E000F77B177C0D7CF67B237C277C2A7C1F7C4D
:1041F000377C2B7C3D7C4C7C437C547C4F7C407CCE
:10420000507C587C5F7C647C567C657C6C7C757CC7
:10421000837C907CA47CAD7CA27CAB7CA17CA87CC4
:10422000B37CB27CB17CAE7CB97CBD7CC07CC57CEF
:10423000C27CD87CD27CDC7CE27C3B9BEF7CF27C39
:10424000F47CF67CFA7C067D027D1C7D157D0A7D62
:10425000457D4B7D2E7D327D3F7D357D467D737D59
:10426000567D4E7D727D687D6E7D4F7D637D937D35
:10427000897D5B7D8F7D7D7D9B7DBA7DAE7DA37DC0
:10428000B57DC77DBD7DAB7D3D7EA27DAF7DDC7DF7
:10429000B87D9F7DB07DD87DDD7DE47DDE7DFB7DBD
:1042A000F27DE17D057E0A7E237E217E127E317EB7
:1042B0001F7E097E0B7E227E467E667E3B7E357E9D
:1042C000397E437E377E327E3A7E677E5D7E567EC5
:1042D0005E7E597E5A7E797E6A7E697E7C7E7B7E9A
:1042E000837ED57D7D7EAE8F7F7E887E897E8C7E2F
:1042F000927E907E937E947E967E8E7E9B7E9C7E2A
:10430000387F3A7F457F4C7F4D7F4E7F507F517F76
:10431000557F547F587F5F7F607F687F697F677FAD
:10432000787F827F867F837F887F877F8C7F947F63
:104330009E7F9D7F9A7FA37FAF7FB27FB97FAE7F45
:10434000B67FB87F718BC57FC67FCA7FD57FD47F8C
:10435000E17FE67FE97FF37FF97FDC9806800480C8
:104360000B801280188019801C80218028803F805B
:104370003B804A804680528058805A805F806280AD
:104380006880738072807080768079807D807F8085
:104390008480868085809B8093809A80AD809051B8
:1043A000AC80DB80E580D980DD80C480DA80D68077
:1043B0000981EF80F1801B81298123812F814B812D
:1043C0008B9646813E8153815181FC8071816E8143
:1043D000658166817481838188818A8180818281FF
:1043E000A0819581A481A3815F819381A981B081FE
:1043F000B581BE81B881BD81C081C281BA81C981C8
:10440000CD81D181D981D881C881DA81DF81E081F4
:10441000E781FA81FB81FE810182028205820782A7
:104420000A820D821082168229822B823882338280
:104430004082598258825D825A825F82648262829F
:1044400068826A826B822E827182778278827E8213
:104450008D829282AB829F82BB82AC82E182E382B8
:10446000DF82D282F482F382FA8293830383FB8217
:10447000F982DE820683DC820983D9823583348324
:1044800016833283318340833983508345832F835E
:104490002B831783188385839A83AA839F83A283A0
:1044A000968323838E8387838A837C83B5837383F8
:1044B0007583A0838983A883F4831384EB83CE83DD
:1044C000FD830384D8830B84C183F7830784E0834F
:1044D000F2830D8422842084BD8338840685FB8387
:1044E0006D842A843C845A85848477846B84AD846B
:1044F0006E848284698446842C846F8479843584B4
:10450000CA846284B984BF849F84D984CD84BB84E7
:10451000DA84D084C184C684D684A1842185FF84B2
:10452000F484178518852C851F8515851485FC84D2
:104530004085638558854885418502864B8555852C
:104540008085A485888591858A85A8856D859485D3
:104550009B85EA8587859C8577857E859085C9853D
:10456000BA85CF85B985D085D585DD85E585DC859E
:10457000F9850A8613860B86FE85FA8506862286CD
:104580001A8630863F864D86554E54865F866786EE
:1045900071869386A386A986AA868B868C86B68624
:1045A000AF86C486C686B086C9862388AB86D48685
:1045B000DE86E986EC86DF86DB86EF861287068755
:1045C000088700870387FB86118709870D87F9868F
:1045D0000A8734873F8737873B87258729871A874C
:1045E00060875F8778874C874E877487578768878F
:1045F0006E875987538763876A870588A2879F8755
:104600008287AF87CB87BD87C087D087D696AB8799
:10461000C487B387C787C687BB87EF87F287E087E2
:104620000F880D88FE87F687F7870E88D287118856
:104630001688158822882188318836883988278805
:104640003B8844884288528859885E8862886B8893
:1046500081887E889E8875887D88B58872888288E2
:1046600097889288AE889988A2888D88A488B08817
:10467000BF88B188C388C488D488D888D988DD88A1
:10468000F9880289FC88F488E888F28804890C8912
:104690000A89138943891E8925892A892B89418999
:1046A00044893B89368938894C891D8960895E89AE
:1046B000668964896D896A896F89748977897E8939
:1046C000838988898A8993899889A189A989A689F2
:1046D000AC89AF89B289BA89BD89BF89C089DA89B5
:1046E000DC89DD89E789F489F889038A168A108ACA
:1046F0000C8A1B8A1D8A258A368A418A5B8A528ADD
:10470000468A488A7C8A6D8A6C8A628A858A828A0D
:10471000848AA88AA18A918AA58AA68A9A8AA38A63
:10472000C48ACD8AC28ADA8AEB8AF38AE78AE48A63
:10473000F18A148BE08AE28AF78ADE8ADB8A0C8BA4
:10474000078B1A8BE18A168B108B178B208B338B80
:10475000AB97268B2B8B3E8B288B418B4C8B4F8BB7
:104760004E8B498B568B5B8B5A8B6B8B5F8B6C8B19
:104770006F8B748B7D8B808B8C8B8E8B928B938BC2
:10478000968B998B9A8B3A8C418C3F8C488C4C8CB5
:104790004E8C508C558C628C6C8C788C7A8C828C84
:1047A000898C858C8A8C8D8C8E8C948C7C8C988C4E
:1047B0001D62AD8CAA8CBD8CB28CB38CAE8CB68CC9
:1047C000C88CC18CE48CE38CDA8CFD8CFA8CFB8C6D
:1047D000048D058D0A8D078D0F8D0D8D108D4E9FCB
:1047E000138DCD8C148D168D678D6D8D718D738DA0
:1047F000818D998DC28DBE8DBA8DCF8DDA8DD68D7E
:10480000CC8DDB8DCB8DEA8DEB8DDF8DE38DFC8D3B
:10481000088E098EFF8D1D8E1E8E108E1F8E428E6D
:10482000358E308E348E4A8E478E498E4C8E508E09
:10483000488E598E648E608E2A8E638E558E768E4B
:10484000728E7C8E818E878E858E848E8B8E8A8EE4
:10485000938E918E948E998EAA8EA18EAC8EB08EF0
:10486000C68EB18EBE8EC58EC88ECB8EDB8EE38E8D
:10487000FC8EFB8EEB8EFE8E0A8F058F158F128FAE
:10488000198F138F1C8F1F8F1B8F0C8F268F338FC9
:104890003B8F398F458F428F3E8F4C8F498F468F8C
:1048A0004E8F578F5C8F628F638F648F9C8F9F8F2B
:1048B000A38FAD8FAF8FB78FDA8FE58FE28FEA8F3F
:1048C000EF8F8790F48F0590F98FFA8F11901590E4
:1048D00021900D901E9016900B9027903690359059
:1048E0003990F88F4F905090519052900E9049907F
:1048F0003E90569058905E9068906F907690A896F3
:10490000729082907D90819080908A9089908F9013
:10491000A890AF90B190B590E290E4904862DB909F
:10492000029112911991329130914A915691589178
:10493000639165916991739172918B918991829143
:10494000A291AB91AF91AA91B591B491BA91C09156
:10495000C191C991CB91D091D691DF91E191DB9139
:10496000FC91F591F6911E92FF9114922C92159262
:1049700011925E9257924592499264924892959212
:104980003F924B9250929C92969293929B925A9203
:10499000CF92B992B792E9920F93FA9244932E93E1
:1049A000199322931A9323933A9335933B935C93F1
:1049B00060937C936E935693B093AC93AD93949322
:1049C000B993D693D793E893E593D893C393DD93A4
:1049D000D093C893E4931A94149413940394079473
:1049E000109436942B94359421943A944194529493
:1049F00044945B94609462945E946A942992709457
:104A0000759477947D945A947C947E9481947F9449
:104A1000829587958A959495969598959995A09560
:104A2000A895A795AD95BC95BB95B995BE95CA952A
:104A3000F66FC395CD95CC95D595D495D695DC9547
:104A4000E195E595E295219628962E962F96429629
:104A50004C964F964B9677965C965E965D965F96D3
:104A6000669672966C968D96989695969796AA9657
:104A7000A796B196B296B096B496B696B896B996F1
:104A8000CE96CB96C996CD964D89DC960D97D59648
:104A9000F99604970697089713970E9711970F9713
:104AA0001697199724972A97309739973D973E97ED
:104AB000449746974897429749975C9760976497C1
:104AC00066976897D2526B977197799785977C977D
:104AD00081977A9786978B978F9790979C97A897AF
:104AE000A697A397B397B497C397C697C897CB9742
:104AF000DC97ED974F9FF297DF7AF697F5970F982F
:104B00000C9838982498219837983D9846984F9853
:104B10004B986B986F987098719874987398AA983E
:104B2000AF98B198B698C498C398C698E998EB988E
:104B30000399099912991499189921991D991E9907
:104B4000249920992C992E993D993E9942994999F9
:104B5000459950994B99519952994C9955999799D2
:104B60009899A599AD99AE99BC99DF99DB99DD9992
:104B7000D899D199ED99EE99F199F299FB99F89913
:104B8000019A0F9A059AE299199A2B9A379A459A9F
:104B9000429A409A439A3E9A559A4D9A5B9A579AEE
:104BA0005F9A629A659A649A699A6B9A6A9AAD9AC0
:104BB000B09ABC9AC09ACF9AD19AD39AD49ADE9AD4
:104BC000DF9AE29AE39AE69AEF9AEB9AEE9AF49ACF
:104BD000F19AF79AFB9A069B189B1A9B1F9B229BA4
:104BE000239B259B279B289B299B2A9B2E9B2F9BA6
:104BF000329B449B439B4F9B4D9B4E9B519B589B91
:104C0000749B939B839B919B969B979B9F9BA09B45
:104C1000A89BB49BC09BCA9BB99BC69BCF9BD19BB7
:104C2000D29BE39BE29BE49BD49BE19B3A9CF29B4F
:104C3000F19BF09B159C149C099C139C0C9C069C5E
:104C4000089C129C0A9C049C2E9C1B9C259C249CCA
:104C5000219C309C479C329C469C3E9C5A9C609C6C
:104C6000679C769C789CE79CEC9CF09C099D089D39
:104C7000EB9C039D069D2A9D269DAF9D239D1F9D18
:104C8000449D159D129D419D3F9D3E9D469D489D85
:104C90005D9D5E9D649D519D509D599D729D899D18
:104CA000879DAB9D6F9D7A9D9A9DA49DA99DB29D68
:104CB000C49DC19DBB9DB89DBA9DC69DCF9DC29D03
:104CC000D99DD39DF89DE69DED9DEF9DFD9D1A9E7E
:104CD0001B9E1E9E759E799E7D9E819E889E8B9EAC
:104CE0008C9E929E959E919E9D9EA59EA99EB89EED
:104CF000AA9EAD9E6197CC9ECE9ECF9ED09ED49E06
:104D0000DC9EDE9EDD9EE09EE59EE89EEF9EF49E8C
:104D1000F69EF79EF99EFB9EFC9EFD9E079F089FB8
:104D2000B776159F219F2C9F3E9F4A9F529F549F6D
:104D3000639F5F9F609F619F669F679F6C9F6A9F55
:104D4000779F729F769F959F9C9FA09F2F58C769C2
:104D500059906474DC51997100000042C8801F4072
:104D6000B8821F400800000000000042C4801F40BD
:104D7000B4821F400400000000C0004224801F4095
:104D800014821F401000000000C0004228801F4015
:104D900018821F402000000000C000422C801F40ED
:104DA0001C821F404000000000C0004234801F40B1
:104DB00024821F40000100000040004264811F4027
:104DC00054831F40000400000040004280811F40C7
:104DD00070831F4000000200004000427C811F40A1
:104DE0006C831F40000001000040004268811F40AA
:104DF00058831F4000080000004000423C811F40D3
:104E00002C831F40010000000040004244811F40ED
:104E100034831F40040000000040004240811F40D6
:104E200030831F40020000000040004248811F40C4
:104E300038831F40080000000000004204811F402A
:104E4000F4821F40000004000000004208811F405F
:104E5000F8821F40000008000000004218811F4037
:104E600008831F40000080000000004214811F40A2
:104E700004831F40000040000000004200811F40EA
:104E8000F0821F400000020000000042FC801F4032
:104E9000EC821F40000001000000004224811F40FE
:104EA00014831F40000000040000004228811F40BE
:104EB00018831F4000000008000000421C811F40B2
:104EC0000C831F40000000010000004220811F40B1
:104ED00010831F400000000200000042EC801F40D1
:104EE000DC821F400010000000000042F0801F40E4
:104EF000E0821F40002000000000004234811F407B
:104F000024831F40000000400000004238811F4001
:104F100028831F40000000800080004294801F40D2
:104F200084821F400000040000C0004290801F40A7
:104F300080821F400000008000800042A8801F4047
:104F400098821F400000800000800042A4801F4023
:104F500094821F4000004000004000426C811F40CE
:104F60005C831F400010000000C0004230801F40E2
:104F700020821F408000000000400042B0811F409E
:104F8000A0831F400000002000400042AC811F4071
:104F90009C831F40000000100040004284811F409D
:104FA00074831F40000004000040004288811F40BD
:104FB00078831F4000000800000000422C811F4041
:104FC0001C831F40000000100000004230811F4081
:104FD00020831F4000000020000000420C811F4081
:104FE000FC821F40000010000000004210811F40A2
:104FF00000831F400000200000800042C8811F4045
:10500000B8831F400080000000800042C4811F4020
:10501000B4831F400040000000800042C0811F4058
:10502000B0831F400020000000800042BC811F4070
:10503000AC831F400010000000800042D0811F4060
:10504000C0831F400000020000800042CC811F404E
:10505000BC831F400000010000C0004274801F405C
:1050600064821F400000000100C0004280801F4099
:1050700070821F400000000800C0004284801F4072
:1050800074821F400000001000C000426C801F406E
:105090005C821F400000400000C000427C801F4036
:1050A0006C821F400000000400C0004278801F4056
:1050B00068821F400000000200C0004288801F403C
:1050C00078821F4000000020456E746572696E672B
:1050D00020626F6F746C6F61646572000000003F46
:1050E000CDCC4C3D0AD7A33B6F12033A17B75138CA
:1050F000ACC5A736BD37063595BF563377CCAB3137
:105100005F700930FFE65B2E5F76616C75650000AD
:105110005F76616C75655F72657475726E6564004B
:105120004D53472C000000002448202D20686F6D4F
:105130006520636F6E666967757265642061786566
:10514000732E0D0A0000000024483C617869736CDE
:1051500065747465723E202D20686F6D65207369DB
:105160006E676C6520617869732E0D0A000000007F
:105170006F757470757420617578696C6961727986
:105180002070696E2073746174657300656E756D4F
:1051900065726174652070696E2062696E64696E03
:1051A000677300007265626F6F74202868617264B3
:1051B0002072657365742920636F6E74726F6C6CF6
:1051C00065720000245253543D2A202D20726573CD
:1051D000746F72652F726573657420616C6C2073D7
:1051E000657474696E67732E0D0A0000245253545F
:1051F0003D24202D20726573746F7265206465668E
:1052000061756C742073657474696E67732E0D0A12
:1052100000000000245253543D26202D2072657357
:10522000746F72652064726976657220616E6420A5
:10523000706C7567696E2064656661756C74207347
:10524000657474696E67732E0D0A000024525354FE
:105250003D23202D207265736574206F666673652B
:10526000747320616E6420746F6F6C20646174616C
:105270002E0D0A00245253543D23202D20726573B5
:105280006574206F6666736574732E0D0A000000E6
:1052900024525443202D206F7574707574206375EB
:1052A0007272656E742074696D652E0D0A000000BF
:1052B000245254433D3C49534F38363031206461C9
:1052C000746574696D653E202D2073657420637567
:1052D0007272656E742074696D652E0D0A0000008F
:1052E000245352202D207265736574207370696E8B
:1052F000646C6520656E636F6465722064617461BF
:105300002E0D0A00245344202D206F75747075747F
:10531000207370696E646C6520656E636F6465727E
:1053200020646174612E0D0A000000006F757470B6
:105330007574207374657070657220647269766527
:10534000722073746174757300000000746F676776
:105350006C6520626C6F636B2064656C657465209E
:105360007377697463680000746F67676C65206F9A
:105370007074696F6E616C2073746F7020737769DD
:1053800074636820284D312900000000746F67673E
:105390006C652073696E676C6520737465707069E5
:1053A0006E67207377697463680000000400000072
:1053B0000700000009000000001200006CA400209B
:1053C00000000000720112003CA400200000000058
:1053D00001000000C0F600200000000000000000F6
:1053E0000100000055750000257C0000DD7B0000F9
:1053F000000000007401120054A40020000000000E
:10540000010000009CF700200000000000000000E8
:105410000100000055750000257C0000DD7B0000C8
:1054200000000000720100000CA4002074010000C4
:1054300024A400205F667265655F6D656D6F72798B
:1054400000000000000FC93F000F494000CB96400C
:10545000000FC9400053FB4000CB164100ED2F4127
:10546000000F49410031624100537B41003A8A41BB
:1054700000CB9641005CA34100EDAF41007EBC41F2
:10548000000FC94100A0D5410031E24100C2EE4108
:105490000053FB4100F20342003A0A4200831042EB
:1054A00000CB164200141D42005C234200A5294295
:1054B00000ED2F4200363642007E3C4200C7424299
:1054C000000F494200000000000000000000000042
:1054D0004E6F7420656E6F75676820686561702017
:1054E000666F72204E5653206275666665722100A3
:1054F00053657474696E677320777269746520668A
:1055000061696C6564210000506C616E6E6572208B
:105510006275666665722073697A652077617320AB
:105520007265647563656421000000005B414C4155
:10553000524D434F44453A005B50494E53544154F9
:10554000453A41494E7C00007C7C7C005B50494ED2
:1055500053544154453A414F55547C004400000097
:105560005B50494E53544154453A44494E7C0000E7
:10557000490000004E0000005B50494E5354415416
:10558000453A444F55547C005B4552524F52434F6D
:1055900044453A006772626C48414C3A20706F771C
:1055A0006572206F6E2073656C662D746573742050
:1055B00028504F5329206661696C6564210D0A00EB
:1055C0003D4E2F410D0A00005B53455454494E4750
:1055D00047524F55503A000022242D436F646522F4
:1055E0002C222053657474696E67222C2220556E1C
:1055F000697473222C222053657474696E67204489
:1056000065736372697074696F6E220D0A00000021
:10561000242D436F64650953657474696E67095579
:105620006E697473094461746174797065094461C9
:10563000746120666F726D61740953657474696E6C
:1056400067204465736372697074696F6E094D6990
:105650006E094D61780D0A005265626F6F74696E54
:105660006720636F6E74726F6C6C65722C20636F51
:105670006D6D756E69636174696F6E206D617920FF
:105680006265206C6F73740022416C61726D2043FF
:105690006F646520696E2076312E312B222C2220FA
:1056A000416C61726D204D65737361676520696E31
:1056B0002076312E302D222C2220416C61726D20FB
:1056C0004465736372697074696F6E220D0A00001D
:1056D000414C41524D3A00002020202000000000A3
:1056E000202800002B2C00002D2C00004154433DAD
:1056F000302C000054432C004154433D312C000019
:10570000454550524F4D0000464C41534800000063
:105710004652414D000000005B5645523A312E3151
:10572000662E00005B4F50543A0000005B41585316
:105730003A0000005B4E45574F50543A454E554D88
:10574000532C525400000000484F4D452C000000DF
:105750004E4F50524F42452C0000000050524F42D5
:1057600045533D0050432C004F532C0042442C0025
:1057700045532C004D50472C000000004C4154482C
:10578000452C00005050492C000000005245424F6B
:105790004F542C0053532C005345442C0000000060
:1057A0005254432C0000000043414E2C00000000E6
:1057B0005B4649524D574152453A6772626C4841C7
:1057C0004C5D0D0A000000005B5349474E414C53AD
:1057D0003A0000005B4E56532053544F5241474508
:1057E0003A0000002A0000004B0000005B465245D2
:1057F00045204D454D4F52593A0000004B5D0D0A72
:10580000000000005B4452495645523A0000000037
:105810005B4452495645522056455253494F4E3AE1
:10582000000000005B445249564552204F505449F5
:105830004F4E533A000000005B424F4152443A0041
:105840005B4D4158205354455020524154453A0035
:1058500020487A5D0D0A00005B41555820494F3AB7
:10586000000000003A4800003A4C00005B484F4DF1
:1058700045533A005B4C494D4954533A00000000EF
:10588000466174616C3A20496E636F6D7061746932
:10589000626C6520647269766572202800000000E1
:1058A00029000000224572726F7220436F646520E8
:1058B000696E2076312E312B222C224572726F7246
:1058C000204D65737361676520696E2076312E30D7
:1058D0002D222C224572726F7220446573637269A7
:1058E0007074696F6E220D0A000000003E00000017
:1058F000F9EC00001DED0000510101000D05010053
:10590000B9F100003100010020473700204738007E
:1059100020473230000000002047323100000000F4
:1059200020473931000000002047393000000000D6
:1059300020473937000000002047393600000000BA
:105940002E3100002E3200002047393900000000BF
:1059500020473938000000005B47433A4700000009
:1059600033382E0020473932000000002047000065
:105970002047343900000000204734330000000085
:10598000204735313A000000204735300000000044
:10599000204D3000204D3100204D3200204D33305D
:1059A00000000000204D363000000000204D38007F
:1059B000204D3900204D353000000000204D35319C
:1059C00000000000204D353300000000204D35362A
:1059D000000000002054000020460000205300007A
:1059E0000D0A2D2D2D2D20003A0D0A0048656C70F2
:1059F00020746F706963733A0D0A000020436F6D65
:105A00006D616E64730D0A002053657474696E676E
:105A1000730D0A00434F4D4D414E445300000000AA
:105A200053455454494E4753000000000D0A4E2F71
:105A3000410D0A005B484C503A24242024232024A2
:105A40004720244920244E2024783D76616C202470
:105A50004E783D6C696E6520244A3D6C696E652008
:105A600024534C50202443202458202448202442EE
:105A7000207E2021203F206374726C2D785D0D0AFA
:105A8000000000005B484F4D453A00000D0A4C53A2
:105A90002D4D434220312E312E30205B27242720EC
:105AA0006F7220272448454C502720666F7220686B
:105AB000656C705D0D0A00005B4C415354455645C2
:105AC0004E54533A000000005B4D53473A0000002B
:105AD000496E666F3A2000005761726E696E673AD0
:105AE000200000004572726F723A200044656275B2
:105AF000673A20005B504152414D3A003D4E2F41E4
:105B0000000000005B4735313A0000005B470000B1
:105B100032380000333000005B543A007C362C30C1
:105B20002C307C005B544C523A00000039323A0071
:105B30005B50494E3A0000005B504F52543A00000F
:105B400042547C7C00000000554152547C7C000093
:105B50002C500000383700004E454F4D53000000D8
:105B6000464300005B5052423A0000007C4D506FAB
:105B7000733A00007C57506F733A00007C41523AF0
:105B8000000000007C4152007C4D50473A3100003B
:105B90007C4D50473A3000007C443A310000000010
:105BA0007C443A30000000003C00000049646C6511
:105BB0000000000052756E003A320000486F6C64BD
:105BC0003A0000004A6F6700486F6D6500000000F2
:105BD000416C61726D3A0000416C61726D000000B1
:105BE000436865636B000000446F6F723A00000009
:105BF000536C656570000000546F6F6C000000000E
:105C00007C42663A000000007C4C6E3A00000000C6
:105C10007C4454473A0000007C46533A00000000A0
:105C20007C463A007C57434F3A0000007C57435370
:105C30003A0000007C4F763A000000007C53633A43
:105C4000000000007C483A007C543A007C503A0046
:105C50007C544C523A0000007C496E3A000000002F
:105C60007C496E3A2D3100007C46573A6772626C6F
:105C700048414C007C24433A310000003E0D0A00AC
:105C80007C506E3A000000003D000000240000003F
:105C90005B53455454494E4744455343523A0000E0
:105CA0000D0A0D0A5265626F6F7420726571756915
:105CB0007265642E000000002C207265626F6F74A4
:105CC0002072657175697265640000005C6E5C6EBF
:105CD0004E4F54453A2041206861726420726573CA
:105CE0006574206F662074686520636F6E74726FD0
:105CF0006C6C657220697320726571756972656478
:105D0000206166746572206368616E67696E6720E2
:105D1000746869732073657474696E672E0000007F
:105D20000D0A240020617320617869736D61736BC3
:105D30000000000020617320626F6F6C65616E006F
:105D4000206173206269746669656C643A000000C2
:105D5000206173206269746669656C642077686588
:105D600072652073657474696E672062697420308F
:105D700020656E61626C657320746865207265735E
:105D8000743A000020617320495020616464726598
:105D90007373000020696E20000000002C207261E7
:105DA0006E67653A200000002C206D696E3A200075
:105DB0002C206D61783A20005C6E00000D0A0D0AFF
:105DC000000000005B53455454494E473A00000020
:105DD0005D000000222C000009000000696E74655F
:105DE00067657200666C6F6174000000626F6F6CB3
:105DF000000000006269746669656C640000000060
:105E0000786269746669656C640000007261646937
:105E10006F627574746F6E73000000006970763481
:105E20000000000070617373776F726400000000FF
:105E300061786573000000002D0000005B5350493D
:105E40004E444C453A0000007C0000005D0D0A0005
:105E5000202D20005B5350494E444C45454E434F46
:105E60004445523A000000004E6F207370696E6422
:105E70006C657320726567697374657265642E0D55
:105E80000A000000244E00006F6B0D0A00000000A5
:105E90006572726F723A00005B4D4F544F5257411A
:105EA000524E494E473A00005B4D4F544F524641C7
:105EB000554C543A000000005B5254433A00000035
:105EC000540000005B544C4F3A0000002A2A2A2A52
:105ED0002A2A2A2A000000002C4E2F410000000030
:105EE0001F0000006964203C3D204E5F436F6F72CD
:105EF00064696E61746553797374656D7300000035
:105F0000696478203C204E5F535441525455505F91
:105F10004C494E45000000002F686F6D652F72756B
:105F20006E6E65722F776F726B2F6772626C68612D
:105F30006C2D6C732D6C617365722F6772626C6867
:105F4000616C2D6C732D6C617365722F7372632F8E
:105F50006772626C2F73657474696E67732E630069
:105F6000524853444C54454F464D20512020502018
:105F7000000000000000000000000000050000001C
:105F80000000000000000000000000000000000011
:105F900000000000000000002D5B0100315B0100EB
:105FA0003D5B0100395B0100415B01000000000026
:105FB00000000000000000004E554C4C00000000A6
:105FC0005553422E32200000694D5852543130361C
:105FD000320000003235313230370000687474709E
:105FE000733A2F2F6769746875622E636F6D2F6720
:105FF00072626C48414C2F694D58525431303632E0
:106000000000000054343155355842420000000071
:1060100068747470733A2F2F6769746875622E63A1
:106020006F6D2F7068696C2D626172726574742F68
:106030006772626C2D7465656E73792D3400000093
:10604000424C0000656E74657220626F6F746C6FF5
:10605000616465720000000048617264206C696DC3
:10606000697420686173206265656E207472696767
:1060700067657265642E204D616368696E65207086
:106080006F736974696F6E206973206C696B656CDE
:1060900079206C6F73742064756520746F2073753C
:1060A0006464656E2068616C742E2052652D686F83
:1060B0006D696E6720697320686967686C79207202
:1060C00065636F6D6D656E6465642E00536F6674F5
:1060D000206C696D697420616C61726D2E20472D92
:1060E000636F6465206D6F74696F6E207461726791
:1060F00065742065786365656473206D61636869A4
:106100006E652074726176656C2E204D61636869DE
:106110006E6520706F736974696F6E20726574614B
:10612000696E65642E20416C61726D206D6179200D
:10613000626520736166656C7920756E6C6F636B48
:1061400065642E0052657365742F452D73746F70EE
:10615000207768696C6520696E206D6F74696F6E59
:106160002E204D616368696E6520706F7369746974
:106170006F6E206973206C696B656C79206C6F732E
:10618000742064756520746F2073756464656E2077
:1061900068616C742E2052652D686F6D696E672082
:1061A000697320686967686C79207265636F6D6DCB
:1061B000656E6465642E000050726F6265206661D2
:1061C000696C2E2050726F6265206973206E6F7447
:1061D00020696E20746865206578706563746564F5
:1061E00020696E697469616C2073746174652062E2
:1061F00065666F7265207374617274696E67207072
:10620000726F6265206379636C65207768656E20C4
:106210004733382E3220616E64204733382E3320C6
:106220006973206E6F742074726967676572656444
:1062300020616E64204733382E3420616E6420471D
:1062400033382E352069732074726967676572650B
:10625000642E000050726F6265206661696C2E20AA
:1062600050726F626520646964206E6F7420636F82
:106270006E746163742074686520776F726B7069E7
:106280006563652077697468696E2074686520703D
:10629000726F6772616D6D65642074726176656C92
:1062A00020666F72204733382E3220616E6420479B
:1062B00033382E342E000000486F6D696E672066FB
:1062C00061696C2E2054686520616374697665206D
:1062D000686F6D696E67206379636C6520776173A1
:1062E0002072657365742E00486F6D696E67206655
:1062F00061696C2E2053616665747920646F6F72DA
:1063000020776173206F70656E65642064757269B3
:106310006E6720686F6D696E67206379636C652EA8
:1063200000000000486F6D696E67206661696C2E21
:106330002050756C6C206F66662074726176656C97
:10634000206661696C656420746F20636C6561729E
:10635000206C696D6974207377697463682E2054AA
:10636000727920696E6372656173696E67207075FA
:106370006C6C2D6F66662073657474696E67206F30
:106380007220636865636B20776972696E672E009F
:10639000486F6D696E67206661696C2E20436F756A
:1063A0006C64206E6F742066696E64206C696D6920
:1063B00074207377697463682077697468696E20E4
:1063C0007365617263682064697374616E63657379
:1063D0002E2054727920696E6372656173696E67ED
:1063E000206D61782074726176656C2C2064656321
:1063F00072656173696E672070756C6C2D6F66666F
:106400002064697374616E63652C206F7220636809
:1064100065636B20776972696E672E004553746FF0
:10642000702061737365727465642E20436C6561BE
:106430007220616E6420726573657400486F6D69C7
:106440006E672072657175697265642E2045786586
:106450006375746520686F6D696E6720636F6D6D1D
:10646000616E64202824482920746F20636F6E7445
:10647000696E75652E0000004C696D697420737734
:106480006974636820656E67616765642E20436C7C
:10649000656172206265666F726520636F6E7469F4
:1064A0006E75696E672E000050726F6265207072A3
:1064B0006F74656374696F6E207472696767657263
:1064C00065642E20436C656172206265666F72653B
:1064D00020636F6E74696E75696E672E0000000030
:1064E0005370696E646C65206174207370656564B7
:1064F0002074696D656F75742E20436C6561722020
:106500006265666F726520636F6E74696E75696E21
:10651000672E0000486F6D696E67206661696C2E9A
:1065200020436F756C64206E6F742066696E642002
:106530007365636F6E64206C696D6974207377692D
:1065400074636820666F72206175746F2073717553
:106550006172656420617869732077697468696E17
:10656000207365617263682064697374616E63652A
:10657000732E2054727920696E6372656173696E3F
:1065800067206D61782074726176656C2C2064657B
:106590006372656173696E672070756C6C2D6F66D0
:1065A000662064697374616E63652C206F7220636A
:1065B0006865636B20776972696E672E0000000062
:1065C000506F776572206F6E2073656C66746573AB
:1065D000742028504F5329206661696C65642E0031
:1065E0004D6F746F72206661756C742E0000000030
:1065F000486F6D696E67206661696C2E2042616428
:1066000020636F6E66696775726174696F6E2E00C4
:106610004D6F6462757320657863657074696F6E21
:106620002E2054696D656F7574206F72206D6573CF
:1066300073616765206572726F722E00492F4F205B
:10664000657870616E64657220636F6D6D756E69DB
:10665000636174696F6E206661696C65642E000009
:1066600032340000333200005541525431000000F2
:10667000554152543200000055415254330000003D
:106680005541525434000000526573657400000097
:106690004665656420686F6C640000004379636C34
:1066A0006520737461727400426C6F636B20646563
:1066B0006C6574650000000053746F70206469732A
:1066C00061626C6500000000456D657267656E6310
:1066D000792073746F70000050726F626520646976
:1066E00073636F6E6E656374000000004D6F746FAE
:1066F00072206661756C74004D6F746F72207761E3
:10670000726E696E670000004C696D697473206F6A
:10671000766572726964650053696E676C652062A4
:106720006C6F636B0000000050726F6265206F76C3
:10673000657274726176656C0000000050726F6261
:106740006500000058206D6F746F72206661756C73
:106750007400000059206D6F746F72206661756C53
:10676000740000005A206D6F746F72206661756C42
:106770007400000058206D6F746F72206661756C34
:106780007420320059206D6F746F72206661756CD1
:10679000742032005A206D6F746F72206661756CC0
:1067A0007420320050726F626520320050726F6246
:1067B000652032206F76657274726176656C0000B8
:1067C000546F6F6C7365747465720000546F6F6CF6
:1067D000736574746572206F766572747261766524
:1067E0006C0000004D5047206D6F64652073656C30
:1067F0006563740058206C696D6974206D696E0062
:1068000058206C696D6974206D696E20320000003B
:1068100058206C696D6974206D6178005820686F2C
:106820006D6500005820686F6D6520320000000023
:1068300059206C696D6974206D696E0059206C690E
:106840006D6974206D696E203200000059206C69FA
:106850006D6974206D6178005920686F6D65000066
:106860005920686F6D652032000000005A206C6965
:106870006D6974206D696E005A206C696D697420B1
:106880006D696E20320000005A206C696D697420B9
:106890006D6178005A20686F6D6500005A20686F3E
:1068A0006D652032000000005370696E646C6520D5
:1068B000696E6465780000005370696E646C6520D1
:1068C00070756C736500000041757820696E20302A
:1068D0000000000041757820696E20310000000042
:1068E00041757820696E20320000000041757820E3
:1068F000696E20330000000041757820696E2034F5
:106900000000000041757820696E2035000000000D
:1069100041757820696E20360000000041757820AE
:10692000696E20370000000041757820696E2038BC
:106930000000000041757820696E203900000000D9
:1069400041757820696E2031300000004175782053
:10695000696E20313100000041757820696E203168
:106960003200000041757820696E2031330000004C
:1069700041757820696E203134000000417578201F
:10698000696E20313500000041757820696E203134
:106990003600000041757820696E20313700000014
:1069A00041757820696E20313800000041757820EB
:1069B000696E20313900000041757820696E2032FF
:1069C0003000000041757820696E203231000000EF
:1069D00041757820696E20323200000041757820C0
:1069E000696E20323300000041757820616E616C61
:1069F0006F6720696E20300041757820616E616C90
:106A00006F6720696E20310041757820616E616C7E
:106A10006F6720696E20320041757820616E616C6D
:106A20006F6720696E20330041757820616E616C5C
:106A30006F6720696E20340041757820616E616C4B
:106A40006F6720696E20350041757820616E616C3A
:106A50006F6720696E20360041757820616E616C29
:106A60006F6720696E2037005820737465700000CE
:106A7000583220737465700059207374657000007B
:106A800059322073746570005A2073746570000069
:106A90005A322073746570005820646972000000D7
:106AA0005832206469720000592064697200000045
:106AB00059322064697200005A2064697200000033
:106AC0005A322064697200005374657070657220D8
:106AD000706F776572000000537465707065727333
:106AE00020656E61626C65005820656E61626C6540
:106AF000000000005920656E61626C6500000000B6
:106B00005A20656E61626C6500000000585920656E
:106B10006E61626C650000004D6F746F72204353AC
:106B2000000000004D6F746F722043535800000046
:106B30004D6F746F72204353590000004D6F746F96
:106B4000722043535A0000004D6F746F72204353FC
:106B50004D3300004D6F746F722043534D3400006D
:106B60004D6F746F722043534D3500004D6F746F3D
:106B7000722043534D3600004D6F746F72204353A3
:106B80004D3700005370696E646C65206F6E0000B5
:106B90005370696E646C6520646972656374696FB3
:106BA0006E0000005370696E646C652050574D0094
:106BB0005370696E646C652032206F6E00000000B7
:106BC0005370696E646C6520322064697265637409
:106BD000696F6E005370696E646C65203220505787
:106BE0004D0000004D69737400000000466C6F6F2B
:106BF00064000000417578206F757420300000003B
:106C0000417578206F75742031000000417578203F
:106C10006F75742032000000417578206F75742004
:106C200033000000417578206F7574203400000037
:106C3000417578206F75742035000000417578200B
:106C40006F75742036000000417578206F757420D0
:106C500037000000417578206F75742038000000FF
:106C6000417578206F7574203900000041757820D7
:106C70006F75742031300000417578206F75742075
:106C800031310000417578206F7574203132000079
:106C9000417578206F75742031330000417578207C
:106CA0006F75742031340000417578206F75742041
:106CB00031350000417578206F7574203136000041
:106CC000417578206F757420313700004175782048
:106CD0006F75742031380000417578206F7574200D
:106CE00031390000417578206F7574203230000012
:106CF000417578206F75742032310000417578201D
:106D00006F75742032320000417578206F757420E1
:106D10003233000041757820616E616C6F67206FBF
:106D2000757420300000000041757820616E616C40
:106D30006F67206F75742031000000004175782066
:106D4000616E616C6F67206F757420320000000007
:106D500041757820616E616C6F67206F75742033A8
:106D60000000000041757820616E616C6F67206FD4
:106D7000757420340000000041757820616E616CEC
:106D80006F67206F75742035000000004175782012
:106D9000616E616C6F67206F7574203600000000B3
:106DA00041757820616E616C6F67206F7574203754
:106DB000000000004C4544004C45442052000000B7
:106DC0004C454420470000004C4544204200000050
:106DD0004C454420570000004C45442061647265D6
:106DE000737361626C6500004C4544206164726598
:106DF000737361626C65203100000000436F507254
:106E00006F6320526573657400000000436F507219
:106E10006F6320426F6F7430000000004D49534F84
:106E2000000000004D4F534900000000535049201E
:106E3000434C4B005350492043530000466C617350
:106E400068204353000000005344206361726420B3
:106E50004353000053442063617264206465746589
:106E6000637400005350492072657365740000001C
:106E700053504920495251004932432053434B005B
:106E800049324320534441004B657970616420735B
:106E900074726F6265000000493243207374726F30
:106EA00062650000525800005458000052545300CC
:106EB00052533438352052582F5458206469726523
:106EC0006374696F6E000000514549204100000065
:106ED00051454920420000005145492073656C65C9
:106EE0006374000051454920696E646578000000B4
:106EF0005669727475616C005541525420580000F7
:106F0000554152542059000055415254205A000016
:106F100055415254204D330055415254204D3400B8
:106F200055415254204D350055415254204D3600A4
:106F300055415254204D3700472D636F64652077CB
:106F40006F72647320636F6E73697374206F662051
:106F500061206C657474657220616E6420612076B6
:106F6000616C75652E204C65747465722077617351
:106F7000206E6F7420666F756E642E004D6973739A
:106F8000696E6720746865206578706563746564F0
:106F900020472D636F646520776F72642076616C83
:106FA0007565206F72206E756D65726963207661FC
:106FB0006C756520666F726D6174206973206E6FE9
:106FC000742076616C69642E00000000272427205D
:106FD00073797374656D20636F6D6D616E64207776
:106FE0006173206E6F74207265636F676E697A6576
:106FF00064206F7220737570706F727465642E00F8
:107000004E656761746976652076616C756520727E
:107010006563656976656420666F7220616E2065C0
:107020007870656374656420706F736974697665E0
:107030002076616C75652E00486F6D696E67206300
:1070400079636C65206661696C7572652E20486F86
:107050006D696E67206973206E6F7420636F6E6652
:1070600069677572656420766961207365747469F7
:107070006E67732E00000000537465702070756C8D
:1070800073652074696D65206D7573742062652069
:1070900067726561746572206F7220657175616CCD
:1070A00020746F2032206D6963726F7365636F6E39
:1070B00064732E00412073657474696E6773207267
:1070C000656164206661696C65642E204175746F2A
:1070D0002D726573746F72696E6720616666656391
:1070E0007465642073657474696E677320746F20AF
:1070F00064656661756C742076616C7565732E00CD
:1071000027242720636F6D6D616E642063616E6E4E
:107110006F74206265207573656420756E6C65738D
:107120007320636F6E74726F6C6C65722073746120
:1071300074652069732049444C452E20456E737553
:1071400072657320736D6F6F7468206F7065726104
:1071500074696F6E20647572696E672061206A6F52
:10716000622E0000472D636F646520636F6D6D6153
:107170006E647320617265206C6F636B6564206F51
:10718000757420647572696E6720616C61726D2020
:107190006F72206A6F672073746174652E0000003F
:1071A000536F6674206C696D6974732063616E6ED1
:1071B0006F7420626520656E61626C65642077691A
:1071C00074686F757420686F6D696E6720616C7389
:1071D0006F20656E61626C65642E00004D617820E1
:1071E0006368617261637465727320706572206C8C
:1071F000696E652065786365656465642E205265F7
:1072000063656976656420636F6D6D616E64206C83
:10721000696E6520776173206E6F74206578656391
:10722000757465642E00000027242720736574742C
:10723000696E672076616C75652063617573652082
:107240007468652073746570207261746520746F52
:107250002065786365656420746865206D61786970
:107260006D756D20737570706F727465642E00009B
:1072700053616665747920646F6F7220646574650C
:1072800063746564206173206F70656E656420614E
:107290006E6420646F6F7220737461746520696E10
:1072A000697469617465642E000000004275696C40
:1072B0006420696E666F206F7220737461727475DA
:1072C00070206C696E65206578636565646564200F
:1072D0006C696E65206C656E677468206C696D6999
:1072E000742E204C696E65206E6F742073746F72FB
:1072F00065642E004A6F672074617267657420654B
:10730000786365656473206D616368696E65207478
:10731000726176656C2E204A6F6720636F6D6D61B8
:107320006E6420686173206265656E2069676E6FA8
:107330007265642E000000004A6F6720636F6D6DF8
:10734000616E6420686173206E6F20273D27206F77
:107350007220636F6E7461696E732070726F6869FA
:10736000626974656420672D636F64652E00000098
:107370004C61736572206D6F64652072657175690B
:107380007265732050574D206F75747075742E00A0
:10739000526573657420617373657274656400006F
:1073A0004E6F6E20706F7369746976652076616CBC
:1073B00075650000556E737570706F72746564202A
:1073C0006F7220696E76616C696420672D636F64EB
:1073D0006520636F6D6D616E6420666F756E6420ED
:1073E000696E20626C6F636B2E0000004D6F7265DA
:1073F000207468616E206F6E6520672D636F646511
:1074000020636F6D6D616E642066726F6D207361B5
:107410006D65206D6F64616C2067726F757020669A
:107420006F756E6420696E20626C6F636B2E000056
:1074300046656564207261746520686173206E6FB3
:107440007420796574206265656E20736574206FA1
:107450007220697320756E646566696E65642E00BE
:10746000472D636F646520636F6D6D616E64206985
:107470006E20626C6F636B207265717569726573E3
:1074800020616E20696E74656765722076616C7527
:10749000652E00004D6F7265207468616E206F6EFE
:1074A0006520672D636F646520636F6D6D616E6429
:1074B00020746861742072657175697265732061EA
:1074C00078697320776F72647320666F756E6420BD
:1074D000696E20626C6F636B2E00000052657065F0
:1074E0006174656420672D636F646520776F7264D3
:1074F00020666F756E6420696E20626C6F636B2E00
:10750000000000004E6F206178697320776F72640D
:107510007320666F756E6420696E20626C6F636B9A
:1075200020666F7220672D636F646520636F6D6DD9
:10753000616E64206F722063757272656E74206D67
:107540006F64616C20737461746520776869636827
:10755000207265717569726573207468656D2E009F
:107560004C696E65206E756D6265722076616C7512
:107570006520697320696E76616C69642E00000075
:10758000472D636F646520636F6D6D616E64206964
:1075900073206D697373696E672061207265717500
:1075A000697265642076616C756520776F72642EF0
:1075B000000000004735392E7820776F726B20630A
:1075C0006F6F7264696E6174652073797374656D31
:1075D0007320617265206E6F7420737570706F72A6
:1075E0007465642E00000000473533206F6E6C799F
:1075F00020616C6C6F776564207769746820473010
:1076000020616E64204731206D6F74696F6E206D4C
:107610006F6465732E0000004178697320776F7284
:10762000647320666F756E6420696E20626C6F6390
:107630006B207768656E206E6F20636F6D6D616E75
:1076400064206F722063757272656E74206D6F6452
:10765000616C207374617465207573657320746840
:10766000656D2E00473220616E64204733206172C1
:1076700063732072657175697265206174206C6531
:10768000617374206F6E6520696E2D706C616E651C
:10769000206178697320776F72642E004D6F746972
:1076A0006F6E20636F6D6D616E64207461726765CB
:1076B0007420697320696E76616C69642E00000025
:1076C000417263207261646975732076616C7565BF
:1076D00020697320696E76616C69642E0000000079
:1076E000473220616E6420473320617263732072D9
:1076F000657175697265206174206C6561737420B1
:107700006F6E6520696E2D706C616E65206F6666A8
:1077100073657420776F72642E000000556E757368
:1077200065642076616C756520776F72647320667E
:107730006F756E6420696E20626C6F636B2E000043
:107740004734332E312064796E616D696320746F24
:107750006F6C206C656E677468206F666673657405
:10776000206973206E6F742061737369676E65643E
:1077700020746F20636F6E6669677572656420742C
:107780006F6F6C206C656E67746820617869732E0A
:1077900000000000546F6F6C206E756D6265722082
:1077A00067726561746572207468616E206D6178BE
:1077B00020737570706F727465642076616C756586
:1077C000206F7220756E646566696E656420746FE3
:1077D0006F6C2073656C65637465642E0000000037
:1077E00056616C7565206F7574206F662072616ECE
:1077F00067652E00472D636F646520636F6D6D6153
:107800006E64206E6F7420616C6C6F776564207796
:1078100068656E20746F6F6C206368616E676520A9
:1078200069732070656E64696E672E005370696EAF
:10783000646C65206E6F742072756E6E696E672061
:107840007768656E206D6F74696F6E20636F6D6D04
:10785000616E64656420696E20435353206F72200B
:107860007370696E646C652073796E63206D6F64EC
:10787000652E0000506C616E65206D75737420621A
:1078800065205A5820666F72207468726561646959
:107890006E672E004D61782E2066656564207261EA
:1078A00074652065786365656465642E000000007A
:1078B00052504D206F7574206F662072616E67653F
:1078C0002E0000004F6E6C7920686F6D696E672026
:1078D000697320616C6C6F776564207768656E20D2
:1078E00061206C696D6974207377697463682069BD
:1078F0007320656E67616765642E0000486F6D6573
:10790000206D616368696E6520746F20636F6E74AB
:10791000696E75652E0000004154433A206375720C
:1079200072656E7420746F6F6C206973206E6F7453
:10793000207365742E205365742063757272656EB2
:107940007420746F6F6C2077697468204D36312E07
:107950000000000056616C756520776F72642063CB
:107960006F6E666C6963742E00000000506F77655F
:1079700072206F6E2073656C662074657374206668
:1079800061696C65642E20412068617264207265B3
:107990007365742069732072657175697265642EF0
:1079A00000000000456D657267656E637920737431
:1079B0006F70206163746976652E0000536574747E
:1079C000696E672076616C7565206973206F7574C8
:1079D000206F662072616E67652E000053657474B7
:1079E000696E67206973206E6F7420617661696CBF
:1079F00061626C652C20706F737369626C792064AE
:107A0000756520746F206C696D697465642064729B
:107A10006976657220737570706F72742E00000045
:107A20005265747261637420706F736974696F6EEC
:107A3000206973206C657373207468616E206472B2
:107A4000696C6C2064657074682E00004174746504
:107A50006D707420746F20686F6D652074776F206F
:107A60006175746F207371756172656420617865EA
:107A700073206174207468652073616D652074697A
:107A80006D652E00436F6F7264696E61746520735B
:107A9000797374656D206973206C6F636B65642EF8
:107AA00000000000556E657870656374656420663B
:107AB000696C652064656D6172636174696F6E2EB7
:107AC00000000000506F7274206973206E6F742084
:107AD000617661696C61626C650000004175746873
:107AE000656E7469636174696F6E20726571756922
:107AF0007265642E00000000416363657373206447
:107B0000656E6965642E00004E6F7420616C6C6F49
:107B1000776564207768696C65206372697469634E
:107B2000616C206576656E74206973206163746989
:107B300076652E00436F756C64206E6F74206F70D5
:107B4000656E2066696C652E0000000055736572D5
:107B500020646566696E6564206572726F72206F5D
:107B60006363757265642E00506F727420697320B0
:107B70006E6F7420757361626C652E00496E766558
:107B8000727420494F506F727420696E70757473EF
:107B90002E000000496E7665727420494F506F7256
:107BA00074206F75747075742E000000496E7665D0
:107BB000727420492F4F20506F727420696E707557
:107BC00074730000496E7665727420492F4F2050FF
:107BD0006F7274206F7574707574730041757820BE
:107BE000706F727473000000526573657420746F57
:107BF00020636F6E74696E75650000002724482746
:107C00007C2724582720746F20756E6C6F636B007F
:107C100043617574696F6E3A20556E6C6F636B6566
:107C200064000000456E61626C65640044697361C4
:107C3000626C656400000000436865636B20446FFC
:107C40006F720000436865636B204C696D697473E3
:107C50000000000050676D20456E6400526573742B
:107C60006F72696E672064656661756C747300007D
:107C7000526573746F72696E67207370696E646C9D
:107C800065000000536C656570696E670000000058
:107C9000456D657267656E63792073746F70202D12
:107CA00020636C6561722C207468656E2072657348
:107CB000657420746F20636F6E74696E7565000063
:107CC000486F6D696E67206379636C6520726571BA
:107CD0007569726564000000507265737320637982
:107CE000636C6520737461727420746F20726572A6
:107CF000756E206A6F6200005265666572656E631C
:107D00006520746F6F6C206C656E677468206F6699
:107D1000667365742065737461626C697368656409
:107D2000000000004D6F746F72206661756C7420E6
:107D30002D20636C6561722C207468656E207265FD
:107D400073657420746F20636F6E74696E7565005F
:107D50005072657373206379636C6520737461720C
:107D60007420746F20636F6E74696E75652E0000E9
:107D700052656D6F766520616E7920746F756368EA
:107D800020706C61746520616E642070726573731D
:107D9000206379636C6520737461727420746F2042
:107DA000636F6E74696E75652E00000050726F62AD
:107DB00065206661696C65642C2074727920616746
:107DC00061696E2E00000000506572666F726D2052
:107DD000612070726F626520776974682024545046
:107DE00057206669727374210000000050726F6240
:107DF000652070726F74656374696F6E206163745F
:107E00006976617465642E005072657373206379BE
:107E1000636C6520737461727420746F20706F736B
:107E20006974696F6E20666F7220746F7563682D58
:107E30006F66662E000000005F766D616A6F7200EB
:107E40005F766D696E6F72005F6C696E6500000031
:107E50005F6D6F74696F6E5F6D6F64650000000029
:107E60005F706C616E6500005F63636F6D70000032
:107E70005F6D6574726963005F696D7065726961D9
:107E80006C0000005F6162736F6C757465000000C8
:107E90005F696E6372656D656E74616C00000000F1
:107EA0005F696E76657273655F74696D6500000069
:107EB0005F756E6974735F7065725F6D696E7574FE
:107EC000650000005F756E6974735F7065725F7244
:107ED000657600005F636F6F72645F7379737465BA
:107EE0006D0000005F746F6F6C5F6F666673657422
:107EF000000000005F726574726163745F725F708E
:107F00006C616E65000000005F726574726163747D
:107F10005F6F6C645F7A00005F7370696E646C659C
:107F20005F72706D5F6D6F64650000005F737069F4
:107F30006E646C655F6373735F6D6F6465000000F2
:107F40005F696A6B5F6162736F6C7574655F6D6F9B
:107F5000646500005F6C617468655F6469616D658C
:107F60007465725F6D6F6465000000005F6C617422
:107F700068655F7261646975735F6D6F6465000049
:107F80005F7370696E646C655F6F6E005F737069BC
:107F90006E646C655F6377005F6D697374000000E9
:107FA0005F666C6F6F6400005F73706565645F6F20
:107FB00076657272696465005F666565645F6F7699
:107FC00065727269646500005F61646170746976EE
:107FD000655F6665656400005F666565645F686F20
:107FE0006C6400005F666565640000005F72706D20
:107FF000000000005F6162735F7800005F61627380
:108000005F7900005F6162735F7A00005F61627395
:108010005F6100005F6162735F6200005F616273B5
:108020005F6300005F6162735F7500005F61627390
:108030005F7600005F6162735F7700005F63757257
:1080400072656E745F746F6F6C0000005F637572B1
:1080500072656E745F706F636B6574005F73656CDF
:1080600065637465645F746F6F6C00005F73656C4B
:1080700065637465645F706F636B65740000000016
:108080005F63616C6C5F6C6576656C005F70726FCE
:1080900062655F7374617465000000005F70726FE9
:1080A0006265325F73746174650000005F746F6FA6
:1080B0006C7365747465725F73746174650000003D
:1080C0005F686F6D65645F737461746500000000C4
:1080D0005F686F6D65645F61786573005F746F6F73
:1080E0006C5F7461626C655F73697A6500000000A3
:1080F000550000004600000043000000450000005D
:108100004C000000312E3500302E35005374657060
:108110002070756C7365206C656E67746820696E7D
:10812000206D6963726F7365636F6E64732E5C6E2E
:108130004D696E696D756D20646570656E64732040
:108140006F6E207468652070726F636573736F72F1
:1081500020616E64206973207479706963616C6C4E
:108160007920696E207468652072616E6765206F82
:10817000662031202D20322E352E5C6E5C6E5468C8
:1081800065206C656E6774682068617320746F2069
:10819000626520726564756365642066726F6D2028
:1081A0007468652064656661756C742076616C75B1
:1081B00065206F662035207768656E206D61782EAA
:1081C00020737465702072617465206578636565DD
:1081D0006420617070726F78696D6174656C79206C
:1081E000313430206B487A2E0000000053657473E0
:1081F00020612073686F727420686F6C64206465FE
:108200006C6179207768656E2073746F7070696E29
:108210006720746F206C65742064796E616D69638A
:108220007320736574746C65206265666F72652077
:1082300064697361626C696E6720737465707065E0
:1082400072732E2056616C756520323535206B6552
:10825000657073206D6F746F727320656E61626CF0
:1082600065642E00496E76657274732074686520AB
:1082700073746570207369676E616C732028616325
:1082800074697665206C6F77292E0000496E7665DB
:108290007274732074686520646972656374696FB1
:1082A0006E207369676E616C7320286163746976F0
:1082B00065206C6F77292E00496E76657274732085
:1082C0007468652073746570706572206472697675
:1082D000657220656E61626C65207369676E616CA2
:1082E000732E204D6F7374206472697665727320EB
:1082F0007573657320616374697665206C6F772090
:10830000656E61626C6520726571756972696E6710
:1083100020696E76657273696F6E2E5C6E5C6E4E50
:108320004F54453A2049662074686520737465701F
:108330007065722064726976657273207368617209
:108340006573207468652073616D6520656E616278
:108350006C65207369676E616C206F6E6C79205854
:1083600020697320757365642E000000496E766580
:10837000727473207468652061786973206C696D0C
:10838000697420696E707574207369676E616C73AF
:108390002E000000496E7665727473207468652043
:1083A00070726F626520696E707574207369676E94
:1083B000616C2873292E0000456E61626C65206334
:1083C0006F6E74726F6C732050574D206F757470A0
:1083D000757420617661696C6162696C6974792E6B
:1083E0005C6E5768656E206052504D20636F6E74EE
:1083F000726F6C73207370696E646C6520656E615A
:10840000626C65207369676E616C602069732063BC
:108410006865636B656420616E64204D33206F7204
:10842000204D342069732061637469766520533070
:10843000207377697463686573206974206F66665A
:1084400020616E642053203E20302073776974636E
:10845000686573206974206F6E2E0000496E766522
:108460007274732074686520646972656374696FDF
:108470006E207369676E616C7320666F722074681A
:1084800065207365636F6E64206D6F746F72207505
:1084900073656420666F722067616E676564206132
:1084A0007865732E5C6E5C6E4E4F54453A2054686E
:1084B000697320696E76657273696F6E2077696C77
:1084C0006C206265206170706C69656420696E2043
:1084D0006164646974696F6E20746F2074686520CC
:1084E000696E76657273696F6E2066726F6D207348
:1084F000657474696E672024332E000053706563C1
:108500006966696573206F7074696F6E616C206451
:1085100061746120696E636C7564656420696E20A6
:10852000737461747573207265706F7274732061F7
:108530006E64206966207265706F727420697320A2
:1085400073656E74207768656E20686F6D696E67FD
:108550002E5C6E49662052756E207375627374616D
:1085600074757320697320656E61626C656420693F
:1085700074206D6179206265207573656420666F73
:10858000722073696D706C652070726F6265207007
:10859000726F74656374696F6E2E5C6E5C6E4E4FA5
:1085A00054453A205061727365722073746174652A
:1085B0002077696C6C2062652073656E742073652A
:1085C0007061726174656C79206166746572207483
:1085D000686520737461747573207265706F72744E
:1085E00020616E64206F6E6C79206F6E206368610D
:1085F0006E6765732E0000005365747320686F7793
:108600002066617374206772626C48414C207472FA
:108610006176656C73207468726F75676820636F2C
:108620006E7365637574697665206D6F74696F6EBE
:10863000732E204C6F7765722076616C75652073A0
:108640006C6F777320697420646F776E2E00000062
:10865000536574732074686520473220616E64200E
:108660004733206172632074726163696E672061B1
:1086700063637572616379206261736564206F6EF4
:108680002072616469616C206572726F722E204283
:1086900065776172653A2041207665727920736D45
:1086A000616C6C2076616C7565206D617920656602
:1086B0006665637420706572666F726D616E636566
:1086C0002E000000456E61626C657320696E636800
:1086D00020756E697473207768656E207265747595
:1086E000726E696E6720616E7920706F736974694C
:1086F0006F6E20616E6420726174652076616C75A6
:10870000652074686174206973206E6F7420612025
:1087100073657474696E67732076616C75652E007D
:10872000496E76657274732074686520636F6E7429
:10873000726F6C207369676E616C7320286163745B
:10874000697665206C6F77292E5C6E4E4F54453AE2
:1087500020426C6F636B2064656C6574652C204FE0
:108760007074696F6E616C2073746F702C20455348
:10877000746F7020616E642050726F626520636F49
:108780006E6E656374656420617265206F707469D4
:108790006F6E616C207369676E616C732C206176FB
:1087A00061696C6162696C697479206973206472B3
:1087B0006976657220646570656E64656E742E00FE
:1087C000496E76657274732074686520636F6F6C90
:1087D000616E7420616E64206D69737420736967C3
:1087E0006E616C732028616374697665206C6F77A5
:1087F000292E0000496E76657274732074686520B6
:108800007370696E646C65206F6E2C20636F756E7B
:10881000746572636C6F636B7769736520616E64F6
:108820002050574D207369676E616C732028616317
:1088300074697665206C6F77292E00004469736136
:10884000626C652074686520636F6E74726F6C2053
:108850007369676E616C732070756C6C75702072D3
:1088600065736973746F72732E20506F74656E74C4
:1088700069616C6C7920656E61626C6573207075DE
:108880006C6C646F776E207265736973746F72209D
:10889000696620617661696C61626C652E5C6E4E02
:1088A0004F54453A20426C6F636B2064656C65746D
:1088B000652C204F7074696F6E616C2073746F70DB
:1088C00020616E64204553746F7020617265206F63
:1088D0007074696F6E616C207369676E616C732C64
:1088E00020617661696C6162696C69747920697371
:1088F0002064726976657220646570656E64656E69
:10890000742E000044697361626C65207468652090
:108910006C696D6974207369676E616C7320707522
:108920006C6C7570207265736973746F72732E202E
:10893000506F74656E7469616C6C7920656E6162EC
:108940006C65732070756C6C646F776E20726573E4
:108950006973746F727320696620617661696C61F6
:10896000626C652E0000000044697361626C6520D2
:108970007468652070726F6265207369676E616CE0
:108980002070756C6C7570207265736973746F728A
:108990002873292E20506F74656E7469616C6C7930
:1089A00020656E61626C65732070756C6C646F77A6
:1089B0006E207265736973746F72287329206966FB
:1089C00020617661696C61626C652E00456E616242
:1089D0006C657320736F6674206C696D69747320A5
:1089E000636865636B732077697468696E206D6175
:1089F0006368696E652074726176656C20616E646F
:108A0000207365747320616C61726D207768656E88
:108A10002065786365656465642E205265717569AB
:108A200072657320686F6D696E672E005768656E9A
:108A300020656E61626C656420696D6D6564696155
:108A400074656C792068616C7473206D6F74696FE4
:108A50006E20616E64207468726F777320616E207F
:108A6000616C61726D207768656E2061206C696D44
:108A700069742073776974636820697320747269FC
:108A80006767657265642E20496E2073747269632E
:108A900074206D6F6465206F6E6C7920686F6D69EE
:108AA0006E6720697320706F737369626C652077DD
:108AB00068656E206120737769746368206973202C
:108AC000656E67616765642E00000000456E616237
:108AD0006C657320686F6D696E67206379636C6580
:108AE0002E205265717569726573206C696D6974A9
:108AF000207377697463686573206F6E2061786591
:108B00007320746F206265206175746F6D61746984
:108B100063616C6C7920686F6D65642E5C6E5C6E51
:108B20005768656E2060456E61626C652073696E82
:108B3000676C65206178697320636F6D6D616E6429
:108B4000736020697320636865636B65642C2073B0
:108B5000696E676C65206178697320686F6D696EF6
:108B6000672063616E20626520706572666F726D4A
:108B700065642062792024483C61786973206C65C3
:108B8000747465723E20636F6D6D616E64732E5CEC
:108B90006E5C6E5768656E2060416C6C6F77206DFF
:108BA000616E75616C6020697320636865636B65D5
:108BB000642C2061786573206E6F7420686F6D651A
:108BC00064206175746F6D61746963616C6C792088
:108BD0006D617920626520686F6D6564206D616EDE
:108BE00075616C6C79206279202448206F72202492
:108BF000483C61786973206C65747465723E2063CB
:108C00006F6D6D616E64732E5C6E5C6E604F766529
:108C10007272696465206C6F636B73602069732086
:108C2000666F7220616C6C6F77696E67206120736C
:108C30006F667420726573657420746F2064697345
:108C400061626C652060486F6D696E67206F6E2091
:108C50007374617274757020726571756972656480
:108C6000602E0000486F6D696E67207365617263E6
:108C700068657320666F722061207377697463681A
:108C800020696E2074686520706F736974697665F9
:108C900020646972656374696F6E2E205365742059
:108CA000617869732062697420746F2073656172E2
:108CB000636820696E206E656761746976652064FB
:108CC0006972656374696F6E2E00000046656564A5
:108CD000207261746520746F20736C6F776C7920DB
:108CE000656E67616765206C696D6974207377696B
:108CF00074636820746F2064657465726D696E6555
:108D000020697473206C6F636174696F6E20616396
:108D10006375726174656C792E0000005365656B34
:108D2000207261746520746F20717569636B6C7952
:108D30002066696E6420746865206C696D697420B2
:108D4000737769746368206265666F726520746802
:108D50006520736C6F776572206C6F636174696EE8
:108D6000672070686173652E00000000536574739E
:108D700020612073686F72742064656C6179206271
:108D800065747765656E20706861736573206F66C2
:108D900020686F6D696E67206379636C6520746FFE
:108DA000206C657420612073776974636820646542
:108DB000626F756E63652E00526574726163742014
:108DC00064697374616E6365206166746572207492
:108DD000726967676572696E672073776974636823
:108DE00020746F20646973656E67616765206974BC
:108DF0002E20486F6D696E672077696C6C20666104
:108E0000696C206966207377697463682069736E82
:108E1000277420636C65617265642E0047373320C8
:108E2000726574726163742064697374616E6365E2
:108E30002028666F72206368697020627265616BBA
:108E4000696E67206472696C6C696E67292E000018
:108E5000537465702070756C73652064656C6179FE
:108E60002E5C6E5C6E5768656E20736574203E20C4
:108E70003020616E64206C657373207468616E20AD
:108E800032207468652076616C7565206973207284
:108E90006F756E64656420757020746F2032206D6C
:108EA0006963726F7365636F6E64732E00000000F8
:108EB0004D6178696D756D207370696E646C6520A5
:108EC00073706565642C2063616E206265206F7627
:108ED000657272696464656E206279207370696E70
:108EE000646C6520706C7567696E732E00000000FD
:108EF0004D696E696D756D207370696E646C652067
:108F000073706565642C2063616E206265206F76E6
:108F1000657272696464656E206279207370696E2F
:108F2000646C6520706C7567696E732E5C6E5C6E28
:108F30005768656E20736574203E203020243335D9
:108F4000202850574D206D696E2076616C7565291B
:108F5000206D6179206861766520746F20626520DC
:108F600073657420746F206765742074686520636E
:108F70006F6E666967757265642052504D2E0000F1
:108F80004C61736572206D6F64653A20636F6E7318
:108F9000656375746976652047312F322F332063FE
:108FA0006F6D6D616E64732077696C6C206E6F7489
:108FB0002068616C74207768656E207370696E64D8
:108FC0006C65207370656564206973206368616EE9
:108FD0006765642E5C6E4C61746865206D6F6465B6
:108FE0003A20616C6C6F777320757365206F662013
:108FF00047372C2047382C2047393620616E6420B3
:109000004739372E000000005370696E646C65208C
:1090100050574D206672657175656E63792E00003C
:109020005370696E646C652050574D206F666620E2
:1090300076616C756520696E2070657263656E740B
:10904000202864757479206379636C65292E00008B
:109050005370696E646C652050574D206D696E20A9
:1090600076616C756520696E2070657263656E74DB
:10907000202864757479206379636C65292E00005B
:109080005370696E646C652050574D206D61782077
:1090900076616C756520696E2070657263656E74AB
:1090A000202864757479206379636C65292E00002B
:1090B00053706563696669657320776869636820C2
:1090C0007374657070657273206E6F7420746F2096
:1090D00064697361626C65207768656E2073746F74
:1090E000707065642E0000005370696E646C6520BA
:1090F000656E636F6465722070756C736573207044
:109100006572207265766F6C7574696F6E2E0000E3
:10911000456E61626C657320226E6F726D616C22A8
:109120002070726F63657373696E67206F66203F8E
:109130002C202120616E64207E206368617261634F
:1091400074657273207768656E2070617274206F29
:109150006620242D73657474696E67206F722063B6
:109160006F6D6D656E742E2049662064697361624F
:109170006C6564207468656E20746865792061721E
:109180006520616464656420746F2074686520697B
:109190006E70757420737472696E6720696E737473
:1091A0006561642E000000004C696D6974206A6F6F
:1091B0006720636F6D6D616E647320746F206D61E5
:1091C0006368696E6520776F726B73706163652089
:1091D000666F7220686F6D656420617865732E001C
:1091E000456E61626C6573207061726B696E672099
:1091F0006379636C652C2072657175697265732083
:109200007061726B696E67206178697320686F6D39
:1092100065642E00446566696E65207768696368D9
:109220002061786973207468617420706572666F5C
:10923000726D7320746865207061726B696E67204F
:109240006D6F74696F6E2E004E756D626572206F62
:109250006620686F6D696E67207061737365732E29
:10926000204D696E696D756D20312C206D617869B6
:109270006D756D203132382E000000004178657325
:1092800020746F20686F6D6520696E206669727347
:10929000742070686173652E00000000417865736A
:1092A00020746F20686F6D6520696E207365636F31
:1092B0006E642070686173652E00000041786573EC
:1092C00020746F20686F6D6520696E207468697204
:1092D000642070686173652E00000000537465702F
:1092E000206A6F6767696E672073706565642069BF
:1092F0006E206D696C6C696D657465727320706544
:1093000072206D696E7574652E000000536C6F7766
:10931000206A6F6767696E6720737065656420698E
:109320006E206D696C6C696D657465727320706513
:1093300072206D696E7574652E000000466173744D
:10934000206A6F6767696E6720737065656420695E
:109350006E206D696C6C696D6574657273207065E3
:1093600072206D696E7574652E0000004A6F67206B
:1093700064697374616E636520666F722073696ED1
:10938000676C652073746570206A6F6767696E67C4
:109390002E0000004A6F672064697374616E636514
:1093A000206265666F7265206175746F6D617469A6
:1093B000632073746F702E005370696E646C652047
:1093C00070756C6C2D6F757420616E6420706C7597
:1093D0006E67652064697374616E636520696E20D1
:1093E0006D6D2E496E6372656D656E74616C20647F
:1093F000697374616E63652E000000005370696EBE
:10940000646C652070756C6C2D6F75742F706C7545
:109410006E676520736C6F77206665656420726186
:10942000746520696E206D6D2F6D696E2E000000D1
:109430005061726B696E6720617869732074617224
:109440006765742E20496E206D6D2C206173206D30
:10945000616368696E6520636F6F7264696E6174C1
:1094600065205B2D6D61785F74726176656C2C2070
:10947000305D2E005061726B696E67206661737497
:10948000207261746520746F207461726765742046
:1094900061667465722070756C6C2D6F75742069CF
:1094A0006E206D6D2F6D696E2E0000005265737415
:1094B0006F7265206F766572726964657320746F70
:1094C0002064656661756C742076616C75657320C7
:1094D00061742070726F6772616D20656E642E001A
:1094E00049676E6F7265207768656E2069646C6588
:1094F0003A2064697372656761726420646F6F7289
:10950000207369676E616C20696E2049444C452068
:10951000737461746520746F20616C6C6F77206A5E
:109520006F6767696E67206574632E204176616995
:109530006C61626C65207768656E20636F6E747213
:109540006F6C6C65722068617320646F6F72206944
:109550006E7075742E0A4B65657020636F6F6C6159
:109560006E74207374617465206F6E206F70656E09
:109570003A20646F206E6F74207475726E206F666F
:109580006620636F6F6C616E74206966206F6E2E4B
:1095900000000000456E61626C6520736C6565704B
:1095A000206D6F64652E0000416374696F6E7320D7
:1095B00074616B656E20647572696E67206665659F
:1095C0006420686F6C6420616E64206F6E20726529
:1095D00073756D652066726F6D20666565642068C1
:1095E0006F6C642E00000000537461727420696E09
:1095F00020616C61726D206D6F64652061667465B9
:1096000072206120636F6C642072657365742E0034
:10961000416C6C6F772066656564206F7665727249
:1096200069646520647572696E672070726F626923
:109630006E6720616E642F6F72206C696D69742093
:1096400070726F62696E6720636F6D6D616E6473B7
:1096500020746F206D616368696E6520776F726B2F
:10966000737061636520666F7220686F6D6564203A
:10967000617865732E0000005370696E646C65201C
:1096800073796E6320504944206D617820696E744F
:1096900065677261746F72206572726F722E00005E
:1096A00054726176656C207265736F6C7574696F46
:1096B0006E20696E20737465707320706572206D02
:1096C000696C6C696D657465722E00005472617608
:1096D000656C207265736F6C7574696F6E20696E4E
:1096E000207374657073207065722064656772659D
:1096F000652E00004D6178696D756D20726174652D
:109700002E2055736564206173204730207261708C
:10971000696420726174652E000000004163636516
:109720006C65726174696F6E2E2055736564206676
:109730006F72206D6F74696F6E20706C616E6E69F0
:109740006E6720746F206E6F742065786365656442
:10975000206D6F746F7220746F7271756520616E09
:1097600064206C6F73652073746570732E00000045
:109770004D6178696D756D206178697320747261CF
:1097800076656C2064697374616E63652066726FC0
:109790006D20686F6D696E67207377697463682EDA
:1097A0002044657465726D696E65732076616C69BD
:1097B00064206D616368696E652073706163652004
:1097C000666F7220736F66742D6C696D6974732097
:1097D000616E6420686F6D696E6720736561726386
:1097E000682064697374616E6365732E0000000005
:1097F0004261636B6C6173682064697374616E634A
:109800006520746F20636F6D70656E736174652081
:10981000666F722E000000004F66667365742062EA
:1098200065747765656E20736964657320746F2055
:10983000636F6D70656E7361746520666F7220680A
:109840006F6D696E672073776974636865732069EB
:109850006E616363757261636965732E0000000059
:109860005370696E646C6520617420737065656403
:1098700020746F6C6572616E636520617320706522
:109880007263656E74616765206465766961746989
:109890006F6E2066726F6D2070726F6772616D6D92
:1098A00065642073706565642C2073657420746F23
:1098B000203020746F2064697361626C652E5C6E69
:1098C0004966206E6F742077697468696E20746FC2
:1098D0006C6572616E63652061667465722074697F
:1098E0006D656F757420736574206279207370697B
:1098F0006E646C65206F6E2064656C61792028242D
:109900003339342920616C61726D203134206973E0
:10991000207261697365642E5C6E4E4F54453A2027
:10992000696620746865207370696E646C65206F69
:109930006E2064656C61792069732073657420748E
:109940006F2030207468652074696D656F757420B0
:1099500064656661756C747320746F206F6E65202A
:109960006D696E7574652E004E6F726D616C3A2074
:10997000616C6C6F7773206A6F6767696E672066CA
:109980006F72206D616E75616C20746F75636820F5
:109990006F66662E20536574206E657720706F7336
:1099A0006974696F6E206D616E75616C6C792E5C87
:1099B0006E5C6E4D616E75616C20746F75636820AE
:1099C0006F66663A2072617069647320746F2074E8
:1099D0006F6F6C206368616E676520706F73697468
:1099E000696F6E2C20757365206A6F6767696E6793
:1099F000206F72202454505720666F7220746F7548
:109A00006368206F66662E5C6E5C6E4D616E75617C
:109A10006C20746F756368206F6666204020473540
:109A2000392E333A2072617069647320746F207428
:109A30006F6F6C206368616E676520706F73697407
:109A4000696F6E2C206166746572206368616E6751
:109A50006520746F204735392E3320706F73697419
:109A6000696F6E20666F72206D616E75616C207417
:109A70006F756368206F66662E20557365206A6F68
:109A80006767696E67206F72202454505720666F95
:109A90007220746F756368206F66662E5C6E5C6EF4
:109AA0004175746F6D6174696320746F75636820AC
:109AB0006F66662040204735392E333A2072617038
:109AC00069647320746F20746F6F6C206368616EBB
:109AD000676520706F736974696F6E2C206166749E
:109AE0006572206368616E676520746F2047353941
:109AF0002E3320706F736974696F6E20666F7220E9
:109B00006175746F6D6174696320746F756368202B
:109B10006F66662E5C6E5C6E446570656E64696E21
:109B200067206F6E2073657474696E677320746844
:109B30006520746F6F6C2028636F6E74726F6C6C2D
:109B4000656420706F696E74292077696C6C20627F
:109B500065206D6F766564206261636B20746F2091
:109B600074686520746F206F726967696E616C201C
:109B7000706F736974696F6E2061667465722074AA
:109B80006F756368206F66662E2022746F6F6C207D
:109B90006368616E676520706F736974696F6E22A8
:109BA0002069732065697468657220746F6F6C201A
:109BB0006178697320686F6D652C204735392E33C5
:109BC000206F722047333020706F736974696F6E35
:109BD00020646570656E64696E67206F6E207365C2
:109BE0007474696E67732E004D6178696D756D20B0
:109BF00070726F62696E672064697374616E636509
:109C000020666F72206175746F6D61746963206F77
:109C100072202454505720746F756368206F6666F5
:109C20002E00000046656564207261746520746FC3
:109C300020736C6F776C7920656E6761676520743F
:109C40006F6F6C206368616E67652073656E736FFC
:109C50007220746F2064657465726D696E6520741E
:109C6000686520746F6F6C206F6666736574206121
:109C7000636375726174656C792E00005365656B62
:109C8000207261746520746F20717569636B6C79E3
:109C90002066696E642074686520746F6F6C206341
:109CA00068616E67652073656E736F7220626566AA
:109CB0006F72652074686520736C6F776572206CB5
:109CC0006F636174696E672070686173652E000050
:109CD00050756C6C2D6F6666207261746520666FBE
:109CE00072207468652072657472616374206D6F90
:109CF0007665206265666F72652074686520736C96
:109D00006F776572206C6F636174696E672070682D
:109D10006173652E00000000526573746F726520D8
:109D2000706F736974696F6E206166746572204D1F
:109D3000363A207768656E207365742074686520F4
:109D40007370696E646C65206973206D6F766564ED
:109D500020736F20746861742074686520636F6E6F
:109D600074726F6C6C656420706F696E74202874F7
:109D70006F6F6C2074697029206973207468652086
:109D800073616D65206173206265666F7265207412
:109D90006865204D3620636F6D6D616E642C696659
:109DA000206E6F7420746865207370696E646C65D2
:109DB000206973206F6E6C79206D6F7665642074F6
:109DC0006F20746865205A20686F6D6520706F730E
:109DD0006974696F6E2E5C6E5C6E4368616E676558
:109DE00020746F6F6C206174204733303A2077689D
:109DF000656E207365742072617069647320746F7E
:109E0000207468652047333020706F736974696F00
:109E10006E2076696120746F6F6C206178697320A1
:109E2000686F6D652E20526571756972657320616A
:109E300078657320746F20626520686F6D65642E8D
:109E40005C6E5C6E466173742070726F6265207028
:109E5000756C6C6F66663A20757365204733382ED3
:109E600034207374796C652070726F62696E67203C
:109E7000666F722066617374657220746F756368B3
:109E8000206F66662E0000004475616C2061786961
:109E900073206C656E677468206661696C20696EFA
:109EA0002070657263656E74206F662061786973D7
:109EB000206D61782074726176656C2E0000000060
:109EC0004475616C2061786973206C656E67746895
:109ED000206661696C206D696E696D756D206469BD
:109EE0007374616E63652E004475616C20617869DE
:109EF00073206C656E677468206661696C206D61A3
:109F000078696D756D2064697374616E63652E0088
:109F100044697361626C657320736176652F726545
:109F200073746F7265206F6620473932206F6666E2
:109F300073657420746F206E6F6E2D766F6C617414
:109F4000696C652073746F7261676520284E565383
:109F5000292E000044656C617920746F20616C6C5F
:109F60006F77207370696E646C6520746F207370F6
:109F7000696E207570206166746572207361666514
:109F8000747920646F6F7220697320636C6F7365DE
:109F900064206F72206F6E20726573756D65206628
:109FA000726F6D207061726B2E00000044656C61F1
:109FB0007920746F20616C6C6F7720636F6F6C61B8
:109FC0006E7420746F2072657374617274206166A0
:109FD0007465722073616665747920646F6F722096
:109FE000697320636C6F736564206F72206F6E20DD
:109FF000726573756D652066726F6D207061726B2E
:10A000002E00000044656C617920746F20616C6CD7
:10A010006F77207370696E646C6520746F20737045
:10A02000696E2075702E2030206F7220302E352002
:10A030002D203230735C6E4966207370696E646CDB
:10A040006520737570706F72747320226174207351
:10A0500070656564222066756E6374696F6E616CED
:10A060006974792069742069732074686520746943
:10A070006D6520746F2077616974206265666F7208
:10A080006520616C61726D203134206973207261CA
:10A09000697365642E0000005370696E646C6520FE
:10A0A00073656C6563746564206F6E207374617290
:10A0B0007475702E000000004E756D626572206F21
:10A0C0006620626C6F636B7320696E207468652014
:10A0D000706C616E6E6572206275666665722E00C8
:10A0E000496E74657276616C207468652072656172
:10A0F0006C2074696D65207265706F727420776969
:10A100006C6C2062652073656E742C2073657420FE
:10A11000746F203020746F2064697361626C652EE7
:10A12000000000004F666673657420696E20686FDA
:10A130007572732066726F6D205554432E000000B7
:10A1400049662073657420756E6C6F636B2028629E
:10A15000792073656E64696E6720245829206973BD
:10A16000207265717569726564206166746572201C
:10A17000726573657474696E67206120636C6561D4
:10A1800072656420452D53746F7020636F6E64692F
:10A1900074696F6E2E0000004C6F636B20636F6FED
:10A1A0007264696E6174652073797374656D732070
:10A1B000616761696E7374206163636964656E745D
:10A1C000616C206368616E6765732E0044656C6125
:10A1D0007920746F20616C6C6F77207370696E6486
:10A1E0006C6520746F207370696E20646F776E2EBB
:10A1F0002030206F7220302E35202D203230735CBD
:10A200006E4966207370696E646C6520737570703A
:10A210006F727473202261742073706565642220EC
:10A2200066756E6374696F6E616C697479206974A8
:10A23000206973207468652074696D6520746F20CF
:10A2400077616974206265666F726520616C617206
:10A250006D203134206973207261697365642E004A
:10A260005370656369666965732077686963682000
:10A270007370696E646C6520686173207468652012
:10A28000656E636F64657220617474616368656490
:10A290002E0000004175746F206D6F756E74205331
:10A2A000442063617264206F6E20737461727475F0
:10A2B000702E0000496E7665727473207468652094
:10A2C0006178697320686F6D6520696E70757420A0
:10A2D0007369676E616C732E0000000044656C61E9
:10A2E0007920746F20616C6C6F7720636F6F6C6185
:10A2F0006E7420746F2073746172742E2030206F1E
:10A300007220302E35202D203230732E00000000B8
:10A31000436F6E74726F6C7320616374696F6E73D8
:10A320002074616B656E206F6E206120736F6674A0
:10A330002072657365742E0044656C6179206672C5
:10A340006F6D207374657070657220656E61626CEC
:10A350006520746F20666972737420737465702051
:10A360006F75747075742E205468652064726976F8
:10A370006572207479706963616C6C7920616464C2
:10A3800073207E326D7320746F20746869732E00A1
:10A39000537465702070756C73652074696D650009
:10A3A0006D6963726F7365636F6E647300000000A4
:10A3B000537465702069646C652064656C61790014
:10A3C0006D696C6C697365636F6E64730000000087
:10A3D00023232323300000003635353335000000B9
:10A3E000537465702070756C736520696E76657244
:10A3F0007400000053746570206469726563746949
:10A400006F6E20696E76657274000000496E766525
:10A410007274207374657070657220656E61626C11
:10A4200065206F757470757428732900496E7665A0
:10A430007274206C696D697420696E707574730034
:10A44000496E766572742070726F626520696E70F5
:10A4500075747300446570726563617465640000AF
:10A4600047616E6765642061786573206469726511
:10A470006374696F6E20696E766572740000000007
:10A4800050574D207370696E646C65206F707469ED
:10A490006F6E7300456E61626C652C52504D206387
:10A4A0006F6E74726F6C73207370696E646C65206C
:10A4B000656E61626C65207369676E616C2C4469BE
:10A4C0007361626C65206C61736572206D6F646589
:10A4D000206361706162696C69747900537461749E
:10A4E0007573207265706F7274206F7074696F6E0F
:10A4F00073000000506F736974696F6E20696E207D
:10A500006D616368696E6520636F6F7264696E6107
:10A5100074652C4275666665722073746174652C6F
:10A520004C696E65206E756D626572732C4665654B
:10A530006420262073706565642C50696E207374E6
:10A540006174652C576F726B20636F6F7264696EF4
:10A55000617465206F66667365742C4F76657272E0
:10A56000696465732C50726F626520636F6F7264EB
:10A57000696E617465732C427566666572207379C5
:10A580006E63206F6E2057434F206368616E67656E
:10A590002C5061727365722073746174652C416C08
:10A5A00061726D207375627374617475732C52756A
:10A5B0006E207375627374617475732C456E61627D
:10A5C0006C65207768656E20686F6D696E672C44D6
:10A5D000697374616E63652D746F2D676F00000081
:10A5E0004A756E6374696F6E20646576696174691B
:10A5F0006F6E00006D6D00002323232323302E3067
:10A600003030000041726320746F6C6572616E635C
:10A61000650000005265706F727420696E20696E6B
:10A620006368657300000000496E7665727420638C
:10A630006F6E74726F6C20696E70757473000000B9
:10A64000496E7665727420636F6F6C616E74206FF3
:10A650007574707574730000496E7665727420733A
:10A6600070696E646C65207369676E616C7300005D
:10A6700050756C6C75702064697361626C652063E1
:10A680006F6E74726F6C20696E7075747300000069
:10A6900050756C6C75702064697361626C65206CB8
:10A6A000696D697420696E707574730050756C6C97
:10A6B00075702064697361626C652070726F626589
:10A6C00020696E7075747300536F6674206C696DC9
:10A6D00069747320656E61626C6500004861726424
:10A6E000206C696D69747320656E61626C65000031
:10A6F000456E61626C652C537472696374206D6F72
:10A7000064650000486F6D696E67206379636C65EE
:10A7100000000000486F6D696E67206469726563B0
:10A7200074696F6E20696E7665727400486F6D692A
:10A730006E67206C6F636174652066656564207266
:10A74000617465006D6D2F6D696E000023232323F6
:10A7500023302E3000000000486F6D696E67207353
:10A760006561726368207365656B20726174650052
:10A77000486F6D696E6720737769746368206465DC
:10A78000626F756E63652064656C6179000000001E
:10A7900023233000486F6D696E6720737769746397
:10A7A000682070756C6C2D6F6666206469737461C7
:10A7B0006E6365004737332052657472616374209D
:10A7C00064697374616E63650000000050756C739A
:10A7D000652064656C6179004D6178696D756D20E7
:10A7E0007370696E646C6520737065656400000049
:10A7F00052504D004D696E696D756D207370696EB4
:10A80000646C652073706565640000004D6F64655D
:10A81000206F66206F7065726174696F6E00000052
:10A820004E6F726D616C2C4C61736572206D6F643C
:10A83000652C4C61746865206D6F646500000000D4
:10A840005370696E646C652050574D206672657157
:10A8500075656E6379000000487A00002323232386
:10A86000233000005370696E646C652050574D2092
:10A870006F66662076616C756500000070657263B6
:10A88000656E74002323302E30000000313030001C
:10A890005370696E646C652050574D206D696E2051
:10A8A00076616C75650000005370696E646C65209C
:10A8B00050574D206D61782076616C756500000001
:10A8C000537465707065727320746F206B6565706A
:10A8D00020656E61626C6564000000005370696EF3
:10A8E000646C652070756C7365732070657220727E
:10A8F00065766F6C7574696F6E2028505052290010
:10A900002323233000000000456E61626C65206CDB
:10A91000656761637920525420636F6D6D616E6469
:10A92000730000004C696D6974206A6F6720636F63
:10A930006D6D616E647300005061726B696E6720AB
:10A940006379636C65000000456E61626C652C4440
:10A950006561637469766174652075706F6E2069D6
:10A960006E69742C456E61626C65207061726B69F2
:10A970006E67206F7665727269646520636F6E74AE
:10A98000726F6C005061726B696E672061786973D9
:10A9900000000000582C592C5A000000486F6D69C7
:10A9A0006E67207061737365730000003132380088
:10A9B0004178657320686F6D696E672C20666972D7
:10A9C00073742070686173650000000041786573DE
:10A9D00020686F6D696E672C207365636F6E6420ED
:10A9E00070686173650000004178657320686F6D61
:10A9F000696E672C20746869726420706861736581
:10AA0000000000005061726B696E672070756C6C9D
:10AA10002D6F75742064697374616E636500000046
:10AA2000232323302E3000005061726B696E672043
:10AA300070756C6C2D6F7574207261746500000008
:10AA40005061726B696E6720746172676574000093
:10AA50002D232323302E30002D3130303030300084
:10AA60005061726B696E67206661737420726174E5
:10AA700065000000526573746F7265206F766572B1
:10AA800072696465730000005361666574792064BF
:10AA90006F6F72206F7074696F6E7300536C6565B1
:10AAA0007020656E61626C6500000000466565643B
:10AAB00020686F6C6420616374696F6E73000000BE
:10AAC00044697361626C65206C61736572206475A2
:10AAD00072696E6720686F6C642C526573746F7254
:10AAE00065207370696E646C6520616E6420636FAD
:10AAF0006F6C616E74207374617465206F6E207268
:10AB00006573756D65000000466F72636520696E40
:10AB1000697420616C61726D0000000050726F6298
:10AB2000696E67206F7074696F6E73005370696E21
:10AB3000646C652073796E6320502D6761696E00C7
:10AB4000232323302E303030000000005370696E14
:10AB5000646C652073796E6320492D6761696E00AE
:10AB60005370696E646C652073796E6320442D6741
:10AB700061696E005370696E646C652073796E63F1
:10AB800020504944206D61782049206572726F72AF
:10AB9000000000002D617869732074726176656C25
:10ABA000207265736F6C7574696F6E0023232323A5
:10ABB00023302E3030302323000000002D617869CF
:10ABC00073206D6178696D756D2072617465000028
:10ABD0002D6178697320616363656C657261746966
:10ABE0006F6E00002D61786973206D6178696D75F5
:10ABF0006D2074726176656C000000002D617869CB
:10AC000073206261636B6C61736820636F6D706544
:10AC10006E736174696F6E002D617869732064755D
:10AC2000616C2061786973206F66667365740000DB
:10AC30002D302E30303000002D3130002D617869FC
:10AC40007320686F6D696E67206C6F636174652037
:10AC50006665656420726174650000002D61786925
:10AC60007320686F6D696E67207365617263682019
:10AC70007365656B20726174650000005370696EC6
:10AC8000646C6520617420737065656420746F6CFA
:10AC90006572616E63650000546F6F6C206368615C
:10ACA0006E6765206D6F6465000000004E6F726D09
:10ACB000616C2C4D616E75616C20746F75636820DA
:10ACC0006F66662C4D616E75616C20746F7563687C
:10ACD000206F66662040204735392E332C4175742D
:10ACE0006F6D6174696320746F756368206F666649
:10ACF0002040204735392E332C49676E6F7265200E
:10AD00004D360000546F6F6C206368616E6765207C
:10AD100070726F62696E672064697374616E6365D7
:10AD200000000000546F6F6C206368616E676520DF
:10AD30006C6F63617465206665656420726174651B
:10AD400000000000546F6F6C206368616E676520BF
:10AD5000736561726368207365656B2072617465E9
:10AD600000000000546F6F6C206368616E6765209F
:10AD700070726F62652070756C6C2D6F66662072E4
:10AD800061746500546F6F6C206368616E67652045
:10AD90006F7074696F6E7300526573746F726520A3
:10ADA000706F736974696F6E206166746572204D8F
:10ADB000362C4368616E676520746F6F6C20617418
:10ADC000204733302C466173742070726F626520A7
:10ADD00070756C6C206F6666000000004475616CD5
:10ADE0002061786973206C656E677468206661699C
:10ADF0006C0000004475616C2061786973206C659B
:10AE00006E677468206661696C206D696E00000071
:10AE10004475616C2061786973206C656E67746835
:10AE2000206661696C206D6178000000446973617F
:10AE3000626C65204739322070657273697374657E
:10AE40006E6365005370696E646C65206F6E20647C
:10AE5000656C617900000000436F6F6C616E742057
:10AE60006F6E2064656C6179000000004465666166
:10AE7000756C74207370696E646C6500506C616EE3
:10AE80006E65722062756666657220626C6F636BB8
:10AE90007300000031303030000000004175746FE5
:10AEA0007265706F727420696E74657276616C0081
:10AEB0006D730000556E6C6F636B20726571756900
:10AEC00072656420616674657220452D53746F70DD
:10AED000000000004B65657020746F6F6C206E750C
:10AEE0006D626572206F766572207265626F6F7435
:10AEF000000000004C6F636B20636F6F7264696EBB
:10AF00006174652073797374656D73004735392EEC
:10AF1000312C4735392E322C4735392E330000007D
:10AF2000456E636F646572207370696E646C650052
:10AF30005370696E646C65206F66662064656C6131
:10AF40007900000046696C652073797374656D73D0
:10AF5000206F7074696F6E7300000000496E766533
:10AF6000727420686F6D6520696E7075747300006F
:10AF70004D6F746F72207761726E696E6720696EB3
:10AF80007075747320656E61626C6500496E7665DC
:10AF90007274206D6F746F72207761726E696E6764
:10AFA00020696E70757473004D6F746F72206661E6
:10AFB000756C7420696E7075747320656E61626C57
:10AFC00065000000496E76657274206D6F746F7253
:10AFD000206661756C7420696E7075747300000072
:10AFE000526573657420616374696F6E730000004D
:10AFF000436C65617220686F6D6564207374617461
:10B00000757320696620706F736974696F6E20773D
:10B010006173206C6F73742C436C656172206F6672
:10B02000667365747320286578636570742047398A
:10B0300032292C436C6561722072617069647320DF
:10B040006F766572726964652C436C656172206607
:10B05000656564206F766572726964650000000042
:10B060005374657070657220656E61626C652064F2
:10B07000656C61790000000035303000526F6F74EC
:10B080000000000047656E6572616C00436F6E746E
:10B09000726F6C207369676E616C73004C696D69C7
:10B0A000747300004475616C20617869730000005E
:10B0B000436F6F6C616E74005370696E646C6500F1
:10B0C0005370696E646C652073796E6300000000D4
:10B0D000546F6F6C206368616E676500486F6D69BF
:10B0E0006E67000050726F62696E67005061726B2C
:10B0F000696E672F53616665747920646F6F7200A3
:10B100004A6F6767696E6700537465707065720097
:10B1100053746570706572206472697665720000A0
:10B120004178697300000000582D61786973000050
:10B13000592D6178697300005A2D61786973000098
:10B140006F7574707574207061727365722073749A
:10B15000617465004A000000244A3D3C67636F64E7
:10B16000653E202D206A6F67206D616368696E659A
:10B1700000000000230000006F7574707574206F6C
:10B180006666736574732C20746F6F6C20746162D3
:10B190006C652C2070726F62696E6720616E64202E
:10B1A000686F6D6520706F736974696F6E0D0A2426
:10B1B000233D3C6E3E202D206F7574707574207693
:10B1C000616C756520666F7220706172616D657467
:10B1D0006572203C6E3E0000243C6E3E202D206FA8
:10B1E00075747075742073657474696E67203C6E35
:10B1F0003E2076616C75650D0A243C6E3E3D3C76C2
:10B20000616C75653E202D2061737369676E203C0B
:10B2100076616C75653E20746F2073657474696E19
:10B220006773203C6E3E0D0A2424202D206F757418
:10B2300070757420616C6C2073657474696E67201E
:10B2400076616C7565730D0A24243D3C6E3E202D9D
:10B25000206F75747075742073657474696E6720DF
:10B2600064657461696C7320666F722073657474B1
:10B27000696E67203C6E3E002B0000006F75747095
:10B28000757420616C6C2073657474696E672076C8
:10B29000616C7565730000005345440024534544B8
:10B2A0003D3C6E3E202D206F757470757420736563
:10B2B0007474696E6773206465736372697074690E
:10B2C0006F6E20666F722073657474696E67203CC0
:10B2D0006E3E00004F000000656E61626C65206389
:10B2E0006865636B206D6F64652C203C52657365E7
:10B2F000743E20746F20657869740000756E6C6F01
:10B30000636B206D616368696E65000048580000DA
:10B3100048590000485A0000485353007265706F46
:10B32000727420686F6D696E6720737769746368E3
:10B330006573207374617475730000002448454C74
:10B3400050202D206F75747075742068656C7020A6
:10B35000746F706963730D0A2448454C50203C7427
:10B360006F7069633E202D206F757470757420684E
:10B37000656C7020666F72203C746F7069633E006C
:10B380005350494E444C455300000000656E756DA6
:10B390006572617465207370696E646C65732C20CE
:10B3A00068756D616E207265616461626C65000034
:10B3B0005350494E444C455348000000656E756D2E
:10B3C0006572617465207370696E646C65732C209E
:10B3D0006D616368696E65207265616461626C6548
:10B3E00000000000534C5000656E74657220736C51
:10B3F000656570206D6F646500000000544C52005C
:10B4000073657420746F6F6C206F6666736574204B
:10B410007265666572656E63650000005450570082
:10B4200070726F626520746F6F6C20706C617465F0
:10B43000000000006F757470757420737973746503
:10B440006D20696E666F726D6174696F6E0D0A248E
:10B45000493D3C737472696E673E202D207365749C
:10B46000206275696C6420696E666F2073747269FE
:10B470006E670000492B00006F757470757420654D
:10B480007874656E6465642073797374656D206982
:10B490006E666F726D6174696F6E00005253540076
:10B4A0006F75747075742073746172747570206C2C
:10B4B000696E6573000000004E3000004E303D3C68
:10B4C00067636F64653E202D20736574207374611B
:10B4D00072747570206C696E652030004E3100000A
:10B4E0004E313D3C67636F64653E202D207365746B
:10B4F0002073746172747570206C696E6520310000
:10B5000045410000656E756D657261746520616C02
:10B5100061726D730000000045414700656E756DF6
:10B52000657261746520616C61726D732C20477265
:10B53000626C20666F726D61747465640000000057
:10B5400045450000656E756D6572617465207374A4
:10B550006174757320636F6465730000454547002F
:10B56000656E756D65726174652073746174757351
:10B5700020636F6465732C204772626C20666F7263
:10B580006D6174746564000045470000656E756DFB
:10B5900065726174652073657474696E6720677283
:10B5A0006F7570730000000045530000656E756D87
:10B5B00065726174652073657474696E67730000E9
:10B5C00045534700656E756D6572617465207365DE
:10B5D0007474696E67732C204772626C20666F7298
:10B5E0006D6174746564000045534800656E756D47
:10B5F00065726174652073657474696E67732C205D
:10B600006772626C48414C20666F726D617474653C
:10B6100064000000452A0000656E756D65726174F6
:10B620006520616C61726D732C2073746174757325
:10B6300020636F64657320616E6420736574746940
:10B640006E67730050494E530000000050494E533E
:10B650005441544500000000504F52545300000024
:10B66000656E756D65726174652073657269616C74
:10B670002028554152542920706F727473000000C5
:10B680004C4556006F7574707574206C617374202E
:10B69000636F6E74726F6C207369676E616C206586
:10B6A00076656E74730000004C494D006F757470C0
:10B6B00075742063757272656E74206C696D69743F
:10B6C0002070696E73000000534400005352000064
:10B6D000534453005245424F4F54000052544300CC
:10B6E00044574E4752440000746F67676C6520737F
:10B6F000657474696E6720666C61677320666F722B
:10B7000020646F776E677261646500004C435F432D
:10B710004F4C4C41544500004C435F4354595045F5
:10B72000000000004C435F4D4F4E455441525900BC
:10B730004C435F4E554D4552494300004C435F54C6
:10B74000494D45004C435F4D4553534147455300D8
:10B7500007000000418701006D8701007D8701001F
:10B7600000000000798701008D8701003987010002
:10B77000FDC70000FDC70000998701008587010013
:10B7800081870100858701007587010075870100A9
:10B79000FDC70000898701000000000000000000D4
:10B7A00000000000000000005072696D6172792095
:10B7B000554152540000000053455249414C20531A
:10B7C000545245414D204143544956450000000024
:10B7D00054454C4E45542053545245414D2041430D
:10B7E0005449564500000000574542534F434B45CE
:10B7F000542053545245414D20414354495645002D
:10B80000424C5545544F4F54482053545245414D96
:10B81000204143544956450048454C500000000023
:10B8200001000000000202000E0202011C020202DE
:10B830002A020203380202044602020554020206EA
:10B8400062020207700202087E0202098C02020AEA
:10B850009A02020B260303006E030301B7030400E0
:10B8600000000000A2000000F900000083000000BA
:10B870006E0000004E0000004400000015000000B3
:10B8800029000000FC000000270000005700000015
:10B89000D1000000F500000034000000DD000000D1
:10B8A000C0000000DB000000620000009500000006
:10B8B000990000003C0000004300000090000000E0
:10B8C00041000000FE000000510000006300000085
:10B8D000AB000000DE000000BB000000C50000005F
:10B8E00061000000B7000000240000006E000000AE
:10B8F0003A000000420000004D000000D2000000AD
:10B90000E000000006000000490000002E000000DA
:10B91000EA00000009000000D100000092000000D1
:10B920001C000000FE0000001D000000EB000000F5
:10B930001C000000B100000029000000A70000006A
:10B940003E000000E800000082000000350000001A
:10B95000F50000002E000000BB00000044000000C5
:10B9600084000000E90000009C000000700000005E
:10B9700026000000B40000005F0000007E00000010
:10B98000410000003900000091000000D6000000D6
:10B99000390000008300000053000000390000005F
:10B9A000F40000009C000000840000005F00000024
:10B9B0008B000000BD000000F9000000280000001E
:10B9C0003B0000001F000000F8000000970000008E
:10B9D000FF000000DE0000000500000098000000ED
:10B9E0000F000000EF0000002F0000001100000019
:10B9F0008B0000005A0000000A0000006D000000EB
:10BA00001F0000006D000000360000007E000000F6
:10BA1000CF00000027000000CB000000090000005C
:10BA2000B70000004F000000460000003F0000008B
:10BA3000660000009E0000005F000000EA000000B9
:10BA40002D0000007500000027000000BA00000073
:10BA5000C7000000EB000000E5000000F10000005E
:10BA60007B0000003D0000000700000039000000DE
:10BA7000F70000008A000000520000009200000061
:10BA8000EA0000006B000000FB0000005F00000007
:10BA9000B10000001F0000008D0000005D000000EC
:10BAA0000800000056000000030000003000000005
:10BAB00046000000FC0000007B0000006B0000005E
:10BAC000AB000000F0000000CF000000BC00000050
:10BAD000200000009A000000F40000003600000082
:10BAE0001D000000A9000000E3000000910000001C
:10BAF000610000005E000000E60000001B00000086
:10BB000008000000650000009900000085000000AA
:10BB10005F00000014000000A000000068000000AA
:10BB2000400000008D000000FF000000D800000071
:10BB3000800000004D00000073000000270000009E
:10BB400031000000060000000600000015000000A3
:10BB500056000000CA00000073000000A8000000AA
:10BB6000C900000060000000E20000007B0000004F
:10BB7000C00000008C0000006B0000000080194035
:10BB800074C00F40C00000001900000001BA01009D
:10BB9000000000000200000050851F40010000006E
:10BBA0000100000002000000000000000000000092
:10BBB00000010000F8ED0020120000000006000067
:10BBC000686200600A000000000200000462006079
:10BBD0006200000000070000A06100606200000039
:10BBE000EE03000044F2002012000000000004EE0A
:10BBF0001CF2002028000000000300009C6100608F
:10BC000000000000010309048461006000000000DE
:10BC1000020309046C6100600000000003030904D2
:10BC2000E8F9002000000000000000000000000013
:10BC3000000000007C000000220000004E2F4100A8
:10BC40003F00000030303030303030303030303075
:10BC5000303030300000000000000000DC01012026
:10BC600044020120AC02012000000000000000009E
:10BC700000000000000000000000000000000000C4
:10BC800000000000000000000000000000000000B4
:10BC900000000000000000000000000000000000A4
:10BCA0000000000000000000000000000000000094
:10BCB0000000000000000000000000000000000084
:10BCC0000000000000000000000000000000000074
:10BCD0000000000000000000000000000000000064
:10BCE0000000000000000000000000000000000054
:10BCF00001000000000000000E33CDAB34126DE6F1
:10BD0000ECDE05000B000000000000000000000059
:10BD10000000000000000000000000000000000023
:10BD20000000000000000000000000000000000013
:10BD30000000000000000000000000000000000003
:10BD400000000000000000000000000000000000F3
:10BD500000000000000000000000000000000000E3
:10BD600000000000000000000000000000000000D3
:10BD700000000000000000000100000000000000C2
:10BD80004A00000000000000000000000000000069
:10BD900000000000000000000000000000000000A3
:10BDA00000000000000000004A0000000000000049
:10BDB0000000000000000000000000000000000083
:10BDC0000000000000000000000000000000000073
:10BDD0000029DE07007B9A176008002000000000A1
:10BDE000E803000000000000C041202043000000E4
:10BDF0000000000000000000000000000000000043
:10BE000000000000000000000000000043000000EF
:10BE10000000000000000000000000000000000022
:10BE200000000000000000000000000043000000CF
:10BE30000000000000000000000000000000000002
:10BE400000000000000000000000000043000000AF
:10BE500000000000000000000000000000000000E2
:10BE6000000000000000000000000000430000008F
:10BE700000000000000000000000000000000000C2
:10BE8000000000000000000000000000430000006F
:10BE900000000000000000000000000000000000A2
:10BEA000000000000000000000000000430000004F
:10BEB0000000000000000000000000000000000082
:10BEC0000000000000000000000000004D3E0200E5
:10BED0004D69020000000000F0090020448B0020A2
:10BEE000508600205086002050860020508600207A
:10BEF000508600205086002050860020508600206A
:10BF000050860020FFFFFFFFFFFFFFFFFFFFFFFF47
:10BF1000FFFF0000010041534349490000000000B9
:10BF20000000000000000000000000000000000011
:10BF30000000000000004153434949000000000098
:10BF400000000000000000000000000000000000F1
:10BF500000000000000000000000000000000000E1
:10BF6000E8E70020E8E70020F0E70020F0E7002005
:10BF7000F8E70020F8E7002000E8002000E80020B3
:10BF800008E8002008E8002010E8002010E8002061
:10BF900018E8002018E8002020E8002020E8002011
:10BFA00028E8002028E8002030E8002030E80020C1
:10BFB00038E8002038E8002040E8002040E8002071
:10BFC00048E8002048E8002050E8002050E8002021
:10BFD00058E8002058E8002060E8002060E80020D1
:10BFE00068E8002068E8002070E8002070E8002081
:10BFF00078E8002078E8002080E8002080E8002031
:10C0000088E8002088E8002090E8002090E80020E0
:10C0100098E8002098E80020A0E80020A0E8002090
:10C02000A8E80020A8E80020B0E80020B0E8002040
:10C03000B8E80020B8E80020C0E80020C0E80020F0
:10C04000C8E80020C8E80020D0E80020D0E80020A0
:10C05000D8E80020D8E80020E0E80020E0E8002050
:10C06000E8E80020E8E80020F0E80020F0E8002000
:10C07000F8E80020F8E8002000E9002000E90020AE
:10C0800008E9002008E9002010E9002010E900205C
:10C0900018E9002018E9002020E9002020E900200C
:10C0A00028E9002028E9002030E9002030E90020BC
:10C0B00038E9002038E9002040E9002040E900206C
:10C0C00048E9002048E9002050E9002050E900201C
:10C0D00058E9002058E9002060E9002060E90020CC
:10C0E00068E9002068E9002070E9002070E900207C
:10C0F00078E9002078E9002080E9002080E900202C
:10C1000088E9002088E9002090E9002090E90020DB
:10C1100098E9002098E90020A0E90020A0E900208B
:10C12000A8E90020A8E90020B0E90020B0E900203B
:10C13000B8E90020B8E90020C0E90020C0E90020EB
:10C14000C8E90020C8E90020D0E90020D0E900209B
:10C15000D8E90020D8E90020E0E90020E0E900204B
:10C16000E8E90020E8E90020F0E90020F0E90020FB
:10C17000F8E90020F8E9002000EA002000EA0020A9
:10C1800008EA002008EA002010EA002010EA002057
:10C1900018EA002018EA002020EA002020EA002007
:10C1A00028EA002028EA002030EA002030EA0020B7
:10C1B00038EA002038EA002040EA002040EA002067
:10C1C00048EA002048EA002050EA002050EA002017
:10C1D00058EA002058EA002060EA002060EA0020C7
:10C1E00068EA002068EA002070EA002070EA002077
:10C1F00078EA002078EA002080EA002080EA002027
:10C2000088EA002088EA002090EA002090EA0020D6
:10C2100098EA002098EA0020A0EA0020A0EA002086
:10C22000A8EA0020A8EA0020B0EA0020B0EA002036
:10C23000B8EA0020B8EA0020C0EA0020C0EA0020E6
:10C24000C8EA0020C8EA0020D0EA0020D0EA002096
:10C25000D8EA0020D8EA0020E0EA0020E0EA002046
:10C26000E8EA0020E8EA0020F0EA0020F0EA0020F6
:10C27000F8EA0020F8EA002000EB002000EB0020A4
:10C2800008EB002008EB002010EB002010EB002052
:10C2900018EB002018EB002020EB002020EB002002
:10C2A00028EB002028EB002030EB002030EB0020B2
:10C2B00038EB002038EB002040EB002040EB002062
:10C2C00048EB002048EB002050EB002050EB002012
:10C2D00058EB002058EB002060EB002060EB0020C2
:10C2E00068EB002068EB002070EB002070EB002072
:10C2F00078EB002078EB002080EB002080EB002022
:10C3000088EB002088EB002090EB002090EB0020D1
:10C3100098EB002098EB0020A0EB0020A0EB002081
:10C32000A8EB0020A8EB0020B0EB0020B0EB002031
:10C33000B8EB0020B8EB0020C0EB0020C0EB0020E1
:10C34000C8EB0020C8EB0020D0EB0020D0EB002091
:10C35000D8EB0020D8EB0020E0EB0020E0EB002041
:10C36000FFFFFFFF000002000000000003000000CC
:10C37000DC010120E8E400201C0B00201C0B002045
:10C3800006FF03004000000000000000180000004D
:10C39000000000000000000001FF03000200000098
:10C3A0000000000019000000000000000000000074
:10C3B00002FF03000400000000000000170000005E
:10C3C000000000000000000003FF03000800000060
:10C3D000000000002100000000000000000000003C
:10C3E0000AFF00000004000000000000FF00000041
:10C3F000000000000100000089FF000000000000B4
:10C4000028000000000000008BFF0000000000007A
:10C410000D000000000000008AFF00000000000086
:10C42000140000000000000090FF00000000000069
:10C4300013000000000000008FFF0000000000005B
:10C4400012000000000000006D6D2F7365635E3206
:10C45000000000006D6D00006D6D2F6D696E0000B5
:10C46000737465702F6D6D00000000000100000006
:10C47000E83400600000000000000000FFFFFFFF44
:10C48000D0ED002052657365742C466565642068A4
:10C490006F6C642C4379636C652073746172742CC7
:10C4A00053616665747920646F6F722C426C6F63A0
:10C4B0006B2064656C6574652C4F7074696F6E6178
:10C4C0006C2073746F702C4553746F702C50726FA6
:10C4D000626520646973636F6E6E65637465642C56
:10C4E0004D6F746F72206661756C742C4D6F746F34
:10C4F00072207761726E696E672C4C696D69747316
:10C50000206F766572726964652C53696E676C651D
:10C51000207374657020626C6F636B732C546F6F43
:10C520006C736574746572206F766572747261766F
:10C53000656C0000466C6F6F642C4D69737400006D
:10C5400030000000185B00600000000000000000E8
:10C5500014000000F83400600000000041000000FA
:10C56000383B00600000000012010002EF020140B1
:10C57000C0168304800201020301000049676E6F48
:10C580007265207768656E2069646C652C4B656503
:10C590007020636F6F6C616E7420737461746520BA
:10C5A0006F6E20646F6F72206F70656E0000000008
:10C5B000FF00000055E7000055E70000D00A012009
:10C5C0004175746F206D6F756E74205344206361E4
:10C5D00072642C48696465204C6974746C654653B8
:10C5E0002C48696572617263686963616C206C696B
:10C5F0007374696E67000000582D417869732C5977
:10C600002D417869732C5A2D417869730000000020
:10C61000456E61626C652C456E61626C6520736964
:10C620006E676C65206178697320636F6D6D616EF4
:10C6300064732C486F6D696E67206F6E2073746130
:10C64000727475702072657175697265642C5365BA
:10C6500074206D616368696E65206F726967696EC9
:10C6600020746F20302C54776F207377697463685F
:10C67000657320736861726573206F6E6520696EE3
:10C680007075742C416C6C6F77206D616E75616C88
:10C690002C4F76657272696465206C6F636B732CC6
:10C6A0004E2F412C557365206C696D69742073772A
:10C6B0006974636865732C506572206178697320B2
:10C6C0006665656472617465732C52756E2073744F
:10C6D00061727475702073637269707473206F6E09
:10C6E0006C79206F6E20686F6D696E6720636F6D67
:10C6F000706C6574656400001E000000000000009E
:10C7000000001F00000000000002000038010120AE
:10C710000000000000000000000000000000000019
:10C7200000000000230000000000000000001E00C8
:10C730000000000000020000400101200000000095
:10C7400000000000000000000000000000000000E9
:10C75000240000000000000000001C000000000099
:10C76000000200004801012000000000000000005D
:10C770000000000000000000000000002800000091
:10C780000000000000001D0000000000000200008A
:10C790005001012000000000000000000000000027
:10C7A00000000000000000003E000000000000004B
:10C7B000000024000000000000001000880001209C
:10C7C0000000000000000000000000000000000069
:10C7D000000000003F0000000000000000002700F3
:10C7E0000000000000001000900001200000000088
:10C7F0000000000000000000000000000000000039
:10C8000040000000000000000000220000000000C6
:10C8100000001000A0000120000000000000000047
:10C8200000000000000000000000000041000000C7
:10C8300000000000000023000000000000001000C5
:10C84000A80001200000000000000000000000001F
:10C850000000000000000000420000000000000096
:10C86000000029000000000000001000B0000120BE
:10C8700000000000000000000000000000000000B8
:10C88000000000004300000000000000000026003F
:10C890000000000000001000B800012000000000AF
:10C8A0000000000000000000000000000000000088
:10C8B0004400000000000000000021000000000013
:10C8C00000001000C0000120000000000000000077
:10C8D0000000000000000000000000004500000013
:10C8E0000000000000000F00000000000000100029
:10C8F000C80001200000000000000000000000004F
:10C9000000000000000000004600000000000000E1
:10C91000000018000000000000001000D0000120FE
:10C920000000000000000000000000000000000007
:10C930000000000047000000000000000000190097
:10C940000000000000001000D800012000000000DE
:10C9500000000000000000000000000000000000D7
:10C960004800000000000000000017000000000068
:10C9700000001000980001200000000000000000EE
:10C98000000000000000000000000000280000007F
:10C9900000010400010000000000000002015749EE
:10C9A0004E5553420000000000000000000000004F
:10C9B0000000000012034D005300460054003100F7
:10C9C00030003000F8000000070000000700000001
:10C9D00001000000085B0060000000000000000093
:10C9E0000008000006000000000000000000000039
:10C9F0000000000000000000000000000000000037
:10CA00000000000000000000000000000000000026
:10CA10000000000000000000000000000000000016
:10CA20000000000000000000000000000000000006
:10CA30000000000000000000000000005E00000098
:10CA4000E01B0120050000000700000000000000BE
:10CA5000000000000000000060000000E81B012052
:10CA600002000000070000000000000000000000BD
:10CA70000000000062000000F81B01200900000017
:10CA8000070000000000000000000000000000009F
:10CA900061000000F01B01200700000007000000FB
:10CAA000000000000000000000000000690000001D
:10CAB000CC04012004000000080000000000000079
:10CAC00000000000000000006B000000D404012002
:10CAD000030000000800000000000000000000004B
:10CAE000000000006D000000E404012008000000C8
:10CAF000080000000000000000000000000000002E
:10CB00006C000000DC0401200600000008000000AA
:10CB10000000000000000000000000007F00000096
:10CB2000200501200A0000000600000000000000AF
:10CB30000000000000000000800000002805012027
:10CB40000B000000060000000000000000000000D4
:10CB50000000000081000000380501200E000000E8
:10CB600006000000000000000000000000000000BF
:10CB700080000000300501200C00000006000000CD
:10CB80000000000000000000000000009100000014
:10CB9000E000012016000000090000000000000075
:10CBA000000000000000000092000000E8000120EA
:10CBB0001A00000009000000000000000000000052
:10CBC0000000000093000000F00001201B000000A6
:10CBD000090000000000000000000000000000004C
:10CBE00094000000F8000120280000000900000067
:10CBF00000000000000000000000000095000000A0
:10CC000000010120140000000900000000000000E5
:10CC10000000000000000000960000000801012054
:10CC20000D000000090000000000000000000000EE
:10CC30000000000097000000100101201300000018
:10CC400009000000000000000000000000000000DB
:10CC500098000000180101201200000009000000E7
:10CC600000000000000000000000000000000000C4
:10CC700000000000000000000000000000000000B4
:10CC800000000000000000000000000000000000A4
:10CC90000000000000000000000000000000000094
:10CCA0000000000000000000000000000000000084
:10CCB0000000000000000000000000000000000074
:10CCC0000000000000000000000000000000000064
:10CCD0000000000000000000000000000000000054
:10CCE0000000000000000000000000000000000044
:10CCF0000000000000000000000000000000000034
:10CD00000000000000000000000000000000000023
:10CD10000000000000000000000000000000000013
:10CD20000700FFFFFFFF00000800565D0000000045
:10CD300000000000000000000000000000000000F3
:10CD400000000000000000000100000000000000E2
:10CD500000000000000000000000000000000000D3
:10CD600000000000000000000000000000000000C3
:10CD700000000000000000000000000000000000B3
:10CD800000000000000000000000000000000000A3
:10CD90000000000000000000000000000000000093
:10CDA0000000000000000000000000000000000083
:10CDB0000000000000000000000000000000000073
:10CDC0000000000000000000000000000000000063
:10CDD0000000000000000000000000000000000053
:10CDE0000000000000000000000000000000000043
:10CDF0000000000000000000000000000700FFFF2E
:10CE0000FFFF00000800A9B00000000000000000C3
:10CE10000000000000000000000000000000000012
:10CE20000000000002000000000000000000000000
:10CE300000000000000000000000000000000000F2
:10CE400000000000000000000000000000000000E2
:10CE500000000000000000000000000000000000D2
:10CE600000000000000000000000000000000000C2
:10CE700000000000000000000000000000000000B2
:10CE800000000000000000000000000000000000A2
:10CE90000000000000000000000000000000000092
:10CEA0000000000000000000000000000000000082
:10CEB0000000000000000000000000000000000072
:10CEC0000000000000000000000000000000000062
:10CED00000000000000000001700FFFFFFFF00003F
:10CEE00018003E5500000000000000000000000097
:10CEF0000000000000000000000000000000000032
:10CF0000030000000000000000000000000000001E
:10CF10000000000000000000000000000000000011
:10CF20000000000000000000000000000000000001
:10CF300000000000000000000000000000000000F1
:10CF400000000000000000000000000000000000E1
:10CF500000000000000000000000000000000000D1
:10CF600000000000000000000000000000000000C1
:10CF700000000000000000000000000000000000B1
:10CF800000000000000000000000000000000000A1
:10CF90000000000000000000000000000000000091
:10CFA0000000000000000000000000000000000081
:10CFB000000000001700FFFFFFFF0000180091A80D
:10CFC0000000000000000000000000000000000061
:10CFD00000000000000000000000000050726F62BE
:10CFE000652C546F6F6C7365747465722C50726F1E
:10CFF0006265203200000000416C6C6F772066652E
:10D000006564206F766572726964652C4170706C1E
:10D010007920736F6674206C696D6974732C4E2F60
:10D02000412C4175746F2073656C65637420746F57
:10D030006F6C7365747465722C4175746F207365C1
:10D040006C6563742070726F626520322C50726F51
:10D0500062652070726F74656374696F6E000000A2
:10D060000000000000000000000000000000803F01
:10D070000000803F0000803F00001500E92A0060AA
:10D0800035B8010015B8010000011500792A0060CB
:10D0900035B8010015B8010001130000245A0060E2
:10D0A00064000000644700606600000034440060D3
:10D0B0000000000000000000E54401000000000046
:10D0C000000000000000000000000000010100005E
:10D0D000487C002002000000547C00200200000078
:10D0E000B47C00200000000000000000E5440100C6
:10D0F0000000000000000000000000000000000030
:10D1000028F900205370696E646C6520656E616259
:10D110006C652C5370696E646C652064697265631C
:10D1200074696F6E2C50574D000000006D70010047
:10D130000000000000C2010000000000000000002C
:10D1400000C201000000000060F2002002000000A8
:10D1500008F90020000000000C030000000000009F
:10D160000000000000000000000000000000FF00C0
:10D1700000000000000000000000000000000000AF
:10D18000000000000000000000000000000000009F
:10D19000000000000000000000000000000000008F
:10D1A000000000000000000000000000000000007F
:10D1B000000000000000000000000000000000006F
:10D1C000000000000000000000000000000000005F
:10D1D000000000000000000000000000000000004F
:10D1E000000000000000000000000000000000003F
:10D1F000000000000000000000000000000000002F
:10D20000000000000000000000000000000000001E
:10D21000000000000000000000000000000000000E
:10D2200000000000000000000000000000000000FE
:10D2300000000000000000000000000000000000EE
:10D2400000000000000000000000000000000000DE
:10D2500000000000000000000000000000000000CE
:10D2600000000000000000000000000000000000BE
:10D2700000000000000000000000000000000000AE
:10D28000000000000000000000000000000000009E
:10D29000000000000000000000000000000000008E
:10D2A000000000000000000000000000000000007E
:10D2B000000000000000000000000000000000006E
:10D2C000000000000000000000000000000000005E
:10D2D000000000000000000000000000000000004E
:10D2E000000000000000000000000000000000003E
:10D2F000000000000000000000000000000000002E
:10D30000000000000000000000000000000000001D
:10D31000000000000000000000000000000000000D
:10D3200000000000000000000000000000000000FD
:10D3300000000000000000000000000000000000ED
:10D3400000000000000000000000000000000000DD
:10D3500000000000000000000000000000000000CD
:10D3600000000000000000000000000000000000BD
:10D3700000000000000000000000000000000000AD
:10D38000000000000000000000000000000000009D
:10D39000000000000000000000000000000000008D
:10D3A000000000000000000000000000000000007D
:10D3B000000000000000000000000000000000006D
:10D3C000000000000000000000000000000000005D
:10D3D000000000000000000000000000000000004D
:10D3E000000000000000000000000000000000003D
:10D3F000000000000000000000000000000000002D
:10D40000000000000000000000000000000000001C
:10D41000000000000000000000000000000000000C
:10D4200000000000000000000000000000000000FC
:10D4300000000000000000000000000000000000EC
:10D4400000000000000000000000000000000000DC
:10D4500000000000000000000000000000000000CC
:10D4600000000000000000000000000000000000BC
:10D4700000000000000000000000000000000000AC
:10D48000000000000000000000000000000000009C
:10D49000000000000000000000000000000000008C
:10D4A000000000000000000000000000000000007C
:10D4B000000000000000000000000000000000006C
:10D4C000000000000000000000000000000000005C
:10D4D000000000000000000000000000000000004C
:10D4E000000000000000000000000000000000003C
:10D4F000000000000000000000000000000000002C
:10D50000000000000000000000000000000000001B
:10D51000000000000000000000000000000000000B
:10D5200000000000000000000000000000000000FB
:10D5300000000000000000000000000000000000EB
:10D5400000000000000000000000000000000000DB
:10D5500000000000000000000000000000000000CB
:10D5600000000000000000000000000000000000BB
:10D5700000000000000000000000000000000000AB
:10D58000000000000000000000000000000000009B
:10D59000000000000000000000000000000000008B
:10D5A000000000000000000000000000000000007B
:10D5B000000000000000000000000000000000006B
:10D5C000000000000000000000000000000000005B
:10D5D000000000000000000000000000000000004B
:10D5E000000000000000000000000000000000003B
:10D5F000000000000000000000000000000000002B
:10D60000000000000000000000000000000000001A
:10D61000000000000000000000000000000000000A
:10D6200000000000000000000000000000000000FA
:10D63000FFFFFFFFFFFFFFFFFFFFFFFFFFFFFFFFFA
:10D64000FFFFFFFFFFFFFFFFFFFFFFFFFFFFFFFFEA
:10D65000FFFFFFFFFFFFFFFFFFFFFFFFFFFFFFFFDA
:10D66000FFFFFFFFFFFFFFFFFFFFFFFFFFFFFFFFCA
:10D67000FFFFFFFFFFFFFFFFFFFFFFFFFFFFFFFFBA
:10D68000FFFFFFFFFFFFFFFFFFFFFFFFFFFFFFFFAA
:10D69000FFFFFFFFFFFFFFFFFFFFFFFFFFFFFFFF9A
:10D6A000FFFFFFFFFFFFFFFFFFFFFFFFFFFFFFFF8A
:10D6B000FFFFFFFFFFFFFFFFFFFFFFFFFFFFFFFF7A
:10D6C000FFFFFFFFFFFFFFFFFFFFFFFFFFFFFFFF6A
:10D6D000FFFFFFFFFFFFFFFFFFFFFFFFFFFFFFFF5A
:10D6E000FFFFFFFFFFFFFFFFFFFFFFFFFFFFFFFF4A
:10D6F000FFFFFFFFFFFFFFFFFFFFFFFFFFFFFFFF3A
:10D70000FFFFFFFFFFFFFFFFFFFFFFFFFFFFFFFF29
:10D71000FFFFFFFFFFFFFFFFFFFFFFFFFFFFFFFF19
:10D72000FFFFFFFFFFFFFFFFFFFFFFFFFFFFFFFF09
:10D73000FFFFFFFFFFFFFFFFFFFFFFFFFFFFFFFFF9
:10D74000FFFFFFFFFFFFFFFFFFFFFFFFFFFFFFFFE9
:10D75000FFFFFFFFFFFFFFFFFFFFFFFFFFFFFFFFD9
:10D76000FFFFFFFFFFFFFFFFFFFFFFFFFFFFFFFFC9
:10D77000FFFFFFFFFFFFFFFFFFFFFFFFFFFFFFFFB9
:10D78000FFFFFFFFFFFFFFFFFFFFFFFFFFFFFFFFA9
:10D79000FFFFFFFFFFFFFFFFFFFFFFFFFFFFFFFF99
:10D7A000FFFFFFFFFFFFFFFFFFFFFFFFFFFFFFFF89
:10D7B000FFFFFFFFFFFFFFFFFFFFFFFFFFFFFFFF79
:10D7C000FFFFFFFFFFFFFFFFFFFFFFFFFFFFFFFF69
:10D7D000FFFFFFFFFFFFFFFFFFFFFFFFFFFFFFFF59
:10D7E000FFFFFFFFFFFFFFFFFFFFFFFFFFFFFFFF49
:10D7F000FFFFFFFFFFFFFFFFFFFFFFFFFFFFFFFF39
:10D800000000000000000000000000000000000018
:10D810000000000000000000000000000000000008
:10D8200000000000000000000000000000000000F8
:10D8300000000000000000000000000000000000E8
:10D8400000000000000000000000000000000000D8
:10D8500000000000000000000000000000000000C8
:10D8600000000000000000000000000000000000B8
:10D8700000000000000000000000000000000000A8
:10D880000000000000000000000000000000000098
:10D890000000000000000000000000000000000088
:10D8A0000000000000000000000000000000000078
:10D8B0000000000000000000000000000000000068
:10D8C0000000000000000000000000000000000058
:10D8D0000000000000000000000000000000000048
:10D8E0000000000000000000000000000000000038
:10D8F0000000000000000000000000000000000028
:10D900000000000000000000000000000000000017
:10D910000000000000000000000000000000000007
:10D9200000000000000000000000000000000000F7
:10D9300000000000000000000000000000000000E7
:10D9400000000000000000000000000000000000D7
:10D9500000000000000000000000000000000000C7
:10D9600000000000000000000000000000000000B7
:10D9700000000000000000000000000000000000A7
:10D980000000000000000000000000000000000097
:10D990000000000000000000000000000000000087
:10D9A0000000000000000000000000000000000077
:10D9B0000000000000000000000000000000000067
:10D9C0000000000000000000000000000000000057
:10D9D0000000000000000000000000000000000047
:10D9E0000000000000000000000000000000000037
:10D9F0000000000000000000000000000000000027
:10DA00000000000000000000000000000000000016
:10DA10000000000000000000000000000000000006
:10DA200000000000000000000000000000000000F6
:10DA300000000000000000000000000000000000E6
:10DA400000000000000000000000000000000000D6
:10DA500000000000000000000000000000000000C6
:10DA600000000000000000000000000000000000B6
:10DA700000000000000000000000000000000000A6
:10DA80000000000000000000000000000000000096
:10DA90000000000000000000000000000000000086
:10DAA0000000000000000000000000000000000076
:10DAB0000000000000000000000000000000000066
:10DAC0000000000000000000000000000000000056
:10DAD0000000000000000000000000000000000046
:10DAE0000000000000000000000000000000000036
:10DAF0000000000000000000000000000000000026
:10DB00000000000000000000000000000000000015
:10DB10000000000000000000000000000000000005
:10DB200000000000000000000000000000000000F5
:10DB300000000000000000000000000000000000E5
:10DB400000000000000000000000000000000000D5
:10DB500000000000000000000000000000000000C5
:10DB600000000000000000000000000000000000B5
:10DB700000000000000000000000000000000000A5
:10DB80000000000000000000000000000000000095
:10DB90000000000000000000000000000000000085
:10DBA0000000000000000000000000000000000075
:10DBB0000000000000000000000000000000000065
:10DBC0000000000000000000000000000000000055
:10DBD0000000000000000000000000000000000045
:10DBE0000000000000000000000000000000000035
:10DBF0000000000000000000000000000000000025
:10DC00000000000000000000000000000000000014
:10DC10000000000000000000000000000000000004
:10DC200000000000000000000000000000000000F4
:10DC300000000000000000000000000000000000E4
:10DC400000000000000000000000000000000000D4
:10DC500000000000000000000000000000000000C4
:10DC600000000000000000000000000000000000B4
:10DC700000000000000000000000000000000000A4
:10DC80000000000000000000000000000000000094
:10DC90000000000000000000000000000000000084
:10DCA0000000000000000000000000000000000074
:10DCB0000000000000000000000000000000000064
:10DCC0000000000000000000000000000000000054
:10DCD0000000000000000000000000000000000044
:10DCE0000000000000000000000000000000000034
:10DCF0000000000000000000000000000000000024
:10DD00000000000000000000000000000000000013
:10DD10000000000000000000000000000000000003
:10DD200000000000000000000000000000000000F3
:10DD300000000000000000000000000000000000E3
:10DD400000000000000000000000000000000000D3
:10DD500000000000000000000000000000000000C3
:10DD600000000000000000000000000000000000B3
:10DD700000000000000000000000000000000000A3
:10DD80000000000000000000000000000000000093
:10DD90000000000000000000000000000000000083
:10DDA0000000000000000000000000000000000073
:10DDB0000000000000000000000000000000000063
:10DDC0000000000000000000000000000000000053
:10DDD0000000000000000000000000000000000043
:10DDE0000000000000000000000000000000000033
:10DDF0000000000000000000000000000000000023
:10DE00000000000000000000000000000000000012
:10DE10000000000000000000000000000000000002
:10DE200000000000000000000000000000000000F2
:10DE300000000000000000000000000000000000E2
:10DE400000000000000000000000000000000000D2
:10DE500000000000000000000000000000000000C2
:10DE600000000000000000000000000000000000B2
:10DE700000000000000000000000000000000000A2
:10DE80000000000000000000000000000000000092
:10DE90000000000000000000000000000000000082
:10DEA0000000000000000000000000000000000072
:10DEB0000000000000000000000000000000000062
:10DEC0000000000000000000000000000000000052
:10DED0000000000000000000000000000000000042
:10DEE0000000000000000000000000000000000032
:10DEF0000000000000000000000000000000000022
:10DF00000000000000000000000000000000000011
:10DF10000000000000000000000000000000000001
:10DF200000000000000000000000000000000000F1
:10DF300000000000000000000000000000000000E1
:10DF400000000000000000000000000000000000D1
:10DF500000000000000000000000000000000000C1
:10DF600000000000000000000000000000000000B1
:10DF700000000000000000000000000000000000A1
:10DF80000000000000000000000000000000000091
:10DF90000000000000000000000000000000000081
:10DFA0000000000000000000000000000000000071
:10DFB0000000000000000000000000000000000061
:10DFC0000000000000000000000000000000000051
:10DFD0000000000000000000000000000000000041
:10DFE0000000000000000000000000000000000031
:10DFF0000000000000000000000000000000000021
:10E000000000000000000000000000000000000010
:10E010000000000000000000000000000000000000
:10E0200000000000000000000000000000000000F0
:10E0300000000000000000000000000000000000E0
:10E0400000000000000000000000000000000000D0
:10E0500000000000000000000000000000000000C0
:10E0600000000000000000000000000000000000B0
:10E0700000000000000000000000000000000000A0
:10E080000000000000000000000000000000000090
:10E090000000000000000000000000000000000080
:10E0A0000000000000000000000000000000000070
:10E0B0000000000000000000000000000000000060
:10E0C0000000000000000000000000000000000050
:10E0D0000000000000000000000000000000000040
:10E0E0000000000000000000000000000000000030
:10E0F0000000000000000000000000000000000020
:10E10000000000000000000000000000000000000F
:10E1100000000000000000000000000000000000FF
:10E1200000000000000000000000000000000000EF
:10E1300000000000000000000000000000000000DF
:10E1400000000000000000000000000000000000CF
:10E1500000000000000000000000000000000000BF
:10E1600000000000000000000000000000000000AF
:10E17000000000000000000000000000000000009F
:10E18000000000000000000000000000000000008F
:10E19000000000000000000000000000000000007F
:10E1A000000000000000000000000000000000006F
:10E1B000000000000000000000000000000000005F
:10E1C000000000000000000000000000000000004F
:10E1D000000000000000000000000000000000003F
:10E1E000000000000000000000000000000000002F
:10E1F000000000000000000000000000000000001F
:10E20000000000000000000000000000000000000E
:10E2100000000000000000000000000000000000FE
:10E2200000000000000000000000000000000000EE
:10E2300000000000000000000000000000000000DE
:10E2400000000000000000000000000000000000CE
:10E2500000000000000000000000000000000000BE
:10E2600000000000000000000000000000000000AE
:10E27000000000000000000000000000000000009E
:10E28000000000000000000000000000000000008E
:10E29000000000000000000000000000000000007E
:10E2A000000000000000000000000000000000006E
:10E2B000000000000000000000000000000000005E
:10E2C000000000000000000000000000000000004E
:10E2D000000000000000000000000000000000003E
:10E2E000000000000000000000000000000000002E
:10E2F000000000000000000000000000000000001E
:10E30000000000000000000000000000000000000D
:10E3100000000000000000000000000000000000FD
:10E3200000000000000000000000000000000000ED
:10E3300000000000000000000000000000000000DD
:10E3400000000000000000000000000000000000CD
:10E3500000000000000000000000000000000000BD
:10E3600000000000000000000000000000000000AD
:10E37000000000000000000000000000000000009D
:10E38000000000000000000000000000000000008D
:10E39000000000000000000000000000000000007D
:10E3A000000000000000000000000000000000006D
:10E3B000000000000000000000000000000000005D
:10E3C000000000000000000000000000000000004D
:10E3D000000000000000000000000000000000003D
:10E3E000000000000000000000000000000000002D
:10E3F000000000000000000000000000000000001D
:040000056000100087
:00000001FF
