:0200000460009A
:100000004643464200000156000000000101020084
:1000100000000000000000000000000000000000E0
:1000200000000000000000000000000000000000D0
:1000300000000000000000000000000000000000C0
:1000400000000000010406010000000000000000A4
:100050000000800000000000000000000000000020
:100060000000000000000000000000000000000090
:100070000000000000000000000000000000000080
:10008000EB04180AFF1E04320126000000000000E5
:100090000000000000000000000000000000000060
:1000A0000000000000000000000000000000000050
:1000B0000000000000000000000000000000000040
:1000C0000000000000000000000000000000000030
:1000D0000000000000000000000000000000000020
:1000E0000000000000000000000000000000000010
:1000F0000000000000000000000000000000000000
:1001000000000000000000000000000000000000EF
:1001100000000000000000000000000000000000DF
:1001200000000000000000000000000000000000CF
:1001300000000000000000000000000000000000BF
:1001400000000000000000000000000000000000AF
:10015000000000000000000000000000000000009F
:10016000000000000000000000000000000000008F
:10017000000000000000000000000000000000007F
:10018000000000000000000000000000000000006F
:10019000000000000000000000000000000000005F
:1001A000000000000000000000000000000000004F
:1001B000000000000000000000000000000000003F
:1001C000000100000010000001000000000000001D
:1001D000000001000000000000000000000000001E
:1001E000000000000000000000000000000000000F
:1001F00000000000000000000000000000000000FF
:10020000FFFFFFFFFFFFFFFFFFFFFFFFFFFFFFFFFE
:10021000FFFFFFFFFFFFFFFFFFFFFFFFFFFFFFFFEE
:10022000FFFFFFFFFFFFFFFFFFFFFFFFFFFFFFFFDE
:10023000FFFFFFFFFFFFFFFFFFFFFFFFFFFFFFFFCE
:10024000FFFFFFFFFFFFFFFFFFFFFFFFFFFFFFFFBE
:10025000FFFFFFFFFFFFFFFFFFFFFFFFFFFFFFFFAE
:10026000FFFFFFFFFFFFFFFFFFFFFFFFFFFFFFFF9E
:10027000FFFFFFFFFFFFFFFFFFFFFFFFFFFFFFFF8E
:10028000FFFFFFFFFFFFFFFFFFFFFFFFFFFFFFFF7E
:10029000FFFFFFFFFFFFFFFFFFFFFFFFFFFFFFFF6E
:1002A000FFFFFFFFFFFFFFFFFFFFFFFFFFFFFFFF5E
:1002B000FFFFFFFFFFFFFFFFFFFFFFFFFFFFFFFF4E
:1002C000FFFFFFFFFFFFFFFFFFFFFFFFFFFFFFFF3E
:1002D000FFFFFFFFFFFFFFFFFFFFFFFFFFFFFFFF2E
:1002E000FFFFFFFFFFFFFFFFFFFFFFFFFFFFFFFF1E
:1002F000FFFFFFFFFFFFFFFFFFFFFFFFFFFFFFFF0E
:10030000FFFFFFFFFFFFFFFFFFFFFFFFFFFFFFFFFD
:10031000FFFFFFFFFFFFFFFFFFFFFFFFFFFFFFFFED
:10032000FFFFFFFFFFFFFFFFFFFFFFFFFFFFFFFFDD
:10033000FFFFFFFFFFFFFFFFFFFFFFFFFFFFFFFFCD
:10034000FFFFFFFFFFFFFFFFFFFFFFFFFFFFFFFFBD
:10035000FFFFFFFFFFFFFFFFFFFFFFFFFFFFFFFFAD
:10036000FFFFFFFFFFFFFFFFFFFFFFFFFFFFFFFF9D
:10037000FFFFFFFFFFFFFFFFFFFFFFFFFFFFFFFF8D
:10038000FFFFFFFFFFFFFFFFFFFFFFFFFFFFFFFF7D
:10039000FFFFFFFFFFFFFFFFFFFFFFFFFFFFFFFF6D
:1003A000FFFFFFFFFFFFFFFFFFFFFFFFFFFFFFFF5D
:1003B000FFFFFFFFFFFFFFFFFFFFFFFFFFFFFFFF4D
:1003C000FFFFFFFFFFFFFFFFFFFFFFFFFFFFFFFF3D
:1003D000FFFFFFFFFFFFFFFFFFFFFFFFFFFFFFFF2D
:1003E000FFFFFFFFFFFFFFFFFFFFFFFFFFFFFFFF1D
:1003F000FFFFFFFFFFFFFFFFFFFFFFFFFFFFFFFF0D
:10040000FFFFFFFFFFFFFFFFFFFFFFFFFFFFFFFFFC
:10041000FFFFFFFFFFFFFFFFFFFFFFFFFFFFFFFFEC
:10042000FFFFFFFFFFFFFFFFFFFFFFFFFFFFFFFFDC
:10043000FFFFFFFFFFFFFFFFFFFFFFFFFFFFFFFFCC
:10044000FFFFFFFFFFFFFFFFFFFFFFFFFFFFFFFFBC
:10045000FFFFFFFFFFFFFFFFFFFFFFFFFFFFFFFFAC
:10046000FFFFFFFFFFFFFFFFFFFFFFFFFFFFFFFF9C
:10047000FFFFFFFFFFFFFFFFFFFFFFFFFFFFFFFF8C
:10048000FFFFFFFFFFFFFFFFFFFFFFFFFFFFFFFF7C
:10049000FFFFFFFFFFFFFFFFFFFFFFFFFFFFFFFF6C
:1004A000FFFFFFFFFFFFFFFFFFFFFFFFFFFFFFFF5C
:1004B000FFFFFFFFFFFFFFFFFFFFFFFFFFFFFFFF4C
:1004C000FFFFFFFFFFFFFFFFFFFFFFFFFFFFFFFF3C
:1004D000FFFFFFFFFFFFFFFFFFFFFFFFFFFFFFFF2C
:1004E000FFFFFFFFFFFFFFFFFFFFFFFFFFFFFFFF1C
:1004F000FFFFFFFFFFFFFFFFFFFFFFFFFFFFFFFF0C
:10050000FFFFFFFFFFFFFFFFFFFFFFFFFFFFFFFFFB
:10051000FFFFFFFFFFFFFFFFFFFFFFFFFFFFFFFFEB
:10052000FFFFFFFFFFFFFFFFFFFFFFFFFFFFFFFFDB
:10053000FFFFFFFFFFFFFFFFFFFFFFFFFFFFFFFFCB
:10054000FFFFFFFFFFFFFFFFFFFFFFFFFFFFFFFFBB
:10055000FFFFFFFFFFFFFFFFFFFFFFFFFFFFFFFFAB
:10056000FFFFFFFFFFFFFFFFFFFFFFFFFFFFFFFF9B
:10057000FFFFFFFFFFFFFFFFFFFFFFFFFFFFFFFF8B
:10058000FFFFFFFFFFFFFFFFFFFFFFFFFFFFFFFF7B
:10059000FFFFFFFFFFFFFFFFFFFFFFFFFFFFFFFF6B
:1005A000FFFFFFFFFFFFFFFFFFFFFFFFFFFFFFFF5B
:1005B000FFFFFFFFFFFFFFFFFFFFFFFFFFFFFFFF4B
:1005C000FFFFFFFFFFFFFFFFFFFFFFFFFFFFFFFF3B
:1005D000FFFFFFFFFFFFFFFFFFFFFFFFFFFFFFFF2B
:1005E000FFFFFFFFFFFFFFFFFFFFFFFFFFFFFFFF1B
:1005F000FFFFFFFFFFFFFFFFFFFFFFFFFFFFFFFF0B
:10060000FFFFFFFFFFFFFFFFFFFFFFFFFFFFFFFFFA
:10061000FFFFFFFFFFFFFFFFFFFFFFFFFFFFFFFFEA
:10062000FFFFFFFFFFFFFFFFFFFFFFFFFFFFFFFFDA
:10063000FFFFFFFFFFFFFFFFFFFFFFFFFFFFFFFFCA
:10064000FFFFFFFFFFFFFFFFFFFFFFFFFFFFFFFFBA
:10065000FFFFFFFFFFFFFFFFFFFFFFFFFFFFFFFFAA
:10066000FFFFFFFFFFFFFFFFFFFFFFFFFFFFFFFF9A
:10067000FFFFFFFFFFFFFFFFFFFFFFFFFFFFFFFF8A
:10068000FFFFFFFFFFFFFFFFFFFFFFFFFFFFFFFF7A
:10069000FFFFFFFFFFFFFFFFFFFFFFFFFFFFFFFF6A
:1006A000FFFFFFFFFFFFFFFFFFFFFFFFFFFFFFFF5A
:1006B000FFFFFFFFFFFFFFFFFFFFFFFFFFFFFFFF4A
:1006C000FFFFFFFFFFFFFFFFFFFFFFFFFFFFFFFF3A
:1006D000FFFFFFFFFFFFFFFFFFFFFFFFFFFFFFFF2A
:1006E000FFFFFFFFFFFFFFFFFFFFFFFFFFFFFFFF1A
:1006F000FFFFFFFFFFFFFFFFFFFFFFFFFFFFFFFF0A
:10070000FFFFFFFFFFFFFFFFFFFFFFFFFFFFFFFFF9
:10071000FFFFFFFFFFFFFFFFFFFFFFFFFFFFFFFFE9
:10072000FFFFFFFFFFFFFFFFFFFFFFFFFFFFFFFFD9
:10073000FFFFFFFFFFFFFFFFFFFFFFFFFFFFFFFFC9
:10074000FFFFFFFFFFFFFFFFFFFFFFFFFFFFFFFFB9
:10075000FFFFFFFFFFFFFFFFFFFFFFFFFFFFFFFFA9
:10076000FFFFFFFFFFFFFFFFFFFFFFFFFFFFFFFF99
:10077000FFFFFFFFFFFFFFFFFFFFFFFFFFFFFFFF89
:10078000FFFFFFFFFFFFFFFFFFFFFFFFFFFFFFFF79
:10079000FFFFFFFFFFFFFFFFFFFFFFFFFFFFFFFF69
:1007A000FFFFFFFFFFFFFFFFFFFFFFFFFFFFFFFF59
:1007B000FFFFFFFFFFFFFFFFFFFFFFFFFFFFFFFF49
:1007C000FFFFFFFFFFFFFFFFFFFFFFFFFFFFFFFF39
:1007D000FFFFFFFFFFFFFFFFFFFFFFFFFFFFFFFF29
:1007E000FFFFFFFFFFFFFFFFFFFFFFFFFFFFFFFF19
:1007F000FFFFFFFFFFFFFFFFFFFFFFFFFFFFFFFF09
:10080000FFFFFFFFFFFFFFFFFFFFFFFFFFFFFFFFF8
:10081000FFFFFFFFFFFFFFFFFFFFFFFFFFFFFFFFE8
:10082000FFFFFFFFFFFFFFFFFFFFFFFFFFFFFFFFD8
:10083000FFFFFFFFFFFFFFFFFFFFFFFFFFFFFFFFC8
:10084000FFFFFFFFFFFFFFFFFFFFFFFFFFFFFFFFB8
:10085000FFFFFFFFFFFFFFFFFFFFFFFFFFFFFFFFA8
:10086000FFFFFFFFFFFFFFFFFFFFFFFFFFFFFFFF98
:10087000FFFFFFFFFFFFFFFFFFFFFFFFFFFFFFFF88
:10088000FFFFFFFFFFFFFFFFFFFFFFFFFFFFFFFF78
:10089000FFFFFFFFFFFFFFFFFFFFFFFFFFFFFFFF68
:1008A000FFFFFFFFFFFFFFFFFFFFFFFFFFFFFFFF58
:1008B000FFFFFFFFFFFFFFFFFFFFFFFFFFFFFFFF48
:1008C000FFFFFFFFFFFFFFFFFFFFFFFFFFFFFFFF38
:1008D000FFFFFFFFFFFFFFFFFFFFFFFFFFFFFFFF28
:1008E000FFFFFFFFFFFFFFFFFFFFFFFFFFFFFFFF18
:1008F000FFFFFFFFFFFFFFFFFFFFFFFFFFFFFFFF08
:10090000FFFFFFFFFFFFFFFFFFFFFFFFFFFFFFFFF7
:10091000FFFFFFFFFFFFFFFFFFFFFFFFFFFFFFFFE7
:10092000FFFFFFFFFFFFFFFFFFFFFFFFFFFFFFFFD7
:10093000FFFFFFFFFFFFFFFFFFFFFFFFFFFFFFFFC7
:10094000FFFFFFFFFFFFFFFFFFFFFFFFFFFFFFFFB7
:10095000FFFFFFFFFFFFFFFFFFFFFFFFFFFFFFFFA7
:10096000FFFFFFFFFFFFFFFFFFFFFFFFFFFFFFFF97
:10097000FFFFFFFFFFFFFFFFFFFFFFFFFFFFFFFF87
:10098000FFFFFFFFFFFFFFFFFFFFFFFFFFFFFFFF77
:10099000FFFFFFFFFFFFFFFFFFFFFFFFFFFFFFFF67
:1009A000FFFFFFFFFFFFFFFFFFFFFFFFFFFFFFFF57
:1009B000FFFFFFFFFFFFFFFFFFFFFFFFFFFFFFFF47
:1009C000FFFFFFFFFFFFFFFFFFFFFFFFFFFFFFFF37
:1009D000FFFFFFFFFFFFFFFFFFFFFFFFFFFFFFFF27
:1009E000FFFFFFFFFFFFFFFFFFFFFFFFFFFFFFFF17
:1009F000FFFFFFFFFFFFFFFFFFFFFFFFFFFFFFFF07
:100A0000FFFFFFFFFFFFFFFFFFFFFFFFFFFFFFFFF6
:100A1000FFFFFFFFFFFFFFFFFFFFFFFFFFFFFFFFE6
:100A2000FFFFFFFFFFFFFFFFFFFFFFFFFFFFFFFFD6
:100A3000FFFFFFFFFFFFFFFFFFFFFFFFFFFFFFFFC6
:100A4000FFFFFFFFFFFFFFFFFFFFFFFFFFFFFFFFB6
:100A5000FFFFFFFFFFFFFFFFFFFFFFFFFFFFFFFFA6
:100A6000FFFFFFFFFFFFFFFFFFFFFFFFFFFFFFFF96
:100A7000FFFFFFFFFFFFFFFFFFFFFFFFFFFFFFFF86
:100A8000FFFFFFFFFFFFFFFFFFFFFFFFFFFFFFFF76
:100A9000FFFFFFFFFFFFFFFFFFFFFFFFFFFFFFFF66
:100AA000FFFFFFFFFFFFFFFFFFFFFFFFFFFFFFFF56
:100AB000FFFFFFFFFFFFFFFFFFFFFFFFFFFFFFFF46
:100AC000FFFFFFFFFFFFFFFFFFFFFFFFFFFFFFFF36
:100AD000FFFFFFFFFFFFFFFFFFFFFFFFFFFFFFFF26
:100AE000FFFFFFFFFFFFFFFFFFFFFFFFFFFFFFFF16
:100AF000FFFFFFFFFFFFFFFFFFFFFFFFFFFFFFFF06
:100B0000FFFFFFFFFFFFFFFFFFFFFFFFFFFFFFFFF5
:100B1000FFFFFFFFFFFFFFFFFFFFFFFFFFFFFFFFE5
:100B2000FFFFFFFFFFFFFFFFFFFFFFFFFFFFFFFFD5
:100B3000FFFFFFFFFFFFFFFFFFFFFFFFFFFFFFFFC5
:100B4000FFFFFFFFFFFFFFFFFFFFFFFFFFFFFFFFB5
:100B5000FFFFFFFFFFFFFFFFFFFFFFFFFFFFFFFFA5
:100B6000FFFFFFFFFFFFFFFFFFFFFFFFFFFFFFFF95
:100B7000FFFFFFFFFFFFFFFFFFFFFFFFFFFFFFFF85
:100B8000FFFFFFFFFFFFFFFFFFFFFFFFFFFFFFFF75
:100B9000FFFFFFFFFFFFFFFFFFFFFFFFFFFFFFFF65
:100BA000FFFFFFFFFFFFFFFFFFFFFFFFFFFFFFFF55
:100BB000FFFFFFFFFFFFFFFFFFFFFFFFFFFFFFFF45
:100BC000FFFFFFFFFFFFFFFFFFFFFFFFFFFFFFFF35
:100BD000FFFFFFFFFFFFFFFFFFFFFFFFFFFFFFFF25
:100BE000FFFFFFFFFFFFFFFFFFFFFFFFFFFFFFFF15
:100BF000FFFFFFFFFFFFFFFFFFFFFFFFFFFFFFFF05
:100C0000FFFFFFFFFFFFFFFFFFFFFFFFFFFFFFFFF4
:100C1000FFFFFFFFFFFFFFFFFFFFFFFFFFFFFFFFE4
:100C2000FFFFFFFFFFFFFFFFFFFFFFFFFFFFFFFFD4
:100C3000FFFFFFFFFFFFFFFFFFFFFFFFFFFFFFFFC4
:100C4000FFFFFFFFFFFFFFFFFFFFFFFFFFFFFFFFB4
:100C5000FFFFFFFFFFFFFFFFFFFFFFFFFFFFFFFFA4
:100C6000FFFFFFFFFFFFFFFFFFFFFFFFFFFFFFFF94
:100C7000FFFFFFFFFFFFFFFFFFFFFFFFFFFFFFFF84
:100C8000FFFFFFFFFFFFFFFFFFFFFFFFFFFFFFFF74
:100C9000FFFFFFFFFFFFFFFFFFFFFFFFFFFFFFFF64
:100CA000FFFFFFFFFFFFFFFFFFFFFFFFFFFFFFFF54
:100CB000FFFFFFFFFFFFFFFFFFFFFFFFFFFFFFFF44
:100CC000FFFFFFFFFFFFFFFFFFFFFFFFFFFFFFFF34
:100CD000FFFFFFFFFFFFFFFFFFFFFFFFFFFFFFFF24
:100CE000FFFFFFFFFFFFFFFFFFFFFFFFFFFFFFFF14
:100CF000FFFFFFFFFFFFFFFFFFFFFFFFFFFFFFFF04
:100D0000FFFFFFFFFFFFFFFFFFFFFFFFFFFFFFFFF3
:100D1000FFFFFFFFFFFFFFFFFFFFFFFFFFFFFFFFE3
:100D2000FFFFFFFFFFFFFFFFFFFFFFFFFFFFFFFFD3
:100D3000FFFFFFFFFFFFFFFFFFFFFFFFFFFFFFFFC3
:100D4000FFFFFFFFFFFFFFFFFFFFFFFFFFFFFFFFB3
:100D5000FFFFFFFFFFFFFFFFFFFFFFFFFFFFFFFFA3
:100D6000FFFFFFFFFFFFFFFFFFFFFFFFFFFFFFFF93
:100D7000FFFFFFFFFFFFFFFFFFFFFFFFFFFFFFFF83
:100D8000FFFFFFFFFFFFFFFFFFFFFFFFFFFFFFFF73
:100D9000FFFFFFFFFFFFFFFFFFFFFFFFFFFFFFFF63
:100DA000FFFFFFFFFFFFFFFFFFFFFFFFFFFFFFFF53
:100DB000FFFFFFFFFFFFFFFFFFFFFFFFFFFFFFFF43
:100DC000FFFFFFFFFFFFFFFFFFFFFFFFFFFFFFFF33
:100DD000FFFFFFFFFFFFFFFFFFFFFFFFFFFFFFFF23
:100DE000FFFFFFFFFFFFFFFFFFFFFFFFFFFFFFFF13
:100DF000FFFFFFFFFFFFFFFFFFFFFFFFFFFFFFFF03
:100E0000FFFFFFFFFFFFFFFFFFFFFFFFFFFFFFFFF2
:100E1000FFFFFFFFFFFFFFFFFFFFFFFFFFFFFFFFE2
:100E2000FFFFFFFFFFFFFFFFFFFFFFFFFFFFFFFFD2
:100E3000FFFFFFFFFFFFFFFFFFFFFFFFFFFFFFFFC2
:100E4000FFFFFFFFFFFFFFFFFFFFFFFFFFFFFFFFB2
:100E5000FFFFFFFFFFFFFFFFFFFFFFFFFFFFFFFFA2
:100E6000FFFFFFFFFFFFFFFFFFFFFFFFFFFFFFFF92
:100E7000FFFFFFFFFFFFFFFFFFFFFFFFFFFFFFFF82
:100E8000FFFFFFFFFFFFFFFFFFFFFFFFFFFFFFFF72
:100E9000FFFFFFFFFFFFFFFFFFFFFFFFFFFFFFFF62
:100EA000FFFFFFFFFFFFFFFFFFFFFFFFFFFFFFFF52
:100EB000FFFFFFFFFFFFFFFFFFFFFFFFFFFFFFFF42
:100EC000FFFFFFFFFFFFFFFFFFFFFFFFFFFFFFFF32
:100ED000FFFFFFFFFFFFFFFFFFFFFFFFFFFFFFFF22
:100EE000FFFFFFFFFFFFFFFFFFFFFFFFFFFFFFFF12
:100EF000FFFFFFFFFFFFFFFFFFFFFFFFFFFFFFFF02
:100F0000FFFFFFFFFFFFFFFFFFFFFFFFFFFFFFFFF1
:100F1000FFFFFFFFFFFFFFFFFFFFFFFFFFFFFFFFE1
:100F2000FFFFFFFFFFFFFFFFFFFFFFFFFFFFFFFFD1
:100F3000FFFFFFFFFFFFFFFFFFFFFFFFFFFFFFFFC1
:100F4000FFFFFFFFFFFFFFFFFFFFFFFFFFFFFFFFB1
:100F5000FFFFFFFFFFFFFFFFFFFFFFFFFFFFFFFFA1
:100F6000FFFFFFFFFFFFFFFFFFFFFFFFFFFFFFFF91
:100F7000FFFFFFFFFFFFFFFFFFFFFFFFFFFFFFFF81
:100F8000FFFFFFFFFFFFFFFFFFFFFFFFFFFFFFFF71
:100F9000FFFFFFFFFFFFFFFFFFFFFFFFFFFFFFFF61
:100FA000FFFFFFFFFFFFFFFFFFFFFFFFFFFFFFFF51
:100FB000FFFFFFFFFFFFFFFFFFFFFFFFFFFFFFFF41
:100FC000FFFFFFFFFFFFFFFFFFFFFFFFFFFFFFFF31
:100FD000FFFFFFFFFFFFFFFFFFFFFFFFFFFFFFFF21
:100FE000FFFFFFFFFFFFFFFFFFFFFFFFFFFFFFFF11
:100FF000FFFFFFFFFFFFFFFFFFFFFFFFFFFFFFFF01
:10100000D1002043F1150060000000000000000046
:10101000201000600010006000F403600000000079
:10102000000000600000040000000000FFFFFFFF60
:10103000FFFFFFFFFFFFFFFFFFFFFFFFFFFFFFFFC0
:10104000FFFFFFFFFFFFFFFFFFFFFFFFFFFFFFFFB0
:10105000FFFFFFFFFFFFFFFFFFFFFFFFFFFFFFFFA0
:10106000FFFFFFFFFFFFFFFFFFFFFFFFFFFFFFFF90
:10107000FFFFFFFFFFFFFFFFFFFFFFFFFFFFFFFF80
:10108000FFFFFFFFFFFFFFFFFFFFFFFFFFFFFFFF70
:10109000FFFFFFFFFFFFFFFFFFFFFFFFFFFFFFFF60
:1010A000FFFFFFFFFFFFFFFFFFFFFFFFFFFFFFFF50
:1010B000FFFFFFFFFFFFFFFFFFFFFFFFFFFFFFFF40
:1010C000FFFFFFFFFFFFFFFFFFFFFFFFFFFFFFFF30
:1010D000FFFFFFFFFFFFFFFFFFFFFFFFFFFFFFFF20
:1010E000FFFFFFFFFFFFFFFFFFFFFFFFFFFFFFFF10
:1010F000FFFFFFFFFFFFFFFFFFFFFFFFFFFFFFFF00
:10110000FFFFFFFFFFFFFFFFFFFFFFFFFFFFFFFFEF
:10111000FFFFFFFFFFFFFFFFFFFFFFFFFFFFFFFFDF
:10112000FFFFFFFFFFFFFFFFFFFFFFFFFFFFFFFFCF
:10113000FFFFFFFFFFFFFFFFFFFFFFFFFFFFFFFFBF
:10114000FFFFFFFFFFFFFFFFFFFFFFFFFFFFFFFFAF
:10115000FFFFFFFFFFFFFFFFFFFFFFFFFFFFFFFF9F
:10116000FFFFFFFFFFFFFFFFFFFFFFFFFFFFFFFF8F
:10117000FFFFFFFFFFFFFFFFFFFFFFFFFFFFFFFF7F
:10118000FFFFFFFFFFFFFFFFFFFFFFFFFFFFFFFF6F
:10119000FFFFFFFFFFFFFFFFFFFFFFFFFFFFFFFF5F
:1011A000FFFFFFFFFFFFFFFFFFFFFFFFFFFFFFFF4F
:1011B000FFFFFFFFFFFFFFFFFFFFFFFFFFFFFFFF3F
:1011C000FFFFFFFFFFFFFFFFFFFFFFFFFFFFFFFF2F
:1011D000FFFFFFFFFFFFFFFFFFFFFFFFFFFFFFFF1F
:1011E000FFFFFFFFFFFFFFFFFFFFFFFFFFFFFFFF0F
:1011F000FFFFFFFFFFFFFFFFFFFFFFFFFFFFFFFFFF
:10120000FFFFFFFFFFFFFFFFFFFFFFFFFFFFFFFFEE
:10121000FFFFFFFFFFFFFFFFFFFFFFFFFFFFFFFFDE
:10122000FFFFFFFFFFFFFFFFFFFFFFFFFFFFFFFFCE
:10123000FFFFFFFFFFFFFFFFFFFFFFFFFFFFFFFFBE
:10124000FFFFFFFFFFFFFFFFFFFFFFFFFFFFFFFFAE
:10125000FFFFFFFFFFFFFFFFFFFFFFFFFFFFFFFF9E
:10126000FFFFFFFFFFFFFFFFFFFFFFFFFFFFFFFF8E
:10127000FFFFFFFFFFFFFFFFFFFFFFFFFFFFFFFF7E
:10128000FFFFFFFFFFFFFFFFFFFFFFFFFFFFFFFF6E
:10129000FFFFFFFFFFFFFFFFFFFFFFFFFFFFFFFF5E
:1012A000FFFFFFFFFFFFFFFFFFFFFFFFFFFFFFFF4E
:1012B000FFFFFFFFFFFFFFFFFFFFFFFFFFFFFFFF3E
:1012C000FFFFFFFFFFFFFFFFFFFFFFFFFFFFFFFF2E
:1012D000FFFFFFFFFFFFFFFFFFFFFFFFFFFFFFFF1E
:1012E000FFFFFFFFFFFFFFFFFFFFFFFFFFFFFFFF0E
:1012F000FFFFFFFFFFFFFFFFFFFFFFFFFFFFFFFFFE
:10130000FFFFFFFFFFFFFFFFFFFFFFFFFFFFFFFFED
:10131000FFFFFFFFFFFFFFFFFFFFFFFFFFFFFFFFDD
:10132000FFFFFFFFFFFFFFFFFFFFFFFFFFFFFFFFCD
:10133000FFFFFFFFFFFFFFFFFFFFFFFFFFFFFFFFBD
:10134000FFFFFFFFFFFFFFFFFFFFFFFFFFFFFFFFAD
:10135000FFFFFFFFFFFFFFFFFFFFFFFFFFFFFFFF9D
:10136000FFFFFFFFFFFFFFFFFFFFFFFFFFFFFFFF8D
:10137000FFFFFFFFFFFFFFFFFFFFFFFFFFFFFFFF7D
:10138000FFFFFFFFFFFFFFFFFFFFFFFFFFFFFFFF6D
:10139000FFFFFFFFFFFFFFFFFFFFFFFFFFFFFFFF5D
:1013A000FFFFFFFFFFFFFFFFFFFFFFFFFFFFFFFF4D
:1013B000FFFFFFFFFFFFFFFFFFFFFFFFFFFFFFFF3D
:1013C000FFFFFFFFFFFFFFFFFFFFFFFFFFFFFFFF2D
:1013D000FFFFFFFFFFFFFFFFFFFFFFFFFFFFFFFF1D
:1013E000FFFFFFFFFFFFFFFFFFFFFFFFFFFFFFFF0D
:1013F000FFFFFFFFFFFFFFFFFFFFFFFFFFFFFFFFFD
:10140000824205D051F8043B40F8043B8242F9D8AF
:10141000704700BF044A05494FF0000342F8043BFF
:101420009142FBD8704700BFC00201200026012076
:1014300008B5BFF34F8F01F031FC544C544B0820DA
:101440005449C3F85401544AC3F800115348C3F82F
:10145000F0405349FFF7D4FF524A53495348FFF72E
:10146000CFFF534CFFF7D6FF4FF470004FF0E02151
:101470000023504AC1F8880D44F823200133B02BD3
:10148000FAD14D4B80214D4A03F8011B9342FBD109
:101490004FF0E0254A4E4B4A4FF0FF31C5F8084D5A
:1014A000D5F8243D43F4E023C5F8243DF36923F047
:1014B0007F0343F04003F361736A23F07F0343F03B
:1014C000400373629166D1661167516701F0EEFBCC
:1014D0003D4A3E4BA2636322E36300246A61032317
:1014E0003B4AAC612B61C5F8202DD5F8FC2D394B5A
:1014F00042F080723849C5F8FC2D1A6842F00102AA
:101500001A605B680B6001F0A1FD344801F060FFD8
:10151000F16E334B334A41F44051F1661C60C3F81D
:101520000841C3F81841C3F82841C3F83841936B08
:10153000DB0708D442F615632B4951651365936B9D
:1015400043F001039363274A284C936843F0011347
:10155000936001F039FC01F0E5FE01F0A1FF01F01C
:10156000A7FD01F09DFB2368132BFCD901F03CFE85
:101570002368B3F5967FFBD301F096FB01F092FB55
:1015800001F03AFF01F0FCFE30BFFDE70C0D111336
:1015900000800D401B101820088E02000000000083
:1015A0007C620060C002012088F002600000002020
:1015B000000001203DE3010000E400E0A0E400E0C1
:1015C00000C00F4000C00A4075F7010079F7010024
:1015D00000002020001000E0442101200046C32329
:1015E0000040084000400D400000C0564C21012042
:1015F000054B4FF42A01054A05485A641864054A08
:1016000099639546FFF714FF00C00A40FFAFAAAAEE
:1016100007002000000005200D4B1B6813B9704720
:101620009B699BB193F800C08445F9D110B45C6804
:101630008C4208D09B693BB193F800C08445F9D136
:101640005C688C42F6D15A6110BC7047704700BF8D
:101650000813012038B5037A04460D3B1B2B16D81E
:10166000DFE803F00E151515152944541515151549
:1016700015151515151515151515151515151552DD
:101680000D21002001F020F8214B186070B10121DC
:1016900000236218084601F0C7FE40B100222178FD
:1016A00001F076FE6078FF3818BF012038BDFF23B7
:1016B0000020637038BD174D0121002362180846D1
:1016C00001F0B2FE0028F2D00022217801F060FE85
:1016D000237A114A190102EB03135258DB68C5E95A
:1016E00000236078FF3818BF012038BD0121002396
:1016F0004218084601F098FE0028D8D00022217830
:10170000064D01F045FEE3E7054DD5E7054DD3E76E
:10171000D01C0120B40A0120A07700208C0A0120EF
:10172000C81C0120C01C012000285CD02DE9F84312
:101730002F4B1B68002B57D02E4B04462E4F93F88F
:10174000B430DFF8C8805A072B492C4A44BF4FF009
:10175000FF33FB62D8F800305B0801F049FE98B314
:10176000BA684FF6FE7909254A4510D90226D8F8FD
:1017700000307600214A20461F490135B3FBF6F3BD
:1017800001F036FEBA684A4501D90F2DEFD1194B49
:101790002946174893F8B4300068C3F3800300F07B
:1017A000C3FF97F82020164B22F0010287F8202073
:1017B000A17A2046636211F0010118BF0E4901F0C1
:1017C0006BFE0120BDE8F883E36893F820305B06E8
:1017D00005D50146636A9FED0B0A20469847002213
:1017E000094BA263E4E770471846BDE8F88300BFE1
:1017F000D01C0120EC1A0120D41C0120A01B0120C8
:10180000ED0F000000000000750E000048EE002003
:1018100010B504461C2001F0F7FDB8B1864661689A
:101820002068A268F446E368ACE80F0061692069AB
:10183000084AACE8030013680021CEF8181033B151
:101840001A469B69002BFBD1C2F818E010BDC2F804
:1018500000E010BD081301202DE9F047304C884608
:101860001746304D237F002643F00103237755F8B8
:10187000083C3946627F2046A3F1010A15F80E9C08
:1018800015F818ECBAFA8AFAA360267101364FEA05
:101890005A1AE560C4F814902C356AF3041284F8DF
:1018A00005E0627755F81C3C2361C0470F2EDED15E
:1018B0001D4D022305F50C79A383EB6839461848C2
:1018C00033F002020DD02A7A95F800E06261A3603D
:1018D0006A686B6926710136E26084F805E023616D
:1018E000C0471C354D45E8D1104B1D683DB914E08B
:1018F00039460B4823610136C047AD696DB1EA68CE
:1019000026716B6962612A7862716868A060002B39
:10191000EED101F065FD0346EAE7BDE8F08700BFC0
:10192000E808012068F40020A4F700200813012033
:101930002DE9F043404C83B08146404F04F50C78CC
:1019400002E01C3444451CD0E36801210B2BF8D085
:10195000257A6668284601F06FFDE3682A0107EBE7
:1019600005150C2BB958EA68C6E90012E9D162687E
:101970001C346B4610684445516803C3C0F8881096
:10198000E2D12F4900222F4B2F481A60CB6E43F42F
:101990004053CB662D4BC0F828322D4C02212D4BE5
:1019A0004FF0E02584F87A104FF08061C5F80C11F3
:1019B000D98B21F00101D9834FF48351DA809981C9
:1019C000402199822449C0F86012114684F8882089
:1019D0004FF48074C5F81041DC8B44F00104DC83C3
:1019E0001E4BC0F8B4321E4B41F22425D7F8D44028
:1019F0000126D88B00F00100D8834846DA80052202
:101A00009D81DA81DA8B174D42F00102DA8326607C
:101A100099F80030144CA3F11703B3FA83F35B0970
:101A20002B70D4F80C3198473046D4F8883098475A
:101A3000287803B0BDE8F083A4F70020A077002049
:101A400000C00F400040084000000120990D000038
:101A500000E400E000801E40450700008512000001
:101A600000001E409825012008060120A64B1B7887
:101A7000002B00F08F812DE9F04F0C46DFF8D0826B
:101A8000002185B08146D8F8903008469847E00795
:101A900000F190819D4AB0EE006A9D48938A9D496D
:101AA00023F03003D9ED437ADFED9B5A9382D8F8C7
:101AB000203077EEE57A0268A1FB03039748A1FB8B
:101AC000021237EE866A9B0C920C07EE103A06EE75
:101AD000902A98F80822B8EEC77AF8EEE66A9107DD
:101AE00027EE067A67EEA67ABCEEC77AFCEEE77AB6
:101AF00080ED027A17EE903AC0ED007A00F1EA80AC
:101B00008749824AC8F898101380938A854923F040
:101B10008003938293899381834BC1F8603299F853
:101B200027114FF0E02299F828310F257F4C2C2601
:101B30004B40A4F51A7703F0010113F0040F01F1F3
:101B40000101039114BF0221012113F0020F4FF094
:101B500000530291C2F8903114BF02230123019374
:101B60002269013DB2F5801F05D006FB05710B8986
:101B700023F478730B812378013B292B29D8DFE8E4
:101B800003F0A6A3282828A02828282828282828C1
:101B90002828282828282828282828282828289756
:101BA000979728288B8B8B282815151599F828319D
:101BB00006FB0571029843F3800303F0030383F0EF
:101BC0000103400140EAC303088920F47E70034307
:101BD0000B8198F8083213F0010309D0A2F5807246
:101BE00006FB0573B2FA82F25B7A520942EAD3131A
:101BF00006FB0572517A63F3C711137A03F01803D9
:101C00005172A07A082B14BF0321022101F014FCA9
:101C1000A369B3F1844F00F0B980454A934200F0C4
:101C2000B78002F5804293420CBF0223032362690E
:101C300084F8203022B104F1180303CB1060516006
:101C400006FB057ABAF8081011F4787B40F0828020
:101C50002C3C002D84D1374C374EA4F1780594F8F4
:101C60006100FF280CD094F8621049B194F86030FC
:101C70001C2B26FA03F200F28E80D20740F18B80F3
:101C8000183CAC42EBD14FF0E0234FF00052C3F8C8
:101C9000102105B0BDE8F08F99F8283106FB0571D9
:101CA000019843F3400303F0030383F0010388E743
:101CB00099F8283106FB0571039803F001030133FD
:101CC0007FE71E4B636184E71D4B636181E71D4B1A
:101CD00063617EE7D9ED447AF5EEC07AF1EE10FA51
:101CE0007FF70EAF77EEE57AF4EEE57AF1EE10FAD3
:101CF00001D8DFED157A67EEA67A1449FCEEE77A93
:101D0000C0ED017AFDE600BF9825012000801E404D
:101D100048EE002083DE1B43CDCC4C3EA8200120A2
:101D2000B90100000000012045070000B8F60020BE
:101D300000400042D8F0002000400014BC0A0120FE
:101D40007C0A0120840A0120CDCCCC3E090300008E
:101D500008060120C1F34411204601F095FBA1695A
:101D60000868E169084214BF01210021BBF1800F1E
:101D70008AF822103FF46CAF9AF82210BBF1400FA2
:101D800018BF81F001018AF8221061E700234EE7B5
:101D900001234CE770478B0707D0B4F86430B9F8DB
:101DA0009C201A4214BF02210121D8F86C310A4A42
:101DB000984765E7094C012194F9000001F0FCFA0D
:101DC000FFF7B2FC01F0F4FA94F9003098427FF486
:101DD00061AE01F015FB5DE635110000D6FE002076
:101DE000914B1A682DE9F04F904C89B0002A00F011
:101DF00020838F4A4FF000088E4B8F4D4646DFF808
:101E0000F0B2E56345468D4C92E803008C4A998018
:101E1000090C126899718B491860C0B2A1FB0212BB
:101E20004FF07E5183F80580920CE1618649626231
:101E3000404514BF1A4642464FF4806361638349AC
:101E4000A362834BE260E363824B834AC4F884302D
:101E5000824BA263824AC4E922138249824BC4F8AE
:101E6000A0108249C4F80C2161678149814A6160F0
:101E70008149A1608149C4E925232161804B8149C1
:101E8000814AC4F890306161804B8149C4E91623CE
:101E9000A161804B8049814A2162A367804B8149BF
:101EA000C4F8EC31804BE266804AC4E91313804BDE
:101EB0008049C4E91023804B804AC4F8E431804B48
:101EC000A164C4F8D8317F497F4BC4F8E0217F4A30
:101ED000C4E968137E4BC4E9512300F033FE00F0DF
:101EE00055FE01F071FA01F0C7FA7A4B94F8082216
:101EF0000321C4F814324FF02C0E42F07F027648D2
:101F000084F8AC1184F8082284F81A12A4F8188214
:101F1000CDF81480CDF81080CDE906336F4B5A68A8
:101F200093F800906E4B0392C4F8D0316D4BC4F817
:101F3000D4316D4B5A6893F800C002926B4B0EE09F
:101F400011F4C06F07D0039A002A00F0D38109F181
:101F500001094FF0010801352C330F2D46D0634A9B
:101F600019690EFB0522B1F5801F177947F00107AB
:101F70001771177A47F0010717729F7A4FEA071215
:101F800082589A6100EB0712D268DA61D8D1029ABE
:101F9000002A00F0AB81554A0CF13E0183F821C0C4
:101FA00001260EFB052219700CEB060A918821F41C
:101FB0007E714904490C41F4034141F0F8019180DC
:101FC000117A66F3C4011172002249490E7BFF2E7B
:101FD00006D0B74200F0748101321831052AF5D1DC
:101FE000D446012601352C330F2DB8D1B8F1000F9E
:101FF00002D03A4B83F80090059B13B1374B039AFC
:102000005A6016B1384B83F800C0049B13B1364BAD
:10201000029A5A60DFF8E0C00021364D63460CF5A5
:102020000C76DFF8D8E073E04821012000000120A1
:10203000247B002088120120C10D00000806012029
:102040004CEE002083DE1B43F5060000550C00001B
:10205000F50D00002101000031190060B5000000FD
:102060006D1A0060AD000000B9010000510D0000C4
:102070002C7B002069010000387B0020407B002081
:102080007D000000687B0020990A0000950900008F
:10209000747B00206906000000366E0121050000F7
:1020A000E5060000DD060000E1060000B1060000C4
:1020B000BD060000D106000089090000690000008B
:1020C0005918006011180060191600602D090000F1
:1020D0001509000007000200A0770020FC10012075
:1020E000E5080000FD080000980C012050F40020D5
:1020F000D8F00020900C0120A4F70020A00C0120B3
:10210000BBF10B0F00F000811C330131B34246D00C
:10211000C1EBC102D3F80CB0D3F804904FEAC10A66
:102120000CEB8202BBF1090F92F8108048F0020814
:1021300082F8108093F808804FEA08128258C9F894
:10214000002000EB0812D268C9F80420D8D1DEF8CC
:102150000420002A00F0EC809EF800A0DFF8D8B23E
:10216000AAF16F021A700522DBF84470013A002FC1
:1021700040F0C4809BF84890C14540F0BF80914634
:10218000AD4A02EB091989F801A0C9F80C301C33DB
:102190000AF1010A0131B3428EF800A0B8D1A74973
:1021A000A74800F079F92B78002B40F03D81A54D30
:1021B00044F2E03701F05CF905F178066878FF2811
:1021C00000F0BE802B69002B00F0DE8000236A1C2B
:1021D0000120194601F028F9002800F0AE80C168FE
:1021E0002A464369A9602B7312F8041B01F0D0F84A
:1021F0002B78032B08D12B69934A94F808121360AB
:102200005A7A61F3C7125A721835B542D6D18A4D3F
:1022100005F150076E682846012E00F0CC802B7A1D
:10222000FF2B00F0E5806B78FF2B01D0FFF712FA4F
:102230001035AF42EED1854801F0D6F88449854883
:1022400001F0BEF8844B854D187001F0C5F80121EE
:102250001B2001F0F1F80121162001F0EDF801F04A
:102260009BF840F2011318424FF01B0014BF0121EC
:102270000021297001F0D0F82B78002B40F0CF809E
:10228000774B784A186BD4F8A8111060764AD3F8C7
:10229000EC001A63754A10607548764AC3F8EC0082
:1022A000754B76481160C4F8A83101F09DF820689C
:1022B000A0F10A00B0FA80F0400909B0BDE8F08F43
:1022C0008E68002E7FF488AE02EB42020BEBC20157
:1022D0001BF832200E2A81F801C00B617FF480AE1A
:1022E0004FF00402D44601268A707BE60122029355
:1022F000049250E601220393059228E6ABF1100BFD
:10230000002A7FF431AF42E76A68A2B1AAEB010A62
:102310000CEB8A0A9AF8112042F008028AF8112080
:102320002A7802F10108573A85F800801A70EBE626
:10233000CEF8043010E76B60E8E7FF236B7063E7CB
:10234000AB784FF000082A7B03F01F03FE2A4FEA08
:10235000431343F4804303EA070363F30F0855D0A4
:10236000FF2A7FF451AF4246454B002101200095E2
:1023700001F07AF800283FF447AFB4F81032AA8889
:102380001343A4F810323FE73E4A0F2303E02C3AF0
:10239000002B3FF41BAFD2F87812013BB1F5801F40
:1023A000F5D192F889128142F1D12C22354902FBF4
:1023B00003132B610AE7344B4FF4A0323146304609
:1023C000009501F051F800283FF432AF6A1C002359
:1023D0003146304601F028F80022E86000283FF43A
:1023E00027AF297800F0D4FF2846FFF733F91FE71D
:1023F0000121254B4FF480420095084601F034F846
:1024000003462846002B3FF413AF0FE742461F4B0D
:1024100000210120009501F027F82A7BA0E7002188
:10242000162000F0F9FF2BE719491A4800F0AAF826
:10243000BDE6E26B1A60DCE450F10020A00C012044
:10244000980C0120D8F00020240E0120C4F10020B7
:1024500058870020AC340060D6FE0020A125012062
:10246000E004012080120120C10B00007012012045
:10247000990B00002C0E012031070000E4F600202B
:10248000A108000050F400202D0B00007500000092
:10249000900C0120880C012010B50E4A86B00478FB
:1024A0004068EC460C4B106048680C4A1C70106089
:1024B000DFF82CE00A78DA70BEE80F00ACE80F0015
:1024C0009EE803008CE80300684600F0D9FF06B0E0
:1024D00010BD00BFA80C0120F40D0120B00C01209C
:1024E000180900202DE9F04FC56883B0DFF890800F
:1024F0000E462F1D0190D8F800203046394652086C
:1025000000F09EFF8246E8B1AA684FF6FE790924E2
:102510004A4511D94FF0020BD8F800204FEA4B0B77
:10252000394630460134B2FBFBF200F089FFAA685D
:102530004A4501D90F2CEFD121462868337E00F09F
:10254000F3F818B9504603B0BDE8F08F0A4A019B72
:10255000D2781B799A42F5D9084AC3EBC303717E3E
:10256000126881F0010002EB8302537C60F30413D4
:1025700061F345135374E5E7800C0120B40C01208E
:1025800048EE00202DE9F047374D8EB003784268C1
:1025900002AC2B70354B364E1A604B68354F3360AA
:1025A0000B78EB700FCF0FC43B6802A8236000F0DC
:1025B00053FF002855D0E978002952D02E4BC1EBAB
:1025C000C1013268002007932C4B02EB8101089077
:1025D00009930C9313460D90CDE90A005C7C1C33E3
:1025E000E40648BF01308B42F8D1DFF898904FF0F5
:1025F000000828210192444600F04AFF019AC9F8D8
:10260000000000E03268C4EBC40AE7B202EB8A03C0
:102610005A7CD2061CD5D9F800200020C2B1197A04
:1026200000F052F8A0B1336808EB8801D9F8002017
:1026300003EB8A0342F83100394683F81880012001
:1026400008F1010800F0A0FE002207A9FFF74AFFE9
:102650009FED0B0A384600F003FF0134EB78A342EC
:10266000D0D80EB0BDE8F087800C0120AC0C012062
:10267000B40C01203009002000409C450000C842F5
:1026800000000000C4130120362913D8DFF834C03D
:102690001CF8310078B1094B1B686BB1084A0CEB90
:1026A000C10102EB830201E0013B05D052F8040DA9
:1026B0008842F9D100207047012070470C12012098
:1026C000C8130120205E006036291CD8134B13F874
:1026D0003100B8B103EBC10010B5DFF848E0DEF817
:1026E00000C0BCF1000F10D00D4B1C4603EB8C0258
:1026F000634601E0013B09D052F8041D8842F9D13C
:10270000002010BD704700207047054C0CF10103FC
:1027100044F82C00CEF8003010BD00BF205E0060F1
:10272000C81301200C1201202DE9F04190F801E0BE
:102730000E461F4637210EF0030E594B00E029B11B
:10274000984201F1FF31A3F10803F8D10478012C7C
:1027500036D0022C04D0201E18BF0120BDE8F08125
:102760007302D0F804C0002F904603F4F05342F2F5
:1027700024024FF000074FEA4E1643EA020208BF58
:102780000D250CEB4E1318BF0F259F81DD81DF80D7
:102790002CF80680A3F810809A810123BCF81E2033
:1027A00003FA0EF31343ACF81E303E4BC278201EE2
:1027B00003EB011318BF01205B681A60BDE8F081CC
:1027C000D0F804C0384B9C4563D051D8A3F50043E2
:1027D0009C4558D003F580439C4504D1334DAB6FE5
:1027E00043F44023AB674FF200053301ACF88C5142
:1027F0004FF00F05DBB2ACF88E514FF0000543F4FB
:102800008063ACF890510EEB4E05BCF888610CEB80
:10281000451546F0F006A846ACF888614EF2000671
:10282000AE80EB806FB383781D464FF4807303FA5C
:1028300005F50EEB4E03164600220CEB43135D84A8
:102840001A86A8F802205A81DE815A82DA825A83D7
:10285000DA830123BCF8882103FA0EF31343ACF8A2
:102860008831BCF8883143F47063ACF888319CE758
:102870000F4B9C45B7D10D4DAB6F43F44003AB6795
:10288000B1E73D46D5E7094DAB6F43F44033AB6745
:10289000A9E7064DAB6F43F44013AB67A3E700BF56
:1028A000D05F0060A077002000403E4000C00F4095
:1028B00000803E4007EE901A9FED287A4FF0040CFE
:1028C000B6EE005AF8EE677A9FED256A624641F649
:1028D000FF71C7EE275A00B54FF0010E07EE902AA0
:1028E000F8EEE77A85EEA77A77EE057AFDEEE77ADD
:1028F00017EE903A8B42A8BF0B46012BB8BF0123BD
:1029000007EE903AF8EEE76A76EEC76AC6EE877A87
:10291000F5EEC07AF1EE10FA01D5F1EE677AF4EE39
:10292000C67AF1EE10FA03D8B0EE676A94469E4676
:102930000132212AD2D10CF1FF33BCF1080F4FEA4A
:102940000363CCBF4FF0000C4FF0010C03F0F853C1
:102950004EEA4C4E43EA0E03036100BD001BB74B29
:10296000EC78AD6038B504464068374B0268A5681E
:10297000DFF8E0C02A430260227D03EB0212D2E9B5
:102980000120C0F800C0A0691060E2690AB1206AA5
:10299000106094F824204FF0D90C03EB0213D3E914
:1029A0000120C0F800C0D4E90A0310600BB1226B0B
:1029B0001A602068FFF77EFF0021DFF89CC0C1602D
:1029C0000120237B256903F01F024FEA531E1033B9
:1029D00000FA02F24CF82E201C4A42F823501C4BFD
:1029E000ACF1800C227BD154237B226803F01F01C1
:1029F0005B0900FA01F14CF82310936A13F0700F91
:102A0000C3F3021106D0022088400F28D4BFC0F3C0
:102A100041010321936A9B0003F01C030F2B10D884
:102A2000DB0303F4403319434FF47014D162936A0B
:102A300043F0880393629461536923F08053536198
:102A400038BD4FF44033EEE7A077002000000120AE
:102A500000E400E038F0010080E100E030B5164C01
:102A600083B0A37C9A0724D443F00203054613F0F5
:102A70004001A37406D02946104800F0E5FC0F4839
:102A800003B030BD40F20C420D48019100F08CFCC7
:102A90004FF4027201990B4800F086FC29460A485F
:102AA000FFF760FFA378094A43F040031080A3704A
:102AB000E1E7002003B030BDE0FD0020D85F0060FA
:102AC000000020200C042020E860006090250120F8
:102AD00030B5164C83B0A3789A0724D443F0020390
:102AE000054613F04001A37006D02946104800F0B7
:102AF000ABFC0F4803B030BD40F20C420D480191D1
:102B000000F052FC4FF4027201990B4800F04CFCAB
:102B100029460A48FFF726FFA378094A43F04003F5
:102B20001080A370E1E7002003B030BDE0FD00207D
:102B30003060006014062020200A20201CE70020BE
:102B40009425012010B50B4C0B48D4F8A0319847C0
:102B5000D4F8A03109489847D4F8A03108489847DC
:102B60000848D4F8A03198470748BDE8104000F065
:102B70006FBC00BF08060120B8600060D060006034
:102B800088600060A0600060B4FE002010B5114CA9
:102B900040F20C420021104800F006FC4FF486720F
:102BA0000021204600F000FC04F10C03A36000F0BB
:102BB0002FFCB0F5807F094A094928BF4FF4807087
:102BC000A0F11403106D08600649074863601165A1
:102BD00010BD00BF34102020280C2020E00401206C
:102BE0005812012005D501001C610060294A00210E
:102BF0000123C2F8A000C2F8A410C2F8B030536993
:102C0000D907FCD501234FF4803C22495361C2F817
:102C1000A000C2F8A4C0C2F8B0304B69DB07FCD5F5
:102C200001234FF4003C1B4A4B61C1F8A000C1F8DE
:102C3000A4C0C1F8B0305369D907FCD50123DFF82F
:102C400058C014495361C2F8A000C2F8A4C0C2F829
:102C5000B0304B69DB07FCD5D1F8003145F60D509B
:102C60004FF0210C9AB2C1F814C0824210D045F640
:102C70009D518A420AD1C3F34253032B08D0A3F1DA
:102C80000403B3FA83F35B0918017047002070470F
:102C90000820704700402A4004000300704700BF2E
:102CA000704700BF704700BF00BF70474FF0E02380
:102CB00000214FF0100C3448C3F8941DC3F89CCD8C
:102CC0004FF0110CC3F8A00D3048C3F89CCD4FF065
:102CD000120CC3F8A00D2E48C3F89CCD2D4AC3F8A2
:102CE000A00DDFF8D0C042F015022B48C3F89CCDF0
:102CF000C3F8A00DDFF8C0C02848C3F89CCDC3F8C6
:102D0000A00DDFF8B8C0C3F89C2D2548254AC3F8AC
:102D1000A0CDC3F89C0DC3F8A02D02F5A022DFF8CA
:102D2000A0C00C322048C3F89CCDC3F8A02D1F4A88
:102D3000C3F89C0DC3F8A02D02F14062DFF884C0F7
:102D400002321B48C3F89CCDC3F8A02D0A32C3F849
:102D50009C0DC3F8A02D00BF00BF00BF00BF00BF87
:102D60000122C3F8942DBFF34F8FBFF36F8FC3F8C9
:102D7000501FBFF34F8FBFF36F8FD3F8142D42F462
:102D80004032C3F8142D70473F000010250008079B
:102D90000900100000260120210002072500081369
:102DA0001600202027000B13180000602F000B07CF
:102DB0001A000080130020001400002009000010F9
:102DC000170000401900007030B5864B85B0DFF861
:102DD00074E21822844D0120C3F85CE28349C3F8F1
:102DE0006052A5F58055DFF860C2814CC3F864E2FB
:102DF000C3F868522125C3F86CC2C3F870C2C3F887
:102E000074C2C3F878C248F20C7CDA661A675A6753
:102E10009A67DA67C3F88020C3F88420C3F8882053
:102E2000C1F82C03734AC1F83003C1F83403C1F868
:102E30003803C1F83C03C1F85003A1696E4B0A4046
:102E40006E486F4913436F4AA361D4F8843043F04E
:102E50000C03C4F884304FF0FF34036843F00203DE
:102E60000360036803EA0C031A43674B0260446083
:102E70008A68664C1340664A43F000538360C36817
:102E800023F07803C360036A23401A43604B026255
:102E9000026A22405F4C1343002243628462C46290
:102EA00040F20564D1F8B83023F03F0343F001034A
:102EB000C0F8B830D1F8BC30574923F03F0343F095
:102EC0000103C0F8BC3002610567C0F88040456767
:102ED000C0F884400224036823F002030360816188
:102EE0004E4B4F49C46143F8042B8B42FBD1434CFA
:102EF000236843F001032360256815F00105FBD129
:102F00004548022240F2F561A06140F29940E26139
:102F100040F26642C4F8001242F20141C4F81022A5
:102F2000404AC4F82002C4F8302240F23542C4F8C6
:102F300034123D48C4F840223C4AC4F850022846A6
:102F4000C4F8542242F201223949C4F86012C4F88C
:102F50006422FFF74BFE0246002839D0810201238C
:102F60004FF4802021662549C4F8A050C4F8A4007D
:102F7000C4F8B0304B69D807FCD51505012403927D
:102F800028464C61FFF732FE039A2A4B0244D2B224
:102F90001A7080B1194980024FF4802348660846B0
:102FA000C1F8A050C1F8A430C1F8B0404369DB07B4
:102FB000FCD50123436120490024204801230094CB
:102FC000401A00EB02521E4800F032FA05B030BD44
:102FD0001B4B184918600870D860C3E9010005B0A0
:102FE00030BD00BF00801F40F910010000841F4069
:102FF00000C00F40FFFCFF1F0003008000402A407C
:1030000000802A401200FFFFFF37F70000FFF07C2E
:1030100040000080FF000F83F05AF05A00422A401F
:1030200000432A409F041830EB06180A0632012696
:103030003806180AA5250120000000700000007065
:10304000740E0120F9B00100F970010010B5174AA3
:103050004FF480544FF4005E4FF4404C4FF48030F6
:1030600043F24201136913F0020F0DD113F4005F14
:103070000FD013F4805F0FD0002BF3DA13F4803FEE
:103080000CD15B060ED510BDC2F818C0506191611D
:10309000E8E7C2F814E0E5E75461E3E74FF4803372
:1030A0009361DFE740235361DCE700BF00800D4000
:1030B000414A03204149F3EE095AD2F880309FED8E
:1030C000406A23F001039FED3F5ADFF814C100B5B9
:1030D000C2F88030C2F89000D1F8E010DFF804E1C7
:1030E000CBB23948CEF8003007EE903A0B0DC1F361
:1030F0000B21F8EEE77A06EE903A07EE101A334B02
:10310000B8EEC77ACCF80010F8EEE66A304937EE30
:10311000C66A37EEC55A76EEC76A77EEE57A26EECE
:10312000266AC3ED006A25EE265AD2F8803067EE93
:10313000A64AC0ED007AC6EE275A264885EE276AD1
:10314000C4EEA76A75EE875AFCEEE55A36EE076ABA
:1031500015EE90CABCEEC66A43EA0C5376EE877A47
:10316000C2F8803016EE103AD2F890C1FCEEE77A41
:1031700001EA034141EA0C014FF0000C17EE903ACE
:10318000C2F89011C3F30B03D2F890110B4312490C
:10319000C2F89031D2F8803043F00203C2F8803098
:1031A0000E4B80F840C0C1F840314FF0E0230122BF
:1031B000C3F8082100BD00BF00810D4000441F403E
:1031C0000000AA420000B4424C180120501801200F
:1031D0000000FF0F00E400E0000001201DE50100F9
:1031E0004418012048180120314B40F6617210B597
:1031F000C3F8202140F2044400F012F92D4A2E4970
:10320000D2F880302D4843F00303C2F880302C4BB5
:10321000C1F8604102681A4203D1D1F8A8319A0777
:103220001BD0254A4FF00041244B5963D2F840315E
:1032300043F00203C2F84031D2F840319B07FBD47F
:103240004FF400304FF0E0211C4B4FF00042C1F82A
:103250008C0219209A6300F0A3F8184B0021164C39
:103260004FF080420A209A634FF420721960C4F82C
:10327000A801144800F098F84FF4800203464FF478
:10328000810040F243111860C4F858311A640E4BA3
:103290000E4AC4F84811C3F804224FF0E0224FF45C
:1032A00000310123C2F80C11C4F8403110BD00BF39
:1032B00000800D4000C00F4000002E4000900D40E7
:1032C000001C1E00000000200000012021E701007A
:1032D00008B50E4B1B6E9B0700D4FBBE72B60C4BA1
:1032E00000200C4AC3F8400103F160430A49A3F5EA
:1032F0005F2311649D46BFF34F8F4FF40013074ABD
:103300000748DB6902609B68984700BF00441F4084
:1033100000002E4000C00A4003002000000012EB15
:10332000008020200F4B40F2376C0F4AA020D96E4E
:1033300041F44031D966D96E41F44071D966C2F882
:1033400044C09064936C1B06FCD4084A40F2376179
:10335000A02351649364936C13F08003FBD1044A5F
:103360001370704700C00F4000400C4000800C40BC
:103370009E250120F8B500BFF8BC08BC9E467047EA
:103380005FF800F08DE101005FF800F0F1CC010082
:103390005FF800F0098900005FF800F0017F01008C
:1033A0005FF800F069DB01005FF800F0A147020060
:1033B0005FF800F0957001005FF800F041700100C7
:1033C0005FF800F07D6F01005FF800F049A4010094
:1033D0005FF800F055D801005FF800F05DBB000019
:1033E0005FF800F0911B00005FF800F041B20100AF
:1033F0005FF800F07D7801005FF800F0915E020058
:103400005FF800F0357201005FF800F0D11A020099
:103410005FF800F075F501005FF800F069DC01006D
:103420005FF800F08DEE01005FF800F07987000092
:103430005FF800F0D5F901005FF800F0ADDC0100A5
:103440005FF800F0AD8D00005FF800F055A00100BE
:103450005FF800F0719E01005FF800F0318C000011
:103460005FF800F045CC01005FF800F0998A000099
:103470005FF800F0016E00005FF800F091DD0100E0
:103480005FF800F0D18C00005FF800F0B117000089
:103490005FF800F0451A02005FF800F011710100BA
:0C34A0005FF800F095F801004500000006
:1034AC00000B00000000000000001B0100000000E9
:1034BC000000000000000000000000000000000000
:1034CC0029170060ED0F000011060000090600002E
:1034DC003D0F000000000000000000000000000094
:1034EC0000000000E47B0020350C0000030000000D
:1034FC00E87B002001000000FC7B002002000000A3
:10350C00707C002003000000E87C00200400000018
:10351C005C7D002005000000F87D00200600000006
:10352C005C7E0020070000008C7E0020080000005C
:10353C00C87E002009000000347F00200A00000033
:10354C00C07F00200B000000E07F00200C0000007A
:10355C001C8000200D0000004C8000200E0000009C
:10356C00848000200F000000B880002010000000B4
:10357C0064810020110000008481002012000000F2
:10358C009481002013000000B4810020140000007E
:10359C00E0810020000000003482002001000000C7
:1035AC003C82002002000000488200200300000042
:1035BC0028D70020040000005482002005000000E1
:1035CC0064820020060000007482002007000000C6
:1035DC00848200200800000098820020090000006E
:1035EC00A48200200A000000B48200200B0000001E
:1035FC00C48200200D000000D48200200E000000C8
:10360C00E88200200F000000F08200201000000073
:10361C000083002011000000108300201700000020
:10362C0020830020180000003083002019000000C7
:10363C00408300201A000000508300201B00000073
:10364C00588300201C0000006C8300200C0000003C
:10365C00788300201D000000908300201E000000D5
:10366C00A08300201F000000AC830020200000007D
:10367C00BC83002021000000C88300202200000031
:10368C00D083002023000000DC83002024000000F5
:10369C00E883002025000000F883002026000000AD
:1036AC0004840020270000000C8400202800000067
:1036BC001884002029000000248400202A00000027
:1036CC00348400202B000000408400202C000000DB
:1036DC00488400203C000000548400203D00000081
:1036EC00648400203E000000748400203F00000031
:1036FC0080840020400000008C84002041000000E9
:10370C009884002042000000A484002043000000A4
:10371C00B084002044000000BC8400204500000060
:10372C00C884002046000000D4840020470000001C
:10373C00E084002048000000EC84002049000000D8
:10374C00F88400204A000000048500204B00000093
:10375C00108500204C0000001C8500204D0000004E
:10376C00288500204E000000348500204F0000000A
:10377C0040850020500000004C85002051000000C6
:10378C005885002052000000648500205300000082
:10379C0070850020540000007C850020550000003E
:1037AC0088850020560000009485002057000000FA
:1037BC00A485002058000000B485002059000000AA
:1037CC00C48500205A000000D48500205B00000056
:1037DC00E48500205C000000F48500205D00000002
:1037EC00048600205E000000148600205F000000AC
:1037FC001C86002060000000248600206100000070
:10380C002C8600206200000034860020630000003B
:10381C003C86002069000000448600206A000000FD
:10382C004C8600206B000000548600206C000000C9
:10383C005C8600206D000000648600206E00000095
:10384C006C8600207D000000748600207E00000045
:10385C00848600207F0000009486002080000000F9
:10386C00A086002081000000AC86002087000000AC
:10387C00B886002074000000C4860020750000008B
:10388C00D086002076000000DC8600207700000047
:10389C00E886002078000000F48600207900000003
:1038AC00008700207A0000000C8700207B000000BD
:1038BC00188700207C00000024870020890000006D
:1038CC00308700208A0000003C8700208B0000001D
:1038DC00508700208C0000005C8700208D000000C9
:1038EC006C8700208E000000808700208F00000075
:1038FC009087002090000000988700209100000025
:10390C00A087002092000000AC87002093000000EC
:10391C00B887002094000000C487002095000000A8
:10392C00D087002096000000DC8700209700000064
:10393C00E887002098000000F48700209900000020
:10394C00008800209A0000000C8800209B000000DA
:10395C00188800209C000000248800209D00000096
:10396C00308800209E0000003C8800209F00000052
:10397C0048880020A000000054880020A00000000F
:10398C0060880020A10000006C880020A2000000CC
:10399C0078880020A300000084880020A400000088
:1039AC0090880020A50000009C880020A600000044
:1039BC00A8880020A7000000B4880020A9000000FF
:1039CC00C0880020AA000000D4880020AB000000B2
:1039DC00E8880020AC000000FC880020AD0000004E
:1039EC0010890020AE00000024890020AF000000E8
:1039FC0038890020B00000004C890020B100000084
:103A0C0060890020B200000064890020B30000002F
:103A1C006C890020B400000074890020B5000000FF
:103A2C007C890020B600000084890020B7000000CB
:103A3C0094890020B8000000A8890020B90000007B
:103A4C00B8890020BA000000C8890020BB00000023
:103A5C00D0890020BC000000D8890020BD000000E7
:103A6C00E0890020BE000000E8890020BF000000B3
:103A7C00F4890020C0000000008A0020C100000072
:103A8C00108A0020C20000001C8A0020C300000025
:103A9C00248A0020C40000002C8A0020C5000000ED
:103AAC00348A0020C6000000448A0020C7000000B1
:103ABC00508A0020C8000000548A0020C900000071
:103ACC00588A0020CA0000005C8A0020CB0000004D
:103ADC00748A0020CC0000007C8A0020CD000000FD
:103AEC00848A0020CE000000908A0020CF000000C5
:103AFC009C8A0020D0000000A48A0020D100000085
:103B0C00AC8A0020D2000000B48A0020D300000050
:103B1C00BC8A0020D4000000C48A0020D50000001C
:103B2C00CC8A0020D6000000D48A0020D7000000E8
:103B3C00DC8A0020000000000000000001000000F2
:103B4C00E48A002002000000288B00200300000003
:103B5C00788B002004000000AC8B002005000000D6
:103B6C00E48B002006000000248C002007000000DD
:103B7C00608C002008000000AC8C002009000000C4
:103B8C00108D00200A0000004C8D00200B0000005E
:103B9C00888D00200C000000D48D00200D0000004A
:103BAC001C8E00200E000000588E00200F0000001C
:103BBC00A08E002010000000E48E002011000000F8
:103BCC001C8F0020120000003C8F0020130000000E
:103BDC004C8F002014000000608F002015000000A6
:103BEC00988F002016000000DC8F002017000000CA
:103BFC000C900020180000004090002019000000DC
:103C0C00889000201A000000B09000201B000000DB
:103C1C000C9100201C0000002C9100201D000000C5
:103C2C00609100201E000000949100201F000000F5
:103C3C00C491002020000000109200202100000000
:103C4C0048920020220000006C920020230000000B
:103C5C008C92002024000000C89200202500000057
:103C6C00EC9200202600000040930020270000006A
:103C7C008C93002028000000A09300202900000055
:103C8C00D89300202A000000209400202B00000074
:103C9C00409400202C0000005C9400202D000000BB
:103CAC00709400202E000000A89400202F0000002B
:103CBC00C49400203000000000950020310000006A
:103CCC0018950020320000005095002033000000B1
:103CDC00848100203400000068950020350000002D
:103CEC008895002036000000CC950020370000009D
:103CFC00F8950020380000003096002039000000B4
:103D0C00509600203A000000709600204D000000F4
:103D1C00889600204E000000A49600204F00000062
:103D2C00B496002054000000E0960020FD00000036
:103D3C00F8960020560000001497002000000000A8
:103D4C000000000000000000000000000000000067
:103D5C000000000000000000000000000C0F01201B
:103D6C0004000000100F012004000000140F0120BB
:103D7C0004000000000F012004000000040F0120CB
:103D8C0004000000080F01200400000000000000E7
:103D9C0000000000700F0120020000000000000075
:103DAC00000000001C0F01200400000000000000B7
:103DBC0000000000000000000000000000000000F7
:103DCC0000000000240F012004000000280F012037
:103DDC00040000002C0F012004000000740F0120CF
:103DEC0002000000000000000000000000000000C5
:103DFC00000000000000000000000000480F01203F
:103E0C00040000004C0F012004000000500F0120A2
:103E1C000400000078080020D008002000000000FA
:103E2C00589F0020010000001498002002000000A0
:103E3C0028980020030000003C980020040000009B
:103E4C005098002005000000589800200600000043
:103E5C006498002007000000709800200800000003
:103E6C008098002009000000889800200A000000BB
:103E7C009C9800200B000000B09800200C00000063
:103E8C00BC9800200D000000EC9800200E000000F3
:103E9C00049900200F00000024990020100000005D
:103EAC0050990020110000007C99002012000000A5
:103EBC009C99002013000000D899002014020000E7
:103ECC00F499002015000000189A0020160000003C
:103EDC0000D5002017000000349A0020649A0020BE
:103EEC0000000000000000006C9A0020010000009F
:103EFC0000000000749A0020020000000000000086
:103F0C007C9A002003000000000000008C9A002026
:103F1C000400000000000000949A0020050000003E
:103F2C00000000009C9A0020060000000000000029
:103F3C00A49A00200700000000000000B09A0020A6
:103F4C000800000000000000BC9A002009000000DE
:103F5C0000000000CC9A00200A00000000000000C5
:103F6C00DC9A00200B00000000000000F09A0020FA
:103F7C000C00000000000000009B00200D00000061
:103F8C0000000000109B00200E000000000000004C
:103F9C00209B00200F00000000000000349B00203C
:103FAC001000000000000000449B002011000000E5
:103FBC0000000000589B00201200000000000000D0
:103FCC006C9B00201300000000000000809B002070
:103FDC001400000000000000989B00201500000059
:103FEC0000000000AC9B0020160000000000000048
:103FFC00B89B00201700000000000000C49B0020AC
:10400C001800000000000000CC9B002019000000EC
:10401C0000000000D49B00201A00000000000000EB
:10402C00E49B00201B00000000000000F49B00201B
:10403C001C00000000000000049C00201D0000007B
:10404C0000000000109C00201E000000000000007A
:10405C00189C00201F00000000000000249C002081
:10406C0020000000000000002C9C0020210000001B
:10407C0000000000409B0020220000000000000017
:10408C003C9C00202300000000000000449C002009
:10409C0024000000000000004C9C002025000000C3
:1040AC0000000000549C00202600000000000000CE
:1040BC005C9C00202700000000000000649C002095
:1040CC002800000000000000209C002029000000B7
:1040DC0000000000289C00202A00000000000000C6
:1040EC00309C00202B00000000000000389C0020B9
:1040FC002C00000000000000409C00202D0000005F
:10410C0000000000489C00202E0000000000000071
:10411C00509C00202F00000000000000589C002044
:10412C003000000000000000609C00203100000006
:10413C0000000000689C002032000000000000001D
:10414C00789C00203300000000000000889C0020B8
:10415C003400000000000000989C00203500000096
:10416C0000000000AC9C00203600000000000000A5
:10417C00B89C00203700000000000000C89C002004
:10418C003800000000000000D89C0020390000001E
:10419C0000000000EC9C00203A0000000000000031
:1041AC00FC9C00203B00000000000000089D00204B
:1041BC003C000000000000001C9D00203D000000A1
:1041CC0000000000C513CD1349BD0000CE13CE1363
:1041DC0061BB000029143114FDBC00003D144514D2
:1041EC00B1BC000047144F1431BE00005A145A14CD
:1041FC00F1BB00005B14631405BC00006414641470
:10420C00D5BB000065146E1451BC000079148214E7
:10421C0051BC00008D14961451BC0000A114AA14BA
:10422C0051BC0000B514BE1451BC0000C914D2140A
:10423C0051BC0000DD14E61451BC0000F114FA145A
:10424C0051BC000005150E1551BC000017151715B3
:10425C007DBB0000181518158DBB00001915211514
:10426C00A1BB00002C15341569BE0000DF15DF154D
:10427C0039BC00001F1C1F1E1F1E1F1F1E1F1E1FD0
:10428C000000000040A700200100000020A8002032
:10429C000200000098A8002003000000C0A8002025
:1042AC0004000000ECA8002005000000A0A90020DC
:1042BC0006000000C8A9002009000000ECA900209D
:1042CC000800000090AA00200A00000030AB00207B
:1042DC000B0000002CAC00200C00000084AC002073
:1042EC000D000000F8AC00200E00000054AD0020C2
:1042FC000F000000F4AD00201000000028AE0020DC
:10430C001100000070AE00201200000038AF002039
:10431C00130000009CAF00201400000000B000202F
:10432C001500000060B000201600000000B1002055
:10433C001700000098B200201800000000B3002005
:10434C001900000050B300201A000000A0B3002098
:10435C001B000000ECB300201C00000050B4002037
:10436C001D00000084B400201E000000E4B40020F6
:10437C001F00000024B5002020000000B4B5002070
:10438C00210000003CB600202200000054B60020A2
:10439C002300000084B6002024000000B4B60020E6
:1043AC0025000000E4B60020260000001CB7002009
:1043BC002700000044B7002028000000DCB70020D4
:1043CC002900000014B800202A00000048B8002082
:1043DC002B0000007CB800202C000000B0B800209E
:1043EC002D000000D0B800202E000000F0B80020F6
:1043FC003200000010B900203300000040B900204A
:10440C003400000070B9002035000000A0B9002075
:10441C0036000000C8B9002037000000C8B90020E1
:10442C0038000000ECB900203900000030BA002040
:10443C003A00000064BA00203B000000A8BA00203B
:10444C003C000000E0BA00203D00000014BB00203E
:10445C003E000000C8BB00203F000000DCBB002079
:10446C00400000001CBC00204100000044BC0020A7
:10447C005A000000589F00205B000000589F00204D
:10448C005C000000589F00205F000000ACBC0020C6
:10449C0064000000D4BC00206500000000BD0020BA
:1044AC006E00000028BD00207800000050BD0020E8
:1044BC0082000000A4BD0020A000000024BE00204B
:1044CC00AA0000004CBE0020B400000000B3002085
:1044DC00BE00000050B300205401000094BE002028
:1044EC00550100009CBF0020560100001CC200209A
:1044FC005701000058C2002058010000B0C2002033
:10450C005901000004C300205A0100004CC30020D4
:10451C005B010000BCC400205C010000F4C400205E
:10452C005D0100001CC500208001000044C5002076
:10453C008801000088C5002089010000E0C500202A
:10454C008A01000038C600208B010000CCC6002078
:10455C008E010000ECC60020E101000014C7002011
:10456C00E201000058C70020E401000074C70020DD
:10457C00E6010000CCC700201B02000000C8002090
:10458C000702000094C800208A020000C8C800205E
:10459C009F020000E8C80020A102000010C9002002
:1045AC00A402000044C90020A80200006CC900202D
:1045BC0000002300C4C90020D4C90020060000005C
:1045CC0084CD0020B8200120000000000500000070
:1045DC00D5400100ED51010000000000000000007A
:1045EC0001002300E4C90020F4C900200B000000E6
:1045FC0004CA0020000000000CCA002004000000C7
:10460C00001C012000000000000000000000000061
:10461C000200230014CA0020000000000400000067
:10462C00000000000000000000000000040000007A
:10463C00F01B012000000000000000000000000042
:10464C000300230028CA0020000000000400000022
:10465C00000000000000000000000000040000004A
:10466C00F11B012000000000000000000000000011
:10467C000400230040CA00200000000004000000D9
:10468C00000000000000000000000000040000001A
:10469C00F31B0120000000000000000000000000DF
:1046AC000500030060CA00200000000004000000A8
:1046BC0000000000000000000000000004000000EA
:1046CC00131C01200000000000000000000000008E
:1046DC0006000C0074CA002000000000010000005D
:1046EC0044FD002000000000000000000500000058
:1046FC00094901004D4D01009949010000000000DD
:10470C000700060088CA002000000000000000001E
:10471C000000000000000000000000000500000088
:10472C00694101004D4D0100994901000000000054
:10473C000800230094CA00200000000001000000C3
:10474C0050F30020000000000000000003000000F7
:10475C00E54001004D4D01009949010000000000A9
:10476C0009000600B4CA002000000000020000008E
:10477C00C8CA002000000000000000000300000078
:10478C00854101004D4D01009949010000000000D8
:10479C000A00010010CB0020000000000100000006
:1047AC0028CB0020000000000000000003000000E7
:1047BC00594101004D4D01000000000000000000B7
:1047CC000B00010014CC002028CC002006000000B7
:1047DC002CCC0020000000000000000004000000B1
:1047EC00F01A012000000000000000000000000092
:1047FC000C00010038CC002028CC00200600000062
:10480C002CCC002000000000000000000400000080
:10481C00F41A01200000000000000000000000005D
:10482C000D00010048CC002000000000000000003A
:10483C000000000000000000000000000500000067
:10484C00714901004D4D0100000000000000000006
:10485C000E0002005CCC00200000000001000000F3
:10486C00DCF1002000000000000000000700000048
:10487C001D5501004D4D010099490100000000003B
:10488C000F00050074CC00200000000001000000A7
:10489C008CF200200000000000000000020000006C
:1048AC008E1B012000000000000000000000000032
:1048BC00100006008CCC002000000000010000005D
:1048CC006CFE00200000000000000000030000004F
:1048DC00454701004D4D01009949010001000000C0
:1048EC0011000200A4CC0020000000000100000018
:1048FC00DCF10020000000000000000003000000BC
:10490C00E54801004D4D01009949010000000000EF
:10491C0012000300C4CC00200000000004000000C2
:10492C000000000000000000000000000200000079
:10493C00141C01200000000000000000000000001A
:10494C0013000C00E0CC002000000000010000006F
:10495C0044FD0020000000000000000005000000E5
:10496C00A14801004D4D01009949010000000000D3
:10497C0014000300FCCC002000000000000000002C
:10498C000000000000000000000000000500000016
:10499C00E95901004D4D010000000000000000002D
:1049AC001500030010CD00200000000002000000E4
:1049BC0024CD0020000000000000000007000000D3
:1049CC008D4201004D4D0100000000000000000070
:1049DC0016000B0038CD0020000000000200000083
:1049EC0068F3002000000000000000000700000039
:1049FC003D5901004D4D0100000000000000000079
:104A0C0017000B0048CD002000000000040000003F
:104A1C000000000000000000000000000400000086
:104A2C007C1C0120000000000000000000000000C1
:104A3C0018000B0060CD002078CD0020060000008F
:104A4C0080CD0020000000000000000005000000E8
:104A5C0089430100ED51010000000000000000003E
:104A6C0019000B008CCD002078CD00200600000032
:104A7C0080CD0020000000000000000005000000B8
:104A8C0089430100ED51010000000000000000000E
:104A9C001A000B00A4CD0020F4C900200B0000006C
:104AAC00C4CD002000000000000000000400000045
:104ABC00781C012000000000000000000000000035
:104ACC001B000B00C8CD002028CC002006000000E5
:104ADC002CCC0020000000000000000005000000AD
:104AEC007D550100ED5101000000000000000000A8
:104AFC001C000100E8CD002028CC0020060000009E
:104B0C002CCC00200000000000000000020000007F
:104B1C00F81A012000000000000000000000000056
:104B2C001D00230000CE0020D4C900200600000088
:104B3C0084CD0020000000009888002002000000B6
:104B4C00FC1B012000000000000000000000000021
:104B5C001E0006000CCE002024CE00200600000013
:104B6C002CCC00200000000000000000040000001D
:104B7C00A41B012000000000994901000000000066
:104B8C001F00060028CE002024CE002006000000C6
:104B9C002CCC0020000000000000000004000000ED
:104BAC00A81B012000000000994901000000000032
:104BBC002000010040CE0020000000000300000097
:104BCC0054CE002000000000000000000500000092
:104BDC00F14601004D4D01000000000000000000F6
:104BEC002100060074CE00208CCE002006000000B0
:104BFC0090CE002000000000000000000200000029
:104C0C00AC1B0120000000009949010000000000CD
:104C1C002200060098CE0020B0CE00200600000036
:104C2C00B8CE002000000000C0CE00200200000022
:104C3C00B01B012000000000994901000000000099
:104C4C0023000600C4CE0020B0CE002006000000D9
:104C5C00B8CE002000000000C0CE002002000000F2
:104C6C00B41B012000000000994901000000000065
:104C7C0024000600DCCE0020B0CE00200600000090
:104C8C00B8CE002000000000C0CE002002000000C2
:104C9C00B81B012000000000994901000000000031
:104CAC0025002300F4CE00200000000004000000CA
:104CBC0000000000000000000000000003000000E5
:104CCC00154101004D4D01000000000000000000E6
:104CDC002600060010CF0020000000000B00000092
:104CEC0034CF002000000000000000000200000093
:104CFC00961B0120000000009949010001000000F2
:104D0C00270001003CCF0020000000000000000044
:104D1C000000000000000000000000000300000084
:104D2C00214301004D4D0100000000000000000077
:104D3C0028000E0058CF00200000000000000000EA
:104D4C000000000000000000000000000300000054
:104D5C00F54201004D4D0100000000000000000074
:104D6C0029000D006CCF00200000000002000000A4
:104D7C007CCF0020000000000000000003000000B9
:104D8C003D4301004D4D01000000000000000000FB
:104D9C002A000D00B8CF0020000000000300000026
:104DAC00C8CF00200000000000000000020000003E
:104DBC00191C012000000000000000000000000091
:104DCC002B000B00D0CF0020000000000A000000D8
:104DDC00C4CD0020B4870020E0CF002002000000EA
:104DEC007D1C0120000000000000000000000000FD
:104DFC002C000B00E4CF0020000000000400000099
:104E0C000000000000000000000000000300000093
:104E1C00D94601004D4D01000000000000000000CB
:104E2C002D000B0000D0002000000000040000004A
:104E3C000000000000000000000000000300000063
:104E4C00D94601004D4D010000000000000000009B
:104E5C002E000B001CD000200000000004000000FD
:104E6C000000000000000000000000000300000033
:104E7C00D94601004D4D010000000000000000006B
:104E8C0038000D0038D0002028CC0020060000008F
:104E9C0054D00020000000000000000002000000C0
:104EAC00281C012000000000000000000000000091
:104EBC0039000D005CD0002078CD002006000000E9
:104ECC0054D0002000000000000000000200000090
:104EDC00241C012000000000000000000000000065
:104EEC003A000D0074D0002028CC002006000000F1
:104EFC0084D000208CD000200000000002000000B4
:104F0C001C1C01200000000000000000000000003C
:104F1C003B000D0094D0002078CD0020060000004E
:104F2C0054D000200000000000000000020000002F
:104F3C00201C012000000000000000000000000008
:104F4C003C000100A8D00020000000000000000080
:104F5C000000000000000000000000000300000042
:104F6C006D4301004D4D01000000000000000000E9
:104F7C003D000D00BCD0002000000000010000002E
:104F8C00D4F200200000000000000000020000002D
:104F9C002C1C0120000000009949010000000000B9
:104FAC003E000100D0D000200000000000000000F6
:104FBC0000000000000000000000000003000000E2
:104FCC00C94301004D4D010099490100000000004A
:104FDC003F000100E0D000200000000001000000B4
:104FEC00F4D00020000000000000000003000000CE
:104FFC00E54301004D4D01000000000000000000E1
:10500C00400001003CD10020000000000000000026
:10501C000000000000000000000000000300000081
:10502C00754401004D4D010000000000000000001F
:10503C0041000C0050D100200000000001000000D5
:10504C0060FD0020000000000000000003000000D4
:10505C00914401004D4D01009949010000000000F0
:10506C005A00070060D1002000000000060000007C
:10507C0074D10020000000000000000002000000BD
:10508C00381C0120000000004161010000000000FC
:10509C005B00070080D1002000000000060000002B
:1050AC0074D100200000000000000000020000008D
:1050BC003C1C0120000000004161010000000000C8
:1050CC005C00070094D100200000000006000000E6
:1050DC0074D100200000000000000000020000005D
:1050EC00401C012000000000416101000000000094
:1050FC005F000700A8D1002000000000060000009F
:10510C0074D100200000000000000000020000002C
:10511C00481C01200000000041610100000000005B
:10512C0064002B00C8D10020B8F10020060000005C
:10513C00E0D100200000000000000000050000008D
:10514C00A5550100ED510100000000000C0000000D
:10515C006E002B00F0D10020B0F100200600000002
:10516C002CCC002000000000000000000500000016
:10517C00A5550100ED510100000000000C000000DD
:10518C0078002B0004D20020A0F1002006000000C3
:10519C002CCC0020000000000000000005000000E6
:1051AC00A5550100ED510100000000000C000000AD
:1051BC0082002B0018D20020ACF100200600000069
:1051CC002CCC0020000000000000000005000000B6
:1051DC00A5550100ED510100000000000C0000007D
:1051EC00A0002B0030D20020ACF100200600000003
:1051FC00E0D10020000000000000000003000000CF
:10520C00A5550100ED510100000000000C0000004C
:10521C00AA002B004CD2002028CC00200600000055
:10522C0064D200206CD200202088002003000000F3
:10523C00A5550100ED510100994901000C00000039
:10524C00B4002B0070D20020B0F10020060000004A
:10525C0034CF00200000000000000000010000001E
:10526C00A5550100ED510100994901000C00000009
:10527C00BE002B0090D20020B0F1002006000000F0
:10528C0034CF0020000000000000000001000000EE
:10529C00A5550100ED510100994901000C000000D9
:1052AC0054010600B0D20020B0CE00200600000051
:1052BC00B8CE002000000000000000000300000039
:1052CC0089450100ED5101009949010000000000E1
:1052DC0055010900CCD200200000000003000000A2
:1052EC00E0D20020000000000000000003000000DD
:1052FC00A14601004D4D010099490100000000003C
:10530C005601090038D3002028CC002006000000EC
:10531C0080CD002000000000000000000300000011
:10532C0025450100ED5101009949010000000000E4
:10533C005701090058D3002078CD0020060000004A
:10534C0080CD0020000000000000000002000000E2
:10535C000C1B012000000000994901000000000016
:10536C005801090078D3002078CD002006000000F9
:10537C0080CD0020000000000000000002000000B2
:10538C00101B0120000000009949010000000000E2
:10539C005901090098D3002078CD002006000000A8
:1053AC0080CD002000000000000000000200000082
:1053BC00141B0120000000009949010000000000AE
:1053CC005A010900B8D300200000000001000000C1
:1053DC00CCD30020000000000000000003000000FF
:1053EC00454501004D4D01009949010000000000A8
:1053FC005B01040010D40020B0CE00200600000099
:10540C00B8CE0020A8870020C0CE002002000000EB
:10541C006C1C0120000000009949010000000000F4
:10542C005C01040028D4002028CC002006000000D9
:10543C002CCC002000000000000000000200000046
:10544C00741C0120000000009949010000000000BC
:10545C005D01040044D4002028CC0020060000008C
:10546C002CCC002000000000000000000200000016
:10547C00701C012000000000994901000000000090
:10548C008001010060D4002000000000000000003A
:10549C0000000000000000000000000003000000FD
:1054AC00594401004D4D01000000000000000000B7
:1054BC0088010D0078D4002054CF00200600000095
:1054CC0084CD0020ACA600209888002002000000AB
:1054DC00301C012000000000000000000200000051
:1054EC0089010D008CD4002054CF00200600000050
:1054FC0084CD0020ACA6002098880020020000007B
:10550C00341C01200000000000000000020000001C
:10551C008A01060078D4002054CF00200600000039
:10552C0084CD0020ACA60020988800200300000049
:10553C0089450100ED51010099490100020000006C
:10554C008B010600A0D40020000000000300000026
:10555C00A01D01200000000000000000030000005E
:10556C00614601004D4D0100994901000100000008
:10557C008E010100B0D40020000000000B000000E0
:10558C0004CA002090A10020C8D400200200000012
:10559C00021B0120000000000000000001000000C0
:1055AC00E1010100D0D40020E4D400200B00000065
:1055BC0034CF0020C0CE0020C8D40020030000004F
:1055CC00394101004D4D01000000000003000000B6
:1055DC00E4010100E8D400200000000000000000FD
:1055EC0000000000000000000000000003000000AC
:1055FC00414201004D4D010099490100000000009D
:10560C00E501090008D500200000000000000000A2
:10561C00000000000000000000000000030000007B
:10562C00714201004D4D010000000000000000001F
:10563C00E601010028D50020000000000100000058
:10564C0040D5002000000000000000000200000017
:10565C00101C0120000000000000000000000000F1
:10566C000702060054D500200000000003000000D3
:10567C00A01D01200000000000000000030000003D
:10568C00294601004D4D0100994901000000000020
:10569C001B02060064D5002054CF00200600000039
:1056AC0084CD0020ACA600209888002003000000C8
:1056BC0089450100ED5101009949010002000000EB
:1056CC008A02010078D500200000000001000000D3
:1056DC0018F3002000000000000000000200000091
:1056EC00111C01200000000099490100000000007D
:1056FC009F02030090D50020000000000400000071
:10570C00000000000000000000000000020000008B
:10571C008C1B0120000000009949010000000000D2
:10572C00A10205008CD4002054CF002006000000FC
:10573C0084CD0020ACA60020988800200300000037
:10574C0089450100ED51010099490100020000005A
:10575C00E6022300A4D50020000000000400000095
:10576C00000000000000000000000000020000002B
:10577C00841C012000000000994901000000000079
:10578C00E7022300C0D50020000000000400000048
:10579C0000000000000000000000000002000000FB
:1057AC00851C012000000000994901000000000048
:1057BC00E8022300DCD500200000000004000000FB
:1057CC0000000000000000000000000002000000CB
:1057DC00861C012000000000994901000000000017
:1057EC00E9022300F8D500200000000004000000AE
:1057FC00000000000000000000000000020000009B
:10580C00871C0120000000009949010000000000E5
:10581C00A402010014D600200000000001000000CA
:10582C0024D600200000000000000000030000004F
:10583C000D4401004D4D010000000000000000006F
:10584C00A802230094D60020E4D400200B00000012
:10585C00C4CD002000000000ACD6002002000000E7
:10586C008A1C012000000000000000000000000065
:10587C0000000000B0D60020D14001000001000063
:10588C00B8D60020D140010000020000C0D6002094
:10589C000000000000030000D0D600200000000033
:1058AC0003040000D8D60020000000000005000012
:1058BC00E4D600200000000000060000ECD600201A
:1058CC000000000006070000F4D6002000000000D5
:1058DC000009000004D7002000000000000B0000AD
:1058EC0010D7002000000000000C000018D700208A
:1058FC0000000000000D000020D700200000000078
:10590C00000E000034D7002000000000002300002F
:10591C003CD70020000000000024000044D70020E9
:10592C0000000000002A000054D70020D1400100E4
:10593C002A2B00005CD70020D14001002A2C00004B
:10594C0064D70020D14001002A2D00006CD7002024
:10595C00D1400100170BF8030AD7233C6F12033B0D
:10596C0000000000000000000000640000000000C7
:10597C00040000000000C8410000484300004843F8
:10598C000000F0410000984200F20547E00F974BF1
:10599C000A8F98C40000000000C09E440000FE4224
:1059AC009A063150000000000000984200F20547B2
:1059BC00E00F974BB87A18C50000000000C09E4459
:1059CC000000FE429A063150000000000000CE425A
:1059DC0000409C450055D74A0000B2C200000000B0
:1059EC0000C09E440000FE429C577C4F000000000B
:1059FC000000000000000000000003000B0B000082
:105A0C0000000000000000000000000000007A44CC
:105A1C000000000000409C45000000000000000059
:105A2C000000C842000000000000C07F0000000021
:105A3C00000000000000C07F00000000000000001B
:105A4C000000C07F00000000000000000000C07FCC
:105A5C00000000000000000000000000000000003A
:105A6C000000204100000000FF0000007810000042
:105A7C00D0406000000000000000010000070000A2
:105A8C00000200000000A0C00000FA430000C84261
:105A9C000000A04001000000000080400000803F9A
:105AAC0000000000000000000000000000000000EA
:105ABC0000000000000000000000000000000000DA
:105ACC0000000000000000000000000000000000CA
:105ADC005C8FA2400000A0400000C84100002040A4
:105AEC00FA000B000301040300000000000000009A
:105AFC00000000000000000000000000000000009A
:105B0C0000000000070005001D9D010000000000C2
:105B1C0000000000708900207DAE01000300000031
:105B2C00A8DA0020BCDA0020ADAA010000000000B9
:105B3C00C0DA0020DCDA002021AE010002000000F7
:105B4C00E0DA0020B8A00020A5AE010002000000A1
:105B5C0040DB0020E0DB0020B5AD010002000000BE
:105B6C00E4DB002000DC002059AD01000200000045
:105B7C0004DC002078890020E9A401000500000065
:105B8C00E1A5010008A1002085A40100050000008A
:105B9C00E1A501003CDC00204DA501000500000042
:105BAC00E1A501009CA60020D9A90100010000007C
:105BBC0040DC0020D886002029AB0100000000004A
:105BCC0064DC0020B0A2002039AD0100040000000C
:105BDC006DAA010074DC002041AD01000000000042
:105BEC000000000078DC002049AD0100000000003E
:105BFC00000000007CDC002051AD01000000000022
:105C0C000000000080DC0020613B0100030000006C
:105C1C0084DC0020A0DA0020D1A9010002000000E1
:105C2C00A4DC0020E8DC0020C9A90100030000006E
:105C3C00F4DC002018DD0020C1A9010003000000E5
:105C4C0024DD00204CDD002009AA01000100000029
:105C5C0050DD002064DD002011AF010001000000C8
:105C6C0068DD002084DD0020BDA9010001000000DA
:105C7C0088DD002064A0002079A90100020000004A
:105C8C009CDD0020DCDD002061A901000300000088
:105C9C00E0DD002004DE002001A901000600000068
:105CAC0051A6010068A00020B9A801000300000063
:105CBC0008DE002020DE0020B1A80100000000005A
:105CCC0024DE002044DE0020A9A801000000000012
:105CDC0048DE002068DE00209DA7010003000000C4
:105CEC006CDE002080DE002095A701000300000080
:105CFC0084DE0020A8DE0020ADA701000300000018
:105D0C00ACDE0020C4DE0020A5A7010003000000CB
:105D1C00C8DE0020F0DE0020B5A701000300000063
:105D2C00F4DE002010DF0020FDA7010003000000BE
:105D3C0014DF002028DF0020F1A701000300000081
:105D4C002CDF002050DF0020E5A70100030000003D
:105D5C0054DF00207CDF0020BDA701000300000001
:105D6C0080DF0020ACDF0020ED3C010007000000CC
:105D7C00C9A50100B4DF0020013E010007000000AE
:105D8C00D9A60100C0DF00207D3D0100030000000A
:105D9C00C8DF0020E8DF0020693A010003000000A2
:105DAC00ECDF002010E00020193B01000300000094
:105DBC0014E0002030E00020353C0100040000001D
:105DCC00CDAA010034E00020ADA6010004000000C3
:105DDC00CDAA010038E00020193F010007000000A7
:105DEC00B1A501003CE000206DA7010007000000F8
:105DFC0039A6010044E000202DA701000600000098
:105E0C003DAA010048E00020F1A6010003000000BB
:105E1C0050E000200101000400C03D4001000004DE
:105E2C0000C03D400132020100803E4001320101C0
:105E3C0000803E400110020100003E4001110201B1
:105E4C0000003E400112020200003E400103010628
:105E5C0000C03D400103020600C03D40011201029A
:105E6C0000003E400200000100C01D400202000183
:105E7C0000C01D400201000100C01D4002100001C5
:105E8C0000001E400222000100401E4002230001BF
:105E9C0000401E4000000000000000000000000058
:105EAC00000000000221000100401E400220000101
:105EBC0000401E4000000000000000000000000038
:105ECC00000000000130020100803E40013102015F
:105EDC0000803E400102000400C03D40010300046C
:105EEC0000C03D4000000000000000000000000069
:105EFC00000000000121010100403E40012102018F
:105F0C0000403E40000000000000000000000000C7
:105F1C000000000000000000000000000110010162
:105F2C0000003E40000000000000000000000000E7
:105F3C00000000000113020600003E4001130106A0
:105F4C0000003E40000000000000000000000000C7
:105F5C000000000000000000000000000000000035
:105F6C00000000000101010100C03D4001010201DF
:105F7C0000C03D400100010100C03D400100020194
:105F8C0000C03D400102010100C03D400102020180
:105F9C0000C03D40000000000000000000000000B8
:105FAC0000000000000000000000000001230101BF
:105FBC0000403E4000000000000000000000000017
:105FCC00000000000120020100403E4000010000E2
:105FDC00B59C010039D10100F5D101000000000091
:105FEC008DD1010059D20100F1D0010059D101002D
:105FFC0069D1010065D201003DD301000DD2010031
:10600C0075D3010021D1010025D2010015D1010069
:10601C00C5D3010095D30100000000000000000072
:10602C000000000000000000B59C0100EDCE010056
:10603C00A9CF01000000000041CF01000DD00100EC
:10604C00A5CE01000DCF01001DCF010019D001001C
:10605C0049D30100C1CF010055D30100D5CE0100B9
:10606C00D9CF0100C9CE0100E1D30100FDD301005D
:10607C00000000000000000000000000C70000004D
:10608C0011000000000000001900000000000000DA
:10609C0000000000C800000011000000000000001B
:1060AC00180000000200000000000000C700000003
:1060BC0010000000000000000000000000000000C4
:1060CC0000000000C80000001000000000000000EC
:1060DC000100000002000000000000000040184019
:1060EC007CC00F40000000031400000075D20100BA
:1060FC001900000002000000000000000000000079
:10610C001800000002000000000000000000000069
:10611C00000002002DD4010085D4010021D801001B
:10612C00000000002DD80100E9D40100C1D4010009
:10613C00D9D50100A1D40100F5D40100CDD50100C1
:10614C00EDD50100000000006DD40100000000003E
:10615C000000000000000000000000000000000033
:10616C000000000000000000160355005300420020
:10617C002000530065007200690061006C00000093
:10618C0018035400650065006E007300790064000C
:10619C00750069006E006F000403090409026200B7
:1061AC00030100C032080B000202020100090400C6
:1061BC000001020201000524001001052401010167
:1061CC0004240206052406000107058203100010B2
:1061DC0009040100020A0000000705030240000048
:1061EC00070584024000000904020002FF6AFF0058
:1061FC000705810240000107050102400001000073
:10620C0009026200030100C032080B000202020105
:10621C000009040000010202010005240010010520
:10622C00240101010424020605240600010705824D
:10623C000310000509040100020A00000007050311
:10624C000200020007058402000200090402000299
:10625C00FF6AC70007058102000201070501020061
:10626C00020100000A060002EF02014001000000DA
:10627C000000000000000000000000000000000012
:10628C000000000000000000000000000000000002
:10629C000548064B1B1AD90F01EBA301491002D07C
:1062AC00034B03B118477047C0020120C002012004
:1062BC000000000008B5054B1BB105490548AFF3BC
:1062CC000080BDE80840FFF7E3BF00BF00000000FE
:1062DC003C12012000000460014B1868704700BF9D
:1062EC004C21012001205170704700BFC0B2012920
:1062FC00084A94BF80F0070C4FF0070C11F0FD0F0B
:10630C00054B82F800C018BF002080F00700187001
:10631C00704700BF30F7002034F700204FF0020028
:10632C00704700BF154B164A93F807315840C30706
:10633C00D2E9001216D5C1F88420124A10F0020FCF
:10634C00114BD2E9001CD3E9002311D0C1F884C051
:10635C00C2F884300D4B4107D3E9002305D5C2F8B0
:10636C0084307047C1F88820E7E7C2F8883070475E
:10637C00C1F888C0C2F88830ECE700BFEC1A0120E5
:10638C00300E0120380E0120400E0120480E012055
:10639C0010B50E4C00214FF00700D4F88C30984704
:1063AC00226A0B490B4BA1FB02125209C3F80021C4
:1063BC00D3F80C2142F00102C3F80C21D3F80821C8
:1063CC0042F00302C3F8082110BD00BF08060120EB
:1063DC00D34D621000400840104AB0F5801FD2F82F
:1063EC00083123F00103C2F8083114D20C4B9B681E
:1063FC00984238BF1846094BC3F80001D3F80C215A
:10640C0042F00102C3F80C21D3F8082142F001023A
:10641C00C3F8082170470348EDE700BF004008406F
:10642C00A8200120FFFF0F0043784BB30021464A00
:10643C00C378417092F805C1444983EA0C0313F008
:10644C00010FD1E900C169D1CCF8881013F0020F0B
:10645C003F49D1E900C169D0CCF8841013F0040F86
:10646C003C49D1E900C169D0CCF8841092F80621DE
:10647C005340394A9B07D2E9001262D5C1F88420F7
:10648C0082788AB3354B30491B7891F8041113404C
:10649C00DFF8E0C032484B409CF800C013F0010F0D
:1064AC0002EA0C0281EA0201D0E900201DD1C2F8F7
:1064BC00880013F0020F2B4AD2E900021DD0C0F85D
:1064CC0084208907284AD2E900021DD5C0F884200F
:1064DC005B07264AD2E900121DD5C1F88420244A54
:1064EC00938943F4005393817047C2F8840013F0EE
:1064FC00020F1C4AD2E90002E1D1C0F888208907BA
:10650C00194AD2E90002E1D4C0F888205B07174A87
:10651C00D2E90012E1D4C1F88820E0E7CCF884106D
:10652C0013F0020F0A49D1E900C195D1CCF88810BB
:10653C0013F0040F0749D1E900C195D1CCF88810AC
:10654C0094E7C1F888209BE7EC1A0120FC0D012090
:10655C00040E0120140E01200C0E012030F7002037
:10656C00882001209020012098200120A0200120CB
:10657C0000801E4034F7002041788378002935D103
:10658C00002B32D0734A7449127891F804111A40D6
:10659C00DFF8E8C171484A409CF800C012F0010FC6
:1065AC0003EA0C0381EA0301D0E9003079D1C3F886
:1065BC00880012F0020F6A4BD3E9000379D0C0F8BF
:1065CC0084308907674BD3E9000379D5C0F8843050
:1065DC005207654BD3E9001379D5C1F88430634A6F
:1065EC00938943F40053938170477047DFF868C177
:1065FC0010B59CF8052190F803E082EA0E02DFF852
:10660C0080E112F0010FDEE9004E35D1C4F888E0CC
:10661C0012F0020FDFF86CE1DEE9004E35D0C4F861
:10662C0084E012F0040FDFF860E1DEE9004E35D0B3
:10663C00C4F884E09CF806E182EA0E02DFF84CE133
:10664C009207DEE9004E45D5C4F884E08BB11942BF
:10665C0043D090F802C0464A464B474982F80CC0DA
:10666C00C3F86012414B52681A809A8942F4005266
:10667C009A810023437010BDC4F884E012F0020F1D
:10668C00DFF800E1DEE9004EC9D1C4F888E012F071
:10669C00040FDFF8F4E0DEE9004EC9D1C4F888E05D
:1066AC00C8E7C3F8840012F0020F2D4BD3E90003A6
:1066BC0085D1C0F8883089072A4BD3E9000385D4EB
:1066CC00C0F888305207284BD3E9001385D4C1F8A1
:1066DC00883084E7C4F888E0B8E7DFF878E09CF805
:1066EC00042126499EF800C0097803EA0C0C1940D5
:1066FC0082EA0C034A401949DC07D1E900C11CD4D9
:10670C00CCF8881016499C07D1E900C11ED5CCF8ED
:10671C00841014499207D1E900C114D5CCF8841027
:10672C00114A5B07D2E900120AD5C1F884200F4A3E
:10673C00938943F4005393819BE7CCF88410E1E7F1
:10674C00C1F88820F3E7CCF88810E9E7CCF888107A
:10675C00DFE700BF30F70020EC1A01208820012071
:10676C009020012098200120A020012000801E40B4
:10677C00A820012000000120BD07000034F70020F4
:10678C00FC0D0120040E0120140E01200C0E012022
:10679C0030483149F8B5D0E90050304B2D68304CB9
:1067AC000542B4F89C2014BF01200020D1E900510F
:1067BC002DED028B2D680D42D3E9005314BF01213E
:1067CC0000212D681D42154660F3861514BF012368
:1067DC00002361F3410563F38205224B1B785B07B1
:1067EC002DD594F89C30C3F3C00383F00103DBB2C6
:1067FC0063F3C3051C4C1D4F9FED1D8A5540A4F13E
:10680C00780694F87430B0EE480A0022012093B157
:10681C0094F86110B4F86430FF2925EA030507D019
:10682C00D7F858319847012802D1B4F864301D4389
:10683C00183CB442E5D12846BDEC028BF8BD0D4B9B
:10684C001B68D3E906130968194214BF01230023FE
:10685C00CEE700BFBC0A0120840A01207C0A01207B
:10686C00EC1A0120F00D0120D8F0002008060120C0
:10687C0000000000240E0120C0680021836E184720
:10688C001249134BD0F804C093F8B430114A18468F
:10689C009CF808C000B5D1E900E1DEF800E01EEA82
:1068AC00010F14BF0121002161F30000D2E9001295
:1068BC000968114214BF0122002262F341004340D7
:1068CC00184643EA0C0363F3000000BDC81C01200A
:1068DC00EC1A0120C01C01200E4B0F4A0F48D3E9C3
:1068EC0000C190F8A200DCF800C003461CEA010FBE
:1068FC00D2E900C114BF01220022DCF800C062F30F
:10690C0000031CEA010F14BF0122002262F34103B1
:10691C00584070478C0A0120B40A0120EC1A01205F
:10692C0072B603680B43036062B67047034672B6D7
:10693C0000681A6822EA01021A6062B6704700BF4A
:10694C00034672B60068196062B6704762B670474B
:10695C0072B670474FF0E023014AC3F80C2D704714
:10696C000400FA05024B03481B68C01A704700BFAD
:10697C0060EE00200000282071B1487860B90B78D7
:10698C00A3F13002012A07D8A3F13103034AB3FA69
:10699C0083F35B091370704703207047C3250120F4
:1069AC00024B0021024A1B68117018472C0E012063
:1069BC00C32501201748184B828A184993F80431D3
:1069CC0022F01002D1F804C082820A68D90716D5C9
:1069DC00C2F884C0124913F0020F124AD1E9000C1C
:1069EC00D2E9001211D0C0F884C0C1F884200E4A3C
:1069FC005B07D2E9001205D5C1F884207047C2F8B4
:106A0C0088C0E7E7C1F888207047C0F888C0C1F893
:106A1C008820ECE700801E40EC1A01208820012021
:106A2C009020012098200120A02001202D49DFF882
:106A3C00D4C08B8A2C4823F010032C4A92F80421E2
:106A4C008B82017B9CF80030DFF8BCC00B409CF8BB
:106A5C0000C0534001EA0C01DFF8B0C013F0010F85
:106A6C0082EA0102DCE9001C23D0C1F884C013F0D7
:106A7C00020F1F49D1E900C123D0CCF88410920732
:106A8C001C49D1E900C123D51B4A5B07CCF8841003
:106A9C00D2E9001223D5C1F88420184B184AC3F848
:106AAC006022104B02681A809A8942F400529A8133
:106ABC007047C1F888C013F0020F0D49D1E900C12D
:106ACC00DBD1CCF8881092070A49D1E900C1DBD49C
:106ADC00094A5B07CCF88810D2E90012DBD4C1F864
:106AEC008820DAE700801E40A8200120EC1A012043
:106AFC009020012098200120A020012000000120DE
:106B0C004507000030F7002034F7002088200120D2
:106B1C0030B5002383B0054614468DF807100DF1EF
:106B2C0007021946012007F05FFF60B19DF807309E
:106B3C00224628466370E9686B69A160237312F8DA
:106B4C00041B08F019F86078FF3818BF012003B057
:106B5C0030BD00BF08B5044B0021D3F8B0211DF0A7
:106B6C00BBFA012008BD00BF0806012008B5044B84
:106B7C000021D3F8B0211DF031FC012008BD00BF6D
:106B8C000806012010B5044B01241C7024F04AFDAA
:106B9C001DF0E8FC204610BDB4250120154A034623
:106BAC00107800B9704730B585B001931DF0C8FC62
:106BBC000021029002A8039124F03AFB019B00F102
:106BCC0020010C4A0468103050F80C5C103350F85B
:106BDC0008EC50F804CC884243F8104C43F80C5C99
:106BEC0043F808EC43F804CCECD101681960107838
:106BFC0005B030BDB425012008B51DF043F90021C6
:106C0C0008BD00BF3A4B4FF0000C3A49D3E90002E3
:106C1C0000B5006883B0DFF8ECE01042CDF800C09E
:106C2C009EF8273114BF01200020D1F800C0DAB241
:106C3C004968DCF800C060F300022F481CEA010F21
:106C4C008DF80030D1B28DF8002018BF4FF0010E36
:106C5C002A4A08BF4FF0000E8DF80230D0E900C070
:106C6C006EF34101DCF800C08DF80010D9B21CEABB
:106C7C00000FD2E900C014BF01220022DCF800C0D2
:106C8C0062F341019DF800201CEA000F8DF8021000
:106C9C0014BF0121002161F382028DF8002043B161
:106CAC009DF80210D2B25A404B408DF800208DF85E
:106CBC00023017F05DFA10F0180F09D1104B1B7849
:106CCC0013B9009803B000BD17F052FA4307F8D47B
:106CDC009DF802209DF8003022F0040223F00403FA
:106CEC008DF802208DF80030009803B000BD00BF75
:106CFC00940A01209C0A0120A40A0120AC0A01205C
:106D0C00C3250120EC1A01202DE9F047804682B002
:106D1C00214F4FF02C0988F0010608468A463C7832
:106D2C0001F024F80190013C786809FB04F5421944
:106D3C00D2E906329A61B8F1000F02D05FFA8AF1FB
:106D4C0051B9C6B15969012621EA02025A61002CD7
:106D5C00E9D102B0BDE8F087405D00F0A1FF7A6890
:106D6C002A4411699369B1F5007FD2690AD09DF864
:106D7C0005100142E6D1596900260A435A61002CDC
:106D8C00D1D1E6E79DF804100142DBD15969002608
:106D9C000A435A61F3E700BFFC100120536810B599
:106DAC00012B82B08DF8071013D01078144601F027
:106DBC000BF8012103460DF10702084607F014FEFB
:106DCC0088B19DF807006070FF3818BF012002B031
:106DDC0010BD117A436999420BD05078FF3818BF17
:106DEC00012002B010BD6078FF3818BF012002B03E
:106DFC0010BD836A002BF0D09DF807005070FF384F
:106E0C0018BF012002B010BD074B01220021162033
:106E1C0010B51A701DF060F8044B1B6813B1BDE877
:106E2C001040184710BD00BFB3250120701201207F
:106E3C00194A0346126800B583B012B1019090470D
:106E4C00019B40F20112DFF858C013409CF800205F
:106E5C0014BF012100218A4204D1104B1A7892B937
:106E6C0003B000BD1B2001938CF800101DF034F80A
:106E7C00019B002BF1D0002116201DF02DF8074BA3
:106E8C001A78002AECD0002116201DF025F80022DB
:106E9C00024B1A7003B000BD80120120B3250120F3
:106EAC00A125012008B50221044810F0F3FC044B85
:106EBC0000216420DB6B984728F0CAF8107B002077
:106ECC0008060120344AD2F8083123F00303C2F833
:106EDC000831002844D0314A314992F8043113F07A
:106EEC00010FD1E9000100B53BD1C0F888102D4944
:106EFC0013F0020FD1E900CE2B49D1E900013CD0AF
:106F0C00CCF884E05B07C0F884102849D1E9000173
:106F1C003CD5C0F8841092F80531254913F0010FC7
:106F2C00D1E9000135D0C0F88410224913F0020FCA
:106F3C00D1E900011BD0C0F884101F4913F0040FD5
:106F4C00D1E9000110D0C0F8841092F806111B4A48
:106F5C004B409B07D2E900120CD5C1F8842000BD30
:106F6C007047C0F88410C2E7C0F88810EDE7C0F88D
:106F7C008810E2E7C1F8882000BDCCF888E05B07F8
:106F8C00C0F888100949D1E90001C2D4C0F88810B2
:106F9C00C1E7C0F88810C8E700400840EC1A01208F
:106FAC00882001209020012098200120A020012081
:106FBC00FC0D0120040E0120140E01200C0E0120EA
:106FCC000E4B0F4A93F8A2305840C307D2E9001277
:106FDC0009D5C1F8842081070A4BD3E9002309D5D0
:106FEC00C2F884307047C1F888208107054BD3E97B
:106FFC000023F5D4C2F88830704700BFEC1A01208A
:10700C008C0A0120B40A0120074BD3F80C21D207BB
:10701C0009D5D3F80C21054942F00102D1F89C1096
:10702C00C3F80C21084770470040084008060120AF
:10703C000A4B00B51B6883B09847094B1A6852B1CC
:10704C001A68013A1A6032B9596821B1019288471D
:10705C00034B019A5A6003B000BD00BF48210120C8
:10706C007810012028B170B50C4C2060616049B1DA
:10707C0070BD0A4B1A6812B1012258601A6001B136
:10708C00084770472368002BF2D0054B5D6D17F055
:10709C006FF8A8472368002BF7D170BD781001203A
:1070AC00E004012090F820309B070AD50C4BD0E966
:1070BC000221521A59801A829A8942F400529A81FA
:1070CC007047074B9A89C2F30C029A81DA8922F035
:1070DC000802DA81DA8942F00402DA81704700BFD3
:1070EC0000001E402E4AC36811F0010092F8B42033
:1070FC000FD193F8201060F3861183F82010490704
:10710C0022D5284B9207D3E9001322D5C1F884303D
:10711C007047C1F34001234800B5C2F3400E7145DE
:10712C00D0E900C026D0CCF8840093F82010490791
:10713C0012D5910721D593F82020CCF8880042F085
:10714C00400283F8202000BD174BD007D3E9001371
:10715C00DCD4C1F8883070471349D207D1E900015B
:10716C0014D493F82020C0F8841042F0400283F825
:10717C00202000BDCCF88800D7E793F82020CCF86D
:10718C00840042F0400283F8202000BD93F82020B8
:10719C00C0F8881042F0400283F8202000BD00BFE8
:1071AC00EC1A0120C01C0120C81C0120C068C26858
:1071BC0090F820308A420DD003F04802082A2AD0D9
:1071CC008268224B521A59801A829A8942F40052D0
:1071DC009A8170471A0714D523F040031C491A46AC
:1071EC0080F8203091F8B43051070CD519499B0721
:1071FC00D1E900C10CD4CCF888109206E9D5C1694C
:10720C00DEE7FFF74FBF1449DB07D1E900C1F2D528
:10721C00CCF88410F1E70E4A5B0792F8B4200DD538
:10722C000C4B9207D3E900C30DD5CCF8883090F8FD
:10723C00203043F0400380F82030C1E7064BD207E2
:10724C00D3E900C3F1D4CCF88430F0E700001E4041
:10725C00EC1A0120C01C0120C81C012038B5C368E1
:10726C005FFA81FC93F82020540726D51CF0020FFE
:10727C0048D0B5EE400AF1EE10FA01D114076DD4E6
:10728C00DFF81CC1444A9CF8B4C01CF0020FD2E9D0
:10729C00001234D0C1F8882093F8202005469C6E4B
:1072AC00002142F04002184683F82020A0470146F6
:1072BC002846BDE83840FFF779BF1CF0010F21D0FC
:1072CC00DFF8D4E0C1F34001DFF8D4C0DEE90045BB
:1072DC009CF8B4E0CEF3400E714537D0B5EE400AC1
:1072EC00C4F88450F1EE10FA01D1120738D49CF88E
:1072FC00B4C02A4A1CF0010FD2E90012CAD1C1F85D
:10730C008420C9E793F82020254822F04002D1B20E
:10731C0083F8202090F8B42049070BD41F49D407D8
:10732C00D1E900010BD5C0F884101846BDE83840EF
:10733C00FFF7B8BE18499507D1E90001F3D4C0F89E
:10734C0088101846BDE83840FFF7ACBEB5EE400AD1
:10735C00C4F88850F1EE10FAC7D0C8E7DFF840C087
:10736C0093F8202022F0400283F82020D2B29CF81F
:10737C00B430550707D5084A9807D2E9001207D54B
:10738C00C1F8842038BD054ADB07D2E90012F7D4D6
:10739C00C1F8882038BD00BFC01C0120C81C0120CA
:1073AC00EC1A0120F0B5494C83B00523A4462246C3
:1073BC0092F86110013B183A884212D103EB430357
:1073CC000CEBC3039E889B783546042B0DD056B12D
:1073DC0029041CD53E4B1B6F284603B0BDE8F0407A
:1073EC001847002BE4D103B0F0BD394B01469FED9B
:1073FC00390A0022D3F8583101209847B0FA80F0AE
:10740C00400960F3CF35AEB2002EE1D1EBE7324844
:10741C00DFF8DCC03149324ABCF89C50D0E900E0BE
:10742C002B46DEF800E01EEA000FD1E900010768E8
:10743C00D2E900E014BF01220022DEF800E00F4286
:10744C0062F38613274A14BF0121002112781EEA29
:10745C00000F61F3410314BF01210021520761F3B6
:10746C0082032BD4204A1268D2E906120968114211
:10747C0014BF0122002262F3C3035D40144B94F845
:10748C00741000229FED130AB1B1B4F8641025EA10
:10749C00010594F86110FF290AD0D3F85871012026
:1074AC000193B8470128019B02D1B4F8642015431D
:1074BC00183C0E4AA242E2D135438CE79CF89C2042
:1074CC00C2F3C00282F00102D2B2D4E7D8F000209D
:1074DC000806012000000000BC0A0120840A0120DB
:1074EC007C0A0120F00D0120240E012060F0002008
:1074FC00EC1A01202DE9F0434FF0844E87B0DFF8F1
:10750C00DCC20F25DEF818004FF00109DEF814304C
:10751C00A04C1840A04FA14E0290DCF81810DCF8DB
:10752C00143019400391A26963691A400492BB6933
:10753C00D7F8148003EA08034FF000080593CEF83F
:10754C001800CCF81810A26106F51A74BB612C2730
:10755C0006E02369B3F5801F09D0B4421ED02C3C41
:10756C00013D07FB05631B8913F4787FF1D094F878
:10757C002030E2690DEB83039B681342EDD007FBCF
:10758C000562537A82F82290DB0910D12369B3F596
:10759C00801F25D0B44248EA0308E0D118F4C06F2C
:1075AC007CD118F4807F1FD107B0BDE8F08328226E
:1075BC0021467B4805F05EFD0028E7D0D4E9061291
:1075CC004B6923EA02034B612378032B00F0CA803A
:1075DC00CD2BC2D1734A137843F008031370BCE768
:1075EC0020461BF021FCB8E76F4B704A7049DFF85E
:1075FC00E481B1F89C50D8F87070D3E900030068AE
:10760C0018426C4BD2E9000214BF01260026006818
:10761C001042D3E900202B46146814BF012200222B
:10762C0066F38613044262F341035E4A14BF0120E1
:10763C000020127860F38203520700F1A2805E4AA8
:10764C001268D2E906120968114214BF0122002205
:10765C0062F3C303594C5D40A4F1780694F874307E
:10766C0000229FED570A012093B194F86110B4F8F1
:10767C006430FF2925EA030507D0D8F8583198471C
:10768C00012802D1B4F864301D43183CB442E5D152
:10769C0028463B4607B0BDE8F0431847494B00204D
:1076AC00434C0090D3E9001294F8273109688DF807
:1076BC0002301142DAB2444918BF012060F30002D3
:1076CC00D1E900018DF8002002680A429DF80020E3
:1076DC003E4914BF0120002060F34102D1E90001B2
:1076EC008DF8002002680A42DAB2394914BF012031
:1076FC00002060F34102D1E900018DF802200268FC
:10770C000A429DF8002014BF0121002161F382027E
:10771C008DF8002043B19DF80210D2B25A404B4074
:10772C008DF800208DF8023016F022FD10F0180FA5
:10773C001ED09DF802209DF8003022F0040223F0A8
:10774C0004038DF802208DF800300098019008F0A9
:10775C00B3FBC0B200283FF424AF1E4B00981B6E45
:10776C0098471EE70F4A137843F004031370F4E6AE
:10777C00194B1B78002BE8D016F0FAFC4107D8D532
:10778C00E3E791F89C20C2F3C00282F00102D2B26E
:10779C005EE700BF0080004200C0004250F40020B1
:1077AC0071150000F00D0120BC0A0120840A012093
:1077BC00EC1A01207C0A0120240E0120D8F00020B4
:1077CC0000000000940A01209C0A0120A40A012058
:1077DC00AC0A012008060120C3250120004000420C
:1077EC00F0B5037885B0032B04D17E4A137823F0CF
:1077FC0004031370038903F47873802B0BD0D0E946
:10780C00062114680C420CBF01240024403B18BF15
:10781C0001239C4261D003690446B3F5806F6CD0A0
:10782C0060D8B3F5807F65D16F4B704A7049176F84
:10783C00704AB1F89C50D3E90003006818426E4BB3
:10784C00D2E9000E0668D3E900202B46D2F800C01E
:10785C0014BF0122002216EA0E0F62F3861314BF26
:10786C00012200221CEA000F62F341035D4A14BF9F
:10787C0001200020127860F38203520740F1A880A7
:10788C0091F89C20C2F3C00282F00102D2B262F3E2
:10789C00C3035D40594B93F8741000229FED580AB6
:1078AC00B9B1B3F8641025EA010593F86110FF290A
:1078BC000BD0019301204D4BD3F858319847012838
:1078CC00019B02D1B3F864201543183B4D4A9342F7
:1078DC00E1D12846B847D4E9062153690B435361DB
:1078EC0005B0F0BDB3F5801F01D11BF09DFAD4E9B2
:1078FC000621F2E7B3F5007FF9D1434B00203C4D54
:10790C000290D3E9001295F8273109688DF80A30F6
:10791C001142DAB23D4918BF012060F30002D1E9EF
:10792C0000018DF8082002680A429DF808203849A9
:10793C0014BF0120002060F34102D1E900018DF851
:10794C00082002680A42DAB2324914BF0120002032
:10795C0060F34102D1E900018DF80A2002680A4265
:10796C009DF8082014BF0121002161F382028DF8DB
:10797C00082043B19DF80A10D2B25A404B408DF802
:10798C0008208DF80A3016F0F3FB10F0180F12D106
:10799C00214B1B785BB90298039008F08DFAC0B2AA
:1079AC000028A4D0114B02981B6E98479FE716F045
:1079BC00DFFB4107EFD49DF80A209DF8083022F038
:1079CC00040223F004038DF80A208DF80830E2E756
:1079DC00124A1268D2E906120968114214BF012238
:1079EC00002254E7F00D0120BC0A012008060120FA
:1079FC00EC1A0120840A01207C0A0120D8F0002016
:107A0C000000000060F00020940A01209C0A012074
:107A1C00A40A0120AC0A0120C3250120240E012058
:107A2C00D0E9063229B9596921EA020159619A61F2
:107A3C00704704292FD092FAA2FC0229BCFA8CFCC4
:107A4C0000B54AD0082932D0A1F10101B1FA81F177
:107A5C0049094900D3F81CE0BCF10F0F2EEA020EC5
:107A6C00C3F81CE026DC4FEA4C0C4FF0030E01FA75
:107A7C000CF10EFA0CFED3F80CC02CEA0E0C4CEAEE
:107A8C000101D9609A61016911F4C06F02D1596981
:107A9C000A435A6100BDD9691143D96101699A61E0
:107AAC0011F4C06F05D159690A435A61704702211C
:107ABC00D0E77047ACF1100C4FF0030E4FEA4C0CB2
:107ACC0001FA0CF10EFA0CFED3F810C02CEA0E0CD5
:107ADC004CEA010119619A61D5E70321BAE700BFAD
:107AEC0000487047A8F20020014B1878704700BF7F
:107AFC00A9250120F8B5124DC6B204460F46AB6F4E
:107B0C009847C0B2B04209D06B6F2046984707B176
:107B1C002EB92020BDE8F84019F058BFF8BD07EE8B
:107B2C00907A084B9FED080AF8EE677A987887EE02
:107B3C00800A0BF0F7FB2020BDE8F84019F046BF97
:107B4C00080601204809012000007A44134B1978DB
:107B5C00B1B95B78A3B91249024600B583B0496F3D
:107B6C000092019388479DF800201AB10D4AB2F893
:107B7C00A42032B9202003B05DF804EB19F026BF25
:107B8C00704707EE902A9FED080A0198F8EE677A85
:107B9C0087EE800A0BF0C6FBECE700BF480901201A
:107BAC0008060120EC1A012000007A4410B50446A6
:107BBC0016F0DEFA022801D1012010BD0DF0A0FD57
:107BCC000028FAD02046FFF7C1FFF5E700295CD06A
:107BDC0084462F4A2DE9F0414718DFF8C0804FF654
:107BEC00FF7040F60F762B4C43F233352A4945F2A1
:107BFC00555E1CF8013B4340BC454FEA132040EA5C
:107C0C00032303EA040003EA060380B24FEA1010D0
:107C1C0040EA031000EA010300EA05009BB24FEAB8
:107C2C00930343EA800303EA020003EA0E0380B2E3
:107C3C004FEA500040EA4303C3F3072038F8100022
:107C4C0080EA0323C3F3072040EA032000EA04037D
:107C5C0000EA06009BB24FEA131343EA001303EA4F
:107C6C00010003EA050380B24FEA900040EA83006A
:107C7C0000EA020300EA0E009BB24FEA530343EA08
:107C8C00400398B2B5D1BDE8F0814FF6FF70704754
:107C9C00AAAAFFFFF0F0FFFFCCCCFFFF40060020AC
:107CAC0003464FF000002B2B11D80E2B19D90F3B8C
:107CBC0001221349DBB202FA03F30B4215D111492D
:107CCC000B4219D110490B4212D0104670477E2B33
:107CDC000FD0872B06D07F3BDAB2072A01D80120C0
:107CEC00984070474FF0030070474FF00400704706
:107CFC0070474FF0070070474FF00200704700BF0D
:107D0C000404001E0202F00001810700104A92F8E0
:107D1C001832E3B90F4892F8151290F8900192F8C6
:107D2C00172221EA000122EA00020B4801F00701A8
:107D3C0002F0070281F0070C6CF3070382F0070CCA
:107D4C0061F30F236CF3174362F31F6303607047F7
:107D5C0008060120EC1A012084100120024B82B08D
:107D6C00186802B0704700BF84100120144B93F8C0
:107D7C00183213B1134B18687047124AC0B210B5C1
:107D8C0092F800C082B0947892F803E0517844EAFB
:107D9C000C0C1A4660F307034EEA01016CF3070260
:107DAC0060F30F2361F30F2260F3174364F3174260
:107DBC0060F31F636EF31F6202EA030002B010BD92
:107DCC00080601208410012000B50B4B8646B42216
:107DDC0093F898C5013A01210020F44504D1D3F859
:107DEC009C05B0FA80F14909083B0AB10029EFD192
:107DFC0000B100BD014800BDA03500600482002028
:107E0C00103803280BD8074B00B585B00DEB800C50
:107E1C000FCB8DE80F00DCF8000005B000BD002092
:107E2C00704700BF400800200D2803D8012303FA37
:107E3C0000F0704700207047C0F3072303F03803AD
:107E4C00082B01D00C48704710B5C0F383408AB0A2
:107E5C00DFF828C00DEB8004EE46BCE80F00AEE85E
:107E6C000F00BCE80F00AEE80F009CE803008EE8A2
:107E7C00030020680AB010BD0882002050080020C2
:107E8C0000487047B4F20020D0F810C010B5DCF8F0
:107E9C003C4082B0002C3FD0027D0346204922F0AA
:107EAC0020028DED010A02751E4A82ED1D0A002288
:107EBC0080ED000A8260CA8B120A42F040024276C0
:107ECC00012088771876CA7F0243CA775A7E02430C
:107EDC005A766422DCF80430DA60A0479DED010A82
:107EEC00D0ED007A20EE270AB5EE400AF1EE10FA3A
:107EFC000FD00D4B9FED0D7AD3ED1F7A67EE877A7D
:107F0C00B4EEE70AF1EE10FACCBF2B20002002B041
:107F1C0010BD292002B010BD142002B010BD00BF4E
:107F2C0048090120940F0120EC1A01206666663F77
:107F3C000D4B10B5DB6E0446984710F0080004D0CA
:107F4C00082C03D8601F18BF012010BD402C04D88A
:107F5C003D2C94BF0020012010BD433C012C8CBF54
:107F6C000020012010BD00BF08060120084B93F82B
:107F7C009320013202F0030202EB420183F89320BA
:107F8C0003EB810307C8943383E8070019F052BC54
:107F9C00940F0120F0B501F11C0783B00E4600F1DF
:107FAC001C0105460C223846019122F05DFC604B09
:107FBC0001999B6A7BB195F82C3096F82C20534094
:107FCC0013F0010307D1AB6A5B68DA68B36D9A42B0
:107FDC0000F0A9800123574C2371002840F09380B6
:107FEC00B27906F13C07AB799342237816BF012195
:107FFC000021AA7161F382032A79237033792178E5
:10800C009A4282EA030018BF2B7160F3C301B27865
:10801C00AB7821709342237816BF01210021AA70FE
:10802C0061F34513EA782370F37821789A4282EA57
:10803C00030018BFEB7060F38611EB793846F279C8
:10804C0021709342637816BF01210021EA710C2242
:10805C0061F3000305F13C016370019122F004FC13
:10806C00002856D196F82E2095F82E30934263783E
:10807C0016BF0121002185F82E2061F34103307DCC
:10808C0063702B7D8342637814BF0122002262F35C
:10809C00C303637004D005F10801287513F0ACFF1D
:1080AC00727F6B7F9342637816BF012100216A7740
:1080BC0061F345136A796370737961789A4282EA45
:1080CC000300727E18BF6B7160F386116B7E61705A
:1080DC009342A37816BF012100216A7661F3C30392
:1080EC00A98DA370B38DA278994214BF01210021F0
:1080FC0061F30412A27002D00F4AAB85D38303B094
:10810C00F0BD012323710B46F0697968BA6807C387
:10811C0066E76278019B42F00102F06B316C627091
:10812C00726C07C39EE7034C0028EAD1207157E715
:10813C00940F0120740C012048090120164B9A69F8
:10814C0010B582B0B2B10C46DB699847034674B1E6
:10815C00006860B1019324F04BFA01301FF0F0FD80
:10816C00019B206018B1196824F082F9019B5868B2
:10817C0002B010BD094B0446DFF824E0D3F8D4302C
:10818C00F446186859689A68DB68ACE80F007046CA
:10819C00CEF8104002B010BDE0040120940F012075
:1081AC005424012008B50C201FF0CAFD80B10A4BE5
:1081BC008446DFF828E093E80700DEF800308CE80E
:1081CC00070033B11A469B68002BFBD1C2F808C0DC
:1081DC0008BDCEF800C008BD800F0120A8120120F8
:1081EC00064B9B691BB1064BC3F8D4007047044B7C
:1081FC000269D3F8D4301A61704700BFE004012043
:10820C00940F01201F49B7EE007A0022A1F10C0057
:10821C000B4610B473ED017A5200F4EE477AD2B2E9
:10822C00F1EE10FA18BF42F001029842F2D1F7EECB
:10823C00007A154B4FF0000C144CC3ED057AC3F8C3
:10824C0008C0C3ED047AC3F804C0C3ED037AC3F8C5
:10825C0000C0002384F82F3031ED017A5B00B4EEBE
:10826C00677ADBB2F1EE10FA18BF43F001038142DA
:10827C00F2D1934201D110BC7047022010BC19F00E
:10828C00A5BB00BFE0FD0020C8FD0020940F01201D
:10829C0030B500F1360483B04723124DE4B22B8085
:1082AC003B2C204628BF3B200AF074FE0190284648
:1082BC0024F09EF90199284422F096FF3B2C02D819
:1082CC00084803B030BD084A0346A4F13B001288AD
:1082DC001A800AF05FFE0146284622F0DDFB0148B9
:1082EC0003B030BD300D0120587E0020004870478F
:1082FC00D4FD0020094BB7EE007A0020A3F10C024C
:10830C0073ED017A4000F4EE477AC0B2F1EE10FA48
:10831C0018BF40F001009A42F2D17047E0FD0020F6
:10832C0000B5034683B001B3174940F20112B1F80E
:10833C0018118A4319D0019017F0D6FD0028019B23
:10834C0013DB00EB4000114A184402EB830102EBF3
:10835C00800291ED027AD1ED0F7A92ED250A30EE82
:10836C00070A30EE270A03B000BD084A02EB83006F
:10837C0090ED020A90ED327AD0ED0F7A30EE070ACA
:10838C0030EE270A03B000BDEC1A0120940F012037
:10839C0070B5A0B3022802D02A4BD87170BD01EB86
:1083AC00C10C294B07EE902ADFF898E003EB8C0305
:1083BC00F8EEE77AD3ED0C6A01F10E0387EEA67A9C
:1083CC000EEB8303D3ED017AF4EE477A83ED017A59
:1083DC001E4BF1EE10FA9B6914BF4FF0010C4FF0DD
:1083EC00000C43B38EF80700BCF1000FD6D04FF44D
:1083FC00806019F0EBFABDE8704019F01BBADFF899
:10840C0044E08446114A0021DEF8D43095690EF11F
:10841C004802A3F10C0672ED017AF5EE407A116078
:10842C00F1EE10FA18BF4CF0010C05B99960043B41
:10843C00B342F0D1D6E7DEF8D43003EB810383ED01
:10844C00007ACFE7940F0120EC1A0120E004012000
:10845C0071B1012905D10222002381700270437091
:10846C007047012202230021027043708170704713
:10847C000A4601230221027043708170704700BFCD
:10848C002DE9F0476F4F86B097F88160002E51D0E0
:10849C006D4D00216D4CD82228466D4E22F0B8FA55
:1084AC0094F81E31D9067CD5F369D4F8A00198470D
:1084BC004368C5F8D430002B73D0B369002B79D046
:1084CC00644B1C682CB12046A4681FF041FC002CA6
:1084DC00F9D1FB8B0020604CAB85EC6614F0BAFF35
:1084EC00A862FFF78FFEA4F11401287D13F084FD20
:1084FC0010B9B3680720984797F88130002B45D006
:10850C00524B93F81D319B0766D5736C43B153499D
:10851C00002208680292CDE9002200286CD098470E
:10852C000AF0FEFCF36A002B38D0474806B0BDE8D1
:10853C00F0471847444D03AB804605F13C0495F8D1
:10854C00149095F807A094E8070083E80700C82268
:10855C003146284622F05CFA03AA414BD5F8D4C028
:10856C00D3F8283107CA84E80700DCF81020C5F8D6
:10857C00882013B1314660469847354EB8F1000F4C
:10858C009ED085F8149085F807A099E7736C002BA2
:10859C00C5D10AF0C5FCF36A002BC6D106B0BDE804
:1085AC00F087F369002098474368C5F8D430B36965
:1085BC00002B85D1D5F8D420136053609360D36021
:1085CC00136194F81E31DA067FF57AAFD4F8A02146
:1085DC00D5F8D4301A6173E722490B2013F00CFD47
:1085EC0008BBB36807209847736C002B98D097F89A
:1085FC008120002A8BD192E74C6894428FD18C68F1
:10860C0094428CD10A460590CDE9030052F8C00F74
:10861C00002884D15068002881D1D1F8C8100029D5
:10862C007FF47DAF7CE795F993304FF00C019422E9
:10863C0013FB01231D440B4B93E8070085E807004F
:10864C00D2E700BF48090120940F0120EC1A012049
:10865C00E0040120A8120120B00F01209C0F012082
:10866C00080601205C10012000487047B00F012063
:10867C0008B50022054BC3E900229A6015F00AFAEE
:10868C001020BDE8084019F0A1B900BFB00F0120BF
:10869C0008B5054A054B50765B6F98472020BDE81E
:1086AC00084019F093B900BF940F0120080601206F
:1086BC0040B110B504462046A4681FF049FB002CBD
:1086CC00F9D110BD704700BFE8B10F4A0346D2F88C
:1086DC00C82000B583B012B101909047019B1A7865
:1086EC002AB9184603B05DF804EB1FF031BB1846ED
:1086FC00002101930FF0CEF8019B184603B05DF8F2
:10870C0004EB1FF025BB7047E0040120014B1868F7
:10871C00704700BFA00E012038B510B12A4A13785B
:10872C0013B10023184638BD51780029FAD1274CD3
:10873C00054601462046FFF72DFCA96C224A244B26
:10874C002167A98DD1839A78D10636D410072CD401
:10875C005A78110720D4520619D41B7983B194F896
:10876C002C10A06A01F0010114F0C2FF50B1194B9A
:10877C0094ED090A217FA06AB3F8AC2015F01CF91E
:10878C000123CFE7A96DA06A14F026FFEFE70820BC
:10879C0019F01CF90E4BE0E74FF4007019F016F9C4
:1087AC0019F048F80A4B5A78D5E70A4A607EB2F8B5
:1087BC00A410FFF79FF9064BCAE7D5E914010CF09A
:1087CC0009F8034B9A78C1E748090120940F01205E
:1087DC00740C0120EC1A01202DE9F04703780446B3
:1087EC0082B0581E1F2804D814F8013F581E1F28A9
:1087FC00FAD93B2B58D02F2B52D02378002B70D08A
:10880C0091468A46651CA0460026202B09D9292BA7
:10881C0005F1FF371AD03B2B14D0282B0CD0002E8F
:10882C002DD015F8013B002BEFD10023204688F802
:10883C00003002B0BDE8F0872E4615F8013B002B46
:10884C00E3D1F2E7002EECD13E70EEE78EB1434B54
:10885C0093F891306BB905F8013C414B93F80A320F
:10886C001B0729D4B9F1000F55D0D9F80030002BD3
:10887C0039D015F8013B0026002BC6D1D5E7A3F162
:10888C00610103F05F004246C9B2192998BF034643
:10889C0002F8013B904615F8013B002BB5D1C4E71B
:1088AC00304B1B89D80605D500232046237002B017
:1088BC00BDE8F0870134A0E73378002BD9D0B9F1AB
:1088CC00000F03D0D9F80030002BD2D1264BD3F8AF
:1088DC00CC30002BCDD03046002698478AF80000CB
:1088EC009FE7A046A1E7204BD3F8C4203AB130460D
:1088FC0000939047009BC9F800000028B9D10422CE
:10890C001A493046009322F065F9009B38B1327851
:10891C00002ADCD1ADE73378002BAAD0D6E7BA1BFE
:10892C000193D71E009238461FF00AFAC9F80000CE
:10893C00DDE900230028EAD03379202B0CD1731DFC
:10894C00194613F8017B202FFAD0771C17447F1A95
:10895C003A461BF05BFD8CE7311DF9E7940F0120C3
:10896C000806012048090120E00401202897002076
:10897C002DE9F04FDFF8FCA100227A4EDAF808312D
:10898C0096F88D502DED028B934218BF85F00105A2
:10899C00B1B01B928DF86B2025B19B1A18BF012327
:1089AC0086F88D301BAA0DF16B01FFF715FF9DF8B2
:1089BC006B800446B8F1000F09D10378252B0CD03D
:1089CC007BB91B9808B1FFF77FFE9DF86B80404682
:1089DC0031B0BDEC028BBDE8F08F4378002B00F07A
:1089EC00AF80614DF02200215E4E284622F010F837
:1089FC004FF000020023B6468DF8282005F1080C34
:108A0C00F26E1F4607930B92ADF81830BEE80F00BC
:108A1C00ACE80F00BEE80F00ACE80F00BEE80F009A
:108A2C00ACE80F009EE807008CE807002378242BA5
:108A3C0000F00883224601231C9300231E9392F816
:108A4C0000B0CDE91F33BBF1000F01F06584BBF121
:108A5C00400F8CBF00230123BBF1240F08BF002360
:108A6C00BBF15A0F88BF43F001030993002B40F070
:108A7C000C83BBF14F0F00F0ED821CAB1DAA2046FE
:108A8C00194605930AF0B8FB002800F0BD84099B39
:108A9C00994608EE103A0C930893DDED1D7AF4EE2E
:108AAC00677AF0EE676AF1EE10FA13D6B6EEE77A53
:108ABC00BCEEC77A9FED2D6AF8EE475A8DED1E7A03
:108ACC0077EEE57A67EE867AF8FE677AFCEEE77A5F
:108ADC00B0EE678ABBF1470F4ED0BBF14D0F40F0A3
:108AEC00BF802B78412B00F03381DDF87890B9F101
:108AFC00630F40F2BF811E4B0022D3F8FC30209252
:108B0C00002B00F0AA8018EE102A1FFA89F0002A18
:108B1C0000F0D98200EB800000EB800002EB8000BB
:108B2C0080B298478146002800F097801E9B18EE73
:108B3C00102A03EB830303EB830302EB8303C8E2EA
:108B4C00037096F88D30002B00F0A282002D40F0BF
:108B5C00758396F88C30002B41F0108339238DF8F7
:108B6C006B302EE7940F0120A40E01200000C842A8
:108B7C00E004012008060120002320931E9B632B98
:108B8C006BD8DFE813F02903290329032903890390
:108B9C0029036A00770377036A003D036A006A00C1
:108BAC006A006A006A006A006103610361036A0378
:108BBC006A036A006A006A006A006A006A003D0380
:108BCC006A003D036A006A00A9036A006A006A0031
:108BDC006A00C4066A00BD066A006A0091036A0056
:108BEC006A006A006A006A009103E603E6036A0001
:108BFC008903D702D702D702D702D702D7026A005D
:108C0C00A6066A006A006A0091066A006A006A0099
:108C1C006A006A006A006A00AF026A006A00A9036F
:108C2C006A006A006A00DD06AF02AF02AF02AF0253
:108C3C00AF02AF026A006A00AF02C903C9033D0369
:108C4C00BF03BF03B406FD03FD03DC03DC03844B4D
:108C5C0093F82C31580700F1E3814FF01408B6E675
:108C6C000023ABF1240B1F93BBF1360FF5D801A3F6
:108C7C0053F82BF05B350000EB290000EB290000CA
:108C8C00EB290000EB290000EB290000EB29000088
:108C9C00EB290000EB290000EB290000EB29000078
:108CAC00EB290000EB290000EB290000EB29000068
:108CBC00EB290000EB290000EB290000EB29000058
:108CCC00EB290000EB290000EB290000EB29000048
:108CDC00EB290000EB290000EB290000EB29000038
:108CEC00EB290000EB2900003B3500001B35000090
:108CFC00FB340000D7340000B53400008F34000082
:108D0C00EB29000049340000193400003132000016
:108D1C000B320000CD310000EB290000A131000026
:108D2C00A52B0000D5330000B5330000F73300004D
:108D3C00913300002F3300000F330000EF3200009E
:108D4C00CF320000A73200007F3200005732000003
:108D5C0095F8D930990601F1658243F02003C5EDF1
:108D6C001E6A85F8D9301C9B5A1C1C9214F803B04F
:108D7C00BBF1000F00F08086BBF1400F8CBF0023CD
:108D8C000123BBF1240F08BF0023002B40F07D8191
:108D9C00BBF15A0F00F27981BBF14F0F12D01DAA13
:108DAC00059920460AF028FA00287FF476AEB9F12E
:108DBC00020F40F02983DFED2B7AF0EE676ACDEDE0
:108DCC001D7A87E6284B1EAA059920461D930AF0AA
:108DDC00BDF98DF86B00002841F03482DDED1D7A71
:108DEC001F90F4EE677AF1EE10FA13D6B6EEE77A2E
:108DFC00BCEEC77ADFED1D6AB8EE476A8DED1E7AC0
:108E0C0077EEC67A67EEA67AF8FE677AFCEEE77A1A
:108E1C00B0EE678A18EE103A002B40F01C869DF8D5
:108E2C007D3043F080038DF87D301E9B1F9AC5F872
:108E3C00C830D5F8D83013EA020108EE101A41F008
:108E4C00F1810B490A4207D0DDED1D7AF5EEC07AAF
:108E5C00F1EE10FA01F12C811343C5F8D83082E7FA
:108E6C00EC1A01200000C07F0000C07F0000C84247
:108E7C0080CA180018EE103A002B40F0EC858DEDEE
:108E8C00208AB9F1630F00F2168101A353F829F07F
:108E9C003331000033310000333100008F350000D6
:108EAC008F3500008F35000041370000DD350000A4
:108EBC00DD350000DD350000472E0000472E000098
:108ECC00472E0000472E0000472E0000472E0000C2
:108EDC00472E0000472E0000472E0000472E0000B2
:108EEC00472E0000472E0000472E0000472E0000A2
:108EFC00472E0000472E0000472E0000472E000092
:108F0C00472E0000472E000033310000472E000092
:108F1C00472E0000472E0000472E0000472E000071
:108F2C00472E0000472E0000472E0000472E000061
:108F3C00472E0000472E0000472E0000472E000051
:108F4C00472E0000472E0000472E0000472E000041
:108F5C00B12D0000B12D0000B12D0000B12D00008D
:108F6C00472E0000B12D0000472E0000472E0000B8
:108F7C00DF290000472E0000472E0000472E00007E
:108F8C0033310000B13700006F3100006F31000049
:108F9C006F3100006F31000079370000DF360000C0
:108FAC00DF360000472E00008B3100008B310000B3
:108FBC008B3100008B310000472E0000472E000043
:108FCC00472E0000472E0000472E0000472E0000C1
:108FDC00472E0000472E0000472E0000472E0000B1
:108FEC00472E0000472E0000472E0000472E0000A1
:108FFC00472E0000472E0000472E0000472E000091
:10900C00472E0000472E0000472E0000472E000080
:10901C00472E0000472E0000472E00001F3700008F
:10902C0085F801904FF000099DF8823043F0100351
:10903C008DF882304FF480131F4241F0FA803B438D
:10904C001F4690E60123E21CAF722B81ADF818305D
:10905C000423F1E41CA9C74B1EAA204605911D93BD
:10906C000AF074F881468DF86B00002841F0AD844D
:10907C00DDED1D7AF4EE677AF0EE676AF1EE10FA28
:10908C0081F1DB8008900C9010E54FF001089EE414
:10909C0096F88C30DFF8E0B283F0010386F88C3060
:1090AC00DBF8F03013B196F88C0098472378002B3E
:1090BC003FF487AC95E4B04BD3F8FC30002B3FF475
:1090CC00CCAD1FFA89F09847814600283FF4C5AD16
:1090DC001E9B6B809DF8823043F020038DF882300C
:1090EC00209BA9E7089A002A43F0648399B29DF863
:1090FC008020338842F0020229815B1A8DF880208F
:10910C0018BF0123069A63F34102012385F8383016
:10911C0002230692089318EE103A002B40F09B8421
:10912C00209B17EA030208EE102A41F082801F43AD
:10913C00914618E69DF881203B2B42F008028DF8F1
:10914C008120A3F136022A77E5D118EE102A1E2AC7
:10915C003FF683AD01A353F822F000BFEF370000B8
:10916C00EB290000EB290000EB290000EB290000A3
:10917C00EB290000EB290000EB290000EB29000093
:10918C00EB290000D3370000EB290000EB2900008D
:10919C00EB290000EB290000EB290000EB29000073
:1091AC00EB290000EB290000EB290000D33700006D
:1091BC00EB290000EB290000EB290000EB29000053
:1091CC00EB290000EB290000EB290000EB29000043
:1091DC00EB290000D3370000089A002A43F0EA82FA
:1091EC009DF88020052B42F002028DF8802000F0C3
:1091FC008087022208922B81002385F838308AE779
:10920C0018EE102A002A40F0D387089A002A43F05F
:10921C00D1829DF8802023F002012B7042F00102D4
:10922C001C298DF880201A4641F07C80012308937C
:10923C0018EE103A1A4401232A7072E70123DFF862
:10924C0038B186F88C302BE7113BAB739DF880302E
:10925C0043F004038DF880305DE7A3F11403B3FAF7
:10926C0083F35B09EB729DF8803043F040038DF87B
:10927C00803050E7414A127E022A7FF4EEACA3F113
:10928C000703B3FA83F35B096B739DF8813043F0EA
:10929C0040038DF881303EE72B709DF8803043F011
:1092AC0001038DF8803036E79DF88120312B42F098
:1092BC0001028DF8812001F00D8018EE103A002B80
:1092CC0041F00E802C4B9B69002B3FF4C6AC012364
:1092DC00EB734FF4807324E718EE102A002A7FF406
:1092EC00BCAC089A002A43F065822B819DF8803033
:1092FC0043F002038DF88030002385F838300223C8
:10930C0008930EE7C3F15E03AB729DF8803043F017
:10931C0020038DF88030FEE618EE102A002A40F06B
:10932C007087A3F15B03B3FA83F35B092B739DF88E
:10933C00803043F008038DF880300823F1E6623B5F
:10934C0085F836309DF8813043F002038DF881307A
:10935C00E1E6A3F13303B3FA83F35B0985F8373005
:10936C009DF8813043F004038DF881300423089379
:10937C00D1E600BF0000C07FE0040120EC1A012000
:10938C00CB4A127E022A7FF468AC603B83F0010367
:10939C0085F859309DF8813043F020038DF88130E9
:1093AC00B9E69DF8813043F080038DF88130B9F136
:1093BC00000F00F04A87B9F1010F40F048879AF886
:1093CC0010329A0640F1DB87DAF86C309847830646
:1093DC0040F1DA874FF000094FF400432CE6DAF83D
:1093EC006C309847010740F16786B9F1410F00F0E6
:1093FC0063864FF00D08FFF7EABA85F8EC903B4610
:10940C004FF000091F46AEE44FF00208FFF7DFBA39
:10941C009DF87D30F6EEE66AFDEEE66A43F0400319
:10942C008DF87D30D5F8D830C5ED316A590400F18E
:10943C00F986DDED1D7A4FF4804207E518EE103AFF
:10944C00002B40F00883F4EE666A9DF87D3043F003
:10945C001003F1EE10FA8DF87D3074BF1E9BFF23C4
:10946C0085F8D430D5F8D83013F4805208EE102A91
:10947C0040F0D8864FF48052EEE4079BC5ED1C6A91
:10948C0043F0040307939DF87C3043F040038DF8C0
:10949C007C30D5F8D830580600F1C4864022DBE485
:1094AC00079BC5ED1B6A43F0020307939DF87C30C4
:1094BC0043F020038DF87C30D5F8D8309A0600F1B3
:1094CC00B1862022C8E40A9BC5ED2B6A43F0040345
:1094DC000A939DF87F3043F004038DF87F30D5F864
:1094EC00D8305A0100F19E864FF08062B4E40A9B9A
:1094FC00C5ED2A6A43F002030A939DF87F3043F0CE
:10950C0002038DF87F30D5F8D830990100F18A86A6
:10951C004FF00072A0E40A9BC5ED296A43F00103E9
:10952C000A939DF87F3043F001038DF87F30D5F816
:10953C00D830D80100F176864FF080728CE49DF81B
:10954C007E30C5ED286A43F080038DF87E30D5F867
:10955C00D8301A0200F166864FF400027CE49DF8C4
:10956C007E30C5ED276A43F040038DF87E30D5F888
:10957C00D830590200F156864FF480026CE49DF805
:10958C007E30C5ED266A43F020038DF87E30D5F889
:10959C00D830980200F146864FF400125CE418EEC5
:1095AC00103A002B40F05782424B1E989A69002AC1
:1095BC0000F03C86DB6998474368B3FA83F35B0998
:1095CC00002B41F0FA85DDED1D7A9DF87E30F4EE2E
:1095DC00677A43F01003F1EE10FA8DF87E3074BF09
:1095EC001E9B4FF0FF33C5F8D030D5F8D83013F4AC
:1095FC00801208EE102A40F015864FF4801225E4F4
:10960C009DF87E30C5ED226A43F008038DF87E305C
:10961C00D5F8D8301A0300F10586DDED1D7A4FF42C
:10962C00002213E49DF87E30C5ED206A43F002035E
:10963C008DF87E30D5F8D830980300F1F3854FF4CF
:10964C00003209E49DF87E30C5ED1F6A43F001033A
:10965C008DF87E30D5F8D830DA0300F1E3854FF47D
:10966C008032FFF7F9BB9DF87E30C5ED216A43F0DF
:10967C0004038DF87E30D5F8D830590300F1D2852B
:10968C004FF48022FFF7E8BB079BC5ED1A6A43F045
:10969C00010307939DF87C3043F010038DF87C3068
:1096AC00D5F8D830D90600F1BD851022FFF7D4BB10
:1096BC00EC1A0120E004012018EE103A002B40F0C7
:1096CC00CA81F4EE666A9DF87D3043F00803F1EE32
:1096DC0010FA8DF87D3074BF1E9B4FF0FF33C5F828
:1096EC00CC30D5F8D83013F4006208EE102A40F0D4
:1096FC009985DDED1D7A4FF40062FFF7A7BB9DF84D
:10970C007D30C5ED196A43F002038DF87D30D5F834
:10971C00D830980500F18685DDED1D7A4FF4007286
:10972C00FFF794BB9DF87D30C5ED186A43F001033B
:10973C008DF87D30D5F8D830DA0500F173854FF40B
:10974C008072FFF789BB9DF87C30C5ED176A43F03A
:10975C0080038DF87C30D5F8D830190600F162857D
:10976C00DDED1D7A8022FFF771BB9DF87C30C5EDD5
:10977C00256A43F008038DF87C30D5F8D8301807EB
:10978C0000F150850822FFF767BB9DF87C30C5EDD2
:10979C00246A43F004038DF87C30D5F8D8305A078E
:1097AC0000F140850422FFF757BB9DF87C30C5EDD6
:1097BC00236A43F002038DF87C30D5F8D830990732
:1097CC0000F130850222FFF747BB18EE103A002B50
:1097DC0040F041819DF87C30FDEEE66A43F00103D8
:1097EC00C5ED306A8DF87C30D5F8D83013F0010215
:1097FC0008EE102A40F016850122FFF72DBBDAF88F
:10980C006C309847010703D5B9F1050F7FF4F1AD22
:10981C001E9B4FF0000995F85820A3F10401053B5D
:10982C0022F00302B1FA81F118BF0123490943EA7E
:10983C004103134385F858309DF8823043F00403FC
:10984C008DF882304FF48023FFF7F6BBDAF86C30DA
:10985C009847020703D5B9F1090F7FF4CAAD069BEF
:10986C0043F4807306939DF8823043F008038DF81F
:10987C0082301E9B082B00F07584092B00F0488564
:10988C00072B40F075849AF81A329B077FF5E5A9EF
:10989C0095F821304FF0000943F0020385F8213090
:1098AC004FF40023FFF7C8BB9DF8803043F0010351
:1098BC008DF8803041232B7018EE103A002B7FF47A
:1098CC00CCA9694BD3F82031002B3FF4C6A9012356
:1098DC0027E49DF8813043F010038DF8813018EEA9
:1098EC00103A002B7FF4B9A94FF4805319E49DF87A
:1098FC00803043F020038DF880300223AB720AE4F1
:10990C009DF8803043F080038DF8803003E4DAF862
:10991C001431002B3FF4A1A918EE101AA1F1140375
:10992C001E2B3FF69AA9514A42FA03F3D8073FF58A
:10993C0094A94F4BA3FB0123DB088A331E93D0E47D
:10994C009DF8802042F002028DF8802053E4DAF872
:10995C006C30984710F008097FF44BAD05F0AAF96C
:10996C0040077FF57AA90121484604F0FFFF002843
:10997C003FF473A99DF8823043F001038DF88230D7
:10998C009DF878300C934FF48033FFF755BB9DF85E
:10999C008130632243F080038DF88130324B85F89F
:1099AC002020D3F82431002B7FF414ADFFF755B9E8
:1099BC00DAF830319847002840F0CA832D4B1B7FD2
:1099CC00042B3FF41CADDAF8E030002B3FF445A932
:1099DC009DF882304FF0000943F002038DF882307D
:1099EC004FF40033FFF728BB05F064F903077FF54C
:1099FC0034A90021012004F0B9FF0146002800F031
:109A0C005A849DF882304FF0000943F001038DF821
:109A1C0082309DF878300C934FF48033FFF70CBBF9
:109A2C00DAF86C304FF0000998479DF8823001222B
:109A3C0043F0020309928DF882304FF40033FFF7A4
:109A4C00FBBA0B4BA3FB0223DB0805332B774FF43C
:109A5C000063FFF766BB4FF01708FEF7B8BF4FF473
:109A6C000063FFF75EBB00BFE0040120FEFBEFBF0D
:109A7C00CDCCCCCCEC1A01209DF88030DB0703D583
:109A8C002B78412B00F056849DF828B0BBF1000FC9
:109A9C0000F02083089B002B40F01C8396F890303C
:109AAC001BB1069BDC0740F1DE870223089395F877
:109ABC00D930580605D5974BD5F8C4209A4200F3F7
:109ACC007384C7F3074313F0200200F01F836C88E4
:109ADC00002C00F01684904A9048D2F80021D5F85A
:109AEC00D8400D93904705901E90002840F01386A7
:109AFC00D5F8D8200D9B544014F0E06203D02BEA2B
:109B0C0012628DF828200799C4F3021221EA02028E
:109B1C00A1050792C4F3072240F101860021D5ED7F
:109B2C00198A6966100605D5D5F8C810002205916A
:109B3C00C5F8C8202103C4F3074240F1F785002182
:109B4C00D5F88890C5F8881012F0100200F0EB855B
:109B5C00D5F8D01000220F91C5F8D020BDF8181000
:109B6C0001F0010211F001010D9200F0D78295F87D
:109B7C00D920920740F12784E97A95F8D82039B199
:109B8C00D5ED197A9FED667A67EE877AC5ED197A6D
:109B9C00D10737D595F8DA20120700F17F82B80784
:109BAC003A460AD5298940F24B10814218BF212927
:109BBC0000F074824C2900F07182910603D5AA7AC8
:109BCC00022A00F06B82BA04C7F3072B03F00401DE
:109BDC0000F16682D8060A4603D56878332800F06F
:109BEC005F82002A00F03B83D5F8C020511CC1F2E3
:109BFC00AF85002A01F3AC8595F8D82022F001023C
:109C0C0085F8D820AA7A022A00F02D83B804C7F36D
:109C1C00072B00F136830B9A002A00F0FC840B9A78
:109C2C0095F8DA105278080785F8592040F13983F5
:109C3C00012A00F07F8501221392099995F8DA2008
:109C4C00002900F03F83920742F13C8295ED200AF7
:109C5C000E9309F04DFB0E9B00283FF4FCAE2E49F1
:109C6C00D5ED207A8A69002A00F09885FDEEE77A16
:109C7C00CA690E9317EE900A904742680E9BB2FA8F
:109C8C0082F25209002A41F09882D5ED207A95F89B
:109C9C00DA10FCEEE77A62F34101C5ED347A85F80F
:109CAC00DA100C9A12B1D90700F171845B0740F1FC
:109CBC00568395F85830980706D50B9BDB689B7A32
:109CCC0013F00A0F3EF4C9AFC7F3C04395F8211047
:109CDC00727E91420CBF002303F0010363F3D34760
:109CEC00F90232D595F8DA30DA0700F106854FF033
:109CFC007E53EB676B78303B082B1FD8DFE813F0F3
:109D0C001200B001A00190011E0080011E001E0077
:109D1C006A0100BF80969800E0040120A40E012087
:109D2C003333CB4195F8353023F0010385F83530CA
:109D3C0095F8343023F0010385F83430AB8EB28DB6
:109D4C009B1A18BF012363F314572B78042B10D1E3
:109D5C0095F8DA30D90742F1B581D5ED1F7AF5EED9
:109D6C00C07AF1EE10FA00F1A38123F0010385F81B
:109D7C00DA30AB7B1093002B00F0B884012B00F091
:109D8C00AD8402230022CDE9113201231093EB7A2A
:109D9C009BB11FED1D7A03239DF82800B74A013BA8
:109DAC0020FA03F1C90705D5D2ED2B7A67EE877A35
:109DBC00C2ED2B7A043A002BF1D16B7B53B10A9B89
:109DCC00DB0707D5B6EE007AD5ED297A67EE877AF0
:109DDC00C5ED297A089B042B00F0298496F82F00F6
:109DEC00E0B195F80CE00323A44D9DF828C0A449DC
:109DFC002A46013B2CFA03F0C0070BD5D2ED2B7A87
:109E0C00D1ED056ABEF1000F00F0B88367EEA67ABB
:109E1C00C2ED2B7A043A0439002BEAD11BF0010F66
:109E2C002DD0EB7B022B01F0CC81032B01F0B28106
:109E3C00012B24D1DFF85CB2DBF81830002B3EF498
:109E4C000CAF95F8D930180741F16283D5F8CC00E6
:109E5C0040B98C4B93F89C31590703D4D5F8D000FA
:109E6C00C5F8CC00DBF81C3098474368002B01F098
:109E7C00A48195F8D93023F0080385F8D930C7F3BD
:109E8C00C023287F327D82420CBF002303F00103E4
:109E9C0063F3CB27002B40F0778472796B7B5340B4
:109EAC00C7F3803213402A7863F38E370A2A9DF861
:109EBC0028309B4600F07F845C2A00F0BD8223B9D9
:109ECC002989023989B2012917D80899032901F087
:109EDC000E83DFF8C4C103206849013823FA00FE61
:109EEC001EF0010F40F08185DCF880E0C1F8ACE099
:109EFC00ACF1040C04390028EFD1352A01F08C8325
:109F0C0041F2A682412A40F0B88295F8DA30DB079C
:109F1C0042F1D880DFED5C7A95ED1F7AB4EEE77AEA
:109F2C00F1EE10FA01F3148408F0EAFFD82303FBD6
:109F3C00006008F04DFF002802F0468595F8DA30F5
:109F4C0023F0010385F8DA304FF00003D5F8D81070
:109F5C008DF828304908C5F8D810002901F0AC82DA
:109F6C0008EE109A4FF0010BA946484B484D19E0EA
:109F7C000120042900FA0BF009D192ED000A1A68AD
:109F8C0002431FFA8BF01A6008F032F93F4BD9F8F4
:109F9C00D8100BF1010B08354908C9F8D810002965
:109FAC0001F00286C807F2D5AA68002AEFD0297BF7
:109FBC000229DDD1012192ED000A1A681FFA8BF0FB
:109FCC0001FA0BF1B8EE400A0A431A6008F010F9D6
:109FDC002E4BDCE72B4B93F82C3158077FF5AEAEAC
:109FEC00D5ED1F7A95F83530F5EE407AF1EE10FA92
:109FFC000CBF0122002262F3820385F835309DE606
:10A00C00D5ED1F7A95F83530F5EE407AF1EE10FA71
:10A01C000CBF0122002262F3410385F835308DE636
:10A02C00D5ED1F7A95F83430F5EE407AF1EE10FA52
:10A03C000CBF43F0010323F0010385F834307DE6B7
:10A04C00D5ED1F7A95F83530F5EE407AF1EE10FA31
:10A05C000CBF0122002262F3000385F835306DE657
:10A06C0095F8353043F0010385F8353095F83430E8
:10A07C0043F0010385F8343060E600BFA40E0120E4
:10A08C00C8FD0020EC1A012000FF7F47A00E012024
:10A09C00483D0060E0040120940F012003F004010E
:10A0AC00D5F8C020002940F056818A42BFF6A1ADF8
:10A0BC004FF00408FEF78BBC04F0FCFD82077EF524
:10A0CC00CCAD0121084604F051FC00287FF499AC7A
:10A0DC00FEF7C3BD089BA3F10202B2FA82F2520949
:10A0EC0096F89030002B3FF4E2AC002A3FF4DFAC42
:10A0FC00D7E418EE102A1AB10A2A7EF4AEAD332337
:10A10C002B81002385F83830FFF7F9B84FF00009A0
:10A11C0014460F9208EE909A05921FE52A89212A7F
:10A12C0000F02581A97A012900F0428111F0FD0F80
:10A13C0040F00B8195F8D90095F8D820800700F1F4
:10A14C008984B07888427FF423AD316F69661FE54E
:10A15C0002287EF482ADDAF82C31002B7FF438AC77
:10A16C00FEF77BBD95F8213043F0010385F82130D3
:10A17C004FF000094FF40023FEF75EBFDFF8B0B2DA
:10A18C0086F88C800BF0BCFA0820DBF80C30984772
:10A19C00DBF84C50002D3EF483AF13F0E9FFA0F137
:10A1AC000201FF20B1FA81F14909A847FEF778BFF7
:10A1BC009DF8802023F002012B7042F001021C2933
:10A1CC008DF880201A4615D05C2B7FF444AC18EE29
:10A1DC00103A1E2B3EF641AD934B18EE102A13414C
:10A1EC00DB073EF53AAD18EE103A5C332B70209B32
:10A1FC00FEF797BF18EE103A0A2B3FF419A8FEF79A
:10A20C002CBD9DF8802042F010028DF8802018EEB5
:10A21C00102A0A2A7EF421AD5A2B3EF41EAD1023CF
:10A22C00FEF77FBF4FF01908FEF7D1BBC30FFFF746
:10A23C00C7B94FF01508FEF7CABB1F900C900890D9
:10A24C00FEF7EDBD8046FEF7C2BB4FF0030985F863
:10A25C0020904FF400434FF00009FEF7EDBEAA7AB0
:10A26C00022A7FF4D8AC0B9A002A3EF4F6ACD268E2
:10A27C00D26B002A3EF4F1ACBA04C7F3072B7FF57E
:10A28C00CEAC95F85920012A00F0A1800B984178AA
:10A29C00012900F08383427095F8DA1008073FF526
:10A2AC00CAAC002A40F065810B9A9268C5F88820E8
:10A2BC0000221392C1E404F059FB00287FF4A1ABF7
:10A2CC00FEF7CBBCD0063FF5ECACD6F88820C5F831
:10A2DC00D020E6E40023EB734FF48073FEF721BF2C
:10A2EC00142B5AD00A2B7EF4B8AC089B002B42F0EE
:10A2FC00618202230322EB734FF480730892FEF702
:10A30C0010BF4FF000090F94059408EE909A25E4C5
:10A31C00002385F821302BE7CDF830B0CDE908BB10
:10A32C00FFF7C5BB5C2B4FF0010308933FF45BAF09
:10A33C00FEF7F6BE089BCDF81CB0A3F102028DF817
:10A34C0028B0B2FA82F25209CAE695F8D820D207A0
:10A35C007FF55CAC1EE4002ABFF64BACA8E60B9B69
:10A36C00002B3FF4B1AC1B7885F85830ACE495F871
:10A37C00D820500600F1F481716F696708E42B4B0B
:10A38C001B8958063FF526A801234FF0000985F8D4
:10A39C0020304FF40043FEF74FBE254B9B69002B3A
:10A3AC003EF45BAC032396E74FF01B08FEF70FBBA4
:10A3BC0008990229C9D1502AC7D0002AC5D095F8CE
:10A3CC00D9209207C1D44FF01608FEF700BB0B9AA8
:10A3DC00D268917AC9077EF540AC95F8DA10080777
:10A3EC0041F1708695F9D80092ED067A00285168F3
:10A3FC00C0F2C08781ED077A01210B98417095F866
:10A40C00DA10090740F1B780E97AD5ED227A0029F4
:10A41C0000F026839FED077A67EE877A5268C5EDC8
:10A42C00227AC2ED047A06E4FEFBEFBF4809012054
:10A43C00E004012066669843002B02F0BC82BF4901
:10A44C000322BF48013A23FA02FC1CF0010F00F072
:10A45C00AF81D0ED207A91ED066AD1ED2B6A77EEC3
:10A46C00C67A90ED117A77EEE67A77EEC77A0439F0
:10A47C000438C1ED2C7A002AE4D1B5F808B0BBF150
:10A48C00500F00F00783089B022B00F050830D9BAC
:10A49C0003F0FF0B2BB995F8DA3023F0180385F88D
:10A4AC00DA3095F8D93023F0420385F8D930089B7F
:10A4BC00002B40F093820023D5F8D8100893002984
:10A4CC0042F0C78126AB282218460E9320F0A0FA42
:10A4DC0096F893309B498DF8B23091F899309DF8ED
:10A4EC00AD20B3FA83F307915B0963F3410263F385
:10A4FC0082028DF8AD20B38DADF8B030BBF1000FFA
:10A50C0000F0578337F0490340F0FE872B78352B4A
:10A51C0002D0002B40F0F887727E27AC8A4B8DF866
:10A52C00AE2096F88F600FCB84E80F00002E41F020
:10A53C00F88095F8243013F0020303D02B6B9B7A30
:10A54C00C3F3C0039DF8AC50804C63F3C7150E9851
:10A55C0022467A498DF8AC5007F0C4F880460028A2
:10A56C007EF435AA7A4B93E8070084E80700FEF7DF
:10A57C002EBA0B9AD2685268D26997E691ED027A9C
:10A58C0077EEC77AA7EEA67A82ED2B7A42E4422ABE
:10A59C0000F0028700F298823E3A032A3FF686AB1F
:10A5AC0095F8DA20D00741F18D85D5ED1F7AF5EEBF
:10A5BC00C07AF1EE10FA3FF57BAD0121CDED0E7AAC
:10A5CC001093084604F0D2F9DDED0E7AFCEEE77A32
:10A5DC0017EE903A834281F0BB8095F8DA20D5EDE6
:10A5EC001F7A22F00102FCEEE77A85F8DA200C9B48
:10A5FC0017EE902A402B18BF3E2B109B85F8DD20C0
:10A60C004FF0010285F8DC200CBF01220022C5F8B6
:10A61C00E020FFF74BBB95F8DA20C2F3C001139191
:10A62C0011077FF50AAB0B9A5278FFF701BB95F82F
:10A63C003730002B00F085869DF828C000235FFA88
:10A64C008CF085F83730002802F0B581CDF828B0B1
:10A65C00A346032414976746B7EE007A013C0E9389
:10A66C0020FA04FC1CF0010FCDE91586A846334EE8
:10A67C00384D18D198F83700043E38B9D5ED027A28
:10A68C00F4EE477AF1EE10FA18BF0120043D88F879
:10A69C003700002C00F0BC81F8B2013C20FA04FC1D
:10A6AC001CF0010FE6D0D6ED2B7A0127D5ED056A0B
:10A6BC000E9BA740F4EE676AC5ED057A20EA070702
:10A6CC0002208DED177AF1EE10FA18BF43F001035A
:10A6DC000E9317F07BF99DED177ACBE7109B0020BA
:10A6EC0012930223CDE91030FFF751BB01234FF039
:10A6FC00020CCDE9113CFFF74ABBD5ED1F7AF5EE04
:10A70C00C07AF1EE10FA3FF5D3AC23F0010385F8D3
:10A71C00DA30FFF7EFBADDF81480FEF758B9DFED49
:10A72C000E8AFFF7FFB90F92FFF718BA4FF0000926
:10A73C00FFF70ABA0B9AD26866E600BFA40E012096
:10A74C00940F012048090120C80E01200C10012093
:10A75C00480F0120C8FD0020000000003333CB411E
:10A76C0061F38612D5ED1C7A85F8D820EA7A2AB1E5
:10A77C001FED067A67EE877AC5ED1C7A95F8D8201E
:10A78C00C5ED1D7AFFF704BAB94911F035FC002864
:10A79C007FF483AB4FF00708FEF719B99FEDB57A3C
:10A7AC00F4EEC77AF1EE10FAC8BF0122FFF76ABACD
:10A7BC00D0ED347A5BE64BB995F8D420142A02F02C
:10A7CC00FA8095F8DA20500742F1F580D5F8D820B8
:10A7DC0012F4883F01F07684D5ED1F7AF5EEC07A3D
:10A7EC00F1EE10FA3FF564AC95F8D420F6EEE77A6A
:10A7FC00FCEEE77A013ACDED0E7A9DF83800132A7B
:10A80C003EF62BAA01A151F822F000BFED45000045
:10A81C00B9460000EB290000EB290000EB290000F1
:10A82C00EB290000EB290000EB290000EB290000CC
:10A83C00ED450000ED450000EB290000EB29000080
:10A84C00EB290000EB290000EB290000EB290000AC
:10A85C00EB290000EB290000C3460000DFF830B202
:10A86C00DBF8181000293EF4F8A9DBF81C100E9345
:10A87C00884742681492002A00F09F8495F8DA10F9
:10A88C000E9B11F0040F08D0D5F88410D16095F808
:10A89C00DA1021F0040185F8DA1095F8D4100B29A0
:10A8AC0001F0C28726AA0E9295F8D4E016941C46A5
:10A8BC00AEF10A017048DFF8C4C1CAB214991592FE
:10A8CC000322013A24FA02F5ED0740F13187BEF17B
:10A8DC00010F00F03787BEF10A0F01F09387BEF12C
:10A8EC000B0F08D10E9D9CED2B7AD5ED027A77EEED
:10A8FC00C77AC1ED027A0E9D0438ACF1040C043910
:10A90C00043D0E95002ADCD1BEF1010F169C5B4D67
:10A91C0003D1DBF8243014989847D5F8D83023F4B9
:10A92C008833C5F8D830A8E595F8DA2051073EF5FC
:10A93C0094A9092800F29087002840F0F586287F1A
:10A94C004F490E9385F8BC0011F056FB00283FF4DC
:10A95C0021AF4C4A0E9B92F8242132B195F8BC10D1
:10A96C000639C8B2022841F26C8795F8D4C003208E
:10A97C00424D41492A46013823FA00FE1EF0010FD0
:10A98C0007D0BCF1140F92ED2B7A00F0D18782ED39
:10A99C002E7A0439043A0028EDD1BEE70B994A68A7
:10A9AC002AB100220E934A600AF0AAFE0E9B0B9964
:10A9BC00CA68526812688A6095F859204A7095F8EE
:10A9CC00DA1009073FF534A96BE48046FDF7FFBFA9
:10A9DC00D5F8D8302C4A1A40C5F8D820D5F8D8105C
:10A9EC0021F0E061C5F8D81069E5352A3FF480AA5A
:10A9FC0095F80CE091ED2B7ABEF1000F00F0678515
:10AA0C00DCED207A77EE877AC1ED2B7AFFF770BAFE
:10AA1C00169E45460E9A5C4696F82F30DDF828B007
:10AA2C0043408DF82870DDF854801A43D5F8D8309F
:10AA3C00149F23F0E063D2B286F82F00C5F8D8300B
:10AA4C00002A3FF4CDA9022016F0C0FF96F82F0083
:10AA5C00FFF7C6B9E97A00293FF49AA8FFF790B836
:10AA6C009FED0A7AD8E44FF02808FDF7B0BF00BF7D
:10AA7C00B40E01200000004F940F0120A40E012001
:10AA8C00540F0120EC1A0120FFBDE7FF00007A44AF
:10AA9C00E00401209DF82830002B00F01385089B62
:10AAAC00012B40F05986002385F836300D9B03F0BE
:10AABC00FF0B002B8CD095F8D930CDF820B023F0BB
:10AACC00420385F8D93089E70C9A433A012A3FF6BC
:10AADC00EDA88D49D5F8D820114201F0F382D5EDBF
:10AAEC00187A012100200E93BCEEE78A03F03EFF9A
:10AAFC0018EE103A83420E9B81F0598795ED187A27
:10AB0C00D5F8D820BCEEC77A8049D5ED207A114013
:10AB1C0017EE102AFDEEE77AC5F8D81085F8DD207F
:10AB2C000022C5ED387A85F8DC20FFF7BFB83388F2
:10AB3C0006990D93B3EB0B0318BF012363F3492163
:10AB4C00ADF81810BBF1000F40F032859DF828309D
:10AB5C0001F00102002B40F00084002A40F0F8863E
:10AB6C00D5F8D8206A4B13409B46C5F8D830002B3B
:10AB7C0041F06F8626AB2822594618460E931FF0DB
:10AB8C0047FF96F8933063498DF8B23091F89930BD
:10AB9C009DF8AD20B3FA83F3CDF820B007915B0993
:10ABAC0063F3410263F382028DF8AD20B38DADF8EF
:10ABBC00B0300B9B3BB3DB689B7A190723D52B89F1
:10ABCC00052B18BF332B06D0013B022B03D9069B58
:10ABDC0043F0400306930B9A9DF8283011781BB173
:10ABEC00089B022B01F0FA8501F00303012B00F006
:10ABFC00538611F0020304D0069BC3F3801383F039
:10AC0C00010386F88F30D5F8C430C6F884302D9304
:10AC1C0013F0AEFA831EDDF86CB00D9018BF012353
:10AC2C001593BBF1000F0BD053B1584621F0E0FC4B
:10AC3C0001301DF085F82E9010B1594621F018FC0A
:10AC4C00BA0601D5AB7AB3706B6E0B9A3367537837
:10AC5C00012B00F0FC84D2ED027A95ED227A069B52
:10AC6C00F4EE477A1493F1EE10FA01D19B060BD552
:10AC7C000B9B1B78D80703D5149B190640F1408613
:10AC8C00D5F888300B9A9360149B580640F11084C9
:10AC9C000023D5F8D0002993D6F88830834225D0EC
:10ACAC000D9BC6F88800022B20D00021FDF746FA38
:10ACBC00099B1690002B40F0A6879AF80A32590788
:10ACCC0000F19C87144B1B7F042B00F09C87DAF857
:10ACDC00E030002B00F09287DAF82831002B01F0DD
:10ACEC006E86099A169882F0010198470C9BBBB1AD
:10ACFC003E3B062B14D8DFE813F01100110037028D
:10AD0C00370226021100170200010200FFFEFDFFB0
:10AD1C00FFBDE7FF48090120EC1A0120FDF742FABC
:10AD2C00BA034ED5099B002B4BD1159B002B48D059
:10AD3C002E9BD6F88800002B01F078860021FDF7B9
:10AD4C00FDF909900AF0DCFC2E9818B1FDF7BCFC5B
:10AD5C0000232E93D6F8D43009981B6902699A42C5
:10AD6C002FD0DFF8ACB2DBF8D03063B10B9A12788D
:10AD7C000C9298470B9A13780C9A934203D047F491
:10AD8C00802785F85830DAF82C31002B01F04086FA
:10AD9C009E4898471E9000287FF454AA802016F0F5
:10ADAC0015FE0998FDF71CFADBF8D4304BB113F003
:10ADBC00DFF9B0F5007F04D0DBF8D430D6F8D4003E
:10ADCC0098477B0329D50B9A95F8581013788B422A
:10ADDC0012D013469DED290A5278D86812F0BEFDA8
:10ADEC0030B10B99CB685A6895F8583013720B70C8
:10ADFC0080F00100C3B21393079AD37F23F00803AA
:10AE0C00D377139B4BB1824BDB6B33B10B989DED1E
:10AE1C00290A42780178C06898470B9B95F8EC207A
:10AE2C00F366A2F14603032B20D8DFE813F00400ED
:10AE3C00FF00AE0004000023079925934B6924936F
:10AE4C000B692393B36A13B15B68DB682593A2F19A
:10AE5C00490C96ED1C0A23A96C48DCF1000242EB6C
:10AE6C000C0207F03BFF002801F0A883336F2693F8
:10AE7C00B378012B05D19DF8AC3043F020038DF84D
:10AE8C00AC30F26E0DF19C0C96F88F30D1682A9193
:10AE9C0010685168ACE8030012788DF89C209DF87E
:10AEAC00AC2063F3C7128DF8AC200BB196F88E3042
:10AEBC009DF8AD203903C7F3074B63F300028DF8FF
:10AECC00AD2000F1B983737E00211BF0100F8DF8BB
:10AEDC00AE30079B83F8201007D0AB8EDA05B38514
:10AEEC0000F17486B08D06F0B7FD6B88DBB1159B55
:10AEFC00CBB12B79002B40F06586059BC5F8D8406B
:10AF0C00C5F8C8300F9BC5ED198AC5F8D030404B39
:10AF1C00C5F88890D3F8044113F02AF93D49A047AD
:10AF2C000023C5F8D8302B78042B00F0458617F099
:10AF3C00040FB94601D0AB7BB37119F0400F01D0AF
:10AF4C00EB7AF370FB05C7F3072B40F15E81EB7BCB
:10AF5C00F37103F0FD03012B40F02B862C4BD5F83D
:10AF6C00CC00DB699847446896F807E04FF0000C7A
:10AF7C00264E032227493346013ABEF1030F01F254
:10AF8C00EC86DFE80EF09781B55607F00DFF83468F
:10AF9C0000283FF46BAF01461F48FCF7FBFFDBF8C2
:10AFAC00483033671D4B1B78980601D5AB7AB370CC
:10AFBC001A4B5B78D90701F11585184B9B78DA068B
:10AFCC0001F10685154B9B78180701F1FB82134B99
:10AFDC001B79BBB1124A134B07CA83E8070096F8DA
:10AFEC002C10B06A01F0010112F082FB002800F075
:10AFFC001D830D4B96ED090AB3F8AC20317FB06A76
:10B00C0012F0DAFC054B1B681F432FE7940F01204D
:10B01C00E0040120A40E0120AC0E0120740C0120D0
:10B02C00C80E0120B00F0120EC1A012007F098FE89
:10B03C001CE794ED027AD3ED117AB5EE407A77EEF7
:10B04C00877AF1EE10FAC3ED117A18BF4CF0010CAF
:10B05C00002A00F0D18094ED017A043BD3ED117AF3
:10B06C00043CB5EE407A043977EE877AF1EE10FAAB
:10B07C00C3ED117A18BF4CF0010C5FFA8CFC043B49
:10B08C00043C0439012277E7D4ED027A93ED117A6E
:10B09C00B4EE677AF1EE10FA00F09C80C3ED117AF1
:10B0AC00002A00F0AC80043B043C0439013A4FF018
:10B0BC00010CE9E7D3ED117A0020F5EE407A5864E3
:10B0CC00F1EE10FA18BF4CF0010C002A00F094803D
:10B0DC00D3ED107A043C18640439F5EE407A043B45
:10B0EC00F1EE10FA18BF4CF0010C5FFA8CFCC6E7BD
:10B0FC009DF8280020FA02F7FF0740F1E383D1ED19
:10B10C002B7A93ED117AF4EE477AF1EE10FA01F006
:10B11C006B83C3ED117A002A71D0043B043C0439D3
:10B12C00013A4FF0010CE5E74420FCF701FF002841
:10B13C007EF45FA9D5ED387A95F8DD00B8EEE70A14
:10B14C0003F088FEECE595ED200A95F8D42095F8EF
:10B15C00DD1095F8DC0003F099FE079B58644FF462
:10B16C00006016F033FCDBE50C98FCF7E1FE0028E0
:10B17C007EF43FA9D5ED387A95F8DD00F8EEE77A44
:10B18C00F5EE407AF1EE10FA14BF0121002103F024
:10B19C006BFEC5E5A74B9A69002A3DF45EAD95F8A8
:10B1AC00D920120740F18E87D5F8CC0028B1DB6985
:10B1BC0098474368002B7EF45CAE4FF02608FDF7F1
:10B1CC0006BC9DF82830002B7EF459AE4FF02508B4
:10B1DC00FDF7FDBB82B1D4ED017A043B93ED117AFE
:10B1EC00043C0439013AB4EE677AF1EE10FA40F0FF
:10B1FC007E83002A7FF443AFBCF1000F05D04FF4DF
:10B20C00806016F0E3FB16F015FB1BF0080F40F006
:10B21C006C8219F0080F01D02B7B33711BF0400F9F
:10B22C0040F05D821BF0020F03D095F8363086F8A3
:10B23C002E302B78412B00F271811B2B40F2B08306
:10B24C001C3B252B3CD8DFE813F010033B0010030C
:10B25C003B003B003B003B003B003B003B000B0337
:10B26C003B00F0023B003B003B003B003B003B0043
:10B27C003B003B003B003B003B003B003B003B00EA
:10B28C003B003B003B003B003B003B003B003B00DA
:10B29C003B003B00CF02684B93F81D31980703D459
:10B2AC0066490B2010F076FE644C2046FCF75EFEDF
:10B2BC00002386F8C430624B94E8070083E807004B
:10B2CC00089A2B89911E33804A424A41502B95F89B
:10B2DC00381008BF002286F83010002A40F09E83F8
:10B2EC002E9808B1FDF7F0F995F82030337623B994
:10B2FC00079B1B891B067DF56AAB0AF001FA337EAE
:10B30C00632B00F06B83032B00F0FB8195F820304E
:10B31C00012B00F0F6813C2B00F0F381079A128987
:10B32C00170641F19A820D9B022B06D0DAF84030B9
:10B33C0008214448984709F089FE00233376FDF72D
:10B34C0046BBFCF75FFFFEF749BD069A9DF8283017
:10B35C0002F00102002B3FF400AC002A00F01A842A
:10B36C0095F8D9304FF0010B23F0420385F8D93012
:10B37C00FFF734BBD5ED177AB4EEE77AF1EE10FA9D
:10B38C0077FE877AC1ED077A95F8D81021F0800105
:10B39C0085F8D810FFF730B8D5F8D81011F4043F61
:10B3AC0000F09086284A8A4301F0148295F8D42044
:10B3BC00042A00F2CD813AB1D5ED207AF5EE407A2F
:10B3CC00F1EE10FA00F0C48195F8DA20D10723D5FC
:10B3DC00D5ED1F7AF5EEC07AF1EE10FA3EF568AEB7
:10B3EC0000210120CDED0E7A109303F0BFFADDEDB4
:10B3FC000E7AFCEEE77A17EE903A834280F0A88141
:10B40C00D5ED1F7A0122109BFCEEE77A85F8DC2043
:10B41C0017EE902A85F8DD2095F8D920D20700F197
:10B42C007083D5F8D82009491140C5F8D810FEF71B
:10B43C003DBC00BFE0040120EC1A0120E8E2002032
:10B44C005C1001208409012000010100FFEEFCFFCB
:10B45C0002F0FD011C297FF410A81C2ACC490E9384
:10B46C0014BF0A20092010F0C7FD00283FF492A950
:10B47C000E9B002B40F0AF8329899DF83420502976
:10B48C0008BF85F83630002A40F06282D5F8D830F3
:10B49C00C04A1A40C5F8D820FFF70DB80B9B95EDA4
:10B4AC00220A197812F040F9D5F888300B9A93607B
:10B4BC00D5F88830FFF7EDBBB5F808B0BBF1500FED
:10B4CC007EF4E1AF002385F83630FEF7E0BFDCED0B
:10B4DC00347A91ED066ADCED116A77EE867A77EEB6
:10B4EC00A67A77EE877AC1ED2B7AFEF701BD352A65
:10B4FC0000F0A081ACD9412A3EF407AD2A89502A2C
:10B50C007EF4C5AFFFF7C8BA4FF01008FDF75FBA6D
:10B51C00D5F8D030C5F8CC30FEF7B1BC5C3BDAB214
:10B52C001E2A3FF6CDAE1E2B3FF6CAAE01A252F834
:10B53C0023F000BF3D550000515000005150000059
:10B54C00515000005150000051500000515000006B
:10B55C005150000051500000515000002750000085
:10B56C00515000005150000051500000515000004B
:10B57C00515000005150000051500000515000003B
:10B58C005150000039500000515000005150000043
:10B59C00515000005150000051500000515000001B
:10B5AC00515000005150000051500000F154000067
:10B5BC0095F8380008B985F8360095F85930012B04
:10B5CC0000F05685BBF1210F00F03F85BBF14C0F0D
:10B5DC0000F0F883D5ED197AF5EE407AF1EE10FA19
:10B5EC003EF4F1AE002840F03F83BBF1050F00F2B2
:10B5FC0055850BF1FF31042900F2218501A353F885
:10B60C0021F000BFDB500000196100002161000037
:10B61C00CF5D000071630000B5F808B0BBF1010FFD
:10B62C007EF631AF4FF01E08FDF7D1B9DBF858109C
:10B63C00B06A11F0D1FFDCE495F82100FCF7B6FA02
:10B64C0000283FF440AC95F8213073763BE42B890D
:10B65C00502B36D0ABB311990B9806EB8103D3ED7D
:10B66C00327A93ED027A37EE277AD3ED0F7A37EEF2
:10B67C00277AD3ED1E7AC36877EEC77A5B6803F13D
:10B68C001002D3ED076AF5EEC07A42605962F1EE12
:10B69C0010FA83ED087A0DD99FED3F7A93ED046A89
:10B6AC0067EE877A86EE277AB4EEE67AF1EE10FA38
:10B6BC0076FE876A0B9BD3ED027AC5ED226AFFF703
:10B6CC00CCBA0B9A53681BB1002353600AF018F8DC
:10B6DC000B9BD3ED027AC5ED227AFFF7BEBA6B7BDA
:10B6EC000820737116F072F99CE52C4B2C4C0FCB87
:10B6FC0084E80F004FF4007016F068F916F09AF811
:10B70C0087E50D9B022B3FF418AE95F820303C2BAF
:10B71C007FF40CAEDAF8E831002B3FF407AE984713
:10B72C0004E60123FEF70EBF0138C0B2FFF708B9DB
:10B73C00159D012D3FF6DFA8D0ED117AC1ED027AEF
:10B74C00FFF7D9B8DCED2B7AC1ED027AFFF7D3B84D
:10B75C004FF02708FDF73BB94FF01F08FDF737B93D
:10B76C0023AC0B20214610F047FC2046FCF7FEFBD7
:10B77C000C220C4920461FF077F8031E18BF01233A
:10B78C0086F8C430084B94E8070083E8070097E577
:10B79C00540F0120FFBDE7FFDB0FC940B40E0120A1
:10B7AC009C0F0120E8E200205C1001208F4F904C90
:10B7BC003846FCF7DBFB97E8070084E807000C220F
:10B7CC008C4920461FF050F8031E18BF012386F841
:10B7DC00C430894B93F81D319F073FF571AD21465D
:10B7EC000B2010F0D7FB6BE59FED840A844806F024
:10B7FC00D7FF9FED820A834806F0D2FFD5ED1F7A62
:10B80C00814BFCEEE77AD3F8203117EE902A90B2F8
:10B81C009847FE28044600F0AB8707F0F5FAFF2C9A
:10B82C0008BF2724A046FDF7D2B878490A2010F0AB
:10B83C00B1FB45E52B89012B3FF6F4AE0D9B03F0D4
:10B84C00FF0B002B3FF4C4A895F8D93023F042032A
:10B85C0085F8D930FFF7C2B84FF01D08FDF7B7B81F
:10B86C006A49092010F096FB2AE59DF8AC3043F0AC
:10B87C0001038DF8AC30089B002B40F07D87644CA5
:10B88C000E99204605F05EF8604B94E8070083E8BB
:10B89C000700FCF7B7FC13E53288069B332A18BF68
:10B8AC00052A03F0400300F0A887013A022A40F26F
:10B8BC00A487002B7FF49DA9069B43F020030693DD
:10B8CC00FFF797B9002A3FF497AC013A043B043CCC
:10B8DC000439D040C0077FF58CACD1ED2B7A93EDB9
:10B8EC00117AB4EE677AF1EE10FA3FF482AC4FF0B5
:10B8FC00010CC3ED117A002A3FF47EACFFF7BFBBFD
:10B90C000B9BDB685B6883ED007A09F0F9FE149AF7
:10B91C000B9B5206D8687FF5C1AD19789FED370A9D
:10B92C0011F002FFD5F888300B9A9360FFF7B0B98D
:10B93C00D1ED207A91ED346A77EEC77AD1ED116AA8
:10B94C0077EEC67A77EEE67AC2ED2E7AFFF721B85B
:10B95C0095F8D93023F0420385F8D930D5F8D810B2
:10B96C00002940F0768726AB282218460E931FF04C
:10B97C004FF896F893309DF8AD208DF8B230B38D1A
:10B98C00ADF8B030234B93F89930B3FA83F35B09DD
:10B99C0063F3410263F382028DF8AD20FEF7B2BD72
:10B9AC000A2B7FF48DAC95F8D430022B02D0142BDB
:10B9BC007FF486AC164C95F8BC00214610F0EAFAE0
:10B9CC00327D95F8BC309A427FF47AAC124B94E8F5
:10B9DC00070083E8070015F02DFF71E40A4BD3F83C
:10B9EC002431002B3FF4A9AC9847A6E4480F012062
:10B9FC005C100120E8E20020EC1A0120000000009D
:10BA0C003097002038970020E00401200C10012012
:10BA1C00540F0120480901209C0F01208A4F542B00
:10BA2C0039682F9100F2AE86542B56D8DFE813F00C
:10BA3C00AF08A7083009300955007E08550055009D
:10BA4C005500550055005500550055005500550042
:10BA5C005500550055005500550055005500550032
:10BA6C005500550055005500550055005500550022
:10BA7C0055000C0955005500550055005500550052
:10BA8C005500550055005500550055005500550002
:10BA9C00550055005500D608550055005500550069
:10BAAC0055005500550055005500550055005500E2
:10BABC0055005500550055005500550055005500D2
:10BACC00550039085500550016085500550055000D
:10BADC005500390839083908390800202F9A079B76
:10BAEC003A605A78002A7FF4FBAB002800F06B8692
:10BAFC0001287FF4F5AB5549554815F0BDFEFFF70D
:10BB0C00EFBBD5ED187A00210E93FCEEE77A0846D0
:10BB1C00B0EE678A02F02AFF18EE103A8342BFF4A7
:10BB2C0017AE95F8D420002A7FF412AED5ED187A12
:10BB3C0085F8DC20FCEEE77A0E9B17EE902A85F850
:10BB4C00DD206EE4ABF1560C4FF00003DCF100018C
:10BB5C0041EB0C0161F3070361F30F23A6F8683086
:10BB6C0095F8DA30DA0740F1A982D5ED1F6AF5EEC7
:10BB7C00C06AF1EE10FA3EF59BAA23F00103C6ED64
:10BB8C00186A85F8DA3037EE677A86ED177AC107CE
:10BB9C003FF5E6ABD5F8D8204FF0000B2D4B1340FA
:10BBAC00C5F8D830FEF71ABF4D4618EE109AFEF7BE
:10BBBC0064BC0024FFF7D8B995ED1F0A05F0E0FD31
:10BBCC00FFF7B5B909F09CFDFFF797B9084608F0E7
:10BBDC0001FEFFF787B9204803222049013A23FAD6
:10BBEC0002FC1CF0010F03D1D0F880C0C1F8B8C022
:10BBFC0004380439002AF1D1FEF73FBCDAF82C31B5
:10BC0C00002B7FF469A8DFF858B01698FCF7E8FA17
:10BC1C00DBF8D03063B10B9A1278179298470B9AD5
:10BC2C001378179A934203D047F4802785F858303D
:10BC3C00DBF8D43013B1D6F8D4009847802015F037
:10BC4C00C5FEFFF749B800BFA8120120D409012096
:10BC5C000C100120FFBDE7FF940F0120A40E012062
:10BC6C00E00401203333CB41069810F0020E1CD0B7
:10BC7C00B378012B00F0428595F8DA305A0740F181
:10BC8C0021829DF82830129AD340DB0740F11A82AA
:10BC9C00109B002206EB830332661A65119B06EBA0
:10BCAC0083031A650123A6F8683095F8D930D906B4
:10BCBC0000F13985012385F8D43095F8DA305A072C
:10BCCC0018D5EB7AB7EE007AD5ED217A002B5FED23
:10BCDC001B6A2B7B07FE267A27EE877A002B00F057
:10BCEC001185129B06EB8303D3ED1E7A77EE277A30
:10BCFC00C6ED197A9DF828300321CDF81C80B84682
:10BD0C002E4A0746DFF8B8C01846013996ED197A65
:10BD1C0020FA01F3DB070DD5129BDCED2B7A8B425D
:10BD2C00C2ED167A00F01685D2ED206A77EEE67A2F
:10BD3C00C2ED167A043AACF1040C0029E5D1129B41
:10BD4C0038464746DDF81C8006EB8303D3ED147AA6
:10BD5C00F4EEC77AF1EE10FA00F3B881D5F8D830CA
:10BD6C0023F48223C5F8D830ABF14903102B3FF6EE
:10BD7C000EAF01A252F823F0F15E00001F59000033
:10BD8C001F5900001F5900001F5900001F590000C7
:10BD9C001F5900001F590000D95E0000655E0000AD
:10BDAC00F15E0000655E0000D95E0000D558000011
:10BDBC001F5900001F590000D5580000940F012096
:10BDCC00A40E01200B9BD3F80CC0DCF83C30002BEC
:10BDDC003CF443AFAB7B012B40F0EC839DF8281077
:10BDEC009DF8283011F0FA0F40F0338595F8DA10F1
:10BDFC00079111F004010E9109D0F7EE007A95ED40
:10BE0C00217AB4EEE77AF1EE10FA3FF5A1AC5A07BD
:10BE1C0040F15881D5F8D820B5491140002900F0DF
:10BE2C005181D5ED1F5AF5EEC05AF1EE10FA3EF5E0
:10BE3C003FA9D5ED1B6AF5EEC06AF1EE10FA3EF59E
:10BE4C0037A995ED1C6AB5EEC06AF1EE10FA3EF515
:10BE5C002FA995ED1A7AB5EE407AF1EE10FA3FF46F
:10BE6C0077ACF5EE406AF1EE10FA3FF471ACF4EEFB
:10BE7C00C66AF1EE10FABFF66BAC95F8D91011F05A
:10BE8C001002149205D095F8D4E0BEF1030F3FF6E2
:10BE9C005FAC0B9A9CED055AD2ED027AF4EEC57AA2
:10BEAC00F1EE10FA00F183859CED065AF4EEC57A9A
:10BEBC00F1EE10FA00F37B850D9A4C2A40F0438288
:10BECC008C4AB5EEC07AD5ED2B7AC2ED005AC2ED94
:10BEDC00017AF1EE10FA00F133824FF07E5CB0EE95
:10BEEC00C77AC2F824C095F80BC0C2ED036A82ED84
:10BEFC00046A82ED027ABCF1000F0DD09FED7E5AE0
:10BF0C0027EE057A66EE856A26EE056A82ED027AE0
:10BF1C00C2ED036A82ED046A95F80DC0BCF1000F06
:10BF2C0013D0B6EE005A92ED026AD2ED036A92ED8E
:10BF3C00047A26EE056A66EE856A27EE057A82EDAE
:10BF4C00026AC2ED036A82ED047A042B35D0D6ED79
:10BF5C00326A95ED046A96ED0F5A36EE266A96ED26
:10BF6C00207AD5ED296A37EEC77ACDED167A36EE02
:10BF7C00056A0D92CDED195A27EE070A76EEC66AC0
:10BF8C00B0EEC77AA6EEA60AC2ED066A85ED1F7A58
:10BF9C008DED157ACDE9170119F0A6FEDDED195AD4
:10BFAC009DED157A65EE805A0D9ADDED167AC5EE8B
:10BFBC00876ADDE91701C2ED006A0B0702D5D5F8D7
:10BFCC00CC309362149B1BB195F8D43082F82C3092
:10BFDC00CB0701D52B6ED36192ED077AB5EEC07A03
:10BFEC00F1EE10FA54D992F82C30002B50D096ED7B
:10BFFC00206AF6EE006A77EEC67AF0EEE77A67EE24
:10C00C00A67AB4EEE77AF1EE10FA3FF7A1AB0E9BED
:10C01C0013B1D5F884305361079B990702D5D5F835
:10C02C0080301362069B354A43F020030693D5F803
:10C03C00D8301A40C5F8D82000287FF415AE069BDE
:10C04C00DB077FF5A7ADFFF78BB90B9BDB68DB6BD1
:10C05C00002B3CF402AED5ED1D7AF5EE407AF1EEF4
:10C06C0010FA3FF475AB069B43F020030693E3E70D
:10C07C0095F85830D90707D5D5ED227AF5EE407AE8
:10C08C00F1EE10FA7FF49EAA4FF02908FCF79FBC42
:10C09C000023D361002382F82C30B8E7BBF1330FB7
:10C0AC0000F00481ABF18C03032BC8D8ABF18D03EA
:10C0BC00022B29D8DFE803F024282400BEF1000F5E
:10C0CC003FF461AD4FF01C08FCF781BC4FF0360813
:10C0DC00FCF77DBCBBF1540F7FF442AD0B9BDB68CE
:10C0EC009B7A59077CF5B9AD002386F8683037E5A3
:10C0FC0070000100F02301203333CB418FE6F8FFB1
:10C10C00069B43F010030693ABF18E01012940F21C
:10C11C00CB80069BC3F3C003069A63F3C3029DF85E
:10C12C0028309346ADF81820002B00F044840C22E4
:10C13C008C498D481EF098FB002800F0B1801BF054
:10C14C00010F7FF40DA925E537EE677ABBF1550F8A
:10C15C0086ED177A7FF41BAD002386F8683016E560
:10C16C0095F8DA309A0740F1E680D5ED207AF5EEB5
:10C17C00C07AF1EE10FA7DF69BAF23F00203B7EE16
:10C18C00007ADFED7A6A85F8DA30EB7A002B07FE5D
:10C19C00267A67EE877AC6ED177A4FF07A533366B4
:10C1AC00C3073FF5DDA8F5E4079B1A4200F0FA81BE
:10C1BC0095F8D83023F0700385F8D830EB7A8BB132
:10C1CC00DFED6A6A03236A4A013B0799D940C90724
:10C1DC0005D592ED1C7A27EE267A82ED1C7A043A6C
:10C1EC00002BF1D1BBF1000F13D0614A032361493D
:10C1FC00013B0798D840C00707D592ED1C7AD1EDCA
:10C20C00056A27EE267A82ED1C7A043A0439002B53
:10C21C00EED1119B05EB830393ED1A7A109B77EE0D
:10C22C00C77A8DED0D7A05EB8303D3ED1A6A67EEB1
:10C23C00A77A36EE666ACDED076AE6EE067AB0EEC0
:10C24C00670A19F051FD9DED0D7ADDED076AB0EE30
:10C25C00408A27EE077AA6EEA67AB0EE470A19F0C6
:10C26C0043FD78EE407A9FED447A85ED210AF0EE9D
:10C27C00E77AF4EEC77AF1EE10FA7FF7E0AEB6EE9D
:10C28C00007AF4EEC77AF1EE10FA09DC9FED3B7AF6
:10C29C0020EE070AB4EEE70AF1EE10FA7FF5CFAE06
:10C2AC004FF02108FCF793BB012335E7AB7B002B48
:10C2BC0040F080819DF82830032B00F27B82D5F86A
:10C2CC00D83003F03003302B7FF4FCAED5ED1A7A66
:10C2DC00F5EE407AF1EE10FA3FF43AAAEB7A5BB144
:10C2EC00DFED226A95ED1B7A67EEA67A27EE267AA9
:10C2FC00C5ED1A7A85ED1B7A96F82F3083B11D4B5C
:10C30C0095ED1A7AD5ED1B7A93ED036AD3ED046A99
:10C31C0027EE067A67EEA67A85ED1A7AC5ED1B7ABA
:10C32C0095F8D83023F0300385F8D830069BD80721
:10C33C003FF516A82EE4BEF1000F3FF42EAFC1E678
:10C34C00DFF840C0CBE50E4A4FF07E5C42F804CCDF
:10C35C004FF0000CC2E900CCC2E902CCC2E904CC1B
:10C36C00183AAEE5480F01200C1001203333CB41B5
:10C37C00A40E0120C8FD00200AD7A33B6F12833AFC
:10C38C0008240120000080BF069B43F004030693A1
:10C39C009DF82830002B00F00E830121109A119883
:10C3AC0001FA02F201FA00F00243134200F0FE809F
:10C3BC0095F8DA30D80700F1D480C5F8E810109958
:10C3CC00119805EB810396F82FB093ED296A06EBD3
:10C3DC008103D3ED1E7A05EB800336EE676AD3ED4D
:10C3EC00297A06EB800393ED1E7A77EEC77ABBF1C0
:10C3FC00000F18D0D04B03EB810103EB800391EDC0
:10C40C00037AD3ED036A27EE267AB5EEC07AF1EE05
:10C41C0010FA08D5BDF81810C1F3800383F001039E
:10C42C0063F38201069195F8DA3059077FF5BCAEBB
:10C43C0023F00403CDED0D7A8DED076A0C22BF4974
:10C44C00BF4885F8DA301EF00FFA9DED076ADDED76
:10C45C000D7A00283FF424AFEB7A3BB195ED217AAD
:10C46C00DFEDB86A27EE267A85ED217ABBF1000F55
:10C47C0016D0B14B109AD5ED215A03EB820292EDF6
:10C48C00037A119A03EB8203D3ED036AB4EEE67AD6
:10C49C00F1EE10FA37FE267A27EE257A85ED217A11
:10C4AC00B1EE007AD5ED216A26EE065A67EEA75A50
:10C4BC0026EE877AB0EE450A96EE870A30EE650ACC
:10C4CC00B5EEC00AF1EE10FA68D4CDED0D6ACDEDE3
:10C4DC00147A8DED156ACDED075A8DED0E5A19F0C3
:10C4EC0003FCDDED075AB0EE408A9DED0E5A35EE99
:10C4FC00250A19F0F9FBF1EE485ADDED0D6A2B898E
:10C50C0085EE807ADDED147A032B9DED156AF5EE40
:10C51C00C06A08BFB1EE477AF1EE10FA05D5F1EE1C
:10C52C00666AB1EE477AC5ED216AF0EE466A109B59
:10C53C0005EB8303E7EE676AE7EE067AB6EE006A70
:10C54C0026EE867A67EE867A83ED1A7A119B05EBD6
:10C55C008303C3ED1A7A069BD8073EF501AFFFF7AC
:10C56C0019BB95ED1F0A0D9206F0C2FE00283DF492
:10C57C0072AAD5ED1F7AF6EEE77AFCEEE77A17EEA3
:10C58C00903AC5ED3A7A002B3FF4E2A895F8DA30F0
:10C59C0023F0010385F8DA300D9A10E74FF02208EA
:10C5AC00FCF715BA4FF02308FCF711BA4FF020082E
:10C5BC00FCF70DBA4FF02A08FCF709BA4FF05308F4
:10C5CC00FCF705BA23F008035F4A95F82100937035
:10C5DC005E4B7076B3F8A410FBF78CFAFEF7F7BC41
:10C5EC00AB7B002BE6D19DF82830032B00F2E280C8
:10C5FC00D5F8D83003F44032B2F5403F7FF462AD49
:10C60C00069A920504D503F03003302B7FF45AAD13
:10C61C0095F8D830D5ED1F6A03F0300395ED206AFC
:10C62C00EA7A002B5FD0002A47D0D5ED1A7ADFEDDD
:10C63C00455A95ED1B7A67EEA57A96F82F3027EEC2
:10C64C00257AC5ED1A7A85ED1B7A63B13A4B93EDD9
:10C65C00035AD3ED045A67EE857A25EE877AC5ED39
:10C66C001A7A85ED1B7ADFED377A66EEA76A26EE2D
:10C67C00276AC5ED1F6A85ED206A96F82F3083B1C5
:10C68C002D4B95ED1F7AD5ED207A93ED036AD3ED02
:10C69C00046A27EE067A67EEA67A85ED1F7AC5ED59
:10C6AC00207AD5F8D8202A4B1340C5F8D830EB6F38
:10C6BC007363D5F88030B363C1E496F82F30002B48
:10C6CC00EFD01D4B95ED1A6AD5ED1B7A93ED037ADD
:10C6DC00D3ED046A27EE067A67EEA67A85ED1A7A10
:10C6EC00C5ED1B7ACDE7B1EE667AF1EE467A85EDB3
:10C6FC001A7AC5ED1B7A002ABFD0B4E74FF00308B5
:10C70C00FCF765B9129A05EB8203D3ED047A06EBBC
:10C71C008203D3ED326A77EEA67AD3ED0F6A77EE09
:10C72C00A67AFFF7E3BA95F8D430002B7FF4C5AAAC
:10C73C004FF01308FCF74BB9C8FD0020480F01203F
:10C74C000C1001203333CB41740C0120EC1A012066
:10C75C00CFFFFCFF2B7B002B3FF4ECAAD2ED206A21
:10C76C0077EEE67A77EE877AC2ED167AFFF7E2BAC1
:10C77C000024A046FCF72BB90E99AE4804F0E2F861
:10C78C00FFF77DB88C3B032B18D8AB4B9DF8AC0056
:10C79C0093F82031BDF81820C3F300130E9983F0E1
:10C7AC00010363F304108DF8AC00A24805F000F807
:10C7BC00FFF794B94FF01808FCF709B9079B5B78A1
:10C7CC00002B7EF48DAD9B4A9C4B07CA83E8070077
:10C7DC00FEF786BD4FF03008FCF7F9B8069B43F026
:10C7EC0080030693FEF705BA002A3EF405AD043B20
:10C7FC00043C0439013AFEF77DBC002B7FF45CA8A5
:10C80C00FEF7F7B9D0ED207A90ED046AD0ED346ADA
:10C81C0077EEC67A9CED2B7A77EEE67A77EEC77ACE
:10C82C00C1ED027AFEF767B8159326AB08201946BE
:10C83C000E930FF0E1FB159B00287EF435A8FDF755
:10C84C00A9BFCA40D2077EF590A84FF03808FCF774
:10C85C00BEB84FF02408FCF7BAB81E2B03D1159BB9
:10C86C00002B40F09D80012200233280327D85F820
:10C87C00383086F88C30B3713371B370002A40F0C5
:10C88C008980B38DB26A6FF30803B3850023737686
:10C89C0032B1B38352683362117A63F304111172AB
:10C8AC00654C94F81C1194F82C318D0703F001029F
:10C8BC004ED50B996420C9684968C86052B103F021
:10C8CC00060396F82D20981F4342434163F38202DE
:10C8DC0086F82D206423079AC2E90433B38DD383E1
:10C8EC000D9B022B18D05649307D0FF085FB00288C
:10C8FC003DF450AF94F81D319C0739D514F09AFFD4
:10C90C0011F0C8F8DAF87430707E9847102015F0E2
:10C91C005DF8202015F05AF8DFF83CB1DBF84C300C
:10C92C002BB10D9A901E41424141307E9847454BA8
:10C93C001C6802E0A4681BF00BFA2046002CF9D10D
:10C94C0006F00EFADBF80C3008209847FEF7F5BC21
:10C95C0052B103F006039A1F5342534196F82D200F
:10C96C0063F3820286F82D20B38D079AD383B7E741
:10C97C000B2023A90FF040FB0028BFD023A80C22CA
:10C98C0031491DF071FF0028B8D02F490B200FF052
:10C99C0001FBB3E74FF40070337515F017F870E72F
:10C9AC00DAF8E831002B3FF45EAF98475BE74FF0C5
:10C9BC002C08FCF70CB84FF01A08FCF708B88020CC
:10C9CC0015F004F8FEF792B94FF05208FBF7FFBFD1
:10C9DC0023F010031D4ADBE91401937007F0FAFEF3
:10C9EC00FEF7F0BA23F00103184A537014F022FF3B
:10C9FC004FF4806014F0EAFFEA7B154BDBF83C0047
:10CA0C00DBF84010F271DBF8442007C3FEF7D5BA0F
:10CA1C001E9301234FF480610E4886F89030DAF8AB
:10CA2C004030984708F012FBFEF7BBB92EA9FEF771
:10CA3C0086B900BF480F0120EC1A01200C10012010
:10CA4C009C0F0120A81201205C100120740C012005
:10CA5C00D00F012084090120E0040120DFF820B36D
:10CA6C0008F04EFE079B9BED000A0E9893F81F9062
:10CA7C00DC8BFBF709FA0346002840F006810E9880
:10CA8C00C9F340035A46B94904F0C6FC204604F0E9
:10CA9C00E3FF2F9B3B60079B5B78002B7EF420AC65
:10CAAC0091E6542B00F035810024A146069408949D
:10CABC000594109B0E9A8DF88430119B8DF885305F
:10CACC00129B8DF88630219BADF800301B0C8DF835
:10CADC000230A74B0293283395F8D4100191D5F866
:10CAEC0088103088299196F82E1086F86A10A14982
:10CAFC0004F03EFB3388542BCBD186F82C40002C11
:10CB0C0000F0FB80079B059A1A61069A96F82D3067
:10CB1C0062F3410369F3000386F82D30B9F1000F7D
:10CB2C0000F0E580B08D04F097FFB2E796ED1E6A39
:10CB3C0095ED1A4AD6ED1F6AD5ED1B4A36EE046AFE
:10CB4C0095ED297A96ED0D5A76EEA46AD5ED2A7AF2
:10CB5C00D6ED0E5A37EE057A0E9977EEA57A8DED55
:10CB6C00216ACDED226A8DED237A23AB7F4A814871
:10CB7C00009321ABCDED247A04F0AAF989E7B378C0
:10CB8C00022B0FD00E997B4803F0DCFE81E79DF859
:10CB9C00AC300E9943F0010376488DF8AC3003F0BD
:10CBAC00D1FE76E79DF8AC3043F040038DF8AC3005
:10CBBC00714B1B7E022B0AD195ED2B7AD6ED207A88
:10CBCC00B4EE677AF1EE10FA14BF012200229DF840
:10CBDC009C3062F3C7138DF89C30D3E796ED1E3A68
:10CBEC00F0EE085A95ED1A6AD6ED1F3A33EE067A36
:10CBFC00D5ED1B6A95ED294A36EE066A73EEA67AD8
:10CC0C00D5ED2A4A37EE447A0E9976EEA66A77EE7F
:10CC1C00E47A37EE077A86EE255A77EEA77A86EE17
:10CC2C00A56AC7EE256A87EEA57A75EE035A76EEED
:10CC3C00237ACDED215ACDED227A76EE846ACDEDB4
:10CC4C00236A77EE247A90E708F05AFDDDF83890E5
:10CC5C00079B95ED1D0A4846DC8BFBF715F903463F
:10CC6C0098B99DF89C304946424843F080038DF8B2
:10CC7C009C309DF8B13043F002038DF8B13003F0D5
:10CC8C0061FE204604F0E8FE03E79846FBF79FBEE2
:10CC9C00B378022B0BD19DF89C3043F080038DF8B8
:10CCAC009C309DF8AC3043F040038DF8AC30149AB6
:10CCBC00D5F8E8305207109A95ED210A8DF88420AA
:10CCCC0048BF5B42119A01938DF88520129A0E99F8
:10CCDC008DF88620219B254AADF800301B0C8DF871
:10CCEC000230264B03F13C0003F0EAFED1E6079B31
:10CCFC000598596907F06EFD14E721462A9810F043
:10CD0C00F7FC00287FF4FEAE08992A9810F064FC1A
:10CD1C00F8E62A9B6420079A5B6896F82C40DB683F
:10CD2C005169089396F82D30B6F82CB003F0010930
:10CD3C00C3F3400306931369059307F04BFD44F0CE
:10CD4C00010363F3070BCBF3072343F0030363F3F4
:10CD5C000F2B584604F080FEABE6002A3EF44CAA9A
:10CD6C00043B043C0439FEF78AB900BF0C100120C7
:10CD7C00E40F0120480F0120EC1A01200C0F0120B8
:10CD8C00F0230120704700BF00207047054B00B511
:10CD9C00DB6D83B09847C0F30743C0B240EA032071
:10CDAC0003B000BD08060120024A034BD2F8C000B4
:10CDBC001B68184708060120E0040120094A0346B5
:10CDCC00126800B583B012B101939047019BDBB29E
:10CDDC00054AA3F10703B3FA83F35B0982F88430A5
:10CDEC0003B000BDBC20012048090120074B70B5E1
:10CDFC001B6805460C469847054BDB6E23B1214654
:10CE0C002846BDE87040184770BD00BF8010012057
:10CE1C00E0040120034B93F80A02400800F00200E2
:10CE2C00704700BF080601202DE9F843374F3B68D7
:10CE3C00002B67D0364B374E93F88330CBB1336D24
:10CE4C0098473C68F36C002C5ED000253D609847F9
:10CE5C00314F01E0904764B123463968D4E9012091
:10CE6C00E4685D60DD600029F4D13B609047002CE4
:10CE7C00F2D1D6F8E0319847284B80461A688242A6
:10CE8C003ED0274D274A2C681768BC4238D0186012
:10CE9C0037B1D7E901309847FF68002FF9D12C68DA
:10CEAC00002C2DD00027DFF870900BE0F36C984726
:10CEBC00D9F80020E760D4E901306760D2B1984717
:10CECC002C68ECB12368A3EB0803002B18DC336D42
:10CEDC0098472B68A3420AD0002BE7D01A46DB6890
:10CEEC00002BE3D0A342F9D1E368D360DEE7E3681B
:10CEFC002B60DBE7C9F8004098472C68002CE1D187
:10CF0C00BDE8F883034EB4E79847B2E794100120CC
:10CF1C004809012008060120A0100120A8100120BA
:10CF2C00341201205421012008B50DF0EFF9024B09
:10CF3C000022C3F8242108BDE004012000B585B00F
:10CF4C00FAF70CFF0C4B0290DB6D98479DF80A30FA
:10CF5C009DF80B109DF808C003EA10439DF80920BA
:10CF6C0001EA106102EA102200EA0C000B431043A4
:10CF7C0040EA032005B000BD08060120144B30B573
:10CF8C001D788BB0DFF850E085F0FF05EC461D7086
:10CF9C00BEE80F00ACE80F009EE80F00ACE80700FD
:10CFAC0028468CF8003005F0F5FF054668461FF062
:10CFBC001FFB294668441EF017F9064A0346002158
:10CFCC00128868461A800AF065FC0BB030BD00BFB1
:10CFDC0008F300206897002048970020F8B50E4B06
:10CFEC000E4F0F48D3F8C03098473C689CB10D4E9B
:10CFFC00002502E090473C606CB123463168D4E9CF
:10D00C000120E4685D60DD600029F3D13360904756
:10D01C003C60002CF1D1F8BD08060120541201200F
:10D02C006C970020A01001204AB1064A92F82121E9
:10D03C00920704D5044A1846D2F81C311847002030
:10D04C00704700BFEC1A012008060120074B93F82B
:10D05C001E21D20604D50269D3F8A0118A4200D150
:10D06C007047C3F8A0210EF067BB00BFEC1A01207B
:10D07C00704700BFF0B5214C054683B00E46236DBA
:10D08C001746984715B31E4B1A6822B30021196036
:10D09C00D4F8E03101929847019A00233844556046
:10D0AC00184DD3602B681060966023B31968411A31
:10D0BC00002904DC1EE01968411A002903DB1D4617
:10D0CC00DB68002BF7D1D360EA600125E36C98474D
:10D0DC00284603B0F0BD0C4A28231146D1F874023F
:10D0EC00013B103918B1002BF8D11D46EEE702EBCD
:10D0FC000312CDE7D3602A60E7E700BF08060120E2
:10D10C00A010012034120120702101200E4808B516
:10D11C000389C3F340219B050CD50C4B01213C30FA
:10D12C001B6C98470A4B00210A489A8ABDE80840B4
:10D13C00FFF7A0BF064B9A8A02B908BD0648BDE8A6
:10D14C000840FFF797BF00BF4809012008060120DF
:10D15C00EC1A01209D6E0000ED6E0000054B0021C5
:10D16C001B899B05044B4CBF044805489A8AFFF762
:10D17C0081BF00BF48090120EC1A01209D6E000000
:10D18C00ED6E0000C30700D4704732220021014825
:10D19C00FFF770BF6D6D000030B51B4C83B0236D75
:10D1AC00CDE900109847DFF868C0DCF8003013B305
:10D1BC000022DDE9001002E01A46D368DBB15D689D
:10D1CC008542F9D169B19D688D420AD0DA6892B175
:10D1DC0055688542F1D19E4613469D6872468D4234
:10D1EC00F4D1D96862B1D1600849002208685A604C
:10D1FC00DA6000B90B60E36C03B0BDE8304018474F
:10D20C00CCF80010F0E700BF08060120A0100120A8
:10D21C003412012010B50446E30706D40A4B1B68F0
:10D22C0083B12046BDE81040184700210748FFF79E
:10D23C00B3FFC82200210548FFF71CFF024B1B68F7
:10D24C00002BEED110BD00BF64120120396B000021
:10D25C0010B5184C82B0236DCDE900109847DFF85B
:10D26C005CE0DEF80030D3B14FF0000CDDE90010CB
:10D27C0003E0DA689C4613468AB15A688242F8D1B8
:10D28C009A688A42F5D1DA68BCF1000F0ED0CCF85E
:10D29C000C200949002208685A60DA6020B1E36C5E
:10D2AC0002B0BDE8104018470B60F8E7CEF800203C
:10D2BC00EFE700BF08060120A01001205421012037
:10D2CC0030B51C4C83B00D46236D019098470198E6
:10D2DC0038B3194B1A689AB1002119600023174909
:10D2EC00D3600B68C2E901050BB31946DB68002B50
:10D2FC00FBD1CA600125E36C9847284603B030BDCA
:10D30C000F4928230A46D2F874C2013B103ABCF1EB
:10D31C00000F03D0002BF6D11D46ECE701EB0312F6
:10D32C00DCE70546E36C9847284603B030BD0A603D
:10D33C00E0E700BF08060120A01001209410012096
:10D34C0070210120224B70B593F8814082B014B348
:10D35C00204D0E4601902B6D98470198A8B11E4B9D
:10D36C001A68EAB10021196000231C495060C2E917
:10D37C0002630B682BB31946DB68002BFBD1CA6028
:10D38C00EB6C9847204602B070BD0446EB6C984796
:10D39C00204602B070BD02B0BDE87040FFF790BFF0
:10D3AC000F4928230A46D2F874C2013B103ABCF14B
:10D3BC00000F03D0002BF6D11C46E1E701EB031262
:10D3CC00D2E7EB6C0A609847204602B070BD00BFF4
:10D3DC004809012008060120A01001205412012048
:10D3EC00702101202DE9F047B84C84B0DFF84C8354
:10D3FC009C22002120461DF00BFB4FF420720021D3
:10D40C00B3481DF005FB4FF49472002140461DF00B
:10D41C00FFFAB04BB04D0021C8F818314FF4087228
:10D42C00AE4BAF4FC8F81C31AE4BAF4EC8F85C30AA
:10D43C00AE4BC8F86430AE4BC8F87830AD4BC8F87A
:10D44C007C30AD4BC8E91455AC4DC8F88030AC4BB2
:10D45C002846C8F8D4301DF0DBFAAA4B0A226B65BB
:10D46C004FF480632A60C5F8B0310123A64A85F8D1
:10D47C001A32C5F8A8214FF08042A44BEA612B6701
:10D48C00A34AA44B2A66C5F804324FF6FF73A24A8E
:10D49C00A5F812320123C5F89C20A04A84F88130EB
:10D4AC00C5F83021C5E9136603F0BEF900260FF06C
:10D4BC004FFB0CF02BFF21F0C7FD3B7860F3000312
:10D4CC003B7006F075FB06F0BBFB0FF04BFB95F8C1
:10D4DC000822397802F0600342F0600221F0180152
:10D4EC00C4F89460A3F1600385F80822C2F34002EB
:10D4FC0084F88560B3FA83F35B09DB0043EA02131B
:10D50C00D5F88C2003F018030B43FF2B3B70844B96
:10D51C001A60844BC5F88C300CBF01233346C4E928
:10D52C00236684F882300FD17F4BD5F80C21C5F8D7
:10D53C000C317E4B7E481A60AB6B98473B7884F875
:10D54C00826060F341033B70794E0DF10E0196F849
:10D55C00A8000FF05FFF8146002800F0B7810DF1A5
:10D56C000F0196F8A9000FF055FF18B996F8A830DE
:10D57C0086F8A9309DF90E000FF094FF3B78814698
:10D58C0060F382033B70002800F08A8100200FF0CA
:10D59C0061FFC36A2BB1006BB0F1000918BF4FF0EB
:10D5AC0001093B7869F382033B7095F8093213F05B
:10D5BC00040305D196F89C2163F3410286F89C2163
:10D5CC003B78FF2B06D0102300215A4884F880307A
:10D5DC00FFF7B8FED5F88C30012196F80801984772
:10D5EC0010F058FA6B6F4FF000009847D5F80032E6
:10D5FC000BB1514898474FF0070003F047F994F8E6
:10D60C008030103B18BF012384F883306B6E002BE5
:10D61C0000F0198196F88F31DF0700F11481B28A7E
:10D62C00002A40F0198195F8093213F00C0F0DD037
:10D63C00C3F38001C3F3C00340F28A2041F004011C
:10D64C0041EA430101F007010FF052F895F8B630AA
:10D65C0003F00C03042B00F05581D8F8B430002BE8
:10D66C0000F0428195F90A32002BC0F221814FF073
:10D67C0000090CF04BFEE378D4E9047A23B196F957
:10D68C008E31002B80F2C280442200210F481DF005
:10D69C00BFF96FF0010294F881306264002B40F006
:10D6AC00C28096F81E31002013F0400F08BF64278B
:10D6BC0013F0200F08BF4FF0640AC4E9047A0FF08E
:10D6CC00BDFE002840F0B8803AE000BF48090120B8
:10D6DC0070210120B9E70000B96B0000C99F01005F
:10D6EC0008F30020156B000035D40000FDB20100DA
:10D6FC0071180000111C0000455C01000806012097
:10D70C00DD6D0000196B0000B96C0000A9AF0100C1
:10D71C005D9C0000C59E0100698C0100A56B00009A
:10D72C00BC2001204D6B00007D6B0000801001209F
:10D73C00EC1A01200D6D0000D4090120E004012039
:10D74C00B38A2189003B96F82C2118BF012363F37F
:10D75C0049212181D10705D5E37FC2F3400262F351
:10D76C008203E37706F084FBD5F8D430984796F81B
:10D77C001E01C0F34000FAF783FE96F82601AB6D4C
:10D78C004FF0000100F00100984706F01FFC11F06B
:10D79C0001FD03F015F813F023FD06F0D9FF5F49E6
:10D7AC005F4814F069F8D5F8903013B100210846A1
:10D7BC00984795F80A325A076CD5D8F80030D5F846
:10D7CC00C400984796F91D31002B5ADA95F80A32A5
:10D7DC00DB0707D594F88530002B0CBF8020872001
:10D7EC0007F0A2FF07F0A6FC0746002839D084F802
:10D7FC0081900CF08BFDE378D4E9047A002B3FF494
:10D80C0043AF96F98E31002BFFF63EAF80220021FC
:10D81C0044481DF0FDF86FF0010294F88130626409
:10D82C00002B3FF43EAF64270020BA46C4E9047ACB
:10D83C000FF004FE002883D000200FF00BFE6422B2
:10D84C004368DA607CE795F815327BBB364BB28ABD
:10D85C006B66002A3FF4E7AE00213448FFF70AFC60
:10D86C00E1E6D5F8DC31C3B1984784F88170002823
:10D87C007FF4FFAE019006F0CFF9019804B0BDE83B
:10D88C00F08710F075FCB0F5807F9FD1012010F06F
:10D89C0075FC9BE714F0DAFE8FE784F88130E8E63C
:10D8AC000FF0E6FD0FF0FEFD81467AE6204BCEE749
:10D8BC0095F91032002BBFF6DAAEEB6E984741B2F9
:10D8CC001C48C943C90FFFF73DFDD0E60FF01AFD08
:10D8DC0049460FF0EDFCE8B190F9002043788DF843
:10D8EC000E2086F8A8303AE695F80B3298077FF5AB
:10D8FC00B9AED5F81C31002B3FF4B4AE0E4BC8F8C2
:10D90C00B430AFE60D4BD5F804211A600C4BC5F8BA
:10D91C000431A2E602460B23E1E700BFD409012043
:10D92C000C100120480901201D6B00009D6E0000A9
:10D93C00CD6C000075E60000B96D0000641201208A
:10D94C00A56F00002DE9F843DFF848914A4E99F88D
:10D95C0083503368002D63D13BB348485A68DFF8D5
:10D96C0038818242D8F8001000F08280DA6809B958
:10D97C001946012500245C60DC6042B157681346EF
:10D98C00874260D0D2685C60DC60002AF6D10DB1B1
:10D99C00C8F800104FF0000E05E00DB1C8F80010EB
:10D9AC00BCF1000F01D0C6F800E0354C236833B150
:10D9BC0058680021FFF7F0FB2368002BF8D1314C9D
:10D9CC00236833B158680021FFF742FC2368002B11
:10D9DC00F8D13368FBB199F8833023B92A4B93F80B
:10D9EC00B62051072BD434680025DFF8AC8002E058
:10D9FC00904734607CB12346D8F80010D4E901205C
:10DA0C00E4685D60DD600029F2D1C8F80030904711
:10DA1C003460002CEFD199F883302BB1BDE8F8833A
:10DA2C00002BE0D1BDE8F883174B93F8B6205207D2
:10DA3C0005D4164D2C6D10F09BFBA047FAE7144A49
:10DA4C00C3F80421F5E796464FF0010C0024D36887
:10DA5C00002BA2D05F68874208D0DF68D7605C607B
:10DA6C00DC600029F3D119460125F0E71A46EEE7F0
:10DA7C001A46AC46EAE700BF541201208116010099
:10DA8C00341201205421012008060120E004012059
:10DA9C00156F000048090120A0100120294B2DE929
:10DAAC00F04741EA40081C68274FDC2389460546AD
:10DABC0003FB087301EB410A134493F8C06002E0C6
:10DACC00646A002C33D02378AB42F9D1236A5344D7
:10DADC0059788E42F4D39B78711A4846B342C9B236
:10DAEC00EED3636998470028EAD0DC22236A447994
:10DAFC0002FB0872036092F8BE10A1421AD90021F1
:10DB0C00427E09EB4909044661F386124B44427686
:10DB1C0002795B781A4401239340DC2202FB0877DC
:10DB2C00427FD7F8B0100B4063F386124277204641
:10DB3C00BDE8F08792F8BF10A14234BF002101214B
:10DB4C00DEE700BF60130120D4F9002030B5164C7D
:10DB5C004FF0DC0E1D46DFF854C0236841EA400448
:10DB6C000EFB04CC01EB410494449CF8C0E001E0B2
:10DB7C005B6AC3B193F800C08445F9D11A6A02EB11
:10DB8C00040C9CF801209645F2D39CF802C0F44595
:10DB9C00EED3AEEB020E08462A461B695FFA8EF1F5
:10DBAC00BDE83040184730BD60130120D4F9002087
:10DBBC002DE9F04F41EA4008594FDC2685B006FBB1
:10DBCC000876D6F8B040167824FA06FB1BF0010B49
:10DBDC0040F09E8014460093524B3246A24681463A
:10DBEC00DC460E4601EB41051C6805E0646A002C1E
:10DBFC0000F08A809AF8002023784B45F6D1236AEE
:10DC0C002B4459789142F1D89B78511A3046934263
:10DC1C00C9B2EBD3636998474FF0010C00287DD053
:10DC2C00437E5B06E2D53546DC2206469AF80000B8
:10DC3C00234654460CFA00F002FB087CDCF8B010CA
:10DC4C0001439CF8C000CCF8B0109AF80010884240
:10DC5C0008D0354802FB080212F8010F0BF1010B3A
:10DC6C008842F9D1DC2202FB0870019090F8B400D4
:10DC7C0058452AD92C4902FB0812CDE9023802EB8F
:10DC8C000B0ADDF804809AF801305FFA8BF2FF2B57
:10DC9C000AF8013B10D0D8F808304FEA8B000BEB98
:10DCAC004B012BB1BBF1090F88BFA0F10A010B444A
:10DCBC0029464846FFF74AFF0BF1010B98F8B430A0
:10DCCC005B45E0D82178DDE90238186A05EB450C94
:10DCDC00009A8444284600939CF80150491B1D6906
:10DCEC00C9B2A847009B4FF0010C1B6A3360DC23C0
:10DCFC00217803FB087797F8B430FA1882F8C01033
:10DD0C005A1E87F8B4202370604605B0BDE8F08F2A
:10DD1C004FF0000C604605B0BDE8F08F844665E717
:10DD2C00D4F900206013012094FA00200D4B0E4A08
:10DD3C000344106893F89C1101E0406A88B1836831
:10DD4C00002BFAD00278002AF7D1026A92F804C0AC
:10DD5C006145F2D352798A42EFD3A1EB0C00C0B2E9
:10DD6C0018477047D4F9002060130120184B194A4A
:10DD7C001844136890F8540301E05B6A33B35A6893
:10DD8C00002AFAD093F800C0BCF1010FF5D100B510
:10DD9C00D3F820C09CF804E0704509D39CF805C06A
:10DDAC00844505D3A0EB0E005DF804EBC0B2104720
:10DDBC005B6A53B15A68002AFAD093F800C0BCF1E0
:10DDCC00010FE5D05B6A002BF4D100BD704700BF9A
:10DDDC00D4F900206013012010B5DFF854C04FF0C7
:10DDEC00DC0E14464200114B0EFB02CC1B688C441B
:10DDFC009CF8C0E001E05B6AABB1DA68002AFAD0AB
:10DE0C0093F800C08445F6D1196A91F801C0E64533
:10DE1C00F1D389787145EED3AEEB0C002146C0B23C
:10DE2C00BDE8104010474FF0FF3010BD60130120CB
:10DE3C00D4F9002030B5144C1546DFF850C004441A
:10DE4C00DCF8003094F878E201E05B6AD3B1DC696D
:10DE5C00002CFAD093F800C0BCF1010FF5D11A6A6E
:10DE6C0092F801C0E645F0D392787245EDD3AEEB53
:10DE7C000C0E2B460A46A44601465FFA8EF0BDE80E
:10DE8C0030406047184630BDD4F9002060130120A3
:10DE9C00DFF814C0084611461A46DCF8003000B50D
:10DEAC005DF804EB184700BFE81A0120A0F5B97023
:10DEBC002DE9F04F85B003280FD8DFE810F0EB0008
:10DECC0091004F0012003A465046A14BC0F86C210D
:10DEDC001B6813B14FF4B9709847002005B0BDE82A
:10DEEC00F08F9C4D9C48D5F84033D0F8784101EA2E
:10DEFC000302A242F1D000275440DFF8608205F5FE
:10DF0C00557691468246ADF80C708DF80E7001E096
:10DF1C0064080137E20703D464080137E307F7D537
:10DF2C00B5F95013FAB2D8F86031701800E029B185
:10DF3C0010F801CD01399445F9D1CAB20121084636
:10DF4C00984730B1036A23B1427F12F0300100F0E0
:10DF5C002781640800F0F1800137DFE77D4D7E48B2
:10DF6C00D5F86C33D0F8744101EA0302A242B4D064
:10DF7C0000270DF10C0E5440DFF8E081924605F5B8
:10DF8C0055798346ADF80C708DF80E70CDF804E021
:10DF9C0001E064080137E00703D464080137E107A6
:10DFAC00F7D5B5F95013FAB2D8F8603109EB010086
:10DFBC0000E029B110F801CD01399445F9D1CAB26C
:10DFCC0001210846984730B1036A23B1427F12F011
:10DFDC00300200F00581640800F0C2800137DEE7F2
:10DFEC005C4D5D48D5F86432D0F870411940A142BF
:10DFFC0000F0958000264C40DFF8608105F51E7915
:10E00C000F468346ADF80C608DF80E6001E0640895
:10E01C000136E20703D464080136E307F7D5B5F9F6
:10E02C007412F2B2D8F8603109EB010000E029B1AA
:10E03C0010F801CD01399445F9D1CAB20021012063
:10E04C00984718B3036A0BB30122B2403A420CBF93
:10E05C00012202228DF80E20427F12F004010CD016
:10E06C0090F805C095F87612614500F2848095F819
:10E07C007712614534BF00210121C2F380028DF873
:10E08C000C1003A98DF80D2000229847640844D089
:10E09C000136C2E72F4D3048D5F89032D0F86C419C
:10E0AC0001EA0302A2423FF410AF00265440DFF80D
:10E0BC00AC8005F51E7917468246ADF80C608DF8DC
:10E0CC000E6001E064080136E00703D464080136F1
:10E0DC00E107F7D5B5F97412F2B2D8F8603109EB53
:10E0EC00010000E029B110F801CD01399445F9D1B6
:10E0FC00CAB200210120984750B1036A43B141795B
:10E10C0095F876C28C4503D895F877C28C4534D2F5
:10E11C0064083FF4D8AE0136DAE7394658460C4B62
:10E12C00C0F870111B68002B3FF4D7AE40F273108F
:10E13C009847002005B0BDE8F08F054BCAF87891E0
:10E14C001B68002B3FF4C9AE40F275109847C4E62B
:10E15C0074120120D4F90020EC1A012008060120C9
:10E16C00304BCBF874A11B68002B3FF4B6AE4FF4C8
:10E17C00BA709847B1E600217FE7027F03A9C2F38A
:10E18C00C1028DF80E200122B2403A424FF000023B
:10E19C0014BF4FF0010C94468DF80CC09847B7E7AC
:10E1AC0012F004020BD090F805C095F8522362458A
:10E1BC0035D895F85323624534BF002201228DF8DF
:10E1CC000C20012203A9BA4012EA090F4FF00002F9
:10E1DC0014BF4FF0010C94468DF80DC09847B8E66B
:10E1EC0090F805C095F852E3E6453FF6F4AE95F885
:10E1FC0053E3E645FFF4EFAE017FC1F380018DF8E8
:10E20C000D100121B94011EA0A0F019914BF4FF00A
:10E21C00010C4FF0000C8DF80CC09847DBE60A4659
:10E22C00CDE700BF74120120964B1B682DE9F0411D
:10E23C00064684B003B19847934B93F8823013B9D8
:10E24C0004B0BDE8F081914C4FF00008D6F8743161
:10E25C00D4F89002ADF80880ADF80C808DF80A80E7
:10E26C008DF80E80D6E95B120140C6F86C11D4F81B
:10E27C0090120A40C6F87021D4F86C231340C6F8EB
:10E28C007431D6F87831D4F86C231340C6F8783151
:10E29C00D4F8BC31002B40D094F87232002B3CD017
:10E2AC00013B7B4FDDB2B4F97432EAB27949D7F84D
:10E2BC0060C1194400E02BB111F8010D013B9042F3
:10E2CC00F9D1DAB200210120E047034618B3026A03
:10E2DC00944602B3427F4079C2F3C0128DF80920F4
:10E2EC0094F87622824254D894F87722824250D302
:10E2FC000122D6F86C11AA400A421A7FC2F3C1025D
:10E30C008DF80A2014BF012200228DF8082018462F
:10E31C00002202A9E047013DC5D2D4F898327BB364
:10E32C0094F84E3363B3013B594FDDB2B4F950331B
:10E33C00EAB25949D7F86081194400E02BB111F8C1
:10E34C00010D013B9042F9D1DAB201210846C047D8
:10E35C00A0B10123D0F82080D4F86C13AB40B8F1F5
:10E36C00000F05D00B4203D0427F12F0300265D073
:10E37C0021EA03014FF4BA700EF0BAF9013DD5D27F
:10E38C00464B1B68002B3FF45BAF984704B0BDE8CD
:10E39C00F0811A288DF808801FD01C283FD00E2839
:10E3AC002DD00D28B3D80193F9F73EFD82B2019B15
:10E3BC00002A62D0B6F89C10B6F89E000A42196A80
:10E3CC008C4614BF0121002102420CBF0122002205
:10E3DC008DF808108DF80A2099E731498DF80980DD
:10E3EC0091F8202191F82111C2F34002C1F3800170
:10E3FC0082F001028DF808108DF80A2087E7284A70
:10E40C008DF8098092F82021C2F34001C2F300027A
:10E41C008DF8082081F001028DF80A2077E7204A58
:10E42C008DF8098092F8202182F0FF01C2F380124E
:10E43C008DF80820CA098DF80A2068E7D6F87411FF
:10E44C0019400BD090F805C094F85213614517D8B9
:10E45C0094F85313614534BF00210121D6F878217B
:10E46C008DF80C1003A913424FF0000214BF0123C6
:10E47C0013468DF80D30C04780E71A6A944646E77C
:10E48C001146EBE77812012048090120D4F900204D
:10E49C00080601204CFC002028FD00207C120120E5
:10E4AC00EC1A012000B58BB02422002101A81CF02D
:10E4BC00AFFA242201A913481CF0D6F948B1124A2C
:10E4CC00124BD2F86001C01AB0FA80F040090BB0C0
:10E4DC0000BD0D4BDFF834C00D490E480E4AC3F891
:10E4EC0064010120C3F854210C4AC3E9571CDFF81E
:10E4FC0034C00B49C3F850C1C3F85811C3F86C2190
:10E50C000BB000BD54070120080601202D78000037
:10E51C00DD78000041790000BD7A0000C57B000069
:10E52C00697B0000FD7A00000388B3F5BA7F0FD336
:10E53C00A3F5BA73012B09D80C4BD3F8980230B160
:10E54C00D3F86C03003818BF0120704700207047C7
:10E55C00B3F5B97FFAD3054BD3F8BC010028F6D03C
:10E56C00D3F89002003818BF01207047D4F900206E
:10E57C00A0F5B970032823D8DFE800F01A120A02BC
:10E58C00104A114BD2F87801D3F840331840704739
:10E59C000C4A0D4BD2F87401D3F840331840704735
:10E5AC00084A094BD2F87001D3F86432184070470E
:10E5BC00044A054BD2F86C01D3F86432184070470A
:10E5CC0000207047EC1A0120D4F9002010B542EA63
:10E5DC00410186461BB31E4ADC2000FB0120B0F92A
:10E5EC00BAC05FFA8CFC0CEB03048EF801C0B0F9D6
:10E5FC00BC00844225DC18460CF1FF3CDC2384442F
:10E60C0003FB01238EF802C05C68F4B1DC234FF6E7
:10E61C00FF7C03FB0123A3F8B6C0034605E04FF0D3
:10E62C00FF0C18460A4A8EF801C04FF0DC0C0CFBAC
:10E63C000122B2F8BA100B44A2F8BA308EF80000DE
:10E64C0010BDA0EB0C00C0B2D6E7C3F804E0DDE7C8
:10E65C00D4F900202DE9F04F01294FEA410887B089
:10E66C0005461C46894648F0010A00F0C480134652
:10E67C000022FFF7ABFF2346B44C0122494694F825
:10E68C004E61304484F84E01E81CFFF79FFF94F86C
:10E69C004F31184484F84F01AD48DC2303FB08F2DA
:10E6AC0003FB0AF184184318B4F9BA60B3F9BA3011
:10E6BC009E42B8BF1E46002E00F09780A368002B28
:10E6CC0000F0E88094F8C030FF2B00F03B81A14BA8
:10E6DC004FF0000B134413F8012F0BF1010BFF2A21
:10E6EC00F9D1DC2202FB0A0393F8C030FF2B00F0B7
:10E6FC002781984B002702FB0A3313F8012F0137AF
:10E70C00FF2AFAD1B9F1010F4FF000040CBF924B64
:10E71C00924B1A68DC23CDE9017903FB0A0181468F
:10E72C0003FB08038A60039104939A602B782BB344
:10E73C006B78A34222D8AB78A3421FD3049901EB88
:10E74C000B0383F8C040109B9BB16A788B68A21AAC
:10E75C00D2B253B15FFA8BF000EB4001A0F10A0C7E
:10E76C008C44092888BF61460B4400210298109FF5
:10E77C00B847172C0BF1010B40F2B880EB7823B3A0
:10E78C002B79A34221D86B79A3421ED3039901980C
:10E79C000B1883F8C040109B93B12A798B68A21A8E
:10E7AC00D2B24BB1C0B200EB4001A0F10A0C8C44C8
:10E7BC00092888BF61460B4401210298109FB84775
:10E7CC00172C77D9019B013301930134A642ADD2AA
:10E7DC00DC2303FB089803FB0A90D8F8D820D0F868
:10E7EC00D830C8F8AC20C0F8AC30301E18BF0120AF
:10E7FC0007B0BDE8F08FA2BBFF2343705448B0F8BC
:10E80C00723252491344A0F872322A7091F84C318A
:10E81C00134481F84C31002C00F08480B0F94E3355
:10E82C00DBB22B711F19B0F950635A1EF31ADBB20D
:10E83C00B742C8BF1C46A3186B71D0F89832002B96
:10E84C0077D04FF6FF73A0F84A33B0F84E33234419
:10E85C00A0F84E33EC7091F84D31234481F84D31D2
:10E86C001BE73B48B0F97232DBB26B709F18B0F902
:10E87C007462591EF31ADBB2B742C8BF1A4653185A
:10E88C00AB70D0F8BC31002B57D04FF6FF73A0F80B
:10E89C006E32B4E7324BA3F118041A440B440C4407
:10E8AC00FF2103F8011DA34202F8011DF9D1002735
:10E8BC00BB4627E7DC23012003FB0AF3A04009EB4E
:10E8CC0003010C33D1F8D8204B440243C1F8D820B3
:10E8DC006CB32449184605931CF0DEF8204604F06E
:10E8EC0059FB014605981CF0D7F86BE7DC23012097
:10E8FC0003FB08F3A04009EB03010C33D1F8D8203B
:10E90C004B440243C1F8D8207CB1164918460593F4
:10E91C001CF0C2F8204604F03DFB014605981CF0A3
:10E92C00BBF82BE7FF232B718FE70F49EEE70E495E
:10E93C00D0E7EB1CC0F8983283E7C0F8BC51A4E7D1
:10E94C000027DFE64FF0000BCBE600BF08060120E6
:10E95C00D4F9002094FA0020203E0060243E006090
:10E96C00ACFA0020A0970020989700202DE9F047E2
:10E97C00DFF86C80DC2541EA400905FB0985B5F917
:10E98C00B8305A1C02D0D8B2BDE8F087DFF854A0DA
:10E99C000024DAF86031A5F8B840F3B10F4606460A
:10E9AC00E2B239463046984780B1437F5B0604D4C7
:10E9BC00B5F8B8300133A5F8B8300134DAF8603165
:10E9CC0039463046E2B298470028EED1DC2303FBEF
:10E9DC00098898F8B800BDE8F0871846BDE8F087BC
:10E9EC00D4F90020080601202DE9F04F604F85B0C6
:10E9FC00D7F86441002C00F08E80012872D00029D9
:10EA0C0040F08F8097F84E4101949E46904641EA23
:10EA1C004003DC22DFF85C910E4603FB02F2054654
:10EA2C00029309EB020BDBF80430002B70D09BF83F
:10EA3C00BAA0D7F86031BAF1000F69D0002B67D0BB
:10EA4C0009F1C0015446CDF80CE08A18009298F8F0
:10EA5C0000209246013C31462846E4B222469847B3
:10EA6C00A0B190F81DC01CF0400F0FD190F805E03C
:10EA7C009BF8BE309E453AD39BF8BF20724536D3E7
:10EA8C00AEEB030E5FFA8EFEF24504D0002C3FD0A5
:10EA9C00D7F86031DEE71CF0400F824638D1039B7B
:10EAAC00424631462846D7F86441A0479AF81D30B3
:10EABC0060F386138AF81D3050B3029ADC23012DC3
:10EACC0003FB02934FF6FF72A3F8B8203BD086BB32
:10EADC0097F84E31019A93421FD1019B013B87F865
:10EAEC004E311AE009BB97F84C4101948DE7BBF904
:10EAFC00BC30009A90F804E01A4401E0002BC3D01B
:10EB0C0012F8011D013B7145F8D15FFA83FEBBE79A
:10EB1C00FF2388F800304FF0000A504605B0BDE8DE
:10EB2C00F08F97F84F4101946FE797F84D4101949E
:10EB3C006BE797F84F31019A9342EED1019B013B61
:10EB4C0087F84F31E9E74EB997F84C31019A934267
:10EB5C00E3D1019B013B87F84C31DEE797F84D314F
:10EB6C00019A9342D9D1019B013B87F84D31D4E7EF
:10EB7C0008060120D4F900204A4B2DE9F0431C680B
:10EB8C0083B0002C44D0437F91460E4605461F4669
:10EB9C00037FC3F3400802E0646A002C38D02B6872
:10EBAC00226A9A42F8D1EB6A31462846002BF3D000
:10EBBC00984703460028EFD0C7F3C002216ADC2037
:10EBCC0082F001042A7F2D79C2F3400C02F002027C
:10EBDC0048EA4404624404FB00F00A4401215278E0
:10EBEC002A44314D914005EB000C4FF0FF32DCF81C
:10EBFC00D870CCF8B6202A5C27EA0101022ACCF89E
:10EC0C00D8101FD0032A08D0184603B0BDE8F083F3
:10EC1C002346184603B0BDE8F0838F2E3AD0902ED1
:10EC2C0006D1224890F81A2242F0010280F81A22EA
:10EC3C004FF4BA7001930DF05BFD019B184603B0C5
:10EC4C00BDE8F083B9F1000F07D01849B9F80000FE
:10EC5C00B1F810220243A1F810221C2E03D8144A3A
:10EC6C00F240D20707D430460193F9F7DDF8019B47
:10EC7C0080B20028C8D0DC224FF4B970019302FB9B
:10EC8C000452D2F8D8100DF033FD019B184603B096
:10EC9C00BDE8F083054890F81A2242F0020280F891
:10ECAC001A22C5E760130120D4F9002008060120C0
:10ECBC0000400014134AD2F86001C8B1D2F8643194
:10ECCC00D2F85801003BD2E954C118BF01230A1EE7
:10ECDC0018BF0122BCF1000118BF0121003843EA22
:10ECEC00410318BF012043EA820343EAC000704786
:10ECFC0001460346024643EA410343EA820343EAE0
:10ED0C00C0007047080601202DE9F04FDC2441EAD1
:10ED1C0040084E4D83B004FB08F805EB0804666808
:10ED2C001EB11F46B4F9BA301BB9002003B0BDE8C0
:10ED3C00F08F0193BB4692460F4606469146FFF76D
:10ED4C00B9FFC307F1D5C035BAF1000F40D0019B14
:10ED5C0005EB0809DFF8F8805D1EB4F9BC10EAB2C7
:10ED6C00D8F8603101EB090000E029B110F801CDB1
:10ED7C0001399445F9D1CAB239463046984718B191
:10ED8C0083693AEA030303D0002DCED0013DE4E7BA
:10ED9C00437994F8BE2093420BD394F8BF10994258
:10EDAC0007D39B1AD9B20C9AD8470028ECD0012073
:10EDBC00BCE7B4F9BC30017903EB090201E0002B8C
:10EDCC00F1D012F801CD013B8C45F8D1D9B2EAE76C
:10EDDC0005EB080ADFF87880B4F9BC305FFA89F2E9
:10EDEC00D8F8605103EB0A0100E02BB111F8010DCA
:10EDFC00013B9042F9D1DAB239463046A84770B19E
:10EE0C00437994F8BE20934210D394F8BF109942E2
:10EE1C000CD39B1AD9B20C9AD8470028C7D109F148
:10EE2C000109B4F9BA304B45D6D87EE7B4F9BC30F9
:10EE3C00017903EB0A0201E0002BECD012F801CDB2
:10EE4C00013B8C45F8D1D9B2E5E700BFD4F90020DD
:10EE5C0008060120034BD3F8543103B11847184668
:10EE6C00704700BF08060120074A08B5D2F8503198
:10EE7C0033B1003918BF01219847034AD2F85031F9
:10EE8C00181E18BF012008BD08060120034BD3F83B
:10EE9C00583103B118474FF0FF3070470806012076
:10EEAC0001680A78CB78DA4202D100231846704701
:10EEBC0010B586B00446CDE9042303461D480391E2
:10EECC00DB680360FFF7EEFADDE9042318B90023D1
:10EEDC00184606B010BDDFF864C000210398CDF8C9
:10EEEC0000C0FFF7B7FB0028F1D0039001212820C8
:10EEFC0018F0E0FE039B0028EAD00F490A68B2B173
:10EF0C001146526A002AFBD1486200212268017026
:10EF1C00216902624161E1680161D17809B16168DE
:10EF2C0081601278002AD3D0A268C260D0E7086052
:10EF3C00EBE700BFE81A012060130120217C0000E0
:10EF4C0001680A78CB78DA4202D100231846704760
:10EF5C0010B586B00446CDE9042303462748039137
:10EF6C001B690360FFF79EFADDE9042318B900233F
:10EF7C00184606B010BDDFF8A0C001210398CDF8EB
:10EF8C0000C0FFF767FB0028F1D003900121282077
:10EF9C0018F090FE039BD0B119490A68002A2AD0B8
:10EFAC001146526A002AFBD1486201212268017085
:10EFBC0061690262416121690161D17809B16168BD
:10EFCC00416012781AB1D4E90221C160C2610D4AC4
:10EFDC0011780029CCD10C494FF0010C0B4803934C
:10EFEC00CB6E82F800C00A4A03600A48CA660CF06D
:10EFFC0059FF039BBCE70860D7E700BFE81A012064
:10F00C0060130120AE250120E004012078120120BC
:10F01C00B97F000034FE0020217C0000D0ED026A94
:10F02C0090ED017A0A60F4EEC76AF1EE10FA45DD54
:10F03C0007EE902A90ED004AD0ED044A76EEC75ABE
:10F04C00B8EE676A90ED055A90ED033ADFED2C3A75
:10F05C00C6EE047A81ED057AB5EE403AF1EE10FA7F
:10F06C0014BF012300234B77FCEEE77AB8EE674A16
:10F07C0017EE902AC1ED017A24EE055A64EE247A3B
:10F08C0087EEA36AC5EE237ABCEEC66A16EE10CAEA
:10F09C00FCEEE77A17EE903AC1E903C3A3EB0C033D
:10F0AC0007EE903AF8EE677AC7EEA55AC1ED065A0C
:10F0BC000CD10B7F002B08BF00228A60F4EEC76ACC
:10F0CC00F1EE10FACCBF012000207047437EA3B9AB
:10F0DC00B5EEC03AF1EE10FA0FDD24EE034A013A18
:10F0EC00087FC4EE237AFCEEE77A17EE903AD21A38
:10F0FC00002818BF13468B60E0E7C1F808C0DDE7B5
:10F10C000000C842D0ED057A0246F4EEC07AF1EE6A
:10F11C0010FA16D530EE670AD0ED067AD0E9031056
:10F12C0020EE270ABBFE400ABCEEC00A10EE103AD5
:10F13C000B4498420CD8137F13B15368013B181A37
:10F14C007047B5EE400AF1EE10FA09D180687047AD
:10F15C00994238BF1946137F0846002BF0D0ECE7D4
:10F16C00037FC068002BEBD05368013B181AE7E70C
:10F17C0038B53E4B1B68002B3BD0D0F800C001E0EB
:10F18C005B6AB3B31A6A6245FAD1437F027FC3F359
:10F19C00C003C2F3400283F0010342EA430302EBD3
:10F1AC004202944401229CF801E090F804C0F4441B
:10F1BC004FF0DC0E02FA0CF2DFF8B8C00EFB03CEF7
:10F1CC00DEF8D8E012EA0E0F0BD0294C91F800E0D3
:10F1DC00D4F86C51BEF1000F3DD042EA050EC4F8D4
:10F1EC006CE14FF0DC0E0EFB03CCDCF8AC301A42B9
:10F1FC0023D140790E2814D00D2803D9BDE838400E
:10F20C000CF09ABA0C46F8F70FFE80B20028F5D035
:10F21C00174B2178B3F89C2019B31043A3F89C002A
:10F22C00ECE7134B097893F8202161F3000283F883
:10F23C002021BDE838400CF07FBADFF834C091F8DB
:10F24C0002E0DCF87031BEF1010F14BF134393439D
:10F25C00CCF87031CDE725EA020E054CC4F86CE110
:10F26C00BFE722EA0002A3F89C20C7E76013012045
:10F27C00EC1A0120D4F90020294B1B68002B41D03B
:10F28C00D0F800C002E05B6A002B3BD01A6A6245E2
:10F29C00F9D1437F027FC3F3C003C2F3400283F072
:10F2AC00010342EA430302EB42029444012210B5EB
:10F2BC009CF801C00079DFF870E060448240DC20EB
:10F2CC0000FB03E0D0F8D800024208D00878DFF841
:10F2DC0054C0F0B1DCF874011043CCF87401DC209C
:10F2EC0000FB03E3D3F8AC301A4207D00D48497841
:10F2FC00D0F8783141B11343C0F87831BDE81040F3
:10F30C000CF01ABA0CF018BA23EA0203C0F87831E0
:10F31C00F4E7DCF8740120EA0200CCF87401DEE7B3
:10F32C0060130120EC1A0120D4F900207C4B1B68DF
:10F33C0003B118477B4AD2F8BC318BB1B2F97232A7
:10F34C0073B106382DE9F04184B00D2856D8DFE8AA
:10F35C0000F008555555555555555855555855089F
:10F36C007047013B0022704FDCB2704EADF80C20A0
:10F37C008DF80E206B4BE2B2D7F86051B3F97432B2
:10F38C00F11800E02BB111F8010D013B9042F9D1BD
:10F39C00DAB200210120A84760B3036A53B3427963
:10F3AC001A2A00F09C801C2A00F089800E2A21D198
:10F3BC000022DFF87CC18DF80D209CF82021C2F3CF
:10F3CC0000018DF80C10C2F3400102F0010281F033
:10F3DC0001014FF0010E8DF80E10DCF86C110EFAD5
:10F3EC0004FE002A68D04EEA0101CCF86C11002210
:10F3FC0003A99847631E1C460133BBD104B0BDE87A
:10F40C00F081013B0022484FDDB2484EADF80C2094
:10F41C008DF80E20434BEAB2D7F86041B3F9743241
:10F42C00F11800E02BB111F8010D013B9042F9D11C
:10F43C00DAB200210120A047034620B1026A12B1C2
:10F44C0040790D2804D96B1E1D460133E2D1D5E756
:10F45C005A7F01240193C2F3C0128DF80D20F8F7E6
:10F46C00E3FC334980B204FA05FC019BD1F86C2112
:10F47C0000284AD00C46B1F89C100842B4F89E10F3
:10F48C0014BF4FF0010E4FF0000E08420CBF0121CB
:10F49C0000218DF80E108DF80CE0BEF1000F31D06C
:10F4AC004CEA020222491846C1F86C2103A91A6AD7
:10F4BC00134600229847C6E721EA0E0195E7002281
:10F4CC00DFF86CC08DF80D209CF8202182F0FF0134
:10F4DC00C2F3801EC90972468DF80CE079E7DFF89B
:10F4EC0050C000229CF820118DF80D209CF8212191
:10F4FC00C1F34001C2F3800E81F0010172468DF818
:10F50C000CE066E722EA0C02CCE71CEA020F197F3A
:10F51C0018BF4FF0010EC1F3C10108BF8646B8E712
:10F52C0074120120D4F90020080601204CFC0020A4
:10F53C00EC1A0120FAB1DFF85CC09CF848C01CEA58
:10F54C00010F30B5CDB214D0032101392CFA01FED4
:10F55C0025FA01F41EF0010F16D0E40714D5D0EDF6
:10F56C00027A93ED027AF4EEC77AF1EE10FA04D532
:10F57C000022104630BD1046704793ED057AF4EE2C
:10F58C00C77AF1EE10FAF3DC043B04380029DCD125
:10F59C00EFE700BF480901206D4B93F848C0BCF160
:10F5AC00000F2ED0F0B519B10CF00703072B29D0A2
:10F5BC0068490323013B2CFA03FE1EF0010F1AD0FD
:10F5CC00D1ED217AF5EEC07AF1EE10FA13D5D0ED2B
:10F5DC00027AD2ED056A92ED027AF4EEE76AF1EE68
:10F5EC0010FA77FEA67AF4EEC77AF1EE10FA77FEEF
:10F5FC00877AC0ED027A24390438043A002BD9D129
:10F60C00F0BD70470F4601F10C0400F10C05DFED65
:10F61C00526A0021032375ED017A013B34ED017A26
:10F62C0081F001064FF0010E77EEC77AF0EEE77A23
:10F63C00F4EEE67AF1EE10FA02DD06EA0E0E013176
:10F64C0013B1BEF1000FE6D10229B1D1D0ED004AC1
:10F65C0092ED004AD7ED006AF4EEC44A90ED017ABF
:10F66C00D7ED013A34EEE65A97ED026AF1EE10FA54
:10F67C00D0ED027A77EE635A77EEC67A06D492ED25
:10F68C00034AF4EEC44AF1EE10FA13DD85EE857AE6
:10F69C0080ED004AC7EE854A74EE666AB0EE474AC2
:10F6AC00B0EE637AA4EE267AA6EEA46A80ED017A17
:10F6BC0080ED026AD2ED016AF4EEC76AF1EE10FA3F
:10F6CC002EDCD2ED046AF4EEC76AF1EE10FA27D400
:10F6DC0090ED027AD2ED026AF4EEC76AF1EE10FAFE
:10F6EC0007DCD2ED056AF4EEC76AF1EE10FA7FF58D
:10F6FC005FAF85EEA76AD7ED025A97ED007AC5EE9B
:10F70C00274AD7ED017AC0ED026A76EEE56AE6EE9D
:10F71C00867AA4EEA67AC0ED017A80ED007A47E7EE
:10F72C0085EE254AD7ED013A97ED006A97ED027AFE
:10F73C00C0ED016AC7EEA54A76EEE36AA4EE266A2E
:10F74C00A6EEA47A80ED006A80ED027AC2E700BFD3
:10F75C0048090120EC1A01206F12833A2DE9F04F71
:10F76C00D64E8846994696F899102DED048B8BB0A1
:10F77C000192D34A189BD2F80C714A078DED020AFC
:10F78C00CDED030A00F0B4809DF80450B9F1000FE0
:10F79C009DF80540844600EB850292ED006A00EB73
:10F7AC008402D2ED006A08EB850276EE405A92EDA7
:10F7BC00007A08EB840276EEE04AD2ED007A37EE5E
:10F7CC00405A37EEE04A63DDB9F1010F54D030EE08
:10F7DC00417A0DF1100ED8F80000F246D8F804105A
:10F7EC00D8F80820AAE807004FF00F0A70EEC17A8B
:10F7FC000DEB850282ED047A0DEB8402704696F8CF
:10F80C009910CB46C2ED047A0122C146B0EE418A72
:10F81C00B0EE609AE046F0EE408A0093B84730B301
:10F82C00BBF1000FD4BF4A4642460DF11C0C1AF036
:10F83C00080F009B106851689268ACE807006ED006
:10F84C0038EE280A0DEB85051AF0010F85ED070A35
:10F85C0056D038EE091A9A4A0DEB840496F8991092
:10F86C0007A8D2F80C51012284ED071AA8470BB057
:10F87C00BDEC048BBDE8F08FB0EE443AF0EE653A87
:10F88C00B0EE644AF0EE455AF0EE434AB0EE635ADD
:10F89C00F5EEC04AF1EE10FAF5EEC05A4EDBF1EE81
:10F8AC0010FAB5EEC04A7ADDF1EE10FAB5EEC05A98
:10F8BC00C0F20881F1EE10FA40F2C780F4EEC55A9E
:10F8CC00F1EE10FA00F2A980B9F1010F30EE417A95
:10F8DC000DF1100E3FF47FAFDCF80000F246DCF8BF
:10F8EC000410DCF80820AAE807004FF00F0A7DE7A7
:10F8FC000122BC460BB0BDEC048BBDE8F04F604759
:10F90C0009EB840208EB840C92ED001ADCED007A12
:10F91C00F4EEC17AF1EE10FA31FE271A9BE709EBEF
:10F92C00850292ED000A08EB8502D2ED007AB4EE66
:10F93C00E70AF1EE10FA30FE270A83E7F1EE10FA2F
:10F94C00B5EEC04A00F19980F1EE10FAB5EEC05A4E
:10F95C0059D4F1EE10FAB4EEC76A40F3F580F1EE2B
:10F96C0010FA0DF1100E37FE067AB9F1010F00F006
:10F97C00A481DCF80000F246DCF80410DCF8082066
:10F98C00AAE807004FF0080AF4EEE67A0DEB8502C0
:10F99C0082ED047AF1EE10FA77FEA67A2CE7F1EEFE
:10F9AC0010FAB5EEC05A16DBF1EE10FA86DDB9F19D
:10F9BC00010F30EE417A0DF1100E00F05B81DCF896
:10F9CC000000F246DCF80410DCF80820AAE8070076
:10F9DC004FF00E0A0AE7F1EE10FA0DF1100E30EEB0
:10F9EC00417A40F2F080B9F1010F00F07E81DCF831
:10F9FC000000F246DCF80410DCF80820AAE8070046
:10FA0C004FF0060AF2E6F1EE10FA00F1C880F4EEBF
:10FA1C00C55AF1EE10FABFF657AFB4EEC76A0DF146
:10FA2C00100EF1EE10FA37FE067AB9F1010F00F064
:10FA3C00F180DCF80000F246DCF80410DCF8082059
:10FA4C00AAE807004FF0000A9EE7B4EEC76A0DF172
:10FA5C00100EF1EE10FA37FE067AB9F1010F00F034
:10FA6C001581DCF80000F246DCF80410DCF8082004
:10FA7C00AAE807004FF0010A86E7F1EE10FAB5EE9E
:10FA8C00C05A36D4F1EE10FAB4EEC76A71DDF1EE5D
:10FA9C0010FA0DF1100E37FE067AB9F1010F00F0D5
:10FAAC00C580DCF80000F246DCF80410DCF8082015
:10FABC00AAE807004FF00C0A98E600BF480901209D
:10FACC00E0040120F1EE10FA0DF1100E30EE417A47
:10FADC002AD9B9F1010F00F0B580DCF80000F2462C
:10FAEC00DCF80410DCF80820AAE807004FF0070A3D
:10FAFC007CE6F1EE10FA8ADDB4EEC76A0DF1100E59
:10FB0C00F1EE10FA37FE067AB9F1010F00F0A6807B
:10FB1C00DCF80000F246DCF80410DCF80820AAE857
:10FB2C0007004FF0040A61E6B9F1010F00F0D18033
:10FB3C00DCF80000F246DCF80410DCF80820AAE837
:10FB4C0007004FF0030A1FE7F1EE10FA0DF1100E4B
:10FB5C0037FE067AB9F1010F44D0DCF80000F2460A
:10FB6C00DCF80410DCF80820AAE807004FF0090ABA
:10FB7C000AE7F1EE10FA0DF1100E37FE067AB9F124
:10FB8C00010F00F08E80DCF80000F246DCF8041067
:10FB9C00DCF80820AAE807004FF00D0A26E6B9F1B8
:10FBAC00010F30EE417A0DF1100E00F0AA80DCF856
:10FBBC000000F246DCF80410DCF80820AAE8070084
:10FBCC004FF00B0AE0E6B9F1010F17D0DCF800009A
:10FBDC00F246DCF80410DCF80820AAE807004FF025
:10FBEC00020AD1E6D8F80000F246D8F80410D8F88A
:10FBFC000820AAE807004FF0090AC5E6D8F800006B
:10FC0C00F246D8F80410D8F80820AAE807004FF0FC
:10FC1C00020AB9E6D8F80000F246D8F80410D8F871
:10FC2C000820AAE807004FF0000AADE6D8F800005B
:10FC3C00F246D8F80410D8F80820AAE807004FF0CC
:10FC4C000C0AD3E5D8F80000F246D8F80410D8F81E
:10FC5C000820AAE807004FF0070AC7E5D8F800000B
:10FC6C00F246D8F80410D8F80820AAE807004FF09C
:10FC7C00040ABBE5D8F80000F246D8F80410D8F80E
:10FC8C000820AAE807004FF00E0AAFE5D8F80000EC
:10FC9C00F246D8F80410D8F80820AAE80700CA469B
:10FCAC0072E6D8F80000F246D8F80410D8F808200C
:10FCBC00AAE807004FF00D0A98E5D8F80000F246C4
:10FCCC00D8F80410D8F80820AAE807004FF0080A62
:10FCDC005AE6D8F80000F246D8F80410D8F80820F4
:10FCEC00AAE807004FF0030A4EE6D8F80000F246E7
:10FCFC00D8F80410D8F80820AAE807004FF0060A34
:10FD0C0074E5D8F80000F246D8F80410D8F80820AA
:10FD1C00AAE807004FF00B0A36E600BFF0B591B029
:10FD2C0000240646C5B206A80F468DED010A0594BF
:10FD3C00CDE9034404F0B4FD9DF82C30474903A8E9
:10FD4C0043F012030D948DF82C3011F095FD3946CB
:10FD5C00434F03AA032397F890E19DED010A013B61
:10FD6C0025FA03F02EFA03FCC00710D5D1ED027A68
:10FD7C001CF0010F92ED027A04F1010460EE277A77
:10FD8C0014BF37EE277A37EE677A82ED027A043A9F
:10FD9C000439002BE3D107EE904AB8EE670AD7ED91
:10FDAC00117AB5EE400AF1EE10FA4DD4B1EEC07AEC
:10FDBC002C4B06A903A82C4C5B7E67EE877A8DF83A
:10FDCC002E30CDED067A04F0C1FA0423E672274EEC
:10FDDC00A3720FF049FB0EF0EDFF01E0336D984775
:10FDEC000FF042FBE36B042013F0640FF6D0E76BCB
:10FDFC001F4EBA0603D5B26C06211E4890477B06EF
:10FE0C0003D5B36C07211B489847736E9847ADF820
:10FE1C00080040EA10231D4203D0B36C082115489A
:10FE2C009847256C4DB9736C0421134898470FF013
:10FE3C00B1F90120A57211B0F0BD01F02FFE05F053
:10FE4C0005F9002011B0F0BDCDED017A15F04CFF95
:10FE5C00DDED017AB0EE407AAAE700BFD4090120AB
:10FE6C00EC1A0120940F012048090120E004012024
:10FE7C000806012088090120840901200D4A92F806
:10FE8C008F3113F0020309D0C0B2002890FAA0F011
:10FE9C00B0FA80F00CBF4FF0FF33034603EBC30303
:10FEAC00012902EB830292ED110AD2ED127A07FEC0
:10FEBC00800A7047EC1A0120034640EA104082B0D9
:10FECC0040EA132040EA136002B0704710B50D4CA5
:10FEDC0082B0C4F8880001900EF04AF940F2011388
:10FEEC00184201D1236C0BB102B010BD01F0D6FD4C
:10FEFC00054B012104F140009B6C02B0BDE81040A1
:10FF0C00184700BF4809012008060120F0B5DFF8AA
:10FF1C00BCE003232A4F9EF8265171469EF88E4171
:10FF2C003A4697F8486005F0010504F008042548A6
:10FF3C00DFED256A013B26FA03FC1CF0010F21D0F2
:10FF4C0035B197F80CC02CFA03FC1CF0010F33D11F
:10FF5C009FED1D7AD1ED217A77EE277AE4B19EF8E8
:10FF6C0090C12CFA03FC1CF0010F1CD14FF0000CBB
:10FF7C00C2ED187A2439043AC2F870C00438002B48
:10FF8C00D8D1F0BDC2ED1B6AC2ED186A043A24390F
:10FF9C000438002BCED1F0BDB1EE477AC2ED187A01
:10FFAC0082ED1B7AF2E7F1EE677A4FF0000CC2F8A3
:10FFBC0060C0C2ED1B7AE9E790ED027ACAE700BF98
:10FFCC00480901208810012000000000EC1A0120D3
:10FFDC00F0B5264E85B0C2B296F88E311F0710D5FB
:10FFEC002349032300250024013B22FA03F0C60712
:04FFFC0002D50D60BD
:02000004600199
:1000000041F8404C0439002BF4D105B0F0BD0F4647
:1000100034461B4D03231949013B22FA03F0C00764
:100020001AD596F89001D840C0071CD5D4ED217A96
:100030001FB195ED027A77EE877A94ED1E0A41EDB5
:10004000107A27EE800A0191CDE9023215F0A2FE66
:100050000199DDE902320860243C043D0439002B9B
:10006000DAD105B0F0BDDFED077A002FE5D0D5ED90
:10007000027AF1EE677AE0E7EC1A0120DC09012050
:1000800088100120000000002DE9F04F064E337863
:100090002DED028BA1B00BB977783FB1002021B0D4
:1000A000BDEC028BBDE8F08F48090120C3B20546C4
:1000B000CAB2C14916A8059391F89141B846019278
:1000C00004F0F4FB9DF86C30FFEE086A9FEDBB7AFC
:1000D000032143F01203B84A4FF0010CDDF80490FD
:1000E0008DF86C305FFA85FAB54B1D975B7E8DF805
:1000F0006E3010AB184601390CFA01F729FA01FEEF
:1001000040F8047D2AFA01F7FF070FD5D2ED217AD6
:1001100067EEA67AB4EEE77AC3ED027AF1EE10FA52
:1001200037FE277A1EF0010F18BF8846243A043B99
:100130000029E0D1B5EE407ACDF80880F1EE10FA52
:1001400000F00F829F4B28469B6E9847B5EE400A01
:10015000B0EE408AF1EE10FAA0D0012303EB440385
:100160000793019B002B00F00C82934A08EBC80315
:10017000DFED955A92ED607A02EB830392ED616AAE
:10018000B1EE477AD2ED626AC7EE257AD3ED0F5A07
:1001900093ED0C7A67EEA57AB4EEE76AF1EE10FA09
:1001A00077FE867AF4EEE67AF1EE10FA77FEA67A1A
:1001B00067EE877AF6EEE77AFDEEE77ACDED067A1E
:1001C0007D4B4FF00008DFF80C9293F8193145464B
:1001D000C346CDF8108013F0100F14BF65236423BD
:1001E00009937A4913A811F04DFB4FF0000A724BA6
:1001F00013A80FA910AA93F890E15446032303957E
:10020000013B059F27FA03FC1CF0010F2EFA03FCAB
:1002100016D06E4F00251CF0010FD2ED027A0AF1C4
:10022000010A47F8235000F01D81BBF1020F01D0F5
:10023000F1EE677A91F800C0C0ED027A44EA0C044E
:1002400004380439043A002BDAD1D9F8AC30039DD4
:100250002BB1B0EE480A59469DF81400984707EEB6
:1002600090AAB8EE670AB5EE400AF1EE10FA00F176
:10027000A181F1EEC07A16A913A8F47228EE278A9C
:100280008DED168A04F068F80423B3720FF0F2F8CB
:100290000EF096FD029B03F1220A06EB8A0ACDF8C6
:1002A0000CA0DDF824A0BBF1020F54D0454B5B6ECF
:1002B0009847012D4FEA1023ADF82C0000F0C480C0
:1002C000022D00F0C78043EA00050199EAB20D4013
:1002D00018D0434011EA030500F0C28022EA01026F
:1002E0000142384B0846089208BF0225039A18BFFE
:1002F0000125D3F890304FF0010852682946049246
:100300009847089A10A9032351F8040D013B0442B1
:1003100022FA03FC0ED001201CF0010F00FA03F0BA
:1003200008D0029F24EA00049F420CBF4FF000084F
:1003300008F00108002BE7D1F472B8F1000F0AD0E1
:10034000039B049A5B68D31A069A002BB8BF5B42E2
:10035000934200F30C810FF08DF8F16B11EA0A0162
:100360000AD0012940F08380164F19487B6C9847CA
:10037000D7F8C40008F042FC0420D9F85030984760
:10038000600790D10EF00CFF0B4A0E4B0021B2F823
:100390008C01DB6B9847BBF1020F00F095800024C5
:1003A0004FF0020B059F5946064B3846BA469B6EE6
:1003B0009847B2EE047A0FE0EC1A0120000000002A
:1003C000940F0120080601200000C842D409012032
:1003D00084090120E0040120F7EE007A002CB0EE41
:1003E000408A774A10AB4FF00304384607FE877AFD
:1003F000013C20FA04F1C90705D5D2ED027A67EE77
:10040000877AC3ED027A043A043B002CF0D1019BB9
:100410003BB16C4BA04625462146D3F89030204690
:100420009847B5EEC08AF1EE10FACCBF0123002345
:10043000002B4DD0059B002B4AD0079B002B47D0AB
:10044000079B013B0793CCE6019A20EA0200034395
:10045000DAB257E7019A23EA02030343DAB251E71B
:10046000A8464FE7BBF1020F7FF4E4AEE0E68A0650
:100470000B4606D5534B039106219A6C5248904780
:10048000039B5F0606D5039307214E4B4E489A6C9B
:100490009047039B039300214A4B0220DA6B90475D
:1004A000BBF1020F70D0039B5C0704D5454B0921BB
:1004B00045489B6C9847336C002B76D1414B042107
:1004C00042485B6C98475DE74FF0010B5C4669E77B
:1004D000019B002B36D0029A3D4902EBC203D400A7
:1004E00001EB8303D3ED107AF5EE407AF1EE10FACA
:1004F00028D0F5EEC07A334BD3F89030F1EE10FAF5
:1005000051D40121019D28469847029A304BB7EEFD
:10051000000A144410A9284603EB8403D3ED107A93
:1005200020ABF0EEE77A03EB820343ED107AFFF79E
:10053000FBFB00283FF4B2AD0021224B0846D3F864
:100540009030984701215046FFF748FD504600F093
:10055000A3F996F84830059900220B43B27286F849
:100560004830012021B0BDEC028BBDE8F08F154B67
:100570000F2115489B6C984701F096FA04F06CFD2A
:100580008CE5019B06931BE60E4C636E9847059B1A
:10059000ADF8300040EA102003428CD0A36C082153
:1005A0000948984787E70221ACE701F07DFA04F09B
:1005B00053FD73E515F09EFBF0EE407A5BE600BF5D
:1005C00088100120080601208809012084090120E3
:1005D000EC1A0120034630B1DFF810C000685968FA
:1005E0009A68ACE807000148704700BF88100120F6
:1005F000F0B5524F83B004464FF0000597F88F31A5
:10060000C6B29B0733D497F8260121464C4F00F021
:100610000100BB6D9847D7F8A030EBB10120984797
:1006200006EA000212F0FF0616D0D7F89030002B31
:1006300055D0F3074FF001054FF0010104D44B00F2
:100640003342D9B2FBD00D468E4248D17B6E9847DB
:1006500040EA1020064246D13A4B29462046D3F8BC
:1006600008319847461EF6B2304603B0F0BD30461A
:1006700003F014F80128C6D9002EC4D03A463346F8
:100680004FF0FF0C0021D80747D5BCF1FF0F08D170
:100690008C465B084AD0D80701F1010102F124021F
:1006A00040D50CEBCC00D2ED127A07EB800090ED38
:1006B000127AB4EE677AF1EE10FA08D190ED117A61
:1006C000D2ED117AB4EE677AF1EE10FAE1D000259E
:1006D0000124F10711D40135C6F3470617E0372688
:1006E000304603B0F0BDB2EE040A17492846FFF7C2
:1006F0001BFB0028B0D12D26B6E704FA05F0FFF762
:1007000077FFC0B9C6F34706002EADD00135F2071A
:10071000F3D40135C6F34706DBE75B080131243229
:10072000D807B2D401315B082432ACE7BCF1FE0F2C
:100730007FF469AFCBE7064696E700BFEC1A0120CD
:1007400008060120E0040120881001204A0538B580
:10075000C1F3072302D59B072CD538BD164C0122C7
:10076000164B94F89910D3F80C5104F15803A8478C
:100770000028F2D1238943F0040323810DF0FEFC0D
:1007800008280F4C0CD10146236C0E48984702E014
:100790000DF0F4FC20B104F05FFC0028F8D138BD66
:1007A00001F082F9A36C022107489847BDE8384060
:1007B00004F052BC004CDDE748090120E0040120B0
:1007C0000806012084090120880901200849094AF6
:1007D00091F8943191F893C191F8920143EA0C0396
:1007E00092F8481003431940137382F84810704779
:1007F000EC1A0120480901200C4B93F88E3103F0CC
:100800000502052A01D000207047094A92F88100AC
:1008100048B1107B0028F7D092F84830984314BFB5
:100820000120002070475B06EED4F2E7EC1A0120AD
:1008300048090120084B0949094ADFF834C0094832
:10084000C1F868C0C3F80C210749084AC3E944014C
:10085000C3F80821704700BFE0040120080601200A
:10086000C5920000ED940000299300000D9E000049
:100870000D9C00000023074901E0182B08D011F857
:10088000332001EBC30C01338242F6D1604670473E
:1008900000207047283E0060F8B5234E0324C7B2FD
:1008A000224D2DED028B013C27FA04F3DB070BD41C
:1008B000043E243D002CF6D11D491E48BDEC028BA0
:1008C000BDE8F84010F0DEBF95ED1E8A95ED260AD2
:1008D00028EE000A15F05EFA144A0028E8D007EE68
:1008E000900A0123DFF850C0F8EE677AA3409CF825
:1008F0000010DBB292F8900187EE887A1943E0404D
:100900008CF8001010F0010FDFF830C09CF80010D8
:1009100043EA010021EA03010CBF8CF800008CF8C7
:10092000001086ED027AC3E7B80C0120EC1A012012
:10093000D409012064210120C40C01201C0E0120D7
:100940000149024810F09EBFD40901206421012012
:100950004B7D03F00603062B2DE9F0430C468BB0CC
:10096000074602D04969FFF7F1FE0DF007FC0228A7
:100970000CD1504B1A781AB100200BB0BDE8F083AF
:10098000587880F001000BB0BDE8F08304F064FB00
:100990000028EED0484B93F800E0BEF1000F51D094
:1009A000DFF820C13A46454904234FF000091EEA0A
:1009B000030F0ED0D1ED027A92ED027AB4EEE77A0F
:1009C000F1EE10FA5FDD3E4E35781D4225EA030553
:1009D00069D1043AA7F10C055B08ACF1040C95420F
:1009E000A1F10401E3D1B9F1000F23D0684603F06F
:1009F0005DFF237D9DF8142003F00103216822F0A0
:100A0000090243F0080300911343E2698DF81430A2
:100A1000E3680792039305E004F03EF804F01CFB42
:100A20000028AAD003F0B0FB0028F5D1694623487E
:100A300003F092FC214B38687968BA6807C301E07B
:100A400004F02AF804F008FB002896D003F09CFB81
:100A50000028F5D12146384603F07EFC002888D1D5
:100A600023699B7A1B0784D5237903F00303012BA9
:100A70007FF47FAF04F04AFE206994ED030A2179E8
:100A8000436A984775E7A4D50D4E35781D4245EA6F
:100A900003059ED19CED027A357077EEC77A8146C8
:100AA000C1ED027A95E79CED027A357077EE877A90
:100AB000F5E700BF48090120C40C01206421012092
:100AC0001C0E0120B80C0120000000002DE9F04FA1
:100AD0002DED0C8B8DB014461A46B0EE40CA9DF831
:100AE00088900E4603930746239B04EB890A9DF8E2
:100AF0008980049302EB890304EB880B9AED00AA2A
:100B000093ED006A059302EB880300EB89029BEDED
:100B100000BA93ED001AB7EEC66A92ED007A00EBC8
:100B20008802B7EEC11A9DF88A10B7EECAAA92EDF4
:100B3000005AB7EECBBA0693B7EEC77A02913AEEF7
:100B400006AB3BEE01BBB7EEC55A37EE4A7BB1EEC2
:100B5000418B35EE4B5B21EE070B21EE451BA6EEDC
:100B6000450BA6EE471BB1EE469B15F0C1F8049B62
:100B7000B7EEC07B002B40F37481DFEDD27AB4EE88
:100B8000E77AF1EE10FA40F26381727D500720D4CB
:100B9000CD49D1F81051E5B142F00402B7EECA0BCD
:100BA000F7EECB0B8DED077A7275B0EE4C1AC74A93
:100BB000214638468DED090A0092CDED0A0A229AA7
:100BC0000493A847727D60F3410272759DED077A28
:100BD000049B83EAE375A5EBE375012D7ADD6A1EBC
:100BE000002B7968B0EE48DB06EE102AD4BFB1EED8
:100BF000474AB0EE474A029AB8EEC66A002B04EBA9
:100C000082033868B7EEC44A0797B7EEC66AD3EDD9
:100C1000007A07EB8203BA68F0EE478ACDF810A09D
:100C2000A5F10205CCBF01274FF0FF379FEDA15B77
:100C300026EE056B9FEDA15B34EE066BD3ED004A0B
:100C400009AB74EEE74AF7EEC66B07C384EEA66AFB
:100C5000DAF8002003EB89030CA943F80C2C0DEB08
:100C60008803DBF800205A62029A01EB820A36EE12
:100C7000066AB7EEC66A26EE056BF7EEC6CB029B98
:100C80007CEEA77A8DF8889022468DF889803146CF
:100C90008DF88A3009A8229BB0EE4C0A4AED037AFF
:100CA000ADF800301B0C01978DF80230039BFFF765
:100CB0000DFF09AB07CB20606160A2601DB1013D53
:100CC0005AED037ADBE7B0EE687ADDF810A0B0EEFB
:100CD0004D8B079F7E4B3CEE0C0AD3ED026AB4EEBF
:100CE000E60AF1EE10FA40F3AA8030EE660AF6EE5C
:100CF000007A20EE260A67EE277AB5EE400A27EE44
:100D00008CCAF1EE10FAB0EECCCA00F1CA80F1EE56
:100D1000C06ACCEE267AFBFE677AFCEEE77A17EE25
:100D2000902A002A00F08B80337DB8EE676A99061E
:100D300000F1A880012A00F08280C7EE06CADFED2C
:100D4000656A029B002502974FF0010904EB8308B6
:100D500007EB83031746F0EE007AB1EE007AF6EE69
:100D6000005AECEEEC7A6CEEA66AF0EE6CDA37EE36
:100D7000877A67EEA57A66EE876A98ED007AB0EE1C
:100D800067DAD3ED007A77EEC77AF0EE66CA87EEBF
:100D900086CA2DE0B7EECD6AB7EEEC5A26EE087B98
:100DA00028EE458BA5EE097BA6EE098BB0EE489B9D
:100DB000B7EEC78BB7EEC88A31463AEE097B2046BC
:100DC00009F101093BEE086BB7EEC77BB7EEC66BC6
:100DD0008AED007A8BED006AD8ED007A77EE8C7A96
:100DE000C8ED007AFFF7B4FD002855D04F4525D057
:100DF0000C2D05F10105CDD107EE909A0025B8EE36
:100E0000678A28EE2D8AB0EE480A15F07FFAF0EED8
:100E1000408AB0EE480A15F079F9069B93ED008AF6
:100E2000059B28EE009AD3ED007A28EEC88AA7EE3B
:100E3000E89AA7EEC08AB7EEC99ABBE7029F31468F
:100E400038460DB0BDEC0C8BBDE8F04FFFF780BD10
:100E5000B7EEC77A9FED176B37EE067BB7EEC77B11
:100E600093E6DFED1D7AB4EEE77AF1EE10FAFFF6C5
:100E70008CAEB7EEC77A9FED0F6B37EE467BB7EEC1
:100E8000C77B82E6D6ED007A23F0200367EE867AF0
:100E90003375C6ED007A4DE70DB0BDEC0C8BBDE8A7
:100EA000F08F8DED037A14F025FF9DED037AF0EEBF
:100EB000406A2EE7182D4454FB211940182D445444
:100EC000FB210940BD370635E0040120A0090120BF
:100ED000EC1A0120ABAA2A3EBD3706B52DE9F04138
:100EE0002DED108B9FEDA29A84B0F7EE009A144678
:100EF000B0EE49AA07468846106851681E469268B7
:100F000001AB1A9DDFED9B8ADFED9BDA07C339EE5B
:100F1000289A95ED001A95ED010AB6EE002A97ED94
:100F200000BA0022B4EEE99A97ED01CAD6ED001A94
:100F3000D6ED010AF1EE10FAD4ED00AAD4ED01BA13
:100F4000DDED01CA39FE898A79EEC87A6BEE082A8E
:100F50009DED02DA2CEE083A61EE086A20EE087A7E
:100F6000E1EE272AE1EEA76AA0EEA77AA0EE273AE3
:100F700061EE884A20EE885A68EE222AEAEEA74AF5
:100F8000ABEEA75A28EE033A68EE265A28EE076A17
:100F9000E7EEA62AA7EE273AF0EE656AB0EE467AAB
:100FA000E7EEA46AA5EE277A62EE882A23EE083AD5
:100FB000E7EEA62AA7EE273A53E078EE287A7DEEF0
:100FC000034A3CEEA24A67EE827A39EEE77A6BEE8C
:100FD000276A2CEE276A21EE275AE1EE076AA0EE77
:100FE000076A60EE275AA1EE875A61EEA7FAE0EE93
:100FF000875A20EEA7FAEAEE87FA67EEA66AABEE0A
:1010000087FA27EE866AE7EE056A27EEA5EAA5EEDF
:10101000876A67EE85EAAFEE07EAE7EE2FEA66EE4B
:10102000A76A26EE276AAEEE076AE7EE2E6AF0EEB2
:10103000465AB0EE667AE4EEC25AA4EE427AF0EE78
:10104000E55AB0EEC77A37EE257AB4EECA7AF1EEF9
:1010500010FA0FD9B0EE463A0122F0EE662AB0EE51
:10106000678A78EE683AF4EEED3AB0EE639AF1EE04
:1010700010FAA2DAAAB1414601A8F0EE488ACDEDF5
:10108000012A8DED023AFFF763FC28B1B4EEE98A3C
:10109000F1EE10FA3FF53BAF04B0BDEC108BBDE8AC
:1010A000F081B0EE005AF6EE005A59E0F0EE687AA0
:1010B000E3EE857AF4EEE97AF1EE10FADBDA39EE56
:1010C000E77A2BEE276A6CEE276A61EE27EAA1EE3B
:1010D000076AE0EE076AE1EE87EA60EE273A21EE62
:1010E000A7EA20EEA72AE0EE873AAAEE87EA27EEE3
:1010F000866AABEE872A67EEA66AA7EE2E6A27EE0F
:10110000AE4AE3EE876A67EEA34AA7EE0E4AE2EE26
:10111000074A26EE276A66EEA76AA7EE046AE4EE9F
:10112000876AB0EE627A7CEE864A3DEE264AA4EEED
:10113000E57AF0EE434AE4EE654AB0EEC77AF0EEA7
:10114000E44A37EE247AB4EECA7AF1EE10FA92DC71
:10115000B0EE678AB0EE663AF0EE462A77EEE83AED
:10116000F4EECA3AB0EE639AF1EE10FA9ED982E735
:10117000CDCCCC3D000000006F12033B2DE9F04FB9
:101180002DED048B85B014461F46127D9DF84A90C4
:101190008046149D42F0010203EB89069DF8483019
:1011A00095ED057A8B46D6ED007A0293F4EEC77A78
:1011B0009DF8493022750193F1EE10FA00F1D380C9
:1011C000AA7EDBF80000DBF80410012ADBF8082017
:1011D0000CBF95ED059AB0EE679A38603846796095
:1011E0002146BA60C6ED007AFFF7B2FB002868D04E
:1011F000139B002B00F0DA80B246A8F15406013BA5
:10120000DFED849AB6FA86F6039376099AED008AA2
:10121000D5ED057AB4EEE78AF1EE10FA00F3AE8070
:1012200005EB890393ED007AB4EEC78AF1EE10FA6C
:1012300040F3AF80D5ED037A2146237D384638EE62
:10124000678A23F00103B4EEC87A2375F1EE10FA31
:1012500037FE088A8AED008AFFF77AFB002830D033
:10126000B8F1540F50D0D5ED048AF5EEC08AF1EEF6
:1012700010FA3DDC6B7E33B12069B0EE690A4FF0A5
:101280000001436A9847B8F1490F20D0F0EE497A3F
:10129000237D21462A7E3846CAED007A62F3000398
:1012A0002375FFF755FB60B16B7E0BB9002EB7D0ED
:1012B00094ED030A6279217920690CF055FB00282E
:1012C000AED1002005B0BDEC048BBDE8F08F05EB7E
:1012D0008903DAED007A93ED007AF4EE477AF1EEC5
:1012E00010FAD3D04C4B93ED037A77EE877ACFE7A1
:1012F0000CF044FF0228BDD004F008FAB0EE680AF2
:10130000002002F015F8B5E7B0EE690A62794FF0F7
:10131000000120690CF028FB0028D2D02179206937
:10132000C1F3400394ED030A83F0010363F3410129
:10133000436A217198472379D5ED048AC3F34002AB
:10134000F5EEC08A82F00102F1EE10FA62F3410379
:10135000237103DC6B7E002B98D08DE70CF00EFF21
:101360000228F7D0C8E72146384686ED007AFFF715
:10137000EFFA0028A5D0D6ED007A21E721463846BD
:10138000CAED007AFFF7E4FA00289AD09AED008AB5
:1013900046E7237D43F001032375039B33B11F4BC5
:1013A0001B79ABB9039B013B03932FE73A6878683D
:1013B000B968CBF800201A4ACBF804001378CBF8B0
:1013C0000810002B7FF47DAF507880F0010079E7A2
:1013D000029A2146384607EB820305EB8202D3EDE1
:1013E000007A92ED007A019A77EE877AC3ED007A5F
:1013F00007EB820305EB8202D3ED007A92ED007ACF
:1014000077EE877AC3ED007AFFF7A2FA0028C9D1F8
:1014100057E700BF00000000EC1A0120940F0120E4
:10142000480901202DE9F047D2ED057A1546B7EEBF
:10143000007A0F4695ED080A9846044600262DEDE1
:10144000088B92F82C20C7EE278ADFEDA77A86B0AA
:1014500012F0010995ED038A14BFD5ED079ADFED6F
:10146000A39A12F0020320EE270A9A4614BF95EDC4
:1014700007AA9FED9EAA14F065FCD7ED02BAB0EE64
:10148000409A95ED04BA03ABF0EE6BAA3868796820
:10149000BA68EBEE00AA07C30136F0EE680A07EE61
:1014A000906AB8EE670A14F0A5FC28EE000AB4EEC4
:1014B000C0BAF1EE10FAEFDC95ED01BAAA6A3BEE84
:1014C0006BBAB5EEC0BAF1EE10FA08DDB9F1000F53
:1014D00001D0F1EE699ABAF1000F40F0F28095ED7B
:1014E000067A79EE8A7AB5EE407A37EE8BBAF1EE6B
:1014F00010FA07D027EE0B7A7BEE677AC7EE276AE1
:10150000C5ED066AB5EE409A237D43F00103F1EE86
:1015100010FA237540F0D88012EB060900F0B6806F
:10152000012695F82C3003A8D5ED027AD90797ED5E
:10153000007A78EE277AD5ED096A48BF95ED046AFE
:10154000214648BF77EEC67AA7EEA67A8DED037ADC
:10155000FFF7FEF9002800F0998004F0D7F8002882
:1015600000F09980217D2279637E21F0010142F013
:10157000800243F0020321752271637695F82C30C6
:10158000DA0715D5DDED037A214695ED046A03A847
:10159000D5ED096A9DED057AE6EE267A37EE697A91
:1015A0008DED057ACDED037AFFF7D2F900286DD0E5
:1015B000DDED057A214603A877EE8B7ACDED057A2D
:1015C000FFF7C6F9002861D095F82C309B0715D598
:1015D000DDED037A214695ED046A03A8D5ED096A8D
:1015E0009DED057AE6EE667A37EE4A7A8DED057A5C
:1015F000CDED037AFFF7ACF9002847D004F086F868
:10160000002859D0227DB145237942F0010223F010
:1016100080032275237144D0013695ED038AF0EEE4
:10162000680A07EE906AB8EE670A14F0E3FB28EE4A
:10163000008AD5ED047A2146D5ED096A03A8F4EEB7
:10164000C87A97ED007AF1EE10FA38FE278A78EE24
:10165000677AA7EEA67A8DED037AFFF779F9A8B13C
:10166000B5EE409A637EF0EE6A7A214668F3410354
:1016700003A8F1EE10FA637618BFE9EE487ACDEDD3
:10168000057AFFF765F900287FF44BAF06B0BDEC93
:10169000088BBDE8F0870CF071FD00283FF462AFC5
:1016A000F4E73B68214603A80393FFF751F906B01E
:1016B000BDEC088BBDE8F0870CF060FD0028A1D0E0
:1016C000E4E7B1EE4AAA0AE7F0EE6A7A214603A8F7
:1016D0000192E8EE497ACDED057AFFF739F9019AE2
:1016E00000287FF419AFD1E735FA8E3C00000000E6
:1016F00070B5054694462148AB8A4A6E43F4C263EE
:101700002A6043F00403AB82D1F8C430EB6190F857
:1017100026315B0713D501F1A404194B194A614620
:10172000D3F814312046984729462046FFF710F990
:101730000CF024FD30F4007314D0002070BD124B67
:1017400001F1A40493F89920002AEDD00C48114629
:1017500058330122D0F80C612046B0470028E3D16D
:101760000F2070BD02F0F2FC0028E6D020200CF023
:101770000BFD0DF07FFE0DF023FBDEE7EC1A0120E0
:10178000E0040120A00901204809012008B52DED41
:10179000028BB0EE408A0CF0F1FC022802D1BDECC5
:1017A000028B08BD03F0B2FFB0EE480A0020BDEC8A
:1017B000028BBDE8084001F0BBBD00BF2DE9F04F32
:1017C00087B004468A4693460CF0D8FC022800F005
:1017D000A680874B93F82131DA0700F1848004F169
:1017E0000C07834EDFF834823D4635ED010A243E76
:1017F000D6ED277A20EE270A14F0CCFAA54248F855
:10180000040DF2D17B4BDFF818921B7D89F82A304A
:1018100003F07CFF054600287DD0DFF8EC81D8F886
:10182000B43043B10CF0AAFCB0F5007F03D099F8B6
:1018300048309B077FD100250095D8F8B83013B306
:1018400003A86D4910F01EF806AADFED6C6A0020AF
:1018500003234FF0010C77ED017A013B32ED017A61
:101860000CFA03F177EEC77AF0EEE77AF4EEE67A57
:10187000F1EE10FA00DD0843002BECD1D8F8B830B7
:10188000524621469847B9F8083001215C4FCBF306
:10189000C00023F00203A9F80830D7F810319847A8
:1018A000D7F81431984700F00303022B23D1514697
:1018B00020460193FFF74CF868B301230199514882
:1018C00089F838303B6C984708E00CF057FC00284A
:1018D00045D00CF053FCB0F5007F40D003F0BCFBCA
:1018E0000028F2D117E0484B0021484A2046D3F89F
:1018F0001431984773E7BB6C04214548984703F0BF
:10190000ABFB0021D7F81031084698475DB9D8F8ED
:10191000BC3003B19847022007B0BDE8F08F00202B
:1019200007B0BDE8F08F0023D8F8B440009A1946FC
:101930001846A047EBE7B1EE040A0820D8F8B460D7
:101940000FF0B4FF00210246012300900846B04783
:101950009AF8153060F3C3038AF815306DE799F8EB
:101960003830012B31D0B9F8083043F00203A9F820
:101970000830D7F8103100273946384689F83870D2
:10198000984703F069FB35B1009A3B46D8F8B4405C
:1019900039463846A0470DF003FC02F01DFB02F06B
:1019A000DDFE15491B480FF06DFF114B93F91831FF
:1019B000002B19DBD8F8BC3003B19847B9F8080000
:1019C000C0F3400007B0BDE8F08F134B1BF0100FC1
:1019D00003F1600207CA83E80700CAD103F11400CB
:1019E0000521BB6C9847C4E706F074F8E2E700BF36
:1019F000EC1A0120940F0120D409012017B7D13827
:101A00000806012084090120E0040120A00901202A
:101A10008809012064210120740901208009012026
:101A2000480901200E4B1A780AB10020704700B512
:101A300083B002F091FC0A4B10B9002003B000BD46
:101A40009A7A019022F0050242F004029A720DF097
:101A50007FFC0DF00FFD0DF0B3F9019803B000BD50
:101A6000480901200F4B81B20246D88B884210B53D
:101A700082B004D0019203F049FE019A094B187814
:101A800008B102B010BD1446DA83F6F7F3FDC06862
:101A90000028F6D004F0010102B0BDE810400BF0C0
:101AA0002DBE00BF4809012070B5244CE36B990698
:101AB0002DD4234D202104F13C002B6C9847237931
:101AC0002BBB607918BBD5F8E03003B198470CF018
:101AD00055FB10F02C0F1BD00123E3700CF04EFBD4
:101AE000042822D0AB6C0321164898470DF098F9D2
:101AF000EB6E9847420611D5AB6C0A211148984706
:101B0000114BD3F8EC3013B1BDE87040184770BDED
:101B1000A37A13F00603DFD1E370E9E7C305EFD53D
:101B2000AB6C112107489847EAE7236C002BDDD105
:101B3000AB6C062103489847D8E700BF480901204D
:101B40000806012088090120E00401202DE9F04366
:101B50000022954B954C85B01A60814694F88E21F1
:101B6000C5B2910629D5A3F1880713F87C1C0DBBDB
:101B700019BB97F8483029464FF00700072543F076
:101B8000070387F84830FEF729FA03F065FA0028C2
:101B900000F0CB8094F88E319B0640F1AB80072398
:101BA0003D7B002123EA050587F848302846FEF7EB
:101BB00015FA9FE0294000F0AD80D4ED117AF5EEE2
:101BC000C07AF1EE10FA40F2BA8094F82631DFF8CC
:101BD000F8811A070BD598F8183243B9D8F85C3059
:101BE0009847FEF76FF9C0B2002840F0CE8004207D
:101BF0000CF0CAFA94F8190110F0100609D16C48DB
:101C00000121D8F84030984730469FED6A0A01F02C
:101C10008FFB0BF063FF002873D1D8F8783098471A
:101C2000C0B200284DD1002D51D1634F3A7B97F8B7
:101C3000483023EA0203614A87F84830D31C12F87F
:101C4000016F36BB9342FAD194F826014FF00001A0
:101C5000D8F8583000F001009847002D75D10420C5
:101C60000FF0BAFE94F8263103F00303032B1BD0C8
:101C70004FF00009FEF750F9514AD2F8B02022B1D6
:101C8000B9FA89F1284649099047484605B0BDE8A8
:101C9000F083304601923546FEF7AAFC81460028C3
:101CA00059D1484B019ACDE7474BDB6D9847FEF77A
:101CB00009F9414B93F898300342D9D04FF02D09E0
:101CC000DAE74FF00000F6F7E9FC002DADD048460A
:101CD000FEF78EFC94F82611D8F85820814601F0C2
:101CE00001004FF00001904703F0B6F9E8B1B9F1F7
:101CF000000F3DD102F032FD344935480FF0C2FDEE
:101D0000ADE7F6F7BBFCD8F878309847C0B20028AA
:101D100089D0D6E797F848302B4387F84830FEF74C
:101D20005DF903F099F90028E4D1254BD3F8B030E0
:101D300013B10021284698474FF0FF09A5E74FF05F
:101D40000509484605B0BDE8F08303F085F9002891
:101D50007FF420AFE9E794F826014FF00001D8F8AE
:101D6000582000F00100904703F076F90028DCD0FD
:101D70000CF004FA042812D0114AD2F8B020002A3C
:101D800083D00021284690477FE7FFF78DFE012191
:101D9000D8F848304FF0FF090E48984775E7002003
:101DA0000CF0F2F9E8E700BFD0090120EC1A01209D
:101DB00084090120CDCCCC3D480901207D1C0120A7
:101DC000E0040120801C012008060120D409012024
:101DD0000C10012088090120704700BF044B1B89AB
:101DE0009B074CBFB7EE000A9FED020A704700BF89
:101DF0004809012000000000024B93ED110AB8EEE3
:101E0000C00A704748090120034BD3F8D43093ED42
:101E1000040AB8EEC00A7047940F0120094BA3FBD7
:101E20000023DB0803EB8303A0EB430080B203280D
:101E300005D8054B03EB800393ED0F0A70479FED28
:101E4000030A7047CDCCCCCC940F012000000000D9
:101E5000054BF7EE007A1B7D00EE103AB8EE400A13
:101E600030EE270A704700BF940F0120034B93F810
:101E7000C43000EE103AB8EE400A7047940F0120CB
:101E8000094BA3FB0023DB0803EB8303A0EB430018
:101E900080B2032805D8054B03EB800393ED310A8C
:101EA00070479FED030A7047CDCCCCCC940F012036
:101EB00000000000044B93F81D3103F0010300EE15
:101EC000103AB8EE400A7047EC1A012010B99FEDA5
:101ED000140A7047DFF850C0ACFB0023DB0803EBAB
:101EE0008303A0EB43039BB25A1E022A10B514468B
:101EF00084B00AD80B4A69468218D01AACFB00C0DD
:101F0000C0F307100AF07EF818B99FED050A04B077
:101F100010BD0DEB840393ED000A04B010BD00BFAB
:101F2000000000009CEBFFFFCDCCCCCC104BA3FB02
:101F30000023DB0803EB8303A0EB430083B2032BF6
:101F400002D99FED0C0A704700B587B00A2002A99C
:101F500001930AF057F818B99FED060A07B000BDC3
:101F6000019B0DEB830393ED010A07B000BD00BF99
:101F7000CDCCCCCC00000000104BA3FB0023DB0831
:101F800003EB8303A0EB430083B2032B02D99FED45
:101F90000C0A704700B587B0092002A901930AF026
:101FA00031F818B99FED060A07B000BD019B0DEB93
:101FB000830393ED010A07B000BD00BFCDCCCCCCAC
:101FC00000000000334BA3FB0023DB0803EB83037B
:101FD000A0EB430083B25A1E022A0BD92E499FED73
:101FE0002F0A91F81C31DB0703D5DFED2D7A20EEA7
:101FF000270A704730B52B4C87B02B4D94F82A0038
:10200000297D814215D1274901EB83032249D3ED74
:102010000A7A02EBC20301EB8303F8EEE77A93ED51
:102020000C7A87EE870A204B03EB8202D2ED027A0C
:102030002CE002A9CDE9002309F0E4FF60B99FED8F
:10204000170A154991F81C31DA0703D5DFED147A28
:1020500020EE270A07B030BD019B009A04EB8303F2
:102060000D4994F82A00D3ED0A7A02EBC20301EB82
:102070008303F8EEE77A93ED0C7A2B7D87EE870ADF
:102080009842D0D00DEB8202D2ED027A30EE670A90
:10209000D8E700BFCDCCCCCCEC1A0120000000006A
:1020A0003333CB4148090120940F012010B5044679
:1020B000F6F722F9094BA3FB0423DB0803EB8303A8
:1020C000A4EB4304A4B2032C04D800EB840010ED6D
:1020D000010A10BD9FED020A10BD00BFCDCCCCCCD3
:1020E000000000001F4BA3FB0023DB0803EB83036E
:1020F000A0EB430080B202280BD91B4B9FED1B0ABB
:1021000093F81C31DB0744BFDFED197A20EE270A74
:102110007047DFF860C000EBC002134B00210CEBEE
:10212000800C03EB82029CED237AD2ED0C6AB8EEB0
:10213000C77A00B5C7EE267A83B00193CDED007A59
:10214000F6F7F4F8019BDDED007A93F81C3137EED9
:10215000C00ADA0703D5DFED067A20EE270A03B0BE
:1021600000BD00BFCDCCCCCCEC1A0120000000009B
:102170003333CB4148090120431E41F2C3329BB2A5
:1021800093424FF0000310B51BD9DFF86CE00B60F1
:1021900016237246B2F8A8C0013B84450CD8B2F8A9
:1021A000AA40844208D30EEBC3030C465B689847F1
:1021B00084ED000A012010BD083A002BEAD1184630
:1021C00010BD1E280B6010D90024094B1B681BB9D9
:1021D000F0E7DB68002BEDD01A68A242F9D19A88AB
:1021E0008242F6D19B680B60E4E7024B1C68ECE787
:1021F00000140120380D0120D0410060431E41F23F
:10220000C3329BB2934201D9002070471E2810B5FB
:1022100084B013D90024284A014613681BB932E060
:10222000DA6872B113461A68A242F9D19A888A42D2
:10223000F6D1012083ED020A04B010BD1F4B1C68CB
:10224000E9E7B5EE400AF1EE10FA07D1B5EE400A23
:10225000F1EE10FA0CBF01200020EDE710208DED0B
:10226000030A0093CDE9012115F070FD02999DED5F
:10227000030ADDE900320028E8D081800460C260F2
:10228000D8600346D5E7B5EE400AF1EE10FADDD08E
:10229000009010208DED010A15F058FD064A034606
:1022A00000999DED010A0028D0D0002099801C6083
:1022B0001360D860BDE700BF00140120380D012075
:1022C00010B5034682B03D2800F2F281DFE810F03D
:1022D000C801C501BC00B200A600A3009E00990081
:1022E00094008F003E008A00850074006C000B0192
:1022F0000401FC00F4004200B901BF01B101EC008F
:10230000E700E200DB00230142001C01180112017A
:10231000640064006400640064006400640064009D
:10232000640046004600460046004600460046005F
:10233000460046002A01A30196017101690161016D
:10234000520143013201D300CD00C200A24B9B7861
:10235000012B2DD09FEDA10A02B010BDA0F12902E2
:10236000022A1DDC9E4902EBC2029E4801EB83015A
:1023700000EB8203044651ED067A93ED0C7AF8EEF9
:10238000E77A87EE870A94F81C31D807E4D5DFEDA9
:10239000967A20EE270ADFE72038022840F36E8184
:1023A0009FED8E0A8F4CEEE78B4BDB79002BD1D063
:1023B000B7EE000A02B010BD874B1A7D02EB820116
:1023C00019294FEA4103C8BF02F12D0303F5077332
:1023D00000EE103AB8EEC00ABEE77F4B9B78022BA6
:1023E000B8D1E5E77C4B9B78002BE1D0B2E77A4B84
:1023F0001B79002BDCD1ADE7774B1B79002BA9D1E2
:10240000D6E7754BDB78002BD2D1A3E7724BDB7894
:10241000002B9FD1CCE79FED750A9DE76E4B4FF0E7
:102420000A01AA229B7913FB012300EE103AB8EEB1
:10243000C00A91E7684B1B8803EB83035B0007EE40
:10244000903AB8EEE70A87E7634B93ED210AB8EEBE
:10245000C00A81E7664B5B6B002B00F09F809847BA
:1024600000EE100ABBEECB0A76E7624B93ED060A4C
:10247000B8EE400A70E75A4B93F8483000EE103A35
:10248000B8EE400A68E7544B93F82C30002B7FF4E9
:1024900061AF8DE7504B5B7EDA0789D45AE74E4B2C
:1024A0005B7E990784D455E70020F6F7E3F80378BC
:1024B00098073FF57DAF4DE70020F6F7DBF843784E
:1024C000012B7FF447AF73E70020F6F7D3F843788A
:1024D000002B3FF46DAF3DE73F4B93F82E30012BBF
:1024E0007FF438AF64E73C4B93F82E30002B3FF479
:1024F0005FAF2FE70020F6F7BDF890ED020A2BE75B
:10250000354B93ED1C0A27E7334B93F82D309C078E
:102510003FF520AF4CE7304B93F82D30DB073FF50C
:1025200019AF45E72C4BD3F8D43093ED040AB8EE3D
:10253000C00A11E72A4A137B3BB92A4B93F88E3124
:1025400013F0220F3FF406AF072392F8482093437D
:102550007FF400AF2CE7264B93F80B2292071DD592
:10256000D3F81831D3B10120984700EE100AB8EE25
:10257000400AF1E61E4B93F80B22D1070ED5D3F893
:1025800018315BB10220984700EE100AB8EE400AFD
:10259000E2E6174B93F90A22002A64DBBFEE000A39
:1025A000DAE6154B1B68013300EE103AB8EE400A2C
:1025B000D2E6094BD3F8D420D3F8880013699842A7
:1025C000ECD00C4BDB699847B0F9083000EE103ABC
:1025D000B8EEC00AC0E600BF940F01200000000062
:1025E00048090120EC1A01203333CB410000C843D5
:1025F00008060120E0040120D4F100202E4BD3F87E
:10260000D420D3F8883012699342C7D007EE903AAD
:10261000B8EEE70AA0E6284A284BD2F8D420DB69B6
:1026200010699847B0F9083000EE103AB8EEC00AC9
:1026300092E60020F6F71EF80378DC073FF5B8AE07
:1026400088E61D4B5B79002B7FF4B2AE82E61A4B15
:102650005B79002B7FF47EAEAAE69FED190A7BE63C
:102660009FED180A78E6D3F81831002B96D0002099
:10267000984700EE100AB8EE400A6DE6124900EBEA
:10268000C002124C01EB8303002104EB820293EDA4
:10269000037AD2ED0C6AB8EEC77AC7EE267ACDED92
:1026A000017AF5F743FEDDED017A37EEC00A6AE6FE
:1026B0009FED070A50E600BF940F0120E0040120BF
:1026C000C0027E48CDCC8C3F48090120EC1A012085
:1026D0000000C07F70B503780E46304D002B5AD0F5
:1026E00001300024294601E01F2C15D0A3F1410C34
:1026F00043F02002202B8E465FFA8CFCD2B207D921
:10270000BCF1190F98BF134601340EF8013B714616
:1027100010F8013B002BE7D100230B702B785F2BC7
:1027200008BF6B78B3FA83F35B09DBB9002333602E
:102730002B785F2B18D01A4B1D681A4B1C6814B9E4
:1027400010E0A46A74B12368AB42FAD11349201D8A
:1027500019F024FD0028F4D194ED090A012086ED3A
:10276000000A70BD002070BD3E240F4DD5F8DC126C
:10277000013C0A480C3D19F011FD18B1002CF5D1AF
:102780002546DAE704EB4404074B03EB840318798E
:10279000FFF796FDE2E72946BEE700BF10120120D1
:1027A000380D0120FC130120E83E006030B52DED0E
:1027B000028B0378B0EE408A83B0414D002B7CD071
:1027C00001304FF0000CAE4602E0BCF11F0F14D0F8
:1027D000A3F1410143F02002202B7446C9B2D2B2CA
:1027E00007D9192998BF13460CF1010C04F8013BD5
:1027F000A64610F8013B002BE7D100238EF80030ED
:102800002B785F2B40D0002B4ED02E4B1D682E4BCB
:102810001C68FCB92C2015F099FA0446002843D016
:102820002749043019F02AFE0022274B25601C603E
:10283000A26284ED098A04F1240003B0BDEC028B8E
:1028400030BD1F49201D19F0A9FC0028F1D0A36A52
:1028500033B11C462368AB42F3D0A36A002BF8D1F6
:102860002C20009315F072FA009B0246E0B1101D77
:1028700013490193009219F001FE009A019B156023
:102880009362A2621446D4E76B786BB10F4D3E247D
:10289000013CD5F8DC120A480C3D19F07FFC44B12C
:1028A0000028F5D10446C6E7002003B0BDEC028B3A
:1028B00030BD0028F6D02546A9E7AE469DE700BF0B
:1028C00010120120380D0120FC130120E83E0060A9
:1028D000C3B20246013B2DE9F04385B0052B00F25F
:1028E0001281DFE803F00C303D869E039F4AD37FC0
:1028F00043F00803D377002005B0BDE8F0830090D3
:10290000F5F70AFFC0F30745800325D5984B009AD9
:1029100018681E46002800F0AC80964B196803E04A
:10292000C068002800F0A58003689942F8D1838828
:10293000112BF5D1D0ED027AFCEEE77A17EE903A42
:102940001FFA83F896E0F5F7E7FEC0F3074000F0C2
:102950000600062800F0EC801C2005B0BDE8F083DE
:10296000F5F7DAFEC106F7D5814BC0F307421E46E4
:102970001B68144602F0020C002B00F091817D4A86
:102980001846116801E0C06860B102689142FAD14E
:102990008288042AF7D1D0ED027AFCEEE77A17EEAE
:1029A000902A90B2BCF1000F40F0BE8003A9FFF75F
:1029B000E3FBE0B122079DED030A40F16781306837
:1029C00088B16C4B1A6801E0C06860B103689A4234
:1029D000FAD18388132BF7D1D0ED027AFCEEE77A97
:1029E00017EE903A98B2FFF709FC002883D1272010
:1029F00082E70BF0C3FB002890FAA0F35E48B3FA1D
:102A000083F308BF4FF0FF33013300EE103AB8EE06
:102A1000C00AFFF7CBFEB7EE000A5848FFF7C6FE24
:102A200069E7F5F779FE830396D5514A544B106850
:102A3000D3F81C11002800F030814E4B1A6803E0D7
:102A4000C068002800F0E08003689A42F8D18388CB
:102A5000112BF5D1D0ED027A002940F0DA80F5EEA5
:102A6000407AF1EE10FAC2D14FF480200EF0B4FF9C
:102A700041E7804600214046009209F0A9FC074644
:102A80000028B4D090F80CC005F008030188BCF110
:102A9000060F009A8946A8EB010540F09880002BAC
:102AA00000F0CB803368002B00F0FF8031490968CB
:102AB00003E0DB68002B00F0ED8018688842F8D155
:102AC00098881328F5D193ED020A3B88BCF1060FD4
:102AD0004344A3EB09031FFA83F800F0E880FCEEFF
:102AE000C07A009217EE900A00F05AFA009A014656
:102AF0004046009209F03AFF009A002800F0B280A8
:102B0000FF287FF4F9AE1F4B1B68002B00F08C8070
:102B1000104605B0BDE8F04318479A88112A70D0D6
:102B2000DB68002B00F082801A689142F8D1F4E74C
:102B3000154B9A690AB92620DEE60D4ADC6913684E
:102B4000002B00F0BF800B4A1846126801E0C068F5
:102B5000F8B101688A42FAD181881129F7D1D0ED04
:102B6000027AFDEEE77A17EE900A12E0480901209A
:102B700000140120380D01203097002038970020E4
:102B80000806012068120120E0040120DB68002B08
:102B900060D019688A42F9D199881229F6D1D3ED0B
:102BA000027ACDED007AA0474268DDED007A002A76
:102BB000C1D0FCEEE77ACDED007A9DF80030022B13
:102BC000B9D802EB8302444892ED000A21E7CDE92F
:102BD000003209F089FDDDE9003248B1002B41D017
:102BE0003368002B54D03D4997F80CC0096864E75E
:102BF0003846CDE9003209F06FFDD0B1DDE9003291
:102C0000ECE793ED020AEEE600293FF42DAFDFED8D
:102C1000347AFCEEE77ACDED007A9DF80000884723
:102C200000287FF421AFE2E6FF2065E69FED2C0A45
:102C3000D9E63B7B062B7FF45EAE2946384609F089
:102C400019F92548FFF7B2FDB7EE000A2548FFF74E
:102C5000ADFD50E60093A0474268002A3FF46BAFF9
:102C6000009BAEE73B7B062BE7D02946384609F0B0
:102C7000D5F800EE100A1848B8EE400AFFF796FDA6
:102C8000B7EE000A1748FFF791FD34E61248C0E698
:102C900097F80CC09FED120A17E70029BFD1E3E6B1
:102CA000BCF1000F0AD1604680E69FED0D0A0620B8
:102CB000009200F099F9009A014619E79FED080A81
:102CC000184690E618460093A0474268009B002AE9
:102CD0007FF477AF2FE700BF30970020380D012039
:102CE00000000000389700201D4B1B68F0B5174608
:102CF0005A1C83B006460C4624D003EB4303194A02
:102D00009B0003F1080513449B681544F3B1286840
:102D100098B1314650228DED010A11F07DFB2068FB
:102D20002B686168A2689DED010A186559659A656E
:102D3000286880ED120A80F84C70003818BF012016
:102D400003B0F0BD084D2B68002BE0D15C208DED69
:102D5000010A14F0FBFF9DED010A2860D8E700BFCF
:102D6000D4F100203C0D0120081201200E4B1B68FD
:102D70005A1C15D003EB43030C499B0003F10802D6
:102D80000B440A449B6853B1106800B583B00192AC
:102D900014F0E4FF0023019A136003B000BD7047F4
:102DA000034A1368EFE700BFD4F100203C0D012077
:102DB00008120120064B1B685A1C06D0054A03EB7B
:102DC000430302EB830398687047034B186870470E
:102DD000D4F100203C0D0120081201200A4A13689A
:102DE000082B0CDC03F10103DFF824C0136003EBB4
:102DF0004303064ACCF8000002EB83035860D4BFBB
:102E000001200020704700BFD4F100203C0D0120BC
:102E1000380D01202DE9F843374F3D68002D3CDB8C
:102E2000364B1E68DEB1DFF8DC90D9F8004044B1C3
:102E3000A04623682046E4689E423FD08046002C8E
:102E4000F7D1DFF8C490D9F8004044B1A046236818
:102E50002046A46A9E4226D08046002CF7D1284EF8
:102E600005EB45036C0006EB8303986850B190F8BE
:102E70004C30002B35D12C4414F070FF002306EBAE
:102E80008404A360013D002D3D600ADB05EB450392
:102E900006EB83067368194A1360E843C00FBDE868
:102EA000F8830023F7E7D9F80030834211D0C8F83F
:102EB000284014F053FF002CC9D1D0E7D9F80030D6
:102EC00083420AD0C8F80C4014F048FF002CB0D15F
:102ED000B7E7A046C9F80040EBE7A046C9F80040B4
:102EE000F2E7F5F71FFC3D6805EB45036C0006EBC8
:102EF00083039868BFE700BFD4F10020380D01209C
:102F00003C0D012000140120FC130120014B186826
:102F100001307047D4F10020034B93F81C0100F0FE
:102F200001000330704700BFEC1A0120154B1A78DE
:102F30005AB9154A4FF0010C1449D2F8200183F810
:102F400000C0134B0860C2F82031124B1B685A1C9A
:102F500015D003EB430310499B0003F108020B4417
:102F60000A449B6853B1106800B583B0019214F015
:102F7000F5FE0023019A136003B000BD7047074AB5
:102F80001368EFE7A7250120E00401206812012063
:102F900055C60000D4F100203C0D0120081201208C
:102FA0000F4B00229A7320B93022184600F80D2FDB
:102FB0007047014603F10E0000B5DFF828E0AEFBD4
:102FC000013209294FEAD20202EB8203A1EB43034B
:102FD000114603F1300300F8013DF0D800BD00BFF9
:102FE000F00C0120CDCCCCCCB5EEC00A464B002273
:102FF000F1EE10FA10B59A7375D4F0EE407A434BA7
:1030000003EB800393ED007A77EE877ABCEEE77AE4
:1030100017EE101A00284ED0B8EE477A012877EE46
:10302000C77A5BD003469FED3A7A023B67EE877A18
:10303000012BFAD84308C3F1010300EB4303022B31
:103040004CD10138334AFCEEE77A5FFA80FE501E1D
:1030500017EE903AA0EB0E042F48A0FB030C002BB8
:1030600044D04FEADC0C0CEB8C00A3EB4000634631
:10307000303002F8010DA242EED1284BA3EB0E0333
:103080002E2203F8012CE1B1581E234CA4FB01327F
:1030900009294FEAD20202EB8203A1EB4303114656
:1030A00003F1300300F8013DF0D8B5EEC00AF1EEAF
:1030B00010FA0FD410BD174B2E2203F8012C002953
:1030C000E2D1B5EEC00A3022981E03F8022CF1EED0
:1030D00010FAEFD52D230138037010BDB2EE047A3B
:1030E00067EE877AADE7F1EE407A88E73020531E2D
:1030F00002F8010CA342C0D002F8020D9442F6D1AE
:10310000064BA3EB0E03BBE7F00C0120A4E100206B
:103110000000C842FE0C0120CDCCCCCCFD0C01201F
:1031200010B52E21044617F0F3FC78B1204619F0B3
:1031300065FA0138235C2044302B05D1002200F8C9
:1031400001290378302BFAD02E2B01D0204610BD58
:1031500000230370204610BD0B68F0B51746C21857
:10316000C35C2D2B4AD02B2B0C46054640D002F1D8
:10317000010C002B38D00021214E0A468E4608460D
:103180000EE0CAB953EA0E0119D00130042B88BFF2
:10319000092801D8B64529D91CF8013B0121C3B142
:1031A000303B092BEDD902331CD1DAB91CF8013BB5
:1031B000C3B1303B092B15D8F3B90122E6E7964697
:1031C0000EEB8E0E1CF8013B01EB4E0E0121002B85
:1031D000E6D1ACEB050CC7F800E000200CF1FF33A2
:1031E0002360F0BD0029F4D10220F0BD1946E7E7C5
:1031F00002F1020C5378BCE71720F0BD0420F0BDAB
:10320000999999190B682DE9F04310F803809146BC
:103210000D460746B8F12D0F00EB030259D0B8F167
:103220002B0F56D002F1010E4346002B60D0002038
:1032300002468446064604460FE053EA0C014FF06E
:1032400001000CEB8C0118BF3618092E45D8A41AC2
:1032500003EB410C1EF8013B5BB1303B82F00101F6
:10326000092BEAD99A1C14BF0023012313EA010297
:10327000F0D160B307EE90CAF8EE677AF5EE407AC7
:10328000F1EE10FA17D0611C0CDA9FED1A7A234682
:10329000023367EE877A5A1CFADB0234634223F06A
:1032A00001031C44631C1ED02CB1B2EE047A013C15
:1032B00067EE877AFBD1B8F12D0FAEEB070E08BF92
:1032C000F1EE677A0EF1FF33C9ED007A2B60BDE8AD
:1032D000F08302F1020E5378A7E71046002AB9D115
:1032E00001340120B6E79FED047A67EE877AE2E7C2
:1032F0001846ECE70AD7233CCDCCCC3DB4EE400ACF
:10330000F1EE10FA0FD6F6EEC07A30EE670ADFED76
:10331000077AB0EEC00AB4EEE70AF1EE10FA4CBF3D
:103320000120002070470020704700BF6F12833AD1
:10333000F3EE047A70B520EE270ABAFE400AFCEEDE
:10334000C07A17EE904A5CB105460B4E55B901F0B4
:1033500083FE50B1F36B002132209847013CF5D138
:10336000012070BD01F0B0FB08B9002070BD0AF06B
:10337000F5FE0028F9D1EDE70806012000B59FED24
:103380001C0A83B000F10C0373ED017AF5EE407A6C
:10339000F1EE10FA18BFA7EEA70A9842F4D1B5EEE5
:1033A000400AF1EE10FA1BD4F1EEC05AD0ED026AD9
:1033B00090ED017AD0ED007AB7EE005AB0EE650AD2
:1033C00085EE256A66EE866A27EE067A67EE867ACD
:1033D000C0ED026A80ED017AC0ED007A03B000BD55
:1033E000019012F087FC0198F0EE405ADEE700BF32
:1033F000000000004FF0FF3300224FF0FF3130B5E6
:10340000A24CC5184FF0FF309646A26044E9020175
:103410009F48C4E9002244E9063344E904336B7849
:1034200005F1010CC15C490700F19F802D2B00F0D4
:10343000A7803A2B00F0A480542B18BF5A2B00D041
:1034400073B90EF1FF31042904D8DFE801F03658D2
:1034500003037F0065460EF1010E0022002BDED132
:1034600054E9021354E904020B43134354E90621BF
:1034700003430B431343002B40F3CB80854830BDFF
:10348000A2F2B271812900F2BA802D2B40F0B780F0
:10349000A2F26C7205F1020C44F8042CAB78C25C09
:1034A000520700F1CD803A2B07D02D2B05D0542B9D
:1034B00018BF5A2B01D0002BD2D165464FF0010E18
:1034C000C9E72D2B02F1FF3240F0D7800B2A00F222
:1034D000D48044F8082C05F1020CAB78C25C550787
:1034E00000F1B9803A2B00F0C4802D2B00F0C18090
:1034F000542B18BF5A2B01D0002BB1D10022542BD2
:1035000040F0B780002A00F0B48054F8083C624DC7
:1035100023EAE371012B695C7DD0914201D344F829
:103520000C2C654600224FF0030E78E73A2B6BD146
:103530003B2A69D844F8142C1CF8013FC25C52079E
:1035400010D43A2B01D02D2B73D10022002B18BFA1
:103550005A2B03D13B2A01D844F8182C65464FF06A
:10356000050E78E700224FF0050E02EB8202A3F170
:103570003001654601EB4202002B7FF450AF6FE74C
:10358000BEF1050F26D801A151F82EF005D200009A
:1035900047D2000059D3000029D30000B1D2000067
:1035A000D9D100003A2B25D1172A23D844F8102C62
:1035B00005F1020CAB78C25C510710D43A2B07D04E
:1035C0002D2B03D0542B18BF5A2B4FD13A2B59D146
:1035D0000022AFE70EF1010E654600221FE7002230
:1035E000A3F130014FF0040E654602EB820201EBBD
:1035F0004202C1E7654600224FF0040E0FE7724613
:1036000065464FF0010E0AE7654600224FF0050EB1
:1036100005E7002030BD54F8043C642B3FF47DAF37
:10362000C3F30103002B08BF01319142BFF477AF10
:1036300077E7542B18BF5A2B87D0002B85D00FE784
:103640007246A3F130014FF0010E654602EB820293
:1036500001EB420290E70022A3F130014FF0020E8D
:10366000654602EB820201EB420285E7002BADD0FA
:10367000F6E665464FF0020EEDE6654600224FF095
:10368000020ECCE665464FF0040EE4E6C8040120C5
:10369000B10B0020B004012080420060034628B135
:1036A00000205A1E01301340FBD17047704700BF05
:1036B000704700BF014B1B68185C704744F700203F
:1036C00010B90E4B01225A700D4ADFF838C013783A
:1036D000DCF800C06BB9B0FA80F300B55B091CF8E8
:1036E00000E00CF800108E4518BF43F00103137082
:1036F00000BD13700CF80010704700BF9C1C012027
:10370000A025012044F70020F0B5264E83B0844662
:103710000C46B6F8BC5196461F4625B1B6F8BE61B8
:103720002E448E4236D33D467146634617BBF1B1F7
:103730002F461D4E366801F1FF3C06F1FF3E03EBBC
:103740000C0203F1FF3CA6441EF8010F0CF8010F18
:103750009445F9D15DB10C443219335D527843EA96
:103760000223D81BB0FA80F0400903B0F0BD01205D
:1037700003B0F0BD0C4ECDF804C03068CDF800E0C9
:103780002044F4F729FA0746DDE900130029D1D1D6
:103790003668E1E7054CD4F820C003B0BDE8F0403E
:1037A000604700BF0806012044F700200C130120E9
:1037B0002DE9F843604FFC69002C00F08E805F4ECD
:1037C000737843B15E4A0023116818460122A0476E
:1037D00080F001007070B3785BB1594A0023FC6936
:1037E000012011684FF4D9720131A04780F0010027
:1037F000B070F37863B1524A0023FC6940F2B730ED
:103800001168482201F2B731A04780F00100F07042
:1038100072791AB30224DFF828912346013B22FA79
:1038200003F1C80713D558420121FD6901FA03F8D5
:1038300000F04800D9F80010002322EA080200F244
:103840002630727101444822A84700286ED1012C0D
:103850004FF0010402D072792346DFE7F188E1B12D
:103860004FF42A790C24DFF8D880E14000230E229F
:103870004846C9070BD5D8F80010FD694944A84748
:10388000012320B1F288A34022EA0303F38074B13C
:10389000A9F10E09013CF188E7E733794BB9B37818
:1038A000CBB97379BBB9F3783370BDE8F88333795A
:1038B0007BB1244BB3F8BE21002A2CD02049B3F8A9
:1038C000BC0100230968FC690144A04780F00100A5
:1038D0003071F3881BB30123E6E7BB6A002BE4D009
:1038E000174D04242868984730B9013C0AD0BB6AB8
:1038F000286898470028F8D0104B0022C3E900221E
:10390000BDE8F8830221104803F0CAFF0B4B0022E8
:10391000C3E90022F4E7F3883271002BDBD1B378DE
:10392000002BD8D13379002BD5D1BAE7737923EAAC
:10393000080373718BE700BF0C1301209C1C01204E
:1039400044F70020080601202C9D00202DE9F04FAF
:10395000944D85B084460C46B5F8BC7192461E461F
:103960002FB1B5F8BEE177448742C0F09680634638
:10397000002E73D1DFF83CE28EF80060BAF1000F40
:1039800000F0A4800396884A04EB0A072146002031
:10399000D2F800B04FF001091A46DFF81C820BF193
:1039A000FF3C9C44CDE901BEB2FA82F411F801EB70
:1039B0000AB988F801906409013230B99CF801B065
:1039C000F3450CBF204644F001008F420CF801EF94
:1039D000EAD13C46DDE901BE8EF80000002E4BD155
:1039E00098F8012052B9D5F8B821A24206D09EF825
:1039F000002032B9012005B0BDE8F08F01228EF819
:103A000000206A4A1278002AF4D0B5F8BC210121BE
:103A10009A4288F8001002D8002A40F080800121E4
:103A20000022634C04E0C2B234F822100029E1D035
:103A3000994202F10100F6D104EB82039B78042B3A
:103A4000D8D801A151F823F0E9D8000079D70000B7
:103A5000D3D80000BDD80000B5D80000514620469C
:103A6000CDF804C0F4F7B8F8019B0390BAF1000F49
:103A70007CD0DFF840E186E713EB0A0A9DF80C20C2
:103A800012D14FF0010A88F801A048B38BF800204A
:103A9000039A110AD344012213E0444CD4F81CC009
:103AA00005B0BDE8F04F604728B30BEB0A00027089
:103AB0001AF1010A039A4FEA1221EBD1012288F888
:103AC00001208BF800108EF8002089E7DFF8E880ED
:103AD00086E7DFF8E4800121DFF8D8E088F80110FC
:103AE0009BF8001091421DD08BF800204FF0010A86
:103AF000039A110ACEE71BF80A100BEB0A00914259
:103B0000D5D10399C1F307211AF1010A0270D5D06A
:103B1000D3449BF80020521A18BF0122D1E788F83D
:103B2000041067E7039A0BF1010B110A0122C8E7A1
:103B3000012388F803305DE704EB8204012398F841
:103B40000520E1788B40134388F8053052E704EBF9
:103B500082040123B8F80620E1788B401343A8F8CB
:103B6000063047E7012388F8023043E70E4AD2F8CF
:103B700000B09DF80C20002BABD01BF803100BEB12
:103B80000300914205D09A46DFF828E0DFF828804C
:103B90008DE703999A46DFF81CE0C1F30721DFF8AF
:103BA0001880B1E70806012044F700200C1301201B
:103BB000C0E30020A02501209C1C012017490B68B0
:103BC0001BB1181E18BF01207047154AD2F8B42146
:103BD000B2F5006F1AD9B2F5805F28BF4FF480525A
:103BE0004A60104600B583B0019214F0AFF80B495B
:103BF0000346086028B1019AFF21009016F00EFFDD
:103C0000009B181E18BF012003B000BD4A68B2F522
:103C1000806FE6D2181E18BF0120704744F70020BD
:103C20000806012008B5074B186850B1064A1278FB
:103C30001AB1FFF7BDFD034B1868BDE8084014F04A
:103C40008DB808BD44F700209C1C01202DE9F041EF
:103C5000434C444DD4F8B0312F68013B43F003038B
:103C60000133C4F8B031002F69D03F4E04F5D67E41
:103C7000B446BEE80F00ACE80F00BEE80F0096F8AF
:103C80000080ACE80F00B8F1030F9EE807008CE855
:103C900007005AD0B8F1000F2ED10423334A84F81C
:103CA000AC31334BC4E97023324A334BC4E97488D6
:103CB000C4E97223314B187808F0FEF93378032BEE
:103CC00048D0F76947B10023B4F8BE2129681846E7
:103CD00002F58062B8473378002B34D0284B072098
:103CE0009B68984728680022264B801AC3E9002267
:103CF00018BF0120BDE8F081B4F8BE21002338468A
:103D0000376A02F580621946B8473278042384F88E
:103D1000AC31164BC4F8C031154BC4F8C431154B47
:103D2000C4F8C831144BC4F8CC310023C4E974334F
:103D3000002ABFD028680378172BBBD1D3E71249DC
:103D40001248F9F705FB2868CDE7736A38469847AB
:103D50003278DBE7B36A286898473378BCE700BF5E
:103D60000806012044F700200C13012039D400007C
:103D700045D40000D1D600008DD400000CE3002013
:103D8000E00401209C1C0120449D002081160100BC
:103D9000024B1B780BB1FFF70BBD70479C1C012039
:103DA000044890F8AC31042B0CBF034800F5D670E2
:103DB000704700BF080601200C130120064A136853
:103DC0005168013303F00F03994203D01168136067
:103DD0000A441072704700BF840E0120064A5368DF
:103DE0001168994206D0591C134401F00F01187A4A
:103DF0005160704700207047840E0120064A136806
:103E00005168013303F00F03994203D01168136026
:103E10000A441072704700BFA81C0120064A53686C
:103E20001168994206D0591C134401F00F01187A09
:103E30005160704700207047A81C0120064A136893
:103E40005168013303F00F03994203D011681360E6
:103E50000A441072704700BFBC0D0120064A536827
:103E60001168994206D0591C134401F00F01187AC9
:103E70005160704700207047BC0D012000230548A9
:103E80000549064A436003604B600B605360136052
:103E9000704700BFBC0D0120A81C0120840E01202A
:103EA0002DE9F041DFF8208182B0454DD8F80010AF
:103EB0002A68CC6DA24244D0D4ED0C7AD4ED0D6AC0
:103EC00077EEA77A94ED0B7AE36D67EEA67AF4EEBF
:103ED000C77AF1EE10FA37FE277A9A4284ED0A7A11
:103EE00063D0384F1FE093ED0B7AD3ED0A7A2A683E
:103EF000F4EE477AF1EE10FA11D0D3ED0C6AD4ED5E
:103F00000A7A76EEA66A93ED0D6AE6EE867AB4EE4C
:103F1000E77AF1EE10FA77FE877AC3ED0A7A8A42E1
:103F20001C460B4610D0D96D3A688A42DBD100207E
:103F3000CDE900310BF0AEF9DDE90031D3E700B196
:103F40002E6002B0BDE8F081D8F80010136E8B42ED
:103F5000F7D0D2ED0A7A00201DE0D2ED0C6A92ED86
:103F60000D6A76EEA66AE6EE867AB4EEE77AF1EEB0
:103F700010FA17DD1E460120C3ED0A7A93ED0B7A85
:103F80001A46B4EE677AF1EE10FA01D11E4601200E
:103F90001B6E8B42D3D093ED0A7AB4EEE77AF1EE42
:103FA00010FADADCF0EE477AE8E7064B1B689A4233
:103FB000CCD100200BF06EF92A68D8F80010C5E7C4
:103FC000E40C0120EC0C0120E00C0120014B1868EE
:103FD000704700BFE80C01202DE9F843DFF80C81A1
:103FE000D8F80030002B44D0374F384D384E2C686D
:103FF000A4B133689C4211D04FF00009606D18B134
:1040000013F0ACFEC4F85490A06D08B1F4F756FB61
:104010002A683368146E9C422C60EFD12022002164
:104020002C4816F0FBFCD8F80000D7F800C064223A
:104030006FF0C70700F1640302FB0CF200213F1A86
:104040006145024401F1010114BF1C46044603F11D
:10405000640343E91B2407EB0302F1D1016E012441
:104060001D4A1E4B30602860186020461160BDE874
:10407000F8831B4B4FF06409134FDE8A354605FB6E
:1040800009903D6013F062FE282DB0FA80F4C8F864
:1040900000004FEA541498BF00247CB9AE4204D10A
:1040A0000028A2D12046BDE8F8830E490E48F9F752
:1040B0004FF9D8F800000028F4D096E7FA2D34BF65
:1040C0000A236423ED1ADAE7E80C0120EC0C012046
:1040D000E00C01203813012030120120E40C0120F3
:1040E000EC1A0120649D002049160100DC0C01201F
:1040F000104A1149136809688B4219D0586D10B5E0
:1041000082B030B1019313F029FE0021019B094ACE
:104110005965986D18B1F4F7D1FA064A1368074843
:10412000196E046811609C4208BF016002B010BDA6
:10413000704700BFEC0C0120E00C0120E40C0120D2
:10414000014B1868704700BFE00C0120034A044B84
:1041500010681B68834208BF00207047EC0C0120E8
:10416000E00C0120054B064A1B6812681B6E9A4240
:1041700014BF93ED0A0A9FED030A7047EC0C01206F
:10418000E00C012000000000044A054B10681B6889
:10419000C01AB0FA80F04009704700BFEC0C012053
:1041A00030120120027D034690ED100A500600B542
:1041B00083B01AD493F94410002916DBD10728D50F
:1041C000234B9FED247AD3ED057AF8EE677A67EEFC
:1041D000877A27EE800AF7EE007AB4EEE70AF1EE6E
:1041E00010FA30FE270A03B000BD1A6D01208DEDD4
:1041F000010AD26B00939047009B17491A7DD0EDBE
:10420000007A9DED010AC1ED077AD10720EE270A59
:10421000D6D40F49D3ED0F7A0B69642B11D0D20697
:104220000FD407EE103AB4EEE70ADFED0A6AB8EEF3
:10423000477AF1EE10FA27EE267A37FE800A27EE4B
:10424000000AB4EEE70AF1EE10FA37FE800AC2E780
:10425000480901200AD7233C3813012070B51C4EB1
:104260001C4D3468286884422DED028B29D09FEDC7
:104270001A0A0FE028EE088AD4ED0E7A2B68B4EE05
:10428000E78AF1EE10FA77FE887AC4ED0B7A246E95
:10429000A3420CD0B0EE408A2046FFF783FFB4EE75
:1042A000C80AF1EE10FAE5DC20EE008AE4E7306897
:1042B0000A4A181A82ED060A18BF0120BDEC028BCB
:1042C00070BD0346BDEC028B181A18BF012070BDEB
:1042D000EC0C0120E00C01209976967E3813012029
:1042E000014601200B6D00B583B0DB6B019198474F
:1042F000144BD0ED007A93ED077A0199B4EE677A0A
:10430000F1EE10FA06D0C3ED077AFFF7A7FF40B928
:1043100003B000BD0A220C4803B05DF804EBF8F7C7
:10432000AFBE00200AF0B6FF084B094A1B681268AE
:10433000084993420B60EBD003B05DF804EBFFF744
:10434000AFBD00BF3813012065E00000EC0C012078
:10435000E00C0120E40C01202DE9F04F0E46C3498A
:1043600005465C220C6800212DED028B91B0DFED3B
:10437000C08A0190204616F051FB7068B1680DF1BB
:104380001C0CF2680DF128093369E3466064C846E5
:10439000A164E264236573696361338B6382F369AB
:1043A000A361B37E6374D6E90823C4E91523AB681F
:1043B0006A68296803256362237D22629F07E161A1
:1043C000019B4CBFAB4AAC4A03F10C0AAB4F07CA86
:1043D00003978CE8070002964E4697ED1E8A013D32
:1043E0003AED010A28EE000A11F0D4FC56F8042D2B
:1043F0004BF8040D801A00F0858007EE900A80EAE1
:10440000E0710123B8EEE77AA1EBE07144F82510E2
:10441000C7EE087AE2688A4238BF0A460028E2609E
:1044200003FA05F2964BD2B2197821EA020041EA6A
:104430000201C8ED027A6ADB914B1870243FA8F1A3
:104440000408002DC9D18E4B029E1B782374A36CE7
:10445000002B50D05A6989480DEB820193ED046A14
:10446000D3ED037AD1ED076A02EBC20100EB8101C3
:10447000F8EEE66AD1ED0C5A86EEA57A37EE467A6A
:10448000B5EEC07AF1EE10FA0EDDDFED7E6AD3ED07
:10449000005A27EE267AC5EE876AF4EEE76AC4ED85
:1044A000136AF1EE10FA03DDF0EE676AC4ED137AD9
:1044B000019901EB820A9AED007A37EE467AB5EE61
:1044C000C07AF1EE10FA40F3C9809FED6E6AD3ED29
:1044D000005A27EE067A85EE876AB4EEE76AF1EEB7
:1044E00010FA00F3BB80F0EE467A83ED016A77EEB6
:1044F000E67AC3ED027AE06858B911B0BDEC028BE0
:10450000BDE8F08F44F82500C8ED028A96E71970DF
:1045100094E700234846C6E90833FEF72FFF0DA9AC
:10452000DFED596A554A0B4684ED0D0A33ED017AE9
:10453000B5EE407AF1EE10FA0BD092ED206AC6EE9D
:10454000077AF0EEE77AF4EEE67AF1EE10FA76FE0C
:10455000A76A4B45A2F12402E8D1DFED4B7A0B4666
:10456000464AC4ED0C6A73ED016AF5EE406AF1EE5D
:1045700010FA0BD092ED1F6A86EE267AB0EEC77A5B
:10458000B4EEE77AF1EE10FA77FE877A4B45A2F1A6
:104590002402E8D1237DC4ED0F7ADD0705D4D6EDE2
:1045A000007A980648BF67EE807A384A03F0020323
:1045B000C4ED107A10682D4A1268824272D0002B26
:1045C0004FD110AD9FED2A8A314A2B4671ED017A09
:1045D00032ED017A494577EEC76AA7EE678A63ED47
:1045E000016AF3D1DFED2B7AB4EEE78AF1EE10FA2F
:1045F0005EDD0023A3632046FFF7D4FD1E4BD3ED01
:10460000067AB4EEE70AF1EE10FA5ADD67EEA77A01
:1046100094ED0E7A227DF4EEC77A83ED060AF1EE70
:1046200010FA37FE277A120784ED0B7A08D41A4C59
:1046300099E8070084E8070004AA07CA83E807008E
:10464000164B0A481A68116E02601960FFF728FCC1
:10465000012011B0BDEC028BBDE8F08FC3ED017AF3
:1046600045E70023A362A363F2E700BFE00C01204B
:1046700000000000D409012038130120EC1A0120A9
:10468000200E0120DB0FC9409976967EEC0C0120AC
:1046900050130120EFFF7F3F44130120301201200F
:1046A000EFFF7FBF0022A262A263002BD0D1A2E75E
:1046B0005FED057AB4EEE78AF1EE10FA04D5234BEC
:1046C00098E760EE007AA3E70DA8FEF757FEDFED4E
:1046D000207A039B75ED016AF5EE406AF1EE10FA5F
:1046E0000BD093ED206A86EE267AB0EEC77AB4EE50
:1046F000E77AF1EE10FA77FE877A0DAA243B95420D
:10470000E8D1F7EE006A134BB6EE006A9FED127A1D
:10471000D3ED015A36EEC88A237D67EEA57A03F001
:10472000020328EE068AB1EEC86A67EE867A76EE54
:10473000C66A87EEA66AB4EEC67AF1EE10FA37FEC4
:10474000067A84ED0E7A002B82D154E79976967E14
:104750009976967EEC1A012000000000034A044B73
:1047600007CA83E80700FCF7EBB800BFD4090120B3
:10477000381301200A4A0B4B12681868824207D38B
:104780000949121A094B9210086803FB120070477E
:10479000801A064B801003FB00F00138704700BF01
:1047A000E00C0120EC0C0120E80C0120295C8FC2F8
:1047B00008B500200AF06EFD064B074A1B68126818
:1047C000064993420B6003D0BDE80840FFF768BB81
:1047D00008BD00BFEC0C0120E00C0120E40C01201E
:1047E0002D4A92F81FC01CF0010C39D130B5146964
:1047F00083B028B3C828034628BFC8230A2B38BF74
:104800000A2300293DD1A34228D050690D465061AA
:104810004020136101930DF0DFF8FFF71FFD019BAE
:10482000F8B91E494A6BCAB19C4202D00020904799
:104830001A499DB14B6B002003B0BDE830401847CA
:1048400061B16429234628BF64210529084638BF81
:1048500005205169814201D00125D8E703B030BD60
:10486000704700200AF016FD0D4A0E491268019BA0
:104870000A600D4909688A42D3D0FFF711FB019BFA
:10488000CFE7642928BF64210529084638BF0520E1
:10489000A342DED06546BAE748090120E0040120C2
:1048A000EC0C0120E40C0120E00C01202822002166
:1048B00010B5044616F0B2F80B4B4FF0FF3093F8EA
:1048C0009330A376F3F7D6FE084B627D93F89930C8
:1048D000C168B3FA83F321615B0963F3410263F3B7
:1048E0008202627510BD00BF940F012048090120AB
:1048F000114BD3F824218AB102280ED0D3F8142109
:1049000010B504469047C0F307223F2A04D80A4B4B
:1049100093F90A22002A02DB10BD10477047C0F34A
:104920004002201E18BF01208242F5D0D3F8243166
:10493000BDE81040184700BF08060120374B00B5FE
:10494000D3F8D03083B0984703B20D2B3DDC5A1C0E
:104950002BDB5A1C0E2A46D8DFE802F025454545D8
:104960004545454545394508454508002C4A002040
:104970002C4B11685854187800283ED1DFF8ACC091
:10498000002101938CF89200DFF8A4C01970116027
:10499000DCF8081000928847009A019B12686AB9F7
:1049A0000023214A137003B000BD1D4A116841BBAA
:1049B00001F1010C1B4BC2F800C058541B78A3F145
:1049C0002403B3FA83F35B09EBE77F2B0BD1144984
:1049D0000A68002AE4D0013A124B00200A60985479
:1049E000002AEBD1DCE70E4A116851B9202BD7D051
:1049F00001210C4B11601870E0E7242805D0092034
:104A0000BCE7FF29D4D9074BD8E718460192009399
:104A10000CF0C6FDDDE90032B0E700BF080601205A
:104A2000B40D012004110120AA250120940F0120BA
:104A3000E0040120154B1B780BB10020704710B526
:104A4000044609F09BFBD0B9114BDB6B1B060ED45F
:104A5000104B93F88C2062B11B7E53B92378242B22
:104A600007D163784A2B04D1A3783D2B01D10020D4
:104A700010BD2146054817F001FD012010BD09F0C9
:104A80007DFB40F221231842DED1F0E78C24012087
:104A900048090120940F0120084B1A780AB95A7866
:104AA00002B1704710B5FFF751FB30B1044A022143
:104AB0000448136CBDE81040184710BD4809012098
:104AC00008060120840901202DE9F041944C82B0B0
:104AD000236C3BB1934E002104F14000B36C984726
:104AE00000284DD10025E36B33B18E4E00218E4856
:104AF000B36C9847024610BB8C4D2E6D09F03EFBFF
:104B0000B04794F82030DF0740F1DA8013F0040258
:104B100000F0CC80990740F18E8009F02FFB10F057
:104B2000FC0F40F0858023781BB1002002B0BDE867
:104B3000F081607880F0010002B0BDE8F081C0F340
:104B40004013237110F0200340F0D281C10600F120
:104B5000FB80764DD70700F10082D60400F1F88182
:104B6000900400F1F081110500F1E881530400F197
:104B7000E0816F4810400028BFD009F04DFDBCE730
:104B8000E56B0190C5F3401215F020052271C2B209
:104B900040F08781104600920CF0D0FEDDE9002144
:104BA000142A00F2A281634BD340D80740F19D81C3
:104BB0000123B56C604863710092A847009A5B4D71
:104BC0000A2AE96800F03282112A00F0EA81012005
:104BD00088470023594A1370594A1360D6F8D430D5
:104BE00098472021736C5048984710E0E36B0121EF
:104BF0004D48DB0705D5736C9847D6F8C40003F021
:104C0000FDFFFFF79BFE4FF480702B6D9847E36B21
:104C1000C3F340129F062270E8D5F36E984710F454
:104C2000A071E3D1B36C44480091984700987DE7A8
:104C30000AF020FC77E7FFF711F9034600283FF45C
:104C40006CAF404A1746567E0CE0A12B40F03A81EB
:104C5000344B93F81A329A0700F13B81FFF7FEF8C4
:104C6000034698B1A02BF0D12E4B93F81A32DB07F4
:104C7000F4D509F083FA002840F0B281F34363F3DE
:104C80000006FFF7EBF803460028EBD17A7EF1B27D
:104C900091423FF442AF30460093F3F7FFFC6A6B5A
:104CA000002A3FF43AAF0098904736E70092FFF7AA
:104CB000B5F80646002840F0AA8094F8203029E78D
:104CC000FFF78CF8C0B1D4E904679038072806D8FC
:104CD000DFE800F015201C171E0424226427092E8B
:104CE00012D9C82E28BFC826FFF778F80028ECD1C3
:104CF00039463046FFF774FD94F8203006E7642605
:104D0000F2E70136092EECD80A26EDE70A3EE6E77F
:104D1000013EE4E70A36E2E71927E0E73227DEE75B
:104D2000480901200806012084090120E00401202F
:104D3000EE87FFFF060412008809012004110120FC
:104D4000B40D0120940F01200121A37284F82030BA
:104D50006170218963F34511E37F5B06218100F1D6
:104D60001B81A34F0023009287F89030D6F8A8311A
:104D700098472389009A13F4807FC3F3002009D158
:104D8000D6F8E03033B19847009A18B1D6F8D83049
:104D90009847009A2389E17923F480732381009254
:104DA000002900F0F3800AF08FF80346E079E37001
:104DB0000CF0C4FD8F4D0023009AE3710120009296
:104DC000F3F764FBFFF708F90AF0EAF9FFF7C6FC0E
:104DD00089498A480CF056FDF3F750FC4FF000006B
:104DE000F3F75CFCFFF74AF809F0C8F90128009ACC
:104DF00000F00F81F36E00929847C0F3C00080016D
:104E000009F0C2F9EB6816209847009AA2E64FF025
:104E1000FF30F3F72FFCC368009F98465B68D968A2
:104E2000A6F19903052B00F20D81DFE803F00336AC
:104E300034382F2764210091FEF7F0FF00990646D1
:104E40000028EDD1404608F0CDFB002F3FF435AFF0
:104E500009F094F910287FF430AF4FF0FF30F3F7EA
:104E600009FC0378DE077FF528AF227F002A40F097
:104E7000E080022294F8203022774BE687F0010789
:104E8000092906D9C82928BFC821D4E70139092929
:104E9000F8D80A21CFE70A39F2E70A31F0E7013101
:104EA000EEE7009208F0FCFD736F4FF000009847AA
:104EB00000980CF043FDD6F8A83198470125DDE9AC
:104EC00000216DE6AA6D002A3FF4C8AED8B2904723
:104ED000C4E609F053F9002840F09480C6F340037B
:104EE00083F0010363F34106B8E600236371FAE53A
:104EF000002D00F09580F36E9847C0F3801383F087
:104F00000103237010F040032ED0D6F8D430984718
:104F10000A200CF013FD374B0C20DB68984715B9BD
:104F2000D6F8A8319847207880F0010002B0BDE89B
:104F3000F0810092F8F70CFD009A1AE6009205F055
:104F4000E5F9009A12E6009202F022FE009A0AE6C3
:104F5000009202F0E7FF009A02E6D6F8C400009241
:104F600003F04CFE009AF8E5F26E00939047C005FE
:104F7000D5D5009BD6F8D4202370904711200CF093
:104F8000DDFC1C4B1020DB689847C8E709F09CFF4C
:104F9000009A48B9174D11E7154B1F469B8DE383C7
:104FA000E0E61020884714E680200092114D09F0B9
:104FB00033FB009A01920AF05DFA2B6D009309F021
:104FC000DDF8009B984709F07FFF019A0028F1D196
:104FD0000146B36C0A4800929847009A0243EDE6F6
:104FE00009F0CCF810F0180F7FF448AE36E600BF99
:104FF000940F0120E0040120D40901200C100120AD
:105000008409012009F0BAF810F0180F7FF466AF98
:1050100024E694F880300B3B022B7FF69BADE9E64B
:1050200008F03EFD736F2846984764E70C208847D8
:10503000CFE5D0077FF541AE42F0040294F820306E
:10504000227767E5AB6D002B3FF41AAFF0B2009109
:105050009847009914E700BF70B5FFF735FD40B9D8
:105060002F4C23781BB9607880F0010070BD0020C0
:1050700070BD2B4C09F082F80646A3788BB95EB957
:10508000284B1B78002BECD0274B93F88C30002B4F
:10509000E7D1FEF77DFEE4E740F201131E42EFD1B7
:1050A000DFE780280CBF0123002363710AD129E0C8
:1050B0001E4B93F81C311B071ED4FFF705FDA37888
:1050C000002BDCD02378002BD9D16379BBB909F050
:1050D000D9FD09F053F84028EAD1154DEB6E9847F9
:1050E00002074FF40041E3D42B6C124898470F4B52
:1050F00093F81C311B07E0D507F0D2FEDDE7FFF780
:105100001DFCE4E700230C49094A0C480B70D2F857
:10511000D42003609047A378002BD3D1A1E700BF30
:10512000480901209C1C0120940F0120EC1A012049
:10513000080601208409012004110120B40D01207A
:105140002DE9F04FDFF8709285B099F880001028B3
:1051500000F06182904CE36E9847420649D4E36EBA
:105160009847C30500F15E828C4D95F820319F066B
:1051700004D5E36E9847460400F17082FBF73CFBD0
:105180000646002840F0568295F8263103F00303C6
:10519000032B00F08B8299F881303BB195F81C31DC
:1051A00098060ED4E36E9847C1070AD408F0E6FFCC
:1051B00010F0810000F0948299F880300B2B00F001
:1051C0007182012008F0E0FF754B0220DB689847F0
:1051D00099F88130C3B1002508F062FC636F28465E
:1051E00098474FF48041236C6E4889F88150984766
:1051F0000AE00A200CF0A2FB694B0C20DB68984700
:1052000099F88130002BE6D10027DFF8B081664E97
:10521000664B3D46DFF888B188F8007037601F7034
:10522000D4F8D0309847431C82461B2B1DD8DFE8AA
:1052300013F07D001C001C001C001C001C001C0046
:105240001C001C00C7001C004A001C001C004A0077
:105250001C001C001C001C001C001C001C001C006E
:105260001C001C00F9001C00A7003368002B40F054
:105270005481BAF1200FD3DDBAF13B0F00F37A81EC
:10528000BAF1230F40F37D81AAF12401172900F21E
:10529000E480DFE811F03A01E200E200E2002401DC
:1052A000DB00E200E200E200E200E200E200E200F5
:1052B000E200E200E200E200E200E200E200E200DE
:1052C000E200E2001C013368002FB3FA83F34FEAD7
:1052D000531308BF002313B1574540F0B580FFF7C3
:1052E000BBFE002800F0698131490020336815F0C9
:1052F0000107C85400F01D812E4B0B2183F892103A
:105300005FFA8AF799F8002082B999F801A0BAF1FA
:10531000000F0BD193F892005546DBF80830984700
:10532000224BC6F800A083F800A079E798F8003077
:1053300083B1242B00F0038108F020FF40F22113F9
:10534000184200F01381DBF8083009209847002349
:1053500088F80030FFF7A0FBFFF77EFE20B999F830
:105360000030002B40F029810C4B002293F81C31B7
:1053700089F801201B077FF553AF07F091FD4FE738
:10538000DBF8F830002B3FF44BAF0A4AD4F80801A1
:1053900092F89210984743E708060120EC1A012082
:1053A000E004012084090120B40D0120AA25012078
:1053B00004110120940F0120480901208C240120B0
:1053C0003368002B3FF42CAF013B9E490022336031
:1053D000CA5415460B78002B00F0C3809446012276
:1053E0003B2B12D8232B14D9243B172B11D8DFE8E1
:1053F00003F00E101010544E10101010101010105A
:10540000101010101010101010425B2B01D142EA46
:105410000C0C11F8013F0022002BE1D18A4B83F8DC
:1054200000C0FDE60023894A87491D4688F8003000
:105430000B70336082F8923008F0A0FE202803D170
:10544000236C8021824898470027E9E615F0040183
:1054500003D17D4A61F341051170FF2B8CBF0121FF
:10546000002161F300053FF6DBAE591C3160754940
:1054700001F803A0D4E6AA07CBD445F0040511F83F
:10548000013F4FF0000C0022002BA9D1C6E715F018
:105490000403BED163F34105F1E7BCF1000FB8D1BD
:1054A00094F80A3205F0040203F008031A43C5F326
:1054B00080034FF0000283F0010308BF4FF0010C9E
:1054C00063F3410511F8013F002B89D1A6E715F0E0
:1054D0000201C2D15C4A45F004051170BDE75A4A89
:1054E00011780029B9D1C5F3800105F0040081F0DD
:1054F000010161F341050028AFD194F80A12C1F30C
:10550000C00181F001011170A7E7002BA5D1012195
:105510004D4A25F001051170A7E7BAF11F0F7FF77B
:105520007FAEBAF13B0F2FDCBAF1230F3FF7ACAEE1
:1055300093E7087838B9454B83F89200E0E6404697
:105540000CF02EF803E7242852D05B2825D1414BDC
:10555000D3F8A0300BB3084698473C4B83F8920031
:10556000CEE69C46384B83F800C059E64046F3F738
:1055700005FAECE6BAF15B0FC9D0BAF17F0F3FF440
:105580004FAE63F3000570E7BAF15B0F3FF465AF10
:10559000BAF17F0F3FF418AF5FE7019108F0EEFD1D
:1055A00040F22113184211D001990B78252B5DD0C0
:1055B000264B092183F89210A2E6B9F80800C0F33F
:1055C000C00080F0010005B0BDE8F08F1F4B93F8DC
:1055D000921011B128297FF493AE1A480193F3F782
:1055E000CDF9019B83F8920000283FF489AE89E64B
:1055F00008460BF0D5FF154B2D2883F892007FF459
:105600007FAE0C2001930CF099F912490720C9686C
:105610008847019B74E600230F4C89F880300CF01A
:105620008DF9EDE511200CF089F90A4B1020DB68AB
:105630009847E5E50B200CF081F9064B0D20DB685F
:105640009847DDE504110120AA250120940F0120CF
:1056500084090120E0040120080601200D200CF03F
:105660006DF9274B1520DB689847C9E54F78002F67
:105670009ED108F083FD40F20113184298D0214BCF
:105680001F4993F88C00D1F8F01080F0010083F8E6
:10569000927083F88C0000293FF432AE0193884762
:1056A000019B2DE6002389F880308AE5E36D984759
:1056B0000390FAF707FC99F8983003423FF46BAD7A
:1056C00099F880300C2B03D1E36E9847450513D42D
:1056D0000C200CF033F90A4B0720DB6898478FE564
:1056E00008F052FD95F88F3113F004017FF488AD76
:1056F0000548F7F7EBFD83E5304608F045FD7FE50B
:10570000E0040120940F01202DB2010010B5FFF735
:10571000C3F902E0FEF71AFD30B1FFF79DFC044625
:105720000028F7D1204610BD08F028FD0828F4D045
:10573000F8E700BF01464FF00000CB1E10B582B065
:10574000A12B00F2B080DFE813F03302AE00F300CB
:10575000AE00AE00AE00AE00EC00AE00AE00EC005D
:10576000AE00AE00AE00AE00AE00AE000702AE006E
:10577000AE00AE001A012F01AE00AE00AE00AE00CA
:10578000AE00AE00AE00AE00AE00AE002202AE0033
:10579000AE00AE00AE00AE00AE00AE00AE00AE0099
:1057A000AE00AE00AE00AE00AE00AE00AE00AE0089
:1057B000AE00AE00AE00AE00AE00AE00AE00AE0079
:1057C000AE00AE00AE00AE00AE00AE00AE00AE0069
:1057D000AE00AE00AE00AE00AE00AE00AE00AE0059
:1057E000AE00AE00AE00AE00AE00AE00AE00AE0049
:1057F000AE00AE00AE00AE00AE00AE00AE00AE0039
:10580000AE00AE00AE00AE00AE00AE00AE00AE0028
:10581000AE00AE00AE00AE00AE00AE00AE00AE0018
:10582000AE00AE00AE00AE00AE00AE00AE00AE0008
:10583000AE00AE00AE00AE00AE00AE00AE00AE00F8
:10584000AE00AE00F3001802A2002B013F010301DD
:10585000AE0090013E02B101E5007B016801AE009F
:10586000AE00AE00D700D700D700D700D700D700D2
:10587000D700D700AE00DE00DE00DE00DE00DE0076
:10588000DE00AE00E500E5006401AE005801A74B64
:1058900008211B6CA6489847A64B00221A700123CA
:1058A000184602B010BD1F298CBF00230123082910
:1058B00008BF002323B981F080023F2A00F29E81B5
:1058C0009D4BD3F89430002B62D008460091984746
:1058D000009900285CD1994BA1F11B00954AB0FAC0
:1058E00080F01B78400983F0010310707E2994BF7B
:1058F000002303F00103D3E70846FEF75FFA8D4B60
:1059000000221A70CBE70846FEF778FA894B00228E
:105910001A70C4E70846FEF791FA864B00221A7007
:10592000BDE7844B00221A700023184602B010BD58
:1059300083480389C3F340229B0529D47B4B012173
:105940003C3000921B6C98477A4B009A1A70A6E77D
:10595000764B7C4A00910021D3F8D83011609847EB
:10596000754B0099D3F8DC3093B1009308F006FC36
:10597000009B98476F4B4FF000021A708FE76B4BFC
:105980000091DB6E984710F04000009900F06F81A5
:10599000A1F11B01674BB1FA81F1490919707EE74A
:1059A000624B4FF4805174E7604A10216048136CD9
:1059B00098475E4A00236349D2F8D8200B6090478D
:1059C0005C4A002313706AE708F0D8FB402800F017
:1059D00046815B4B40215C481A8990F82C01DFF826
:1059E0004CC160F30C3203F13C00DCF840401A81FA
:1059F000A047504B00221A7051E74C4BD3F824318A
:105A000023B302215148F7F761FC4A4B00221A7078
:105A100045E7464B4FF400613BE74B4B9B8AABB1EC
:105A2000474A4FF0000C434813891189C3F34023C0
:105A300080F800C083F0010363F3492111812EE750
:105A40003A4B93F8B430012B00F01881394A3B4BA4
:105A500000201B78107083F001037E2994BF00237F
:105A600003F00103184602B010BD354A2F4C516CAB
:105A700092F825304A1C3648C3F38003B4BF002196
:105A800001219B0243EAC123D4F81C11003918BF3D
:105A9000012143EA814318430BF09EFF236C01214F
:105AA00023489847234B00221A70F8E61F4B93F8BF
:105AB0001122C2F3C003110783F0010363F3CB206B
:105AC00000F1C780DFF878C0012382B2BCF808106B
:105AD000BCF808E0C1F3C011594061F3C71EACF82F
:105AE00008E014494FF0000C81F800C0002A3FF490
:105AF000D7AE114AD2F8902022B1CDE900039047E9
:105B0000DDE9000342077FF5CBAE084B02210848D0
:105B10001B6C9847084B0F4A0021D3F88C3082F851
:105B20009010002B3FF4BBAE9847B8E60806012062
:105B300084090120A2250120E0040120AA250120DA
:105B400048090120B40D0120EC1A012075E600007F
:105B5000FFF31B80940F0120534A1378002B3FF46E
:105B600076AF524BD3F8EC31002B3FF470AF00927C
:105B700098470023009A1370D6E64D4B00214A4AFD
:105B80004FF004001B78117083F00103B1E7494B1B
:105B90001A68002A7FF45AAF474B454993F81C31E5
:105BA0004148C3F38013027083F001030B70BBE61E
:105BB000FBF77AFF414A3C4900201389087043F003
:105BC000080313816BE6394B93F81022C2F340139C
:105BD000940683F0010363F345103AD4DFF8DCC088
:105BE000012382B2BCF80810BCF808E0C1F38011B0
:105BF000594061F3861EACF808E072E72C4A3F2951
:105C0000127810D07E2918D021293FD1002A3FF4E4
:105C10003EAE294B93F81C3113F040037FF437AEAE
:105C2000214A137080E62AB1234B93F81C3113F0FC
:105C30004003F5D01D4B01212BE642B11E4A92F8DC
:105C40001C21C2F3801262F3820082B249E7012272
:105C5000F9E7174B82B21B7883F0010341E7144B3D
:105C60000021114A1B78117083F0010318E600909F
:105C7000FBF71AFF0C4B0098187010E60021104833
:105C8000F7F724FB084B00221A7008E682F00102A5
:105C900005484FF0000C7E2994BF002302F0010359
:105CA00080F800C0FCE500BFA22501200806012005
:105CB000AA250120B40D0120EC1A01204809012079
:105CC00079A40100F8B503788BB10D461C46024655
:105CD00010F8013F2A2B12D0242C15F8012B08D0E4
:105CE0005AB12E2C01D0A24207D1002BEED10120B7
:105CF000F8BDCBB10AB1242AE8D00020F8BDA4F148
:105D00002E07961CB7FA87F77F0929463046FFF71A
:105D1000D9FF0028ECD12B780135002BE8D0A34225
:105D2000F3D0002FF1D1F8BDB2FA82F04009F8BDEE
:105D300010B40023034C0449024623700B7003483F
:105D400010BC1047C1250120B0250120889D0020EE
:105D5000024B0348D3F8C030184700BF08060120A3
:105D6000B49D002002680B6810881B88C01A704719
:105D700030B50D4C83B005460C48D4F8C0300191C5
:105D80009847D4F8C030284698470848D4F8C0301F
:105D90009847019931B1D4F8C030084603B0BDE846
:105DA0003040184703B030BD08060120049E002093
:105DB00002680B6810781B78C01A704702680B687D
:105DC00010781B78C01A704702680B6850785B78AF
:105DD000C01A70474B6801334B60704740694B698C
:105DE000C01A7047037813F0FD0F02D10B6801331E
:105DF0000B600020704700BF42684B6850785B78AA
:105E0000C01A7047FCEEC07A17EE900AFDF7C8B8CA
:105E1000DFED047A20EE270AFCEEC07A17EE900A36
:105E2000FDF7BEB88B42213D70B50A4C0D46D4F843
:105E3000C0309847092D03D8D4F8C0300648984799
:105E4000D4F8C0402846FDF7ABF82346BDE87040C3
:105E5000184700BF08060120A887002070B56C4CC9
:105E600082B00546D4F8C030002900F0B9806948F6
:105E70009847D4F8C03095F900000193FDF790F8E9
:105E8000019B9847D4F8C030634898472A7AD4F8E1
:105E9000C030002A40F09D80604898475E48D4F8A2
:105EA000C0309847EA68D4F8C030107A0193FDF703
:105EB00077F8019B98475A4A7C216B7A1170002B26
:105EC00040F08380531CE9688A7A500704D5532236
:105ED00003F8012BE9688A7A960704D5442203F86F
:105EE000012BE9688A7A100712D54C22184600F86F
:105EF000012BE9688A7A160740F188808E6B002EA4
:105F000000F084804122023303F8012CE9688A7A88
:105F1000960604D5502203F8012BE9688A7AD00648
:105F200004D5492203F8012BE9688A7A560604D57C
:105F30004E2203F8012BE9688A7A100604D5522212
:105F400003F8012BE9688A7AD20703D5562203F8B1
:105F5000012BE968CA6B12B1452203F8012B4FF0FF
:105F60007C01D4F8C0202E4819809047D4F8C03066
:105F700068689847EB68D3ED067AF5EEC07AF1EEE3
:105F800010FA1BDDD4F8C03023489847EA68D4F8EB
:105F9000C030012092ED050A0193FDF725F8019B21
:105FA00098472048D4F8C0309847EB680120D4F8CF
:105FB000C05093ED060AFDF717F8A847D4F8C03093
:105FC00019489847002002B070BD2A21931C5170D7
:105FD00079E795F902000193FCF7E2FF019B5CE78A
:105FE00090F900000193FCF7DBFF019B9847D4F880
:105FF000C0300E489847D4F8C030686898470C48BD
:10600000D4F8C0309847002002B070BD03467FE747
:10601000080601200C9E0020189E0020089E0020EB
:10602000000D0120F0A200201C9E0020209E0020D8
:1060300078A500201C4B00222DE9F0415B79044635
:106040001A4D2A701BBB032094ED000AFCF7CCFF0D
:106050000146284614F026FD154B0026B3F80080B3
:106060001248043416F0CAFA0346771C032025F8B8
:106070000380012694ED000AFCF7B6FF01460B48A9
:1060800014F010FD022FEBD10848BDE8F08190ED2F
:10609000000A032030EE000AFCF7A6FF014628465E
:1060A00014F000FDD8E700BF940F0120000D01207F
:1060B000F0A200202DE9F0411C4B00221C4D0446AB
:1060C000DFED1C7A5B792DED028B2A7090ED000AD2
:1060D000042020EE270A0BB130EE000AFCF784FF03
:1060E00001462846002614F0DDFC134B9FED118A73
:1060F000B3F800800E48771C16F080FA034604209F
:10610000012625F80380044494ED000A20EE080AD5
:10611000FCF76AFF0146064814F0C4FC022FE9D1DF
:106120000348BDEC028BBDE8F08100BF940F012055
:10613000000D01208B42213DF0A2002008B5032074
:10614000FCF752FF01460248BDE8084016F096B938
:10615000000D0120DFED067A042008B520EE270AA5
:10616000FCF742FF01460348BDE8084016F086B937
:106170008B42213D000D01200FB400B583B00D48C6
:1061800004AA52F8043B944602EB830E01925CF899
:10619000041B034611F8012B184603F8012B002AB3
:1061A000F8D1F445F3D1034803B05DF804EB04B033
:1061B000704700BF000D01200128F0B5044689B0EA
:1061C00003D1464BD3F888209AB9454D2046D5F8DF
:1061D000C460FCF7E5FE434B024643490320FFF74A
:1061E000CBFFB047EB6B002164209847204609B0F5
:1061F000F0BD3D4A3A4D92E803000A0C009020465B
:10620000ADF804108DF80620FCF7CAFE01460DF12A
:10621000060014F0EFFF314B3A2293F88AC093F84E
:106220008B1093F889E093F888304CEA010C00F861
:10623000012B4EEA030E95F8172295F816320CF052
:10624000070C0EF0070E1343024603F00707002366
:106250002EFA03F1C90714D59042114639D04FF0F8
:106260002C0201F8012B214A27FA03F652F82320C9
:10627000F60712780A7001F1010202D531224A7044
:106280008A1C0133032BE3D10023DFF860E02CFAF2
:1062900003F1C90710D5904211461CD04FF02C02D3
:1062A00001F8012B5EF82320127816460A4602F800
:1062B000026B4FF032064E700133032BE7D1094BCE
:1062C0006846198811809978D5F8C430917098473C
:1062D00088E70146C7E70146E4E700BF4809012017
:1062E0000806012078A50020249E0020DC0F002055
:1062F0002DE9F0470546884616F080F9441C2046F3
:1063000011F024FD00284BD08146224629460EF08C
:1063100083F82449484614F017FD044600283AD073
:1063200001270026204D2149204615F037FF03465E
:106330001F483BB3D5F8C0309847D5F8C0301D484A
:1063400098473046D5F8C0A0FCF72AFED0471A4837
:10635000D5F8C03098472378204613B1D5F8C0301F
:1063600098471648B8F1000F0CD0D5F8C0309847C0
:106370003846D5F8C040FCF713FEA0471048D5F8C2
:10638000C03098470749002014F0DEFC01367F003A
:1063900004460028C7D14846BDE8F04711F0DEBCEE
:1063A000BDE8F087F0A2002008060120048200204A
:1063B00078A500202C9E0020209E0020349E0020E6
:1063C0006897002002680B685068596815F0E6BEAF
:1063D00070B5164C82B00246D4F8E450F5B10E46C2
:1063E0003F21019014F094FB019A0346B0B1824220
:1063F00005D0811A0190104689B2A847019B701CF4
:106400000193D4F8C050FCF7CBFDA847019BD4F80A
:10641000C020581C02B0BDE870401047D4F8C0300E
:10642000104602B0BDE87040184700BF08060120C2
:10643000F0B50D4691F82C10164683B04A070DD5DD
:10644000C1F3C301B6FBF1F31F46032800F2E58256
:10645000DFE810F07000EF003F0006003746F4E779
:106460009F4C2888D4F8C03030440193FCF798FD45
:10647000019B9847D4F8C0309A489847AB782B2BAB
:1064800000F0098139466868FFF7A2FF9548D4F803
:10649000C0309847A868D4F8C030002800F01081B8
:1064A0009847D4F8C0308F489847287B06F00EF9FB
:1064B000D4F8C030092800F22F81DFE810F035024F
:1064C000020238023B0202022B014702440241024F
:1064D0003E022888824C3044FCF762FD8249FFF777
:1064E00047FCD4F8C03081489847AB782B2B00F09C
:1064F000CB8039466868FFF76BFF7D48D4F8C03021
:106500009847A8687849002800F0E780FFF730FC3A
:106510002888304480B206F0A1F8002800F0DB8023
:106520007149FFF725FCD4F8C030724803B0BDE8CC
:10653000F04018476A4C7048D4F8C0309847288813
:10654000D4F8C03030440193FCF72AFD019B9847F2
:10655000D4F8C0306948984795F82C20A87851079E
:10656000D4F8C03048BFC0190193FCF719FD019B56
:106570009847D4F8C03061489847AB782B2B00F08F
:10658000988039466868FFF723FF5C48D4F8C0302C
:106590009847A86810B1D4F8C0309847D4F8C030F4
:1065A00056489847287BD4F8C06006F08FF8FCF76F
:1065B000F7FCB0475148D4F8C0309847286910B16B
:1065C000D4F8C0309847D4F8C0304C4898476B692D
:1065D0003BB1284606F080F818B9D4F8C030686995
:1065E00098474648D4F8C0309847A86910B1D4F805
:1065F000C0309847D4F8C0304048984795F82C00F0
:10660000D4F8C06000F00100FCF7CAFCB047D4F831
:10661000C0303A48984795F82C00D4F8C050C0F3E1
:106620004000FCF7BDFCA8473548D4F8C030984777
:1066300079E72B4C3348D4F8C03098472888D4F8F1
:10664000C03030440193FCF7ABFC019B9847D4F871
:10665000C0302D489847AB782B2B23D0686839463B
:10666000FFF7B6FE287B06F031F8092800F2B58066
:10667000DFE810F03E01480151012F013901B3005C
:10668000B300B300B3004301204B53F82600D4F805
:10669000C03098472DE71D4B53F82600D4F8C03082
:1066A0009847EFE6194B53F82600D4F8C0309847C6
:1066B000D4E7164B53F82600D4F8C030984760E76B
:1066C0002A7B042A3FF6EDAEDFE812F04301FE001C
:1066D000FE004601FE000E4822E70D4816E700BF07
:1066E00008060120709F0020F0A20020049E0020D8
:1066F0006C9F002078A500205C9F0020D4E700203C
:10670000689F0020B89E00201CA10020DC0F002004
:10671000589F002094489847D4F8C0309348984731
:106720002869D4F8C030002852D09847D4F8C03037
:106730008E4898472B88F01880B205F08FFFD4F868
:10674000C0300646002839D0984795F82C30DB0732
:1067500007D53278D4F8C030002A40F0B880844899
:1067600098478248D4F8C0309847686910B1D4F887
:10677000C03098477D48D4F8C0309847A86910B118
:10678000D4F8C0309847D4F8C0307848984795F886
:106790002C00D4F8C06000F00100FCF701FCB04709
:1067A000D4F8C0307148984795F82C00D4F8C05000
:1067B000C0F34000FCF7F4FBA847B4E66D489847E7
:1067C00095F82C30DA07CCD5D4F8C0306848C7E744
:1067D0002A7B042AAAD16848A7E7AB683BB1D4F862
:1067E000C03066489847D4F8C030A868984700275A
:1067F0006B69002B00F0F280AB69002B00F0EE809B
:10680000D4F8C0305E489847D4F8C03068699847DB
:10681000D4F8C0305B489847D4F8C030A86998478E
:1068200095F82C30DB0706D5D4F8C030002F00F0E7
:10683000F28055489847D4F8E430002B3FF473AE0B
:106840002888304480B205F009FF0646002800F091
:1068500085800378002B00F08180D4F8C0304B484D
:1068600098470DE0D4F8C020019048489047019B1C
:106870003046D4F8E420991B89B29047019B9E1CB6
:106880004349304614F00CFC0028EBD13378002B40
:1068900064D0D4F8C0303D489847D4F8C030304672
:1068A000984795F82C30DD077FF53DAE3278D4F867
:1068B000C0300AB137489847D4F8C0302C489847C0
:1068C00031E63548984727E734489847E9E53448A2
:1068D00046E73448D4F8C030984700212869FFF7CC
:1068E00007FD012784E7D4F8C0302F4898477EE79A
:1068F000D4F8C0302D48984779E7D4F8C0302C48F8
:10690000984774E7D4F8C0302A489847012128698D
:10691000FFF7EEFCE5E7D4F8C0302748984701219F
:106920002869FFF7E5FCDCE724489847F4E62448AB
:106930009847F1E623489847EEE623489847EBE668
:1069400022489847E8E622489847E5E621489847D4
:10695000E2E621489847A4E50348A1E595F82C30E4
:10696000D807A9D4DFE500BF749F0020709F0020E6
:10697000689E0020589F0020C89F00202C9F002068
:10698000349F0020209E0020389E002078A5002003
:10699000509F0020549F00208C9F0020C49E002008
:1069A000649E002024A20020BC9E0020CC9E0020DB
:1069B0001C9F0020D89E0020E89E0020849F00207D
:1069C000989F0020A49F0020B49F0020BC9F00201F
:1069D000D4DD00207C9F0020D09E0020284605F0BA
:1069E0007BFE00287FF41CAF6B693BB1D4F8C0304C
:1069F0000B489847D4F8C03068699847AB69002BBA
:106A00003FF40EAFD4F8C03006489847D4F8C030F1
:106A1000A869984704E704480CE7044C83E500BFE5
:106A2000409F0020489F0020509E00200806012023
:106A300092F801C083789C4513D0034630B51446C4
:106A4000826A83B00D4622B1002101909047019BDC
:106A500020B12A4619462078FFF7EAFC012003B04E
:106A600030BD53688B42E8D00120704708B592F8DA
:106A700001C083789C4504D153688B4201D001202A
:106A800008BD13460A4601461878FFF7D1FC0120DD
:106A900008BD00BF2DE9F04F884685B0B1FA81FAF4
:106AA000054605F00DFA044640464FEA5A1A05F02D
:106AB00089FC00268DF80900A8EB00008DF808502D
:106AC00003902389A4691E44002CFAD1022D69D0B9
:106AD000032D61D005F0F4F904210546304611F08C
:106AE000EFF80190002863D0019E0027DFF838916D
:106AF0002989E1B14FF0000B0BEB4B04EB6820014F
:106B000003EB04141B5A183B9BB2012B33D994F8A6
:106B10002C30DB093BB9B8F1000F31D0A0789DF8DB
:106B2000093098422CD00BF1010B5945E4D8AD69DE
:106B3000002DDDD1019C0422364B3946204611F050
:106B40003BFE6FB1043C013502AA334954F8040FEF
:106B500005F03EFDBD4240EA0A005FFA80FAF2D13C
:106B6000019811F0FBF8BAF1000F0CBF352000209E
:106B700005B0BDE8F08F99F88F31C3F34003C9E742
:106B8000A36A2BB100212046984729890028CAD042
:106B9000013746F8044BC6E7204B2148D3F8C030F4
:106BA000984797E71D4B1F48D3F8C030984791E7A7
:106BB0001D4E2A89D2B1002404EB4400EB68010188
:106BC00003EB00105B5A183B9BB2012B12D990F8D3
:106BD0002C30DB093BB9B8F1000F10D081789DF85B
:106BE000093099420BD00134A242E5D8AD69002D9D
:106BF000DFD1B8E796F88F31C3F34003EAE702AA82
:106C00000A4905F0E5FC40EA0A032A895FFA83FA9B
:106C1000E9E700BFE9FA0000F107010008060120DA
:106C200008A00020D09F0020EC1A0120B507010029
:106C3000002951D001EB4101F0B5164689B0044658
:106C4000002700EB81051922616801A814F030F8D3
:106C50009DF8043013B30DF105000DF1040CA3F100
:106C60006101202B03F05F0E6246C9B205D01929DD
:106C700098BF734602F8013B944610F8013B002B85
:106C8000EDD101A930468CF80070FFF71BF878B9F8
:106C90000C34AC42D7D1002009B0F0BD01A9304678
:106CA0008DF804700DF1040CFFF70CF80028EFD0FC
:106CB0000A4D0B48D5F8C0309847D5F8C030606809
:106CC0009847D5F8C0300748984761780120FFF70A
:106CD000E1FE012009B0F0BD002070470806012048
:106CE00050A0002058A0002070B5164C054616484C
:106CF000D4F8C0309847AB781BB1D4F8C030A81C8A
:106D000098472878D4F8C060FCF74AF9B047D4F81F
:106D1000C0300E4898476878D4F8C060F1F75AF848
:106D2000B0472B693BB1D4F8C03008489847D4F835
:106D3000C03028699847D4F8C0300548BDE8704095
:106D4000184700BF080601205CA00020F0A2002028
:106D50001C9E002070B5254C05462548D4F8C0304F
:106D600098472869D4F8C06000283BD0B047D4F8D1
:106D7000C030204898472879D4F8C060FCF710F953
:106D8000B0471C48D4F8C03098476A7FD4F8C03068
:106D900051074CBF1848194898471648D4F8C030D6
:106DA00098476A7ED4F8C03052074CBF1248144846
:106DB0009847D4F8C0300F4898476B6AD4F8C06041
:106DC00073B128469847FCEEC07A17EE900AFCF79C
:106DD000E7F8B0470B48D4F8C0309847002070BDA2
:106DE0000948F6E76879F0F7F5FFBFE708060120E4
:106DF0006CA00020189E002064A0002068A0002045
:106E0000089E00201C9E00200882002070B54D4C7A
:106E100005464D48D4F8C03098472869D4F8C0607A
:106E2000002800F08A80B047D4F8C030474898471F
:106E30002879D4F8C060FCF7B3F8B0474348D4F8D9
:106E4000C03098476A7FD4F8C03051074CBF4048E3
:106E5000404898472B7FD4F8C020C3F3C103013BBF
:106E6000DBB2022B5FD83C4951F823009047AB8B33
:106E7000D4F8C020C3F34413013BDBB21E2B58D817
:106E8000364951F82300904795F91D20D4F8C030B9
:106E9000002AB4BF3248334898472C48D4F8C03051
:106EA00098476A7ED4F8C03052074CBF28482D4816
:106EB00098472B7ED4F8C020C3F3C103013BDBB25B
:106EC000022B34D8244951F8230090472B8BD4F857
:106ED000C020C3F34413013BDBB21E2B25D81F494E
:106EE00051F82300904795F91920D4F8C030002AB2
:106EF000B4BF1B481B489847D4F8C0301348984784
:106F00006B6AD4F8C060B3B128469847FCEEC07AEB
:106F100017EE900AFCF744F8B0471348D4F8C03095
:106F20009847002070BD0F48A0E70E48DAE70D48EB
:106F3000CBE70C48A7E70D48EEE76879F0F74AFF82
:106F400071E700BF0806012080A00020189E0020E5
:106F500064A0002068A00020C0090020440900208F
:106F60007CA00020089E00201C9E0020088200209B
:106F700070B5354C05463548D4F8C0309847D4F83C
:106F8000C03028699847D4F8C030314898472879EC
:106F9000D4F8C060FCF704F8B047D4F8C0302C48EF
:106FA00098476B7FD4F8C020DE0603D4980630D50E
:106FB000284800E028489047D4F8C0302448984733
:106FC0006B7ED4F8C020D90603D49B061FD5214878
:106FD00000E021489047D4F8C0301D4898476B6ABC
:106FE000D4F8C060BBB1697F284611F0300F23D0C0
:106FF00098470220FBF7F8FFB0476B7F13F0300F84
:107000000FD0D4F8C03015489847002070BD144800
:10701000E0E71348CFE71348B0476B7F13F0300F1A
:10702000EFD1D4F8C0300A489847A869D4F8C050C6
:10703000F0F708FFA847E4E79847FCEEC07A17EEA0
:10704000900AFBF7ADFFD7E70806012090A00020CB
:10705000189E002008A10020A0E100201C9E002016
:1070600068A000200882002070B51B4C05461B4814
:10707000D4F8C0309847D4F8C03028699847D4F87D
:10708000C030174898472879D4F8C060FBF788FFCC
:10709000B047D4F8C030134898476B6AD4F8C06042
:1070A000C3B128469847FCEEC07A17EE900AFBF76A
:1070B00077FFB047D4F8C03009489847A869D4F89A
:1070C000C050F0F7BFFEA8470748D4F8C030984733
:1070D000002070BD0548ECE708060120A0A00020B4
:1070E000189E0020B0A000201C9E002008820020D6
:1070F00038B5044600880D460844FBF751FF0D499A
:1071000002460D4B0320FFF737F82946204604F0CE
:10711000DFFD68B1094C05460948D4F8C0309847EE
:10712000D4F8C030284698470648D4F8C03098476D
:10713000012038BDB8A00020B4A00020080601201E
:10714000000D012078A50020037813F0FD0F05D174
:107150000B6801EBC302013350600B6000207047E5
:1071600010B5046A82B02CB10E4B5B6998470120C0
:1071700002B010BD0C4A0190D2F8C0100B488847ED
:10718000019B094A1888D2F8C0300193FBF708FF29
:10719000019B9847044A0648D2F8C030984701201E
:1071A00002B010BDE004012008060120B8A00020B4
:1071B000BCA000200B780A4681681033994200D0A9
:1071C0007047516801EB4103013110B55160DC009B
:1071D000417902EBC30359724169197201699961DE
:1071E0008188D0F808C0ACF1100E41EA0C4CBEF119
:1071F000030F98BF6146D961C16831B104F10A003B
:10720000BDE81040104415F039B9997210BD00BFA7
:1072100038B50B4BD3F8C05010B1FE28044603D14B
:107220000848A847002038BDFBF7BAFE064B0246C7
:1072300006490320FEF7A0FFA847204638BD00BF3F
:1072400008060120C4A0002078A50020CCA00020C2
:1072500030B5044683B099B143787BB11C4D0846E4
:10726000D5F8C0309847D5F8C030606898471948BD
:10727000D5F8C03003B0BDE83040184703B030BD8A
:10728000134D1548D5F8C0309847D5F8C030607810
:107290000193FBF785FE019B9847D5F8C0300F4856
:1072A0009847D5F8C03020780193FBF779FE019B11
:1072B0009847D5F8C03009489847D5F8C03060687D
:1072C00098470748D5F8C03003B0BDE830401847AC
:1072D0000806012078A50020D4A00020D4E70020D3
:1072E0001C9E0020F0B595B05F4C38220021064668
:1072F00006A813F093FBD4F8C0305C489847707828
:10730000D4F8C050FBF74CFEA847D4F8C03058481A
:1073100098473378022B00F09C807278D4F8D831EB
:107320008DF818201BB106AA524900209847079AE9
:10733000D4F8C030002A37D00C989847079F47B33D
:1073400006AD0027D4F8C03049489847AB7A05F11C
:107350000A0013B1D4F8C0309847D4F8C0300137D0
:10736000287A18350193FBF71BFE019B9847D4F848
:10737000C03041489847D4F8C03015F80F0C01933D
:10738000F0F728FD019B9847079B9F42DAD3022F15
:107390000CD0D4F8C03036489847012F06D0D4F826
:1073A000C0303348984701E034489847D4F8C83093
:1073B000002B48D0707808F0D7FE0546002842D050
:1073C000D4F8C0302A4898476868D4F8C060FBF702
:1073D000E7FDB0472848D4F8C03098472B7A2849B1
:1073E00003F00303D4F8C820C85C90472248D4F8BF
:1073F000C03098472B7A2349C3F30213D4F8C8202E
:10740000C85C90471C48D4F8C03098472E7A1E4B71
:107410000DF1080C06F00C06D4F8C0700FCB6E44CA
:107420008CE80F00B068B8476B789B0616D4D4F888
:10743000C0300F4898476B781449C3F34003D4F821
:10744000C820C85C9047D4F8C0301148984715B0A0
:10745000F0BDD4F8C0300F489847A7E7D4F8C03043
:107460000D489847E3E700BF08060120E4A000208C
:10747000189E0020390F0100F0A20020F4A0002087
:1074800000A1002004A10020080900200CA1002078
:107490001C9E0020ECA00020FCA0002008B5037872
:1074A00013F0FD0F01D1FFF71DFF002008BD00BF45
:1074B00030B5144C83B005461348D4F8C030019160
:1074C00098470199D4F8C0300139032905D8DFE87D
:1074D00001F01512020F0D489847D4F8C030284625
:1074E00098470B48D4F8C03003B0BDE83040184787
:1074F00008489847F1E708489847EEE70748984753
:10750000EBE700BF0806012010A100202CA10020FD
:107510001C9E002034A1002020A1002018A10020E2
:1075200010B5417986B00379826843EA01238DF86A
:107530000110A2F11001D0F814C043EA024204691C
:107540008DF800C0032998BF1346C16804940593C1
:1075500041B10DF1020014F091FF6846FFF7C4FB42
:1075600006B010BD68468DF80210FFF7BDFB06B0EF
:1075700010BD00BF0B688A6803F1010C03EB4303E5
:1075800000B5C1F800C002EBC30C41798CF80110C2
:10759000416902F8331003698268CCF8103083889F
:1075A000A2F1100EC16843EA0242BEF1030F98BF78
:1075B0001346CCF8143029B10CF102005DF804EB4D
:1075C00014F05CBF8CF8021000BD00BF70B504461B
:1075D000F9F750F9A8B143681E4643781D460A4B97
:1075E000D3F8B830984718B129463046FFF760FF06
:1075F0002CB9064BD3F8C8300BB105489847204644
:1076000070BD034E0546EAE708060120E0040120AC
:10761000589F002082B011F007020346019110D05C
:10762000C9072F4807D45208043000E00430D107BE
:1076300001D40430012201685208097803F8011BC3
:10764000F4D12C229DF8050003F8012B10F007025D
:1076500010D0C007224907D45208043100E0043199
:10766000D00701D40431012208685208007803F8D9
:10767000010BF4D12C229DF8060003F8012B10F029
:10768000070210D0C007164907D45208043100E0A1
:107690000431D00701D4043101220868520800786F
:1076A00003F8010BF4D12C229DF8070003F8012BFD
:1076B00010F0070210D0C007094907D4520804315E
:1076C00000E00431D00701D40431012208685208D7
:1076D000007803F8010BF4D100221A7002B0704751
:1076E000DC0F002030B5054683B001BB214C224899
:1076F000D4F8C0309847D4F8C03028780193FBF70D
:107700004FFC019B98471D48D4F8C03098471B4850
:10771000D4F8C0309847686810B1D4F8C0309847A2
:10772000D4F8C030164803B0BDE8304018470078A0
:10773000FBF736FC1349FEF71BFB12491248FEF714
:1077400017FB6D689DB10B4C1048D4F8C0309847BA
:10775000D4F8C03028469847D4F8C0300B48984732
:107760000B48D4F8C03003B0BDE830401847094D8D
:10777000E9E700BF080601203CA10020D4E7002073
:107780001C9E0020F0A2002004820020049E002005
:1077900078A50020589F002030B5054683B001BB76
:1077A000214C2248D4F8C0309847D4F8C03028780B
:1077B0000193FBF7F5FB019B98471D48D4F8C030B7
:1077C00098471B48D4F8C0309847686810B1D4F87F
:1077D000C0309847D4F8C030164803B0BDE83040F8
:1077E00018470078FBF7DCFB1349FEF7C1FA124992
:1077F0001248FEF7BDFA6D689DB10B4C1048D4F8E5
:10780000C0309847D4F8C03028469847D4F8C030E4
:107810000B4898470B48D4F8C03003B0BDE830405F
:107820001847094DE9E700BF0806012048A10020DC
:10783000D4E700201C9E0020F0A20020048200203B
:10784000049E002078A50020589F00200A4B93F842
:107850001C31DB070BD5DFF840C00848084A094B4C
:107860000949C3F800C0094B08601A607047DFF887
:107870002CC00748074AF2E7EC1A0120D9FE0000A5
:1078800095FB0000701001206C1001207410012085
:10789000C1FE000089FB000039FE0000B9FD0000B8
:1078A00038B5074B05460C46D3F8B830984728B191
:1078B00021462846BDE83840FFF7FABD38BD00BF75
:1078C0000806012070B50A4C0546D4F8B830984730
:1078D00068B1D4F8C03007489847D4F8C03028467B
:1078E0009847D4F8C0300448BDE87040184770BDD0
:1078F0000806012010A100201C9E0020064B10B598
:10790000D3F8B8300446984728B120460221BDE894
:107910001040FFF7CDBD10BD0806012038B50D465B
:107920000021044604F054FD38B101882A46044B76
:10793000611A5B699847002038BD352038BD00BF0B
:10794000E00401202DE9F84F81460F46002404F0A1
:10795000B7FA05462B89AD691C44002DFAD104F015
:10796000AFFA04218346204610F0AAF98046002889
:1079700000F08A80BBF80810002970D00646AA469D
:107980000AEB4A04DBF80C30200103EB04141B5A09
:10799000183B9BB2012B5CD994F82C30DB098BB9D6
:1079A000B9F1000F03D1237F043B012B0AD8A36A4E
:1079B0002BB1002120469847BBF8081010B10135C3
:1079C00046F8044B0AF1010A5145D9D8B9F1000F24
:1079D00027D0DBF818A0BAF1000F22D0BAF808209F
:1079E000D2B14FF00009DAF80C3009EB490400215C
:1079F00003EB041494F92C3020468B4208DBA36A75
:107A00001BB19847BAF8082010B1013546F8044B6D
:107A100009F101094A45E6D8DAF818A0BAF1000FD1
:107A2000DCD1294B04222946404610F0C5FE5DB149
:107A3000A8F10406002401343A46244956F8040FFC
:107A400004F0C6FDA542F6D14046BDE8F84F10F05F
:107A500085B91F4B93F88F31C3F340039FE7B9F10A
:107A6000000F04D1184B042210F0A6FEECE7DBF85F
:107A700018A0BAF1000F01D04646AFE7124B04221E
:107A8000294610F099FEDFE7A4B1002505EB45007B
:107A9000DBF80C3001353A4603EB00100B4904F0DB
:107AA00097FDAC42F2D1DBF818B0BBF1000FECD17E
:107AB000BDE8F88FDBF81830002BF9D0D3F818B0F8
:107AC000BBF1000FF6D1F3E7E9FA0000E50E010083
:107AD000EC1A012030B585B00F4C104901A809F00F
:107AE000D1FED4F8C0300E4898470E4B01A8D4F808
:107AF000C0501B689847A8470B4AD4F8C030128979
:107B000092074CBF09480A4898470A48D4F8C03041
:107B1000984705B030BD00BF080601207409012058
:107B200054A10020701001204809012028A4002041
:107B300030A400201C9E002070B50F4C0F48D4F8D4
:107B4000C03098470E4D0F4B2846D4F8C0601B68D4
:107B50009847B047D4F8C0300B48984715F8040C44
:107B6000D4F8C050FBF71CFAA847D4F8C030074837
:107B7000BDE87040184700BF080601205CA1002046
:107B8000940901207010012024A200201C9E0020D6
:107B900070B5094C0948D4F8C0309847084B0948DB
:107BA0001B68D4F8C0509847A847D4F8C03006489E
:107BB000BDE87040184700BF0806012064A10020FE
:107BC00070100120D00F01201C9E002070B5174CB2
:107BD000054684B01648D4F8C03098472846D4F8F3
:107BE000C060FBF7DDF9B04703A92846FAF7C4FAED
:107BF000D4F8C030B8B10F4898479DED030AD4F8C7
:107C0000C0508DED010AFBF787F99DED010AFBF7E6
:107C1000EBF9FBF785FAA847D4F8C0300648984737
:107C2000002004B070BD05489847F5E7080601201C
:107C30006CA10020B4A000201C9E002074A1002094
:107C400030B5164C054685B01548D4F8C030984775
:107C5000D4F8C0302846984703A92846FAF73AFDD9
:107C6000D4F8C030B8B10F4898479DED030AD4F856
:107C7000C0508DED010AFBF74FF99DED010AFBF7AE
:107C8000B3F9FBF74DFAA847D4F8C0300648984737
:107C9000002005B030BD05489847F5E708060120EB
:107CA0006CA10020B4A000201C9E002074A1002024
:107CB000884B93F82F302DE9F04F87B083B1864C75
:107CC0008648D4F8C0309847854BD4F8C0501E6819
:107CD000F0F712FBB047A8478248D4F8C030984765
:107CE00000257D4C03A9E8B204F08CF903467E48D8
:107CF000002B00F0B780D4F8C03098470A2DD4F894
:107D0000C07000F0AA800B2D18D0092D774803D041
:107D1000E8B2F0F7C3FA0130B847D4F8C030013503
:107D2000734898476E4B03A8D4F8C0601B68984707
:107D3000B0476C48D4F8C0309847D3E7DFF8A0A12B
:107D40006C48B847DAF800306B48D4F8C050984710
:107D50006A4FA847D4F8C03062489847BB69002BE7
:107D600000F0B1800125DFF8B881DFF8B0B105E09F
:107D7000002911DA0135BB69AB425CD33B6A284666
:107D8000984746688146002EF4D098F89C213169C6
:107D90005307EDD40029EDDDD4F8C02058489047B2
:107DA000D4F8C02030690192FBF7FAF8019A9047A5
:107DB000D4F8C02053489047D4F8C010DAF8002017
:107DC00030460191904701998847D4F8C0204D482A
:107DD000904796ED030ADBF80020D4F8C060904786
:107DE000B0474948D4F8C0209047D9F80000D4F8EB
:107DF000C020002834D09047B9F90820002A0ADBB7
:107E0000D4F8C0203F489047B9F90800D4F8C060C2
:107E1000FBF7C6F8B047D4F8C02032489047D9F8ED
:107E20000030002BA6D0E36B0021052001359847D8
:107E3000BB69AB42A2D298F88E31DA0719D4334D20
:107E4000FFF7A6FEFFF746FE95F87030A3B93B6E2C
:107E500003B1984707B0BDE8F08F2D48B8475CE7FD
:107E60002C48C8E7254B07209B68984707B0BDE81A
:107E7000F08FFFF761FEE2E7164B02A89979F0F761
:107E8000EDFAD4F8C030244898479DF80A30D4F869
:107E9000C06005EB830503EBC303D5ED1D7A08EB4A
:107EA00083081E4BF8EEE77A98ED0C0A1B6887EE04
:107EB000800A9847B047D4F8C0300A4898473B6ECC
:107EC000002BC6D1C6E7DFF8588098F88E31DA0764
:107ED000B5D5CEE7940F0120080601207CA1002033
:107EE000701001201C9E002084A100208CA1002085
:107EF00024A2002088A100205C100120E0040120C1
:107F000094A10020189E002098A10020480901207B
:107F100090A10020589F0020A0A100206C100120FB
:107F2000EC1A01202DE9F0418C4C8D4D8D48D4F890
:107F3000C03098472888D4F8C0608B2840F2E78189
:107F40008948B0472888D4F8C0608A38FBF728F8F9
:107F5000B047D4F8C03085489847287DD4F8C06031
:107F6000F0F79CF9B047D5ED347AF5EE407AF1EEB2
:107F700010FA40F0E180D5ED337AF5EE407AF1EE7B
:107F800010FA40F0D980D5ED327AF5EE407AF1EE74
:107F900010FA40F0D180764E337E022B00F0D5806F
:107FA000D4F8C03073489847A879D4F8C07011301D
:107FB000FAF7F6FFB847EA78D4F8C030002A00F0A4
:107FC00065816D4898472A79D4F8C030002A00F0BE
:107FD0005B816A4898476748D4F8C0309847A878CA
:107FE000D4F8C070022800F0608180F001005D309C
:107FF000FAF7D6FFB847337E022B00F05E81EA79AC
:10800000D4F8C030002A40F031815D48984795F897
:108010002E20D4F8C030012A0CBF5A485A4898473D
:1080200095F82F20D4F8C030002A00F0D1805748AE
:108030009847F0F765F910F0070300F08281C70751
:10804000534940F17081534A04E00431D80701D408
:108050000431012308685B08007802F8010BF4D1B1
:1080600000234C481370D4F8C03098472B7E002B67
:1080700040F0B4800020D4F8C070F0F7FBFA037829
:10808000DB0700F148814448B84795F890301BB1B0
:10809000D4F8C030414898476B7ED4F8C020002BFC
:1080A00040F0F6803E4890473E4FFB7FDB0703D50C
:1080B000D4F8C0303C489847BB7F1BB1D4F8C030DF
:1080C0003A489847FB7F980703D5D4F8C030384822
:1080D000984796F82C31590706D5FB7F5A0703D5E8
:1080E000D4F8C03033489847D5F8D430D4F8C060BD
:1080F0001869FAF755FF304902460220FEF73CF8AE
:10810000B0472E4B95ED1C0A1B68D4F8C050984719
:108110002B4902460220FEF72FF8A8470020F0F76F
:10812000A9FAC3689B7ADB0700F1DA80D4F8C03083
:108130002448BDE8F04118470D4ED4F8C03022481D
:108140009847337E022B7FF42BAF6A79D4F8C03086
:10815000002A40F0EC801D48984721E708060120DE
:10816000940F0120F8A1002000A200203C9F0020D5
:10817000EC1A01200CA20020B0A10020C0A1002018
:1081800010A20020E8A10020F0A1002020A20020E1
:10819000DC0F0020000D0120D08A0020D88A0020AA
:1081A00050A200204809012054A200205CA2002017
:1081B00064A200206CA2002074A200207410012090
:1081C00078A200201C9E002004A20020ACA1002068
:1081D000644898472B7E002B3FF44CAF1E2BD4F8FD
:1081E000C02000F2A880013B1D2B3FF643AF01A148
:1081F00051F823F0CB200100DD200100D720010041
:10820000F91D0100F91D0100F91D0100F91D010012
:10821000F91D0100F91D0100F91D0100F91D010002
:10822000F91D0100F91D0100F91D0100F91D0100F2
:10823000F91D0100F91D0100F91D0100F91D0100E2
:10824000F91D0100F91D0100F91D0100F91D0100D2
:10825000F91D0100F91D0100F91D0100F91D0100C2
:10826000F91D0100F91D0100D12001003E48984789
:10827000EB79012B3FF4CBAE022BD4F8C0200CBF1E
:108280003A483B489047C2E63A48A3E63A4899E65E
:10829000990702D5394890476B7EDA077FF504AF1E
:1082A000D4F8C03036489847FEE65F20FAF778FEEB
:1082B000B847337E022B7FF4A2AE0020F0F7DAF944
:1082C000C3689B7ADB077FF59AAE0020D4F8C070B4
:1082D000F0F7D0F94378002B41D02A48B8478EE612
:1082E0000020D4F8C050F0F7C5F90346002093ED04
:1082F000020AFAF779FE244902460220FDF73CFF04
:10830000A847D4F8C0302148BDE8F0411847FAF733
:1083100047FEB0471DE60020F0F7ACF90378980758
:1083200007D51B48B0E65B0804311A4A8EE61A48A6
:1083300012E71A48A8E63C2B7FF49CAE18489047F9
:1083400098E6144A8CE61748904793E616489047FB
:1083500090E6164890478DE6154890478AE61548FE
:10836000BCE700BF28A2002018A20020E0A1002046
:10837000E4A10020C8A10020B8A10020E08A0020CC
:108380004CA20020D8A100207CA200201C9E00202E
:10839000C88A0020000D0120A8A10020C08A00206A
:1083A00044A2002034A200203CA2002030A20020E1
:1083B00038A20020D0A1002070B50B4C0E46D4F896
:1083C000C050FAF7EDFD094B024609490320FDF7BD
:1083D000D3FEA847D4F8C03030469847D4F8C03010
:1083E0000448BDE87040184708060120B4A00020EA
:1083F00080A2002078A5002030B50B4C83B0054644
:108400000A48D4F8C03001919847D4F8C0302846C3
:108410009847D4F8C03006489847064B01989B68A7
:1084200003B0BDE8304018470806012084A20020B0
:1084300024A20020E00401202DE9F043B34C9DB0BC
:108440000546B348D4F8C0309847B248D4F8C06065
:10845000FAF7A6FDB047B048D4F8C0309847284690
:10846000D4F8C0309847D4F8C030AC4898470020C2
:1084700004F0F6FFAA4B054693E803000390ADF81D
:1084800010101DB1AB7ADE0700F1AF820DF11102C1
:1084900094F81A324E219807117000F19E82531CF5
:1084A000A04E96F82C01C10702D5502203F8012BEB
:1084B00096F88E110A0702D55A2203F8012B8F076E
:1084C00002D5482203F8012B96F82621120702D57F
:1084D000542203F8012B96F82021D70602D5412219
:1084E00003F8012B1DB1AA7A920740F17A8296F81F
:1084F000B520D70702D5302203F8012B94F80822C3
:10850000D50702D5532203F8012B420702D5522288
:1085100003F8012B4F0702D44C2203F8012B94F8E7
:108520001022150702D52B2203F8012B96F81921EA
:10853000D00702D4572203F8012BD4F8A02012B19F
:10854000322203F8012B4FF02C0203AD1A8028468B
:10855000D4F8C0309847D4F8C070FBF737FDFAF76D
:108560001FFDB847D4F8C0306F489847A06AD4F8C8
:10857000C070FAF715FDB847D4F8C0306A4898477C
:108580000320D4F8C070FAF70BFDB847674FD4F852
:10859000C03065489847B869D4F8C080FAF700FD44
:1085A000C047D4F8C0305D489847FBF7F9FBD4F8D2
:1085B0003031804698475E4B814693E80300039034
:1085C0000320ADF81010FAF7EBFC0146284612F034
:1085D00069FA584B3A2128468DF812101968097823
:1085E0008DF81310D3E9011309788DF814101B7856
:1085F0008DF8153000238DF81630D4F8C030019373
:1086000013F0FCFF454A0146019B1068685028465C
:108610009847494B96F81CC10FCB1CF0400F85E8DA
:108620000F0014BF454B464B1B68ADF81C301B0CAC
:108630008DF81E3096F88E31D90700F17182D4F88A
:108640001431002B00F07882D4F81C3123B3284673
:1086500013F0D4FF94F80B3229183A4A844694F860
:108660000AE2019103F0020103F0010341EA8303EE
:1086700003CA019A45F80C0043EADE105160FAF78C
:108680008FFC0190284613F0B9FF0199284412F09D
:10869000B1FD254B1B88038094F9102294F8103209
:1086A000002AC0F25B829A0600F13082D80600F1FF
:1086B000E681590600F1EF8194F80A32DA0700F1F9
:1086C000F681327E022A00F00482980700F11382BC
:1086D000D4F8EC3153B1284613F090FF1A4B024600
:1086E00005EB000C03CBA850CCF80410B9F1000F37
:1086F00040F06D81337F042B2AD0D4F8E0303BB3B7
:108700001249284612F0CEF922E000BF08060120E7
:10871000BCA200200B25350124A200201C9E0020B5
:10872000C8A20020EC1A0120F0A20020E0040120E1
:10873000D0A20020DC0F0020D8A2002088A20020B8
:108740008CA2002000A3002030A3002098A20020CB
:1087500094F80932990700F15081284613F04EFF32
:10876000AA4A03462E1894F80B1210681279E850A2
:1087700032714A0700F17B81EFF7BCF9002840F025
:108780006B81284613F03AFF00F16F030DEB0300F5
:1087900010F8643C2C2B02D1002300F8643CD4F880
:1087A000C03028469847FB6D01209847D4F8C03068
:1087B00097489847D4F8C03096489847D4F8C030C6
:1087C00095489847B4F810321E0400F114819BB20A
:1087D000002B00F0108194F81062D80729468F4AC8
:1087E00006F008060ED51078202802D044280CD1B7
:1087F0005EB95B080DD00132D807F4D45B080132B2
:10880000D807F0D401325B08F6E75B0801F8010BEA
:10881000F1D10026D4F8C03028460E709847D4F81D
:10882000C0307B48984798F8003013F0FB0F28D0F1
:10883000D4F8C0307A48984794F8AC318DF80C6081
:10884000042B00F0998198F80030032B00F09281FE
:10885000022B00F0AF81734E284613F0CFFE314655
:10886000284412F0C7FC0346D4F8B401002840F0B5
:108870008F81D4F8C030284698476548D4F8C03076
:108880009847636B7BB1D4F8C03067489847636BF7
:10889000D4F8C0509847800AFAF782FBA84763488B
:1088A000D4F8C030984763685BB1D4F8C0306048F2
:1088B0009847D4F8C030606898475548D4F8C0301D
:1088C0009847A3685BB1D4F8C0305A489847D4F8A9
:1088D000C030A06898474E48D4F8C0309847E36845
:1088E0005BB1D4F8C03054489847D4F8C030E06841
:1088F00098474748D4F8C030984763695BB1D4F8CB
:10890000C0304E489847D4F8C03060699847404816
:10891000D4F8C0309847E36A6BB1D4F8C030484807
:108920009847E06AD4F8C050FAF73AFBA8474548A0
:10893000D4F8C030984700210120F6F71DF8012136
:1089400080460846F6F718F8002106460846F6F76E
:1089500013F8012105460020F6F70EF848EA060351
:1089600081462B430343DBB25BB3D4F8C0303648B7
:1089700098474046D4F8C080FAF712FBC047D4F8B5
:10898000C030324898473046D4F8C060FAF708FB48
:10899000B047D4F8C0302D4898472846D4F8C05086
:1089A000FAF7FEFAA847D4F8C03028489847484656
:1089B000D4F8C050FAF7F4FAA8471548D4F8C030F4
:1089C0009847FB6D002098471DB0BDE8F083B9F1D2
:1089D000020F00F0CD801E4993E64D21931C51708B
:1089E0005EE5442203F8012B81E556230DF11202C6
:1089F0008DF811304CE529460BE7284613F0FEFDB3
:108A0000144A03461068E850A7E600BF3CA30020C4
:108A10001C9E002054A300206CA3002010E3002023
:108A200078A30020A4A2002090A30020A0A30020EF
:108A3000A8A30020B4A30020C8A30020DCA300202A
:108A4000E4A30020F4A30020FCA30020F0A2002057
:108A500090A2002038A30020284613F0CFFD564BEB
:108A60000246291818681B79A8500B7189E6534AE9
:108A700004331068E918E85013790B717CE6284636
:108A8000019313F0BBFD4E49019B0246086859064D
:108A9000A8507FF511AE284613F0B0FD494A0346B1
:108AA0001068E85094F80A32DA077FF50AAE2846D3
:108AB000019313F0A3FD444A014605EB000C106836
:108AC000127968508CF80420327E019B022A7FF4D0
:108AD000FCAD2846019313F091FD3C4A29188446C9
:108AE0001068019B45F80C0090889279888098075F
:108AF0008A717FF5EDAD284613F080FD344B0246B8
:108B0000291818681B79A8500B71E1E528460193D4
:108B100013F074FD2F490246019B0868A850C5E573
:108B20002D4B18689B88CDF81E00ADF82230D4F884
:108B30001431002B7FF488AD284613F05FFD274ADF
:108B400005EB000C864694F8103203CA127845F8FB
:108B50000E00CCF804108CF80820A4E528460193F8
:108B600013F04CFD1E490246019B0868A8509AE587
:108B70001C49C6E51C4E6FE6284613F03FFD1B4B13
:108B80001B882B5298F80030032B7FF461AEF1E77D
:108B9000174A800A12881A80FAF702FA064628460F
:108BA00013F02CFD3146284412F024FB114B1B8896
:108BB00003805EE6104E4FE64CA3002044A3002045
:108BC00010A3002014A3002018A3002020A300203D
:108BD00028A300200CA30020ECA20020F4A2002077
:108BE00008A300209CA20020ACA2002088A30020A3
:108BF0003C9F00208CA30020B4A200202DE9F04F60
:108C000095B0044608F0E2FE0023DFF898800546A0
:108C100005934FF00203ADF80C30D8F81431002B57
:108C200000F014849847C0F38133ADF80C0006932C
:108C30001A48A04705F0A2FA07462B160193184BD5
:108C400093F89030012B01D1082839D0202F2BD850
:108C5000202F37D8DFE817F09504C804DA0436006F
:108C6000DF04360036003600E404360036003600F5
:108C7000360036003600360006053600360036006F
:108C80003600360036003600360036003600360034
:108C90003600360036003600150500BF44A400201B
:108CA000940F012008060120802F00F0558540F226
:108CB0004184B7F5807F00F09784B7F5007F01D13C
:108CC000BA48A047BA4EBB490BA808F0DBFD96F89E
:108CD0001931C3F3401363F3D345002B40F087836E
:108CE00096F818B11BF0010B40F097810DF1380A8E
:108CF0000DF12C0958460121EFF718FBD9ED007A48
:108D00000BF1010BAAEC010A77EEC07ABBF1030F5D
:108D1000E9EC017AEED196F81831D80700F17D819F
:108D2000A548DFF8C0A2A0470BA8DAF800309847A2
:108D3000A04796F81831990710D5A048A047FBF72F
:108D400019FDFAF72DF9A0479D48A047D8F8BC3087
:108D50009847FAF725F9A04796F818315A0700F115
:108D60003483C5F3074304932B0306D59548A047E6
:108D7000DAF8003011A89847A047002004F070FBF3
:108D8000836A81469847C3B2029396F81831180750
:108D900012D58D4BD3F800B099F80A30D90700F1FD
:108DA000DE8207F095F8D847884902460220FDF791
:108DB000E3F9A04796F81831DA0640F1B880D8F800
:108DC0005C3098470A90F7F77DF8D8F86C30C1B25C
:108DD000DFF814B207919847C5F38073BDF80C1003
:108DE00043EA9003C1F3400220F4814003F0010301
:108DF00082F0010220F004009B0043EAC21301F05C
:108E00000102079943EA823344F284021340BBF81B
:108E1000082002F0D0020343DAB198F8102290063D
:108E200005D4BBF80800C0F3801060F34513D206E8
:108E300005D4BBF80820C2F3001262F3041398F8BB
:108E40001122100705D4BBF80820C2F3C01262F348
:108E5000CB239AB2002900F03382C3F3072C1CF015
:108E6000040C40F02D829DF82BB09DF82A10584834
:108E700041EA0B0198F817B2DFF85CE101F0070155
:108E80000995079198F8161241EA0B019DF829B04F
:108E900001F0070108919DF8281041EA0B0101F04B
:108EA000070B03C8CEF8000070469E4600F8041F6A
:108EB0002BFA0CF1089D474BC90725FA0CF50AD58A
:108EC00053F82C30ED074FF031011B78037040F15F
:108ED0005884417002300CF1010CBCF1030FE7D152
:108EE0007346099D4FF0000CDFF8E8E0079921FA7E
:108EF0000CF1C9070BD55EF82C1091F800B00146B3
:108F000001F802BB4FF0320B80F801B008460CF1BB
:108F1000010CBCF1030FE9D100210170002A40F0DF
:108F2000DB81002303702C48A04796F8183113F01A
:108F3000400274D0DFF8B4B09BF80020002A40F063
:108F4000EC8117F07C0F45F0400500F0DE82132223
:108F50008BF80020019A002A63DB15F0100F029BAA
:108F600018BF012363F30415A90640F1FA83012316
:108F70009BF8002063F34515092A00F2DB8196F87F
:108F8000183113F020024FD162F30825002D60D173
:108F9000124A92F89020002A5BD1114BD3F884300A
:108FA00033B329462046984722E000BF94A400200E
:108FB000EC1A0120D409012010A400209CA4002058
:108FC000F0A20020ACA4002074100120BCA400205A
:108FD000C0A40020DC0F0020000D0120940F012010
:108FE000E00401207010012048090120B025012073
:108FF000019B002BC0F2DF8196F81931990700F12F
:109000004F829B48A047002008F0E6FC059B002B00
:1090100040F0108215B0BDE8F08F964881E662F30B
:10902000861513F02002AFD093490A78002A40F049
:109030008A81924A17F07C0702EA050240F02582F5
:109040000920402A087000F0C18345F48075002D86
:109050009ED0C5F30727FA071BD513F0010F0EABFF
:1090600007930FD008944FF0000B1C4658460BF1A5
:10907000010B0121EFF75AF9BBF1030FA4EC010A30
:10908000F4D1089C7E48A047DAF80030079898474A
:10909000A047B80700F1A88015F0400FAA4640F09D
:1090A000AF801AF0B00F4FFA8AF900F0D080D8F8EC
:1090B00078309847734B744A1360029BD90700F1CC
:1090C000CD80D31C029A910604D598F80922920704
:1090D00000F12382C10702D5462203F8012B820743
:1090E00002D54D2203F8012B684A92F890202AB14C
:1090F000B9F1000F02DB542203F8012B0022624871
:109100001A70A0471AF0020F40F0A381019A0AF0EA
:109110000103002AC0F29581DBB1B28A8AB1DFF87F
:1091200078B1BBF80820029392054CBF58485948C3
:10913000A047BBF80820029B12F4007F40F00B828E
:109140003BB1554B93F88530002B40F0DC81534800
:10915000A0471AF0040F16D0DFF83CB19BF80C3092
:10916000002B00F0C8819BF8482002204C49934313
:109170000CBF4C4A4C4AFCF7FFFFA04796F88E31D3
:10918000980700F1AE821AF0080F03D0337E022B4D
:1091900000F0A082B9F1000FC0F28082049B13F0AE
:1091A000140F11D00698F9F7FBFE40490246022041
:1091B000FCF7E2FFA047049BD90605D5039B03F00B
:1091C0002803202B00F0D7813A0600F174823B0778
:1091D0007FF5E3AE304B586C471CFFF6DEAE40F037
:1091E000A0813348A047D8E63248AA46A047274B7B
:1091F000187DEFF753F8A04715F0400F3FF451AF3B
:10920000DFF894B0DBF81000F9F7CAFE2A490246ED
:109210000220FCF7B1FFA047DBF81400F9F7C0FE0D
:10922000264902460220FCF7A7FFA047D9F80430E0
:109230004FFA8AF9D868F9F7B3FE204902460220AE
:10924000FCF79AFFA0471AF0B00F7FF430AF0F4B36
:1092500093F89030002B3FF455AF28E713F0020F3E
:1092600002F104030CBF53214321D1702AE700BF50
:1092700020A5002008A40020C1250120400200A054
:10928000C8A400207C413A00000D0120940F012069
:1092900018A4002020A40020480901202CA40020AC
:1092A000E8A40020B4870020A8870020F0A40020B4
:1092B00004A50020D0A40020D8A40020F0A2002003
:1092C000002A3FF432AEB149DFF8E8C203C9CCF856
:1092D0000000AF488CF804101B0400F10D82002A36
:1092E00000F00A8298F810C2AA4B0CF0080CD107C3
:1092F00040F153821978202906D0442940F03E815C
:10930000BCF1000F40F03A81520800F0F5810133C2
:10931000D107EFD401335208E9E715F040017FF49B
:1093200010AE013A61F38615D2B2092A8BF80020FB
:109330007FF625AE002F7FF422AE09238BF8003094
:1093400096F818311DE6944805427FF472AE013A52
:10935000D2B2092A01D907B909220A7016E606F025
:10936000B7FDD8478D4902460220FCF705FFA0470C
:10937000029B13F0010040F0F780F9F711FE8849D5
:1093800002460220FCF7F8FEA047D9F83C30002B3B
:109390003FF410AD0120984790ED000A0CF0FAFC64
:1093A000F9F7FEFD7E4902460220FCF7E5FEA047E4
:1093B00096F8183100E57B48A0477B4B5B79002B82
:1093C0003FF41FAE7948A0471BE6FAF7BFFE00281E
:1093D0003FF4C7AC806900287FF7C3ACF9F7E0FD24
:1093E000734902460220FCF7C7FEA047B9E4FAF72A
:1093F000ADFE002814BF0123002363F3D3453FF4DF
:109400006FACD0ED076A9DED0B5A90ED087AD0ED68
:10941000097A76EEC56ADDED0C5A9DED0D6A37EEE0
:10942000657ACDED116A77EEC67A8DED127ACDEDC3
:10943000137A55E44FF4807008F0CEFA15B0BDE809
:10944000F08FB28A002A3FF47BAE68E60693FFF7FE
:10945000EFBBEEF755FF10F0070100F01781C307CF
:10946000DFF880C140F18881524BDCF800204908C8
:10947000127803F8012B00F00A810CF1040CC807E4
:10948000F3D40CF1040C0121EFE71D20402A0870F1
:109490007FF4DBAD4FF4807225F48075059275E59D
:1094A0000020EFF7E7F8444A444BD2ED1C7AD3EDA5
:1094B000006AD2F8D420F4EE667A90ED027A11694F
:1094C0003F4AF1EE10FA00F01A813E4E3160C3EDD2
:1094D000007A82ED007AD8F840304FF480513A4853
:1094E00098476A057FF58DADD8F840304FF40051AC
:1094F0003548984785E596F88E3113F0220F3FF4F2
:1095000042AE07232FE6314822E609228BF80020DD
:10951000019A002ABFF621AD83E5452203F8012B0D
:10952000D8E5F9F73DFD2A4902460220FCF724FE62
:10953000A04732E5402F7FF4C5AB1B4B254E93F877
:109540002800F9F72DFD244902460220FCF714FEFD
:10955000A047FFF7B8BBB08AF9F722FDA047029BEE
:10956000002B7FF4EEADF4E5D9F8043093ED010A59
:109570000CF010FC01E71948A04725E600F8011B94
:10958000C2E61748134EA047FFF79DBBC0A40020BA
:10959000040D012010E30020000300A0B4A400206B
:1095A000F0A200200CA500204809012018A50020E9
:1095B000A4A40020000D0120940F01209C0E012086
:1095C000901D0120682401208409012024A400208A
:1095D000FCA40020EC1A012084A40020FCA00020A0
:1095E00048A40020DC0F00202B16834E002B03DB49
:1095F00096F819315B0705D5804B93F88000002859
:1096000040F0DA807E48A047FFF75DBB7D487A4E88
:10961000A047FFF758BB7C48774EA047FFF753BBE6
:10962000DFF8D8B17948A0479BF83830724E012B4B
:1096300000F0B680764B1A78002A00F0A580BBF8BF
:109640000820BDF80C009206C0F30001197000F06C
:10965000010300F19E80002B3FF435AB6D48A0471D
:10966000FFF731BB654B644E93F829000138F9F7D9
:1096700097FC694902460220FCF77EFDA047FFF7F0
:1096800022BB66485C4EA047FFF71DBB644B00221F
:1096900064481A70A0476248A04737E5624BD3F888
:1096A000D4301869F9F77CFC604902460220FCF7C7
:1096B00063FDA04772E5514B93F87000003818BF66
:1096C0000120F9F76DFC5A4902460220FCF754FDCF
:1096D000A0477CE5544B5B79002B4BD05548A04705
:1096E00058E59BF84800F9F75BFC53490246022015
:1096F000FCF742FDA04746E50023037011E4D2EDDC
:10970000006A4E4EF4EE476AF1EE10FA7FF4DEAED8
:10971000306888427FF4DAAE434BD3ED347AF5EE0D
:10972000407AF1EE10FA08D1D3ED337AF5EE407AB3
:10973000F1EE10FA08BFD3ED327AF5EE407A404AE6
:109740001378F1EE10FA14BF01210021994244D0A0
:1097500083F001031370BEE63A48274EA047FFF797
:10976000B2BAD8F878309847C3B2003B18BF01238B
:10977000FFF7FEBB3448B2E749080CF1040C284B54
:109780007DE60130FFF7A7BBBBF808309B067FF5ED
:109790009AAA2E48A047FFF796BA01335208B7E5B8
:1097A00096F8192110077FF545AFBBF80820184936
:1097B0000B709106EDD451E7F9F7F2FB244902460C
:1097C0000220FCF7D9FCA047FFF77DBA4FF4807266
:1097D00067F308250592FFF7D9BB502212491D48AF
:1097E00011F048F800283FF47CAE50220E49194889
:1097F0000AF012FE6FE600BFEC1A012048090120B2
:1098000074A400207CA4002064A4002050A40020A4
:10981000B225012054A4002058A4002060A40020F8
:10982000000D0120E0A40020940F0120ECA40020F2
:10983000F4A4002034A40020F0A200206824012019
:10984000A62501208CA400203CA4002028A40020F0
:109850006CA40020AC10012040F27E33994215D058
:1098600010B582B0044608460191002102F0B0FD17
:1098700048B10188019AA1F11803012B09D990F888
:109880002C30DB0963B1352002B010BD1146FDF765
:1098900001B9084B93F88F31C3F34003002BF2D189
:1098A000521A014620460193FCF7C2FD019802B00E
:1098B00010BD00BFEC1A012070B50E4684B00546FD
:1098C0000846002102F084FD00282CD003880246BF
:1098D000183B9BB2012B29D990F82C30DB0913BB24
:1098E0003046019202F0BAFE019A034625B3244C99
:1098F000D4F8C010002B35D0184602920193884747
:10990000029A019B92F82C2012F0010F06D01A78CF
:10991000D4F8C030002A31D11A4898471DB9D4F87C
:10992000C03019489847002004B070BD174B93F819
:109930008F31C3F34003D2E7114CCDE90220D4F8B4
:10994000C01013488847D4F8C01030460191F9F789
:1099500027FB01998847D4F8C0100E488847DDE9F5
:109960000223C5E70C4801928847019A92F82C30EF
:10997000DB07D3D5D4F8C0300248CEE70748CCE7A0
:1099800008060120689E00201C9E0020EC1A012081
:1099900024A50020D4E70020589F0020649E0020CA
:1099A0002DE9F0412A4F0646BB6F9847044626B181
:1099B000284B2948D3F8C030984700252388A4684D
:1099C0001D44002CFAD1BB6F984704210446284659
:1099D0000EF076F9074658B38446208858B16146A0
:1099E0000023626802EBC3020133834241F8042B77
:1099F000F7D10CEB830CA468002CEED1174B04229A
:109A0000294638460EF0D8FE4DB1A7F104080134BE
:109A1000314658F8040FFDF765FEA542F7D13846E8
:109A20000EF09CF90020BDE8F081A468002CF9D06C
:109A30002388002BF9D000256068314600EBC50073
:109A40000135FDF74FFE2388AB42F5D8EDE700BFA7
:109A5000E00401200806012034A5002035FB0000A9
:109A60002DE9F0412A4F0646FB6F9847044626B180
:109A7000284B2948D3F8C030984700252388A4688C
:109A80001D44002CFAD1FB6F984704210446284658
:109A90000EF016F9074658B38446208858B161463F
:109AA0000023626802EBC3020133834241F8042BB6
:109AB000F7D10CEB830CA468002CEED1174B0422D9
:109AC000294638460EF078FE4DB1A7F1040801345E
:109AD000314658F8040FFDF75FFEA542F7D138462E
:109AE0000EF03CF90020BDE8F081A468002CF9D00C
:109AF0002388002BF9D000256068314600EBC500B3
:109B00000135FDF749FE2388AB42F5D8EDE700BFEC
:109B1000E0040120080601207CA5002041FB000094
:109B20002DE9F047002581468A4602F0C9F94278BE
:109B3000806915440028FAD102F0C2F904210746D1
:109B400028460EF0BDF80446002847D0864697F810
:109B50000180B8F1000F14D0002084467A68236891
:109B600016189BB37178224602E052F8043F6BB39B
:109B70005B788B42F9D1013D0CF1010C0C30C445EE
:109B8000ECD1BF69002FE2D1B9F1000F21D11F4BF9
:109B90000422294620460EF00FFE8DB1A4F10409DF
:109BA000002759F8048F98F8010002F07DFB034666
:109BB000514640460BB1FDF74BFB0137AF42F0D1A8
:109BC00020460EF0CBF80020BDE8F0874EF8046B7D
:109BD000D2E70F4BDCE7BF69002FF4D07B78002B76
:109BE000F9D00024A0467D682544687802F05CFB2B
:109BF0000346514628460BB1FDF72AFB08F1010840
:109C00007B780C344345EED8E5E700BF49010100FD
:109C10004DFB000038B5047894B9294D2948D5F892
:109C2000C0309847D5F8C030274898472748D5F81E
:109C3000C030984720462649BDE83840FFF770BF3E
:109C400005460246A4F1610304F05F01DBB2192B63
:109C500098BF0C4602F8014B1478002CF2D11D4934
:109C60002846FCF72FF828B11B4B5B6E03B19847D1
:109C7000002038BD19492846FCF724F820B12146B8
:109C80000120FCF707FFF3E702F01AF92A46044621
:109C900041784068FCF7CCFF0028E9D1A4694CB1B9
:109CA00060682A460028F9D06178FCF7C1FF0028D7
:109CB000F4D0DDE7024B0A48D3F8C0309847D7E725
:109CC00008060120C4A50020D4A50020E0A500209E
:109CD0003C9F0020ECA50020E0040120F8A5002016
:109CE00004A6002038B5254BDFF89CC0DFF8A0E0C3
:109CF0000FCBACE807008CF80030BEF886301804B3
:109D000021D49BB21E4C002B34D094F81022D907DA
:109D10000CF1010002F008051A4A11D5117820292A
:109D200005D0442923D08CF80010844601305B080C
:109D30000CD00132D907F1D45B080132D907EDD438
:109D400001325B08F6E70E4C0CF101002C23DEF823
:109D500088108CF80030FDF75DFCD4F8C0300A485C
:109D600098470A48D4F8C0309847002038BD002DE5
:109D7000DDD0D8E70CF10100E8E700BF0CA6002019
:109D80000806012010E30020000D01201C9E002089
:109D9000480901200D4B30B593E807000C4D83B006
:109DA0000C4CEB6D03C42270984701462046FDF72A
:109DB00031FCD5F8C030A4F1080098470648D5F822
:109DC000C0309847002003B030BD00BF1CA6002063
:109DD00008060120000D01201C9E002010B52D4C0E
:109DE00082B0636E98472C4A84462C4BADF8040031
:109DF00092E803001CF0070283E8030017D01CF070
:109E0000010F274911D1520804310733D00701D47B
:109E10000431012208685208007803F8010B07D0CA
:109E2000D00701F10401F5D4F2E70733F2E7073375
:109E30002C229DF8050003F8012B10F0070213D027
:109E4000C007174905D452080431D00701D40431A2
:109E5000012208685208007803F8010B04D0D007EB
:109E600001F10401F5D4F2E794F818227AB10D4A11
:109E7000917810889970D4F8C020188007489047CE
:109E80000948D4F8C0309847002002B010BD074AF6
:109E9000EEE700BF0806012030A60020000D0120DB
:109EA000DC0F002028A600201C9E00202CA60020ED
:109EB00070B54FF0FF3082B0EEF7DCFBC368DB6BB0
:109EC000002B45D00546022098470246EB6800204B
:109ED00092ED030A204CDB6B8DED010A9847D4F814
:109EE000C03006461D489847D4F8C03070690093CA
:109EF000F9F756F8009B98471948D4F8C0309847AE
:109F0000D4F8C030B0690093F9F74AF8009B98473D
:109F1000D4F8C03012489847F069D4F8C060F9F717
:109F20003FF8B047D4F8C0300D4898479DED010A7E
:109F30000320D4F8C060F9F757F8B047D4F8C03020
:109F400008489847EB68DB6B13B1002002B070BD86
:109F5000032002B070BD00BF0806012038A6002013
:109F6000F0A200201C9E00201E4B30B5002485B0BE
:109F7000D3F8D8510394CDE901446DB301AA1A492D
:109F80002046A847029800EB4000C0000DF0DEFE1E
:109F9000144B02460390D3F8D83100B301AA1349F9
:109FA00020469847124B1822DDE902100EF004FCFF
:109FB000029B01946BB12046039B00EB400003EB36
:109FC000C000FCF791FEDDE90103013098420190E9
:109FD000F2D303980DF0C2FE002005B030BD054954
:109FE0009847F9E70806012059FB0000F912010023
:109FF00061FB0000A512010030B583B000241B48AE
:10A0000001A9019406F07CF8019810B9002003B072
:10A0100030BDC0000DF09AFE0546014610B314484D
:10A020002C6006F06DF80822124B284601990EF0BC
:10A03000C3FB019A2C607AB1234605EBC303586831
:10A04000037813F0FD0F02D1FDF74CF9019A2B684C
:10A05000013393422B60F0D328460DF07FFE0020A1
:10A0600003B030BD044806F04BF8CFE769FB0000B1
:10A07000CD0E01007DFB00002112010010B500246F
:10A0800082B00F4B0120224621460094F4F742FE95
:10A09000012122460B4B08460094F4F73BFE224672
:10A0A0002146094B20460094F4F734FE074B224624
:10A0B000012120460094F4F72DFE204602B010BD89
:10A0C000910B0100D90A0100ED0D0100F50C010012
:10A0D00010B51B4C8CB0D4F84431002B2CD003A805
:10A0E000984748B3D4F8C030164898470898D4F831
:10A0F000C03000F26C700193F8F752FF019B984753
:10A10000079911480131FBF78FFE06990E48FBF7BE
:10A110008BFE05990D48FBF787FE04990C48FBF769
:10A1200083FE03990A48FBF77FFE0A48D4F8C03043
:10A13000984700200CB010BD03200CB010BD00BF2C
:10A14000080601204CA60020089E002054A60020EE
:10A1500024A200201C9E002001460B4800B583B0BD
:10A16000019103F0C1F9019911B1002003B000BDC4
:10A1700003F014FA0028F8D1044B0548D3F8C03096
:10A180009847002003B000BDE1FB00000806012055
:10A1900058A6002010B5574C82B0D4F8B030002B30
:10A1A00058D000209847019083B263B3D4F8C030F0
:10A1B000514898479DF8043013F0070214D0DB078C
:10A1C0004E494AD4520804314D4BD00701D40431D2
:10A1D000012208685208007803F8010B05D0D00767
:10A1E00001F10401F5D4F2E7454B00229DF805008A
:10A1F0001A70002844D1D4F8C030414898474148EB
:10A20000D4F8C0309847BDF806302BB9D4F8B03038
:10A2100003B3002002B010BDD4F8C0303A489847CC
:10A220009DF8063013F007021BD0DB07334916D424
:10A2300052080431324BD00701D40431012208689E
:10A240005208007803F8010B0CD0D00701F104018B
:10A25000F5D4F2E7032002B010BD294BB9E7284B33
:10A26000EDE7274B00229DF807001A7028BBD4F8B1
:10A27000C030234898472348D4F8C0309847C5E7F2
:10A280002C2203F8012B10F0070213D0C0071B4942
:10A2900005D452080431D00701D4043101220868E2
:10A2A0005208007803F8010B04D0D00701F1040133
:10A2B000F5D4F2E700221A709DE72C2203F8012B57
:10A2C00010F0070213D0C0070C4905D4520804311E
:10A2D000D00701D40431012208685208007803F83D
:10A2E000010B04D0D00701F10401F5D4F2E70022FC
:10A2F0001A70BCE70806012074A60020DC0F0020BD
:10A30000000D01201C9E002084A60020014B14207B
:10A310009B681847E004012010B5DFF828E0DFF85B
:10A3200028C0BEE80F00DCF83840ACE80F009EE81B
:10A3300003008CE803001CB12346BDE81040184719
:10A3400010BD00BFF4E20020E004012001207047AE
:10A35000024B002083ED430A704700BFEC1A012036
:10A36000094BD3F8A0306BB1002000B583B0019148
:10A37000984701990246054B0020114083F80611C9
:10A3800003B000BD3520704708060120EC1A0120FB
:10A39000DFF81CC00846054A08B58CF808110121F1
:10A3A000D2F88C309847002008BD00BF0806012075
:10A3B000EC1A0120054B89B2998221B9044B1A8904
:10A3C00061F349221A810020704700BFEC1A012076
:10A3D00048090120024B0020A3F81811704700BF64
:10A3E000EC1A01200020054B091A93F8B52018BF7C
:10A3F000012161F3000283F8B5207047EC1A0120B7
:10A40000CB0711D507291AD80E4AC1F38000C1F332
:10A41000400192F8B53041EA4001002023F00703E3
:10A42000194382F8B5107047064A002092F8B530FB
:10A4300023F0070343F0040382F8B530704734205B
:10A44000704700BFEC1A0120034691F9012090F9F2
:10A45000000090420CBF0120002001D15B780B70FE
:10A46000704700BF134A002310B492F82911124C10
:10A4700084F8993089B10323013B21FA03F0C00726
:10A4800008D5D2ED217A0120F5EEC07A9840F1EEA0
:10A4900010FA04D4243A002BEED110BC704794F883
:10A4A00099C0243A4CEA000084F89900002BE3D1CB
:10A4B000F3E700BFEC1A012048090120094B93F88B
:10A4C00010325B060BD5084BB1FA81F1002093F8EE
:10A4D0001D21490961F3C71283F81D2170473520FA
:10A4E000704700BF08060120EC1A01200020054B30
:10A4F000091A93F81E2118BF012161F3041283F891
:10A500001E217047EC1A012008B5164B01F001001E
:10A5100093F8262160F3000283F8262111F001024E
:10A5200017D0C1F3400193F82621DFF840E061F332
:10A5300041024FF0000112F0010C83F826210A4B72
:10A5400018BF4FF0070C9B6D8EF898C098470020FD
:10A5500008BD93F826C1114662F3041C83F826C196
:10A56000E1E700BFEC1A012008060120480901209C
:10A57000094B19B193F88E21D2070BD5003993F806
:10A5800026214FF0000018BF012161F3820283F8F9
:10A59000262170470A207047EC1A01200020054B45
:10A5A000091A93F81C2118BF012161F3861283F860
:10A5B0001C217047EC1A012011F0010304D1094A53
:10A5C00082F82C310020704701F00702054B890703
:10A5D00083F82C21F6D5D2B2002042F0040283F891
:10A5E0002C217047EC1A01200020054B091A93F822
:10A5F0001C2118BF012161F3410283F81C2170471F
:10A60000EC1A01200E4A92F88F3113F002030BD19D
:10A6100018280CD0192808D1184682ED230A82ED9B
:10A620001A0A82ED110A70473523184670471846FA
:10A6300082ED240A82ED1B0A82ED120A704700BFE8
:10A64000EC1A01200020054B091A93F81C2118BFB1
:10A65000012161F3C30283F81C217047EC1A012029
:10A66000DFF820C001F00103C1F3400100209CF895
:10A670001C211B0102F06F0243EAC11313438CF843
:10A680001C317047EC1A0120C1F34003C1F3800C68
:10A690000F4A002083F001038CF0010C10B55B0021
:10A6A000CC43C1F3C00192F88EE143EA4C1381F030
:10A6B000010164F3C71E43EA811392F81E1182F868
:10A6C0008EE121F062010B4382F81E3110BD00BF04
:10A6D000EC1A01200020054B091A93F81D2118BF20
:10A6E000012161F3410283F81D217047EC1A01201A
:10A6F0000020054B091A93F81C2118BF012161F3B2
:10A70000451283F81C217047EC1A0120224A01F0FF
:10A710000103B2F820011B0110B5C1F3400420F47D
:10A72000887043EA042303431C48A2F8203111F047
:10A73000080304D090F80B3213F0020326D192F8EC
:10A7400021C163F3410C11F0100382F821C109D03B
:10A7500090F80B3213F0010304D0D0F81C31003B09
:10A7600018BF0123B2F820C1C1F34011DB02D0F8B9
:10A7700010412CF4026C43EA4113002143EA0C031C
:10A780000846A2F82031A047002010BDD0F81C31A7
:10A79000003B18BF0123D2E7EC1A01200806012074
:10A7A000054B93F80A0210F0040003D1034B83ED2C
:10A7B0000B0A70470320704708060120EC1A01209D
:10A7C0000E4B93F80A0210F0040015D1CB43DFF8CA
:10A7D00030C0C1F34002C1F380019B0303F4804306
:10A7E00043EA8243DCF81C2143EAC14322F44422B9
:10A7F0001343CCF81C317047032070470806012032
:10A80000EC1A012040F21B2398422DD0B0F5077FAF
:10A8100012D2B0F5AA7F20D0B0F5C57F1BD1DFEDF5
:10A82000197A0020184B20EE270ABCEEC00A10EE61
:10A83000102AA3F8AC20704740F2A12398420AD115
:10A84000DFED107A104B20EE270ABCEEC00A10EEA6
:10A85000102AA3F8A420002070470B4B002083EDA2
:10A86000340A83ED2C0A7047DFED067A0020064B90
:10A8700020EE270ABCEEC00A10EE102AA3F8AE2084
:10A88000704700BF00007A44EC1A01200246034BD7
:10A8900003481A6102814360704700BF40240120D1
:10A8A0003424012010B582B00B460024094801A9C8
:10A8B0008DF805308DF8044002F016FE38B1064BD5
:10A8C00020469DF8042083F8A92002B010BD342052
:10A8D00002B010BDCD410100EC1A012010B582B0CC
:10A8E0000B4600240B4801A98DF805308DF8044073
:10A8F00002F0FAFD10B9342002B010BD064B9DF8ED
:10A9000004209DF9050083F8A82002F0D1FD20461F
:10A9100002B010BDCD410100EC1A01200B4B93F8A1
:10A920000A0210F004000ED1D3F8E0305BB1042924
:10A9300009D8074B00B583B01977019007F08CFE5A
:10A94000019803B000BD0320704700BF0806012036
:10A95000EC1A012008B5044B034483F86611F5F79F
:10A9600035FF002008BD00BFEC1A0120CBB2012B3F
:10A9700000B583B00ED0022B02D0B3B90D4A53718B
:10A980000D4A4FF0010C0D4B002082F800C01976E3
:10A9900003B000BD0020019102F0C6FC030707D5FB
:10A9A000044B002201995A71EAE7032003B000BD6D
:10A9B0001120EDE7940F0120AC250120EC1A0120B5
:10A9C00008B50B4B83F8B4104B0701D4002008BD29
:10A9D000002002F0A9FC10F01002054BF6D193F80C
:10A9E000B410352062F3820183F8B41008BD00BFB3
:10A9F000EC1A0120464B10B51A7E012A7ED0DA8A65
:10AA000040F2CA311E3A92B28A4201D92322DA8236
:10AA1000404991F90822002A02DB0022A3F8AA206B
:10AA2000D1ED077A93ED437AB4EEE77AF1EE10FABE
:10AA300001D5C3ED437AC86AF0B107EE900A344AF3
:10AA4000DFED355AB8EE677AA2F16C00D2ED1E6ADE
:10AA5000D2ED1F7A66EEA77A87EEA56AB4EEC76AD2
:10AA6000F1EE10FA05DD27EE256AC6EE267AC2ED74
:10AA70001F7A243A8242E9D11A7F042A07D993F82F
:10AA80001E21032042F00802187783F81E2191F856
:10AA90000B2212F001000AD093F82101D1F81C41D9
:10AAA000C0F3C000002C0CBF002000F0010093F8A0
:10AAB00021C112F0020260F3C30C83F821C10AD055
:10AAC0005FFA8CF2D1F81C11C2F3400200290CBFCE
:10AAD000002202F0010293F821C1B3F89C00B3F800
:10AAE0009E1062F3410C40F4806021F4806283F890
:10AAF00021C1A3F89C00A3F89E2010BD002002F005
:10AB000013FC034B10F0080008BF187677E700BF6E
:10AB1000EC1A012008060120000070420E4A08B518
:10AB2000D2F81031B3B10D4B92F80BC293F820213B
:10AB30001CF0020F61F3410283F8202106D0D2B24B
:10AB4000C1F3400161F3C71283F82021F4F7F4FB4D
:10AB5000002008BD352008BD08060120EC1A0120A0
:10AB6000064AB2F81022114008B521F48061044B66
:10AB7000A3F89E10F4F7E0FB002008BD08060120B2
:10AB8000EC1A0120174AD2F810314BB3164B93F848
:10AB900020C161F3000C10B583F820C192F80BC2FC
:10ABA0001CF0020F07D093F820E1C1F3400464F3D6
:10ABB000861E83F820E11CF0010F07D093F821C115
:10ABC000C1F3800161F3820C83F821C1F4F7B4FB77
:10ABD0000021044A0846D2F810319847002010BDE1
:10ABE0003520704708060120EC1A0120003908B50D
:10ABF000074B18BF012193F81C2161F3000283F871
:10AC00001C21FCF723FE06F01BFE002008BD00BF40
:10AC1000EC1A0120002875D008B50388B3F5C67F6B
:10AC200049D2B3F5AA7F80F08780412B00F23381AF
:10AC3000052B65D9063B3B2B62D8DFE813F01601E4
:10AC400061006D014E01610061006100610023013E
:10AC5000610067012301610016016100610061006C
:10AC600061006100610061006100610061001D011F
:10AC70001D016100F500F500F500F50061004701D8
:10AC800061006100610061006100610061006100BC
:10AC900061006100610061006100610061006100AC
:10ACA0006100610061006100610061005B014C01B5
:10ACB00061006100160140F28A22934200F0648133
:10ACC00021D8B3F5F27F00F068810ED840F2E1128E
:10ACD000934200F0C380B3F5F17F11D1B84BD3F8A4
:10ACE0004801003818BF012008BD40F207229342F6
:10ACF00040F02681B24B93F90832002BC0F2198143
:10AD0000002008BD7047B3F53A7F80F0318140F2F2
:10AD1000E522934200F24D8140F29F22934200F0DF
:10AD2000928040F2A1229342EAD1A54B93F81A02F5
:10AD3000003818BF012008BDA3F5AA73372BDFD850
:10AD400001A252F823F000BF474C0100B94B0100AB
:10AD5000B94B0100B94B0100B94B0100B94B0100DF
:10AD6000B94B01002D4C01002D4C01002D4C010070
:10AD7000854A0100854A0100854A0100854A010093
:10AD8000854A0100854A0100854A0100854A010083
:10AD9000854A0100854A0100854A0100854A010073
:10ADA000854A0100854A0100854A0100854A010063
:10ADB000854A0100854A0100854A0100854A010053
:10ADC000854A0100854A0100854A0100854A010043
:10ADD000854A0100854A0100854A0100854A010033
:10ADE000854A0100854A0100854A0100854A010023
:10ADF000854A0100854A0100854A0100854A010013
:10AE0000854A0100854A0100854A0100854A010002
:10AE1000854A0100854A0100DB4C0100AF4A010070
:10AE2000CF4C0100B74C0100654B93F80A02C0F308
:10AE3000401008BD624B93F80A02C0F3800080F016
:10AE40000100C0B208BD5E4B586E00283FF44CAF05
:10AE500093F81802003818BF012008BD584BD3F8EA
:10AE6000E001003818BF012008BD554BD3F814018C
:10AE7000003818BF012008BD002002F055FA00F08C
:10AE8000010008BD4E4BB3F8100220F4804000389A
:10AE900018BF012008BDB42B00F08580BE2B00F048
:10AEA0008280AA2B7FF42CAF454BD3F8A030002B27
:10AEB0003FF426AF01209847C0B2003818BF0120E8
:10AEC00008BD012002F030FA430704D43C4B93F84C
:10AED0000802C00908BD012008BD394B93F80A02D9
:10AEE00010F020003FF400AF002002F01DFAC0F384
:10AEF000C00008BD324B93F810321A07EBD4314B27
:10AF000093F82C01C04300F0010008BD002002F0BE
:10AF10000BFAC0F3002008BD294BD3F8A030002B5A
:10AF20003FF4EEAE00209847C0B2003818BF0120B1
:10AF300008BD02F033FB012894BF0020012008BDAA
:10AF400040F21B2293427FF4DBAE02F027FB003875
:10AF500018BF012008BD02F021FB00283FF4C4AE59
:10AF6000012002F0E1F980F00400C0F3800008BD88
:10AF7000A3F53A73012B3FF6C3AE114B93F81D02B4
:10AF8000003818BF012008BD0D4B93F8093213F0AB
:10AF90000C0F14BF0120002008BD094B93F81002CC
:10AFA000C0F3801008BD074B93F88F01C0F3400039
:10AFB00008BD034B93F81B02003818BF012008BDE1
:10AFC00008060120EC1A0120412844D8052840D960
:10AFD000831F3B2B3DD8DFE813F0F4003C00F0006A
:10AFE000E400E0003C003C00DA00D0003C00CC0073
:10AFF000C8003C00B800B100A20097003C003C0033
:10B000003C003C003C003C003C003C003C00940008
:10B010003C003C003C003C0090003C008A003201B7
:10B0200044013C003C007C007C007C007C007C00F7
:10B030007C003C003C003C003C003C003C003C00F0
:10B040003C003C003C003E013C003801290123014A
:10B050000C010020704740F2E113984200F0398162
:10B06000B0F5F17F00B583B01CD2B0F5C07F00F021
:10B07000338100F2FA8040F2551398422ED0B0F599
:10B08000AD7F40F02F819A4B93F81E0193F81D314C
:10B090004008C3F3801300F0060083F00103184357
:10B0A00003B000BD40F20723984200F00881B0F5DC
:10B0B000027F80F0E880B0F5F27F12D040F2E51315
:10B0C000984240F00F818A4B93F81E01C0F30010A4
:10B0D000E6E7874B034493F866017047844B187F7B
:10B0E000DEE7834B93F91D01C043C00FD8E7804BC7
:10B0F00093F81C01C0F3801070477D4B93F8080152
:10B1000070477B4B187E7047794A92F82631B2F827
:10B110008E01C3F3C00363F3041080B27047744B15
:10B1200093F8263113F001001ED0980803F00203B3
:10B1300000F00400184340F0010070476C4B93F896
:10B140002901003818BF012070476A4A684B92F8FD
:10B150000B2293F820019207C0F3400004D593F925
:10B160002031002BC0F2C0807047614BB3F89E00C5
:10B1700070475F4B93F8B40070475D4A5D4BB2F87F
:10B180009C00B3F81032184020F480607047584B90
:10B1900093F81C0100F001007047554BB3F81801FB
:10B1A0007047534B93F8B5305A073FF552AF5800EC
:10B1B00000F0060040F0010070474D4B93F8060187
:10B1C00070474C4B4A4A93F80B3292F8201113F017
:10B1D000020F01F0010003D0490648BF40F0020011
:10B1E000DB07C1D592F821315907BDD540F00400E5
:10B1F00070473F4A92F8213192F82021C3F3400072
:10B2000003F0010CC2F30011C3F3C003C00002F04D
:10B21000200240EA4C00084340EA03101043704704
:10B22000334B93F81C01C0F340107047304B93F838
:10B230001C01C309C0F3001040EA430070472C4BC7
:10B2400093F82601C0F380007047294B93F81C0146
:10B25000C0F3C0007047264B93F81C01C0F34000B8
:10B260007047234B93F82C01704740F28B139842A0
:10B2700038D11F4B0DF1070193F8A80002F0D0F868
:10B280009DF907000CE7B0F5297F2BD1184A92F8F9
:10B290001E3192F98E11D843C3F34012C3F38013C9
:10B2A00082F0010200F0020083F0010340EA820014
:10B2B0000029A8BF40F0010040EAC300F0E60C4BB3
:10B2C0000DF1070193F8A90002F0AAF89DF9070013
:10B2D000E6E6074B988A7047054B93F81D01C0F3CB
:10B2E0004000DDE60020DBE640F00200704700BFD2
:10B2F000EC1A012008060120044B002201201A61EB
:10B30000C3E90022C3E90222704700BF40240120A4
:10B3100000B5034685B0002240690392002838D06A
:10B3200002AA03A98DED010A0093F7F76BFF009BBA
:10B330009DED010A50B3DDED027AF4EEC07AF1EE34
:10B3400010FA0CD993F82C20C2F3400282F00102CB
:10B35000D20725D4B5EE400AF1EE10FA20D1986953
:10B3600088B1002302AA03A98DED000A0393F7F721
:10B3700049FF58B1DDED027A9DED000AF4EEC07A86
:10B38000F1EE10FA0CD4002005B000BD022005B08B
:10B3900000BDB5EEC00AF1EE10FAE0D50420F6E7E4
:10B3A000342005B000BD00BF10B50C2282B010499A
:10B3B00010480FF05FFA044628B10D4B93E80700E0
:10B3C0000C4B83E8070050220B490C480FF052FA4F
:10B3D000034630B1019050220749084809F01CF893
:10B3E000019B1C4314BF0120002002B010BD00BF10
:10B3F000941B0120941D0120A01B0120401D012051
:10B4000020B1164A126802B11047704700B583B0E8
:10B410000190FFF7EFFA124A019B118911F4806F36
:10B4200007D10E4A1268BAB1184603B05DF804EBB2
:10B430001047F5F7E1F90A4A019B0028F1D011897C
:10B440000B2063F38A21118106F078FA054A0D205A
:10B45000D2689047019BE4E703B000BD5C12012075
:10B4600048090120E0040120A0F164035D2B1CD9F0
:10B47000A0F548735D2B18D9B0F5AA7F00F0958030
:10B480007AD81B2820D81B281ED8DFE800F0A61D7C
:10B490001D1D1D1D1D1D1D1D1D1D1D1D1D1D1D1DDC
:10B4A0001D1D1D1D1D1DA29E1DAAA0F165035C2B67
:10B4B0000DD96FF44873C2185C2A8CBF0022012298
:10B4C0002AB9822840F2A6809FED990A7047994BCD
:10B4D000A3FB0023DB0803EB83035B009BB2C21AD0
:10B4E000022AF1D8822B40F29D80A03B99B21E29FE
:10B4F000EAD81E2BE8D801A151F823F059540100D5
:10B500004D5201004D5201004D5201004D520100BB
:10B510004D5201004D5201004D5201004D520100AB
:10B520004D520100495401004D5201004D5201009D
:10B530004D5201004D5201004D5201004D5201008B
:10B540004D5201004D5201004D520100695401005D
:10B550004D5201004D5201004D5201004D5201006B
:10B560004D5201004D5201004D5201004D5201005B
:10B570004D5201003954010040F21B23984218D06B
:10B58000B0F5077F31D2B0F5AB7F3FD0B0F5C57FC6
:10B590009AD1694B9FED697AB3F8AC3007EE903AD7
:10B5A000F8EE677A87EE870A7047634B93ED340AAB
:10B5B0007047614B9FED617AB3F8AE3007EE903A79
:10B5C000F8EE677A87EE870A70475B4B93ED110AB6
:10B5D0007047594B93ED120A7047574B93ED430A4E
:10B5E0007047554B93ED5F0A704740F2A123984294
:10B5F0007FF46AAF504B9FED517AB3F8A43007EE59
:10B60000903AF8EE677A87EE870A70474A4B93EDD7
:10B610000B0A704702EBC202474B03EB820393ED28
:10B620000C0A7047632B3FF44FAF643B1E2B3FF671
:10B630004BAF01A151F823F0995301004D52010085
:10B640004D5201004D5201004D5201004D5201007A
:10B650004D5201004D5201004D5201004D5201006A
:10B66000A55401004D5201004D5201004D52010000
:10B670004D5201004D5201004D5201004D5201004A
:10B680004D5201004D5201008D5401004D520100F8
:10B690004D5201004D5201004D5201004D5201002A
:10B6A0004D5201004D5201004D5201004D5201001A
:10B6B0007954010002EBC2021F4B03EB820393EDAE
:10B6C000110A704702EBC2021B4B03EB820393ED9E
:10B6D000100A704702EBC202174B03EB820393ED93
:10B6E000140A704702EBC202134B03EB820393ED83
:10B6F000120A704702EBC2020F4B03EB820393ED79
:10B700000F0AB1EE400A704702EBC2020A4BDFEDAE
:10B710000C7A03EB820393ED0E7A87EE270A7047CB
:10B7200002EBC202044B03EB820393ED0D0A704758
:10B7300000000000CDCCCCCCEC1A012000007A44F3
:10B7400000006145114B1A7800B5AAB9104A92F869
:10B750001D31104923F03C0391F8AC0182F81D31F2
:10B7600048B10123D1F8C8C14FF4D872084918462E
:10B770005DF804EB604700BD054AD86899685B68CE
:10B78000C2F88000D1659363E1E700BFAC120120ED
:10B79000EC1A012008060120144ADFF854C0B2F860
:10B7A00010321940D2F8243110B541F480610446BA
:10B7B00093B1C1F3C0139CF89CE0B3EBDE1F0BD038
:10B7C000ACF89C10F3F7B8FD05F010FD074AD2F86D
:10B7D00024319847002010BD2046ACF89C10F3F7A8
:10B7E000ABFD05F003FD002010BD00BF08060120E1
:10B7F000EC1A01200120704700B585B0074B01A865
:10B8000083ED5F0A8DED030A8DED020A8DED010ACD
:10B81000F4F7E0FE002005B000BD00BFEC1A0120E7
:10B82000A0F165035C2B10B584B00ED96FF448729B
:10B8300082185C2A8CBF0022012232B9A0F1C90310
:10B840005C2B57D8352004B010BDD34BA3FB00238D
:10B85000DB0803EB83035B009BB2C21A022AF1D818
:10B86000822B40F2B880A03B99B21E29EAD81E2B49
:10B87000E8D801A151F823F057580100C95501003B
:10B88000C9550100C9550100C9550100C95501003C
:10B89000C9550100C9550100C9550100C95501002C
:10B8A00021580100C9550100C9550100C9550100C1
:10B8B000C9550100C9550100C9550100C95501000C
:10B8C000C9550100C955010007580100C9550100BB
:10B8D000C9550100C9550100C9550100C9550100EC
:10B8E000C9550100C9550100C9550100C9550100DC
:10B8F000ED5701006FF4C873C318302BA2D96FF451
:10B90000167C00EB0C03262B9CD982289AD864283D
:10B9100098D1A24802EBC201D30000EB810104469A
:10B92000D1ED0C7AF4EE407AF1EE10FA4BD0F5EE50
:10B93000C07AF1EE10FACCBF01210021002942D0DB
:10B9400080EE276A964902F1220E02F10A0C02F1FA
:10B950001C00039301EB8E0E8DED020A01EB8C0CA3
:10B960000192DEED017A01EB800001EB8203F8EE3B
:10B97000E76ADCED017AD3ED135AB8EEE77AD0ED41
:10B98000017AF8EEE77A66EE866A27EE067A67EEC7
:10B99000867AFDEEE66A25EE866ABDEEC77AFDEE92
:10B9A000E77ACEED016A83ED136A8CED017AC0ED82
:10B9B000017AF8F7D3FE7B487B4905F063FF039BD0
:10B9C0009DED020A019A134404EB830383ED0C0AF4
:10B9D000002004B010BD632B3FF434AF643B1E2B3A
:10B9E0003FF630AF01A151F823F000BF9756010098
:10B9F000C9550100C9550100C9550100C9550100CB
:10BA0000C9550100C9550100C9550100C9550100BA
:10BA1000C9550100D5580100C9550100C95501009B
:10BA2000C9550100C9550100C9550100C95501009A
:10BA3000C9550100C9550100C9550100AF580100A1
:10BA4000C9550100C9550100C9550100C95501007A
:10BA5000C9550100C9550100C9550100C95501006A
:10BA6000C95501007F5801004C4B93F88F1189078D
:10BA70007FF5E8AE02EBC20203EB820383ED110A0D
:10BA8000A6E7464B93F88F1188077FF5DBAE02EBF4
:10BA9000C20203EB820383ED120A99E7434BD3F80A
:10BAA000A030002B3FF4CEAE012001928DED020AB2
:10BAB0009847019AC3B2D340DC077FF5C3AE374B3A
:10BAC00002EBC2029DED020A03EB820383ED100A32
:10BAD0007EE7324B02EBC20103EB8103D3ED147A14
:10BAE000F4EE407AF1EE10FA3FF472AF012083EDEC
:10BAF000140A9040F4F7D0FE6AE7284802EBC2012E
:10BB0000B1EE400AD30000EB81010446D1ED0F7A7B
:10BB1000F4EE407AF1EE10FA22D1134404EB8303E1
:10BB200083ED0F0AFEF79EFC52E7DFED217A02EB70
:10BB3000C200204920EE270A184B01EB820203EBDA
:10BB4000800320EE270A82ED010A83ED0E0A3FE70B
:10BB5000124B02EBC20203EB820383ED0D0A37E7BF
:10BB60000F494FF0010C03938DED020A0CFA02FC11
:10BB7000088940F48060088191F84800019220EA29
:10BB80000C0081F84800042005F026FF039B9DED82
:10BB9000020A019AC1E700BFCDCCCCCCEC1A01203F
:10BBA000480901200C100120D409012008060120B9
:10BBB00000007042AC120120284B00B583B0B3F8EE
:10BBC0008E01A3F88E1111F001012DD093F88E2172
:10BBD00093F82611C2F3001C93F88FE122F01002B3
:10BBE0006CF3C3010EF0010C83F88E2183F826114B
:10BBF00040F201210840012805D0D2B2D20702D577
:10BC00001EF0020F21D0164A002093F88F11D2F8AF
:10BC100064E086450CBF00220CF0010262F30001D3
:10BC200083F88F1103B000BD83F829110191FEF74D
:10BC300019FC0A4B019993F826218C46A3F88E1122
:10BC400061F3820283F82621DDE7996C5A6CC3F810
:10BC50009010D966C3F88C209A66D4E7EC1A0120BC
:10BC60000806012031B3184B93F88E21D20729D54D
:10BC70004FF0070C154800211A4683F829C1032309
:10BC800080F89910D2ED217A013B0121243AF5EE9A
:10BC9000C07A9940F1EE10FA03D4002BF2D10020C3
:10BCA000704790F899C04CEA010180F89910002B78
:10BCB000E8D1F4E7044A0020044B82F8291183F804
:10BCC000991070470A207047EC1A0120480901209A
:10BCD00000286AD0027F072A65D8034601209040D9
:10BCE00010F0AA0F00B52DED028B85B00ED110F02B
:10BCF00055001CD01A7B0B2A00F28680DFE802F088
:10BD000056565656565F62161116567D18881A7B7F
:10BD10000144063A88B2032A78D8DFE802F0181105
:10BD20000C113C4A92F8B620D1073AD4186A05B0F3
:10BD3000BDEC028B00BD374A92F8B620D20730D452
:10BD40005B6A05B0BDEC028B5DF804EB18475A6ADC
:10BD500001939047019B1B69002B51D02E2118465F
:10BD60008DED010A02930EF0D3FE9DED010A02460D
:10BD7000002845D0029B8DED030A1846CDE901321B
:10BD800010F03CFC019B029A18449DED030A801AB6
:10BD90000138C0B205B0BDEC028B5DF804EBF7F7DB
:10BDA00023B91D48C3E70020704770471B6A187805
:10BDB00005B0BDEC028B5DF804EBF7F7F1B81B6A38
:10BDC0001868F5E71A6A1B69D2ED007AB0EE678A47
:10BDD000C3B12E21184601930EF09AFE90B1019B3B
:10BDE0000290184610F00AFC019B029A1844801A2F
:10BDF0000138C0B2B0EE480ACCE71B6A1888D7E712
:10BE00000120C7E70120F5E7002090E75B6A98472B
:10BE1000CEE700BF08060120B0A60020C8B1027F0F
:10BE2000072A16D80123934013F0AA0F0DD113F05F
:10BE300055030FD0037B0B2B0BD8DFE803F00D0D60
:10BE40000D0D0D180A0A0A0A0D15037B063B032B7C
:10BE500005D8002318467047036A1B78FAE7028862
:10BE6000436A114488B21847036A1B88F2E7036AE1
:10BE70001B68EFE710B1037B062B02D09FED0B0A86
:10BE80007047027F072AF9D80123934013F0AA0FC5
:10BE900006D113F0550FF1D0036A93ED000A7047F5
:10BEA0000288436A114488B2184700BF0000C07F6F
:10BEB000024B1A6818609061704700BF68FE00204E
:10BEC0000048704700FE0020074B00B593F8AC21F6
:10BED0004AB1D3F8C8C101460123462240F2B73027
:10BEE0005DF804EB604700BD0806012001280ED86C
:10BEF0000B4B93F8AC214AB14042D3F8C8C146225B
:10BF0000012300F0480000F2263060477047054BDF
:10BF100040F69311044A054810B50BF0B1FE00BF7E
:10BF200008060120BCA60020D40A0020D4A60020C8
:10BF30000128F8B524D8164D04460E4695F8AC31C4
:10BF400063B1414201234622304601F04801D5F851
:10BF5000CC7101F22631B84700B1F8BD002333702F
:10BF600095F8AC3153B160420123D5F8C84146225F
:10BF700000F04800314600F22630A0470020F8BD0E
:10BF8000044B4FF41A61044A04480BF079FE00BFD9
:10BF900008060120BCA60020B80A0020D4A6002074
:10BFA0000C2810B582B01BD8114A03460C46926C7F
:10BFB00012B101909047019B0E4A92F8AC1169B101
:10BFC000C3EBC3000123D2F8C8C1214698400C221C
:10BFD00000F5007002B0BDE81040604702B010BD2F
:10BFE000054B40F6AE11054A05480BF049FE00BF6F
:10BFF000E0040120080601201CA700209C0A002064
:10C00000D4A600200C2870B51DD8124B04460D464E
:10C0100093F8AC2162B1C0EBC001D3F8CC6101232D
:10C020000C222846994001F50071B04700B170BD5F
:10C03000094B07CB2860204669602946AA60FFF7B4
:10C04000AFFF002070BD054B40F6BE11044A054805
:10C050000BF016FE08060120E8E200201CA70020D5
:10C06000800A0020D4A60020114A10B592F8AC3105
:10C0700033B1D2F8C0310020984717280C4A03D0BA
:10C08000FEF7B8FC002010BD0123D2F8CC410948CE
:10C090004FF4D8721946A0470028F1D0FEF7AAFC49
:10C0A000044B1878A0F11700B0FA80F0400910BDD9
:10C0B00008060120EC1A01202DE9F04397B0002476
:10C0C000684E05464522FF210DF1110005F00107DC
:10C0D0000EF0A4FCD6F8C431172120468DF810408C
:10C0E000984715F00103994640F08880AA0762D46A
:10C0F0006A0710D540F2263896F8AC410123462253
:10C1000004A9404614B1D6F8C841A04740F26E33A6
:10C1100098459846F0D12B0715D596F8AC3193B1D8
:10C120000123D6F8C841462204A940F2B730A047FF
:10C1300096F8AC313BB1D6F8C841012346224A49B2
:10C1400040F2B730A047B9F1000F06D0D6F80C3155
:10C150001BB14FF0FF3145489847454B9C69B4B13E
:10C1600005F010050BE0BDB1A36A03B19847E36980
:10C170001BB121783D4849429847A4693CB12378D6
:10C18000002BF0D0002FEFD1A469002CF7D1F7F7E6
:10C19000FFFD17B0BDE8F083A469002CF7D0237829
:10C1A000002BEFD1A469002CF1D02378002BF3D021
:10C1B000002FD9D1E8E700236FF00504DFF8AC8049
:10C1C0000393CDE9013307E098F82431E340DB071E
:10C1D00001D4FFF7E5FE0134A01D022C01A9C0B275
:10C1E000F2D9A01D013401A9C0B2FFF7D9FE042C79
:10C1F000F2D101A90B20FFF7D3FE79E7DFF86C80BD
:10C200004FF4D8721B49404608F006F94FF480639A
:10C210002046A8F89C3001F087F898F8B430024620
:10C2200020461A40C2F3400262F3410388F8B4305A
:10C2300001F07AF898F8B430C0F300100E4A92F882
:10C240008310C3F38002024062F3820388F8B430A3
:10C2500011B9FFF777FA49E74FF00700F4F71CFB35
:10C26000F7E700BF08060120589F0020EC1A0120C4
:10C2700000FE00206059006048090120094B10B5FC
:10C2800093F8AC2142B1D3F8CC414622012340F2CD
:10C29000B731A04700B110BD4FF00800FFF70CFF09
:10C2A000002010BD0806012030B5424C83B06278F2
:10C2B0006AB1636802EB420C002503EB8C0C5978E1
:10C2C000814208BF1D460C339C45F8D12DB9A469A5
:10C2D000002CECD1002003B030BDAB6804462BB17C
:10C2E0002846984710B1012003B030BD6B78023B5F
:10C2F0000C2B1DD801A252F823F000BF6B60010087
:10C300006B600100FB600100B56001006B60010023
:10C31000136101001F610100B5600100B5600100FB
:10C320006B60010029610100B56001006B600100D4
:10C33000204D02E0AD69002DCCD0E8680028F9D08E
:10C3400029890029F6D0002303E001339942F1D96D
:10C35000E86803EB430200EB02108278A242F4D1BA
:10C36000826A0021002ABED0019390470028BAD1EA
:10C370002989019BE9E7104BD3F8A030002BA9D005
:10C3800001209847C0B2003818BF0120A3E70A4B2C
:10C3900093F80902C0F340009DE7074B93F80902A8
:10C3A000C00998E7044BD3F81401003818BF0120E6
:10C3B00091E700BF00FE0020080601208078FFF70B
:10C3C00073BF00BFA0F12C03012B98BF2B20704737
:10C3D000A0F165035C2B2DE9F047064682B00F46BD
:10C3E0000BD96FF4487145185C2D8CBF00250125D1
:10C3F0001DB9A0F1C9035C2B58D8714BA3FB0623D0
:10C40000DB0803EB83034FEA43091FFA89F9A6EB24
:10C410000905DFF8B081B8F80810D9B1002402E0AE
:10C4200001348C4216D204EB4400D8F80C204FEAB9
:10C43000001A02EB001332F80A204A45F0D19A6A3A
:10C440002946184602B39047D0B9B8F8081001340D
:10C450008C42E8D3D8F81880B8F1000FDBD1594CE2
:10C46000236B304623B19847B6EB000805467CD1D4
:10C47000A469002CF4D10023184602B0BDE8F0876F
:10C48000D8F80C0000EB0A039A782B2A27D0002D4D
:10C4900049D0D8F82C20002A37D01FB1C7F8008027
:10C4A000002BDCD0184602B0BDE8F0876FF4C872EC
:10C4B0008318302B3FD96FF41673C318262B7DD801
:10C4C0003F4BA3FB00239B0803EB8303A0EB030973
:10C4D00009F516791FFA89F9A0EB090599E73A4A97
:10C4E000D2F8C020002A3BD01888294601939047F3
:10C4F000019B18B1014698680FF0C0FFD8F80C30C6
:10C5000053445DB1D8F82C2042B99B781D2B21D023
:10C510000323AB42A3D9D8F80C305344002FBFD02B
:10C52000C7F80080BCE7002FBCD01846C7F80080D1
:10C5300002B0BDE8F087224BA3FB0023DB0803EB2E
:10C540008303A0EB430909F5C8791FFA89F9A0EB29
:10C5500009055EE71D4BD3F8F03198470346D8E74D
:10C56000002DCFD1002F99D19CE7B4F808C0BCF1C1
:10C57000000F80D00026334602E00136B44591D941
:10C5800006EB4602E1684FEA021901EB021031F8AE
:10C590000920AA42F1D1826A62B1414601939047D3
:10C5A00018B9B4F808C0019BE7E7E268B4F808C01E
:10C5B00002EB090007B13C600346DEE7814628E74D
:10C5C000CDCCCCCC00FE0020E004012008060120E8
:10C5D000F0B5837885B004460E462B2B174616D04F
:10C5E00090F82C1011F0780104D1334605B0BDE865
:10C5F000F040184703A90088FFF7EAFE039BDB6AB7
:10C6000093B13A46314605B0BDE8F04018470025E1
:10C610002B46A26A294652B120460193904730B971
:10C62000019B0135032DF4D1184605B0F0BD0A4B2E
:10C630002946D3F8C03033B120889847014610B15D
:10C64000A0680FF01BFF3A4629462046B047034634
:10C650000028E6D1E8E700BFE0040120194B5B6F3A
:10C6600070B5044613B1984700B170BD0021204653
:10C67000FFF7AEFE06460028F7D0134C01E0A46990
:10C68000C4B1D4F814C0BCF1000FF8D0238A0CF167
:10C690000405B6F800E0013B012200203CF833100D
:10C6A000714509D00BB1002AF5D10028DDD1A4696C
:10C6B000002CE6D1204670BD55F83300B0FA80F268
:10C6C0005209EFE7E004012000FE0020A0F10A0378
:10C6D000022B38BF05207047007B013802288CBF31
:10C6E00000200120704700BF037BA3F10A00052B47
:10C6F00018BF012894BF0120002070472DE9F041A8
:10C700000D4600218046FFF763FE002859D00769D7
:10C71000002F4DD03B78002B4AD03846012600E050
:10C7200001362C210EF0F4F904460130002CF7D12B
:10C7300026B93DE001346D08B44239D015F001014D
:10C74000F8D14046FFF744FE0028F3D0037B013BBD
:10C75000022BEFD8026994B1134621461A78002AB9
:10C76000E8D02C2A03F1010306D01A78002AE1D080
:10C770002C2A03F10103F1D101391A46F5D11146F2
:10C7800042F64E7321F8033B412393700B46D27857
:10C790002C2A18D012B916E02C2A14D013F8012F25
:10C7A000002AF9D10A70C5E70EF046FA48B92070A0
:10C7B0002C2138460EF0B2FA04220446074900281C
:10C7C000F2D1BDE8F081002AECD02C2201F8012B37
:10C7D00013F8012F002AF9D10A70ABE738A700201F
:10C7E00030B5037B87B004460D460B2B3ED8DFE8FF
:10C7F00003F00606060606062A301A3D0606002342
:10C8000003AA02A928460293F6F7A6FC034670BBCA
:10C81000227B0B2A2BD8DFE802F07158587C772D49
:10C820002A2A2A2A2D2D08460FF0E8FE4D4A0346F3
:10C8300092F8B620D20702D5082800F0818007EED2
:10C84000903AB8EEE70A204607B0BDE83040FEF760
:10C850005FBD08460FF0D2FE00EE100A2046B8EE8B
:10C86000C00A07B0BDE83040FEF752BD00231846AD
:10C8700007B030BD00226069039D059298B104AAFB
:10C8800005A90193F6F768FC002866D1049A019B7C
:10C89000954208D294F82C20C2F3400282F00102A3
:10C8A000D10710D47DB9A0690028E0D0002104AAE6
:10C8B0000193059105A9F6F74FFC00284FD1049A82
:10C8C000019B9542D3D93423D1E72069002842D077
:10C8D0000278002A3FD0012400E001342C2101938A
:10C8E0000EF016F90246019B0130002AF5D1012213
:10C8F000A2400399914228BF3423B8E7039B012B40
:10C9000094BF13463423B2E7039A082A28BF34237E
:10C91000ADE720690028D6D00278002AD3D00124C0
:10C9200000E001342C2101930EF0F2F80246019B45
:10C930000130002AF5D1039AA24228BF342396E79A
:10C940000190294608480FF029FC019B00287FF43C
:10C9500076AF03238BE70122CBE7034687E7022369
:10C9600085E700BF08060120B0A6002070B586B09C
:10C970000023614A0C4605A906460492CDE902331C
:10C98000FFF726FD002848D023780546202B03D149
:10C9900014F8013F202BFBD02B7B062B6FD0073BDD
:10C9A000022B2ED821469DED040A2846FFF718FFDA
:10C9B000034618BB297F07293FD801228A4012F07D
:10C9C000AA0F0DD112F0550F37D02A7B0B2A22D88F
:10C9D000DFE802F06E6E6E6E837F307474216E7BC2
:10C9E0002A7B2D6A062A57D0073A0190022A4ED890
:10C9F00021463046A847019BF8B10346184606B0C9
:10CA000070BD03AA02A92046F6F7A6FB0028C9D0EC
:10CA10002B7F012BC6D90223F0E7072E06D12378FE
:10CA2000364A202B05925ED1354DB1E735231846A5
:10CA300006B070BD04992A6A11600193EBF76CF996
:10CA4000059C019B226A0AB19047019B2B4A9442A4
:10CA500029D0E269002AD1D001934FF00005FEF7FA
:10CA6000A3FC019B274A38B360F300050020E4696A
:10CA70001070294624480193A047019BBEE704AAF1
:10CA800002A92046F6F7BEFB00288BD1C0E7039928
:10CA90003046A847019BAFE7019030469DED040A60
:10CAA000A847019BA8E7194AD2F80C21E261D0E718
:10CAB0002A6A03991170C0E71078D5E701902146E2
:10CAC000286A0FF0DBFC019BB7E72A6A0399118003
:10CAD000B3E703992A6A1160AFE7039A296A02F063
:10CAE00007020A70A9E703AA02A92046F6F734FB59
:10CAF000002890D1024D55E70000C07F00FE0020C5
:10CB00000C470060AC250120EC1A0120080601202A
:10CB100030B5044683B00F480FF070FD054620463F
:10CB20000FF06CFD28440130632894BF01230023DB
:10CB300008D8084A127842B92146064801930DF0F8
:10CB4000B1FF019B184603B030BD034A014912886A
:10CB50004A53F1E7A01D0120F0A20020024B002162
:10CB6000024A99611360704700FE002068FE0020B1
:10CB70002DE9F043DFF8908285B04FF00006D8F839
:10CB8000183033B9934B9449944AC8E90733C8E93C
:10CB90000912934D012095ED070AF6F725FA014693
:10CBA00090480FF06BFCFFF75FFA002840F0E4803C
:10CBB00095F8AC31002B40F0D4804FF01F00FFF708
:10CBC0007BFAFAF743FE00210120FAF7BBFEFEF7DD
:10CBD000EBFB60F30006844FEBF79EF8FDF742FC99
:10CBE00001A897F82631D7F87C2113F001030392AE
:10CBF00018BF0723029201927C4A82F89830F3F71B
:10CC0000E9FC00F0CBFC002800F0D980002000F007
:10CC10008BFBC10500F1C480B5F810120E2021F481
:10CC20008061FFF76BFDD5F8A0302BB1002098474D
:10CC3000C1B20820FFF762FD95F81A120F20FFF726
:10CC40005DFD6B6E002B00F0BF80DFF8C091D9F85E
:10CC5000184054B1636A03B19847E36931466248AA
:10CC600003B19847A469002CF4D195F80B32062043
:10CC700003F0020403F0010344EA830444F00101D9
:10CC8000FFF73CFD44F001011320FFF737FD97F853
:10CC90002C31DA076AD4022195F810323D20C3F313
:10CCA000C0031943FFF72AFDD5F81C31002B00F013
:10CCB000898095F80B3203F00101C3F340030901A9
:10CCC00041EAC30141F0030197F82031412023F0EC
:10CCD000200387F82031FFF711FD97F81E31DB079D
:10CCE00031D43B68424A23F0FF0191422BD0414AA4
:10CCF000B2EB132F20D3D7ED527ADFED3F6A97EDD9
:10CD00002C6A67EEA67A97ED347AB4EE476AFCEEA9
:10CD1000E77AF1EE10FA17EE903AA7F8A43014BFB4
:10CD20000123002363F3000606D03146D5F80C3109
:10CD30002D4887ED2C7A98473B68304A62F31F23D1
:10CD40003B60FEF7FFFCD8F8F0202D4BD5F80C1116
:10CD50001A602C4BC9F81C10C8F8F03005B0BDE8BB
:10CD6000F083D8F808300720984726E795F8101286
:10CD7000C1F3C00149008FE7FAF768FDFEF714FB25
:10CD800060F30006D5F80C31174831469847D5F8BE
:10CD90001031002B3FF41FAF0021084698471AE7D7
:10CDA000C0F34003C0F30010590041EA8001102095
:10CDB00001F0060141F00101FFF7A0FC2CE700F0B3
:10CDC0005DFB23E703217FE74FF6FF611620FFF7A6
:10CDD00095FC3AE711460100795501007D500100AC
:10CDE00008060120B8200120EC1A01204809012082
:10CDF000000BF803F6D0030000007A440BF80300A0
:10CE00005C12012085510100E004012000FE002099
:10CE1000014B00221A707047B72501202DE9F04719
:10CE2000184E0021184A1948F0F72AF93070F8B165
:10CE3000174FDFF86880D7F8BC309847154C81460B
:10CE400005E0E36B6BB9236C5BB9337893B1D8F829
:10CE5000505001F093F9A847D7F8BC309847814566
:10CE6000EFD0002109483170BDE8F047F0F79AB9DA
:10CE7000BDE8F0873B6C4FF400710748BDE8F04710
:10CE8000184700BFB7250120E0930400956B01000F
:10CE9000080601204809012084090120E00401203E
:10CEA00010B51A4CD4F8E0319847194B1A68801A1B
:10CEB000312825D9D4F8E0219047154B154A186040
:10CEC0001378EBB9144CA379D3B92389C3F3402069
:10CED0009B0515D4EBF7CEFB104A0378527E134323
:10CEE0000ED001F04BF910280BD0402804D038B9EF
:10CEF000BDE81040FFF792BF94F82830012BF7D01F
:10CF000010BD94F82930012BF2D010BD0806012085
:10CF10009C100120B725012048090120940F012011
:10CF2000704700BF4FF00000704700BF704700BF60
:10CF300000207047704700BFC068704790F82030ED
:10CF400013F0080308D0B5EE400A80ED060AF1EEB2
:10CF500010FA14BF0123002390F8202063F3451238
:10CF600080F82020704700BFD0ED097A0246F4EE29
:10CF7000C07AF1EE10FA3ED530EE670AD0ED0A7AAB
:10CF8000D0F810C020EE270ABBFE400ABCEEC00A53
:10CF900010EE103A634400293CD0806883423CD3B1
:10CFA000013892F8203003F001019B063FD507EECF
:10CFB000100AD2ED067A9FED256AF8EE476A66EE12
:10CFC000A77AFCEEE77AF8EE677A87EE867A77EE54
:10CFD000267AFDEEE77A17EE903A9C452BD810B4EE
:10CFE00054699C4228BF1C4671B391680B1B081AF8
:10CFF000D36110BC7047B5EE400AF1EE10FA01D1D2
:10D00000C068704790F820300069DB0712D593683C
:10D01000181A704740698342C3D2634538BF6346DC
:10D02000184692F8203003F001019B06BFD409B1E5
:10D030009168081A704721B19168A1EB0C03D36184
:10D04000F7E7C2F81CC07047D461D2E70000C842BD
:10D05000426A034610B5041D82B022B101902046F9
:10D060009047019B68B14FF0010C9A6A9FED070A47
:10D070004FF00001204683F84CC002B0BDE81040DC
:10D08000104783F84C0002B010BD00BF0000000044
:10D09000524A0346106800B595B0D0B10168096ADC
:10D0A000B9B103EB830C4E4901EB0C11884210D04F
:10D0B00090F90E10002907DB4A49D1F8BCC0C0F82E
:10D0C00018C0D1F8B810C1610093FFF7C1FF009BF1
:10D0D000424A00218B42116078DB434A1278934226
:10D0E00074DA03EB83023E4912018A58002A6DD09C
:10D0F0003E4890F8702052B190F92C209A4206D008
:10D10000026D22B10093EBF7B9FA009B344903EBAF
:10D11000830201EB021292F90E00002807DB31486E
:10D12000D0F8BCC0D0F8B800C2F818C0D06103EB8A
:10D1300083031B01CA18043392F84C00194468B9E0
:10D14000536A002B45D00846009201919847009AF7
:10D15000002839D00123019982F84C30442203A8D9
:10D1600007F05AF99DF816301E4A117EC3F3C0022B
:10D17000012914BF002202F0010262F3C3038DF8FB
:10D1800016301B4BD3F8E43013B103A89847F0B125
:10D19000184B012243F8043C83F8442053F8203C08
:10D1A00013B96423114AD3601248442203A9A0F1A1
:10D1B0002C03049307F030F90D4BD3F8E8300BB192
:10D1C0000C489847012002E082F84C00002015B07E
:10D1D00000BD012382F84C30C0E700BFDC13012002
:10D1E000041E0120EC1A0120AD250120CC200120D5
:10D1F000E0040120F8200120F0B52A4E83B03378F6
:10D20000012B38D0002B3BD1054608460F46FFF7CF
:10D210007FFC002834D0347844222348294604EB8C
:10D2200084034FEA031C00EB031340F80C500CF18D
:10D23000040C9F6467B26044019307F0EDF8019B12
:10D240001F712A7A2AB184B101343846347003B090
:10D25000F0BD164A1168C1B119461548F0F778F8C3
:10D26000347896F90070002CEED1442229461148FA
:10D2700007F0D2F8E8E70C4B1B681B7A052B0DD0A2
:10D280004FF0FF37384603B0F0BD13600A4A92F8FA
:10D290000A3243F0200382F80A32D4E700233370C5
:10D2A000B2E700BFAD250120041E0120DC130120E0
:10D2B000D56D0100F820012008060120022911D0B7
:10D2C000002814DB0F4B1B78984210DA00EB80002B
:10D2D0000D4A0301D05858B104331A44002918BF2D
:10D2E00010467047094B93F92C20824201D0002050
:10D2F000704793F8702003F12C00002A08BF00202B
:10D30000704700BFAD250120041E0120CC20012064
:10D31000044B93F8702012B193F92C0070476FF012
:10D3200001007047CC200120164B1B78BBB1164979
:10D3300003EB830301EB031398B91A46A03B52F8A1
:10D3400050CDBCF80AC0914240EA0C0008D052F817
:10D35000502C9942528940EA0200EED1704718469B
:10D3600070470020A3F1500233F842CCA03B914219
:10D3700040EA0C00F4D032F8422C994240EA020014
:10D38000F0D17047AD250120041E012000290CBFFB
:10D390004FF0010C4FF0000C00B580F808C022D00F
:10D3A00091F82030DB0613D5002390F80AE0CA6814
:10D3B00063F3C30E80F80AE0174B026193F8701014
:10D3C00029B190F900E093F92C108E4511D000BDE1
:10D3D000036B002BE9D0114B1B7EA3F10103B3FAC1
:10D3E00083F35B09E1E7837A0A4661F3C30383723F
:10D3F000E2E783F834C0817A93F836C0C1F3C00104
:10D40000D0F814E061F3C30C8169DA6383F836C0A5
:10D41000C3F840E0596400BDCC200120EC1A012083
:10D42000074B00221B780A703BB1064B1B685B78E8
:10D43000181AB0FA80F0400970471846704700BFCC
:10D44000AD250120041E01200130C0B2012803D8FF
:10D45000024B93F87000704700207047CC200120E9
:10D4600038B9054890F870302C30002B08BF0020E8
:10D4700070470020704700BFCC200120084B18786F
:10D4800040B10138074B00EB800203EB02131B7B1A
:10D49000052B03D004490548FFF7AEBE40B27047E4
:10D4A000AD250120041E012074D7002024E30020B4
:10D4B00008B50B4B1B780BB998420DDA094B93F862
:10D4C00070201AB193F92C30834203D0BDE8084094
:10D4D000FFF7DEBD104608BDFFF7D0FF0020EDE7E7
:10D4E000AD250120CC20012000283BD0274B1B7804
:10D4F000002B37D0012B30B50446254885B00D46AA
:10D5000002684FF00001D0F848E050788DF8001024
:10D51000CDF804E08DF8010026D0002140F28B10F8
:10D52000FEF756FF48B30021FEF778FC28BB012325
:10D530009DF900C08DF802008DF80830154A92F967
:10D540002C306345B3FA83F314BF134A2C325B09C2
:10D550002946684603928DF80930A04700B900209B
:10D5600005B030BD00207047107A0528D5D08C4614
:10D570008DF802108DF80830E0E70023FF21064AFD
:10D580008DF802108DF80830E2E700BFAD250120CC
:10D59000041E0120CC200120081E012008B50E4BDE
:10D5A000187848B1012800D008BD0C4B1B68187AC8
:10D5B000053818BF012008BDFFF760FF084A064B79
:10D5C00092F8701011B192F92C201AB10020FFF7D7
:10D5D0005FFD014B1878E5E7AD250120041E012011
:10D5E000CC200120642943682CD01A7AD20669D451
:10D5F0000929DA6864D9C82928BFC821914261D0B5
:10D6000007EE901ADFED386A93ED007AF8EEE77ACC
:10D6100067EEA67A67EE877A10B5F5EEC07A82B02B
:10D62000F1EE10FA1AD89FED317A0446D96083EDF5
:10D63000017A00F0A3FD40B32D4A937A43F008032A
:10D64000937230E0DA68642A3CD0D3ED007AF5EECC
:10D65000C07A10B5F1EE10FA82B0E4D990ED057AF7
:10D66000F4EEC77AF1EE10FA07D490ED067AF4EEF4
:10D67000C77AF1EE10FA37FE277A83ED017A044675
:10D68000D96000F07BFD0028D6D1E36A2046E3B1E3
:10D69000226BD2B16168019291ED010A9847019A1B
:10D6A000014620469047402004F096F9114B5B6BF1
:10D6B0000BB100209847636893ED010A02B010BDDA
:10D6C0000A2A0AD193ED010A7047436B002BEAD076
:10D6D000426892ED010A9847E5E793ED007A0A2146
:10D6E000DFED057A96E700BF0AD7233C0000000073
:10D6F00048090120E0040120CCCCCC3D0B46426817
:10D7000011B1117AC90605D5117A184663F30411CF
:10D710001172704710B5044682B064210193FFF77F
:10D7200061FF6268019B117A184663F3041111725C
:10D7300002B010BD4C4A13780BB1002070475378EB
:10D7400073BB034670B50D46446A11F0010182B007
:10D75000264628D19FED450A0090A047DFED437A89
:10D76000009BD3F804C005F003011020CDED007A32
:10D770009CF80830CCED007A23F003030B438CF8BF
:10D78000083004F029F99DED000A01F07DFD364ACC
:10D790001378002B56D1537883F0010002B070BD8E
:10D7A00083F00100704793F80AC0F0EE407A4068B9
:10D7B0001CF0080FC1682AD0AA0728D564294AD0CE
:10D7C00007EE901A9FED290AB8EE677ADFED287A06
:10D7D00027EE277A27EE007AB4EEC07AF1EE10FA3F
:10D7E0003ED9F0EE407AD3ED066AB4EEE67AF1EE79
:10D7F00010FA36FE870A80ED010A29461846CDED5B
:10D80000017A0093B047DDED017A009BA9E7642916
:10D810001ED007EE101ADFED166AB8EE477A27EE33
:10D82000267A27EE277AB5EEC07AF1EE10FA0CD9F7
:10D8300093ED050AB4EEC07AF1EE10FADBD4D3ED25
:10D84000066AD2E7002002B070BD9FED080AD2E759
:10D85000B0EE677AE7E7DFED057AB0EE670ACAE770
:10D86000F0EE407AC7E700BF480901200000000041
:10D870000AD7233C2DE9F0412DED028B0446B0EE92
:10D88000408A0D4616461F4600F078FC022804D157
:10D890000120BDEC028BBDE8F081B0EE480A2946BC
:10D8A0002046FFF747FF00B32B4AD37F180721D547
:10D8B00023F00803D377294B1B6C002BE8D02946B3
:10D8C00020469847E4E7002EF5D0E37A1A07F2D411
:10D8D00007EE906A3846B8EE670ADFED217A80EEEF
:10D8E000270AF5F725FD0028E5D10020BDEC028BC5
:10D8F000BDE8F081A37A5907E5D5E37A13F0080370
:10D90000D9D1D4ED077AF5EEC07AF1EE10FA1AD932
:10D9100098464EF66023002E08BF1E4603E09BB2D9
:10D92000B342984612D8A36A2046984703469FED13
:10D930000D0A38465B06BED4F5F7FAFC08F1C803B9
:10D940000028ECD1D1E7002EB5D0C1E7EAF796FE6A
:10D950000E2003F0F3FFC8E748090120E00401208E
:10D9600000007A44CDCC4C3E70B52DED028B0546BF
:10D97000B0EE408A0C461646F7F7C8FED8B10F4BFA
:10D98000DB6B2BB1B0EE480A324621462846984759
:10D990000B4BE207B0EE480A214648BFB3F8AC2073
:10D9A000284658BFB3F8AE200023BDEC028BBDE87B
:10D9B0007040FFF75FBFBDEC028B70BDE00401203B
:10D9C000EC1A0120837A1B0710B584B020D4836A37
:10D9D000044603928DED020A0191984701999DED4D
:10D9E000020A4840039A10F0030F0AD16368D3ED8E
:10D9F000007AF4EE407AF1EE10FA02D1012004B080
:10DA000010BD0123204604B0BDE81040FFF732BF2F
:10DA10009FED050AFFF78EFE044B9A7A60F3C3026E
:10DA20009A7204B010BD00BF000000004809012038
:10DA30006429F0EE407A09D007EE101ADFED166A7D
:10DA4000B8EE477A27EE267A60EE077AF5EEC07ACE
:10DA5000F1EE10FA18D990ED050AF4EEC07AF1EE65
:10DA600010FA04D5436883ED010AD960704790ED40
:10DA7000060A4368F4EEC07AD960F1EE10FA30FE7F
:10DA8000270A83ED010A704743689FED040AD960B5
:10DA900083ED010A704700BF0AD7233C0000000055
:10DAA0000C4890F8703093B1036B00229FED0A0A86
:10DAB0002C30114610B5446A83ED010A83ED000A4B
:10DAC0001A72A0471020BDE8104003F085BF102057
:10DAD00003F082BFCC2001200000000008B5054BF8
:10DAE00093F8700028B15A6D03F12C00904700F0B4
:10DAF000010008BDCC2001204FF0000C92ED027A0D
:10DB0000D2ED016AC1F81CC0C1F80CC0DFF8A8C191
:10DB10004A60C1F864C0D2F81CC081ED097AC0F82F
:10DB20001CC090F80AC080ED057A4CF0800CC0ED66
:10DB3000066A80F80AC092F801C01CF0040F40F099
:10DB40009180B4EEE67AF1EE10FA40F18B8007EEA8
:10DB5000903AD2ED045AB8EE675AD2ED037AF5EE58
:10DB6000405A00B590F80AE085EE276A4EF0010EA3
:10DB700080F80AE00B60F1EE10FA137890F80AE0F2
:10DB8000C3F38003CEF3001E03EA0E0314BF4FF06D
:10DB9000010E4FF0000E43EA4E03CCF3000ECCF31F
:10DBA000400C43EACE03BCEEC66AD1F82CE043EA4F
:10DBB0000C1391F820C0F8EE467A81ED026A03F06A
:10DBC0001B032CF01B0C43EA0C0381F8203003F0FC
:10DBD000010359D1002B68D016EE103AA3EB0E0CBE
:10DBE00092ED066AD2ED055A27EE866A9FED305A0D
:10DBF00067EEA55AC1F80CC0C6EE057A85EE856AB7
:10DC0000FCEEE77A17EE903AFCEEC67A734417EE14
:10DC1000902AC1E9042392B9B5EEC07AF1EE10FA68
:10DC20000DDD07EE903A9FED236AF8EE677A67EE16
:10DC3000867AFCEEE77A17EE902AC1ED047A9B1AF9
:10DC400076EEC76ADFF874C0012207EE903AC1F899
:10DC500068C0F8EE677A87EEA67A81ED0A7AC1602D
:10DC6000104600BD827A91F8203022F00102DFF8E0
:10DC700050C003F004038272002281F82030C1F802
:10DC800068C0C1601046704725EEA75ADFED084A0C
:10DC9000C5EE245AFCEEE55A15EE90CA002B9FD033
:10DCA00016EE103AA3EB0C0C9AE79C4698E700BFDF
:10DCB0000000C8426F12833BC16C0100ED6C010093
:10DCC000BD6C0100704700BF0346C068B0B10C4A8C
:10DCD00030B5D46B83B00D463CB15A7893ED020A4F
:10DCE00019780193A047019BD8682A4693ED020A50
:10DCF000197803B0BDE83040FFF764BE704700BF3D
:10DD0000E00401202DE9F041DFF88081064698F813
:10DD10002C31D90759D40027524CF6F717FA05468B
:10DD200038466770EAF7A6FC002879D0C268002D53
:10DD300036D02B6D934200F08680002A00F08F8051
:10DD400083686770E36003782261237194F901307E
:10DD500004EB03131B69AA7D22709B7A1A0703D573
:10DD600098F81C31DB066AD43F4C206810F028017B
:10DD700038D1102E3D4A57D03D4B022419771389D4
:10DD800082F82840C3F3800383F00103A0F1080068
:10DD9000384C9370B0FA80F021604009BDE8F08102
:10DDA000002A4AD065702261037882682371E2609C
:10DDB000314B324A9B6F557E984794F901300543A9
:10DDC00004EB031325701B69C7E72D48F6F76EFDBA
:10DDD000274B002193F83420D96342F0120283F8D4
:10DDE000342098E7002001F055FA204A2548102EEB
:10DDF000937A254943F002030860937220682AD081
:10DE000002211B4B82F82810002119771389202842
:10DE1000C3F380030CBF3146002183F00103B5E753
:10DE20002061002D92D1C3E713890224C3F380033C
:10DE300082F8294083F00103A8E72261B8E79E2019
:10DE4000F5F7DCFF90E7EA6C6770E26095F8442034
:10DE5000236122717FE7022382F82930D6E7134637
:10DE6000226178E7E81301204021012048090120C0
:10DE7000BC1201200413012008060120940F012088
:10DE8000DC120120FD89010094FE0020EC1A012023
:10DE900040070CD5094A937A590710B508D4084BA6
:10DEA0000420084ABDE810401A601B6818477047F4
:10DEB00023F00403937201F093FAF0E7480901207C
:10DEC00094FE0020FD890100400700D470472B4AD2
:10DED000937A590700B585B036D4294B00229FEDBF
:10DEE000290A186B114683F82420426A83ED0B0A35
:10DEF00090472549224B91F8402112F0020209D1A6
:10DF0000DFF894C0104683F83620DCF87420904780
:10DF10001D491B4B1D4A1E4802601A7F92070CD5F3
:10DF200091F82D21D1ED4C7A03EB820090ED007A2F
:10DF3000B4EEE77AF1EE10FA0CD4154B04201B680E
:10DF400005B05DF804EB184723F00403937201F069
:10DF500047FAC2E70DEB820CD1F834211A6293E83C
:10DF6000070001AB83E807000A491846CCED017AA7
:10DF7000F3F758FD0028E0D005B000BD48090120A6
:10DF8000BC12012000000000EC1A0120D98301001E
:10DF900094FE0020DC12012008060120124B06200E
:10DFA000DB6810B598471149114B4FF0020C114A2C
:10DFB000114882F828C0036092F80AC00B7F1CF059
:10DFC000040F43F004030B7704D103680420BDE879
:10DFD00010401847002001F05DF9064A937A43F09B
:10DFE0000603937210BD00BFE0040120BC120120A3
:10DFF000157C01004809012094FE002010F0400328
:10E0000008D04B4B1A7F120766D51A7F42F00402E4
:10E010001A77704740075ED5464A927A510710B585
:10E0200082B05BD4424B44491A7F22F004021A7733
:10E03000424A1160424A92F82C21D40702D51A7F35
:10E0400050073BD43E4C9FED3F7AD4ED517A1A7F76
:10E0500067EE877A3C4842F008028DED017AFCEECB
:10E06000E77A1A7717EE903A99B2FFF72DFE374A02
:10E07000916F374A527E00928847009AC0B22C4B6B
:10E08000904214D0D4ED527A9DED017A2E4C67EE79
:10E09000877A14F8040CFCEEE77A17EE903A99B2FE
:10E0A000E9F72EFD14F8040CEAF7F8FA204B1A7F72
:10E0B000204922F008021A7700220A771A7F5107B6
:10E0C00013D41A7F920715D41C4B04201B6802B08E
:10E0D000BDE8104018477047FFF760BF63F3820246
:10E0E000144B9A7201F07CF99CE702B0BDE8104035
:10E0F000FFF754BF04220F48114980F82820154A21
:10E10000D1F8381192F901001962117802EB00126E
:10E1100083F8361010791049D26883F82400A1F1F1
:10E120001400DA62F3F77EFC0028CDD002B010BDF7
:10E13000BC120120480901204D86010094FE0020F8
:10E14000EC1A012000007A44EC130120080601209B
:10E15000940F0120E8130120DC120120054B93F8F5
:10E160002C0110F0010003D0034B187FC0F3800096
:10E17000704700BFEC1A0120BC120120014B186847
:10E18000704700BF402101202DE9F041934C84B03D
:10E190002268824237D02028034637D8202822D848
:10E1A000DFE810F078003601360121003601210049
:10E1B00021002100CB0021002100210021002100AD
:10E1C00021002100A10021002100210021002100C7
:10E1D0002100210021002100210021002100210037
:10E1E000210021009600A2F104007D4D40F20111B2
:10E1F000B0FA80F02B890A424FEA501060F3CB232B
:10E200002B8100F0888104B0BDE8F081802800F007
:10E21000AA801ED9B0F5807F00F09181B0F5007F13
:10E2200040F07B816F4970486D4D236008602989FB
:10E2300021F400612981002185F880109A42E2D002
:10E240006A4A126B002ADED0184604B0BDE8F041DD
:10E250001047402840F0618140F283111140D2D133
:10E2600062480193C5680620CDE90212A847022042
:10E270005B4D85F828000198FFF744FD039ADDE91E
:10E280000131002800F0A1802360288961F3CB20B0
:10E290002881D0E700215648DFF870C10177514846
:10E2A0004F4DC0F800C053482160A970A97229855C
:10E2B000016029898E06BAD51023082101920360D6
:10E2C00005F13C004C4B1B6C98472368019A6FE0AA
:10E2D000B2F5007F00F0B98020204249404D206017
:10E2E00046480860A3E791063D4D17D4E97F8F07A4
:10E2F00014D41020CDE90123FFF704FDDDE901234B
:10E3000028B901213E4885F82910364908601021B6
:10E310002160298921F02001298188E73549096890
:10E32000102900F0F380EB7F03F04203422B08D169
:10E330002B8943F020032B8103E0002A00F0888022
:10E34000274DA2F10400298940F20113B0FA80F0B0
:10E3500013404FEA501060F3CB2129817FF453AF73
:10E3600085F880304FE702211D4DCDE9012085F869
:10E370002810FFF7C7FCDDE9012330B323601949FA
:10E38000204B0868984200F0E680019200F048FDBA
:10E39000FFF786FB184B4FF000005B6F9847134B5D
:10E3A0000B20DB68984718480E492368019A0860DB
:10E3B0001C1F29896042604160F3CB2140F20110AB
:10E3C000034229817FF43AAF35E70A490968994247
:10E3D00034D12368802BEBD1D1E700BF402101204D
:10E3E0004809012094FE002095860100E0040120E8
:10E3F000BC1201200413012008060120058701003A
:10E40000D98301004D7C0100497A01005583010048
:10E41000674D00212060A970664867490860A3F134
:10E4200004002989B0FA80F0400960F3CB2140F262
:10E430000110034229817FF403AFFCE601922360BF
:10E4400000F018FB2368019AC4E75C490A6043E7BF
:10E450000192F5F77BFE019A064600287DD008233D
:10E46000534D01922360AA7101F004F896F94430EB
:10E47000019A002B33DA524BD3F8E0319847336DD1
:10E480000746019A196C11B18847336D019AD96B0F
:10E49000337D019213F0400071D188474369019A9E
:10E4A00003F1020812E0474B20681B6D0192984768
:10E4B000434BD3F8E031984741F28833C01B019AAF
:10E4C000984266D8EB6B13F0300F68D1336D0020A3
:10E4D0000192DB6B98474369019A4345E3D101926E
:10E4E00000F06EFC2368344937480860A3F104004B
:10E4F0002989B0FA80F0400960F3CB2140F2011085
:10E5000003422981019A3FF496AE99E629898E0645
:10E510007FF509AFEDE613468DE6A2F10404244928
:10E5200040F20113B4FA84F4088913404FEA5414FA
:10E5300008BF81F8803064F3CB20088163E61C4A71
:10E5400000201D491B4D90700D601189236060F300
:10E55000CB21118174E6802369E6236840F2011023
:10E56000134DA3F1040403422989B4FA84F44FEA59
:10E57000541464F3CB2129813FF45DAE60E60120A1
:10E580008847D0ED007A019AF5EE407AF1EE10FA64
:10E59000A5D10E2004B0BDE8F04103F0CFB9084B7F
:10E5A00020210A481B6C04B0BDE8F041184700BFA9
:10E5B00048090120497A010094FE0020041301203B
:10E5C00008060120E00401200587010084090120DC
:10E5D00010B5044680070FD4210712D4620508D570
:10E5E0000C4B0120D3F8E03098474FF40070FFF750
:10E5F000CBFDA30509D410BD0820FFF7C5FD2107F9
:10E60000ECD51020FFF7C0FDE8E78020BDE8104002
:10E61000FFF7BABD080601204206034603D50B4AA0
:10E620001268402A03D10A4A18461368184700B5F1
:10E6300083B001904020FFF7A7FD019B044A1846D4
:10E64000136803B05DF804EB184700BF40210120B8
:10E6500094FE002030B5450787B0034604D58F4AA5
:10E6600092F82C21D4072AD49D054FD45C0609D5F5
:10E670008B4BDB6E98478B4BC0F3C00083F82800B0
:10E6800007B030BD980747D5874B1B68102B4FD07C
:10E69000802BF5D0B3F5007F00F0AF80402B40F029
:10E6A000FB80824B1A7F51076AD47D4AD26E904715
:10E6B00010F0080F7D4B63D07B4B1B6899E0794AC3
:10E6C000917A480752D47649C86ECDE90023804735
:10E6D000DFF8D4C1C0F3C000009ADCF800C0019B91
:10E6E000BCF1800F82F82800BED100F099FBFFF743
:10E6F000D7F96B494FF000004B6F98476C4B0B20DC
:10E70000DB6898476B4B6C4A1A60B9E7802000932E
:10E71000FFF73AFD009BA9E71B04B1D5604BDB6E08
:10E72000984710F00800ABD15E4B83F82800A7E7AC
:10E730005C4A137F0BB908231377604991F90130C4
:10E7400001EB0313554991F91CC11869BCF1000F85
:10E75000816A61DB0092884710F0010F009A00F097
:10E7600095800021504B11771B6842E021F0040195
:10E7700001930092917200F033FEDDE90023A2E7DD
:10E780004F494C48474A0160042182F828101A7FFB
:10E79000920728D51A7F414922F00402D1ED4C7A24
:10E7A0001A7791F82D2103EB820090ED037AB4EEF5
:10E7B000E77AF1EE10FA16D80DEB820CD1F834217D
:10E7C000D3F818E003AC1A623E4B93E8070084E8E4
:10E7D000070003F114012046CCF80CE0F3F722F90E
:10E7E00000287FF469AF334B04201B6898472E4BF9
:10E7F0001B6813F0C00F7FF443AF2A4B00209A7AB6
:10E800000092FFF7C1FC009A0820264B9A7207B0CD
:10E81000BDE83040FFF7B8BC01921B7903F001035B
:10E8200000938847009B00F00100019A984231D084
:10E830001F4B0A2000921D46DB6898471F4B93F937
:10E84000010003EB0010154B0430B3F8AC10FFF7D8
:10E850003BFA009A124B194C996F2378019200935E
:10E860008847009BC0B2019A98420AD00B4B20788F
:10E87000B3F8A4100092E9F743F92078E9F70EFF06
:10E88000009A0020EB681077984715E7E9F7F6FE45
:10E89000009A66E7064DDDE7024A4EE7EC1A0120D2
:10E8A000080601204809012040210120BC12012056
:10E8B000E004012094FE0020497A0100E8130120C1
:10E8C000817D0100C812012008B510F0400312D16B
:10E8D00040070FD50C4A0D48917A82F82830490735
:10E8E00003770CD40020FFF74FFC0820BDE8084058
:10E8F000FFF74ABC08BDBDE80840FFF74FBB937265
:10E9000000F06EFDEEE700BF48090120BC120120B7
:10E91000830714D5154B93F8900010B580B1144CB3
:10E920004302144A00201360FFF72EFC0820FFF773
:10E930002BFC236C01211048BDE81040184770479C
:10E940000B4A1446D2F8E0200AB19047074B0B4A15
:10E95000D2F8D42012B1D3F8D4009047802003F02D
:10E960003BF8024B93F89000DAE700BF940F0120C8
:10E97000080601200413012084090120E00401207D
:10E9800002282BD010B50446600504D5144B012095
:10E99000D3F8E0309847610704D422060AD423074D
:10E9A00017D410BD0F4B93F890004002FFF7ECFB1B
:10E9B0002206F4D5012000F06DFC0B4B01200B4921
:10E9C0009A7A987042F0020209489A722307086006
:10E9D000E7D51020BDE81040FFF7D6BB704700BF59
:10E9E00008060120940F01204809012094FE002010
:10E9F0007987010043071DD5174B1B68202B10B5E5
:10EA0000164C18D0164B1868FFF7BEFBE17931B1F0
:10EA1000144B15489B6C98470023E37110BD134BB2
:10EA200093F89030002BF9D04FF40070BDE81040FF
:10EA3000FFF7AABB70470023A372F5F7CDFA00F0E9
:10EA4000AFFBF5F78BFE0A4804F18C0102F01AFFC8
:10EA50000023A370D6E700BF402101204809012010
:10EA6000041301200806012088090120940F0120C9
:10EA70000C10012030B5764C83B0F5F799FE0023D9
:10EA8000E179A37231B1734A04F14000926C90476E
:10EA90000023E371704A1368802B1FD0B3F5007F09
:10EAA0000CD0402B1AD023895A0711D401216B4B6B
:10EAB0006B4A84F829101A6003B030BDFEF7F0FFEE
:10EAC000644B4FF000005B6F984723895A07EDD5E0
:10EAD000002003B0BDE83040FFF756BB614B00207B
:10EAE00093F82C112077CA0753D5E17F4D0750D4F6
:10EAF000197E01294DD05C49097FC8076BD593F871
:10EB00002DC194F8481021FA0CF1C90741D5564897
:10EB100093ED4C7A00EB8C01D1ED037AF4EEC77AD9
:10EB2000F1EE10FA35D5514A4C490A60027F52077E
:10EB300000F18480D3ED4F6A4B4D77EEA67A05F154
:10EB40000C02B4EEE77AF1EE10FA77FE877AC5EDA3
:10EB5000067A07CA85E80700434A02EB8C0C9CED55
:10EB6000007AB4EEE77AF1EE10FA40D43E490B7F1A
:10EB7000C3F380025B0703D40B7F62F341030B777F
:10EB8000364B04201B689847238923F48053238144
:10EB900092E7FEF785FF2189C8040AD42E4A12683D
:10EBA000802A06D02F4B93F84031990701D5294A86
:10EBB00006E0284A4FF00000536F01929847019AEF
:10EBC000D36E98472389C0F3C00023F4805384F8A0
:10EBD0002800238167E7244B197F03F10C0041F0E3
:10EBE00001011977224902F04DFE1E4B87E71E48AE
:10EBF000D3F838311F4A00F120010362054692F92B
:10EC00000130CCED007A02EB0313127880F8362045
:10EC10001A7980F824201A69DB680263C362A1F1C3
:10EC20002000F2F7FFFE2B7F2A465D0703D4137FF7
:10EC300060F3410313770028A6D1A1E70C4902F045
:10EC400021FE084B084A93F82DC1D2ED067A83E7DE
:10EC500048090120080601204021012094FE0020DF
:10EC6000D9830100EC1A0120BC1201204D7C010067
:10EC7000D4090120E8130120430700D47047FFF7AF
:10EC8000F9BE00BF3C4A3D4B12689A4200D0704723
:10EC900030B5002083B0E9F7EDFC0378DD074CD5F3
:10ECA000374B1A7F002A45D0940728D535490022D2
:10ECB000C96B1A770D4600295BD0334B11469FED87
:10ECC000330A93F901001C4603EB00100069A847C2
:10ECD00094F901204FF000019FED2C0A04EB021281
:10ECE0001069FEF727FD264B26491A7F496B42F033
:10ECF00001021A7711B100208847214B1A7F500773
:10ED00001BD5204A0A20D16888471F48204990F91E
:10ED100001C0B1F8AC1000EB0C100430FEF7D4FFCA
:10ED2000184A0020164B526B187732B103B0BDE879
:10ED300030401047997A090701D403B030BD124919
:10ED400001920869816A8847C307F6D50E4BDFF840
:10ED500040C093F90100BCF8AC1003EB0010043084
:10ED6000FEF7B2FF064B019A997A62F3C3019972DA
:10ED7000E3E7054CACE700BF94FE0020D983010017
:10ED800048090120E0040120E813012000000000F0
:10ED9000EC1A012008B5074B9A7952B106480121B7
:10EDA000064A90F80801D2F88C2090470022014BC7
:10EDB0009A7108BD48090120EC1A012008060120BB
:10EDC00070B500231149124D0120124C124AAB714B
:10EDD000CB70D4F888301070984795F884507DB97E
:10EDE0000E4BB3F89E215AB1D4F88C2029464FF02F
:10EDF00007009047094BE26B2946B3F89E01904704
:10EE0000D4F88430BDE87040184700BF18090120CD
:10EE10004809012008060120B9250120EC1A01202B
:10EE200070B5FFF7ABF9224C0021224AD4F88830A4
:10EE3000054608461170984700211F48EEF7B2F9C1
:10EE40001E4AB2F81431FF2B12D0042D08D0F3B9AA
:10EE5000D4F88C3001214FF00000BDE87040184715
:10EE6000D4F88C30012192F80801BDE870401847B1
:10EE7000134B1B6C4BB9802DEAD0D4F88C304FF07B
:10EE800007000121BDE870401847042DF5D0802D02
:10EE9000DED000210B48EEF785F9084A0021094829
:10EEA000B2F81421EEF7ECF8054B987170BD00BF75
:10EEB00008060120B925012065E00000EC1A0120B8
:10EEC00048090120198B0100044B187820B1044B2C
:10EED000986A003818BF0120704700BFB92501208B
:10EEE0001809012070B5924CA36A4BB1914B204692
:10EEF000D3F8983098470022A3682270002B6ED078
:10EF0000E36A002B6CD08C4E96F83830012B00F061
:10EF1000D680E3694FF00001D4E903200344934213
:10EF2000E36112D99B1A4FF00101E361834B1B7817
:10EF30005BB9E078D6F88C3010F0010F0CBF0120DF
:10EF40004FF0FF300344C6F88C30236A60690344F5
:10EF50009A42236212D29B1A41F002012362774B3C
:10EF60001B785BB9E078D6F8903010F0020F0CBF38
:10EF700001204FF0FF300344C6F89030A369BBB1C5
:10EF8000606A03449A42636212D29B1A6B4A41F050
:10EF90000401127863625AB9E278D6F8943012F01C
:10EFA000040F0CBF01224FF0FF321344C6F8943017
:10EFB0003389A1701B0502D5F37A0B40A370A368B7
:10EFC00023B95F4B1A6852681A6070BD013BA36099
:10EFD000002BFAD15A4B1A6852681A60F5E7E362BF
:10EFE000574A584B12681B689A4200F0B580564B3E
:10EFF000D0681968E262884205D04E4A1860D2F89B
:10F0000094309847E26A9368A16A90699942A06037
:10F010006AD0E07893F82C2080EA0205904265706F
:10F0200018BFE27000297CD091F9321093F9322098
:10F03000414E914203D0716A444A0A43726259694F
:10F040000122A362E160227093F830103B4A1170F4
:10F0500093F82F20500601D5DA8DF2839D6A6DB9A1
:10F060001BE0B5EE400AF1EE10FA14BF01210021B9
:10F07000EFF700FFA36AAD689D6275B1D5ED017A27
:10F080002B78B8EEE70A6878002BEAD1EFF7E8FEB4
:10F09000A36AAD689D62002DF0D1596A002935D070
:10F0A0002B48EEF713F900283DD0A36A00225A62DC
:10F0B000E168E26A49086162C4E9071115E01D4B85
:10F0C000D3F814319847C2077FF523AF214B0021B5
:10F0D00003F1600286F8381007CA83E80700F36B73
:10F0E00043F08003F36314E7134E916A1869D56AFD
:10F0F000C8406160A061D868C84060619868C84035
:10F1000020612DB1D169586BA847FDE6A36ACFE70E
:10F11000116B00293FF4F8AE92ED080A586B88474E
:10F12000F2E6054E8BE7A36A586A08F017FEBCE7C3
:10F130001809012008060120480901209C2501200A
:10F14000E41A0120E01A0120EC0D0120000100204A
:10F150005924000074090120FFF762FEA36A93F8A6
:10F1600031204AB1586B837A190705D50021084A26
:10F17000036BD1640169984700230648064A0421BD
:10F18000A3620360126C0548BDE87040104700BFE1
:10F1900064130120EC0D01200806012084090120E0
:10F1A000F8B52A4ED6F8103113B100210846984719
:10F1B000FFF736FE264B0022013243F8343C383349
:10F1C000082A43F8702CF7D1002222490920224B4B
:10F1D0009446C1E97001013243F8303C43F80CCC4D
:10F1E0003433092A43F8682CF5D11C484FF00A0E35
:10F1F0001B4B50221B4C1C4F1C4D016000211C4816
:10F200002360C3F8FCC12B60C7F800C0C3E975E3F5
:10F210000BF004FC3022002116480BF0FFFB336A90
:10F22000154907EE903A9FED157AA1FB0313144A96
:10F23000F8EE677A13485B0A67EE877A5C009900FC
:10F24000C2E900349160C0ED007AF8BD08060120E3
:10F250008C1E0120541E01200C1901208420012045
:10F26000D8180120E41A012058130120E01A0120C7
:10F270006413012018090120D34D62100000704270
:10F28000A0040120E80D0120014B83ED130A704713
:10F290006413012008B5B8B12648036D9847DFF81C
:10F2A000A8C0254BDCF80010D3F800E04B68234AD7
:10F2B000734520480CBF4FF0010E4FF0000E82F84E
:10F2C00000E014D0C36C98471D48016871B11D4B14
:10F2D0004FF0000CD3ED0B7A1A7867EEA77AC0F8DE
:10F2E00000C042F00102C1ED0A7A1A7008BDDFF8D1
:10F2F0005CE05B68DEF80820022A19D9DEF82CE011
:10F30000DEF818E0B2EBDE0F12D35A68914204D156
:10F3100007E05B685A688A4203D093F82420022AE7
:10F32000F7D01969074A5B68D162CCF80030C9E7A9
:10F330005B68EAE708060120E41A0120A325012002
:10F340005813012064130120E01A0120180901203C
:10F35000DFF888C09CF8003003F00603022B70B57C
:10F360000BD09CF800300021194A23F005031160EE
:10F3700043F004038CF8003070BD164B164D1B682B
:10F380009E4603F13006CCF81430DEF800000EF192
:10F39000100E5EF80C1C2C465EF8082C10355EF83A
:10F3A000043CB6450FC4F0D1DEF804102B46DEF85D
:10F3B000000003C3DCF80810DCF80420DCF80C3093
:10F3C000CCF81810CCF82020CCF81C30C9E700BFCE
:10F3D00058130120842001204C20012064130120B7
:10F3E000DFF88CC09CF8003013F0020305D1002236
:10F3F0008CF800301A4B1A60704730B5194DDCF8A4
:10F400001440AE4610341035BEE80F0044F8043CFA
:10F41000154B44F8100C9E4544F80C1C44F8082C7D
:10F42000EFD12B46F7EE046A104A03CB20606160EF
:10F43000DCED077ADCF8200086EEA77ACCED037AC3
:10F44000CCF80400DCE90513CCF808300323116084
:10F4500000228CF80030024B1A608CED047A30BD2B
:10F46000581301204C2001207C2001208420012001
:10F47000641301202DE9F04FAF4EB37ADB072DED79
:10F48000068B85B000F10D83DFF8D0B2DFF8D082B3
:10F490009FEDB49ADFEDA99A9FEDA9AADBF80010C1
:10F4A000A84D4A68D8F800309A4200F0FA822B68DA
:10F4B000002B00F09582A44B1B7803F0FF02002B79
:10F4C00040F0EF82A14CF6EE001A2968F0EE4A6A8D
:10F4D00094ED046A104691ED0D2AD4ED0E3A32EE09
:10F4E000466AD4ED0F2A9A4BF0EE427ADBF8009090
:10F4F000B4EEC69AD3F800E094ED0C4AD4ED0A8A33
:10F50000F1EE10FAC9F808E0F4EE632A94F824301A
:10F510009FED948A39FE063ADFED894AF1EE10FA42
:10F52000D4ED0D5A94ED0B7AC9F830200CBF4FF092
:10F53000020C4FF0010CC9F82C20012B00F02681A1
:10F54000032B91ED0C6A00F07E81002B40F041818D
:10F5500026EE861AB0EE475AA1EE215AE5EE667AFB
:10F56000F4EEE73AF1EE10FA40F3A68172EE637A18
:10F57000012234EE077A77EEA77AC7EE876A38EE73
:10F58000268AB4EEE48AF1EE10FA00F1EF81B0EED3
:10F59000447A6346F0EE637A1046B4EEE73AF1EE51
:10F5A00010FA40F1A48174EE8A4A74EEC86AF4EE4F
:10F5B000E78AF1EE10FAC0D4F0EE475AF0EE678A0F
:10F5C000002840F076810AB184F82430B37A1B0712
:10F5D00003D49EF83130002B3AD091F84420086DC6
:10F5E000D707436840F1F7818A6CDB6891ED130A15
:10F5F000002A00F05D82D2ED026ACA681946A3684B
:10F6000007EE902AD21AB8EE676A07EE902AF8EE53
:10F61000677A87EE867AA6EE870AFEF709FAD4EDB6
:10F62000137AF4EE407AF1EE10FA11D02B68186DCF
:10F63000C36A002B00F08282026B84ED130AC9F8C2
:10F640002C209847C9F81C00B37A23F00803B37242
:10F6500094ED037AA36828EE877AFAFE477AFCEEE7
:10F66000E77A17EE902A981AC9F8180018B9B17AF3
:10F670008F0700F1C38307EE903A94ED016A354B92
:10F68000F8EE677AD5F800C038EE066AD3ED006A66
:10F690009CF9441077EEC77A94F824E00029C6EE6E
:10F6A000275A65EEA67AFAFE677AFCEEE77A17EE3D
:10F6B000903AC0F27681002189F8251026490F681A
:10F6C0009F4240F25E810021C9F8281007EE902A7F
:10F6D000E06A89F824E0F8EE677AD4ED0A6ADBF88C
:10F6E0000010F4EEE86A77EEC77A4968C9F80C3082
:10F6F000F1EE10FAC9F8100067EEA57ACBF8001009
:10F70000CCED0D8AA260C4ED017AFFF6CAAE9CF87A
:10F7100014305A0600F13283F5EEC08AB37AF1EE66
:10F7200010FA00F3C38313F0040240F0C9832A6087
:10F73000F4F7DEFCB2E600BF4809012017B7D1B8E4
:10F740003EC32E3958130120A32501206413012044
:10F7500084200120E80D0120A0040120E01A0120EE
:10F76000E41A01200000000038EE268AF0EE467A06
:10F77000B4EEE48AF1EE10FA40F10181F4EEC68AAB
:10F7800074EEC86AF1EE10FA40F15383B0EE676A86
:10F79000A4EE666AF4EEC62AF1EE10FAE4DD77EE26
:10F7A000E27AC7EE846A38EE268AB4EEE48AF1EE95
:10F7B00010FA40F1C680F4EEE82AF1EE10FA40F3B8
:10F7C000C78274EEC86A0122F0EE627A022391EDDC
:10F7D0000C6A26EE866AB4EEC76AF1EE10FA59D5C5
:10F7E000B0EE471AB0EE675AA6EE611AA1EE665A5D
:10F7F000F4EEC58AF1EE10FA4CD538EE268A37EED3
:10F80000467AB4EEE48AF1EE10FA67D574EEC86A6F
:10F810000120F0EE457A90E6B0EE475A38EE268A9F
:10F8200037EE417AA1EE615AB4EEE48AF1EE10FAB5
:10F83000E5EE667A54D5F4EEE78AF1EE10FA40F17F
:10F84000678274EEC86A26EE861A37EE445AB4EE22
:10F85000C15AF1EE10FADFD872EE637A34EE077A0D
:10F8600077EEA77AC7EE876A38EE268AB4EEE48A86
:10F87000F1EE10FA4ED5F4EEE38AF1EE10FA40F113
:10F880005382012274EEC86AB0EE447AF0EE637AD5
:10F8900010467BE777EEE87A35EE877A77EEA77A3F
:10F8A000C7EE876A38EE268AB4EEE48AF1EE10FAE3
:10F8B0001FD5C4ED0B5A86E638EE268A37EE017A5C
:10F8C000F4EEC84AF1EE10FA0ADDF4EEE78AF1EE42
:10F8D00010FA40F11D8274EEC86A39E6F0EE457AFE
:10F8E000B4EEE73A0120F1EE10FA3FF55CAE48B90C
:10F8F0000AE0B4EEE83AF1EE10FADAD4B0EE657A46
:10F90000F0EE687A84ED0B7AF0EE678A002A7FF4D5
:10F910005BAE5BE6B4EEE33AF1EE10FA40F1FD8146
:10F92000F4EEE38AF1EE10FA40F18D8274EE8A4A29
:10F930000122B0EE447AF0EE637A104674EEC86AA3
:10F9400024E7B4EEE23AF1EE10FA40F10882F4EE68
:10F95000E82AF1EE10FA40F37D8274EE8A4A012221
:10F96000F0EE627A022374EEC86AE9E574EEC86AC2
:10F970006346B0EE447A1046F0EE637A17E6012350
:10F980000BE64F689F4200F291808968994294BFCC
:10F99000032102218840CB40C9F82810C9F818007B
:10F9A00094E69CF8141049063FF585AED4ED107A24
:10F9B0000121D4ED116A89F82510AEEB0101E6EEC4
:10F9C000867AB1FA81F14909C4ED107A89F82610D6
:10F9D000C9ED057A72E61FED9D0A83ED009A1EE6D9
:10F9E000B37A5F0770D5F4F7ABFB2860002858D0D6
:10F9F000037D5C0600F1AA80CE4C96F80A9023782D
:10FA000009F0020213F0010100F0A780CA4990ED4D
:10FA10000D8A91F82C11C90753D55F0751D523F0F2
:10FA200001032370B6EE007AD0ED0C7A84ED0A9AC9
:10FA3000C7EE278A002A4AD090ED0A0A022384F8EA
:10FA40002430B0EE487AA0EE687AB4EEE97AF1EEAE
:10FA500010FA00F14281DFEDB97AB4EEE77AF1EE07
:10FA600010FA01D59FEDB67A84ED0A7A84ED0D9AED
:10FA7000FEF784FB04280BD02A68B37A126DC3F317
:10FA8000C001927AC2F3C0020A4362F3C303B372A5
:10FA9000AC4B00221A701B7803F0FF02002B3FF4DE
:10FAA00011AD05B0BDEC068BBDE8F08F012171E70B
:10FAB00091F91420002AC0F2F3801946FDF7B8FF2F
:10FAC000ADE500232370ADE7F4F740FB8DE719F0B7
:10FAD000040F84F8242084ED0E8A00F0EE80B0EE4E
:10FAE000498A84ED0D9AF4F75DFB2B6860EE007A8D
:10FAF00093ED0A7A93ED0D6AB4EEE77A84ED110A7C
:10FB0000F1EE10FA40F3A18077EE675AF0EE466A04
:10FB1000E5EEE86AF5EEC06AC4ED0E6AF1EE10FAA1
:10FB200040F2478177EEC87A032384ED0C0A84F80B
:10FB3000243067EEA87AC4ED0F7A99E7436B89ED1C
:10FB4000080AC9F8303084ED130A7DE501460A221F
:10FB50007D48EDF795FA28684EE7D0F80CE003F001
:10FB6000080790ED0D8AF7EE046A07EE90EA8368C5
:10FB7000DFF8D8C1B8EE677ADB0002970193C7EED1
:10FB8000087A4368D0ED108A4FEAC30A0368DF00A1
:10FB9000DCF800305B68C3E9027ACCF80030019FE2
:10FBA00090F810C01F6183F82CC0076DB0F812C028
:10FBB00086EEA77A5F63876DA3F82EC04FEACE0C5E
:10FBC0009F62C3ED088A83ED078AC3ED067AC3F806
:10FBD00014C090F811C0C4ED037A83F832C0476DA9
:10FBE00090F814C05F62029FCCF3C00AC4F808E02A
:10FBF00052EA070E83F830A084ED047A416584ED63
:10FC0000109A84ED019A00F0ED80D4ED0D7A94F80D
:10FC100000E027EEA77AC4ED0B7A61F3C30E80ED06
:10FC20000A7A84F800E0CCF3C0115FEADC1C83F8A8
:10FC3000311061D0437DD90700F19D80B7EE007A85
:10FC4000C7EE287AC4ED127AECE677EE485AF0EE69
:10FC5000466AB6EE005AE5EEA86A66EE856AF5EEEB
:10FC6000C06AF1EE10FA4EDDB4EEE66AF1EE10FA7B
:10FC70007DDD37EEC86A26EE286AB4EEE66A84EDCA
:10FC80000F6AF1EE10FA7ED5B4EE677A84ED0C0AB5
:10FC9000F1EE10FA40F0C480012384F82430E7E646
:10FCA0004A7DD2073FF509AF94ED0B7AD4ED127A75
:10FCB00020EE070A20EE270AFFE6F4F753FAB5EE26
:10FCC000400AB0EE408AF1EE10FA00F1D880F1EE71
:10FCD000C07A2868C4ED0D7A05E777EEA77AA7EE1B
:10FCE000C80AB5EE400AF1EE10FA00F1C380F1EE59
:10FCF000C07AC4ED0D7ABBE6816C003918BF0121D2
:10FD000083F831108EE6636B84ED0E9A2363AFE6C1
:10FD1000F0EE475AF0EE678ACBE50122B0EE447A66
:10FD2000F0EE637A1346EDE5F0EE638A012384ED8D
:10FD30000B4A49E464130120EC1A012017B7D138AB
:10FD400000000000A325012065E0000084200120C0
:10FD500008B184ED0B7AF0EE628A022334E4F0EE0F
:10FD6000627A0122022300287FF4CCADCCE5022385
:10FD700084F824307CE6F7EE007A63E700215248ED
:10FD8000EDF710FAC8E4D3ED0C7AB0EE480AC4EDF2
:10FD90000F6A77EEA77AC4ED0E6AA7EEA60AB5EE53
:10FDA000400AF1EE10FA60D4F1EEC07AC4ED0C7A9C
:10FDB0005EE6D3ED0C7A022377EEA77A84F824303E
:10FDC000A6EE677AB5EE407AB0EE470AF1EE10FA89
:10FDD00067D4F1EEC77A2378C4ED0D7A43F00803B7
:10FDE000237045E690ED0A0AB5EE400AF1EE10FAEE
:10FDF0004AD4F1EEC07AC4ED0B7A14E7334B41F0EC
:10FE0000010193F82C31B172DD077FF54AAE2378FA
:10FE100058073FF546AE237843F00203237040E6CF
:10FE200077EEC77A94ED0E7AA7EEE87A84ED0E7A33
:10FE30001EE6F0EE475A0123F0EE468A00287FF4D2
:10FE400038ADFFF7C0BB0122F0EE445AF0EE638AF2
:10FE500013462EE5F0EE475A0122F0EE628A0223A5
:10FE600000287FF426ADFFF7AEBB05F043FFF0EEB0
:10FE7000407A9BE705F03EFFF0EE407A39E705F067
:10FE800039FFF0EE407A24E7CDE90202019305F054
:10FE900031FF0298F0EE407A039A90F814C0019B6B
:10FEA000A9E705F027FFF0EE407A94E7074A43F010
:10FEB000010392F82C21B372D3077FF5F2ADA6E7C8
:10FEC00043F00103B372ECE565E00000EC1A012099
:10FED00008B5FEF753F910F07C0F03D0034B93EDF8
:10FEE0000B0A08BD9FED020A08BD00BF6413012084
:10FEF0000000000008B50A4B9B6A13B193F9320069
:10FF000008BD084B93F82930012B05D1F4F71EF9F1
:10FF100010B190F9110008BD4FF0FF3008BD00BFCF
:10FF200018090120480901204FF0FF30704700BF39
:10FF3000012070470020704738B50546064C6368BD
:10FF400098470346284613B12368DB689847E4685E
:10FF5000002CF4D138BD00BFC80C01204FF48060E4
:10FF6000704700BF0020704701207047704700BFF6
:10FF7000704700BF0120704701207047014B1B688C
:10FF8000184700BF0CF30020024B0246186802B16C
:10FF90001A6070470CF300200048704768E30020A7
:10FFA000154BA32830B51C6883B002D199688D7AAF
:10FFB00025B1234603B0BDE83040184740F20C425B
:10FFC0000E48019104F028FA019901220A4B2046BB
:10FFD0008A720A684A605968094AC2F8D010D2F891
:10FFE000DC209047044B074A1D60D2F8D83003B19B
:10FFF0009847012003B030BDC020012034140120F7
:02000004600298
:1000000008060120E0040120C0B2F5F793BB00BF51
:1000100010B5194C82B001462368C3B10190142079
:1000200007F094FE019968B1002223460160C26086
:1000300002E01A688A4217D01A46DB68002BF8D112
:100040000261D0604B683BB1436002B010BD4B68A9
:1000500020462160002BF7D18B789B0709D52368B8
:100060008B4206D0054BEFE707F078FE002002B088
:1000700010BD034BE8E700BFC80C0120B99C01008C
:10008000B59C0100436803B1184790F800C0154BB8
:1000900001E0DB68FBB11A6811786145F9D100B560
:1000A00092F801E041788E450AD0DB6833B11A68D6
:1000B00011786145F4D0DB68002BF8D1184600BDFB
:1000C000917882784A409207EFD48A0705D45A681B
:1000D0005DF804EB10471846704703490A4659601B
:1000E000F6E700BFC80C0120B99C010003781BB1E2
:1000F000024B1A6818608260704700BFB0FE002093
:10010000D0B1F8B50D4B0F4606461D6895B12B785A
:100110006BB1002402E02B78A34208D96868394605
:1001200000EB04100134B0470028F4D0F8BDAD68EE
:10013000002DECD10020F8BD00207047B0FE00205B
:10014000074B10B51C6DFEF719F8A047054BD86B8F
:10015000C0F3401080F0010000F0010010BD00BFAE
:10016000E00401204809012038B5124B1D68EDB1AB
:1001700004464FF0000C287898B16B68002203E029
:10018000824203F110030CD059780132A142F7D119
:10019000197811F0FD0FF3D1DB6813B120469847B1
:1001A0008446AD68002DE6D1604638BDAC46604659
:1001B00038BD00BFB0FE002010B51D4C82B0034614
:1001C000A26839B1D2B158681B68C01A18BF0120A3
:1001D00002B010BD002AF6D0827A02BB206850B16E
:1001E000144A61680193C2F8D010D2F8DC2090471D
:1001F0000022019B22600022A260E4E70D4A0E4823
:10020000D2F8D010A3606160D2F8DC100193884767
:100210000A49084A019B2060C2F8D010D3E740F297
:100220000C420749019004F0F7F8019BD6E700BFA4
:10023000C020012008060120259D0100AD9C010081
:10024000341401200E4BD3F8CC3010B504469BB1CA
:10025000984718B1812C02D07E2C00D010BD094BDC
:10026000094A93F8183192F82710C3F3001363F387
:10027000861182F8271010BDF5F75CFAE9E700BF98
:1002800008060120EC1A0120480901200378CBB9A7
:100290008278930716D430B50C4C83B0D4F8A431CF
:1002A00093B10A4641780546C8201031019298471B
:1002B0006978C720D4F8A431019A103198470120F9
:1002C00003B030BD002070471846F9E7080601204A
:1002D00070B504460B480D46A36A9847636C0BB192
:1002E00028469847A36C13B14FF000009847636B02
:1002F0000BB100209847236C03B19847236ABDE8EF
:1003000070401847B9F4000030B54F4C83B0E26933
:10031000002A5ED00190FDF731FF4C4B93F8852009
:10032000019B9A4250D0E3B1494B93F88C30002B9B
:100330004AD1002844D147480378062B52D0464B77
:10034000D3F8D430984794F85C3001203F4A23F02A
:10035000010382F8850084F85C3001F03DFB8721C1
:1003600027E03C490A78062A3AD03B4D58220193AF
:1003700005F1B40004F050F8062236490A70D5F8A9
:10038000E8200AB101989047A06D28B3A36A984766
:10039000D5F8D4309847002294F85C3001202B49DE
:1003A00062F3000381F8852084F85C3001F014FBCF
:1003B000802105222948ECF763FE012003B030BDFF
:1003C00040F201131842B6D1052287212348ECF7E9
:1003D00057FE002003B030BD636B01209847D7E77C
:1003E0001D4DD5E71C4D58221D4904F015F8D5F8D0
:1003F000E8300BB1012098470122E369002085F81D
:10040000B420C5F8D030636B9847A36AD5F8DC20D8
:10041000002001939047019B984794F85C309B071C
:1004200008D5236BE268C5F8E4306369C5F8C020DD
:10043000C5F8C830A268236AC5F8BC20626AC5F84E
:10044000D430C5F8D8207DE72808012048090120CC
:10045000940F01204CF70020080601208D9D01001B
:10046000BC0601202DE9F043854F83B00D46D7F837
:1004700000C0844500F0C380DFF844820446D8F809
:10048000001021B17F4E96F8B6309B071AD405BBF9
:100490007D4EB4422DD0FB685BB31A681846DB680A
:1004A000A242F9D10269D3600BB11A6102691468E2
:1004B000B44200F09A804FF00009019107F04EFC21
:1004C00001990EE0D6F80421704BC3E90012002D0B
:1004D000DED020460191FFF79BFD50B14FF000099F
:1004E00001992378042B5BD8DFE803F0565A6B1987
:1004F0000700002003B0BDE8F0836548FFF7C2FDA8
:10050000002840F09C80A5B1624B5E4E93F883506A
:1005100085B196F8B650ED4305F001050AE05C4858
:10052000FFF7B0FD002840F0858015B1594B93F8D6
:100530008350544E96F8B430012B37D0B9F1000FE8
:1005400071D158222146524803F066FF4F4B1A687A
:10055000A24264D03B68D6F8B820A34256D0002A05
:1005600039D0002D3CD14C4D4C4B4D48C6F8C430D1
:10057000D6F8DC309847D6F8E8300BB10020984721
:10058000D5F8A43013B196F8B4009847C8F80040E5
:10059000012003B0BDE8F08311B10B78002B53D1DB
:1005A000384E96F8B4300025012BC7D10020FFF754
:1005B000ABFE354A92F85C3043F0010382F85C30C0
:1005C000BFE73348FFF75EFD0028AED00021354875
:1005D000F7F766F9A9E7344BC6F8B830002DC2D05A
:1005E0002D4DE0682B689847BEE7126996F85C309D
:1005F000146803F00109002C08BF64465DE7B9B137
:10060000DCF80430002B34D07B60C1E77B682749DD
:100610008B4204BF244B7B60002AA2D1DCE75B68DD
:10062000C6F8043196E701212148ECF74FFE88E730
:100630001E4BE9E700211F48F7F732F975E7002163
:100640001D48F7F72DF95EE72046FFF71BFD002850
:10065000A6D0E36800210B4E1848C6F8C030F7F763
:100660001FF9E16B09B906E0E16B88470028FBD16F
:1006700097E70D4BC8E7F36B6420984791E700BFFD
:10068000C80C012008060120280801207024012040
:10069000BC06012048090120E0040120BD9C0100A6
:1006A000B9F40000C4D70020B59C0100B99C01003A
:1006B00079A4010094D70020ACD700207CD700207B
:1006C0007C0C012050B1012110B582B00446FFF727
:1006D000C9FE034618B9184602B010BD7047019014
:1006E00020460349FFF7D2FD019B184602B010BD1A
:1006F000DCD70020003818BF0120FFF705BE00BF7F
:10070000154A92F811321B0701D50320704713498F
:1007100010B50B890889C3F3C013114C83F0010392
:1007200063F3C710E36808810889C0F3C010C0F103
:100730000500C0B29847D4F89030074A1BB14FF477
:1007400000609847044A92F8110210F0080000D1A6
:1007500010BD032010BD00BF08060120480901207C
:10076000E0040120154A92F81032DB0601D503207F
:100770007047134910B50B890889C3F30013114C56
:1007800083F0010363F30410E36808810889C0F370
:100790000010C0F10500C0B29847D4F89030074A65
:1007A0001BB14FF010009847044A92F8100210F065
:1007B000100000D110BD032010BD00BF08060120AD
:1007C00048090120E0040120154A92F810329B06E6
:1007D00001D503207047134910B50B890889C3F36D
:1007E0008013114C83F0010363F38610E3680881E2
:1007F0000889C0F38010C0F10500C0B29847D4F852
:100800009030074A1BB14FF020009847044A92F8F5
:10081000100210F0200000D110BD032010BD00BF59
:100820000806012048090120E0040120034A044B86
:10083000D2F8B000002818BF1846704708060120FB
:10084000ECD70020034A044BD2F8D801002818BF87
:1008500018467047080601200CD8002003784F2B5B
:1008600015D0532B0AD0422B1AD10E4B0E4893F8B9
:10087000103213F0100F18BF00207047094B0B48BF
:1008800093F8113213F0080F18BF00207047054B82
:10089000074893F8103213F0200F18BF002070475C
:1008A000002070470806012024D8002064D80020CA
:1008B00040D80020034A044BD2F8EC01002818BFAE
:1008C000184670470806012084D8002010B50F4C48
:1008D0000F48D4F8C0309847D4F8C0300D48984736
:1008E000FBF7EEFA83691BB1D4F8C0300A48984789
:1008F0000A4AD4F8C03092691AB1094898470020D2
:1009000010BD08489847002010BD00BF0806012010
:10091000A4D80020CCD80020F4D80020E004012086
:100920002CD9002054D9002000B54FF0FF3083B0FF
:10093000E7F7A0FEC3681B6C43B10190984701988C
:10094000C3681B6C13B1002003B000BD032003B0CB
:1009500000BD00BF08B5EEF7B3F9034BC0B20028E5
:1009600018BF184608BD00BF70D9002008B50C4B51
:100970001A6893F81E11FF2A1A6894BF09480020CC
:1009800060F31F22FF2A1A608CBF0020012060F351
:10099000000183F81E11FAF7D5FE002008BD00BF44
:1009A000EC1A01200BF8030008B50E4B93F80B224C
:1009B00052070ED579B1D3F8482142B10846F2F773
:1009C00019FD60B1074BD3F84831984708B10020B2
:1009D00008BD032008BDBDE80840F9F779BB022037
:1009E00008BD00BF0806012010B5074C02210748CA
:1009F000F6F756FF00216420E36B9847D4F8EC31FA
:100A00009847002010BD00BF080601208CD90020A7
:100A10000120F8F7C5BF00BF0020F8F7C1BF00BF35
:100A20000120F9F71DB800BF0020F9F719B800BF81
:100A300000210120F9F774B808B50020F8F7B0FFDD
:100A40000020F9F70DF800210120F9F769F80022DC
:100A500040F27E311046BDE80840F8F7FDBE00BF09
:100A6000002240F27E310320F8F7F6BE002240F269
:100A70007E310220F8F7F0BE002240F27E311046AF
:100A8000F8F7EABE002941D00B7823B118B140F243
:100A90000313184237D0084630B595B015460022EA
:100AA0000DF107018DF80720E7F79CFE9DF8073050
:100AB00004465BB90BF0A2FD44280AD8237863B939
:100AC0002146E8B2FBF712FA9DF80730184615B038
:100AD00030BD0B23184615B030BD421C214602A87C
:100AE00003F09AFC0E4902A80AF02EF902E00AF07F
:100AF0002BF970B1E7F742FF094903468DF807006B
:100B00000028F4D0E2E7082318467047032318466C
:100B100070479DF80730002BD2D0184615B030BD75
:100B2000189E00200122FFF7ADBF00BF0022FFF793
:100B3000A9BF00BF70B5044692B020B140F20313C4
:100B4000184216D000240C4E6946E0B2FBF7F0F9CB
:100B50000346072043B9B3689847631C0124022B5E
:100B6000F2D1002012B070BD6946E0B2F7F724FC64
:100B7000F3E7082012B070BDE004012008B518B1F9
:100B800040F2011318420BD00B78233B072B05D8FA
:100B9000DFE803F0081404170404041A032008BD56
:100BA000082008BD4FF00200FBF786FA094B092028
:100BB000DB689847F0F778FF002008BD4FF0010090
:100BC000F2E74FF01000EFE7034B1B781846002BBD
:100BD000F2D0E9E7E00401200CE3002000B593B077
:100BE0006846FBF74BFB68460121F7F725FC002020
:100BF00013B000BD18B140F28313184211D000B5F4
:100C000095B081B1084601910BF0F8FC442805D855
:100C10000198FBF759F9002015B000BD032015B06D
:100C200000BD0820704702A80191FBF727FB01993E
:100C300002A8F7F701FCEEE701F06EBD0120F9F71D
:100C40008BBA00BF0020F9F787BA00BF0846F8F753
:100C5000E1BF00BF022808B50BD040B90220FDF764
:100C600093FA074B0420DB689847002008BD082052
:100C700008BDF0F719FF024B0520DB689847F4E741
:100C8000E004012008B5094B93F81C311B070BD574
:100C9000012807D8064B4FF4007106481B6C984793
:100CA000002008BD082008BD032008BDEC1A012063
:100CB000080601208409012008B5084B93F80B228F
:100CC000520708D5D3F8C02005489047034B054884
:100CD000D3F8C0309847002008BD00BF08060120A7
:100CE000BCD90020DCD900200B4A08B592F88E311F
:100CF000DA0707D5094B0A48D3F8C0309847064AA7
:100D000092F88E319B0704D5044B0648D3F8C030C7
:100D10009847002008BD00BFEC1A012008060120FA
:100D20000CDA00202CDA002010B110F4087F08D073
:100D300029B13D23C81E01F8013CE7F71FBE03207F
:100D400070470820704700BF10B5044682B00020ED
:100D5000E7F790FC6378C268522B04D0442B0FD085
:100D6000002002B010BD136C002BF9D00A4B0B48C9
:100D7000D3F8C030019298476378019A442BEFD1A1
:100D8000D36B002BECD0044B0548D3F8C030984708
:100D9000002002B010BD00BF0806012054DA002078
:100DA00078DA002040F2011303401CD01E4A00B53F
:100DB000D36E85B098471D4B93F88030102B14D01C
:100DC000430616D410F0010317D11949164A91F8B9
:100DD000261101F0030103291BD00093EFF70CFD4E
:100DE00068B12E2302E0184670473123184605B03B
:100DF00000BD3223184605B000BD1223F6E70D49A9
:100E000001900320C96888470198FDF7BDF9009B50
:100E1000ECE7D26D00939047EFF754F8C0B208B9F1
:100E2000009BDAE72D23E1E70806012048090120AD
:100E3000EC1A0120E004012030B5002593B069468A
:100E40002846FBF775F840B19DF8003053B96B1C8C
:100E50000125022BF3D113B030BD07216846F7F707
:100E6000CBFAF4E70949684609F06EFF04462046CC
:100E7000E7F784FD01462046F7F7BEFA0349002054
:100E800009F062FF04460028F1D1E0E7189E002037
:100E9000C3B223B1434B93F88E319B073ED510B5B7
:100EA00082B00446FDF76AF920BB3F49CB6E9847F4
:100EB0003E4A92F88030102B24D0410603D53223CD
:100EC000184602B010BDC30520D4DFF8D8C09CF886
:100ED0008E31D9071ED503F0220392F80CE05EEAAA
:100EE000030E17D002071CD59CF84031DB0718D43D
:100EF0000D23E5E7FDF742F940F201131842D4D182
:100F00000823DDE73123184602B010BD332318460D
:100F100002B010BD0523184602B010BD05231846C7
:100F2000704710F0010301D01223C9E72046019356
:100F3000F0F70CFE019B002830D11C4A92F800C04B
:100F4000BCF1000FBCD1FDF71FF9FDF769FFDFF819
:100F500060C00198DCF80C309847144A019B107B64
:100F600028B192F848C0104930EA0C000ED0019325
:100F7000EFF742FC019B0D4A0028A1D00B21012074
:100F800082F88010FDF700F9019B99E791F8AC21F8
:100F9000002A95D0FFF750FF019B91E7FF2818BF6B
:100FA00003468DE7EC1A01200806012048090120BC
:100FB000E00401204FF00000FFF76ABF4FF001008E
:100FC000FFF766BF4FF00200FFF762BF4FF004006B
:100FD000FFF75EBF51B30023084600B583B001AAF6
:100FE00069460093F2F70EF9E8B1DDED017AB6EE4D
:100FF000E77A37EEC77AB5EE407AF1EE10FA08D10B
:10100000FDEEE77A17EE901A002905DA002003B00A
:1010100000BD032003B000BD89B2002003B05DF81D
:1010200004EBF8F749BC022003B000BD0220704772
:1010300000B583B0D9B1002308466A4601A90193DF
:10104000F2F7E0F828B3DDED007AB6EEE77A37EE96
:10105000C77AB5EE407AF1EE10FA1DD1FDEEE77ACF
:1010600017EE901A00290CDA002003B000BD10F032
:10107000180F03D10120F6F765FCF5E7082003B04F
:1010800000BD002289B2012003B05DF804EBF8F73F
:10109000E3BB022003B000BD0320E6E710B50C4619
:1010A00082B0F1B1002301AA694620460093F2F70D
:1010B000A9F880B1DDED017AB6EEE77A37EEC77AAE
:1010C000B5EE407AF1EE10FA05D1FDEEE77A17EEB3
:1010D000900A00280ADA204602B0BDE81040F6F770
:1010E000AFBDF6F7E5FD204602B010BD80B202B0FC
:1010F000BDE81040F6F76ABD08B5F6F713FF064ADB
:101100000649536A896E43F00403536209B104200F
:101110008847002008BD00BF48090120E0040120E5
:1011200000B583B0D9B10023084601AA69460093EF
:10113000F2F768F828B3DDED017AB6EEE77A37EE1C
:10114000C77AB5EE407AF1EE10FA1DD1FDEEE77ADE
:1011500017EE901A00290CDA002003B000BD10F041
:10116000180F03D10120F6F7EDFBF5E7082003B0D7
:1011700000BD002289B2012003B05DF804EBF8F74E
:101180006BBB022003B000BD0320E6E7144B10B593
:1011900082B0997901A8E7F761F9124B1A89910792
:1011A0001BD59DF80610012093F8702003EB810CED
:1011B0008840DCF82C400243CCF87440596A0A4855
:1011C00041F4004183F87020826E596212B14FF4ED
:1011D00000409047002002B010BDC2F34002EDE78E
:1011E000940F012048090120E004012008B50B4BB1
:1011F000DB6E98470A4BC0F3001CC0F3C0211A896C
:10120000C0F340106CF304121A811A8961F3C712FB
:101210001A811A8960F386121A8108BD0806012016
:101220004809012003461A04F0B585B015D482B2EE
:10123000002A62D040F24111934D4FF000040A425F
:10124000A5F8860017D0FCF799FFB0F5807F54D041
:1012500005B0BDE8F040F0F727BC1F0600F1928012
:101260008A4A1A4092B21346002A46D0864D4FF061
:101270000004A5F886201E071F4665D4C3F3072186
:1012800011F0300F0E4600F08780C3F30031C4F335
:1012900007200192090120F03000009341F0200165
:1012A00001F030010143042061F30F2478490390D9
:1012B000096E8847DDE90032F80606D5F143288932
:1012C000C1F3C01161F3041028813046010706D52F
:1012D000C1432889C1F3C01161F3C7102881B90641
:1012E00006D5F1432889C1F3C01161F38610288126
:1012F00002F403621443A4B20CB905B0F0BD654A10
:10130000D2F890200AB1184690476307F5D5604B94
:10131000022161481B6C9847604B95F8272093F891
:1013200018315C49C3F300135D48D1F88C1063F3A6
:101330008612002385F8272080F890300029DCD021
:1013400005B0BDE8F0400847514991F81002000788
:1013500094D5534890F8900000288FD1B5F808C074
:1013600060F30C3C4D48A5F808C090F84001C60752
:10137000CDE9002351D40B6C402147489847DDE963
:1013800000237BE723F0800301214648CDE90033A9
:10139000EBF79CFF009B63E770060ED439061AD466
:1013A000B8074BD53A493C480C6C0821CDE90023DD
:1013B000A047DDE9002300247EE795F83810C9B185
:1013C0003349D1F8104100210846CDE90023A04758
:1013D000DDE90023EFE795F8381044F08004012997
:1013E00031D000212F48CDE90023EBF76FFFDDE975
:1013F000002361E7CDE90023FCF7C0FE10F0280FC1
:10140000DDE90023DCD0224923480C6C1021A047E1
:101410000D21DDE90023E971CDE7FCF7AFFEDDE941
:10142000002310BB1D49097E01297FF427AFCDE9B8
:101430000023FCF735FBDDE900231FE77907BAD568
:1014400044F0040438E7CDE90023FCF797FE0828B0
:10145000DDE90023C5D101460D48036C0E489847CD
:101460000D21DDE90023E97126E7FCF787FE20283E
:10147000DDE90023D6D0064907480B6C4021984788
:10148000DDE90023CEE700BF480901203088FFFFD7
:1014900008060120E004012084090120EC1A012043
:1014A000940F012075E60000034B93F8AC310BB1AB
:1014B000FFF7C2BC704700BF08060120024B1A6844
:1014C00018608260704700BFD8F1002000284AD021
:1014D0002DE9F843037806468846002B33D00024D4
:1014E000214F08E052F80900A847054670B90134B9
:1014F0003378A34227D972684FEA041902EB041328
:10150000DD68002DF3D01B7A5B07EBD424202B7809
:1015100083420CD0D7F8C83098477268D7F8C030EB
:1015200052F809009847D7F8C03010489847D7F8C4
:10153000C03028469847D7F8C0300D480134984746
:101540003378A342D7D8B8F1000F0AD0094BB66858
:101550009E4206D02EB13278002AC0D1B6689E4293
:10156000F8D1BDE8F883704708060120209E0020CE
:1015700050D9002098F2002010B5074C00212046D9
:10158000FFF7A4FF054B1868A04204D00121BDE875
:101590001040FFF79BBF10BD98F20020D8F100204B
:1015A0002DE9F04F0446407885B0002800F0DF8038
:1015B000671C3D2839463A4603D1CCE03D2800F06F
:1015C000C780A0F16103202800F05F060D46DBB262
:1015D00005D0192B98BF304605F8010B294612F8A3
:1015E000010F0028EAD10025042238460D70764903
:1015F00009F022FB002800F0C5803D21384609F0A3
:1016000087FA8246002800F0BA80A9460AF8015BF2
:101610006E4BDFF8C0811D682E7846B3002405E0CC
:10162000B9F1000F16D10134A64220D96A6823010E
:101630003846D15802EB041B0AF0B0FD0028F2D165
:1016400098F805209BF8083012B19A0740F18B807A
:10165000D807E5D4DBF80460FCF790FD5146B047AD
:10166000FF2840F081802E780134A642DED8AD6894
:10167000002DD1D1564BD3F89C30002B38D0984751
:101680000546002834D0534E95F800B0BBF1000F4A
:1016900028D04FF0000806E0B9F1000F15D108F18D
:1016A0000108C3451ED96C684FEA08123846A15894
:1016B00004EB08140AF072FD0028F0D17179227A47
:1016C00009B191074FD5D307E6D46468FCF756FDFE
:1016D0005146A047FF2847D195F800B008F101080E
:1016E000C345E0D8EB681BB1984705460028CBD12D
:1016F000374BD3F898408CB1BAF1000F48D03D2356
:101700000AF8013C324BD3F89840FCF737FD3946D4
:10171000A04700230AF8013CFF2825D1FCF72EFD45
:1017200028B1FCF72BFD40F20313184247D00023E9
:1017300003AA02A938460293F1F764FD30B19DED8A
:10174000030AB5EEC00AF1EE10FA26DA03200BE028
:1017500000283FF448AF013201F8010B12F8010BE9
:101760000028F9D13FE74F2005B0BDE8F08F184BB6
:1017700001905B689847019805B0BDE8F08F4FF085
:10178000010945E7601D05B0BDE8F04FF8F742BA22
:10179000FCF7F4FC3946A047BEE7F1F7AFFD00289F
:1017A000D4D0DDED037A5146FCEEE77A17EE903A9D
:1017B00098B2BAF1000F04D0FBF7D8F8D4E70820AC
:1017C000D2E7F6F7ABF8CFE7A0DA0020D8F1002097
:1017D000E00401204809012010B5154B82B00446F1
:1017E000997901A8E6F73AFE124AE3B2127E022A7C
:1017F0000BD09DF8061001228A40134203D00E4BF5
:1018000093F870201AB902B010BD0522F5E75A6AA4
:1018100000200A4942F4004283F87000896E5A623F
:101820000029F0D04FF40040884702B010BD00BF3F
:10183000940F0120EC1A012048090120E004012046
:101840000D4B10B593F81931DB0710D40B4B5A6CC4
:101850000AB19047094B0A4A996E536A43F4807360
:10186000536239B14FF48070BDE810400847F3F778
:101870004DFFEBE710BD00BFEC1A0120E004012092
:1018800048090120084A01F10C030C3073ED017A7C
:10189000243AD2ED276AF8EEE77A994287EEA67AE3
:1018A00020ED017AF2D17047EC1A0120B5EEC00AA2
:1018B000F1EE10FA01DC0020704700B52DED028B2F
:1018C00087B0B0EE408A6946FAF79CFB20B9002049
:1018D00007B0BDEC028B00BD164903A8164A06AB43
:1018E00071ED017A243AD2ED276AF8EEE77A87EEB5
:1018F000A67A23ED017A8342F2D1DDED047A9DEDE3
:10190000016A9DED037A77EEC67ADDED006A37EE67
:10191000667A67EEA77AE7EE077AB1EEE77AB4EE79
:10192000C78AF1EE10FAACBF0120002007B0BDEC71
:10193000028B00BDE0090120EC1A012010B582B035
:101940000446FCF71BFC04281C4B26D093F880208F
:10195000A24219D0142C2CD8194AE24012F00102EC
:101960002AD00A2C14BF01204FF480705A7183F8DA
:1019700080400193FCF708FC019B93F883202AB96F
:1019800093F88030102B01D002B010BD0D4B2046D3
:101990001B6902B0BDE810401847DA6B9206D5D437
:1019A000094A03F140002146936C02B0BDE81040A3
:1019B000184700220120D9E70120D7E74809012074
:1019C00006041200E004012008060120014B586AB9
:1019D000704700BF4809012008281CD00FD8B8B1B3
:1019E000012804D1124B93F80A32DB070FD5114AB4
:1019F000536A11490343896E536241B10847B0F5F8
:101A0000802FF4D10A4BD3F81C31002BEFD1704753
:101A1000084B58627047094B064A93F8183192F800
:101A20002510C3F3401363F3000182F82510DFE7AC
:101A30000806012048090120E0040120EC1A0120D9
:101A40002DE9F041254D2B68002B45D0244B1E6815
:101A5000002EFCD1234C236D9847D4F8DC30286845
:101A60009847E36C2E6098471F4D2B6853B11C4B71
:101A70001E68002EFCD1236D98472868E36C206710
:101A80002E609847194D1A4E2B7833B1002301224E
:101A900018481946D6F8B470B847174BD6F8BC208A
:101AA0009A4214D000231549E26E81F890302B70D1
:101AB0009047020709D594F810321B0705D5236C0F
:101AC00040210F48BDE8F0411847BDE8F0810D4BBB
:101AD0001B68C6F8BC30E5E7024CC5E7600E012084
:101AE000A41C012008060120B80D0120B125012009
:101AF000E0040120D40D0120BDC00100940F01209D
:101B0000840901206C120120014B1420DB68184766
:101B1000E004012008B5074BDFF828C0196F064A1A
:101B2000C3F870C00548D3F8DC3011609847044B07
:101B3000186008BD08060120B80D0120C5B90100D4
:101B4000600E01206DBA010070B51B4CD4F800E0A6
:101B5000BEF1000F24D0194BDEF810201969914214
:101B600025D0174A926922B3164D9C46D5F8D4E089
:101B7000BCE80F00CEF80000CEF80410CEF8082024
:101B8000CEF80C30DCF80000CEF810008020FFF713
:101B900023FFD5F8D43000221B692260C5F88830B5
:101BA000FFF74EFF084BBDE870401B681847054D16
:101BB000EFE79C46034DDBE738120120D40D0120EE
:101BC000E0040120940F0120280E01200F4B8446D1
:101BD00010B58E46186039B10D4B1B68A3B1714624
:101BE0006046BDE8104018470068DCF80C30DCF8AF
:101BF0000410DCF80820074C0FC4054BDCF810007B
:101C00001B682060002BEAD110BD00BF38120120F4
:101C10006C240120D40D0120074B1B6810B504462D
:101C200003B19847054B1B7F03B910BD2046BDE8A3
:101C30001040FFF7D1BD00BF60120120EC1A012057
:101C400010B51F4C7E2818BF812882B0236803F18D
:101C5000010323600CBF0123002317D1194A127816
:101C600002F0FF0162B9184A1278A2B1174A019333
:101C70001278F2B11648EBF729FB124B1870019B52
:101C800022681846013A226002B010BD114B1B6851
:101C900098470346F4E7104A00210193127F032A74
:101CA0000CBF0E480E48EBF711FB064B1870019B5A
:101CB000E6E711460B48EBF709FB019BE0E700BFA5
:101CC000A41C0120A42501209D2501209F25012081
:101CD00005BC0100600E0120EC1A0120B5C1010015
:101CE000FDC001008DB8010008B51C4B1A68013217
:101CF0001A60420714D51A4A127802F0FF015AB945
:101D0000184A1278A2B1184A12780AB31748EBF7AA
:101D1000DDFA134B1870114B1A68013A1A6008BDAE
:101D2000134A126890470D4B1A68013A1A6008BDB1
:101D3000104A0021127F032A0CBF0F480F48EBF70F
:101D4000C5FA074B1870054B1A68013A1A6008BDAE
:101D500011460B48EBF7BAFA004BDDE7A41C012053
:101D6000A42501209D2501209F25012005BC0100FF
:101D7000B80D0120EC1A0120B5C10100FDC0010021
:101D80008DB8010038B5104C054610492046FFF7C4
:101D900079FD0F4B0F4A9B7802EB830204EB830320
:101DA000D2ED137A93ED007AB4EE677AF1EE10FA81
:101DB00001D1012038BD29462046C3ED007ABDE897
:101DC0003840EEF7C5BD00BF58210120D4090120DD
:101DD0005C130120480901202DE9F843224C0546F7
:101DE000224E08202146DFF89480FAF70BF9B178EB
:101DF0001F4B04EB810203EB8103D2ED007ADB6C15
:101E000017EE909A136098F8003043B1194B0022F6
:101E100021461868184BD3F8B4700123B8472946F7
:101E20001148EEF795FD18B900242046BDE8F88367
:101E3000B37829460C4804EB8304C4F80090EEF70D
:101E400087FD04460028EFD098F80030002BECD036
:101E50000123084A084910681A46D1F8B4500021F5
:101E6000A8472046BDE8F883582101205C130120D3
:101E70004809012038120120E0040120B125012089
:101E800010B58AB06846F2F711FD9DF81430684627
:101E900043F001038DF81430FFF774FFE0B1194BE4
:101EA0001B7F022B1FD0184A6946184B92F800C0BE
:101EB00092F801E003EB8C04154803EB8E0200EB73
:101EC0008C0C00EB8E031268D4F800E0CCF800E034
:101ED0001A60EEF73DFD58B900230E490E4A0B700B
:101EE00013700AB010BD6846FFF776FF0028F3D0E4
:101EF000F3F70CFCF2F732FC08490948FFF7C2FC83
:101F0000EAE700BFEC1A01205C130120B81301209E
:101F100058210120A42501209F250120D40901205A
:101F20000C10012070B58AB04E4E4F4C68464F4D94
:101F3000F2F7BCFC9DF81420B378694642F0010228
:101F400020468DF8142004EB830205EB8303DB6C41
:101F50001360EEF7FDFC90B3454B93F81D315B0623
:101F60003BD43378434A04EB830102EB830391EDC6
:101F7000007AD3ED007AB4EE677AF1EE10FA0DD163
:101F8000737804EB830102EB830391ED007AD3EDC8
:101F9000007AB4EE677AF1EE10FA1ED0B37805EB52
:101FA000830104EB8303D1F84CC007CA84E807001F
:101FB00069462D48C3F800C0EEF7CAFC68B9F3F7CC
:101FC000A5FB00283CD12B7823B9687880F001006C
:101FD0000AB070BD00200AB070BDF3F797FB00286F
:101FE000EDD0F2F7BBFB24492448FFF74BFC204C13
:101FF000234BB4F8A410587EE5F782FD4FF0FF3074
:10200000E6F738FBB4F8AC20017890ED020AC0681E
:10201000FBF7D8FC94F81D1111F04001CFD1B07836
:10202000E6F784F9B3781348694600EB8303D3EDF0
:10203000007A77EE807AC3ED007AEEF789FCBEE78E
:10204000F2F78CFB0C490D48FFF71CFC0D4B0E4CB6
:102050001E6830687168B268F3680FC43069206028
:10206000B1E700BF5C13012058210120480901207D
:10207000EC1A0120B8130120D40901200C10012012
:10208000940F012038120120D40D0120824B1B68CF
:10209000002B00F0F980814A1B6912699A4200F016
:1020A000F18070B57E4C90B07E4D06468179204619
:1020B000E6F7D4F92B7F7C4A012B92F8482000F0F8
:1020C000A18002F00702072A40F0AF80032B40F006
:1020D000A080764A033B7649019218BF01230B701A
:1020E000FBF7DEFC734B4FF000005B6F9847019AE3
:1020F0000021D2F8B430704A11702BB12B7F013B14
:10210000022B8CBF002301236C496D480B706D4975
:10211000FFF7B8FB0021A078E6F708F9A378684A32
:1021200002EB8303D3ED007A77EEC07AC3ED007A39
:1021300003AB07CA83E8070006A8F2F7B7FB9DF8D0
:102140002C2042F001028DF82C2095F81E21530717
:102150006ED4A27810A9544B03EB820301EB8202E8
:10216000DB6C42F8343C0022574B1A7006A80193EE
:10217000FFF708FE019B002841D01B78002B68D098
:102180002378524D0DEB83016278D1ED037A05EB94
:102190008301D1ED006A0DEB8201F4EE676A91EDE7
:1021A000037AF1EE10FA08D105EB8201D1ED006A55
:1021B000F4EE476AF1EE10FA0CD005EB830306A9A2
:1021C00005EB82024148C3ED007A82ED007AEEF71A
:1021D000BFFBA0B1A37805EB83050DEB830395ED61
:1021E000007AD3ED037AB4EE677AF1EE10FA33D0C9
:1021F00006A93648C5ED007AEEF7AAFB60BB1220AF
:1022000010B070BDA17803FA01F10A40C9B2914241
:102210000BD1264A2E48D2F8BC1081423FF45AAF67
:10222000C2F8BC002B48016054E72E2010B070BDEE
:102230001D4B93F8482002F00702072A89D1224B50
:10224000012203A90A201A700193F9F7DBFE019B12
:102250008CE72B7F022B19D0F3F758FAF2F77EFAAE
:1022600018491D48FFF70EFB0122124B4FF4806105
:1022700086F890201B6C19489847F2F7EDFE002075
:1022800010B070BD002070472F20704706A8FFF7E0
:10229000A3FD0028E0D1B2E738120120D40D0120BF
:1022A0005C130120EC1A012048090120E004012000
:1022B0009D25012008060120A4250120B12501202B
:1022C000B8130120D40901209F25012058210120A5
:1022D000BDC001006C1201200C10012084090120F6
:1022E000114B1B689BB100B583B0019098470F4B11
:1022F000019A1B7D934201D003B000BD0C4B1A78AC
:10230000002AF9D00B4A12781A7003B000BD074BAF
:102310001B7D834200D07047054B1A78002AFAD003
:10232000044A12781A70704784120120940F012019
:102330009D2501209F2501200C4B1A89910703D46C
:102340000B4B1320DB6818470A4993F870208978F3
:10235000CA40D20700D4704703EB81020220134623
:10236000D26A5B6FD21AE6F719B800BF480901209C
:10237000E00401205C13012010B50B490B48FFF766
:1023800081FAFFF7CFFD0446FFF75AFB084B002008
:10239000DB68984734B1074B022107481B6CBDE846
:1023A0001040184710BD00BFD4090120582101205A
:1023B000E00401200806012084090120194BDFF800
:1023C0006CC003EB800318499CF84820D3ED007AD9
:1023D00091ED0B7AC24077EEC77AD207C3ED007A4F
:1023E0000AD500EBC00201EB820191ED0F7AB5EE48
:1023F000C07AF1EE10FA00D470470CEB8002D2EDF7
:10240000196A92ED167AF4EEE76AF1EE10FA77FEA9
:10241000A67AF4EEC77AF1EE10FA77FE877AC3ED6A
:10242000007A704758210120EC1A01204809012048
:102430002DE9F0438FB0082001A9F9F7E3FD04A8C6
:10244000F2F734FA9DF82430784A43F00103127809
:102450008DF82430002A42D1754C764D227863786D
:102460000DEB8201744E05EB8202496811600DEBA1
:10247000830205EB830352681A60337893B14FF0FF
:1024800001086E4B00226B4918686D4BD3F8B4708D
:102490000123B847B8F1000F04D1FFF7D1FA0FB00C
:1024A000BDE8F08304A96348EEF752FA0028F4D09F
:1024B000A37804A95F480DEB830205EB8303526800
:1024C0001A60EEF745FA5F4B00215B6A09918DF8BF
:1024D00014100493F8B9A078FFF770FFDDE7544CAF
:1024E00004A8FFF74FFC534D2278804663780DEB2C
:1024F0008201514E05EB8202496811600DEB8302A7
:1025000005EB830352681A603378002BB9D1B8F118
:10251000000FC2D0C6E73378002B54D1A078FFF764
:102520004DFF4FF0000204A94248EFF747F9012898
:10253000B3D145493F48FFF7A5F9A378B0EE007A3B
:10254000404A05EB8303D3ED007A77EE877AC3ED3B
:10255000007A92F81E311F07C3F3C00645D5136AEF
:102560000493002304A9334866F3C3031A46EFF724
:1025700025F9012891D1354BA17893F8704003EBF0
:10258000810224FA01F5D26AED0746D4884003EBB4
:10259000810104434FF400404A6783F87040FFF71D
:1025A0001BFA274B0F20DB689847FFF7BBFC04465C
:1025B000FFF746FA002C3FF472AF254B0221254865
:1025C0001B6C98476BE71D4B18681D4BD3F8B46024
:1025D00001231A46B0479DF8253060F3C3038DF8F8
:1025E0002530A078FFF7EAFE9BE7164F04A91148B3
:1025F000BB6A0493EEF7ACF900283FF44EAF3B6A98
:10260000B1EE007A0493A37805EB8303D3ED007A4F
:1026100077EEC77AC3ED007AA3E703EB81030220CC
:102620005B6FD21AE5F7BAFEBFE700BF9F25012016
:102630005C13012058210120B1250120381201200E
:10264000E0040120EC1A012074090120480901204E
:10265000080601208409012010B5214CD4F830313E
:10266000984780B9D4F8E0306BB14FF40040FFF7E1
:10267000B3F91C4B1B7F13F0FB0305D11A4AC4F8B6
:102680002C31C2F8D83010BD1849194A164B1948D8
:10269000C3F8D8101178C4F82C01B1B94FF0010C6F
:1026A000D4F82811D3F8B00082F800C0124A1160A3
:1026B000124A996CC4F82821114A1060114A124834
:1026C0001160124AC3F8B0009A64114B1A68002ACC
:1026D000D9D1D4F8A8110F4A1960C4F8A82110BDA7
:1026E00008060120EC1A0120E004012099B801003D
:1026F000AF25012011BE01006C24012051B9010059
:1027000060120120841201209DB9010065C0010002
:10271000280E0120CDB8010070B5604C8CB0237F2D
:10272000013B012B27D85E4B1B6823B35D4B197807
:10273000D1B95D4B1B780BBB5C495D48FFF7A2F834
:1027400002A8F2F7B3F8636A02935A4B9878FFF73E
:1027500035FE4FF0100202A95548EFF72FF8012877
:1027600023D02F200CB070BD534B1720DB68984747
:1027700000200CB070BD03200CB070BD4F4BB1EE0B
:10278000040A4D4A08201E68D2F8B4500191FFF7A0
:102790008DF80123024601993046A8479DF81D3067
:1027A00060F3C3038DF81D30C6E745494048FFF785
:1027B00069F8404B3E4AB0EE007A9B7802EB830307
:1027C000D3ED007A77EE877AC3ED007A94F81E3164
:1027D000C3F3C0021B0746D5236A0293102302A944
:1027E000334862F3C3031A46EEF7E8FF0128B8D175
:1027F00033492F48FFF746F82E4B616AF1EE007A15
:102800009A782B4B029103EB82032E49284893EDD3
:10281000007A01EB820202A937EE277AD2ED137A11
:10282000B4EEE77AF1EE10FA77FE877AC3ED007A1C
:10283000EEF78EF8002894D0F2F768FF002897D0C2
:10284000F1F78CFF20481949FFF71CF8217F1F4A38
:102850000229194B4FF00001DB6814BF1220112030
:102860001170984784E7A36A02A911480192029364
:10287000EEF76EF800283FF474AF0E4BB1EE007A1D
:102880000B4A9B7802EB8303019AD3ED007A77EE33
:10289000C77AC3ED007A236A02939FE7EC1A0120FE
:1028A000600E01209F250120B1250120D4090120BF
:1028B000582101205C130120E0040120381201207E
:1028C00074090120480901200C1001209D250120D8
:1028D0000F4A0379D2789A4217D90E4AC3EBC30341
:1028E000126802EB83035A685B7CD2E90001C3F3F0
:1028F000800302680A40002A18BF83F00103DBB29C
:1029000000EE103AB8EEC00A7047BFEE000A7047FA
:10291000F40D0120B00C01200E4B02791B7893427C
:1029200015D90D4B2C211B6801FB0233D3E906217D
:102930005B7A1268C3F380030A40002A18BF83F051
:102940000103DBB200EE103AB8EEC00A7047BFEEEA
:10295000000A7047F40D0120A80C0120364B374ABD
:1029600000B5DA62002832D1354A12788A422DD970
:10297000344A2C201971D2F800E000FB01F10EEB73
:10298000010002899A8342689A61120A22F0440C7B
:10299000427AC2F3801282F00102920142F00402F4
:1029A00002F0440242EA0C025A7602691EF8011053
:1029B0009A60426990F80AC05971806A2249DA60C7
:1029C000224AC3E9040CC3E908121B4800BD0128D0
:1029D00030D11B4AD2788A422CD91D4AC1EBC10C96
:1029E0001971D2F800E00EEB8C010A8A9A830A8AE8
:1029F0009A61120A22F044004A7CC2F3801282F0EB
:102A00000102920142F0040202F0440202435A76AB
:102A1000CA681EF82C009A604A6991F808C058717B
:102A200048680C491A610C4AC3F814C0D860C3E95D
:102A30000812CAE7002000BD8808012071CB010000
:102A4000F40D0120A80C012061C801009DC6010001
:102A5000B00C0120E1C7010055C6010070B51D4D45
:102A600082B0037995F803C0634508D31A4C2368F4
:102A7000187860452CBF0020012002B070BD164CB4
:102A8000C3EBC30391F800E0266806EB830393F8D9
:102A900011C0CCF38006764503D06EF3820C83F828
:102AA00011C016460A4649780346007D0029019266
:102AB00000930CBF0121042101F036FA16B995F8F4
:102AC00003C0D4E7DDE90001ECF7DCFB95F803C0B7
:102AD000CDE700BFF40D0120B00C012070B5254CEE
:102AE00082B0037994F800C0634530D291F802E0D7
:102AF000BEF1030F2BD0DFF884C00E78DCF8005055
:102B00000EF0030C4FEACC0C4CEA862C2C2606FB6C
:102B100003554B784CEAC33C174B2E890CEA030350
:102B200047F6E73C06EA0C0C43EA0C032B81037DD5
:102B3000BEF1000F11D10E460546714618460192AE
:102B400001F0F2F9019A82B92B7994F800C063453B
:102B50002CBF0020012002B070BDBEF1010F14BFD8
:102B60004FF0030E4FF0020EE5E731462846ECF732
:102B700005FBE9E7F40D01201884FFFFA80C0120F4
:102B8000F8B5494B1B78834247D9484A2C2315682E
:102B900003FB0055002944D0F3EE047A4B1E012BB1
:102BA00020EE270ABAFE400ABCEEC00A10EE104A18
:102BB00004F1010429D90E1F3D4F18BF01260BE077
:102BC0005CB3F2F749FA0021FB6B32209847013CD5
:102BD00023D0384B1B7803BB6B7AD5E906C0C3F30F
:102BE0008003DCF80010014000290CBF1A4683F076
:102BF0000102D2B29642E3D1DCF800201040002856
:102C000018BF83F00103DCB209E001293DD00223A3
:102C10001946AA8813EA521311D14FF0FF34204607
:102C2000F8BDD5E906326C7A1B68C4F38004134002
:102C30008B4218BF84F00104E4B22046F8BD1E4E5A
:102C40002846EA69336823EA02033360E4F7EEFEBC
:102C50003268EB6913421AD184B1154F06E0154B67
:102C60001B785BB9EB6932681A4210D1F2F7F4F9BC
:102C70000021FB6B32209847013CF0D14FF0FF342C
:102C800000212846E4F7D2FEC9E70B46C1E7AA694E
:102C90006C7A1268C4F380041340002B18BF84F0D0
:102CA0000104E4B2ECE700BFF40D0120A80C012000
:102CB0000806012048090120700E01200B4BDB782B
:102CC000834212D90A4BC0EBC0001B6803EB8003A0
:102CD0005A685B7CC3F380038B42D2E9000202D0C6
:102CE000C0F884207047C0F888207047F40D012098
:102CF000B00C012050B90C4B1B788B4213D90B4BF5
:102D00002C201B6800FB01339A62704701280AD10E
:102D1000054BDB788B4206D9054BC1EBC1011B6823
:102D200003EB81035A617047F40D0120A80C0120C8
:102D3000B00C0120DFF8ACC09CF800C0844531D94C
:102D4000DFF8A4C010B5DCF800C04FF02C0E84B042
:102D50000EFB00C0B0F804C01CF4787E25D0CCF384
:102D6000441C9E46003B22EA0C0C18BF0123BCF118
:102D7000000F18BF0023E3B9194C226DCDE9010300
:102D8000904701980021E4F751FE01980021028943
:102D9000416222F478720281E26C9047029B1846ED
:102DA00004B010BD0023184670477346184604B09F
:102DB00010BD0393B0F808C080F82110114662F3EB
:102DC000491C0292C0F824E0A0F808C00190E4F782
:102DD0002DFE039BDDE90102002AE7D1CCE700BF0D
:102DE00008060120F40D0120A80C0120037F13F038
:102DF000010F037907D00D4A2C20126800FB03F362
:102E0000D154012070470A4AC3EBC3038B291268CF
:102E100002F8231002EB830201D08E29F1D1537CFA
:102E2000012043F010035374704700BFA80C012029
:102E3000B00C01200C4AC169136800B50B43D0F8EF
:102E400024E01360BEF1000F0DD0436990F821001B
:102E5000D3E9002312681A4273465DF804EB14BFED
:102E600001210021184700BD700E0120084B1B688E
:102E70005BB108490279C978914206D902EB820216
:102E800003EBC20393ED090A7047BFEE000A7047D7
:102E9000C4130120800C01204FF0FF30704700BFA9
:102EA000037FDA0707D50379044AC3EBC30312682B
:102EB00002F82310037F03F001007047B40C0120D7
:102EC00070B5184D04468AB0E878A04205D884420F
:102ED0002CBF002001200AB070BD134AC4EBC4010E
:102EE000124BEE4612681B6802EB8102127E02EB67
:102EF000820203EBC20CBCE80F00AEE80F000646EE
:102F0000BCE80F00AEE80F009CE803008EE8030069
:102F100001A8ECF7FDF80146304600F085F8E878A6
:102F2000D5E700BF800C0120B40C0120C4130120A0
:102F30000B4B48B91878884206D90A4B2C201B68DD
:102F400000FB01339A627047DB788B4206D9064B4F
:102F5000C1EBC1011B6803EB81035A61704700BFDD
:102F6000800C0120AC0C0120B40C012038B50546C2
:102F70000C4630220021234807F050FD012D3FD19F
:102F8000214AD278A2423BD9204AC4EBC40E034660
:102F90000471D2F800C00CEB8E010A8A8283C2F35E
:102FA0004030C2F3072280F0010060F304125A7728
:102FB0005C7F9A8BC4F3801014F0300F9A61C2F3D7
:102FC000072280F0010060F3861211485A761CF83F
:102FD0002E205A71CA689A600A7A5A614A69D86280
:102FE0001A610BD00A7E0B4902EB82020A4C096877
:102FF0000A4801EBC202C3E90840DA60014838BD63
:10300000002038BDB8080120800C0120B40C01203C
:1030100025CC0100C4130120E5240060F1CB0100A0
:10302000EAF7E6B9704700BF02784378012A03F057
:10303000030317D0022A03D0101E18BF01207047C7
:1030400040684FEA431C00EB4313598030F80C00F2
:10305000411A101E198218BF0120998941F40051AC
:1030600099817047D0F804C010B5BCF8884102FAC5
:1030700003FE44EA0E14ACF888418078012825D07C
:10308000022817D060B903EB43030CEB4313D88934
:10309000401A5881BCF880314EEA0303ACF8803105
:1030A000BCF88831101E4EEA030E18BF0120ACF8A0
:1030B00088E110BD03EB43030CEB4313D982BCF84A
:1030C000803143EA0E23ACF88031E9E703EB430398
:1030D0000CEB4313D983BCF8803143EA0E13ACF8F0
:1030E0008031DDE7054A00EB4001054B02EB0012A1
:1030F00003EB810093784370704700BFE0FD002030
:1031000098FE0020054A02EB001293789907C3F35A
:10311000400002D523F0020393707047E0FD0020C9
:10312000074A53681168994206D0591C1344C1F3E9
:103130000901D87A516070474FF0FF30704700BFE7
:1031400014062020014B1A685A607047200A20207C
:10315000044B18685B68984238BF00F58060C01A5D
:1031600080B2704714062020064B40F2FF301A68E8
:103170005B689A4238BF02F58062D31AC01A80B2E7
:10318000704700BF14062020024B00211A685972B4
:103190005A60704714062020074B002118201A6837
:1031A00059725A6019681A6819440132C872C2F318
:1031B00009021A60704700BF14062020F8B5154CAC
:1031C0000746226863689A4219D02568124E013575
:1031D000C5F3080503E0D6F80432984770B1636878
:1031E000AB42F8D0236825601C44277272B60B4AA4
:1031F000936943F40003936162B60120F8BD074A66
:103200000749D36A0988C3F302238B42DDD2D06118
:10321000F3E700BF200A20200806012000801940A3
:103220009425012010B50446007830B10134FFF731
:10323000C5FF14F8010B0028F9D110BD49B138B50C
:103240000446451814F8010BFFF7B8FFAC42F9D15A
:1032500038BD70470A4A136850680A4A834238BF2B
:1032600003F50073181AD36A5269C3F30223C2F339
:10327000805282F001021344184480B2704700BFAC
:10328000200A202000801940014B1B68184700BF0E
:10329000640E0120024B0246186802B11A607047A2
:1032A000640E01202C4970B58E6934021AD54B6921
:1032B000180217D529482A4A4368B2F800C008E026
:1032C0002A7AC4F30803CA61CA6AC2F302226245B9
:1032D00004D20268C5185C1C9A42F1D143600268AE
:1032E0009A422FD0710203D51B4B5A69520217D450
:1032F000194D6B6913F4401F11D01A4E04E0EC69AC
:103300003368E0B2984780B1EB6A13F0E06FF6D112
:103310006B69DB0203D56B6943F480136B6170BD8D
:103320009A6922F480029A61E2E70F4A13685168B1
:103330000133C3F3090399420AD0116813600A44A8
:10334000D472E1E7044A936923F400039361C9E767
:1033500001235372D8E700BF00801940200A2020C3
:1033600094250120640E012014062020074A53688A
:103370001168994206D0591C1344C1F30901D87A47
:10338000516070474FF0FF30704700BF00002020B1
:10339000014B1A685A6070470C042020044B1868CF
:1033A0005B68984238BF00F58060C01A80B27047F1
:1033B00000002020064B40F2FF301A685B689A42FA
:1033C00038BF02F58062D31AC01A80B2704700BFBE
:1033D00000002020024B00211A6859725A60704781
:1033E00000002020074B002118201A6859725A60EB
:1033F00019681A6819440132C872C2F309021A60C6
:10340000704700BF00002020F8B5154C0746226821
:1034100063689A4219D02568124E0135C5F3080534
:1034200003E0D6F80432984770B16368AB42F8D035
:10343000236825601C44277272B60B4A936943F4D3
:103440000003936162B60120F8BD074A0749D36AB9
:103450000988C3F302238B42DDD2D061F3E700BFBA
:103460000C0420200806012000401840902501206F
:1034700010B50446007830B10134FFF7C5FF14F8E9
:10348000010B0028F9D110BD49B138B504464518E3
:1034900014F8010BFFF7B8FFAC42F9D138BD704703
:1034A0000A4A136850680A4A834238BF03F500731A
:1034B000181AD36A5269C3F30223C2F3805282F00E
:1034C00001021344184480B2704700BF0C0420204E
:1034D00000401840014B1B68184700BF680E0120D0
:1034E000024B0246186802B11A607047680E01204C
:1034F0002C4970B58E6934021AD54B69180217D55C
:1035000029482A4A4368B2F800C008E02A7AC4F37E
:103510000803CA61CA6AC2F30222624504D2026881
:10352000C5185C1C9A42F1D1436002689A422FD0C0
:10353000710203D51B4B5A69520217D4194D6B699E
:1035400013F4401F11D01A4E04E0EC693368E0B266
:10355000984780B1EB6A13F0E06FF6D16B69DB023C
:1035600003D56B6943F480136B6170BD9A6922F4D3
:1035700080029A61E2E70F4A136851680133C3F38E
:10358000090399420AD0116813600A44D472E1E732
:10359000044A936923F400039361C9E7012353723A
:1035A000D8E700BF004018400C04202090250120DF
:1035B000680E01200000202001460148FCF7FCBDF8
:1035C0000000202001460148FCF7F6BD140620202B
:1035D000064A936920B123F40013012093617047D8
:1035E00043F4001301209361704700BF008019402D
:1035F000064A936920B123F40013012093617047B8
:1036000043F4001301209361704700BF004018404D
:10361000094B0A499A69087510F0700022F01302EC
:103620009A6106D010289A6914BF132112210A4307
:103630009A610120704700BF0040184098FE0020AA
:103640000146044808B5044B19610BF00FFD012039
:1036500008BD00BF0040184098FE00200146044805
:1036600008B5044B59600BF001FD012008BD00BFF7
:103670000080194098FE0020094B0A499A69087297
:1036800010F0700022F013029A6106D010289A6997
:1036900014BF132112210A439A610120704700BF11
:1036A0000080194098FE00200A4B93F8810078B9F9
:1036B000094B1B7863B1094B1B78DB0708D5084A17
:1036C000084B10681B68C01A0E2894BF0020012008
:1036D000704700BF48090120BE250120BD250120FB
:1036E0004C21012080240120044A53681068834241
:1036F00088BF00F58060C01A80B27047280C202077
:10370000054B58681B68984294BF00F2FF3000F1E7
:10371000FF30C01A80B27047280C2020064B1820BA
:1037200019681A6819445A601A68C8720132C2F3DB
:1037300009021A60704700BF280C2020084B596806
:103740001A68914208D059685A6819440132C87AF7
:10375000C2F309025A6070474FF0FF30704700BF54
:10376000280C2020014B1B68184700BF10F30020D5
:10377000024B0246186802B11A60704710F300202D
:103780002DE9F8432A4B2B4D1B6898472B780BB13A
:10379000BDE8F88300F07CFB274A1368C31A312B7D
:1037A000F6D901232B70106001F0AEFF00283BD04A
:1037B000224E014673683268934294BF03F2FF338E
:1037C00003F1FF3314281E48A3EB0203A8BF142102
:1037D0009BB29942A8BF194601F006FF814618B373
:1037E000174CDFF8608008E032683360B318DF728E
:1037F000134B1B1B13EB090F16D014F8017BD8F8E1
:103800000030384698470028F2D133687268013397
:10381000C3F309039A42E7D14FF001037372084BD7
:103820001B1B13EB090FE8D100232B70BDE8F883B5
:1038300058120120AB250120A4100120280C2020C3
:103840002024012010F3002001460148FCF7B4BCFD
:10385000280C202008B501F065FF024B1A685A6059
:1038600008BD00BF280C2020002973D02DE9F047A7
:10387000DFF8889107460D46D9E90032002B48D180
:103880008A42D9F8080009F10C064BD2DFF86881AA
:10389000584C3946C9F8002000F0BEFDC9F8086050
:1038A000D9F8003033B101F0A3FF0A28D9F800306D
:1038B0000ED81BBBD9F804202046C9F8086026465C
:1038C000AD1A1744ADB2AA42E3D35DBBBDE8F087A1
:1038D000984228BF18468246D9F80800514601F0A0
:1038E0007DFFD9F80030D9F80820A3EB0A03524431
:1038F000C9F80030C9F80820002BDBD0D8F8043212
:1039000098470028CCD1C9F80860C9F80000BDE884
:10391000F0870B44934232D8D9F8080009F10C061D
:10392000AA42B3D32A46394600F076FDD9F80030D2
:10393000C9F808601D44C9F800503DB101F058FFB6
:103940000A28D9F8003006D8002B3ED1C9F8086003
:10395000BDE8F0877047984228BF18460446D9F85A
:103960000800214601F03AFFD9F80030D9F80820C4
:103970001B1B2244C9F80030C9F80820E4E709F10C
:103980000C06C9F8086001F033FF0A28D9F80030A6
:1039900007D81BBBC9F80860164ED9F8042030467A
:1039A000BEE7984228BF18460446D9F808002146C9
:1039B00001F014FFD9F80030D9F808201B1B22446D
:1039C000C9F80030C9F80820E3E70B4BD3F80432FC
:1039D0009847002897D0D9F80050AEE7064BD3F8A7
:1039E0000432984700288ED0D9F80030002BCAD175
:1039F000D0E700BF4010202008060120341020200E
:103A000070B5234C064608F0F9FD054623680344CB
:103A1000FF2B1DD802463146A0682E4400F0FCFC66
:103A20002368A2682B442A442360A26016F8012C64
:103A30000A2A02D06268934209D9164EA6602BB1B9
:103A400001F0D6FE0A28236808D8BBB9A66070BD6D
:103A500081B23046BDE87040FFF706BF984228BFEC
:103A600018460546A068294601F0B8FE2368A268FA
:103A70005B1B2A442360A260002BE7D0064BD3F8DF
:103A80000432984708B12368D9E72060A66070BD6A
:103A900034102020401020200806012003780BB1AC
:103AA000FFF7AEBF704700BF08B5074B1B683BB1BF
:103AB000064B187010B11846FFF7A2FF012008BD91
:103AC00001F078FE012008BD3410202040180120AC
:103AD000A94AAA4B90422DE9F047A94CD3F814E02B
:103AE0009969D4F80CC000F2088103F1437303F51F
:103AF000F4530333A3FB0023DB0D03EB830303EB3E
:103B0000830202F2B63240F227639A4228BF1A4675
:103B10009C4BA3FB0232D208203A984D0CF01F04B4
:103B2000D5F88030944243F0C003C5F880300BD202
:103B30002CF01F0C924C4CEA020CC4F80CC0236809
:103B4000002BFCDA0CF01F041EF0007327D18E4D01
:103B50002E698E4DB54300F0FA8081F4805576468B
:103B60004FF4805716F0605F06D02EF0605E4EEA8C
:103B7000030E824BC3F814E015F4405F07D021F424
:103B800040517E4D3943A961AB6C1B07FCD44EF00C
:103B9000007E7A49C1F814E08B6C9F06FCD47C4906
:103BA000884200F2DF80012635460EE0082D0CD158
:103BB000042E00F291800136022506FB00F38B42B1
:103BC00000F2C3805B008B4206D8013506FB05F38B
:103BD00000FB03F38B42E9D9771E05F1FF384FEA6A
:103BE000872A8EEA87276B4959186B4B99427CD9F3
:103BF000DFF8E4916C2369486349B0FBF5F0684D48
:103C0000B0FBF6F00E6835404D4508D043F4005344
:103C10004FF480550D600B600B68002BFCDA5749A0
:103C20000B6903F00703434504D0C1F810808B6C87
:103C3000DE03FCD417F4E05F0BD02EF4E05E0AF450
:103C4000E0534E4943EA0E0EC1F814E08B6C9D0719
:103C5000FCD4544D544945198D4239D8534BED0984
:103C6000A3FB05352D0B6B1E1B028EEA030111F41D
:103C7000407F07D02EF4407E03F440733F4943EA6F
:103C80000E034B613D494B6923F000734B618B6C14
:103C90009B06FCD4464BA242A3FB00134FF0FF311E
:103CA0004FEA9343B0FBF5F5B1FBF3F341490860EC
:103CB00041490D6041490B6008D22CF01F0C30497E
:103CC0004CEA0202CA600B68002BFCDABDE8F08700
:103CD0004FF440730425C8E7771E2E494FF00708BC
:103CE0004FEA872A59188EEA8727294B99421CD810
:103CF000DFF8E890362332487EE7324B984201D80D
:103D00000E220AE7304B984228D9304A904227D9F0
:103D1000821A2F4B120AA3FB0232D20902EB820253
:103D200002EB820202F2E242EDE6A3F1825329485D
:103D3000DFF8AC90A3F589337E3BA3FB01310B0D7B
:103D400003FB00F043EA090956E7012544E71F4653
:103D50008EF0C0560D464FF0C05303E70F22DCE64D
:103D60001222DAE6012603464FF0000A77464FF0AA
:103D70000008354637E700BF001C4E0E00C00F405C
:103D8000000008401F85EB5100800D40403000804E
:103D9000FFB19F26808D5B00FF7EF64D00643F4D96
:103DA0007F3001807FD1F0087F17B42C9F10E50091
:103DB00083DE1B434CEE002048EE00205418012007
:103DC00000B29F26FF0A6B1B00A4781F0046C32386
:103DD00023B24C00001BB7006C200080362000800E
:103DE0000020008000B970472DE9F84F012181467D
:103DF000224C234E234D54E8003F3268286844E8A3
:103E00000013002BF7D120494B684FF47A7BDFF881
:103E10007CA01B1A01270BFB02F8DAF80020A2FB9A
:103E200003235B4594BF9844D84454E8003F32686C
:103E3000286844E80073002BF7D14B68DAF800C01B
:103E40001B1A0BFB02F2ACFB03C3B3F57A7F94BFE2
:103E5000D21802F57A72A2EB0802B2F57A7F08D383
:103E6000B9F1010F08F57A7809F1FF39DDD1BDE824
:103E7000F88F01F02FFD0449D7E700BF5021012042
:103E80004C21012044210120001000E054180120A1
:103E900010B50F4B4FF0010C0E4CDFF844E053E827
:103EA000002F2068DEF8001043E800C2002AF6D197
:103EB000094B5B68094A5B1A4FF47A71126801FB7F
:103EC00000F0A2FB03238B4294BFC018401810BD22
:103ED000502101204C210120001000E05418012045
:103EE00044210120362812D802010C4B03EB0010AC
:103EF0009B58C268D3F804C01CEA020F03D039B142
:103F0000C3F884207047836829B9054A1A6070474E
:103F1000C3F888207047034A1A607047A0770020D2
:103F20003830010038F00100362831D802011B4B2F
:103F3000012903EB00109B5800B55A68D0E902EC48
:103F400012D0042910D022EA0C025A60C9B1022909
:103F50001FD003294FF015020CBF114B114BCEF8A7
:103F6000003043681A6000BD42EA0C0201295A6021
:103F700007D040F63803CEF80030436815221A60A7
:103F800000BD38231522CEF8003043681A6000BD0A
:103F90007047054BCEF80030EFE700BFA077002058
:103FA000383001003800010038F0010010B4134A25
:103FB0000020134B0121134CDFF84CC0C2F8F03243
:103FC000C2F8F402C2F8B810C2F8A000C2F8A440C7
:103FD000C2F8B0105369DB07FCD551619CF8003082
:103FE000DB07EFD41368054943F0010313600B6846
:103FF000DB07FCD462B610BC704700BF00802A40CB
:104000000504012401000F0000812A4010B5DFF8EB
:1040100040E04FF6FF7C0C480EF17E04A0F5805383
:10402000002203E0834202F1010203D21988023325
:104030006145F7D12EF8022FA64500F58050EDD14D
:10404000024B01221A7010BD00107C60A8250120CF
:104050005618012041F2BB03984238D81D4B10B5C9
:104060001B7882B05BB382081B4BDFF874C0A3FBE4
:104070000213D11A03EB510318495B09C3EB831EEA
:104080001C46A2EB0E033CF813C059184FEA4C0C27
:104090000A030CEB013CBCEB013F15D900F0030E09
:1040A000FF204EEA840E134602321B88D9B21B0A47
:1040B0008E4508BF18469445F5D802B010BD019052
:1040C000FFF7A4FF0198CEE7FF2002B010BDFF204C
:1040D000704700BFA825012005411004C007060055
:1040E0005818012062B170B505460C468E1820465E
:1040F0000134FFF7AFFF05F8010BA642F7D170BD01
:10410000704700BF30B583B072B6334B40F20645FE
:10411000324C9C610224DC610024C3F8A040C3F847
:10412000F0528518C3F8F442C3F8F842C3F8FC42D1
:104130004FF47024C3F8A4400124C3F8B04020F029
:104140001F03BFF34F8F4FF0E024C4F85C3F2033D0
:104150009D42FAD8BFF34F8FBFF36F8F1E4D6B692F
:10416000DC07FCD50123DFF87CC094B220F07F404F
:104170006B6144F47024C5F8F0C242F2012CC5F81A
:10418000F4C2C5F8BC30C5F8A000C5F8A440124C74
:10419000C5F8B03001E05B060AD4636913F001058D
:1041A000F9D04123636103B0BDE83040FFF7FEBEA4
:1041B000082A0DD842B10A48CDE9001200F02CF9C6
:1041C000DDE9001211442A46034B40205861E4E720
:1041D000A2F108050822EEE700802A40F05AF05AC2
:1041E00080812A403204180800B5864672B6294BF1
:1041F00002212948002298614FF47020D96140F2D1
:104200000641C3F8F0120121C3F8F422C3F8F822E2
:10421000C3F8FC22C3F8A020204AC3F8A4000EEA89
:104220000202C3F8B010BFF34F8F02F1200302F572
:1042300080514FF0E02C8B422CBF0121802102EBFA
:1042400041118B42CCF85C2F1A4603F12003F8D1C0
:10425000BFF34F8FBFF36F8F0E4A5369D907FCD559
:1042600001200F490F4B4FF4702C50610EEA0303ED
:10427000C2F8F0120749C2F8A030C2F8A4C0C2F8D0
:10428000B0004B69DB07FCD501235DF804EB4B6103
:10429000FFF78CBE00802A40F05AF05A00F0FFFF72
:1042A0002004180800F0FF0041F2BB03984200F21E
:1042B0008E80484B2DE9F0471B78C2B00E4605466C
:1042C000002B00F08180AB08434F05F00305A7FBEE
:1042D0000327DA1B07EB5207404A7F0945EA8705A7
:1042E000C7EB8717DF1B3E4B32F81740FB18600007
:1042F0004FEA033800EB0330B0EB033F68D9424686
:10430000FF21134602321B885FFA83FC1B0AAC456F
:1043100008BF19468242F4D38E4244D0B4F5006FF0
:1043200044D302AC4FF48072FF21204606F076FBA6
:1043300008F1020208F580532A48934294BF0123F2
:104340004FF40063424603EBC7231818400013469E
:1043500002321B888242D9B24FEA13236354F6D14A
:104360000DF1070966550DF2071A00254C46404627
:10437000FFF73AFF14F801CF02220DF1060108EB16
:104380004500631EBCF1FF0FA3EB090306D043EA0F
:104390000C230135ADF80630FFF7B4FE5445E9D1E2
:1043A0000E4B23F8175042B0BDE8F08702A945EA4A
:1043B0000625022201340D80FFF7A4FE074B23F8E7
:1043C000174042B0BDE8F087FFF720FE7BE770475B
:1043D000FF21A1E7A825012005411004581801205C
:1043E000C007060000003E3062B170B505460C46BD
:1043F0008E182046013415F8011BFFF755FFA64221
:10440000F7D170BD704700BF08B5FEF709FEFEF793
:1044100009FE01F05FFAFAE7844641EA000313F06F
:1044200003036DD1403A41D351F8043B40F8043BBB
:1044300051F8043B40F8043B51F8043B40F8043B7E
:1044400051F8043B40F8043B51F8043B40F8043B6E
:1044500051F8043B40F8043B51F8043B40F8043B5E
:1044600051F8043B40F8043B51F8043B40F8043B4E
:1044700051F8043B40F8043B51F8043B40F8043B3E
:1044800051F8043B40F8043B51F8043B40F8043B2E
:1044900051F8043B40F8043B51F8043B40F8043B1E
:1044A00051F8043B40F8043B403ABDD2303211D3BE
:1044B00051F8043B40F8043B51F8043B40F8043BFE
:1044C00051F8043B40F8043B51F8043B40F8043BEE
:1044D000103AEDD20C3205D351F8043B40F8043BBE
:1044E000043AF9D2043208D0D2071CBF11F8013BBC
:1044F00000F8013B01D30B8803806046704700BF82
:10450000082A13D38B078DD010F003038AD0C3F190
:104510000403D21ADB071CBF11F8013B00F8013B72
:1045200080D331F8023B20F8023B7BE7043AD9D331
:10453000013A11F8013B00F8013BF9D20B78037006
:104540004B7843708B78837060467047074A506A97
:10455000936A19468446506A936A9942F9D1844510
:10456000F7D1DB0B43EA4040704700BF00400D40ED
:1045700010498B6823F001138B608B68DB07FCD438
:104580008B6B0C4A23F001038B63936BD907FCD42C
:10459000C3030849400C53651065936B43F0010356
:1045A00093638B6BDB07FCD58B6843F001138B6047
:1045B000704700BF00400D4072B6EFF30583524CC8
:1045C000C4F884301EF0040F0CBFEFF30882EFF341
:1045D00009824FF0E0234D4DD3F8280DD3F82C1D60
:1045E000C4E92201D3F8341DD3F8383DC4E92413BB
:1045F0009369A83444F8103CD36944F80C3C00F0AB
:10460000CDF804ED020AFFF7A1FF0B2344F8040CD8
:104610004FF0FF323E4844F8283C2B6820210435F7
:104620005A4042F30003013903EA000383EA5202CD
:10463000F7D1A542F1D1344BC3F8A820BFF34F8F77
:104640004FF0E0233149334AC3F8701FC3F8702F8D
:10465000BFF34F8FBFF36F8F2F4A02242F48D36EC3
:104660002F4943F44053D3660460D3692D4823F0A7
:104670007F0343F04003D3610B68834240D8274D4A
:1046800000204FF0E0234FF0FF3228600121C5F8F1
:10469000080125480C460E46C5F80001C5F808116A
:1046A000C3F88021C3F88421C3F88821C3F88C2182
:1046B000C3F8902101E000F071F9D5F80C31002B1E
:1046C000F9D04F2CC5F80C6104F10104F3D9174B54
:1046D000022017494FF00042C1F840015A63D5F853
:1046E0000C313BB9134814490C4A0163D2F80C3120
:1046F000002BFAD04FF0E023104AC3F80C2DFEE750
:10470000FFF7E6F9BBE700BF00FF272080FF272067
:104710002083B8EDA0FF272000C00F4000400840D4
:104720004CEE0020803DCD0B009F240000900D40FA
:1047300000002E4000800F40F100AD0B0400FA0590
:10474000094A08B50346106823B1034407498B4260
:1047500001D8136008BD07F0D3FC0C2203464FF0CC
:10476000FF301A6008BD00BF60EE00200000282066
:10477000002070474FF0FF30704700BF4FF40053E8
:1047800000204B60704700BF012070474FF0FF30A2
:10479000704700BF30BFFDE7FFF70EBF124AD2F8E7
:1047A00080305B07FBD5D2F880301048C3F30B2371
:1047B0000F4990ED007A07EE903A91ED006AB8EE5D
:1047C000477A0C4AF8EEE77A0B4BD2ED006A77EEA7
:1047D000C77A93ED007AB8EE477A67EE867A87EE6D
:1047E000A60A37EE400A704700810D4044180120A8
:1047F0004C1801205018012048180120836B70B517
:1048000086460E4610461BB1536843F4004353607E
:1048100072B6DEF8342042B31B4B1060D3F8B021DF
:1048200032421ED1194C656805E06268A2EB050CA6
:10483000BCF5166F0BD2D3F8402142F48042C3F886
:104840004021D3F8B811D3F840215204EDD53140BE
:1048500007D10D4ACEE90201D2F8B0313343C2F894
:10486000B031CEF8340062B670BD0749CEE902021D
:10487000D1F8B0313343C1F8B031CEF83000CEF8C2
:10488000340062B670BD00BF00002E40001000E092
:1048900070B5056B95B12B46002403E01B6801340D
:1048A000012B0CD05A681206F8D5036306462CB1CA
:1048B0002846B36B2D689847013CF9D170BD0022A2
:1048C0000023C0E90C23F1E700B501BBDFF8A0C06D
:1048D000234B0021234A4FF0010E4FF00110996045
:1048E000C3F800E0CCE902314FF0800CC3F804C0FB
:1048F000C2F8BC01D2F8B0311B4843EA0E03C2F83B
:10490000B0310160D2F8B031002BFBD100BD0904F9
:10491000164BDFF85CC04FF0010E41F0800198604B
:10492000104A596000F58051C3F800E0D96000F5E5
:104930000051CCF84830196100F5405100F5804035
:10494000596100219861CCF84C10D2F8B03143F491
:104950008033C2F8B031D2F8B031002BFBD1B7E7C9
:10496000E002012000002E40580E0120000301202B
:1049700000000020074901220B78824023EA02034D
:104980000B7033B9044AD2F8483123F08003C2F8DF
:1049900048317047B825012000002E402DE9F0472E
:1049A000A64C82B0D4F84461F107C4F844614CD5F8
:1049B000D4F8AC31002B43D0A14DA24FDFF8B88220
:1049C000C4F8AC31D5E90A20D4F8403143F400539F
:1049D000C4F84031D4F840319B04F5D5D4F84031C7
:1049E0004FF0011123F40053C4F84031C4F8B4115E
:1049F000D4F8B43113F00113FAD191B284463B607C
:104A0000B1F5086F00F03A8100F2958040F2023E65
:104A1000714500F0928100F2A480822900F0E181CA
:104A2000B1F5817F00F0B381802940F09580864800
:104A300002210380FFF748FFD4F8AC31002BBFD12F
:104A40007E4AD2F8BC31002B42D1720616D57B4B80
:104A5000D3F8AC21C3F8AC21D3F8BC21C3F8BC21F6
:104A6000D3F8B041002CFBD14FF0FF32C3F8B42192
:104A7000D3F8843100F036FD744B1C60F40103D58B
:104A8000734B1B6803B19847B00103D5714B1B688A
:104A900003B19847710708D5684BD3F8843113F4F4
:104AA000007345D06C4B01221A70644BD3F8483127
:104AB0001A060AD5330608D5684A13782BB1013B8C
:104AC000DBB21370002B00F06D8202B0BDE8F087FE
:104AD0005C49C2F8BC310868034240F098815B4AE7
:104AE00012681340B1D01C0C554D1FFA83F810D03A
:104AF00094FAA4F7B7FA87F705EBC7104030FFF731
:104B0000C7FE012303FA07F7BC43F1D1B8F1000F48
:104B10009BD0012798FAA8F4B4FA84F405EBC410EA
:104B200007FA04F4FFF7B4FE38EA0408F2D18CE780
:104B3000494A1370B9E742F2212E71455AD049D83B
:104B4000B1F5106F00F0A28042F2210C614503D153
:104B5000010C072900F08C814FF00113C4F8C0311B
:104B60006AE7B1F5A06F00F0CA80A1F5D061012914
:104B7000F2D83B4B59680029EED01FFA8CFE120C7C
:104B800003E019690C330029E6D0B3F800C094455E
:104B9000F7D1B3F802C0F445F3D14FEA122C000C60
:104BA000BCF1030F00F0CB811B89834228BF034671
:104BB000B2F5007F9A4640F09A81274B1B78002B74
:104BC00040F0EE81274952462748DFF89C90FFF7D6
:104BD00023FC9EE142F22133994214D04FF6C003E8
:104BE0009942B9D183B2FF2BB6D843F46E4363F335
:104BF0000F0CBEE780B230B91C4B120C19681C4B6D
:104C000019601C4B1A700023C5F84880EB64C8F883
:104C100008300123C8F800308023C8F804304FF072
:104C20000113C4F8BC31D4F8B03143F48033C4F874
:104C3000B031D4F8B031002BFBD1FDE600002E409E
:104C400000000020580E0120E01301205C0E01201E
:104C50008424012088240120BF250120C0250120B3
:104C600050E70020A8610060401120204C21012065
:104C700080240120BD250120E0020120B34B012149
:104C8000B3481B780370FFF71FFED5E6AF49120C3F
:104C900001930A70AF4AC4F8C821AF4AC4F8CC21C6
:104CA000AE4AC4F8D02100F01FFC80220199AC4824
:104CB00005F0B4FEAB498022019BA9644A60AA4A70
:104CC000EB64C5F8A02002F13C428B6002F56C2237
:104CD00002F56F72C5F8E02001220A604FF0011260
:104CE000C4F8BC21D4F8B02142F48032C4F8B02119
:104CF0009E4A3B60D2F8B031002BFBD19CE699492B
:104D0000EB648B600123A9640B6080234B604FF040
:104D100001139649C4F8BC31D4F8B03143F4803360
:104D2000C4F8B031D1F8B031002BFBD1130C5B06C5
:104D300043F08073C1F854317EE610F0780F7FF4B1
:104D40000BAF00F07F028A4B000653F822104CBFD5
:104D500041F4803141F0010143F822100021814BE0
:104D6000E96499600121AB64196080217F4A596030
:104D70004FF00113C2F8BC31D2F8B03143F48033A4
:104D8000C2F8B031D2F8B031002BFBD154E610F0AC
:104D9000780F7FF4E1AE00F07F02754B000653F808
:104DA00022104CBF21F4803121F0010143F8221080
:104DB00000216C4BE96499600121AB64196080218A
:104DC0006A4A59604FF00113C2F8BC31D2F8B031D1
:104DD00043F48033C2F8B031D2F8B031002BFBD1AC
:104DE0002AE610F078037FF4B7AE00F07F01604A46
:104DF000000652F82110564A138036D5C90301D552
:104E00000123137002215248FFF75EFD14E60020D3
:104E1000086058490C88486842F221018C427FF4AE
:104E20005EAE80B200287FF45AAE5349534C03C99A
:104E3000A18086284FEA11412060A1717FF44FAE16
:104E400072B64F48017841F008010170D2F848115C
:104E50000D0605D480200143C2F84401C2F8481170
:104E600062B6484A5021117039E6CB07CAD5C7E768
:104E70004049EB60444BC1E900200122AB601A605D
:104E8000424A5A603C4A9A60D4F8B01141F001019C
:104E9000C4F8B01102F58051D96002F500511961D2
:104EA00002F5405102F5804259619A612F4AD2F8C9
:104EB000B031002BFBD12B49EB648B600123A9643B
:104EC0000B6048F280034B604FF00113C2F8BC3115
:104ED000D2F8B03143F48033C2F8B0314FF48033AC
:104EE000224A3B60D2F8B031002BFBD1A4E5B2F5E9
:104EF000E06F7FF468AE264B1B78002B4ED125491E
:104F0000DFF8949052464846FFF786FA072389F85F
:104F1000013029F01F0309EB0A02BFF34F8F4FF056
:104F2000E021C1F8703F20339A42FAD8BFF34F8F87
:104F3000BFF36F8F18485146FFF7C6FC7CE50B782E
:104F4000834228BF03469A463DE600BFBE250120A6
:104F5000E01301200200CC00C80002000200C800DB
:104F600080000020E00201205DCFC6B800002E4086
:104F7000C0012E40D8040120500E012078240120C9
:104F8000B8250120C0250120000301208000070072
:104F9000BF2501200C620060401120200449AFE7CA
:104FA000044910E60320FFF7E5FC0AF057F800BFBC
:104FB000A86100600C6200602DE9F043841E83B09C
:104FC000022C02D903B0BDE8F083124D90460F4683
:104FD000C60105EBC0143C2200210190201D99461A
:104FE00005F01CFDB8FA88F23904520941EA427111
:104FF0000122A951C4F83890A260B9F1000FE1D0A4
:105000000549019B9A400B681A430A6003B0BDE84A
:10501000F08300BF000000205C0E01202DE9F0436A
:10502000A0F1020E83B0BEF1020F02D903B0BDE8B9
:10503000F0839146C201124F884602F140060546B0
:105040003C220021F4190193201D05F0E7FCB9FA78
:1050500089FC4FEA0842019B4FEA5C1C42EA4C7211
:10506000BA510122A363A260002BDFD0054905F1EC
:1050700010000B6882401A430A6003B0BDE8F08359
:10508000000000205C0E012012044FF0010C816032
:1050900042F08002C0F800C0C36101F5805C01F5F8
:1050A0004053426001F5005201F58041C0F80CC048
:1050B0008161C0E904237047831E022B00D9704729
:1050C00000F1100C064B0A4603EBC01000B54FF080
:1050D000010E0EFA0CF15DF804EBFFF78FBB00BF79
:1050E00040000020831E022B00D970474FF0010CB6
:1050F000034B0A460CFA00F103EBC010FFF77EBB2E
:105100000000002040687047144B0A22DFF850C0AE
:10511000D3F8200220F07F4000EB800300B55B0055
:1051200085B0604538BF1846694600F083FCDFF85B
:1051300034C06B460022604619780132013341B118
:105140000A2A20F8021FF7D116228CF8002005B099
:1051500000BD52008CF8002005B000BD00441F4087
:1051600080969800C0FE002070B5164D4FF0E024E8
:1051700015494FF40032154E05EB401582B001EB96
:105180004021C4F88C210346328828460191FFF75C
:105190007BFF019933880B44BFF34F8FC4F85C1F2A
:1051A00020318B42FAD8BFF34F8FBFF36F8F0320AC
:1051B0002946FFF797FF4FF40033C4F80C3102B0D3
:1051C00070BD00BF20030120C01120208E250120CA
:1051D000264B1A884368C3F30E43D21A002AF0B54F
:1051E000C46983B028DD2248224D01782D78CBB2E6
:1051F000DFF894C0A942204D09D01CF803100F46D7
:1052000035F811100E46C1F500718A421AD90133E2
:10521000002125F81420082B184D88BF0B4625F8CF
:10522000141098BF19460CF80340154B017019680B
:105230000A441A6003B0F0BD204603B0BDE8F04058
:10524000FFF792BF0F4906EB47200192084401EB9C
:105250004421FFF7E1F8019A09492046B31825F8DF
:1052600017300B6813440B60E7E700BF8E25012061
:10527000B5250120B62501200814012018140120AD
:1052800004140120C011202028140120224B1A7878
:10529000002A3FD102F0FF03204A1278002A39D0B9
:1052A0001F4A1288002A35D01E49C2F5006210B587
:1052B000087884B01C4901EB40141C4901EBC02163
:1052C0002046CDE902230191FFF7DEFEDDE9011260
:1052D0000A44BFF34F8F4FF0E020039BC0F8701FCC
:1052E00020318A42FAD80193BFF34F8FBFF36F8FFB
:1052F00004202146FFF7E0FE0A480021084B02780F
:1053000019800132019BD2B2032A98BF1346037061
:1053100004B010BD704700BFBC250120BE25012090
:1053200092250120BB25012020040120C02120203E
:105330002DE9F04F87B00490002900F0BF800023D2
:105340005F4C604F4FF00109DFF890A15E4E029371
:1053500003915E4B5E4A1D783B8802EB451284F850
:1053600000900192002B40F0A58098461D469B4678
:105370000198FFF7C7FE10F0800000F08B80BFF3AC
:105380004F8F9AF8003084F800B00DB9D6F800803D
:10539000002B7BD13368A3EB0803782B00F28380CA
:1053A0004C4B1B78002B71D000F094FA3B88012500
:1053B00084F80090002BDBD044491A46C3F5006006
:1053C0000D78039900EBC520DFF814B191425844E1
:1053D00017D20593DDE903210192FFF71DF8019A29
:1053E0004FF04041059B9B1A3B803B4BC3F8841018
:1053F000BFF34F8F029800231044237007B0BDE81D
:10540000F08F0499FFF708F800230BEBC5214FF448
:1054100000620198FFF738FE0BEBC521BFF34F8FF9
:1054200001F1200201F50063934294BF0123402360
:105430004FF0E02201EB4313C2F8701F20318B4282
:10544000FAD1BFF34F8FBFF36F8F04200199FFF79D
:1054500033FE1E4A13780133DBB2042B28BF00232E
:1054600013703B88039AD11A029A1A44039102924C
:10547000049A1A4400230492174A3B80C2F88430ED
:10548000BFF34F8F237000297FF463AF029807B0FA
:10549000BDE8F08F4FF400620C4B8AF800001D78D5
:1054A00013463A808DE7012302988AF8003007B04E
:1054B000BDE8F08F1A46C3F5006082E70846E6E7CC
:1054C000BC250120922501204C210120BB25012073
:1054D00020040120BE25012000002E40BA25012015
:1054E000C0212020704700BF2D4B002180222D4875
:1054F00070B51B7800242C4E8B420CBF40234FF418
:1055000000732A4D33802B8005F088FA284A214603
:10551000284B14704FF4807227481C8005F07EFAE7
:10552000264A1021264B0220C2E90044C2E9024467
:10553000244AC3E900441470234AC3E90244234BBC
:105540001C70234614602246FFF768FD204B22465C
:1055500031880320FFF730FD2346012229880420EB
:10556000FFF75CFD20460134FFF7FEFD082CF9D162
:10557000184B00214A221848184C0460C3F88410C4
:10558000C3F88020D3F84821154942F08072C3F84F
:10559000482121B1134A137843F00103137070BD01
:1055A000BF250120200401208E2501209625012001
:1055B000BB25012092250120200301200814012091
:1055C00018140120B525012004140120B62501205E
:1055D00055EF010000002E408424012011F001004D
:1055E00000000000C22501202DE9F84F4FF40032E1
:1055F0004FF0E023C3F88C212B4B1C78002950D0AE
:1056000082468B46E4B20027DFF8B490274B504621
:10561000274AABEB07081B78A34204F1010437D0FB
:10562000092C244B244928BF00241E5D39F816306C
:1056300031F8165003EB4621ED1A1144A8452A46CD
:1056400017D21E4C42465046FEF7E6FE236839F854
:1056500016105846A3EB0B0388443B4429F81680E8
:1056600023604FF0E0234FF40032C3F80C21BDE873
:10567000F88FFEF7D1FE114A2F4430461368AA4432
:105680005B1B1360084A1470FFF76EFDBB45BDD865
:105690004FF0E0234FF400323846C3F80C21BDE848
:1056A000F88F0846DDE700BFB6250120B5250120AB
:1056B000C011202028140120081401200414012006
:1056C000181401200B4B0C4A12781978D3B28A4275
:1056D0000DD0013309480A4A092B0A4928BF002383
:1056E000C35C31F8131002EB4323585C70474FF052
:1056F000FF307047B5250120B62501202814012070
:10570000C011202018140120054B186800B1704703
:1057100000B583B0019000F0DDF8019803B000BD42
:10572000041401202DE9F84F144E154D33782A78D2
:10573000934220D0DCB2DFF85090DFF850B0DFF8B1
:105740005080104F0134082CA24601D90024A246F3
:1057500019F80400DBF8003038F8102037F8101082
:10576000521A9B1ACBF80030FFF7FEFC86F800A017
:105770002B78A342E6D1BDE8F88F00BFB625012003
:10578000B52501201814012028140120041401203B
:105790000814012000B583B001210DF10700FFF7C7
:1057A00023FF18B19DF8070003B000BD4FF0FF3094
:1057B000FAE700BF084B00B583B01B788DF80700EF
:1057C00033B101210DF10700FFF7B2FD03B000BDB9
:1057D00003F0FF0003B000BDBE250120034B1B7882
:1057E0000BB1FFF7A5BD03F0FF007047BE250120F8
:1057F0002DE9F04100240D4E01230D4DA0460D4F23
:1058000033703B782846A34205D0FFF77BFC0306A4
:1058100058BF08F5006801342035042CF1D1BFF3DE
:105820004F8F002340463370BDE8F081BC25012036
:1058300020040120BB250120204B1B7813B1204BF5
:105840001A8802B970471F4BC2F500621E481F49F3
:1058500030B51B7883B01E4C00EB431001EBC32125
:105860000123054623700023CDE90012FFF70CFC4D
:10587000DDE900120A44BFF34F8F4FF0E023C3F875
:10588000701F20318A42FAD8BFF34F8FBFF36F8F5A
:1058900004202946FFF710FC0A49002208480B782B
:1058A00002800133DBB2042B28BF13460B70BFF319
:1058B0004F8F074B1A7003B030BD00BFBE250120CB
:1058C00092250120BB25012020040120C021202099
:1058D000BC2501202E4B2DE9F0411E7886B1DFF862
:1058E000C88098F800305BB90123F10788F80030D0
:1058F00040D4B20727D4002388F80030730701D4BE
:10590000BDE8F081234B1A68002AF9D0EFF3058235
:10591000002AF5D1EFF3108572B61868002830D050
:105920001D4C217800292CD10122227042691A6075
:10593000002A2AD0916105B962B6002583684577AF
:1059400098472570DCE7154B1B78002BD3D0144FFC
:10595000002557F8044F236820461B69984710B16B
:1059600063699B6898470D4B01351A78EBB29A42F0
:10597000EFD8C0E7FFF7C8FE0028BAD0AFF3008029
:10598000B7E7002DBCD162B6BAE7064B1A60D2E782
:10599000C2250120C40A0120992501209A25012051
:1059A000BC020120D00A01209B25012070B5EFF335
:1059B000108272B60C4C206880B10C4E00254369F1
:1059C000236073B19D6102B962B6836845779847D9
:1059D000EFF3108272B620680028F0D102B962B6E7
:1059E00070BD3360EFE700BFCC0A0120C80A012078
:1059F000FFF7DCBF0449054A4968054B1960136885
:105A000001331360704700BF001000E04C210120FB
:105A1000442101200846FFF7CDBE00BF044B0228F9
:105A200088BF0346D3F800C01846DCF80430184796
:105A300050EE002001F1FF3C70B566464FF0000EBD
:105A400001E00EF1010EB0FBF2F402FB1403092B8E
:105A500003F1370598BF03F130059042204606F860
:105A6000015FEED201EB0E0300225A70BEF1000F6F
:105A700011D0481C70440CF102021CF8014F10F8C0
:105A8000015DA1EB0C03521A8CF80050013B04702D
:105A900073449A42EFDB084670BD00BF10B5002387
:105AA0004FF470440F224FF4806EA0F88C411946D9
:105AB000A0F88E214FF46044A0F890310A46B0F867
:105AC000883148F2B82C43F0F003A0F8883101EB9C
:105AD0004103013100EB431304299C80A3F806E045
:105AE0005A841A865A805A81A3F80EC05A82DA82E2
:105AF0005A83DA83EBD1B0F8883143F00F03A0F872
:105B00008831B0F8883143F47063A0F8883110BD53
:105B1000374B384A996F384841F47F0170B599671F
:105B200041F20106D3F8801045F6C05543F2260431
:105B30000A43C3F88020FFF7B1FF00F58040FFF76C
:105B4000ADFF00F58040FFF7A9FF00F58040FFF7AB
:105B5000A5FF0022A0F503104FF00F0E114600EB39
:105B600042134FEA421C01329981042A5981A3F859
:105B70000EE09E82DD8020F80C1019829C81EED10F
:105B800000221E484FF00F0E41F20106114645F665
:105B9000C05543F2260400EB42134FEA421C013287
:105BA0009981042A5981A3F80EE09E82DD8020F8B5
:105BB0000C1019829C81EED1002211480F2641F26F
:105BC0000105114645F6C05443F2260E00EB421380
:105BD0004FEA421C01329981042A5981DE819D825B
:105BE000DC8020F80C101982A3F80CE0EED170BD17
:105BF00000C00F40000003FC00C03D4000001E40FC
:105C000000401E4008B5D0E900325BB1BAB10F4B7D
:105C1000A3FB0213DB0803EB4303B2EB83030AD1BC
:105C2000012008BD094BA3FB0213DB0803EB430370
:105C3000B2EB830301D0D21A4260F02AF0D806F00A
:105C40005FFA1C22034600201A6008BDABAAAAAA6C
:105C500030B583B060B3044621B11D46B2FA82F379
:105C60005B09A2B9206818B362680AB3164B1749DA
:105C700002FB03F3B1EBB30F1AD3A368FBB9002304
:105C800023606360A360E360012003B030BD019333
:105C9000069BC0E90012C360FFF7B4FF60B1002D9E
:105CA000F2D0626801992068A56004F0B7FEEBE7C6
:105CB00006F026FA16230360002003B030BD002151
:105CC00004F0ACFEDBE700BFABAAAAAA55555515F8
:105CD000FFF728BDFFF7F6BCFFF75CBDFFF714BD6B
:105CE000FFF7AABDFFF784BD08461146FFF776BD52
:105CF00000F060BC00B52DED028BB0EE408A83B0A1
:105D000000F052FCB4EE488AF1EE10FA06D6DFED50
:105D10000C7AB4EEE78AF1EE10FA03D403B0BDECCE
:105D2000028B00BDCDED017A06F0EAF9DDED017AD6
:105D300087EEA70A2123036003B0BDEC028B00BDF0
:105D40000000000010EE103A104A23F00043934286
:105D500017D9B3F1FF4F02D330EE400A704700B5B8
:105D600083B0684600F0E4FE400000F00200DDED84
:105D7000010A9DED000AC0F1010000F0FFFD03B033
:105D800000BDDFED030A012000F0F8BDDA0F493F46
:105D90000000000010EE103AC3F3C752002BA2F12E
:105DA0007F01ACBF01204FF0FF301E290DDC002920
:105DB0001ADBC3F31603162943F400030ADD963AEF
:105DC00003FA02F202FB00F07047FDEEC07A17EE14
:105DD000900A70474FF480020A411A44C1F117013A
:105DE000CA4002FB00F07047013118BF0020704725
:105DF0000000000010EE101A10EE902AA1F5000C21
:105E00005000BCF1FE4F00F1FF336FF0807C7ED27A
:105E1000634538BF002080F0B980BFEE001B01F160
:105E2000404303F54D03C3F3C3426FF31603C91A8E
:105E300007EE901ADB15B7EEE75A07EE903AAF4B34
:105E400003EB021292ED024B92ED002B00B5A2EE95
:105E5000051B93ED403B93ED426B93ED442BA1EE7C
:105E6000036B93ED465BB8EEE77B37EE047B93ED77
:105E7000484BA1EE025B2DED028BA1EE047B21EEDF
:105E8000018BB7EEE00A28EE083BA8EE057BA6EEF4
:105E9000037B20EE077B17EE903A48F2BF01C3F375
:105EA000CF338B4283B04CD2B7EE000B944B93EDC3
:105EB000402B37EE023B13EE102A33EE423B02F04A
:105EC0001F01801803EBC10293ED424B37EE437B79
:105ED00053F831C0D2F804E093ED446B93ED465B88
:105EE000A7EE046B27EE074B002111EB0C020EEB23
:105EF000C033A7EE050B43EC172BA6EE040B20EEE8
:105F0000070BB7EEC00B03B0BDEC028B00BD6345C1
:105F100080F0B1804B00581E604580F093800029CE
:105F20004BDB0020B1F5000FBFF477AFDFED757AE2
:105F300020EE270A10EE103A23F00043A3F1386157
:105F40006BE79FED666BB4EEC67BF1EE10FA16DCE4
:105F50009FED646BB4EEC67BF1EE10FA43DD4FF0BB
:105F60004C53002860D00193DDED016ABFEE006A5A
:105F700076EE666AF4EE466AF1EE10FA94D003B05B
:105F8000BDEC028B5DF804EB00F0E6BA002869D0A6
:105F9000B1F17E5F3FD0B0F17F4F69D14B00B3F1DB
:105FA000FE4F6FEA020234BF00230123D20F934257
:105FB00000F08F809FED540A7047C2F3C7537E2BC9
:105FC00027D9962B64D80120C3F1960300FA03F376
:105FD000581E10421DD1134214BF0120002000049E
:105FE00021F000419EE79FED416BB4EEC67BF1EEE0
:105FF00010FA30D99FED3F6BB4EEC67BF1EE10FA8C
:106000007FF552AF03B0BDEC028B5DF804EB00F0FE
:106010009DBA00F0B9BA82F480035B0013F5000F5B
:1060200026D8B7EE000A70470093DDED006AB7EEA0
:10603000006A76EE866AF4EE466AF1EE10FA3FF4F4
:1060400033AF9CE7002920EE000A23DB0020BBBB16
:106050009A423CDB704703B0BDEC028B5DF804EB69
:1060600000F06EBA81F480035B0013F5000FD8D9FD
:1060700030EE200A70470028F4D04B00B3F17F4F78
:10608000F6D8B0F17F4FF3D1B3F1FE4F87D1C8E717
:106090000020A5E7C2F3C751A1F17F001728D5D88A
:1060A000C1F19600012101FA00F000F1FF3C1CEA69
:1060B000020FCBD11040CAD0B1EE400A0846C6E765
:1060C000002AC7DAF7EE007A87EE800A704700F000
:1060D00049BA20EEA00A7047AFF3008071D5D1FF16
:1060E000FFFF5F40E2AAA3FFFFFF5F400000000048
:1060F00000C062C00000000000A062C0F8030020E1
:10610000B00200200000004B0000000010B510EEAF
:10611000102AC2F30A53B3F57D7FB7EEC06A84B08C
:106120001BD226EE067BB3F5667F6CD326EE072BDB
:1061300027EE021B714B93ED1A3B93ED185B93ED29
:10614000164BA7EE035BA2EE046BB0EE460BA5EE7A
:10615000010BB7EEC00B04B010BD40F22E418B42D4
:1061600059D8664A92ED087B26EE077BFDEEC77B89
:1061700092ED0A5B17EE903A03F500031B169907A0
:1061800007EE903A54BF114602F17001DC07B8EEF9
:10619000E77BA7EE456B26EE067B1DD403F00303D9
:1061A00002EBC30291ED185B92ED000B91ED1A3BEF
:1061B00026EE000BB0EE456B91ED164BA7EE036B90
:1061C00020EE075B27EE057BA5EE040BA6EE070B82
:1061D000B7EEC00B04B010BD91ED144B27EE075B7A
:1061E00091ED126B91ED0E2BA7EE046B27EE054B94
:1061F00091ED0C0B91ED103BA7EE020BA5EE030BFE
:10620000A6EE040BE4E712F0FF4FE3D1B7EEC77B35
:106210008DED037ADEE7B3F5FF6F4CD2C2F38361F5
:10622000374B8DED010A03EB810C53F82110C2F3BB
:106230001603C2F3C25043F400038340DCF820008D
:10624000DCF810C003FB01F1A3FB00E0E3FB0C0151
:1062500001F100539C0F03F04043C91A01F038FBD1
:10626000019A9FED246B04EBD27241EC170B90075F
:1062700054BF224B234B27EE067BE10727EE076B2B
:106280001ED41E4901EBC20293ED185B93ED1A3B3D
:1062900092ED000B93ED164B27EE000BB0EE457B15
:1062A00020EE065BA6EE037BA5EE040B26EE056B47
:1062B000A7EE060B8CE704B0BDE8104000F064B90F
:1062C00093ED144B26EE065B93ED127B93ED0E2BB4
:1062D000A6EE047B26EE054B93ED0C0B93ED103BE5
:1062E000A6EE020BA5EE030BA7EE040B70E700BFB2
:1062F000AFF30080182D4454FB21193C20050020E9
:10630000F00A0020900500200000000010EE102A86
:10631000C2F30A53B3F57D7FB7EEC07A1ED2B3F550
:10632000667F72D327EE077B27EE071B734B93ED37
:10633000142B93ED125B93ED0E3BA7EE025B27EE61
:10634000012B93ED0C6B93ED104BA7EE036BA1EEBD
:10635000046BA5EE026BB7EEC60B704740F22E4100
:106360008B4255D8654A92ED086B27EE066BFDEE21
:10637000C66B92ED0A5B16EE903A03F500031B160E
:10638000990706EE903A54BF114602F17001D80702
:10639000B8EEE66BA6EE457B27EE076B1CD503F047
:1063A000030302EBC30291ED185B92ED000B91ED3C
:1063B0001A3B27EE000BB0EE457B91ED164BA6EE97
:1063C000037B20EE065B26EE056BA5EE040BA7EE25
:1063D000060BB7EEC00B704791ED144B26EE065B33
:1063E00091ED127B91ED0E2BA6EE047B26EE054B74
:1063F00091ED0C0B91ED103BA6EE020BA5EE030BFD
:10640000A7EE040BB7EEC00B7047B7EE000A70475B
:10641000B3F5FF6F53D2C2F38361394B03EB810CA9
:1064200053F82110C2F31603C2F3C25043F4000321
:1064300010B58340DCF82000DCF810C003FB01F14C
:10644000A3FB00E0E3FB0C0101F1005382B09C0FC1
:1064500003F04043C91A8DED010A01F039FA019A9F
:106460009FED246B04EBD27241EC170B900754BFE5
:10647000224B244B27EE067BE10727EE076B20D546
:106480001E4902F0030201EBC20293ED185B92ED8C
:10649000000B93ED1A3B27EE000BB0EE457B93ED1E
:1064A000164BA6EE037B20EE065B26EE056BA5EEF3
:1064B000040BA7EE060BB7EEC00B02B010BD00F048
:1064C00063B893ED144B26EE065B93ED127B93EDD0
:1064D0000E2BA6EE047B26EE054B93ED0C0B93EDF5
:1064E000103BA6EE020BA5EE030BA7EE040BE2E7B2
:1064F000AFF30080182D4454FB21193C20050020E7
:10650000F00A00209005002010B582B08DED010A40
:10651000044605F0F5FD9DED010A046002B010BDD2
:1065200030B1F1EE407A27EE800A2220FFF7ECBF6F
:10653000F0EE407A27EE800A2220FFF7E5BF00BF89
:106540009FED010AFFF7ECBF000000109FED010A6C
:10655000FFF7E6BF0000201A9FED010AFFF7E0BF3A
:10656000000000709FED070AF7EE007ABFEE007A98
:1065700000284FF0220047FE877A87EE800AFFF757
:10658000C3BF00BF0000000070EE407AB4EE400AC6
:1065900087EEA77AF1EE10FAB0EE470A02D6212074
:1065A000FFF7B2BF704700BFB1EEC00A704700BF2F
:1065B0000000000070B5B0EE407B84B08DED001B94
:1065C000DDE9002053425F4920F0004E13434EEABC
:1065D000D3738B423ED810EE10CA17EE904ACCF11E
:1065E0000003264643EA0C0324F0004444EAD37334
:1065F0008B422FD800F1404303F58013134336D06C
:10660000831703F002035CEA040C43EAD67327D035
:1066100052EA0E0230D08E453CD08C422CD0A4EBF6
:106620000E02B2F1747F4FEA225130DA00283DDACF
:106630003C313BDA9FED350B012B4DD0022B42D084
:1066400063B19FED346B9FED357B30EE460B30EE42
:10665000470B03E09DED006B36EE070B04B070BDF9
:10666000022B0ED0032BF9D19FED2E0BF6E704B0D1
:10667000BDE8704000F06EB8002E05DB9FED2B0BDF
:10668000ECE79FED260BE9E79FED2A0BE6E79FED90
:10669000270BD1E7744503F1FF3326D0022B2CD80A
:1066A000294A02EBC30393ED000BD7E7B0EE470B8B
:1066B0009DED007B80EE070B039300F055F900F091
:1066C00049F8039BB8E79FED136B9FED147B30EE09
:1066D000460B37EE400BC1E710EE901A53EC102B2F
:1066E00001F1004343EC102BB8E7022B08D8174AFE
:1066F00002EBC30393ED000BB0E79FED040BADE796
:106700009FED0E0BAAE700BFAFF300800000000072
:1067100000000000075C143326A6A13C182D445449
:10672000FB210940182D4454FB2109C0182D445465
:10673000FB21F93F182D4454FB21F9BF182D445477
:10674000FB21E93F0000F07F98020020800200203A
:1067500000000000B0EE407B17EE902A7B4922F04B
:1067600000438B4209D97A498B4261D85CD0002A18
:1067700040F386809FED590B704700B575492DEDAC
:10678000048B8B4283B062D8A1F1DE718B4252D967
:106790004FF0FF339FED539B27EE075B25EE056B14
:1067A0009FED528B9FED530BA6EE098B9FED532B64
:1067B0009FED544B9FED559B9FED561BA6EE090B8D
:1067C000A0EE062B9FED553BA2EE064BA8EE061B56
:1067D0009FED542BA1EE063BA3EE062B9FED533B02
:1067E000A4EE063B9FED534B591CA2EE064B23EE45
:1067F000066BA4EE056B26EE076B4AD05649574848
:1068000001EBC30100EBC30393ED004B91ED000BD3
:1068100036EE446B36EE476B002A30EE460B32DB29
:1068200003B0BDEC048B00BD10EE103A002B9ED0DF
:1068300037EE070B70479FED416BB7EE005B30EE14
:10684000066BB4EEC56BF1EE10FAA1DDE8E7CDE919
:10685000003200F089F84249009B019A8B421ED811
:10686000A1F550218B422FD8B0EE007BBFEE006B1C
:1068700030EE075BA0EE076B002386EE057B89E711
:106880009FED300B7047B1EE400B03B0BDEC048BB5
:1068900000BD37EE460B03B0BDEC048B00BD3149A3
:1068A0008B420BD2B7EE087BB7EE006B30EE475B46
:1068B000A0EE076B022385EE067B6BE7BFEE006B55
:1068C000032386EE007B65E7B7EE007B012330EE05
:1068D000475B30EE070B85EE007B5BE7182D4454D9
:1068E000FB21F93F11DA22E33AAD903FEB0D76241C
:1068F0004B7BA93F9AFDDE522DDEADBF6D9A74AF82
:10690000F2B0B3BF711623FEC671BCBF2F6C6A2CE8
:1069100044B4A2BF513DD0A0660DB13F6E204CC51E
:10692000CD45B73FFF8300922449C23FC4EB9899FD
:106930009999C9BF0D5555555555D53F9C7500883A
:106940003CE4377E182D4454FB21F9BFFFFF0F4470
:106950000000F07FFFFFDB3F000600202006002044
:10696000FFFFF23F0080034010EE901A53EC102B13
:1069700021F0004343EC102B704700BF08B510EE28
:10698000103A23F00042B2F1465FF0EE407A0FD2A7
:10699000BDEEC07A17EE101AF9B9431C134300F08C
:1069A0009E80012803D0BFEE007A87EE270A08BD3B
:1069B0004E498A4211D39FED4E7ADFED4E6A002B8D
:1069C000BCBFF1EE600AF1EE407A77EE677A36EE00
:1069D000E07ADFED490A77EE277A67EEA76ADFED06
:1069E000474ADFED475A9FED475A9FED476A3F49B7
:1069F00026EEA67A8A42E7EE245AA7EE056ADFED74
:106A0000434A9FED435AE5EE874AA6EE075ADFED6B
:106A1000415A9FED416AE4EE875AA5EE076ADFED21
:106A20003F4A9FED3F5AE5EE874AA6EE075A9FED93
:106A30003D6ADFED3D5AA4EE876AE5EE075AB0EEF7
:106A4000467AA5EEA67A27EEA65AB0EE606AA7EEC1
:106A5000056ADFED364AE6EE260AE5EE240A37EE51
:106A6000A00A1ED20128A2D0BFEE007AC7EE006AAB
:106A700010EE103A6FF30B0306EE103A16EE903A52
:106A800076EE677A6FF30B0300EE103A70EEE70ACA
:106A9000F7EE007AE6EE007AE0EE807AA7EEA60A3C
:106AA00008BD07EE100AF8EEC76A20EE007A30EE55
:106AB000260A9B1787EE006A03F00203C3F1010365
:106AC000F0EE005A36EE606A07EE103A77EEC67ABC
:106AD000B8EEC77AE7EEE56A26EE870A08BD00F051
:106AE0005DF9B7EE007A87EE000A08BD40A12C3FA1
:106AF000DA0F493F68212233000000005FAE9BB7E8
:106B000045F4A3388453D9377AC09538C8261A3A41
:106B1000B937813916696B3B48DEBE3AA427B33CCE
:106B20001F37113C8988083ED10D5D3DABAAAA3EB6
:106B300010B510EE104A8B4A24F00043934288B0FF
:106B400070D9894A934222D824F00043002C9FED4B
:106B5000877A874A23F00F0340F3EB80934270EE6D
:106B6000477A09BF9FED837ADFED836ADFED836AA1
:106B700077EEC77A37EEE67A77EEC77A80ED007A5D
:106B800077EEE67AC0ED017A012008B010BD7C4AAC
:106B90009342014654D9B3F1FF4F4AD2DA15863AEF
:106BA000A3EBC25307EE903ABDEEE77ADFED756ACC
:106BB000B8EEC77A77EEC77A8DED057A67EEA67ADA
:106BC000BDEEE77AB8EEC77A77EEC77A8DED067A32
:106BD00067EEA67AF5EE407AF1EE10FACDED077A7F
:106BE00040F09280B5EE407AF1EE10FA40F08E80DF
:106BF0000123654801900220009005A8029100F051
:106C0000D5F8002C0299C0DA91ED007AD1ED017A25
:106C1000B1EE477AF1EE677A81ED007AC1ED017A43
:106C20004042B2E7002380ED000A4360002008B034
:106C300010BD70EE407AC0ED017AC0ED007AF5E744
:106C4000CDE9023000F0AAF89FED507A9FED476A37
:106C5000F6EE007AE0EE077ADDE90231FDEEE77A42
:106C60009FED457AF8EEE76A17EE900AA6EEC60A9F
:106C70001F2866EE877A30EE677A20DCDFF818C1CD
:106C800000F1FF3E24F000425CF82EC022F0FF022B
:106C9000624514D081ED007A30EE470A002C30EEC8
:106CA000670A81ED010ABFF670AFB1EE477AB1EE27
:106CB000400A81ED007A81ED010A404265E717EE56
:106CC000102AC2F3C752C2EBD352082AE2DD9FED6D
:106CD000297ADFED2A5AB0EE406AA6EEC76A70EE56
:106CE000467AE6EEC77AD6EEA57A36EE677A17EEE2
:106CF000102AC2F3C752C2EBE353192B08DCB0EEE3
:106D0000460A81ED007AC7E7032372E7022370E7A2
:106D10009FED1F7ADFED1F5AB0EE460AA6EEC70AB6
:106D200076EE407AE6EEC77AD6EEA57A30EE677A4E
:106D3000B0E7934270EE077A09BF9FED0E7ADFED60
:106D40000E6ADFED0E6A77EE877A37EEA67A77EE77
:106D5000C77A80ED007A77EEA67AC0ED017A4FF01F
:106D6000FF3012E7D80F493FE3CB1640800FC93FF1
:106D7000D00FC93F004435374344353708A3852E2B
:106D8000800F49430000804304E4002084F9223F3F
:106D900000A3852E32318D2468E2002010EE103AD7
:106DA00023F0004300EE103A704700BF2DE9F04F8A
:106DB0002DED048BDBB01C46039381461346689887
:106DC000CB4A04F1FF381C1D52F82050C0F26682F5
:106DD000DA1E48BF1A1DD21004920132D200069268
:106DE000069A15EB0806A3EB02021BD404989FED4C
:106DF000C47A699F0136A0EB080006441EAC9C468D
:106E00000028A4BF57F8203007EE903A00F10100A7
:106E1000ACBFF8EEE77AF0EE477AB042E4EC017AE4
:106E2000EED16346002DC0F2EC800398B8F1000F5C
:106E30000DF58C7C464605EB000EB8BF0024C0F271
:106E4000D38003981EAF07EB8007840009EB800016
:106E5000DFEDAB7ABB46CA46FAEC016A3BED017A3C
:106E60008245E6EE877AF7D101367645ECEC017A79
:106E700007F10407ECD109A8CDE9071300EB850061
:106E80000DF1280A9FED9B9ADFED9B8A05904C44FB
:106E90000AEB8507AB4646AE019510460DEB8B031A
:106EA000BBF1000F93ED460A4FEA8B0515DD731910
:106EB000524660EE097AB0EE407AFDEEE77A73ED65
:106EC000016AF8EEE77AB342A7EEE87A37EEA60A4F
:106ED000BDEEC77AA2EC017AEBD1029000F0B2FAD3
:106EE000B0EE408AB4EE000A28EE000A00F018FB6B
:106EF000F2EE007AA0EE678A02980028FDEEC89AAA
:106F0000F8EEE97A38EE678A7EDD0BF1FF31C0F1E9
:106F100008035AF821E04EFA03FC0CFA03F3AEEB37
:106F2000030EC0F1070219EE903A4EFA02F26344E2
:106F3000002A09EE903A4AF821E000F3FA80B5EE13
:106F4000408AF1EE10FA70D1019B9B450CDD0AEBF3
:106F500005030021944653F8042DBB4241EA020187
:106F6000F9D1002940F04681019B013B0BF1010E54
:106F70005AF82330002B40F03B81059B012153F848
:106F8000042D0131002AFAD05944049B03EB0B0273
:106F9000039B5B440293699B03EB820B029B0DF105
:106FA000780C0CEB830C47AB1D44DBED017AF8EE5B
:106FB000E77AB8F1000F0BF1040BECEC017ADFED8E
:106FC000507A09DB62464B46F3EC016A32ED017AF6
:106FD000A342E6EE877AF7D10EF1010E8E45E5EC7D
:106FE000017AE2DD8B4659E7701C7045CCF8004011
:106FF00006F1020605D0B645CCF804400CF1080CA9
:10700000F2D10398840036E700F0D980F6EE007ADA
:10701000B4EEE78AF1EE10FA80F22E81B5EE408AE6
:10702000F1EE10FA4FF000028ED0CDE90220089B5D
:10703000069A0799019D0191D01AB0EE480A00F016
:1070400001FA9FED2D7A0199039AB4EEC70AF1EE89
:1070500010FAC0F29781DFED277A60EE277A0BF104
:107060000104FDEEE77A0832F8EEE77AA7EEC70AE8
:10707000FDEEE77ABDEEC00A10EE103A4AF82B306A
:1070800017EE903A4AF824301046B7EE000A019104
:1070900000F0D8F9002C0199B0EE407AC0F29D8141
:1070A0000AF1040347A8DFED136A03EB840300EB46
:1070B0008400A2000DF58C7C73ED017AF8EEE77A7E
:1070C000534567EE877A27EE267A60ED017AF3D191
:1070D000002D0DF1C80EC0F2998194442746F04668
:1070E00000269146054ADFED067A6046002311E04E
:1070F000D0E100200000803B00008043FC0900201C
:1071000000000000F2EC016AB0EC017A9D42E6EE6C
:10711000877A03DB9E4203F10103F3DA013F7B1C14
:10712000C8ED007A7ED008F104080136ACF1040CF9
:10713000D8E70133BBF1000F09EE903A40F34381E9
:1071400051464FF0000E51F8043B3BBB0EF1010ECF
:10715000F345F8DC9E4600280CDD012800F0838012
:10716000022807D10BF1FF315AF8213003F03F0C10
:107170004AF821C0022A7FF4E2AEB7EE000A30EEF0
:10718000488ABEF1000F3FF4DAAE0992029000F097
:1071900059F90298099A38EE408AD0E6C3F580730F
:1071A00041F8043C04E00B68C3F1FF0341F8043BE1
:1071B0000EF1010EF345F6DC4FF0010ECBE70BF1BB
:1071C000FF335AF82320D211002A7FF7B8AE19EE08
:1071D000903ABBF1000F03F1010309EE903AAFDCE6
:1071E000022A7FF4ACAEF7EE007A37EEC88AA6E644
:1071F0007146CAE60BF1FF34A0F108025AF82430B8
:107200000799CDF808C02846019D002B7FF43CAFBC
:10721000034609A8034453F8040D013C083A00282A
:10722000F9D031E74A46689B022B62DC002B3ADC3E
:1072300010D10EF104035FED4E7A134433ED017A61
:107240009E4577EE877AF9D1029B002B40F0AB8008
:10725000C1ED007A19EE903A03F007005BB0BDEC87
:10726000048BBDE8F08F0BF1FF315AF8213003F0A9
:107270007F0C4AF821C07DE719EE903ABBF1000F70
:1072800003F1010309EE903AC8BF02223FF758AF5D
:10729000F7EE007A37EEC88A022250E608220692FC
:1072A000002204929CE50EF10403DDED327A1FED1D
:1072B0006C7A1A4452ED016A1346043A964537EE49
:1072C000267AF7D1029A002A64D177EEC77A81ED47
:1072D000007A5CB10122B3EC017A0132944277EE7C
:1072E000877AF8DA029B0BB1F1EE677AC1ED017A89
:1072F000B0E7689B032BADD1002C00F084800EEB2F
:10730000020696ED007A3046354655ED017AF0EEEC
:10731000476A37EE277A2B4677EEC77A043D77EE39
:10732000A67AAE45C3ED007A03ED017AEDD1012CCA
:1073300069D096ED007A70ED017AF0EE476A37EE8B
:10734000277A834277EEC77A80ED007A77EEA67AC5
:10735000C0ED017AEFD15FED967A1A44043332ED35
:10736000017A934277EE877AF9D1029BDDED326A9A
:107370009DED337AD3B9C1ED006A81ED017AC1ED9B
:10738000027A67E7BDEEC00A5C4610EE103A4AF892
:107390002B3079E6F1EE476A77EEC77AC1ED006AE5
:1073A000002C97D1A0E7F1EE677A51E7F1EE666A1B
:1073B000B1EE477AF1EE677AC1ED006A81ED017AAC
:1073C000C1ED027A46E7012811D002287FF408AF08
:1073D0000EF03F034AF8213002E7689B022B0EDCD7
:1073E000002B21DC7FF436AF5FEDBB7A2CE70EF08B
:1073F0007F03022A4AF821307FF4A1ADF3E6689BAF
:10740000032B7FF427AFDFED0E7AAEE70025204691
:1074100073461D6000283FF406AF0238461C5D60CD
:1074200003F10803F5D1FEE6029BDDED327A1BB1D4
:107430004FF000430B6057E700230B6056E700BF97
:107440000000000010EE103A33F000411A4625D03B
:10745000B1F1FF4F1FD213F0FF4F20D1DFED297A9A
:10746000294A60EE277A904217EE903A31DB4CF2CF
:10747000503CC3F3C75160451A46A1F1190114DD10
:10748000002BDFED227A9FED210AB8BFDFED207AD5
:1074900027EE800A704730EE000A704770474CF2C2
:1074A000503C60454FEAD151EADC0844FE28E7DC55
:1074B000002815DC10F1160F19DB193022F0FF42FD
:1074C00042EAC05207EE902A9FED120A27EE800A88
:1074D0007047DFED117A07EE103A27EE270A704762
:1074E00022F0FF4242EAC05300EE103A7047002BF0
:1074F000DFED097A9FED080AB8BFDFED087A27EEC5
:10750000800A70470000004CB03CFFFFCAF249718E
:10751000CAF249F1000000336042A20D6042A28D20
:1075200010EE101AC1F3C7527F3A162A21F0004319
:107530001BDC002A1FDB1B481041014224D0DFED79
:107540001A7A70EE277AF5EEC07AF1EE10FA1BDDAA
:107550004FF4000313410B4413EA210338BF0B46D9
:1075600023EA000300EE103A7047B3F1FF4F0BD34C
:1075700030EE000A7047DFED0C7A70EE277AF5EEF8
:10758000C07AF1EE10FA00DC7047002902DB9FEDB3
:10759000070A704713B99FED060A7047BFEE000A4D
:1075A000F2E700BFFFFF7F00CAF249710000000050
:1075B0000000008081F0004102E000BF83F0004342
:1075C00030B54FEA41044FEA430594EA050F08BF7E
:1075D00090EA020F1FBF54EA000C55EA020C7FEA42
:1075E000645C7FEA655C00F0E2804FEA5454D4EBBF
:1075F0005555B8BF6D420CDD2C4480EA020281EA89
:10760000030382EA000083EA010180EA020281EAC0
:107610000303362D88BF30BD11F0004F4FEA013112
:107620004FF4801C4CEA113102D0404261EB410121
:1076300013F0004F4FEA03334CEA133302D05242A7
:1076400063EB430394EA050F00F0A780A4F1010463
:10765000D5F1200E0DDB02FA0EFC22FA05F280189D
:1076600041F1000103FA0EF2801843FA05F3594183
:107670000EE0A5F120050EF1200E012A03FA0EFC02
:1076800028BF4CF0020C43FA05F3C01851EBE3712C
:1076900001F0004507D54FF0000EDCF1000C7EEB49
:1076A00000006EEB0101B1F5801F1BD3B1F5001F87
:1076B0000CD349085FEA30004FEA3C0C04F10104A6
:1076C0004FEA445212F5800F80F09A80BCF1004FCF
:1076D00008BF5FEA500C50F1000041EB045141EA51
:1076E000050130BD5FEA4C0C404141EB0101013C1A
:1076F00028BFB1F5801FE9D291F0000F04BF014609
:107700000020B1FA81F308BF2033A3F10B03B3F1DA
:1077100020020CDA0C3208DD02F1140CC2F10C026A
:1077200001FA0CF021FA02F10CE002F11402D8BFC8
:10773000C2F1200C01FA02F120FA0CFCDCBF41EA94
:107740000C019040E41AA2BF01EB0451294330BD63
:107750006FEA04041F3C1CDA0C340EDC04F1140440
:10776000C4F1200220FA04F001FA02F340EA030017
:1077700021FA04F345EA030130BDC4F10C04C4F15D
:10778000200220FA02F001FA04F340EA030029463D
:1077900030BD21FA04F0294630BD94F0000F83F487
:1077A000801306BF81F480110134013D4EE77FEA6A
:1077B000645C18BF7FEA655C29D094EA050F08BFB6
:1077C00090EA020F05D054EA000C04BF1946104697
:1077D00030BD91EA030F1EBF0021002030BD5FEADB
:1077E000545C05D14000494128BF41F0004130BD03
:1077F00014F580043CBF01F5801130BD01F0004557
:1078000045F0FE4141F470014FF0000030BD7FEAC9
:10781000645C1ABF194610467FEA655C1CBF0B46C4
:10782000024650EA013406BF52EA033591EA030FDB
:1078300041F4002130BD00BF90F0000F04BF0021D3
:10784000704730B54FF4806404F132044FF0000506
:107850004FF0000150E700BF90F0000F04BF00217F
:10786000704730B54FF4806404F1320410F00045E5
:1078700048BF40424FF000013EE700BF42004FEAE0
:10788000E2014FEA31014FEA02701FBF12F07F435D
:1078900093F07F4F81F06051704732F07F4208BF14
:1078A000704793F07F4F04BF41F40021704730B51B
:1078B0004FF4607401F0004521F000411CE700BF67
:1078C00050EA010208BF704730B54FF000050AE0EA
:1078D00050EA010208BF704730B511F0004502D5EB
:1078E000404261EB41014FF4806404F132045FEAED
:1078F000915C3FF4D8AE4FF003025FEADC0C18BF96
:1079000003325FEADC0C18BF033202EBDC02C2F187
:10791000200300FA03FC20FA02F001FA03FE40EA19
:107920000E0021FA02F11444BDE600BF53B94AB972
:10793000002908BF00281CBF4FF0FF314FF0FF3077
:1079400000F09CB9ADF1080C6DE904CE00F006F82A
:10795000DDF804E0DDE9022304B070472DE9F047CB
:1079600082B00646DDF828E00846B4460D46002BF6
:107970004ED18A4214466DD9B2FA82F242B1C2F1B6
:107980002003954026FA03F394401D4306FA02FCB7
:10799000260CA7B2B5FBF6F14FEA1C4306FB1155C6
:1079A00043EA054301FB07F0984209D9E31801F1C6
:1079B000FF3580F00381984240F200810239234470
:1079C0001B1A1FFA8CFCB3FBF6F006FB10334CEAD3
:1079D000034C00FB07F363450AD914EB0C0C00F1D0
:1079E000FF3580F0ED80634540F2EA80A444023820
:1079F00040EA0140ACEB030C0021BEF1000F04D0C3
:107A00002CFA02F30022CEE9003202B0BDE8F08782
:107A10008B4209D9BEF1000F01D0CEE900610021EF
:107A2000084602B0BDE8F087B3FA83F11746002993
:107A30004DD1834202D3B24200F20F81B6EB070C64
:107A400060EB030301201D46BEF1000FDDD0CEE93F
:107A500000C5DAE7002A00F098801A46B4FA84F3E9
:107A6000002B40F0AF800B1B270CA6B20121B3FB0B
:107A7000F7F54FEA1C4007FB153340EA034306FBCA
:107A800005F8984507D9E31805F1FF3002D298456B
:107A900000F2E8800546A3EB08031FFA8CFCB3FB59
:107AA000F7F007FB10334CEA034C06FB00F3634589
:107AB00008D914EB0C0C00F1FF3602D2634500F23A
:107AC000CE803046ACEB030C40EA054095E7C1F1AF
:107AD00020058B4022FA05FC4CEA030C00FA01F465
:107AE00026FA05F3E84002FA01F943EA04084FEAEE
:107AF0001C4206FA01FAB0FBF2F71FFA8CF602FB01
:107B000017004FEA184444EA004407FB06F0A0427D
:107B10000AD91CEB040407F1FF3380F09C80A042DB
:107B200040F29980023F6444241A1FFA88F3B4FBA0
:107B3000F2F002FB104443EA044300FB06F69E42C7
:107B400009D91CEB030300F1FF3480F082809E42D0
:107B50007FD90238634440EA0740A0FB09749B1BAD
:107B6000A3423E46A04664D361D0BEF1000F0AD0C6
:107B7000BAEB060263EB080303FA05F5CA401543A6
:107B8000CB40CEE9005300213FE7730843EAC173BD
:107B90004A08190C41EA02414FEAC67C9BB2B2FB8B
:107BA000F4F02646A04627461F2243EA0143B1FBD4
:107BB000F4F1A3EB080341EA004158E72946FFE648
:107BC000284615E71A46C3F120019C4026FA01F326
:107BD00020FA01F190400343270C06FA02FCB1FBA6
:107BE000F7F0A6B207FB1015190C41EA054100FB9E
:107BF00006F58D423BD9611801D28D4220D8491B30
:107C00000138B1FBF7F5019505FB06F8019D9BB224
:107C100007FB151143EA0143434526D2E31805F15A
:107C2000FF31C6D24345C4D2A91E2344C1E7BA4599
:107C30009BD2B7EB090664EB0C040138A04694E72D
:107C4000651B29440238B1FBF7F5019505FB06F8E1
:107C5000DCE720467FE71F4666E70846F4E6A444D3
:107C600002382FE7023D234415E70199A1E7491B9C
:107C7000B1FBF7F5019505FB06F8C7E7704700BFB4
:107C800000B50B4C2468864685B0E0689C460C46DF
:107C900052B108490094CDE9011273460649624683
:107CA00001F068F8FCF776FD04490A46F2E700BFE8
:107CB000CCF0002074E0002084E00020589F0020D9
:107CC000DFF80CC00A460146DCF8000000F002B8FC
:107CD000CCF0002010B5A1FB021482B074BB00F000
:107CE00045F8034670B350F8042C22F00302043A1E
:107CF000242A10D8132A16D91B2AC0E900441AD9FD
:107D0000242AC0E902440ABFC0E9044400F110017A
:107D100000F1180108E02146019002F07FFE019B6E
:107D2000184602B010BD014600221846C1E90022E3
:107D30008A6002B010BD00F10801F5E704F0E0F937
:107D40000C2303600023184602B010BD024B01460D
:107D5000186800F00BB800BFCCF00020024B0146C1
:107D6000186804F015BD00BFCCF000202DE9F04FDD
:107D700001F10B02162A85B0804624D8102900F2A2
:107D8000AB8000F0C9FA022518211022B74C21441B
:107D9000A1F108004E68864200F062817268F168C5
:107DA000B46822F003023244E1608C60516841F013
:107DB00001014046516000F0B5FA06F10804204682
:107DC00005B0BDE8F08F32F0070200F185809142E6
:107DD00000F28280019200F09FFA019AB2F5FC7FD6
:107DE000C0F0BA81570A7FD0042F00F27281970940
:107DF00007F139052BB207F1380CDB009B4C23440B
:107E0000A3F108065B689E4207D10DE00028DF68F9
:107E100080F21381BE4207D03B46596821F003012E
:107E2000881A0F28F2DD6546236991498B4200F0DC
:107E3000F1805E6826F00306B11A0F2900F39181E4
:107E40008B480029C4E9040080F27981B6F5007FEF
:107E5000676880F01981F10801310FFA81FC760919
:107E60000121B14054F83C0098600F4304EBCC0171
:107E70000839D960676044F83C30C360AB10012614
:107E80009E40BE4236D83E4206D125F0030576001C
:107E90003E4205F10405FAD004EBC50A04EBC50720
:107EA000A946F9680EE0486820F0030EAEEB020C1C
:107EB000BCF10F0F0B46C96800F31881BCF1000F2D
:107EC00080F22D818F42EED109F1010919F0030FE3
:107ED00007F10807E5D17FE10C23C8F80030002442
:107EE000204605B0BDE8F08F4FF4007340254FF0F9
:107EF0003F0C83E7A768796821F0030393429A4611
:107F000003D3991A0F2900F387805A495A4E0968FA
:107F1000103111440820CDE9011204F029F901992A
:107F20004B1E03444542834630681D40B0F1FF3F7D
:107F300018BF29464046019104F0BAF8411C054695
:107F4000DDE9011200F02B8107EB0A0C844500F2F9
:107F500024814A4B186800EB01090BF1FF3EC3F87E
:107F6000009000F08981306801301BBFA5EB0C0C3C
:107F700009EB0C003560186015F00700814600F031
:107F80004881C0F108000544CDE901236B1803EADC
:107F90000E015844401A00EA0E06314640469B4600
:107FA00004F086F8421CDDE9012300F09581401BB6
:107FB000304440F001011868A56000EB0609A742B3
:107FC0006960C3F8009017D0BAF10F0F40F25E81DC
:107FD000AAF10C0121F0070C796801F0010141EAD6
:107FE0000C017960052607EB0C01BCF10F0FC1E90C
:107FF000016600F263816968214B1E684E4538BFF7
:10800000C3F800901F4B1E684E4501D2C3F8009084
:108010002F46C6E0676831E7BD1841F0010142F024
:1080200001027A604046A560696000F07BF907F1C3
:108030000804204605B0BDE8F08F9A680193194402
:10804000D760BA604A6842F0010240464A6000F0D8
:1080500069F9019B03F10804204605B0BDE8F08FE3
:10806000CE68B1427FF49AAE0235DDE6E8E7002043
:10807000F0E70020140B0120B8F00020E40A0120F2
:108080000C0B0120100B0120B6F5206F4FEA562093
:108090007CD3142800F2D38000F15C0109B25B307C
:1080A000C90004EB010C6158ACF1080C8C4503D1FC
:1080B000A8E089688C4504D0486820F00300B042ED
:1080C000F7D8D1F80CC0C3E9021CCCF80830CB605B
:1080D000D4E6142F72D9542F00F2BA80170B07F18F
:1080E0006F052BB207F16E0CDB0087E69D1842F09E
:1080F00001025A609E68864AF1608E60C4E90455A8
:10810000C5E902224CF001026A60404643F80EC005
:10811000019300F007F9019B03F10804E0E69E4497
:108120001C46DEF8043043F00103CEF8043054F866
:10813000083F4046D9608B6000F0F4F8D0E61E445A
:1081400040467268019342F00102726000F0EAF862
:10815000019B03F10804C3E6D508691C09B2C900F4
:1081600014E69D1842F001025A60694A0193C4E97D
:108170000455C5E9022241F001026A604046995166
:1081800000F0D0F8019B03F10804A9E6B00900F162
:10819000390109B23830C90083E7A74263D0A76824
:1081A000796821F003009042A0EB020102D30F296D
:1081B0003FF732AF404600F0B5F890E607F15C05B6
:1081C0002BB207F15B0CDB0018E6514651F8083979
:1081D0008B428A4640F09A8015F0030F05F1FF3577
:1081E000F3D1636823EA0603636076009E423FF69C
:1081F00081AE1EB97EE6760009F104091E42FAD06E
:108200004D4649E68010012606FA00F007436760F4
:1082100059E7CDE902236B1803EA0E01ABEB010627
:1082200006EA0E0631464046019303F041FF431C27
:10823000019B04BF4E461846DDE90223B7E65428E9
:1082400027D8300B00F16F0109B26E30C90028E762
:10825000B7F5AA7F27D8D70B07F178052BB207F11E
:10826000770CDB00CAE52B4B186800EB01090BF11A
:10827000FF3EC3F8009076E615EA0E0F7FF473AE6A
:10828000A568514441F001016960B5E601236B60C6
:1082900090E7B0F5AA7F25D8F00B00F1780109B27C
:1082A0007730C900FDE640F254539F4224D8930C26
:1082B00003F17D0503F17C0CEB009FE507F108015C
:1082C0004046CDE9012304F063FAA568029B696882
:1082D000D3F80090019A8FE6A9F108010BEB010099
:1082E000002664E640F2545188420BD8B00C00F1ED
:1082F0007D01C9007C30D4E64FF47E737F254FF0BA
:108300007E0C7BE54FF47E717E20CAE663686CE7E5
:10831000F0E70020E40A0120014803F023BF00BF7A
:10832000D80A0120014803F021BF00BFD80A01206C
:10833000DFF80CC00A460146DCF8000000F002B885
:10834000CCF00020002900F09F802DE9F04383B09D
:108350000C4600928046FFF7DFFF009901F10B0306
:10836000162B60D81023994260D854F804EC2EF0F4
:1083700003029A42A4F1080565DAB348806805EB68
:10838000020C6045DCF8046000F0908026F00100EB
:1083900060444068C0076CD426F0030690198342FD
:1083A0004CDD1EF0010F0FD154F8080C281A0746B7
:1083B000406820F0030006441644B34240F3EF80C7
:1083C0001618B34240F3C9804046CDE90023FFF7B9
:1083D000CDFCDDE900230646002800F0178154F8A3
:1083E000041C21F001012944A0F1080C614500F0B2
:1083F000AE80043A242A00F2CE80132A00F29C8038
:1084000003462246116819605168596092689A6063
:108410002146404604F0BCF94046FFF783FF304652
:1084200003B0BDE8F08333F007039CD50C23C8F8F4
:1084300000300026304603B0BDE8F0830246DCE998
:108440000201C16088606968D01A0F2801F001013B
:1084500005EB02061BD811436960736843F0010302
:1084600073604046FFF75EFF2646304603B0BDE826
:10847000F0831EF0010FA7D154F8080C281A074604
:10848000406820F003009BE71146FFF76FBC1943DB
:108490006960E91840F001004860736843F0010327
:1084A00008317360404604F073F9DAE726F00306FA
:1084B000B01803F1100C604580F28B801EF0010FA4
:1084C00082D154F8080C281A0746406820F00300AF
:1084D00006441644B445B1463FF772AF3E46F968CC
:1084E00056F8080F043A242AC160886000F2A5807B
:1084F000132A40F2A0802168B9606168F9601B2AE4
:1085000000F2A480083407F110022168116061684C
:108510005160A1689160F918A9EB03024A4D42F03D
:108520000102A9604A607A6802F0010213434046E2
:108530007B60FFF7F7FE98E723680360636843609A
:108540001B2A3BD804F1080200F108035AE750F84F
:10855000041C21F003010A4475E7043A3D46F9681A
:1085600055F8080F242AC160886020D8132A1CD926
:108570002168B9606168F9601B2A3DD8083407F1A9
:1085800010022168116061685160A16891602C46F9
:1085900032463D4657E7214602F0AEF938E7DCE9BE
:1085A0000201043AC1608860D8E72A46E9E721461B
:1085B0002846009302F0A0F9009BE8E7A3688360D7
:1085C000E368C360242A25D004F1100200F11003EF
:1085D00018E71D4A1D449560C21A42F001026A6004
:1085E00054F8042C02F001021343404644F8043CC2
:1085F000FFF798FE264638E7A1683961E16879619E
:10860000242A10D0103407F11802BAE74046FFF7C9
:1086100089FE0EE7236903616169416104F1180273
:1086200000F11803EEE62269BA616269FA61183452
:1086300007F12002A5E7324667E72146304600935E
:1086400002F05AF9009B66E7E8E70020A16839616B
:10865000E1687961242A03D0103407F1180254E745
:108660002269BA616269FA61183407F120024CE7A5
:10867000242B2DE9F84F42D8012B884619463ED0CD
:1086800091464B4A82461E46C64670461EF8017BFE
:10869000D35D13F00803F8D12D2F70D02B2F05BF19
:1086A0009EF800709B469B4600F1020E6FF000435F
:1086B00061BB302F4DD00A2631460022B3FBF6F4C1
:1086C000104606FB143505E03CD006FB00C0012235
:1086D0001EF8017BA7F1300CBCF1090F06D9A7F1F8
:1086E000410CBCF1190F17D8A7F1370C61451CDDFF
:1086F000571CEDD08442E7D24FF0FF32E8E703F099
:10870000FFFC162303600020BDE8F88F1029D4D1A8
:10871000302F27D00E46D0E7A7F1610CBCF1190F1E
:1087200003D8A7F1570C6145E2DC511C30D0BBF1F6
:10873000000F0CD1B9F1000FE6D0AABBC9F8008038
:10874000BDE8F88F6545C0DA4FF0FF32C0E7404220
:10875000F0E79EF8002002F0DF02582A08D0082631
:108760003146AAE79EF8002002F0DF02582AD1D154
:1087700010269EF8017031460EF1020E9DE79EF81C
:1087800000704FF0004300F1020E4FF0010B8FE735
:108790002222CAF80020B9F1000F07D00EF1FF38ED
:1087A0001846C9F80080CBE70346F7E71846ABE761
:1087B000B10B0020FFF75CBF2DE9F04F15460243D7
:1087C0009946930797B0824640F0CE82B5F1040BEC
:1087D00018BF4FF0010B002303934F460AEB05032C
:1087E00005FB01F2CDE9043306290AEB02030193EC
:1087F00040F25C814B08521B072905FB03A90AEBD9
:1088000002040FD0282900F2E0812646D0464946CE
:108810004046B847002831464846C0F2C781B847AD
:10882000002847DDBBF1000F4ED1DAF80020D9F85F
:108830000010CAF80010C9F80020049B0293994662
:108840005E460023A346A145C84661D85146484626
:108850000093B8470028009B40F3FD80D846CDF830
:1088600000909B460DE02368D8F800102160C8F8FE
:108870000030A8EB05084FF0010B641BA14500F286
:10888000938051462046B84700282EDBF5D1002EB4
:10889000E9D0012E78D04146234604EB050E087836
:1088A0001A7803F8010B01F8012BAEEB0302002A42
:1088B000F5DCDEE731464046B8470028C0F280814B
:1088C000B146BBF1000FB0D0BBF1010F00F0EB815E
:1088D0000498524699F80010137802F8011B09F821
:1088E000013B831A002BF5DCA7E7C346DDF80080C7
:1088F000002E40F0A080D9F800302268C9F800208E
:10890000A9442360641BA1454FF00103C8469DD9CB
:10891000314698465E464A468B46B8F1000F4BD02A
:10892000029BA9EB0300A3EB0A018142A8BF014609
:10893000002940F00E81019B991B341B491BA14269
:1089400028BF2146002940F08C81019BA0420146AE
:10895000A3EB040605D32246334604465646114689
:108960009A46A94240F2DE80039A072A00F26B8100
:10897000B4FBF5F4B1FBF5F116A800EBC20343E933
:108980001064531C039329E74FEA950C4046234695
:108990000CF1FF3C1A68016843F8041BBCF1000F9E
:1089A00040F8042BF4DC64E733464646D846009A88
:1089B0009B46B8F1000FB3D1019B049A93422DD985
:1089C000B846DDF814905F46DDF804B0CA4520D201
:1089D0004E4605E02368326822603360564518D958
:1089E0003446761B21463046C047002811DD002F53
:1089F000F0D0012F4ED0334606EB4500197822788F
:108A000004F8011B03F8012B021B002AF6DC564573
:108A1000E6D8A944CB45D9D8BB464746039B002B93
:108A200000F0D080039B16AA013B039302EBC30323
:108A300053E910A1D2E6012E1ED0A944234619788D
:108A400098F8002008F8011B03F8012BA9EB080295
:108A5000002AF4DC56E701D0A944F4E6002E68D1E0
:108A60000299D9F800200B680A60C9F800304A1949
:108A70000292A9440123E6E6A90823460139D8F861
:108A80000020186848F8040B002943F8042BF5DC93
:108A9000A94437E7A9083346013920681A6844F821
:108AA000042B002943F8040BF6DC97E7059A934260
:108AB000B4D9B846DDF814905F46DDF804B0CA4575
:108AC00020D24E4605E02368326822603360564566
:108AD00018D93446761B21463046C047002811DDA0
:108AE000002FF0D0012F11D0334606EB4500197846
:108AF000227804F8011B03F8012B021B002AF6DC84
:108B00005645E6D8A944CB45D9D885E7A9083346C8
:108B1000013920681A6844F8042B002943F8040B33
:108B2000F6DCD4E7AC427FF679AFB4FBF5F1B246A0
:108B300054E6012E00F0A880029B5A1998F8000014
:108B4000197803F8010B08F8011BD11A0029F5DC8C
:108B50008EE7BBF1020FA9EB010C40F0C28051443B
:108B6000D6469CF800809EF800300EF8018B0CF879
:108B7000013BA1EB0E03002BF3DC019B991B341B83
:108B8000491BA14228BF214600293FF4DEAE019BCC
:108B90005E1A01EB090396F800C0117802F801CBC8
:108BA00006F8011B991A0029F5DCCEE6B847002823
:108BB000FFF638AE31464046B8470028FFF680AE93
:108BC000C1462FE617B0BDE8F08FC90805FB01F6D6
:108BD0000AEB060841460AEB460350460093B847A5
:108BE00000280AEB46014046C0F2A580B84700289D
:108BF0006EDDA9EB0603494609EB06021846009311
:108C00000292B847002809EB06014846C0F2878067
:108C1000B847002854DDA4EB46031E4431461846ED
:108C20000093B847002821463046C0F29080B847EC
:108C300000283FF7ECAD00982146B8470028C0F265
:108C400096802646E3E550463B462A46B1FBF5F1C1
:108C5000FFF7B2FDAC427FF6E5AEB4FBF5F1B246EC
:108C6000BCE5019BBBF1020FA3EB010691D08B0881
:108C70008446013B1168306842F8040B002B46F82B
:108C8000041BF6DC604660E6029BA90801391A68FD
:108C9000D8F8000043F8040B002948F8042BF5DC51
:108CA000029A2A44E4E6A808524601381368D9F823
:108CB000001042F8041B002849F8043BF5DCBCE531
:108CC00002990098B847002832DBDDF80890A2E747
:108CD0000AEB46015046B847002836DB0AEB460847
:108CE00087E78B08804651469646013B0A68DCF8C8
:108CF000000041F8040B002B4CF8042BF5DC019B21
:108D00009B1B5B1B341BA34228BF23464046724675
:108D10001946002B3FF419AE019B5E1AA7E7B8472E
:108D20000028FFF678AF02990098B8470028CCDBFE
:108D3000DDF800906FE7B8470028FFF65AAF0AEB5E
:108D400046015046B8470028C8DBD04651E7B8472F
:108D50000028FFF65CAD009E21463046B84700284B
:108D6000BFF655AD264652E54FF0020B33E5009EA7
:108D70004DE500BF0EB400B582B003ABDFF81CC0F8
:108D800053F8042B01930146DCF8000000F008F8CA
:108D900002B05DF804EB03B0704700BFCCF00020D8
:108DA0002DE9F04FC5B00DF1500A834604911646E7
:108DB0000021082250461C460B9301F02FFEBBF108
:108DC000000F04D0DBF83430002B00F04987049BFF
:108DD0005A6EB3F90C30D00740F14181990400F18B
:108DE000A985049943F4005322F400528B814A660A
:108DF000930401F1AE80049BB3F90C301D0740F1E0
:108E0000BD80049A1269002A00F0B88003F01A02AB
:108E10000A2A00F0C2800023CDE91933CDE90E33D0
:108E20001BAADFF86C980D93189217460793B0466B
:108E30004546D9F8CC4103F0F3F8CDF800A003463D
:108E40002A4612A95846A047002800F0C580C0F263
:108E5000BB80129A252A034601D01D44E9E7B5EBF1
:108E60000806044640F0BC80002319468DF84330C4
:108E700008934FF0FF326B78059205F101080391DA
:108E800008F101081946A1F120035A2B00F2F280E3
:108E9000DFE813F0E603F000F000DF03F000F0007D
:108EA000F000BF03F000F00007025302F0001202CE
:108EB0000004F000F1035B005B005B005B005B0003
:108EC0005B005B005B005B00F000F000F000F00076
:108ED000F000F000F000F000F000D8019F03F00077
:108EE000F000F000F000F000F000F000F000F00002
:108EF000F0001902F000F000F000AA01F000FB02FF
:108F0000F000F000BA05F000F000F000F000F00012
:108F1000F000F000F000F000F000D8016801F0006F
:108F2000F000F000950368016D00F0008B03F00085
:108F30007D036A0320036D00F000AA016A00590254
:108F4000F000F000FB05F0006A00A1F13003002200
:108F500018F8011B02EB820203EB4202A1F130037D
:108F6000092BF5D908928EE798F8003088E7039B23
:108F700043F02003039398F8003081E7049D58469E
:108F8000294601F009FC002840F0F687B5F90C30BD
:108F900003F01A020A2A7FF43EAF0499B1F90E20B9
:108FA000002AFFF638AF4A6ED20702D49F0540F17F
:108FB0009087049923463246584601F015F80790E9
:108FC000079845B0BDE8F08F08220021504601F017
:108FD00025FD01231D442CE7B5EB0806044610D0FF
:108FE0001A9B33441A93199B0133072BC7E9008658
:108FF000199310DC0837079B33440793002C7FF448
:1090000033AF1A9B002B40F06E87049B0022B3F90C
:109010000C30199218E0049918AA584601F024F867
:1090200078B91BAFE7E7049918AA584601F01CF875
:10903000002800F08380099B1BB10999584603F072
:10904000A7FB049BB3F90C30049A526ED0077FD56E
:109050005B0600F16687079845B0BDE8F08F9F0575
:1090600040F114819D047FF5BCAE90047FF5C6AE3F
:1090700000F071BF0029C4D0002301228DF8AC108C
:109080008DF8433009930A9205932BAD0692DDE9E2
:1090900019C0039C14F084060146624626D1089B41
:1090A000069C1C1B002C00F3ED839DF8433003B39A
:1090B00000260C960132012301317B60072A0DF155
:1090C0004303CDE919213B6000F3868308370C9BED
:1090D00063B1013211AB02313B60072A4FF002034A
:1090E000CDE919217B6000F36B830837802E00F0F7
:1090F000EE82059B0A981C1A002C00F326830A9B1B
:109100003D6001321944072ACDE919217B6000F343
:109110004C830837039B5C0705D5089B069A9C1A6D
:10912000002C00F36583DDE9073206988242ACBF6C
:109130009B181B18079300297FF475AF0023199320
:10914000099B1BB10999584603F022FB1BAF6FE640
:109150009A053FF57DAF049CA06D03F007F8B4F9C4
:109160000C3075E7039B980640F13C840B9B07335A
:1091700023F00702536852F8084B0B921E46002B4F
:10918000C0F23882059A002A07DB039B23F0800394
:10919000039354EA060300F08C840A2C76F1000352
:1091A00080F0F7803034059A9DF843308DF80F41F8
:1091B000012AB8BF01220692002B00F0AF83069B64
:1091C0000133002506930123CDE909530DF20F1554
:1091D000DDE91921039B13F08406084694463FF409
:1091E0005EAF00230C9365E70B9E00238DF84330A0
:1091F00056F8043B0993002B00F05585532900F0E5
:109200007284039B13F0100440F06D84059A002AC9
:10921000C0F213850998214603F090F99DF8433078
:10922000099D002800F08B86421B0A9222EAE27216
:109230000692002B00F00E850132059406920B96E3
:109240000994C5E7432903D0039BDD0640F1278439
:109250000822002116A801F0E1FB0B9A2BAD126841
:1092600016AB2946584603F0B9FC0A90013000F0CD
:109270004F860A9B23EAE37306930B9B04330B93FD
:1092800000238DF843300993059300E7049DA86DF2
:1092900002F068FFB5F90C306A6E99043FF5A8AD8D
:1092A0009FE50B9B53F8042B0892002A80F23D8324
:1092B000089A0B9352420892039B43F004030393D2
:1092C00098F80030DCE5039B43F010009B0640F16A
:1092D0004E830B9B073323F007031A46596852F855
:1092E000083B0B9200228DF84320059A002AC0F219
:1092F000118320F49062039253EA010200F01E836E
:1093000044AD03F00702DB0843EA4173C908303279
:1093100053EA0104284605F8012DF2D1039B13F00E
:10932000010340F09E82059A099344AB5B1B9A426D
:10933000B8BF1A460A930692A9E62B238DF843304C
:1093400098F800309CE503998E0600F1A4800399FB
:109350000B9A11F0100052F8043B40F02783039958
:1093600011F0400100F0CA848DF843009BB20599CA
:109370000026B1421C4606DB039921F080010391CF
:10938000002B00F07B850A2C76F100030B92FFF492
:1093900009AF039B09970020CDF830B044A9DDF850
:1093A00034B0069003F48067CDF8288025E006905D
:1093B000A319B54843F10003A0FB032C2CF00302D2
:1093C00002EB9C029B1AE31A4FF0CC32A046B64641
:1093D00002FB03F266F1000600FB0622A3FB00433A
:1093E000B8F10A0F13444FEA54047EF1000E2946E7
:1093F00044EAC3744FEA53062ED3069BA24A0133B4
:109400000693A31943F100031046A2FB032525F0A0
:10941000030202EB95029B1AE31AA3FB003266F1EA
:10942000000500FB05225B0843EAC27303EB8303DC
:10943000A4EB4303303301F8013C4D1E002FB7D09D
:1094400006989BF800308342B1D1FF28AFD00A2C98
:1094500076F1000380F0AF8405999DF84330CDF894
:1094600034B044AA521B9142B8BF1146DDE90978D5
:10947000DDF830B00A920691002B00F0EE83069BD7
:109480000133069300230993A2E6039B43F01001E6
:109490009B0640F189820B9B073323F007020023D0
:1094A0008DF84330059B566852F8084B0B92002B01
:1094B000C0F2EE8221F08003039354EA06037FF4A6
:1094C0006CAE059B002B40F0DE840A930693099353
:1094D00044ADDCE5059C0B990398002247F6300368
:1094E0009442ADF844308DF8432051F8043BC0F26B
:1094F000D28220F0800040F002000390002B00F0A8
:10950000E58303F00F0461481B09045D8DF80F41EA
:109510000B9100F05685022106910DF20F1503F014
:109520000F011B09415C05F8011D43EA0273120992
:1095300053EA0201F3D144AB5A1B059B0A929342B2
:10954000B8BF1346069A002A00F03985DDE91921D3
:10955000039C023314F0840606930846944600F0F8
:10956000E98200230993B4E5039886063FF5B1AE7E
:1095700003990B9ACD0652F8043B00F11485039829
:10958000440640F1C8839BB20B920021AAE60399DE
:109590000B9A8C0602F1040340F1F08112680799DE
:1095A0001160C91751600B9342E498F800306C2B9E
:1095B00000F08F82039A42F01002039260E498F860
:1095C0000030682B00F07B82039A42F04002039245
:1095D00056E4039A940642F0100300F100820B9ABD
:1095E00004320B9903930C680B92E6173346002B59
:1095F000BFF6C8AD2D238DF84330059B644266EB62
:109600004606002BFFF6C9AD039B23F080030393AE
:10961000C3E5584602F00AFD43680F93184602F06E
:10962000EDFF0E900446584602F000FD826898F85F
:1096300000300D92002C3FF423AC002A3FF420AC04
:109640001278002A3FF41CAC039A42F48062039221
:1096500016E4039B43F00103039398F800300FE4F2
:109660009DF8432098F80030002A7FF409AC2022AE
:109670008DF8432004E4039B43F08003039398F8A0
:109680000030FFF7FDBB00BFCDCCCCCCC8E0002044
:1096900064EE0020404610F8011B2A2900F0778470
:1096A000A1F13003092B98BF002200F2178410F8B3
:1096B000011B02EB820203EB4202A1F13003092BF2
:1096C000F5D942EAE27305938046FFF7DCBB089BBD
:1096D00006981C1A002C7FF70CAD102C40F3268442
:1096E00038460C95AE4F049D102604E0103C102C1B
:1096F00000F1080015DD01321031072AC0E90076BB
:10970000CDE91921F2DD18AA2946584600F0ACFC33
:1097100000287FF490AC103C102CDDE919211BA827
:10972000E9DC0C9D3B46074601322144072ACDE97E
:1097300019213B607C6000F3A482059B0A981C1AE7
:10974000002C07F108077FF7DAAC102C40F3ED820C
:1097500038461026924F04E0103C102C00F108000F
:1097600016DD01328E4B1031072AC0E90036CDE9F3
:109770001921F1DD049918AA584600F075FC00285B
:109780007FF459AC103C102CDDE919211BA8E8DC52
:109790003B46074601322144072ACDE919213B60A7
:1097A0007C6000F3AA800837A9E4049918AA5846F7
:1097B00000F05AFC00287FF43EAC1A991BAFA9E4D4
:1097C000049918AA584600F04FFC00287FF433ACE7
:1097D000DDE919211BAF89E4049918AA584600F065
:1097E00043FC00287FF427ACDDE919211BAF6EE4B0
:1097F000102C199B40F381833A46049E694F102533
:1098000004E0103C102C02F1080215DD0133103188
:10981000072BC2E90075CDE91931F2DD18AA3146EE
:10982000584600F021FC00287FF405AC103C102CB9
:10983000DDE919311BAAE9DC3E4617460133214414
:10984000072BC7E90064CDE919317FF76CAC0499A7
:1098500018AA584600F008FC00287FF4ECAB1A99CF
:1098600061E4302A00F001823023059A05F8013CBA
:10987000023844AB1B1A9A42B8BF1A460A930692A2
:109880000546EFE000230C93102C464E624623DD84
:10989000394610232F46049D04E0103C102C01F1A2
:1098A000080117DD01321030072AC1E90063CDE954
:1098B0001920F2DD18AA2946584600F0D5FB0028E9
:1098C0007FF4B9AB103C102CDDE919201BA94FF037
:1098D0001003E7DC3D460F4601322118072ACDE987
:1098E00019213E607C6000F37A819DF8436008375F
:1098F000002E36D00026FFF7DDBB049918AA584683
:1099000000F0B2FB00287FF496ABDDE919211BAF14
:10991000FFF7F5BB20F480620392F1E40993012381
:109920000A930DF20F15FFF7B2BB0B9398F80030B6
:10993000FFF7A6BA92047FF561AAF2E2059A002A1F
:109940007FF4DEAC10F00102069200F04281302379
:109950008DF80F31059B0A9209930DF20F15FFF751
:1099600096BB0C9B002B7FF4B4ABFFF7C2BB0B9BE9
:109970001A1D0B9B0B921B680021B3E4039AD006BF
:1099800000F18C81039A510600F19582039A9205A9
:1099900040F184810B9A07991268117003E600BFA9
:1099A000D8E70020382700200B9B1A1D0B9B059839
:1099B0001B680026B0428DF843601C4667DB21F02F
:1099C00080010391002B7FF4DEAC0B92002840F065
:1099D0005A820A900690099044ADFFF758BB039352
:1099E000FFF7C4BB039B0B9AD90652F8044B3FF513
:1099F000F8AD039B5E0640F1768144F3C0360B92CE
:109A000024B23346FFF7BBBBAD48039B9D0640F134
:109A1000B5800B9B073323F007031A465C6852F8A6
:109A2000083B0B92039A12F00102069240F08C80E0
:109A30008DF84320059A002AC0F2B780039A22F4D9
:109A40009062039253EA040240F0F380059A002AE0
:109A500000F0F68103788DF80F31012306920A9306
:109A60000DF20F15DDE91921039B13F0840608465A
:109A7000944600F0A1829DF84330002B00F0AB82A9
:109A8000002309930C93FFF715BB8E48BDE70B929B
:109A90000391FFF782BB40F00200039031E50B9B7E
:109AA0001B688DF8AC30012306930A932BADFFF7AA
:109AB000E4BB002A00F0D4813024FFF774BB039B81
:109AC00043F40073039308F1010898F80030FFF79E
:109AD000D7B9039B43F02003039308F1010898F8DA
:109AE0000030FFF7CDB9099B13930822002116A877
:109AF00000F094FF059B002BC0F21981002406970B
:109B000025461F460EE02BA9584603F067F8411C76
:109B1000284400F0FD81B84209DC04F1040400F09F
:109B200008820546139A125916AB002AEBD1069FFC
:109B300005950AE1089C069B0996E41A002C7FF71C
:109B4000C8AA02230C939FE653EA04025ED10023C5
:109B50008DF84330059B002BC0F22181039B23F439
:109B60009063039300F0878103788DF80F31069B93
:109B70000A93059B06930DF20F1573E70B9A52F8A3
:109B8000043B0B92039AD40608D4520602D59BB22A
:109B9000002447E7039A960500F18181002441E7FC
:109BA00042F00202039202220692039A22F4806299
:109BB000039203F00F02825C8DF80F211B0943EA28
:109BC0000473220953EA14147FF4A7AC0DF20F15A5
:109BD000B1E4059B44ADCDE90933FFF758BA0499C8
:109BE00018AA584600F040FA064600287FF423AA37
:109BF0009DF84330DDE91921002B40F089800C9B52
:109C00001BAF002B7FF465AAFFF773BA30228DF8E3
:109C1000442000228DF84320059A8DF84510002A33
:109C2000039ABDDB22F4906242F002020392022208
:109C3000069203F00F02825CBEE7099D284602F0FF
:109C4000DDFC9DF843300A9020EAE0720692002B7A
:109C50007FF4F2AA099D05930B960993FFF717BAB3
:109C6000584600F087FBFFF7B2B8059A44AB5B1B80
:109C70009A42B8BF1A460A93002306920993FFF747
:109C800006BA049918AA584600F0EEF900287FF4A5
:109C9000D2A9DDE919211BAFFFF72BBA0B9A07995F
:109CA000126811607FE4059B074D0B96062B28BFB9
:109CB000062306930A93099B0593FFF7E8B900BFB3
:109CC000B4E00020C8E00020DCE000200B91002C74
:109CD00000F0DC80302301228DF80F310DF20F15DA
:109CE00023460A9232E4039B0B929D054ABF44F33C
:109CF000C016E61764B23346FFF741BA039810F472
:109D0000007600F0CF808DF84310DBB2FFF72FBB59
:109D10001BAFFFF7CFB9039810F4007100F0BB80C0
:109D2000DBB20B920021FFF7DDBAAC4B32E516AB8C
:109D30000093002313AA1946584602F077FF0590B6
:109D4000013000F0E580099B1393059B002B7CD02C
:109D5000632B00F3B680002309932BAD082200216A
:109D600016A800F05BFE059C16AB009313AA2346D1
:109D70002946584602F05AFF844240F01681059960
:109D800000236B5421EAE17206929DF84320002AD9
:109D900040F0B580CDE90A160592FFF778B903784F
:109DA0008DF80F31039B23F480630393069B0A9382
:109DB0000DF20F1556E60E9A0F99AD1A284600F0CF
:109DC00077FF9BF801300BB10BF1010B844AA3190B
:109DD00043F10003A2FB030C2CF0030000EB9C00FA
:109DE0001B1AE31A4FF0CC3166F1000603FB01F1B8
:109DF00002FB0611A3FB023001445B0843EAC17475
:109E00004E08A31943F10003A2FB031020F0030145
:109E100001EB90015B1AE31AA3FB023166F100002B
:109E200002FB00125B0843EAC27303EB8303A4EB5B
:109E30004303303305F8013C0120013DFFF701BB2E
:109E4000059B0A9344A805460CE69DF84330099DFE
:109E50000B96003B18BF01230693059B0A9301E66E
:109E60009DF843303BB1059BCDE90933012344AD57
:109E70000693FFF7ADB9059BFFF727BB059B0B9238
:109E8000002B3FF422AB0024FFF78CB9059B0A930B
:109E900044ADFFF75BBB03980B92FFF723BADBB22D
:109EA0000024BFE505998DF8436000291C46BFF6E4
:109EB00063AAFFF768BA0B9A079912681180FFF737
:109EC00072BB591C5846FDF751FF054600B3099077
:109ED00044E7886D02F04AF9FFF76BB8002380462B
:109EE0000593FEF7D0BF049918AA584600F0BCF8B5
:109EF00000283FF48AA8FFF7A4B83A4E9EE4059ADA
:109F00000A92069A0B96013206920593FFF760B902
:109F10000498B0F90C30426E43F04001D2078181C1
:109F200009D54FF0FF330793FFF795B82B4BFFF799
:109F3000FBBB069F09E79905F3D4FFF70CB99BB16A
:109F4000059B0B965A1C06920A9305900990FFF701
:109F50003FB9D707E5D4049B9B899E05E1D4049BB8
:109F6000986D02F003F9DCE7059A0993CDE9053213
:109F70000B960A92FFF78BB8049A536ED807D0D489
:109F800093899905CDD4906D02F0F0F8C9E70B9A4A
:109F900098F8013052F8041B0B9241EAE1718046B7
:109FA0000591FEF76DBF0846E3E4049A938943F0F8
:109FB00040039381FFF73FB80996FFF770B8069307
:109FC00050E5059B0122012BB8BF01230DF20F15AF
:109FD0000A92FFF7BBBA0993FFF788B8D8E70020C9
:109FE000CDCCCCCC38270020F0B50D46ADF2744D69
:109FF000164689896A6E1B92EA89ADF8162021F00F
:10A000000201EA69ADF8141009921CA96A6A02916A
:10A01000074606910B924FF48061002218A8019325
:10A0200004910791089202F097F83246019B02A929
:10A030003846FEF7B5FE061E07DB02A9384600F0DB
:10A04000BDF8002818BF4FF0FF36BDF814305B068E
:10A0500003D5AB8943F04003AB81189802F07EF83A
:10A0600030460DF2744DF0BD936810B514461BB91F
:10A0700018460023636010BD00F0A6F90023A3601A
:10A080000023636010BD00BFB1F90C202DE9F04141
:10A09000804610070C4650D4496842F400630029FA
:10A0A000A38164DDA66A002E44D0002112F4805200
:10A0B000D8F80050C8F8001065D1E1690123404686
:10A0C000B047411C02466CD0B4F90C30A66A5B075D
:10A0D00005D56368D21A236B0BB1E36BD21A002348
:10A0E000E1694046B047471CB4F90C304DD1D8F86F
:10A0F00000101D2940D8304ACA40D6073CD52269F5
:10A10000226023F40062A281D9044FF00002626051
:10A1100003D5D8F80030002B41D0216BC8F800508F
:10A1200041B104F14003994202D0404602F030FBB5
:10A13000002323630020BDE8F0810E69002EF9D0D2
:10A140000D680E6092070CBF4B690023AD1B8B603E
:10A150000AE02B463246E169676A4046B847002864
:10A16000A5EB0005064406DD002DF2DCE2E7E16B1D
:10A17000002997DCDEE7A38943F04003A3814FF079
:10A18000FF30BDE8F081226DA1E72269226023F44F
:10A190000062A281DB044FF000026260BDD5206541
:10A1A000BBE7D8F80030002B8ED01D2B01D0162B2A
:10A1B000E1D1C8F80050BDE70100402000B50346DA
:10A1C00083B008B1426B52B3B1F90C0098B14A6E3A
:10A1D000D20701D4820512D518460091FFF754FF2B
:10A1E00000994A6E0346D00702D48A8992050ED59B
:10A1F000184603B000BD0346184603B000BD886D85
:10A200000193009101F0AEFFDDE90013E4E7886DF2
:10A21000009301F0ABFF009B184603B000BDCDE9F1
:10A22000000100F0A7F8DDE90031CDE7024A03495B
:10A23000034800F045BA00BFC0F000203D83020093
:10A24000F0EB00200C4B4168994210B5044601D058
:10A2500004F0B2F9A168094B994202D0204604F0FB
:10A26000ABF9E168064B994204D02046BDE81040A6
:10A2700004F0A2B910BD00BF180B0120800B012013
:10A28000E80B01202DE9F843314A324C3249DFF81E
:10A29000DC90DFF8DC80314F116000250423294673
:10A2A000082204F15C00C4E903352D4EA560C4E921
:10A2B0000055C4E90555656600F0B0FB04F158008F
:10A2C000C4E90749C4E90987E66201F045FF294668
:10A2D000244B6367082204F1C400C4E91A55C4E999
:10A2E0001E552567C4F8CC50C4F8805000F096FB8A
:10A2F00004F1680304F1C000C4F88430C4E9229872
:10A30000C4E9247601F028FF174BC4F8DC30294655
:10A3100004F596700822C4E93455C4E93855C4F8E8
:10A32000D850C4F83451C4F8E85000F077FB04F179
:10A33000D003C4E93D87C4F8F09004F59470C4F8E4
:10A34000FC60C4F8EC30BDE8F84301F005BF00BF85
:10A35000500C0120180B0120B13F0200F144020013
:10A3600015450200090001001200020089440200A4
:10A37000B144020010B504460A4801F0F3FE636BD5
:10A3800023B9094B094A1B68626323B1BDE8104039
:10A39000044801F0EBBEFFF775FFBDE8104001482F
:10A3A00001F0E4BEDC0A0120500C0120C93F02008C
:10A3B000014801F0D7BE00BFDC0A0120014801F0CE
:10A3C000D5BE00BFDC0A01209368002B00F0B780E7
:10A3D0002DE9F04FB1F90CC01CF0080F83B00C460A
:10A3E000804617462DD00B695BB31CF002033E6814
:10A3F00033D04FF0000ADFF8C4B25546B9465D4588
:10A400002B46524628BF5B464046B5B1E169676AB4
:10A41000B847002840F38B80D9F808301B1A8244D3
:10A42000C9F80830002B79D02D1A5D452B465246CD
:10A4300028BF5B464046002DE8D1D6E900A5083686
:10A44000DDE72146404600F0A7F9002874D1B4F9B1
:10A450000CC03E681CF00203CBD11CF0010A70D185
:10A46000236800975546002D54D01CF4007FD4F883
:10A470000890184600F0AB80A945CB4600F2E48076
:10A480001CF4906F34D021696269A3EB010902EBDF
:10A49000420202EBD27209F1010352102B449342A3
:10A4A00094BF93469B46934288BF1A461CF4806F24
:10A4B00000F0E98011464046FDF758FC002800F006
:10A4C000F7804A4621690190F9F7A6FFA289019B0E
:10A4D00022F4906242F08002A28103EB0900236122
:10A4E000ABEB0903C4F814B0A3602060A946AB46E7
:10A4F00051465A4600F000FAA2682368A2EB09020E
:10A50000A260009A91685B44491B2360916029B165
:10A51000B4F90CC0D6E900A50836A4E7002003B0C2
:10A52000BDE8F08F21464046FFF748FE68B3B4F916
:10A530000C3043F04003A3814FF0FF30EFE70020E1
:10A5400070471D469A461846B946009365B30028E1
:10A5500031D05246D4E904132068AA4228BF2A46C3
:10A56000884204D9A16803EB010B5A457CDC934275
:10A570006DDCE169009A676A4046B847B0F1000BAC
:10A58000D5DDBAEB0B0ACDD00120D9F80830A3EB0A
:10A590000B03C9F80830002BC0D0009BA5EB0B05BE
:10A5A0005B440093002DD2D1756833460836002DE8
:10A5B000FAD01B680093009F2A460A21384601F012
:10A5C000BDFF002871D00130A0EB070AC1E7226966
:10A5D0009A4221D36269AA421ED86FF00043AB426F
:10A5E00028BF2B46E16993FBF2F3676A02FB03F392
:10A5F00040465246B847B0F1000998DD009A93688A
:10A60000A3EB0903A5EB09059360002B86D0B4F9F1
:10A610000CC02368CA4426E7A94528BFA9461846A6
:10A620004A46514600F068F9A2682368A2EB090285
:10A630004B44A2602360002AE0D121464046FFF748
:10A64000BDFD0028DAD072E7A946AB4650E7009975
:10A65000019200F051F9019AA3689B1AA360236844
:10A660001344236093468CE700995A4600F044F95E
:10A6700023685B44236021464046FFF79FFD002886
:10A680003FF47FAF53E74046FDF75CFE03460028EA
:10A690007FF423AF2169404602F07AF8A3890C22A7
:10A6A000C8F8002023F0800343E76A1C924651E774
:10A6B0000C22B4F90C30C8F800203AE700FCFF7F08
:10A6C0002DE9F8430746884616464FF0000975689D
:10A6D000013D11D4B468A389012B08D9B4F90E3017
:10A6E00001332146384602D0C04749EA0009013DFE
:10A6F0006B1C04F16804EED13668002EE7D14846A1
:10A70000BDE8F88310B50C46B1F90E1001F0BAFCA3
:10A71000002803DB236D0344236510BDA38923F4C4
:10A720008053A38110BD00BF002070472DE9F04188
:10A730001F46B1F90C301646DA050C4605460BD417
:10A7400023F48053A381B4F90E103B4632462846C9
:10A75000BDE8F04101F0BEBC0223B1F90E100022A9
:10A7600001F07AFCB4F90C30EAE700BF10B50C46F2
:10A77000B1F90E1001F070FCB4F90C30421C0EBFA0
:10A7800023F4805343F480532065A38110BD00BFA0
:10A79000B1F90E1001F04EBC10B5354B04461868E7
:10A7A00082B00B4610B1426B002A53D0B3F90C2093
:10A7B000110711D51869C8B1B3F90C2012F00101C5
:10A7C00026D059694FF0000C4942C3F808C099617E
:10A7D00020B3002002B010BDD00640D5510723D4CD
:10A7E000186942F008029A810028E5D19A8902F49A
:10A7F0002072B2F5007FDFD019462046019303F0A6
:10A800003DFF019BB3F90C20186912F00101D8D16A
:10A81000940758BF596999600028DAD11106D9D533
:10A8200042F040029A811FE0196B61B103F14000D0
:10A83000814206D02046019301F0AAFF019BB3F9A3
:10A840000C200021196318690021C3E9000122F0DE
:10A850002402C6E70191FFF78DFD019BA6E70921C0
:10A8600042F0400221609A814FF0FF30B2E700BF12
:10A87000CCF00020032A11D8002A3BD0013A431E15
:10A880000139024401E09A4234D013F8010F11F863
:10A8900001CF6045F7D0A0EB0C00704710B541EA3E
:10A8A0000004A40784460B460FD0013A431E013929
:10A8B000024401E09A421BD013F8010F11F801CFB6
:10A8C0006045F7D0A0EB0C0010BDDCF80040D3F8D9
:10A8D00000E074451946604603F104030CF1040CD2
:10A8E000E3D1043A032AF0D860461946002ADCD1A5
:10A8F000002010BD00207047884270B531D98B18F8
:10A9000083422ED9032A00EB02011DD941EA030C30
:10A910001CF0030F1D4618D14FEA920C0CF1FF36C4
:10A92000A1EB8C048C4653F804ED4CF804EDA445DF
:10A93000F9D1C6EB867301EB830105EB830CACF117
:10A940000403043902F0030252B102F1FF3C6FEA42
:10A950000C0C9C4413F8012D01F8012D6345F9D12D
:10A9600070BD032A50D941EA00039B074ED10F2A3C
:10A9700051D922F00F0301F1100601F1100C103B28
:10A98000203100F1100E19445CF8104C4EF8104CB8
:10A990005CF80C4C4EF80C4C5CF8084C4EF8084C2B
:10A9A0005CF8044C4EF8044C0CF1100C8C450EF184
:10A9B000100EE9D1F11812F00C0F034402F00F054C
:10A9C00003F1100325D025F0030CACF10404264656
:10A9D0001A1F1C198C465CF804EB42F804EFA242E3
:10A9E000F9D1043104333144334405F00302002A21
:10A9F000B6D0013A0132013B0A4411F801CB03F809
:10AA000001CF9142F9D170BD0346F0E7013A034608
:10AA1000F0E72A46EBE703461546D4E730B584074E
:10AA20008646034606D0A2B303F8011B980702F13D
:10AA3000FF32F8D1032A26D95FFA81FC0CEB0C2CEB
:10AA40000F2A0CEB0C402AD922F00F0C9C44C3E9CE
:10AA50000000C3E9020010336345F8D112F00C0F77
:10AA600002F00F0417D04FEA940C0CF1FF351A4690
:10AA700003EB8C0C42F8040B6245FBD1043304F069
:10AA8000030203EB850322B11A4403F8011B9A4227
:10AA9000FBD1704630BD2246002AF5D1F9E71446B5
:10AAA000E1E700BF10B503460446800702D12CE061
:10AAB0009A0708D01A7818460133002AF8D101F015
:10AAC000DDFC204610BD4278EAB11868A0F10132E1
:10AAD00022EA000212F0803F0CD19C4653F8040F8A
:10AAE000A0F1013222EA000212F0803FF5D09CF87A
:10AAF000042042B1184610F8013F002BFBD101F0B1
:10AB0000BDFC204610BD1846D9E72278DCE700BF1F
:10AB100011F0FF01034600F003023AD092BB026835
:10AB200001EB012303EB034383EA020C10B51C463F
:10AB3000A2F1013323EA0203ACF1013222EA0C0252
:10AB4000134313F0803F0FD150F804CF8CEA040E6A
:10AB5000ACF10133AEF1013223EA0C0322EA0E021A
:10AB6000134313F0803FEFD0037823B936E010F899
:10AB7000013F002B32D09942F9D110BD8A4228D032
:10AB80009A0729D01A7818460133002AF6D11046C0
:10AB90007047CAB90268A2F1013323EA020313F035
:10ABA000803F08D150F8042FA2F1013323EA0203B9
:10ABB00013F0803FF6D003785BB110F8013F002B13
:10ABC000FBD17047990705D01A7818460133002A3F
:10ABD000F8D170471846DDE71846A0E7184610BDC3
:10ABE00032B3013A10B500F1FF3CDFF848E001391B
:10ABF000841804E01B1A19D1A8B1644514D01CF8BC
:10AC0000013F11F8010F1EF8032002F00302012A90
:10AC10001EF8002002F0030208BF2033012AE9D108
:10AC20002030181AE9D010BD002010BD184610BD04
:10AC300010467047B10B00208AB340EA01039B071E
:10AC400030B504468E4618D1032A07D815E0043AD9
:10AC500023D01CF0803F20D1032A26D92368DEF8B8
:10AC60000050A3F10131AB4221EA030C20467146AA
:10AC700004F104040EF1040EE9D003780C78A34229
:10AC80000FD1013A024406E06BB110F8013F11F810
:10AC9000014FA34205D19042F6D1002030BD1046AD
:10ACA0007047181B30BD184630BD20467146E4E79A
:10ACB00010B504460843830701D1032A19D8A446D6
:10ACC00001F1FF3E07E01EF8011F03F8011B501EB3
:10ACD00031B19C4602466346002AF4D1204610BD9D
:10ACE00094440028FAD003F8011B6345FBD12046A9
:10ACF00010BD0B46A44618681946A0F1013323EA9B
:10AD0000000313F0803F01F10403D9D1043A032A70
:10AD10004CF8040BEFD81946D2E700BF38B511F054
:10AD2000FF040CD00346002501E0431C05462146E4
:10AD30001846FFF7EDFE0028F7D1284638BD21461A
:10AD4000BDE83840FFF7E4BE024A126801235032E2
:10AD500000F002B8CCF0002030B5154620B386468E
:10AD60004C1E7246A44612F8010B01E0884214D032
:10AD70001CF8011F0029F9D1E0B11046A44610F8D3
:10AD8000011B00E063B11CF8013F9942FAD149B1BF
:10AD9000002313702860704630BD73B19646E0E71B
:10ADA0000246EAE70846F5E7D2F800E0BEF1000FF8
:10ADB000D6D100E02860002030BD2A6070468EF8B1
:10ADC0000030E9E701292DE9F04115465BD94FF044
:10ADD0000108C64600224FF0FF34434608E0A3EBCB
:10ADE00004081A464FF0010E02EB0E03994210D9E7
:10ADF00000EB040CC75C1CF80E60B742EFD332D0F6
:10AE00004FF001081446C646424402EB0E03994235
:10AE1000EED80127C5F80080BE4600224FF0FF366D
:10AE20003B4607E09F1B1A464FF0010E02EB0E0354
:10AE3000994210D900EB060C10F803801CF80EC0E4
:10AE4000E045EFD817D001271646BE463A4402EB3C
:10AE50000E039942EED80136601C864201D32F6062
:10AE60003046BDE8F081C6450ABF72440EF1010EBE
:10AE70004FF0010EB8E7BE450ABF72440EF1010E55
:10AE80004FF0010ED2E701270026E8E72DE9F04F49
:10AE90009346ADF21C4D0746894605AA1946584609
:10AEA0001C46FFF78FFF05AB82460DF2144143F8B5
:10AEB000044F8B42FBD16CB1601E58440BF1FF3242
:10AEC00012F8011FA31A013B06AE5B44824246F80A
:10AED0002130F5D1059B029352460BEB03015846F6
:10AEE000FFF7C8FC002878D144F40063804605468B
:10AEF000A9EB04010393661EA94213D307EB050EC9
:10AF000006AA1EF8063052F82330D3B1B8F1000F6C
:10AF100003D0029A9A4288BFA31A1D44A9424FF057
:10AF20000008EBD2039907EB090003F0A5FC81446C
:10AF3000A9EB0401A942E1D200200DF21C4DBDE8AD
:10AF4000F08FD045434638BF5346B3421BD20BF176
:10AF5000FF3018440EEB0302019502E00133B342C7
:10AF600010D0157810F801CFAC4502F10102F5D0F0
:10AF70009E42019D07D9CAF101022A44D5184FF01B
:10AF80000008B9E7019DD04580F0888007EB0A02F0
:10AF90002A440AF1FF330BEB0A00019502E09845C1
:10AFA00011D0013B10F801CD12F8015DAC45F6D08F
:10AFB000019D013308F10108984509D8029B1D4401
:10AFC000A4EB030898E708F101089845019DF5D91D
:10AFD00070460DF21C4DBDE8F08FA4EB0A035345FB
:10AFE00038BF534601330293661E44F400630025C4
:10AFF000A9EB0401019307EB0608A94208D318F84E
:10B00000052006AB53F822309BB11D44A942F6D26D
:10B01000019907EB090003F02FFC8144A9EB04011F
:10B02000A94289D318F8052006AB53F82230002B2B
:10B03000EBD1564519D90BF1FF3007EB0A03504409
:10B040002B44524602E0013296420ED093F800C0E3
:10B0500010F801EFE64503F10103F4D0964204D95C
:10B06000CAF101032B449D18C7E7BAF1000F10D0B5
:10B0700007EB0A0028440BEB0A0201E05A4508D00E
:10B0800010F801CD12F801EDE645F7D0029B1D4402
:10B09000BCE778190DF21C4DBDE8F08F534689E7E7
:10B0A0002DE9F0410D7890B00446002D48D04A7843
:10B0B000002A68D08B78002B46D0C878002877D03B
:10B0C0000B79002B65D008460E4601F097FA05462D
:10B0D00040F40071204603F0CFFB854242D8FE2D9C
:10B0E0007FD8401B27184022691C6846FFF796FC52
:10B0F0005DB1721EA81812F8013F03F03F036B44C4
:10B10000B11A294490421970F5D1013C635D03F0F6
:10B110003F036B441B781C44A74203D227E04444FE
:10B12000A74224D314F805C00CF03F0CEC442A4687
:10B13000314620469CF80080FFF79CFB0028EED1AA
:10B14000204610B0BDE8F081007842EA054238B1EF
:10B1500040EA03439A4214F8010FF8D1023CEFE7AA
:10B160009A42FBD00024204610B0BDE8F0817B5D00
:10B170007819002BF6D04FF4006103F07DFB0744F3
:10B18000A742C2D2EEE7294610B0BDE8F041FFF772
:10B19000BFBC2278002AE5D0096809BA42EA032335
:10B1A000204614F8012FB2B19942F7D1C41EC7E767
:10B1B000120442EA0562217842EA0323024641EA88
:10B1C000020059B1B3EB002F14F8011F4FEA00221F
:10B1D000F5D1033CB4E79942C4D1E7E79342C1D12A
:10B1E000F7E701462B463246204610B0BDE8F04155
:10B1F000FFF74CBE40EA01029207034615D10A68E8
:10B20000A2F1013020EA020010F0803F0DD101F1DF
:10B21000040C43F8042B61465CF8042BA2F10130C6
:10B2200020EA020010F0803FF3D011F8012B1846FD
:10B2300003F8012B002AF8D1704700BF024B1968B0
:10B24000703100F003B800BFCCF0002038B5604A80
:10B250000C460023D0E9000103F0ACFE002AC0F246
:10B26000AD8000F52F2000F66C205A49A1FB025159
:10B27000C90A4FF4616303FB1122574BA160A3FB82
:10B2800002135B096360C3EB0313A2EB8302534B0E
:10B290002260C11C83FB013C8C44CB17C3EBAC0385
:10B2A000C3EBC303CB1A7CD40028A3617BDB4C4BDC
:10B2B000C11783FB0023C1EBE3314A4B4A4A03FB2E
:10B2C00001039808A2FB0052484D03EBD222A5FBD4
:10B2D00000C0474DA2EBD0121809A5FB00C0A2EB9D
:10B2E00010124448A0FB0250121A00EB52024248CE
:10B2F0004FEA122CA0FB0C5003EB501340F26D10E0
:10B3000000FB1C33A3EB92233C4803EB830E0EF1AE
:10B31000020EA0FB0E20C00900EBC00240F2F9555E
:10B32000AE4502EB0212364D02F10202A5FB02E22B
:10B330008CBF6FF0090E4FF0020E70444FF4C87EC0
:10B340000EFB01C1012898BF013103F1010EB3F5D5
:10B35000997FAEEB92020BD3A3F59973A1F26C71B6
:10B36000E3610023C4E90401E2602362204638BDA2
:10B370001CF0030F0BD0234D05FB0CFC224DB5EB4D
:10B380003C1F2CBF012500253B332B44E6E71D4D18
:10B39000DFF878E005FB0CF5BEEBB50FEBD201252D
:10B3A000F2E70733A3610E4BA0F50E31A1F52C7126
:10B3B00083FB0123C917C1EBE3317EE702F5A83215
:10B3C00000F52F2002F5C07200F66B204DE700BF9C
:10B3D00080510100C5B3A29189888888932449923D
:10B3E000BD066B394FC5FDFF7F206B39D97CC6592F
:10B3F00041D6720061F319671F85EB51D7802BD6B8
:10B40000CDCCCCCC295C8FC20AD7A300285C8F029C
:10B4100070B501683B2982B0044600F2D7804168CC
:10B420003B2900F2C180A168172900F2AB80216995
:10B430000B2900F2958063699D0739D17748784AD6
:10B44000DFF8E4C100FB032EBCEBBE0F65D2E3685E
:10B45000002B4FF01D002FDCDFF8C4C1DFF8C8E17E
:10B4600001390AD3012940F0D6801A18002A1BDCC2
:10B4700002F11F03002B00F3C98061694A1E900787
:10B48000626155D01C2003F11F02002A64DC03F125
:10B490003D02002A00F3B6800921624B53F82130A7
:10B4A0001344002BDCDD1A46C4E9032102B070BD51
:10B4B0001C20E368002BCFDDDFF868C14FF0020EDF
:10B4C000012905D19842F1DA1B1AC4E9033E022191
:10B4D0005CF821209A4201F10101A3EB0203E5DAB5
:10B4E0000C29C4E90331EBD165694C4900266A1C7B
:10B4F00026614B4E626112F0030F4FF01C0001FBFE
:10B50000026208D14848B0EBB20F05F26D7201FB40
:10B5100002626FD21D200021DAE703F26C7300FB98
:10B520000322424BB3EB321F2CBF1D201C20C0E76F
:10B530003A4800FB02C2BEEBB20F59D33B4A01F2BC
:10B540006B7100FB01C1B2EB311F03F11F022CBF75
:10B550001D201C20002A9ADD0B21C4E90321A5E748
:10B560000C22684601F0B6F8DDE900216369002984
:10B5700013446361BDBF0C3103F1FF33C4E904130D
:10B58000216159E71822684601F0A4F8DDE90012AC
:10B59000E368002A0B44E360BDBF183203F1FF33B8
:10B5A000C4E90223A26042E73C22684601F092F817
:10B5B000DDE90023A168002B1144A160BDBF3C332D
:10B5C00001F1FF31C4E9013163602DE73C22684697
:10B5D00001F080F8DDE900236168002B114461600F
:10B5E000BDBF3C3301F1FF31C4E90031236017E7EF
:10B5F0001D2048E70D49B1EB321F2CBF1D201C2038
:10B60000002165E70A21C4E903214FE71A4600211A
:10B61000C4E903214AE71A463FE700BF295C8FC20D
:10B6200050B81E05CC090020285C8F020AD7A30061
:10B630002DE9F04F87B0074603F02EF981463846D2
:10B64000FFF7E6FE3A69BD49FC6851F82210B86878
:10B650007E69013C012AD7E900530C4402DDB107A1
:10B6600000F0AD8006F51C52103244F620618A428B
:10B67000FC6100F2A081C3EB031305EB8305462EAA
:10B680004FF4616303FB005573DC44D0452E00F09A
:10B690005181AB49AB48DFF8B0C2DFF8B082452337
:10B6A00040F26D1E12E0BCEBB20F03F26C7201FBB4
:10B6B0000202C0F02181B8EB321F2CBF4FF4B772E9
:10B6C0007246013BB342A4EB02040BD013F0030F0C
:10B6D00001FB0302E7D0013B40F26D12B342A4EB41
:10B6E0000204F3D1B10740F02581954A954B964964
:10B6F00002FB0630B1EBB00FC0F03081934906F287
:10B700006C7002FB0033B1EB331F40F26D1328BFA6
:10B710004FF4B773E41A8E4B4FEAE578C4FB035835
:10B7200000F03AFA00F044FA8A4B1B68002B00F054
:10B73000C5807869D9F804303A6A00F26C708342A7
:10B7400093464BD000F050F9002847D15B46012BBF
:10B75000A8BF0123012B40F0B180D9F850300293EB
:10B76000DB170393029BED18039B43EB08080123AF
:10B77000AAE001F1424101F50F01DFF8CCC1DFF889
:10B78000CC8101F60961462340F26D1E10E003F200
:10B790006C72BCEBB00F01FB02F21CD3B8EB321F92
:10B7A0002CBF4FF4B77272460133B3421444B2D087
:10B7B0009A0701FB03F0EAD040F26D12F4E7604A09
:10B7C0006049DFF884C102FB061EBCEBBE0F80F0AF
:10B7D000A780013446E74FF4B772E5E7D9F850A0E7
:10B7E000D9F82030D9F828C0B3EB0A03D9E9122ED2
:10B7F0000493D9F8243063EBEA73B2EB0C010593A0
:10B800006EEBEC73CDE9013A0091009B9D42019BE8
:10B810004FEAEA7178EB0303039160464FEAEC715B
:10B820006DDBB2EB0A036EEBEA7E9D4278EB0E0E07
:10B830008CDBD9F80030002B00F09380BBF1000FB7
:10B8400040F39A80AAEB0C02002339680193551942
:10B85000114448EBE2783960FA6800923846FFF705
:10B86000D7FDF968009A019B891A3FF473AF01294B
:10B8700040F39D804FF0FF31FA690C4489187DD464
:10B88000B20740F09C802E4A2E48DFF8BCC002FB75
:10B89000060EBCEBBE0FC0F0988006F26C7602FB81
:10B8A00006002A4AB2EB301F40F26D1228BF4FF457
:10B8B000B7729142A8BF891AF9614BE7D9F82800FD
:10B8C000C1172D1848EB0108009300F06BF92249CD
:10B8D000009B043481FB04212144E217C2EBA10246
:10B8E000C2EBC202A21A00D507323B62BA612846F7
:10B8F000414607B0BDE8F08F4FF4B772E1E6D9F8E2
:10B9000000302BB1049B9D42059B78EB030395DB34
:10B91000BBF1000F7FF426AFACEB0A02012394E7E2
:10B9200006F26C7C02FB0C11084AB2EB311FFFF4EB
:10B9300099AE4EE740F26D13ECE600BF280A0020F6
:10B94000295C8FC250B81E05285C8F020AD7A3005D
:10B95000805101006C0C0120932449924FF4B7737D
:10B96000D8E6049A9542059A78EB020ED0DABBF13C
:10B97000000F3FF767AFA4E70023A2E7711E880717
:10B9800020D1154A1548DFF85CC002FB0101BCEB71
:10B99000B10F1DD306F26B7602FB0600104AB2EB24
:10B9A000301F40F26D1138BF4FF4B67184E78A1C26
:10B9B000D8BF012160E74FF0FF35A84697E740F276
:10B9C0006D1276E74FF4B67176E74FF4B77270E711
:10B9D00040F26D1170E700BF295C8FC250B81E05A0
:10B9E0000AD7A300285C8F022DE9F843044602F031
:10B9F00053FF40F2B1739C4240F3AC8086466FF433
:10BA0000F6605D4ACEF8044004EB000CA4F26D73BE
:10BA100040F26D10A4F2B2714FEAAC0C00FB01CC05
:10BA200082FB0301DB17A3EB61136FF4C8659C4431
:10BA30006319A2FB032351480CEBD31C72460EF191
:10BA40005005137A4A2B22D0442B3ED153696344CC
:10BA50009169976ACE17C3FB0016C91946EBE776C2
:10BA6000C2E908162832AA42EBD1DEF82000DEF83F
:10BA70004810DEF82430DEF84C2088429341B4BFF1
:10BA800001230023CEF800300120BDE8F883576978
:10BA9000A10707EB0C030CD1394E3A4901FB0461B5
:10BAA000394EB6EBB10F04D23B2FC8BF0133013B77
:10BAB000CEE7344E324906FB0411344EB6EB311F4B
:10BAC000F5D33B2FC8BF0133F1E7A30745D02A497F
:10BAD00081FB0431E317C3EBE1134FF4C87101FBA1
:10BAE0001343002B0CBF4FF030084FF00008D7680D
:10BAF000274B012F98443DDD023F4FEA8709A8F10B
:10BB0000040108EB8707634651F8046FB9423344D8
:10BB1000FAD109F1040188441E4F191D87FB016702
:10BB20000F44CE17C6EBA706C6EBC6068E1B51699F
:10BB30008F1B1169D8F8006001F1FF3148BF07374A
:10BB4000C1EBC1013944B14202DB0739B142FCDA31
:10BB50000B447DE70020BDE8F8830A49084B01FB50
:10BB6000043301F180410139B1EBB30FAFD24FF093
:10BB70003008BCE76346CFE71F85EB5180510100D9
:10BB800050B81E05295C8FC2285C8F020AD7A3001B
:10BB9000500B002093244992014800F0E1BA00BF05
:10BBA000E00A0120014800F0DFBA00BFE00A0120EE
:10BBB000014B186800F002B8CCF000202DE9F04FDE
:10BBC0008DB0074602F068FEC049C14D04463846B4
:10BBD00000F02AFF29680646002800F03E8129B1BE
:10BBE00000F0DCFA002800F01C812968DFF80883E7
:10BBF0000846FCF7B3F8304600F000FD411C38461B
:10BC0000FCF7B4F8286010B1314600F037FCB14AB7
:10BC1000B14FB24D00231360C4E90333C4E90533C7
:10BC2000C4E90D33C4E90F333B60A36223654A23A3
:10BC3000C5E9008884F83030237200220023C4E96B
:10BC40000823C4E9122333783A2B04BF73780136F2
:10BC50003C2B00F0E9800DF12808A14AA149434698
:10BC6000304600F0EFFF002840F3DB800A9BDA1E2D
:10BC7000072A00F2D680F25C2D2A1E4400F0E980EB
:10BC80002B2A08BF01364FF0010908AB02930DF1D2
:10BC90001E0300930023ADF81E30ADF8203092490A
:10BCA000CDF80C80CDF80480434607AA304600F05A
:10BCB000C9FF002840F3B580BDF81E300A99C3EBD8
:10BCC0000312BDF8203003EB8203BDF81C204FF4B3
:10BCD000616000FB023303FB09FA735C3C2B0E44EA
:10BCE00000F0E080814A7F494346304600F0AAFFD9
:10BCF000002840F306810A9BDA1E072A00F2918091
:10BD0000F25C2D2A1E4400F0C9802B2A08BF0136A0
:10BD10004FF0010908ABCDE901830DF11E0300933B
:10BD20000023ADF81C30ADF81E30ADF820300A937A
:10BD30006D49CDF80C80434607AA304600F082FFDB
:10BD4000002840F3F480BDF81E30C3EB0312BDF8A9
:10BD5000203003EB8203BDF81C204FF4616101FB2E
:10BD6000023303FB09F204920A9BCDF814801E44AF
:10BD70004FF00009A34696F80080B8F12C0F04BFDD
:10BD800096F801800136B8F14D0F00F0D480B8F17B
:10BD90004A0F08BF01364FF00A020BA9304618BF00
:10BDA0004FF0440800F0FCFE0B9BADF82600B342B8
:10BDB00000F0AF8080B284F8088060611E464FF0CA
:10BDC0000203ADF81C304FF00003ADF81E30ADF8A3
:10BDD000203000230A9333782F2B00F0D7804FF4C4
:10BDE000E153A36109F10103022B04F128044FF090
:10BDF0000109C0D1049BCBF85030394B2B60DBF8E4
:10BE000004003A4BCBF828A06B60FFF7EDFDDBF8A0
:10BE10002820DBF850303A609B1A2E4A18BF0123C5
:10BE200013600DB0BDE8F08F0DF12808701C2C4A8E
:10BE30002F494346814600F005FF0028F1DD0A9BAB
:10BE4000DA1E072AEDD819F803203E2AE9D1023676
:10BE500011E701364FF0FF3917E7264A1F4BA06262
:10BE6000C3E900224A23237284F830301A4B20653C
:10BE70001E60184B00221E600023C4E90300C4E9C1
:10BE80000500C4E90D00C4E90F00C4E90823C4E9B2
:10BE900012230846FBF762FF2E60C2E701364FF01F
:10BEA000FF3937E7701C114A11494346814600F0BB
:10BEB000C9FE002822DD0A9BDA1E072AB1D819F82C
:10BEC00003203E2AADD102361AE700BFE4E000208D
:10BED000B41301206C0C0120700C0120D0F0002064
:10BEE000600C012000E1002010E10020540C012032
:10BEF000ECE00020E8E00020589F002073783E2B03
:10BF0000D9D1444BC4F828A0C5E90033C7F800A034
:10BF100087E7B9F1000F59D04D228BF830200B2163
:10BF20000122CBE90D120022CBF83C2046E7AAF50E
:10BF30006163049318E7059A03920DF126030293B7
:10BF400009AB019200933449134630460DF12202A9
:10BF500000F078FE03287FF464AFBDF822305A1E4B
:10BF60000B2A3FF65EAFBDF82420511E04293FF690
:10BF700058AFBDF8261006293FF653AFC4E9033287
:10BF800084F8088061610A9B1E4418E7059B2349D9
:10BF9000039308AACDE901320DF11E02009230464A
:10BFA00007AA00F04FFE00281ADDBDF81E300A99DE
:10BFB000C3EB0312BDF8203003EB8203BDF81C2055
:10BFC0000E444FF4616101FB02330AE74D228BF806
:10BFD000082003200222CBE90302CBF81490EDE6FF
:10BFE00000224A2300200021CBE90801CBE91201FD
:10BFF000CBE90322CBE90522CBE90D22CBE90F22C5
:10C000008BF80830CBF828208BF83030CBF8502054
:10C0100007E700BF600C012024E1002038E1002088
:10C02000014B93F81002704764EE002000487047FF
:10C030003CF0002038B5074C002305460846236035
:10C04000F8F798FB431C00D038BD2368002BFBD0C9
:10C050002B6038BD6C0E012038B58C46084C11465B
:10C0600005461A46604600232360F8F78FFB431C01
:10C0700000D038BD2368002BFBD02B6038BD00BF3B
:10C080006C0E012038B58C46084C114605461A4600
:10C09000604600232360F8F76BFB431C00D038BDDB
:10C0A0002368002BFBD02B6038BD00BF6C0E012035
:10C0B00038B5074C0023054608462360F8F740FBD7
:10C0C000431C00D038BD2368002BFBD02B6038BD4B
:10C0D0006C0E012038B58C46084C114605461A46B0
:10C0E000604600232360F9F799FC431C00D038BD5B
:10C0F0002368002BFBD02B6038BD00BF6C0E0120E5
:10C10000014B1868704700BFCCF0002070B50E4E90
:10C110000E4DAE4208D0761BB610002455F8043BF5
:10C1200001349847A642F9D8094E0A4D02F09AFF09
:10C13000AE4208D0761BB610002455F8043B0134FB
:10C140009847A642F9D870BDA8340060A8340060B2
:10C15000AC340060A8340060704700BF704700BF77
:10C16000704700BF704700BF704700BF704700BFF7
:10C17000082802D14FF48050704708B5FFF7C0FF80
:10C18000162303604FF0FF3008BD00BF0000000021
:10C1900000000000000000000000000002780B78A2
:10C1A000012A28BF9A4240F0D8806DE9044540EA50
:10C1B0000104CDE902676FF0000C4FEA44721AB334
:10C1C00080EA010414F0070F6BD100F0070420F09F
:10C1D000070004F0030521F007014FEAC505F0E868
:10C1E000042314F0040FF1E804670CFA05F462EA82
:10C1F000040266EA04060BD063EA0403624667EAB7
:10C200000407664604E000BFF0E80423F1E8046791
:10C2100082FA4CF582EA0604A4FA8CF46CBB83FA29
:10C220004CF583EA0705A5FA8CF595B950E9022388
:10C2300051E9026782FA4CF582EA0604A4FA8CF40A
:10C2400083FA4CF583EA0705A5FA8CF52543DBD084
:10C250009CB92DBAB5FA85F424F0070427FA04F145
:10C26000DDE9026723FA04F303F0FF0001F0FF01A8
:10C27000FDE80445A0EB0100704724BAB4FA84F449
:10C2800024F0070426FA04F1DDE9026722FA04F239
:10C2900002F0FF0001F0FF01FDE80445A0EB010002
:10C2A000704714F0030F3CD110F0030428D150F86C
:10C2B000082B51F8083B82FA4CF582EA0305A5FAEF
:10C2C0008CF55DB950F8042C51F8043C82FA4CF519
:10C2D00082EA0305A5FA8CF5002DE8D02DBAB5FA4F
:10C2E00085F424F0070423FA04F122FA04F202F0A0
:10C2F000FF0001F0FF01FDE80445A0EB01007047DD
:10C300004FEAC40420F0030050F8082B21F0030189
:10C3100051F8083B0CFA04F462EA040263EA0403ED
:10C32000C9E710F003041DD0A1EB040120F00300C5
:10C33000E40750F8042B06D012D28B785FFAA2F4EF
:10C34000E41A06D12BB1CB785FFAB2F4E41A00D12B
:10C3500033B920465DF8104B7047A2EB03007047DD
:10C3600001F1040150F8042BCC0721F0030151F82E
:10C37000043B48D824D222F07F4482FA4CF594EA58
:10C380001325A5FA8CF50AD165B951F8043B84EA66
:10C390000204B4EB036F0ED150F8042BEBE74FEA25
:10C3A000132355E035F07F454DD10878FDE804456D
:10C3B000C0F1000070474FEA126203F0FF0347E04C
:10C3C00002EA1C4482FA4CF594EA1345A5FA8CF56E
:10C3D0000AD165B951F8043B84EA0204B4EB034F77
:10C3E0000CD150F8042BEBE74FEA134330E015EA89
:10C3F0001C4528D10B884FEA124229E04FEA12422D
:10C4000003EA1C4324E002F0FF0482FA4CF594EAAC
:10C410001365A5FA8CF50AD165B951F8043B84EA95
:10C420000204B4EB032F09D150F8042BEBE74FEAD9
:10C4300013630DE015F0FF0F05D10B684FEA1222D0
:10C4400023F07F4304E04FF00000FDE8044570470F
:10C4500012BA1BBA82FA4CF482EA0304A4FA8CF5ED
:10C46000B5FA85F402FA04F203FA04F34FEA126013
:10C47000FDE80445A0EB1360704700BF80EA0102AD
:10C48000844612F0030F4FD111F0030F32D14DF853
:10C49000044D11F0040F51F8043B0BD0A3F101320D
:10C4A0009A4312F0803F04BF4CF8043B51F8043B20
:10C4B00016D100BF51F8044BA3F101329A4312F098
:10C4C000803FA4F101320BD14CF8043BA24312F09F
:10C4D000803F04BF51F8043B4CF8044BEAD023469C
:10C4E0000CF8013B13F0FF0F4FEA3323F8D15DF84E
:10C4F000044B704711F0010F06D011F8012B0CF816
:10C50000012B002A08BF704711F0020FBFD031F88D
:10C51000022B12F0FF0F16BF2CF8022B8CF8002014
:10C5200012F47F4FB3D1704711F8012B0CF8012B97
:10C53000002AF9D1704700BF0000000001F0FF01A0
:10C54000102A2BDB10F0070F08D010F8013B013A3E
:10C550008B422DD010F0070F42B3F6D1F0B441EA70
:10C56000012141EA014122F007047FF00007002386
:10C57000F0E80256083C85EA010586EA010685FADC
:10C5800047F5A3FA87F586FA47F6A5FA87F68EB936
:10C59000EED1F0BC01F0FF0102F0070232B110F859
:10C5A000013B013A83EA010313B1F8D1002070473F
:10C5B00001387047002D06BF35460338073815F09F
:10C5C000010F07D1013015F4807F02BF013015F44F
:10C5D000C03F0130F0BC0138704700BF00000000D0
:10C5E000000000000000000000000000000000004B
:10C5F00000000000000000000000000030B490F8CF
:10C6000000F020F007016FF0000C10F0070491F823
:10C6100020F040F048804FF000046FF00700D1E9AF
:10C62000002391F840F000F1080082FA4CF2A4FADD
:10C630008CF283FA4CF3A2FA8CF34BBBD1E90223C0
:10C6400082FA4CF200F10800A4FA8CF283FA4CF35F
:10C65000A2FA8CF3E3B9D1E9042382FA4CF200F197
:10C660000800A4FA8CF283FA4CF3A2FA8CF37BB99B
:10C67000D1E9062301F1200182FA4CF200F1080011
:10C68000A4FA8CF283FA4CF3A2FA8CF3002BC6D0F6
:10C69000002A04BF04301A4612BAB2FA82F200EB42
:10C6A000D20030BC7047D1E9002304F00305C4F187
:10C6B00000004FEAC50514F0040F91F840F00CFAA1
:10C6C00005F562EA05021CBF63EA050362464FF006
:10C6D0000004AAE791FBF2F302FB1311C0E9003159
:10C6E000704700BFF8B5064608200C46FFF740FD2E
:10C6F00007463046FBF710FE224A93685D6825F036
:10C700000305A5F111031C1B3C44B4FBF7F4013CE9
:10C7100007FB04F4A74208DC00213046FFF7C8FC01
:10C72000184A93682B44984204D03046FBF7FAFD30
:10C730000020F8BD61423046FFF7BAFC0130114AD3
:10C740000DD0114993682D1B45F001055D600B6804
:10C7500030461B1B0B60FBF7E5FD0120F8BD0021F7
:10C760003046FFF7A5FC074A9268831A0F2BDCDDE1
:10C7700043F001035360054B03491B68C01A08606E
:10C78000D3E700BFE8E70020E40A0120B8F000206A
:10C79000002965D02DE9F0410C460746FBF7BCFDAA
:10C7A00054F804EC7D49A4F1080C2EF001030CEBC5
:10C7B00003028D685068954220F003000EF00106D8
:10C7C00000F08B80151850606D6805F00105A846D3
:10C7D000AEBB54F8084CACEB040C2344DCF8084026
:10C7E00001F1080E74456BD0DCF80C50E560AC60CC
:10C7F000B8F1000F00F08C8043F00100CCF8040089
:10C800001360B3F5007F35D2DA0848685C0901325D
:10C81000012312B2A34003434B6051F83200CCF81D
:10C82000080001EBC203083BCCF80C3041F832C0E1
:10C83000C0F80CC03846BDE8F041FBF773BD85B9C0
:10C84000034401F1080E9068704543F001047AD06A
:10C85000D268C2609060CCF804404CF80330D0E756
:10C8600070474EF00102B3F5007F44F8042C4CF8F9
:10C870000330C9D3B3F5206F4FEA53204AD2980949
:10C8800000F1390212B200F13804D20088188A5837
:10C890000838904203D15FE09268904204D051681A
:10C8A00021F003019942F7D8D068CCE90220C0F802
:10C8B00008C03846C2F80CC0BDE8F041FBF732BDF5
:10C8C000A5BB1844D2E90223D3609A6040F001036B
:10C8D000CCF804304CF80000ACE7184446B954F8E2
:10C8E000083CACEB030C1844DCE90223D3609A60EB
:10C8F00040F00103CCF80430294BC1F808C01B6894
:10C90000834297D8274B38461968FFF7EBFE91E72B
:10C91000034498E714280FD9542824D8180B00F1A1
:10C920006F0212B200F16E04D200AFE743F00101D2
:10C93000CCF8041013607DE700F15C0212B200F144
:10C940005B04D200A2E7C1E904CCCCE902EECCF84A
:10C9500004404CF803306DE7A4100123A3404C6859
:10C9600023434B60A1E7B0F5AA7F07D8D80B00F1AD
:10C97000780212B200F17704D20087E740F25452F5
:10C98000904206D8980C00F17D0200F17C04D200A0
:10C990007CE74FF47E727E2478E700BFE8E7002052
:10C9A000BCF00020140B01202DE9F0431D4F83B093
:10C9B00080460E46914601F099FF3D684DB13378AF
:10C9C0001C4673B1344602E014F8013F43B13D2BDD
:10C9D000FAD1404601F090FF002003B0BDE8F0839B
:10C9E000A41B28680028F4D022463146FEF724F91B
:10C9F00020B92B681A5D3D2A234404D055F8040F52
:10CA00000028F1D1E5E73A680193AA1A921040464E
:10CA1000C9F8002001F070FF019B581C03B0BDE86D
:10CA2000F08300BF14F3002000B583B001AAFFF724
:10CA3000BBFF03B000BD00BF82B049B15AB16BB1BA
:10CA400013780B601278101E18BF012002B07047D7
:10CA500001A9002AF3D1104602B070476FF001001F
:10CA6000F4E700BF2DE9F0471D464A4B16460C4639
:10CA700082460A46114612F801EB13F80EC01CF06C
:10CA8000080CF7D1BEF12D0F5AD0BEF12B0F03BF0A
:10CA900092F800E063468A1C634645B9BEF1300F48
:10CAA0005CD00A253C4F4FF00509A8460AE0102D3E
:10CAB0004BD04FF0FF37B7FBF5F705FB07F96FEAEF
:10CAC0000909A8460021084605E02CD008FB00C053
:10CAD000012112F801EBAEF1300CBCF1090F06D9BF
:10CAE000AEF1410CBCF1190F0BD8AEF1370C654516
:10CAF00010DDB1F1FF3FECD0B842E6D94FF0FF3185
:10CB0000E7E7AEF1610CBCF1190F03D8AEF1570C99
:10CB10006545EEDC4D1C0BD003B140420EB169B946
:10CB20003460BDE8F087CC45D0DD4FF0FF31D0E771
:10CB30002223CAF800300846002EF2D0541EEFE738
:10CB400092F800E001238A1CA7E7BEF1300F11D054
:10CB50004FF00F096FF07047A846B3E7117801F066
:10CB6000DF0158290BD008254FF007096FF0604707
:10CB7000A846A7E7117801F0DF015829E8D14FF066
:10CB8000100892F801E04FF00F0902326FF0704781
:10CB9000454697E7B10B002099999919FFF762BFB5
:10CBA00000B5DFF818E084461346DEF800005DF8B3
:10CBB00004EB0A466146FFF755BF00BFCCF00020EA
:10CBC00049B1FF2A02D80A70012070478A23036006
:10CBD0004FF0FF3070470846704700BF30B504463D
:10CBE00087B05BB110480193D0F8C85171B12046AD
:10CBF000A847421C019B10D007B030BD00F58273DE
:10CC000009480193D0F8C8510029F0D10A462046BE
:10CC100003A9A847421C019BEED100218A2219607A
:10CC2000226007B030BD00BF64EE002010B582B0B6
:10CC3000049CCDE900344FF0FF3302F091F802B0CC
:10CC400010BD00BF0EB410B59FB021AB002453F847
:10CC5000042B1D944FF40171CDE90023ADF81C1095
:10CC600004900890FFF7CAFC0B49059009900B4807
:10CC70000C914FF6FF71019BADF81E10009A0068F1
:10CC8000109404A91594039300F0AAF81FB0BDE80E
:10CC9000104003B0704700BFAD440200CCF000204C
:10CCA0004B1C46D000B5B2F80CC0D2F804E0CBB2B1
:10CCB000116B2CF0200C83B0A2F80CC0C9B1516BE1
:10CCC00071450ADD1168481E106001F8013C516889
:10CCD00001315160184603B000BD11460193009226
:10CCE00001F090FDDDE900230028EBD04FF0FF3389
:10CCF000F0E71169106829B1814203D210F8011CD4
:10CD0000994210D01146C2E90E0E02F1400C0320E8
:10CD10005063C2F830C001F8423F0120C2E9001060
:10CD2000184603B000BD01380EF10101C2E900014F
:10CD3000D0E74FF0FF331846704700BF2DE9F04FA2
:10CD400083B0824602FB03F00C9CA0B30E46D4E9EC
:10CD50000015A8420093814621D9002704F140081C
:10CD6000CB4601922A463046F7F756FB2368226BE2
:10CD70002B44C4E9003711465046FAB1424501D070
:10CD8000FFF706FDE36B27632E446360B3B1ABEBA3
:10CD9000050BA16B21605B451D46E3D3D9464A468E
:10CDA0003046F7F739FBD4E90032A2EB09024B44D5
:10CDB000C4E90032009803B0BDE8F08FA389019A5E
:10CDC00009EB0500A0EB0B0043F02003B0FBF2F0F1
:10CDD0002269A3810023C4E9002303B0BDE8F08FDA
:10CDE0002DE9F04FE3B0B1F90C504C6E02AFAE0438
:10CDF0009146FB6105D445F4005524F400548D811F
:10CE00004C66A50400F1EA8578638A460822C4F3DB
:10CE1000403107F14000FDF701FEC4F3403E0AF146
:10CE20004003C7E90BEEC7E9033EC7F828E0F34625
:10CE30007446984BD3F8CC51FFF7F2F807F1400253
:10CE4000009203464A46786B07F13C01A847002848
:10CE5000C0F2C080FB6B002B00F0AC800128814445
:10CE6000014600F0C580252B42D00028E1D0A9EB77
:10CE70000108DAF804301A464044002A00F1FF3570
:10CE800008F1FF3617DDDAF8003018787278904232
:10CE900003F1010306F1010140F08C80DAF804206F
:10CEA000CAF80030013AA942CAF8042000F0AB8069
:10CEB000002A0E46E7DCDAF83030786B1946002B92
:10CEC00000F07685FA68934201D0FFF761FCDAF84A
:10CED0003C30CAF804300022CAF83020002B00F0A1
:10CEE0006785DAF83830CAF80030CEE7012001460D
:10CEF000002699F800503246A5F1250309F1010CEE
:10CF0000552B57D8DFE813F022055600560056007F
:10CF10005600190556005600560056005600E60009
:10CF2000E600E600E600E600E600E600E600E600D1
:10CF3000E6005600560056005600560056005600B1
:10CF4000560056002A033901560056005600560076
:10CF50005600560056008400560056005F015600E9
:10CF600056005600E9025600560056005600F000E2
:10CF700056005600A60156005600560056005600B0
:10CF8000560056009B020105560056005600FF024F
:10CF90000B038400560053017901EC04DB03C90440
:10CFA00056005600D8048C00870156005600F00049
:10CFB00056008C00BB6A3BB1FB6A013372D0BB6A7E
:10CFC000186808B1FAF7CAFEF86A07F5C277BD46D5
:10CFD000BDE8F08F4FF6FD730822002107F14000F5
:10CFE000FB63FDF71BFDFB6B002BE3D009F101098F
:10CFF000294AD25C110719D4252B3FF477AF09F1E8
:10D00000FF38012035E702365E44A6EB080B10E737
:10D010003507CFD199F8015046F00206E1466BE79B
:10D020003307C7D199F80150E14665E7DAF80420E3
:10D03000D7F834800AF14006002510E0DAF8003015
:10D040001A7815498A5C120703F101037FF5F1AEE6
:10D05000DAF80420013ACAE900320BF1010B002A88
:10D06000ECDCDAF8303040461946002B01F0A580A0
:10D07000B34201D0FFF78CFBDAF83C30CAF83050ED
:10D08000CAF80430002B01F09880DAF83830CAF87A
:10D090000030D5E764EE0020B10B0020BB6A002B06
:10D0A00000F09C84BB6ADE8818687EB10024051FEE
:10D0B000A046814655F8043F1868FAF74FFE013440
:10D0C0002B68B442C3F80080F4D148464FF0FF33D8
:10D0D000FB6276E716F08F0F7FF46CAF02EB8202F3
:10D0E00005EB4202303A9DE7DAF80430C7F818C081
:10D0F000002B46F4007640F3D983DAF80000DFF81D
:10D100005081017818F801502D07014641F1AC819A
:10D110004D4838611020386303257C6218460AF1B7
:10D12000400491460CE00131CAF80010087818F864
:10D13000000002070BF1010B40F15584DAF80400FE
:10D1400001380028CAF80400EDDCDAF83030786BDA
:10D150001946002B00F02C84A34201D0FFF718FBE6
:10D16000DAF83C10CAF804100023CAF8303000295D
:10D1700000F01E84DAF83810D6E7DAF80430C7F881
:10D1800018C0002B46F0010640F36586DAF800006F
:10D19000DFF8BC80017818F801502D07014641F1F5
:10D1A00092812A4838610A2038630325B5E735079C
:10D1B0007FF400AF99F801506C2D00F0878746F09E
:10D1C0000106E14698E6DAF80430C7F818C0002BEB
:10D1D00046F0010640F37A82DAF80000DFF870804A
:10D1E000017818F801502D07014641F14581164894
:10D1F00038610820386303258FE716F08F037FF42A
:10D20000D9AEBD6A002D01F01E8099F8015046F09C
:10D210008006E14670E6DAF80430C7F818C0002B43
:10D2200041F32E80DAF80000DFF82480017818F846
:10D2300001502D07014641F14F81034838610A2012
:10D240003863032569E700BF216902003925020020
:10D25000B10B0020614607F180007A6201F080FA8C
:10D26000DAF804307A6AB861002B46F0400641F3E0
:10D270000480002A08BF4FF0FF3206F0100316F0BA
:10D2800001087B6100F0C183002B40F04586FB69FB
:10D29000300653F8041BB960FB6140F1B0870029E8
:10D2A0003FF488AE80207A62FAF750FD7A6A8146B0
:10D2B000002800F08F83BB681860BB6ADD889E88F9
:10D2C000B54280F07A861868BB6840F82530BB6AA2
:10D2D000C7F804900135DD8020233B60C7F824B0F7
:10D2E0004FF000089346FEF79BFE404500F06B832D
:10D2F000DAE9003207F1580013F8011B00F80810B2
:10D30000013A032CCAE9003208F1010807F1480686
:10D3100002D13368042B04D0082200213046FDF7E7
:10D320007DFB00964946786B434607F1580201F0B1
:10D330006DFC411C044600F04683002840F0198330
:10D34000C9F80000054607F15003082200211846DD
:10D350003B62FDF763FB7E493B6A786B2A46D1F856
:10D36000C85107F13801A84701280CBF97F8385079
:10D37000002507F180035B5D002B00F04C877B6A82
:10D38000032C43447B6200F0FD827B690BF1FF3B81
:10D390005BB9BB6809F104093BB17B68A9EB0305E4
:10D3A0003B68B3EBA50F40F22183DAF80430002B81
:10D3B0004FF0000824DDBBF1000F94D1D7F824B062
:10D3C0007B69ABB9C9F80030BB6873B17B683A6858
:10D3D000A9EB03018B1001339A4206D9BD680431D1
:10D3E0002868FAF7A5FF00B12860FB6A0133FB62E9
:10D3F000D7F818901DE5DAF80430002B3FF773AF2B
:10D40000DAF83010002900F0C9870AF14003994288
:10D4100002D0786BFFF7BCF90023CAF83030DAF895
:10D420003C30CAF80430002B00F0B887DAF8383006
:10D43000CAF80030BBF1000F7FF455AFBEE7DAF851
:10D440000430C7F818C0002B46F0400640F30185B1
:10D45000012A38BF0122F307154600F18C80F3063C
:10D4600000F12085FB693606D3F8008040F1DA84AC
:10D47000B8F1000F3FF49EAD1046FAF767FC024684
:10D4800000283FF40BAEBB6AC8F80000DE88B3F892
:10D4900004904E4580F047861868BB6A40F82680A5
:10D4A0000136DE80CDF800A01146786B2B460122B4
:10D4B000FFF744FC0646002801F06680854240F2F2
:10D4C000BD84D8F800003146FAF732FF002800F09A
:10D4D000B584C8F8000000F0B1BCDAF80430C7F831
:10D4E00018C0002B46F0010040F3D186DAF8001096
:10D4F000DFF864800D7818F805502D0741F13B8066
:10D500000646022509E633077FF454AD99F8015029
:10D51000682D00F0D38546F00406E146ECE4DAF825
:10D520000430C7F818C0002B40F3A086DAF80000DA
:10D53000DFF82480017818F8015015F0080501463D
:10D5400000F0C68703483861002038630325E4E50E
:10D5500064EE002039250200B10B0020DAF8043017
:10D56000C7F818C0002B46F0410640F37284012A28
:10D5700038BF0122154616F010037B6240F0D484B8
:10D58000FB6953F8042B3006C7E9073240F13086B7
:10D59000002A3FF40FAD8020FAF7D8FB814600281F
:10D5A00000F018823B6A1860BB6ADE88B3F804801A
:10D5B000464580F0178518683B6A40F82630BB6AFC
:10D5C000C7F808900136DE8020237B614FF0000809
:10D5D000FEF726FD404500F0F681DAE9003207F15A
:10D5E000580013F8011B00F80810013A032CCAE98F
:10D5F000003208F1010807F1500602D13368042B0C
:10D6000004D0082200213046FDF708FA009649466A
:10D61000786B434607F1580201F0F8FA411C0446C2
:10D6200000F0D181002840F094817B6AC344013D21
:10D630006BB9C9F800303B6A3BB1BB68A9EB030684
:10D640007B69B3EBA60F40F2F98209F10409DAF81D
:10D650000430002B4FF0000814DD002DB8D13B6AD8
:10D660003BB1BB68A9EB03017B69B3EBA10F00F2EF
:10D670007A857B6A002B7FF4BBAEB6E6DAF804301D
:10D68000002BA5DCDAF83010002900F05C860AF1E6
:10D690004003994202D0786BFFF77AF80023CAF86A
:10D6A0003030DAF83C30CAF80430002B00F04B86FA
:10D6B000DAF83830CAF80030002D89D1CFE7DAF82F
:10D6C0000430C7F818C0002B3FF786ADB54B3B615F
:10D6D00008233B630325DAF83010002900F0688145
:10D6E0000AF14003994204D0786B7A62FFF750F850
:10D6F0007A6ADAF83C30CAF804300021CAF83010EF
:10D70000002B00F05581DAF83810CAF800107006C6
:10D7100040F12787012D3FF4ACAD002D3FF498AECA
:10D72000022D40F09B82002A08BF4FF0FF3206F026
:10D73000100316F001097B6200F003827B6A002B64
:10D7400040F0F983FB69300653F8041B7961FB61F3
:10D7500040F1468500293FF42DAC80203A62FAF76B
:10D76000F5FA3A6A8146002800F034817B69186036
:10D77000BB6ADD889E88B54280F04A8418687B6960
:10D7800040F82530BB6A0135DD80CE464FF0200CD5
:10D79000DAF80030DFF814821B7818F8035015F01F
:10D7A000080560D1C7E901EC2646C7F80080144699
:10D7B000FEF736FCA84200F00681DAE9002107F105
:10D7C000580312F8010B58550139032E05F10108D1
:10D7D000CAE900213B6207F1500502D12B68042BF6
:10D7E00004D0082200212846FDF718F900953A6A6E
:10D7F000786B4346494601F009FA421C064600F0A0
:10D80000E280002840F06A84C9F8000001F0BCFA08
:10D81000002840F0B584C344013C7B6A002B40F0F3
:10D82000DB847B6909F10409002B00F0D5847B6857
:10D83000A9EB0305BB68B3EBA50F40F23186D7F81F
:10D840002480DAF80420002A40F3E285DAF8002088
:10D8500012783B689A5C150702D4002C40F08D8446
:10D86000D7E901EC34467B6A002B7FF4C1ADC9F8DF
:10D8700000307B69002B3FF4B8ADA9EB0E018B1093
:10D8800001339C457FF6B1AD7D6904312868FAF714
:10D890004FFD00287FF4A8ADA7E5DAF80430C7F8FB
:10D8A00018C0002B46F408763FF727AC3D4B3B6190
:10D8B00010233B6303250EE7DAF80430C7F818C0DD
:10D8C000002B40F3D084DAF80010DFF8E08008780D
:10D8D00018F80000000748BF02253FF51EAC22E7FC
:10D8E000F506C7F818C03FF583ADFA69300752F85E
:10D8F000043BFA6100F12F84710740F1A685D7F847
:10D900001890A3F800B0FFF794BADAF80430C7F81B
:10D9100018C0002B40F39F82DAF80000DFF88C80FB
:10D92000017818F801502D0701463FF53AAC1E4B1F
:10D930003B610A23E1463B6394E132437FF43AAB17
:10D9400099F801501026E146FFF7D6BAE146FFF7F5
:10D950008CBA821C3FF492AE0328C34403D13368CF
:10D96000042B00F05F817B6A013D002B3FF463AE26
:10D970006DE6821C3FF43FADD9F800506B1C7FF47C
:10D98000E2ACF6E43368042B7FF4FFAC7B69002B38
:10D990003FF4FFACDAF80430002B4FF000083FF7FB
:10D9A000A2AC2DE52169020039250200B10B00204F
:10D9B000DAF81010BAF80C300022CAE9001243F06D
:10D9C0002003AAF80C30FB6A23B1BAF80C305A06CF
:10D9D0007FF5F0AABB6A002B7FF464AB4FF0FF33F6
:10D9E000FB62FFF7F1BA7C6A4A4693E67868D90091
:10D9F0001E46FAF79DFC78600028EBD0BA687300E9
:10DA000000EB050910603B60CFE47B69002B40F020
:10DA10009A82FB6916F08006D3F8008000F0F78345
:10DA2000B8F1000F3FF4C6AA20207A62FAF78EF907
:10DA3000054600283FF432ABBB6A7A6ADE88B3F849
:10DA40000490C8F800004E4580F0FE821868BB6A5A
:10DA500040F826800136DE804FF02009DAF8001009
:10DA600007F180000B78C35C002B3FF4A3AA0AF1F6
:10DA70004003C7E908B37C612E4614468346284616
:10DA8000DAF80450013DCAF804504D1CCAF80050A1
:10DA9000097800F8011BB8F1000F02D0851B4D4535
:10DAA00027D20546013C0AD0DAF8041000292EDD01
:10DAB000DAF8001008781BF800000028DFD1AE1B50
:10DAC000D7F820B07C693FF475AAFB690433FB6189
:10DAD00000232B70B8F1000F03D0711C894500F2B0
:10DAE0004584FB6AD7F818900133B344FB62FFF713
:10DAF000A0B94FEA490930464946FAF719FC0646EB
:10DB000000283FF4CBAA0544C8F80000CAE7DAF8B9
:10DB10003010002900F05B847B6A994202D0786B58
:10DB2000FEF736FEDAF83C10CAF804100023CAF8F3
:10DB30003030002900F04B84DAF83810CAF80010B1
:10DB4000B8E706F01003002B40F0C483FB6916F021
:10DB500080061B687B6200F0AD821E46002B3FF4FE
:10DB600029AA20203A62FAF7F1F8054600283FF486
:10DB700095AABB6A3060B3F80490DE883A6A4E45D5
:10DB800080F0798118687B6A40F82630BB6A0136DC
:10DB9000DE802023DAF80000DFF8A884017818F886
:10DBA00001100E0700F1B68191462E4622461C4612
:10DBB0005B46C346DAF804100139CAF80410411C68
:10DBC000CAF80010017805F8011B796A21B1A5EBAC
:10DBD0000608A04580F09582B9F101090BD0DAF86A
:10DBE0000410002940F35783DAF8000001781BF88D
:10DBF00001100907DED59B46A91B23468B4414461A
:10DC00000131FA690432FA6100222A707A6A12B18B
:10DC10008B4200F21F83FB6AD7F818900133FB6236
:10DC2000FFF707B97B6A002B3FF405ADDAF8043043
:10DC3000002B3FF7CBAC4FF0000823E5B868D900C4
:10DC4000FAF776FBB86000283FF4C4AE7B693A6A05
:10DC50005B0000EB060910607B61F6E4D7F81890D2
:10DC6000DAF80000531E262B40F2CB80A2F12703E6
:10DC7000BB6127220AF1400307F158057B624B463E
:10DC800046F45866A1464FF0000814463D621A4615
:10DC900090F800C0ACF12B014D293BD8DFE801F032
:10DCA0007D3A7D3A3A8A6969696969696982823A25
:10DCB0003A3A3A3A3A3A2727272727273A3A3A3A36
:10DCC0003A3A3A3A3A3A3A3A3A3A3A3A3A713A3A7D
:10DCD0003A3A3A3A3A3A2727272727273A3A3A3A16
:10DCE0003A3A3A3A3A3A3A3A3A3A3A3A3A713B6B2B
:10DCF0000A2B0FDD26F4386605F801CBDAF804109C
:10DD000001390029CAF8041061DD0130013CCAF86C
:10DD10000000BDD14C467D629146F00509D5D7E99A
:10DD200008329A4200F29D80D7E908329A423FF4C5
:10DD300041A916F0100215D17B6A396A3D691A7043
:10DD4000786B3B6BA847FB69B10603F104055CD413
:10DD5000320740F19081FB691B681870FB6AFD6116
:10DD60000133FB62D7E90832D51A4544AB44FFF7CB
:10DD700060B83B6BB14931F913303B6326F4386628
:10DD8000BAE706F4C061B1F5007FC3D126F400768E
:10DD9000102346F4A0663B63AEE73306BAD526F0FF
:10DDA0008006A9E73B6BA54931F9131039630829AF
:10DDB000A0DCAFE733059FD53B6B1BB9082346F4C6
:10DDC00000763B63710523D526F4B06694E7DAF854
:10DDD0003010002900F00E83786A814204D0786BFD
:10DDE0007A61FEF7D5FC7A69DAF83C10CAF80410BB
:10DDF0000023CAF83030002900F0FC82DAF838003D
:10DE000084E70023BB6135E7FB691B681860A5E761
:10DE1000BB6926F4607613B1013BBB61013408F1A4
:10DE200001086BE7CDF800A01346786B414601224C
:10DE3000FEF784FF064600283FF4C5ADFB69D7F81E
:10DE400018900433FB61FB6A0133B344FB62FEF7B5
:10DE5000F0BF00253FE47A4B3B610A233B63032577
:10DE600039E412F8011C786B15465246FEF718FF8C
:10DE70006B1E7B6258E74FF6F67399453FF612A981
:10DE8000BB6A3A6209F1080918684FEA8901FAF792
:10DE90004FFA00283FF406A9BB6A3A6AA3F8049037
:10DEA000186070E6DAE900139A4240F36C82194474
:10DEB000CAF80010DAF830101E46002900F0C382BC
:10DEC0000AF14003994202D0786BFEF761FCDAF860
:10DED0003C300022CAF83020002B00F0B482AA1B8C
:10DEE0009A42C8BF9D1940F34C82BAF80C3043F0F7
:10DEF0002003AAF80C30DAF81030CAF800300023FA
:10DF0000CAF80430002D3FF45EADD7F81890AB444A
:10DF1000FEF78FBF012174E60023C7E90033BB6021
:10DF200007F13C09FFF7DAB900237B61BB603B6274
:10DF30009946FFF74BBB4FF0000CE646C7F814C0FC
:10DF400007F13C0924E4DAF8001007F180000B78AF
:10DF5000C35C002B3FF42EA87C62454691460AF133
:10DF60004004064604E00B78F35C002B00F09C8034
:10DF7000DAF8043008F101080131013BC145CAE972
:10DF8000001300F09180002BEDDCDAF8301000294E
:10DF900000F07782A14202D0786BFEF7F9FBDAF845
:10DFA0003C30CAF83050CAF80430002B00F06982C7
:10DFB000DAF83810CAF80010D5E74FF6F6739E422B
:10DFC0003FF608ADBB6A7A6208361868B100FAF706
:10DFD000AFF900283FF4FEACBB6A7A6A9E801860F5
:10DFE000FFF772B94FF6F67398453FF6F3ACBB6A8C
:10DFF00008F1080818684FEA8801FAF799F900282B
:10E000003FF4E8ACBB6AA3F804801860FFF7D4BA09
:10E010004FF6F6739E423FF6DDACBB6A3A620836B5
:10E020001868B100FAF784F900283FF4D3ACBB6A52
:10E030003A6A9E801860FFF7A2BB00BF1427002039
:10E0400039250200B10B00204FF6F67399453FF6D3
:10E0500029A8BB6A7A6209F1080918684FEA8901A0
:10E06000FAF766F900283FF41DA8BB6A7A6AA3F89C
:10E0700004901860EBE4730771D416F001027FF48A
:10E08000C3AEB1077FF5C0AEC14B3969786B994219
:10E090003B6B396A00F0368200F0EAFC0B46FA6905
:10E0A0001168C1E9000359E67C6AD7F81890C344A7
:10E0B000FEF7BFBE7D6A7E6233466BE599F802507B
:10E0C00046F0080609F10209FEF716BF99F802505A
:10E0D00046F0020609F10209FEF70EBF831C3FF469
:10E0E000B0ABD9F8000000F04FFE002848D1032E55
:10E0F000C3447FF491AB2A68042A7FF48DABFFF709
:10E100008CBB6400304621467A613B62FAF710F915
:10E11000064600283EF4C2AF7B6A7A69186000EBBD
:10E1200008053B6A58E54FF6F67399453EF6BAAFD7
:10E13000BB6A7A6209F1080918684FEA8901FAF79F
:10E14000F7F800283EF4AEAFBB6A7A6AA3F80490F1
:10E150001860FFF7A2B983F800B0FFF749B9FB696F
:10E160001B681880FAE53D6A2868FAF7E1F800288C
:10E170003FF47FAA2860FFF77CBA4546FFF718BB3B
:10E18000D7E901EC3D6AC7F8209034464646D7F8F7
:10E190003480BC60F146AC196546013E14F8011D9F
:10E1A00052464046FEF77CFD002EF6D1CE46BC68B6
:10E1B000D7F82090AC46FFF756BBBAF80C3043F0C6
:10E1C0002003AAF80C30DAF81030CAF80030002327
:10E1D000CAF80430FEF72DBE4FF00008FFF731BB40
:10E1E0007B6AD7F814907B619C469E46FFF7D0BAB5
:10E1F000D7E908937B61BB603B62FFF7E7B97B69B6
:10E20000D7F80890BB60C7E90033FFF767B8454609
:10E21000B146B04622E4D7F824B0B8F1000F3FF47D
:10E22000CFA807F1580303EB08054646D7F834801A
:10E2300015F8011D013E52464046FEF731FD002E05
:10E24000F6D1FFF7BDB882B0CDE9023302ABBB62B5
:10E25000FEF7DBBF10681546FAF76AF800283FF4AE
:10E26000DAAC2860D7E40225FFF735BA494B3B61A9
:10E2700000233B630325FFF72EBA0125FFF72BBAD6
:10E28000434B3B610A233B630325FFF724BA064651
:10E290000225FFF720BADAF83010002900F03681A5
:10E2A0000AF14000814206D0786B7A613B62FEF74A
:10E2B0006FFA7A693B6ADAF83C10CAF80410002059
:10E2C000CAF83000002900F02181DAF83800CAF8D5
:10E2D00000008BE4DAF80010DFF8BC800B7818F847
:10E2E000033018073FF584A87C624D460AF14004CC
:10E2F000164604E00B7818F803301B0763D4DAF8ED
:10E30000043009F101090131013B4E45CAE900130E
:10E3100059D0002BEEDCDAF83010002900F0E18053
:10E32000A14202D0786BFEF733FADAF83C30CAF833
:10E330003050CAF80430002B00F0D380DAF83810DF
:10E34000CAF80010D6E7BAF80C3043F02003AAF858
:10E350000C30DAF81030CAF800300023CAF8043064
:10E36000B8F1000F3FF47BA9FFF72DBBD8F80000F0
:10E37000F9F7DEFF00283FF4B4ABC8F80000FFF760
:10E38000B0BBDAF838109B1A1144CAE90013BCE597
:10E390002169020039250200B10B0020BAF80C30C7
:10E3A000D7F824B043F02003AAF80C30DAF8103084
:10E3B000CAF800300023CAF80430B8F1000F3EF468
:10E3C000FFAFFFF700BB7C6ACB44FFF711B8BAF888
:10E3D0000C30D7F820B07C6943F02003AAF80C3049
:10E3E000DAF81030B542CAE900313FF4ECAAAE1BAE
:10E3F000FFF76BBBBAF80C307D6243F02003AAF83C
:10E400000C30DAF810304C46CAE90031914684E409
:10E41000DAF83010002900F08E800AF140029142B3
:10E4200002D0786BFEF7B4F9DAF83C20CAF8042081
:10E430000021CAF83010002A7DD0DAF83820CAF856
:10E440000020FFF705BA35464FE5F20708D4B607B6
:10E4500006D54FEAEB72C3F800B05A60FEF7C8BFAA
:10E46000C3F800B0FEF7C4BF504B3B6110233B63C1
:10E47000D7F81890FFF7F6BB4C4B3B6108233B6382
:10E48000F6E7BAF80C307C6A43F02003AAF80C30A7
:10E49000DAF81030CAF800300023CAF8043004E675
:10E4A0007868D900F9F744FF786000283FF492AA11
:10E4B000BB687A69D7F8248010605B0000EB05091F
:10E4C000BB60FFF7BEB93A4B3B610A233B63CFE722
:10E4D000374B3D633B61CBE7344B3B610A233B63E6
:10E4E000C6E7BAF80C307C6A43F02003AAF80C3077
:10E4F000DAF81030CAF800300023CB44CAF80430F0
:10E50000FEF776BF00F080FB0B46C8E59B4623462E
:10E510001446BAF80C2042F02002AAF80C20DAF8CF
:10E520001020CAF80020A91B00228B44CAF804203E
:10E530000131FFF766BBBAF80C3043F02003AAF8AC
:10E540000C30DAF81030CAF800300023D7E901ECBB
:10E550003446CAF80430B8F1000F7FF434AAFFF74C
:10E5600082B90878DFF84C8018F8000000077FF5C2
:10E57000D1A8FEF7D2BD92B906F010037B62064621
:10E580004FF0FF32FFF7DAB8FB6A002B3EF48AAD9A
:10E59000BAF80C305B067EF50FADFEF783BD06F0D2
:10E5A00010037B620646FFF7C9B800BF216902006D
:10E5B00039250200B10B002070B5002941D0064674
:10E5C0000C4610B1436B002B3ED0FBF7F1FE636E9F
:10E5D000B4F90C20DD0730D4900538D521463046FB
:10E5E000FBF752FDE36A054633B1E16930469847CF
:10E5F0000028B8BF4FF0FF35A3891A0639D4216B24
:10E6000041B104F14003994202D03046FEF7C0F810
:10E6100000232363616C21B13046FEF7B9F8002373
:10E620006364636E0022DB07A2811ED5A06DFDF737
:10E6300095FDFBF7C3FE284670BD002ACED1FBF73F
:10E64000BDFE0025284670BDFBF794FEBDE7A06D1A
:10E65000FDF788FDB4F90C30002BBFD1636ED907EC
:10E66000EDD4A06DFDF782FDE9E7A06DFDF77EFD1D
:10E67000DCE721693046FEF78BF8C0E7B1F90C20E2
:10E68000930706D501F143030122C1E904320B606F
:10E69000704730B50B46B1F90E10002999B0044609
:10E6A00032DB02AA009300F0FBF80028009B29DB74
:10E6B0004FF4806120460093039DF9F757FB009BC0
:10E6C000B3F90C20002839D005F4704142F08002E3
:10E6D00018601861B1F5005F4FF480609A8158614D
:10E6E0003AD1B3F90E100093204600F0EDF8009BEC
:10E6F000B3F90C2080B322F0030242F001024FF480
:10E70000006117E0B3F90C20019312F0800F0CBFE9
:10E710004FF48061402120460091F9F727FB019BCF
:10E720000099B3F90C2048B1C3E9040142F080021A
:10E73000186000210A439A8119B030BD9105FBD4BD
:10E7400022F0030203F1430142F002020120C3E977
:10E7500004109A811960EFE74FF40061EAE700BF07
:10E7600030B591F800C0BCF15E0F864626D000237C
:10E77000481C1C46002263F3070263F30F2263F375
:10E78000174263F31F620EF58071734643F8042B42
:10E790008B42FBD1BCF1000F0ED084F001010EF8CA
:10E7A0000C10451C15F8013C2D2B0FD05D2B0BD008
:10E7B0001BB19C462846F2E7013830BD012391F891
:10E7C00001C0881C1C46D5E7284630BD44785D2C26
:10E7D000EFD0A445EDDC0EF101020230624402F8F4
:10E7E000011BA2EB0E03013B9C42F8DCA4EB0C03E3
:10E7F000013BA445A8BF00230CF1010C02359C4449
:10E80000D0E700BF70B501F140030C46096B994297
:10E8100082B015D0636B01935D002A46F9F792FD33
:10E82000014630B3019B0190C6181A463046F5F7F1
:10E83000F3FD01992660C4E90C15002002B070BDFB
:10E840004FF48061F9F792FA98B194F842304FF49E
:10E850008062C4E90C0280F8FF3394F8413080F8FC
:10E86000FE3394F8402080F8FD2300F2FD3323604E
:10E87000E3E74FF0FF30E1E759B1034600EB010C4D
:10E8800002E001339C4504D01A78002AF9D1181A05
:10E8900070470846704700BF00487047F0ED002001
:10E8A00038B5084C00230546084611462360F5F7A5
:10E8B00065FF431C00D038BD2368002BFBD02B60C4
:10E8C00038BD00BF6C0E012038B5074C002305464B
:10E8D00008462360F5F758FF431C00D038BD236875
:10E8E000002BFBD02B6038BD6C0E01200148FDF7DA
:10E8F00039BC00BFD40A01200148FDF737BC00BF76
:10E90000D40A01202DE9F04F85B089460092574A7C
:10E9100003901E460D46294615F8014B135D13F072
:10E920000803F8D12D2C75D02B2C0CBF0293029329
:10E930004FF0FF3308BF2C78019308BF8D1C6FF098
:10E94000004A2EB9302C73D00A27B0463E4604E068
:10E95000102E67D037464FEAE67801983A4643468C
:10E960005146F8F7E3FF002393468E4602461946C8
:10E970001846A44610E08E4508BF82423BD000FBFB
:10E9800008F307FB0133A0FB07010B44201843EBFE
:10E99000E471012315F801CBACF13004092C05D941
:10E9A000ACF14104192C0DD8ACF13704A64211DDAD
:10E9B000B3F1FF3FEED082427EEB0103DBD24FF09A
:10E9C000FF33E7E7ACF16104192C03D8ACF157042D
:10E9D000A642EDDC5A1C13D0029A12B1404261EB00
:10E9E0004101009A22B1002B37D1009BC3F800905F
:10E9F00005B0BDE8F08FA345C1DA4FF0FF33C9E79A
:10EA0000039A22231360009B53B3019805F1FF3949
:10EA10005146EAE7019301232C7802938D1C4FF0B5
:10EA2000004A8EE7302C0CD037464FF0000894E7B0
:10EA30002B7803F0DF03582B08D00827B0463E465A
:10EA40008BE72B7803F0DF03582BEDD110276C7880
:10EA50004FF0000802353E467FE701908A46D4E732
:10EA60000198514605B0BDE8F08F00BFB10B002002
:10EA7000FFF748BF2DE9F04F85B08B460192604A01
:10EA800003901E460D46294615F8014B135D13F001
:10EA90000803F8D12D2C7ED02B2C03BF2C780293A9
:10EAA0008D1C02936EB9302C00F086804FF00A095D
:10EAB000B246DFF850814FF0050C4FF099374E46C3
:10EAC00017E0102E6CD04FEAE67A324653464FF0EC
:10EAD000FF304FF0FF31F8F729FF324607468846EE
:10EAE00053464FF0FF304FF0FF31F8F71FFFB146AC
:10EAF000944600221046114610E0414508BFB84236
:10EB000039D000FB0AF209FB0121A0FB09021144E4
:10EB1000181841EBE371012215F8014BA4F1300301
:10EB2000092B05D9A4F14103192B0CD8A4F1370303
:10EB30009E4210DD541CEFD0874278EB0102DCD2FC
:10EB40004FF0FF32E8E7A4F16103192B03D8A4F1D9
:10EB500057039E42EEDC531C12D0029B13B140427D
:10EB600061EB4101019B1BB192B9019BC3F800B05D
:10EB700005B0BDE8F08F6345C3DD4FF0FF32CBE752
:10EB8000039922230B60019B10461146002BEFD006
:10EB900005F1FF3BE9E701232C7802938D1C81E707
:10EBA000302C19D04FF00F0C4FF0FF376FF070483A
:10EBB000B1464FF0000A9CE72B7803F0DF03582B97
:10EBC0000FD04FF00809B2464FF0070C4FF0FF3757
:10EBD0006FF060484E468CE72B7803F0DF03582B2C
:10EBE000E0D14FF010096C784FF00F0C02354FF068
:10EBF000FF376FF070484FF0000A4E4679E700BFCC
:10EC0000B10B002099999919FFF734BF30B583B043
:10EC10000446069858B11248D0F8CC517AB10698FB
:10EC200000902046A847431C12D003B030BD04F129
:10EC3000F40006900A48D0F8CC51002AEFD1069B88
:10EC4000009311460123074A2046A847431CECD1F4
:10EC5000069900228A230A60236003B030BD00BFFA
:10EC600064EE0020589F00202DE9F04F8BB0DDE9C5
:10EC70001589149F02901C46B8F1000F57D01668F2
:10EC800001960029C34608BF4FF0FF37002588468C
:10EC90000391924606E0019B53F8040B0193002870
:10ECA00037D06546AF423ED9002C3CD0DBF800306F
:10ECB0000493DBF804300593019B02981A68D9F895
:10ECC000C8615B4606A9B047431C33D000EB050C76
:10ECD000BC453AD8039B013C002BDCD000280DDD5D
:10ECE00008F1FF32019E06A900EB020E11F8013B6C
:10ECF00002F8013F7245F9D101968044019BDAF890
:10ED0000002053F8040B01930432CAF800200028B5
:10ED1000C7D10399D84609B1CAF800000022C8F843
:10ED200000200CF1FF3528460BB0BDE8F08F00F550
:10ED30008678A4E7029B05468A21002228461960AE
:10ED4000CBF800200BB0BDE8F08FD846DDF810A05E
:10ED5000DDF814B02846C8E900AB0BB0BDE8F08F71
:10ED600000B585B0DFF81CC00698009007980190A8
:10ED700003480068CDF808C0FFF776FF05B000BD76
:10ED8000CCF0002064EE0020002100F001B800BFAC
:10ED900010B500F0A7F8044600F0D6F81A38C0B253
:10EDA000022806D9A4F1090004288CBF0020012004
:10EDB00010BD012010BD00BF0229C0F30722C3B25D
:10EDC00024D0032903D082F0800283F0800302F173
:10EDD0005001C9B21F290BD902F13001C9B224294F
:10EDE00034D84FF2A641884226D94FF0FF30704701
:10EDF0004CF6D3718842F8D8A13B4FF0FE00B03AF0
:10EE0000304912FB003231F8120070479E2B0FD9A7
:10EE10002333DBB280219F2A94BF703A503201EB3A
:10EE20004201CAB202F15001C9B21F29D4D8DFE7AA
:10EE30007E3BDBB27F21EEE7A13B4FF0FE00D03AF4
:10EE4000214912FB003231F812007047A13A072A1B
:10EE5000CBD8DFE802F031281E18130F0B04C02BAB
:10EE6000C3D81A4AA13B32F813007047F12BBCD823
:10EE7000174A19E0D82BB8D8164A15E0F62BB4D8A3
:10EE800003F540507047F32BAFD803F53E502030C8
:10EE90007047114A1A4412F8A12C002AA5D003F594
:10EEA0007E40603070470D4AA13B32F813000028C5
:10EEB00008BF4FF0FF307047094AA13B32F81300FA
:10EEC000704700BFE80F0020245D00209C0F002049
:10EED000F80E0020880E00202C0E0020700D00205F
:10EEE000B40C002038B50546B9B101F2122412491C
:10EEF0002046FDF753F928B928460121BDE83840DE
:10EF0000FFF75ABF0D492046FDF748F938B92846A2
:10EF10000221BDE83840FFF74FBF094CE7E7094938
:10EF20002046FDF73BF928B928460321BDE83840C3
:10EF3000FFF742BF284638BD90E1002094E1002051
:10EF400076F000209CE10020184B98422BD870B539
:10EF50000446174D4FF0000E40F6F90003E003F1B0
:10EF6000010E70451ADB0EEB000303EBD37323F0A5
:10EF7000010101EB630105EB410C5B109CF80120E2
:10EF8000BCF80260BCF804C042EA0622944464451E
:10EF9000E5D8944204D2581E7045E4DAFF2070BDD3
:10EFA00015F8110070BDFF20704700BFEF010E0083
:10EFB000482700207BB972B90029BEBF00204FF05E
:10EFC000004106E008BF00281CBF6FF000414FF071
:10EFD000FF30F8F753BEADF1080C6DE904CE0029FF
:10EFE00009DB002B1ADBF8F7B9FCDDF804E0DDE9FA
:10EFF000022304B07047404261EB4101002B1BDB50
:10F00000F8F7ACFCDDF804E0DDE9022304B040428F
:10F0100061EB4101524263EB43037047524263EBA1
:10F020004303F8F79BFCDDF804E0DDE9022304B0BC
:10F03000404261EB41017047524263EB4303F8F7F2
:10F040008DFCDDF804E0DDE9022304B0524263EBFD
:10F05000430370475FF800F0E11D00605FF800F0C7
:10F06000D13200605FF800F0753300605FF800F0A7
:0CF07000B5280060000000000000000057
:04F07C00F8B500BF24
:08F08000DC88FF7F01000000A5
:10F088000000000000000000000000000000000078
:10F098000000000000000000000000000000000068
:10F0A8000000000000000000000000000000000058
:10F0B8000000000000000000000000000000000048
:10F0C8000000000000000000000000000000000038
:10F0D8000000000000000000000000000000000028
:10F0E8000000000000000000000000000000000018
:10F0F8000000000000000000000000000000000008
:10F1080000000000000000000000000000000000F7
:10F1180000000000000000000000000000000000E7
:10F1280000000000000000000000000000000000D7
:10F1380000000000000000000000000000000000C7
:10F1480000000000000000000000000000000000B7
:10F1580000000000000000000000000000000000A7
:10F168000000000000000000000000000000000097
:10F178000000000000000000000000000000000087
:10F188000000000000000000000000000000000077
:10F198000000000000000000000000000000000067
:10F1A8000000000000000000000000000000000057
:10F1B8000000000000000000000000000000000047
:10F1C8000000000000000000000000000000000037
:10F1D8000000000000000000000000000000000027
:10F1E8000000000000000000000000000000000017
:10F1F8000000000000000000000000000000000007
:10F2080000000000000000000000000000000000F6
:10F2180000000000000000000000000000000000E6
:10F2280000000000000000000000000000000000D6
:10F2380000000000000000000000000000000000C6
:10F2480000000000000000000000000000000000B6
:10F2580000000000000000000000000000000000A6
:10F268000000000000000000000000000000000096
:10F278000000000000000000000000000000000086
:10F288000000000000000000000000000000000076
:10F298000000000000000000000000000000000066
:10F2A8000000000000000000000000000000000056
:10F2B8000000000000000000000000000000000046
:10F2C8000000000000000000000000000000000036
:10F2D8000000000000000000000000000000000026
:10F2E8000000000000000000000000000000000016
:10F2F8000000000000000000000000000000000006
:10F30800182D4454FB21E9BFD221337F7CD9024018
:10F31800D221337F7CD902C00000000000000080A9
:10F32800182D4454FB210940182D4454FB2109C0D1
:10F33800000000000000F03F748515D3B0D9EF3FFE
:10F348000F89F96C58B5EF3F515B12D00193EF3F2D
:10F358007B517D3CB872EF3FAAB968318754EF3FC3
:10F368003862756E7A38EF3FE1DE1FF59D1EEF3F7C
:10F3780015B7310AFE06EF3FCBA93A37A7F1EE3FA2
:10F388002234124CA6DEEE3F2D89616008CEEE3F96
:10F39800272A36D5DABFEE3F824F9D562BB4EE3F73
:10F3A800295448DD07ABEE3F85553AB07EA4EE3FC1
:10F3B800CD3B7F669EA0EE3F745FECE8759FEE3F05
:10F3C8008701EB7314A1EE3F13CE4C9989A5EE3F4C
:10F3D800DBA02A42E5ACEE3FE5C5CDB037B7EE3F3E
:10F3E80090F0A38291C4EE3F5D253EB203D5EE3F77
:10F3F800ADD35A999FE8EE3F475EFBF276FFEE3FAA
:10F408009C5285DD9B19EF3F6990EFDC2037EF3F79
:10F4180087A4FBDC1858EF3F5F9B7B33977CEF3F5B
:10F42800DA90A4A2AFA4EF3F40456E5B76D0EF3FE1
:10F43800000000000000E8429423914BF86AAC3FBA
:10F44800F3C4FA50CEBFCE3FD6520CFF422EE63F51
:10F458000000000000003843FE822B654715474036
:10F468009423914BF86ABC3EF3C4FA50CEBF2E3FAA
:10F47800D6520CFF422E963FBEF3F879EC61F63F68
:10F488001930965BC6FEDEBF3D88AF4AED71F53F89
:10F49800A4FCD432680BDBBFB010F0F03995F43F10
:10F4A8007BB71F0A8B41D7BF8503B8B095C9F33F17
:10F4B8007BCF6D1AE99DD3BFA564880C190DF33F66
:10F4C80031B6F2F39B1DD0BFA08E0B7B225EF23FBC
:10F4D800F07A3B1B1D7CC9BF3F341A4A4ABBF13F37
:10F4E8009F3CAF93E3F9C2BFBAE58AF05823F13FD6
:10F4F8005C8D78BFCB60B9BFA70099413F95F03FBD
:10F50800CE5F47B69D6FAABF000000000000F03F25
:10F518000000000000000000AC479AFD8C60EE3F40
:10F528003DF5249FCA38B33FA06A021FB3A4EC3F3D
:10F53800BA913854A976C43FE6FC6A573620EB3FA7
:10F54800D2E4C44A0B84CE3F2DAAA163D1C2E93FBD
:10F558001C65C6F04506D43FED417803E686E83FD2
:10F56800F89F1B2C9C8ED83F624853F5DC67E73F19
:10F57800CC7BB14EA4E0DC3F0B6E49C91676D23F76
:10F588007AC675A06919D7BFDDBAA76C0AC7DE3F6E
:10F59800C8F6BE484715E7BF2BB82A654715F73F99
:10F5A800000000000000F03F000000000000F0BF75
:10F5B800000000000000F0BF000000000000F03F65
:10F5C80083C8C96D305F6441182D4454FB21F93F4D
:10F5D800000000000000F03F1C620CFDFFFFDFBFD1
:10F5E800198F06E15355A53F9D359AE887C056BF48
:10F5F800C3F87B024393F93E03A695595455C5BFFA
:10F60800C40B23057610813F24CF7437EB9429BFB0
:10F61800000000000000F03F000000000000F0BF04
:10F62800000000000000F0BF000000000000F03FF4
:10F6380083C8C96D305F6441182D4454FB21F93FDC
:10F64800000000000000F0BF1C620CFDFFFFDF3F60
:10F65800198F06E15355A5BF9D359AE887C0563FD7
:10F66800C3F87B024393F9BE03A695595455C5BF09
:10F67800C40B23057610813F24CF7437EB9429BF40
:10F688004FBB610567ACDD3F182D4454FB21E93FB2
:10F698009BF681D20B73EF3F182D4454FB21F93FA1
:10F6A800E2652F227F2B7A3C075C143326A6813C27
:10F6B800BDCBF07A8807703C075C143326A6913CD2
:10F6C800000005800F800A001B801E0014001180B6
:10F6D800338036003C00398028002D8027802200A6
:10F6E800638066006C00698078007D807780720096
:10F6F800500055805F805A004B804E004400418086
:10F70800C380C600CC00C980D800DD80D780D20075
:10F71800F000F580FF80FA00EB80EE00E400E18065
:10F72800A000A580AF80AA00BB80BE00B400B18055
:10F73800938096009C00998088008D808780820045
:10F74800838186018C01898198019D81978192012D
:10F75800B001B581BF81BA01AB81AE01A401A1811D
:10F76800E001E581EF81EA01FB81FE01F401F1810D
:10F77800D381D601DC01D981C801CD81C781C201FD
:10F78800400145814F814A015B815E0154015181ED
:10F79800738176017C01798168016D8167816201DD
:10F7A800238126012C01298138013D8137813201CD
:10F7B800100115811F811A010B810E0104010181BD
:10F7C800038306030C03098318031D83178312039D
:10F7D800300335833F833A032B832E03240321838D
:10F7E800600365836F836A037B837E03740371837D
:10F7F800538356035C03598348034D83478342036D
:10F80800C003C583CF83CA03DB83DE03D403D1835C
:10F81800F383F603FC03F983E803ED83E783E2034C
:10F82800A383A603AC03A983B803BD83B783B2033C
:10F83800900395839F839A038B838E03840381832C
:10F84800800285828F828A029B829E029402918224
:10F85800B382B602BC02B982A802AD82A782A20214
:10F86800E382E602EC02E982F802FD82F782F20204
:10F87800D002D582DF82DA02CB82CE02C402C182F4
:10F88800438246024C02498258025D8257825202E4
:10F89800700275827F827A026B826E0264026182D4
:10F8A800200225822F822A023B823E0234023182C4
:10F8B800138216021C02198208020D8207820202B4
:10F8C800148200201C820020248200202C82002028
:10F8D800D887002008880020208800203888002049
:10F8E80050880020688800208088002098880020A0
:10F8F8000C8200201082002050300050310050321D
:10F908000050330050340050350050360050370056
:10F9180050380050390050313000503131005031EA
:10F9280032005031330050313400503135005031FD
:10F9380036005031370050313800503139005032DC
:10F948003000503231005032320050323300000063
:10F958004530004531004532004533004534004507
:10F9680035004536004537004538004539004531F2
:10F9780030004531310045313200453133004531E1
:10F988003400453135000000B4870020A8A60020C7
:10F99800B8830020ACA60020F40D012041CA010064
:10F9A800B9CA010005C9010079CA0100E1C6010010
:10F9B800800C012045CC01001DCC0100B5CC010014
:10F9C800F1CC01006889002098A6002054A60020E8
:10F9D8009CA60020089E0020089E0020A0A60020CB
:10F9E800B0A20020089E0020089E0020089E00204B
:10F9F800089E0020089E0020089E0020089E0020E7
:10FA0800A4A60020089E0020089E0020089E002032
:10FA1800089E0020089E0020089E0020089E0020C6
:10FA2800089E0020089E0020089E0020089E0020B6
:10FA3800089E0020089E0020089E0020788A00204A
:10FA480094A600207CA00020788900201F000000D8
:10FA58001C0000001F0000001E0000001F00000026
:10FA68001E0000001F0000001F0000001E00000014
:10FA78001F0000001E0000001F0000000000C93F1A
:10FA88000000F0390000DA370000A2330000842EAD
:10FA98000000502B0000C2270000D0220000C41F25
:10FAA8000000C61B00004417000000001F000000F3
:10FAB8003B0000005A00000078000000970000009A
:10FAC800B5000000D4000000F300000011010000A0
:10FAD800300100004E01000000000000000000009E
:10FAE80099F701006DFA010069FA010065FA010051
:10FAF80061FA01005DFA010059FA010055FA0100A6
:10FB080073657474696E67735F726561645F636F50
:10FB18006F72645F646174610000000073657474DF
:10FB2800696E67735F77726974655F636F6F72641C
:10FB38005F6461746100000073657474696E677353
:10FB48005F726561645F737461727475705F6C690C
:10FB58006E65000073657474696E67735F777269A8
:10FB680074655F737461727475705F6C696E65003B
:10FB7800A2000000F9A2000083F9A2006E83F9A296
:10FB88004E6E83F9444E6E8315444E6E2915444ECD
:10FB9800FC29154427FC29155727FC29D15727FC90
:10FBA800F5D1572734F5D157DD34F5D1C0DD34F51B
:10FBB800DBC0DD3462DBC0DD9562DBC0999562DBBA
:10FBC8003C999562433C999590433C994190433CBC
:10FBD8001F0000001C0000001F0000001E000000A5
:10FBE8001F0000001E0000001F0000001F00000092
:10FBF8001E0000001F0000001E0000001F00000083
:10FC08001F0000001D0000001F0000001E00000073
:10FC18001F0000001E0000001F0000001F00000061
:10FC28001E0000001F0000001E0000001F00000052
:10FC380000202020202020202020282828282820B4
:10FC480020202020202020202020202020202020AC
:10FC58002088101010101010101010101010101014
:10FC68001004040404040404040404101010101004
:10FC780010104141414141410101010101010101CE
:10FC88000101010101010101010101011010101020
:10FC980010104242424242420202020202020202A0
:10FCA80002020202020202020202020210101010F4
:10FCB800200000000000000000000000000000001C
:10FCC800000000000000000000000000000000002C
:10FCD800000000000000000000000000000000001C
:10FCE800000000000000000000000000000000000C
:10FCF80000000000000000000000000000000000FC
:10FD080000000000000000000000000000000000EB
:10FD180000000000000000000000000000000000DB
:10FD280000000000000000000000000000000000CB
:10FD3800000000000030013002300CFF0EFFFB30E5
:10FD48001AFF1BFF1FFF01FF9B309C30B40040FFD0
:10FD5800A8003EFF3E203FFFFD30FE309D309E3024
:10FD68000330DD4E053006300730FC3014201020FB
:10FD78000FFF3CFF1C3016205CFF26202520182092
:10FD880019201C201D2008FF09FF143015303BFFE7
:10FD98003DFF5BFF5DFF083009300A300B300C3047
:10FDA8000D300E300F30103011300BFF1222B10021
:10FDB800D700F7001DFF60221CFF1EFF6622672286
:10FDC8001E22342242264026B0003220332003214E
:10FDD800A50004FFA200A30005FF03FF06FF0AFF1A
:10FDE80020FFA70006260526CB25CF25CE25C7252B
:10FDF800C625A125A025B325B225BD25BC253B20B8
:10FE0800123092219021912193211330000000009B
:10FE180000000000000000000000000000000000DA
:10FE2800000008220B2286228722822283222A228D
:10FE3800292200000000000000000000000000006F
:10FE4800000027222822AC00D221D421002203223C
:10FE5800292200000000000000000000000000004F
:10FE68000000000000002022A522122302220722FF
:10FE7800612252226A226B221A223D221D22352239
:10FE88002B222C22000000000000000000000000CF
:10FE980000002B2130206F266D266A262020212085
:10FEA800B6002C22000000000000EF250000000032
:10FEB8000000000000000000000000010101010135
:10FEC8000101010101000000000000000101010121
:10FED800010101010101010101010101010101010A
:10FEE8000101010101010000000000000001010101
:10FEF80001010101010101010101010101010101EA
:10FF0800010101010101010091039203930394038C
:10FF1800950396039703980399039A039B039C03FD
:10FF28009D039E039F03A003A103A303A403A503AA
:10FF3800A603A703A803A90300000000000000000F
:10FF48000000000000000000B103B203B303B403D3
:10FF5800B503B603B703B803B903BA03BB03BC03BD
:10FF6800BD03BE03BF03C003C103C303C403C5036A
:10FF7800C603C703C803C9031004110412041304F9
:10FF880014041504010416041704180419041A04A7
:10FF98001B041C041D041E041F0420042104220445
:10FFA80023042404250426042704280429042A04F5
:10FFB8002B042C042D042E042F0400000000000044
:10FFC8000000000000000000000000000000000029
:10FFD8000000000000000000300431043204330443
:10FFE80034043504510436043704380439043A0417
:08FFF8003B043C043D043E04FF
:02000004600397
:100000003F044004410442044304440445044604BC
:100010004704480449044A044B044C044D044E046C
:100020004F040000002502250C2510251825142555
:100030001C252C25242534253C25012503250F25A9
:1000400013251B251725232533252B253B254B253C
:1000500020252F25282537253F251D253025252519
:1000600038254225D8860020E4860020CCCF002009
:100070009C4E1655035A3F96C0541B612863F6598F
:10008000229075841C83507AAA60E163256EED6529
:100090006684A682F59B93682757A16571629B5B76
:1000A000D0597B86F498627DBE7D8E9B16629F7CC4
:1000B000B788895BB55E096397664868C7958D9771
:1000C0004F67E54E0A4F4D4F9D4F4950F2563759F5
:1000D000D459015A095CDF600F61706113660569CC
:1000E000BA704F757075FB79AD7DEF7DC3800E845E
:1000F0006388028B55907A903B53954EA54EDF57FF
:10010000B280C190EF78004EF158A26E3890327AEA
:1001100028838B822F9C41517053BD54E154E0568B
:10012000FB59155FF298EB6DE4802D856296709611
:10013000A096FB970B54F353875BCF70BD7FC28FA4
:10014000E8966F535C9DBA7A114E9378FC81266EC7
:10015000185604551D6B1A853B9CE559A953666DCD
:10016000DC748F954256914E4B90F2964F830C99CA
:10017000E153B655305B715F2066F3660468386CF6
:10018000F36C296D5B74C8764E7A3498F1825B8883
:10019000608AED92B26DAB75CA76C599A660018B87
:1001A0008A8DB2958E69AD53865112573058445995
:1001B000B45BF65E2860A963F463BF6C146F8E7045
:1001C00014715971D5713F73017E7682D182978502
:1001D00060905B921B9D6958BC655A6C2575F951FE
:1001E0002E596559805FDC5FBC62FA652A6A276B0D
:1001F000B46B8B73C17F56892C9D0E9DC49EA15CF0
:10020000966C7B8304514B5CB661C68176686172E3
:10021000594EFA4F78536960296E4F7AF3970B4E17
:100220001653EE4E554F3D4FA14F734FA052EF5313
:1002300009560F59C15AB65BE15BD17987669C6755
:10024000B6674C6BB36C6B70C2738D79BE793C7AB8
:10025000877BB182DB8204837783EF83D3836687D6
:10026000B28A2956A88CE68F4E901E978A86C44F74
:10027000E85C116259723B75E581BD82FE86C08CD7
:10028000C5961399D599CB4E1A4FE389DE564A5835
:10029000CA58FB5EEB5F2A6094606260D0611262B4
:1002A000D0623965419B6666B068776D70704C7539
:1002B0008676757DA582F9878B958E969D8CF151FA
:1002C000BE521659B354B35B165D68618269AF6D57
:1002D0008D78CB845788728AA793B89A6C6DA89949
:1002E000D986A357FF67CE860E9283528756045451
:1002F000D35EE162B9643C683868BB6B7273BA78EC
:100300006B7A9A89D2896B8D038FED90A395949621
:100310006997665BB35C7D694D984E989B63207BC3
:100320002B6A7F6AB6680D9C5F6F72529D55706034
:10033000EC623B6D076ED16E5B841089448F144E66
:10034000399CF6531B693A6A84972A685C51C37AD0
:10035000B284DC918C935B56289D2268058331849E
:10036000A57C0852C582E6747E4E834FA051D25BB5
:100370000A52D852E752FB5D9A552A58E6598C5BCF
:10038000985BDB5B725E795EA3601F616361BE6137
:10039000DB636265D1675368FA683E6B536B576CD9
:1003A000226F976F456FB0741875E3760B77FF7AFD
:1003B000A17B217CE97D367FF07F9D8066829E83D4
:1003C000B389CC8AAB8C8490519493959195A295E6
:1003D0006596D39728991882384E2B54B85CCC5D1B
:1003E000A9734C763C77A95CEB7F0B8DC196119875
:1003F00054985898014F0E4F71539C556856FA57B0
:100400004759095BC45B905C0C5E7E5ECC5FEE631B
:100410003A67D765E2651F67CB68C4685F6A305E7C
:10042000C56B176C7D6C7F754879635B007A007DC6
:10043000BD5F8F89188AB48C778DCC8E1D8FE29822
:100440000E9A3C9B804E7D50005193599C5B2F62CD
:100450008062EC643A6BA07291754779A97FFB8743
:10046000BC8A708BAC63CA83A09709540354AB5504
:100470005468586A708A27787567CD9E7453A25B5A
:100480001A8150860690184E454EC74E114FCA53DA
:100490003854AE5B135F256051653D67426C726CEA
:1004A000E36C78700374767AAE7A087B1A7DFE7CF2
:1004B000667DE7655B72BB53455CE85DD262E062D6
:1004C0001963206E5A86318ADD8DF892016FA67904
:1004D0005A9BA84EAB4EAC4E9B4FA04FD1504751AC
:1004E000F67A7151F651545321537F53EB53AC5567
:1004F0008358E15C375F4A5F2F6050606D601F6317
:1005000059654B6AC16CC272ED72EF77F880058154
:1005100008824E85F790E193FF9757995A9AF04ECB
:10052000DD512D5C81666D69405CF2667569897389
:100530005068817CC550E4524757FE5D2693A46500
:10054000236B3D6B34748179BD794B7BCA7DB98255
:10055000CC837F885F89398BD18FD1911F54809252
:100560005D4E3650E5533A53D7729673E977E6827B
:10057000AF8EC699C899D29977511A615E86B055E7
:100580007A7A7650D35B47908596324EDB6AE79154
:10059000515C485C98639F7A936C7497618FAA7AD8
:1005A0008A718896827C1768707E51686C93F252CB
:1005B0001B54AB85138AA47FCD8EE1906653888847
:1005C0004179C24FBE501152445153552D57EA73D1
:1005D0008B575159625F845F756076616761A9616D
:1005E000B2633A646C656F664268136E66753D7AF5
:1005F000FB7C4C7D997D4B7E6B7F0E834A83CD8641
:10060000088A638A668BFD8E1A988F9DB882CE8F7A
:10061000E89B87521F628364C06F9996416891502E
:10062000206B7A6C546F747A507D4088238A0867F7
:10063000F64E3950265065507C5138526352A755BA
:100640000F570558CC5AFA5EB261F861F3627263D3
:100650001C69296A7D72AC722E7314786F78797D6B
:100660000C77A9808B89198BE28CD28E639075935D
:100670007A965598139A789E43519F53B3537B5E55
:10068000265F1B6E906E8473FE73437D3782008AF3
:10069000FA8A50964E4E0B50E4537C54FA56D15978
:1006A000645BF15DAB5E275F38624565AF67566E90
:1006B000D072CA7CB488A180E180F0834E86878A9C
:1006C000E88D3792C7966798139F944E924E0D4FC0
:1006D000485349543E542F5A8C5FA15F9F60A768CE
:1006E0008E6A5A7481789E8AA48A778B90915E4E26
:1006F000C99BA44E7C4FAF4F1950165049516C51B5
:100700009F52B952FE529A53E35311540E548955D5
:100710005157A2577D59545B5D5B8F5BE55DE75D8B
:10072000F75D785E835E9A5EB75E185F52604C61DB
:100730009762D862A7633B6502664366F4666D679D
:1007400021689768CB695F6C2A6D696D2F6E9D6E0D
:10075000327587766C783F7AE07C057D187D5E7D0A
:10076000B17D15800380AF80B18054818F812A8252
:1007700052834C8861881B8BA28CFC8CCA9075912B
:1007800071923F78FC92A4954D9605989999D89AC4
:100790003B9D5B52AB52F7530854D558F762E06F5C
:1007A0006A8C5F8FB99E4B513B524A54FD56407A3A
:1007B0007791609DD29E4473096F70811175FD5FC2
:1007C000DA60A89ADB72BC8F646B0398CA4EF0564D
:1007D0006457BE585A5A6860C7610F660666396822
:1007E000B168F76DD5753A7D6E82429B9B4E504F36
:1007F000C95306556F5DE65DEE5DFB67996C7374DA
:100800000278508A9693DF885057A75E2B63B550C5
:10081000AC508D510067C9545E58BB59B05B695FDD
:100820004D62A1633D68736B086E7D70C7918072E5
:10083000157826786D798E65307DDC83C188098FC7
:100840009B966452285750676A7FA18CB4514257D7
:100850002A963A588A69B480B2540E5DFC5795784E
:10086000FA9D5C4F4A528B543E6428661467F567C4
:10087000847A567B227D2F935C68AD9B397B19531C
:100880008A513752DF5BF662AE64E6642D67BA6B5D
:10089000A985D1969076D69B4C630693AB9BBF7689
:1008A0005266094E9850C253715CE8609264636569
:1008B0005F68E671CA732375977B827E9586838B0A
:1008C000DB8C78911099AC65AB668B6BD54ED44EB2
:1008D0003A4F7F4F3A52F853F253E355DB56EB58F9
:1008E000CB59C959FF59505B4D5C025E2B5ED75FF7
:1008F0001D6007632F655C5BAF65BD65E8659D673F
:10090000626B7B6B0F6C45734979C179F87C197DFB
:100910002B7DA2800281F38196895E8A698A668A2C
:100920008C8AEE8AC78CDC8CCC96FC986F6B8B4ED5
:100930003C4F8D4F5051575BFA5B486101634266F3
:10094000216BCB6EBB6C3E72BD74D475C1783A79A5
:100950000C803380EA8194849E8F506C7F9E0F5F61
:10096000588B2B9DFA7AF88E8D5BEB96034EF153E4
:10097000F7573159C95AA45B89607F6E066FBE75FF
:10098000EA8C9F5B0085E07B7250F4679D82615C1E
:100990004A851E7E0E829951045C6863668D9C6553
:1009A0006E713E79177D05801D8BCA8E6E90C7864D
:1009B000AA901F50FA523A5C53677C7035724C9182
:1009C000C8912B93E582C25B315FF9603B4ED653F1
:1009D000885B4B6231678A6BE972E0732E7A6B81B8
:1009E000A38D529196991251D7536A54FF5B886335
:1009F000396AAC7D0097DA56CE536854975B315C08
:100A0000DE5DEE4F0161FE62326DC079CB79427DD1
:100A10004D7ED27FED811F82908446887289908BB3
:100A2000748E2F8F31904B916C91C6969C91C04ED5
:100A30004F4F45514153935F0E62D467416C0B6E2B
:100A40006373267ECD918392D4531959BF5BD16DC8
:100A50005D792E7E9B7C7E589F71FA515388F08F72
:100A6000CA4FFB5C2566AC77E37A1C82FF99C651BE
:100A7000AA5FEC656F69896BF36D966E646FFE76A5
:100A8000147DE15D759087910698E6511D52406294
:100A90009166D9661A6EB65ED27D727FF866AF85B2
:100AA000F785F88AA952D95373598F5E905F5560C4
:100AB000E4926496B7501F51DD5220534753EC53D4
:100AC000E8544655315517566859BE593C5AB55BDE
:100AD000065C0F5C115C1A5C845E8A5EE05E705F8F
:100AE0007F628462DB628C63776307660C662D66C7
:100AF00076667E67A2681F6A356ABC6C886D096E6F
:100B0000586E3C7126716771C77501775D78017900
:100B10006579F079E07A117BA77C397D9680D68360
:100B20008B8449855D88F3881F8A3C8A548A738A3E
:100B3000618CDE8CA49166927E9318949C96989713
:100B40000A4E084E1E4E574E97517052CE5734588B
:100B5000CC58225B385EC560FE6461675667446DA1
:100B6000B6727375637AB884728BB89120933156DC
:100B7000F457FE98ED620D69966BED71547E7780A7
:100B80007282E689DF985587B18F3B5C384FE14F21
:100B9000B54F0755205ADD5BE95BC35F4E612F639C
:100BA000B0654B66EE689B69786DF16D3375B9750C
:100BB0001F775E79E679337DE381AF82AA85AA89C2
:100BC0003A8AAB8E9B8F3290DD910797BA4EC14E19
:100BD00003527558EC580B5C1A753D5C4E810A8ABD
:100BE000C58F63966D97257BCF8A08986291F356DF
:100BF000A853179039548257255EA863346C8A70C5
:100C000061778B7CE07F70884290549110931893A9
:100C10008F965E74C49A075D695D7065A267A88D42
:100C2000DB966E6349671969C5831798C096FE887D
:100C3000846F7A64F85B164E2C705D752F66C45114
:100C40003652E252D359815F276010623F65746566
:100C50001F667466F2681668636B056E72721F75A4
:100C6000DB76BE7C5680F058FD887F89A08A938A07
:100C7000CB8A1D9092915297599789650E7A068179
:100C8000BB962D5EDC601A62A56514669067F377EB
:100C90004D7A4D7C3E7E0A81AC8C648DE18D5F8EF9
:100CA000A9780752D962A563426498622D8A837A33
:100CB000C07BAC8AEA96767D0C824987D94E485132
:100CC00043536053A35B025C165CDD5D26624762A2
:100CD000B06413683468C96C456D176DD3675C6F79
:100CE0004E717D71CB657F7AAD7BDA7D4A7EA87FC0
:100CF0007A811B823982A6856E8ACE8CF58D78909A
:100D00007790AD9291928395AE9B4D528455386FFA
:100D1000367168518579557EB381CE7C4C565158D9
:100D2000A85CAA63FE66FD665A69D9728F758E75D6
:100D30000E795679DF79977C207D447D0786348A49
:100D40003B966190209FE7507552CC53E253095077
:100D5000AA55EE584F593D728B5B645C1D53E3609E
:100D6000F3605C6383633F63BB63CD64E965F966ED
:100D7000E35DCD69FD69156FE571894EE975F8761A
:100D8000937ADF7CCF7D9C7D6180498358836C841E
:100D9000BC84FB85C588708D01906D9097931C97DE
:100DA000129ACF5097588E61D3813585088D209047
:100DB000C34F7450475273536F6049635F672C6E23
:100DC000B38D1F90D74F5E5CCA8CCF659A7D52530E
:100DD00096887651C363585B6B5B0A5C0D64516700
:100DE0005C90D64E1A592A59706C518A3E55155846
:100DF000A559F0605362C167358255694096C49920
:100E0000289A534F0658FE5B1080B15C2F5E855FB9
:100E100020604B613462FF66F06CDE6ECE807F81B5
:100E2000D4828B88B88C00902E908A96DB9EDB9BB8
:100E3000E34EF05327592C7B8D914C98F99DDD6E34
:100E4000277053534455855B58629E62D362A26CEF
:100E5000EF6F2274178A3894C16FFE8A3883E75186
:100E6000F886EA53E953464F5490B08F6A5931815E
:100E7000FD5DEA7ABF8FDA68378CF872489C3D6A6C
:100E8000B08A394E585306566657C562A263E66566
:100E90004E6BE16D5B6EAD70ED77EF7AAA7BBB7D3B
:100EA0003D80C680CB86958A5B93E356C7583E5FEC
:100EB000AD659666806AB56B3775C78A2450E5774D
:100EC00030571B5F65607A66606CF4751A7A6E7FC6
:100ED000F48118874590B399C97B5C75F97A517B89
:100EE000C4841090E979927A3683E15A40772D4E86
:100EF000F24E995BE05FBD623C66F167E86C6B8621
:100F000077883B8A4E91F392D099176A26702A739C
:100F1000E7825784AF8C014E4651CB518B55F55B20
:100F2000165E335E815E145F355F6B5FB45FF261A6
:100F30001163A2661D676E6F52723A753A777480BC
:100F4000398178817687BF8ADC8A858DF38D9A9284
:100F500077950298E59CC5525763F4761567886CBF
:100F6000CD73C38CAE937396256D9C580E69CC6976
:100F7000FD8F9A93DB751A905A580268B463FB6927
:100F8000434F2C6FD867BB8F2685B47D54933F6940
:100F9000706F6A57F7582C5B2C7D2A720A54E391C4
:100FA000B49DAD4E4E4F5C50755043529E8C48548C
:100FB00024589A5B1D5E955EAD5EF75E1F5F8C6088
:100FC000B5623A63D063AF68406C87788E790B7AEC
:100FD000E07D4782028AE68A448E1390B8902D9174
:100FE000D8910E9FE56C5864E2647565F46E847662
:100FF0001B7B6990D193BA6EF254B95FA4644D8F94
:10100000ED8F449278516B582959555C975EFB6D72
:101010008F7E1C75BC8CE28E5B98B9701D4FBF6BC8
:10102000B16F3075FB964E51105435585758AC5926
:10103000605C925F97655C67216E7B76DF83ED8CE9
:101040001490FD904D9325783A78AA52A65E1F57CA
:101050007459126012505A51AC51CD510052105572
:10106000545858585759955BF65C8B5DBC60956237
:101070002D6471674368BC68DF68D776D86D6F6E82
:101080009B6D6F70C871535FD8757779497B547BBE
:10109000527BD67C717D305263846985E4850E8AEB
:1010A000048B468C0F8E03900F90199476962D9892
:1010B000309AD895CD50D5520C5402580E5CA76189
:1010C0009E641E6DB377E57AF48004845390859214
:1010D000E05C079D3F53975FB35F9C6D79726377C8
:1010E000BF79E47BD26BEC72AD8A0368616AF85118
:1010F000817A34694A5CF69CEB82C55B49911E702B
:1011000078566F5CC76066658C6C5A8C41901398FA
:101110005154C7660D924859A39085514D4EEA51DE
:1011200099850E8B58707A634B936269B499047EEB
:10113000777557536069DF8EE3965D6C8C4E3C5C2F
:10114000105FE98F0253D18C89807986FF5EE56557
:10115000734E655182593F5CEE97FB4E8A59CD5FC5
:101160008D8AE16FB0796279E75B71842B73B1711D
:10117000745EF55F7B639A64C371987C434EFC5E3A
:101180004B4EDC57A256A960C36F0D7DFD803381A5
:10119000BF81B28F9789A486F45D8A62AD64878926
:1011A0007767E26C3E6D36743478465A757FAD824F
:1011B000AC99F34FC35EDD62926357656F67C37688
:1011C0004C72CC80BA80298F4D910D50F957925AAC
:1011D000856873696471FD72B78CF258E08C6A9609
:1011E00019907F87E479E77729842F4F65525A5306
:1011F000CD62CF67CA6C7D76947B957C3682848580
:10120000EB8FDD66206F06721B7EAB83C199A69EB5
:10121000FD51B17B7278B87B8780487BE86A615E5C
:101220008C80517560756B5162928C6E7A76979155
:10123000EA9A104F707F9C624F7BA595E99C7A5685
:101240005958E486BC96344F24524A53CD53DB534D
:10125000065E2C6491657F673E6C4E6C4872AF727F
:10126000ED735475417E2C82E985A98CC47BC691AF
:1012700069711298EF983D6369666A75E476D07873
:101280004385EE862A53515326548359875E7C5FEB
:10129000B26049627962AB629065D46BCC6CB27516
:1012A000AE769178D879CB7D777FA580AB88B98AE7
:1012B000BB8C7F905E97DB980B6A387C99503E5CC4
:1012C000AE5F8767D86B357409778E7F3B9FCA679F
:1012D000177A39538B75ED9A665F9D81F1839880FB
:1012E0003C5FC55F6275467B3C906768EB599B5AD3
:1012F000107D7E762C8BF54F6A5F196A376C026F12
:10130000E27468796888558A798CDF5ECF63C57529
:10131000D279D7822893F2929C84ED862D9CC15479
:101320006C5F8C655C6D1570A78CD38C3B984F659A
:10133000F6740D4ED84EE0572B59665ACC5BA85127
:10134000035E9C5E166076627765A7656E666E6D5D
:101350003672267B50819A8199825C8BA08CE68CB8
:10136000748D1C964496AE4FAB64666B1E8261848E
:101370006A85E890015C5369A8987A8457850F4F75
:101380006F52A95F455E0D678F79798107898689DC
:10139000F56D175F5562B86CCF4E6972929B06521D
:1013A0003B547456B358A4616E621A716E59897CAD
:1013B000DE7C1B7DF09687655E80194E754F7551FA
:1013C0004058635E735E0A5FC467264E3D8589950B
:1013D0005B96737C0198FB50C1585676A7782552CE
:1013E000A5771185867B4F5009594772C77BE87DE9
:1013F000BA8FD48F4D90BF4FC952295A015FAD9714
:10140000DD4F1782EA9203575563696B2B75DC88B1
:10141000148F427ADF52935855610A62AE66CD6BE3
:101420003F7CE9832350F84F0553465431584959BE
:101430009D5BF05CEF5C295D965EB16267633E6523
:10144000B9650B67D56CE16CF97032782B7EDE8064
:10145000B3820C84EC84028712892A8A4A8CA69073
:10146000D292FD98F39C6C9D4F4EA14E8D505652DA
:101470004A57A8593D5ED85FD95F3F62B4661B6783
:10148000D067D2689251217DAA80A881008B8C8C74
:10149000BF8C7E92329620542C981753D5505C53B3
:1014A000A858B264346767726677467AE691C35289
:1014B000A16C866B00584C5E54592C67FB7FE15140
:1014C000C6766964E878549BBB9ECB57B9592766AA
:1014D0009A67CE6BE954D969555E9C819567AA9B42
:1014E000FE67529C5D68A64EE34FC853B9622B67F6
:1014F000AB6CC48FAD4F6D7EBF9E074E6261806E38
:101500002B6F138573542A67459BF35D957BAC5C09
:10151000C65B1C874A6ED184147A088199598D7CE8
:10152000116C2077D952225921715F72DB7727978E
:10153000619D0B697F5A185AA5510D547D540E6652
:10154000DF76F78F9892F49CEA595D72C56E4D5123
:10155000C968BF7DEC7D6297BA9E7864216A028378
:1015600084595F5BDB6B1B73F276B27D17809984C5
:1015700032512867D99EEE766267FF520599245C46
:101580003B627E7CB08C4F55B6600B7D80950153DD
:101590005F4EB6511C593A723680CE91255FE27784
:1015A0008453795F047DAC85338A8D8E5697F367BB
:1015B000AE85539409610861B96C5276ED8A388F13
:1015C0002F55514F2A51C752CB53A55B7D5EA0606A
:1015D0008261D6630967DA67676E8C6D367337731D
:1015E00031755079D588988A4A909190F590C49633
:1015F0008D871559884E594F0E4E898A3F8F109806
:10160000AD507C5E9659B95BB85EDA63FA63C1642B
:10161000DC664A69D8690B6DB66E94712875AF7A2D
:101620008A7F00804984C9848189218B0A8E6590D4
:101630007D960A997E619162326B836C746DCC7F6A
:10164000FC7FC06D857FBA87F8886567B1833C9859
:10165000F7961B6D617D3D846A91714E7553505DA7
:10166000046BEB6FCD852D86A78929520F54655CDD
:101670004E67A86806748374E275CF88E188CC91C0
:10168000E29678968B5F8773CB7A4E84A0636575FC
:101690008952416D9C6E097459756B78927C86965F
:1016A000DC7A8D9FB64F6E61C5655C86864EAE4E08
:1016B000DA50214ECC51EE5B99658168BC6D1F7389
:1016C0004276AD771C7AE77C6F82D28A7C90CF918C
:1016D000759618989B52D17D2B5098539767CB6D78
:1016E000D0713374E8812A8FA396579C9F9E6074B3
:1016F0004158996D2F7D5E98E44E364F8B4FB75110
:10170000B152BA5D1C60B2733C79D3823492B79601
:10171000F6960A97979E629FA666746B1752A3521D
:10172000C870C288C95E4B609061236F49713E7C6E
:10173000F47D6F80EE8423902C9342546F9BD36A88
:101740008970C28CEF8D3297B452415ACA5E045FE1
:1017500017677C6994696A6D0F6F6272FC72ED7B2A
:1017600001807E804B87CE906D51939E84798B80D3
:101770003293D68A2D508C54718A6A6BC48C07813F
:10178000D160A067F29D994E984E109C6B8AC185DE
:10179000688500697E6E9778558100000A00010017
:1017A000020003000400050006000700080009000D
:1017B0000A000B000C000D000E000F0010000000CE
:1017C0002020202020202020202020202020202019
:1017D000000000001F001C20000000001421000079
:1017E0000200162400000000142500000200152845
:1017F00000000000112900000000142A0000000071
:10180000182B00000000142C00000000102D000018
:101810000000142E000001000C3000000900143AF2
:1018200000000100183C00000200143F000001000D
:10183000034100001900155B00000000145C00006B
:101840000000115D00000000175E000000000F5F47
:101850000000000017600000000003610000190094
:10186000157B00000000187C00000000117D0000C6
:101870000000187E00000000007F000020001CA077
:101880000000000014A10000000016A200000300E8
:1018900019A60000000014A70000000017A800000F
:1018A000000019A90000000006AA0000000013AB08
:1018B0000000000018AC0000000001AD00000000B6
:1018C00019AE0000000017AF0000000019B00000C2
:1018D000000018B1000000000EB20000010017B4B3
:1018E0000000000003B50000000014B60000010075
:1018F00017B8000000000EB90000000006BA000092
:10190000000012BB000000000EBC0000020014BF6B
:101910000000000003C00000160018D700000000FF
:1019200003D80000060004DF0000000003E0000010
:10193000160018F70000000003F800003F0004380C
:1019400001000000033901000F00044901000000FC
:10195000034A01004200048D01000000038E0100D3
:101960000C00049B01000000039C01000D0004AA70
:101970000100010003AC01000D0004BA01000000E9
:1019800006BB0100000003BC0100010004BE010011
:10199000000003BF0100000006C00100030003C4F3
:1019A0000100000007C50100000003C6010001009E
:1019B00007C80100000003C90100010007CB0100B6
:1019C000000003CC0100230004F00100000003F13B
:1019D0000100000007F20100000003F301002D00E8
:1019E000042102000000032202001100043402005E
:1019F0000500033A02001A000455020000000356D5
:101A00000200010004580200000003590200000017
:101A1000045A02000000035B02000100045D0200A2
:101A20000200036002000100046202000000036380
:101A300002000000046402000000036502000100CF
:101A4000046702000000036802000400046D020045
:101A50000100036F02000000047002000000037127
:101A6000020001000473020001000375020000007F
:101A7000047602000600037D02000000047E0200DE
:101A800001000380020000000481020000000382C4
:101A90000200010004840200020003870200050026
:101AA000048D02000400039202000000049302006F
:101AB0000000069402000000049502000700039D48
:101AC00002000100049F0200100005B00200110096
:101AD00017C20200030005C602000B0017D2020065
:101AE0000D0005E00200040017E50200060005EC09
:101AF0000200000017ED0200000005EE02000000E9
:101B000017EF020010000B0003006F0003700300CA
:101B1000030005740300000017750300000003763E
:101B200003000100057A03000000037B03000200AC
:101B3000147E03000000037F0300000017840300ED
:101B400001000386030000001487030000000388DF
:101B500003000200038C03000000038E0300010059
:101B600004900300000003910300100003A303008E
:101B70000C0004B00300000003B10300200008D2F1
:101B80000300020003D50300200018F60300000044
:101B900003F70300040004FC0300000003FD03003E
:101BA00084001982040000000B83040004000A88EA
:101BB00004000100038A0400A5000331050025008C
:101BC000055905000000145A0500050004600500D1
:101BD0000000036105002500048705000100148949
:101BE00005000000108A05000000198D05000100A5
:101BF000168F050000000B9105002C0010BE05009B
:101C000000000BBF0500000014C0050000000BC160
:101C10000500010014C3050000000BC4050001000D
:101C200014C6050000000BC70500000006D0050023
:101C30001A0006EF0500030014F30500010001007F
:101C4000060005001806060002001409060001003F
:101C5000160B06000000140C06000100190E060009
:101C600001000B1006000A00141B06000000011CF6
:101C700006000000141D06000200062006001F00DA
:101C80000540060000000641060009000B4B060057
:101C900014000C6006000900146A06000300066EBA
:101CA000060001000B7006000000067106006200CD
:101CB00014D40600000006D5060000000BD606006E
:101CC000060001DD0600000019DE060000000BDF43
:101CD0000600050005E5060001000BE7060001000F
:101CE00019E9060000000BEA0600030006EE0600F4
:101CF00001000CF00600090006FA0600020019FDBA
:101D00000600010006FF06000000140007000D0099
:101D1000010F070000000610070000000B1107006C
:101D20000000061207001D000B3007001A00064DC8
:101D3000070058000BA607000A0006B107000000C4
:101D40000CC00700090006CA070020000BEB0700C3
:101D5000080005F40700010019F60700000014F759
:101D60000700020005FA070000000BFD0700000055
:101D700016FE070001000600080015000B160800FB
:101D80000300051A080000000B1B080008000524CA
:101D9000080000000B2508000200052808000000CC
:101DA0000B2908000400143008000E00064008004B
:101DB00018000B5908000200145E080000000660BD
:101DC00008000A00067008001700178808000000C5
:101DD0000689080005000190080001000B98080022
:101DE000070006A00800280005C9080000000BCA6B
:101DF0000800170001E2080000000BE308001F00C4
:101E00000903090000000604090035000B3A090027
:101E10000000093B090000000B3C09000000063DE2
:101E200009000000093E090002000B4109000700FB
:101E30000949090003000B4D09000000094E090083
:101E400001000650090000000B5109000600065869
:101E5000090009000B620900010014640900010077
:101E60000C660900090014700900000005710900E2
:101E70000000067209000E000B81090000000982B3
:101E800009000100068509000700068F090001000E
:101E900006930900150006AA0900060006B209000B
:101EA000000006B6090003000BBC0900000006BDD7
:101EB0000900000009BE090002000BC1090003006F
:101EC00009C70900010009CB090001000BCD090079
:101ED000000006CE0900000009D70900000006DC5A
:101EE0000900010006DF090002000BE20900010001
:101EF0000CE60900090006F00900010016F20900CD
:101F000001000EF40900050019FA0900000016FB93
:101F10000900000006FC0900000014FD0900000093
:101F20000BFE090000000B010A00010009030A0072
:101F3000000006050A000500060F0A00010006134E
:101F40000A001500062A0A00060006320A000100EF
:101F500006350A00010006380A0001000B3C0A00A1
:101F60000000093E0A0002000B410A0001000B4775
:101F70000A0001000B4B0A0002000B510A0000008E
:101F800006590A000300065E0A0000000C660A00FB
:101F900009000B700A00010006720A0002000B75AE
:101FA0000A00000014760A0000000B810A000100FC
:101FB00009830A00000006850A000800068F0A004F
:101FC000020006930A00150006AA0A00060006B2DF
:101FD0000A00010006B50A0004000BBC0A0000005C
:101FE00006BD0A00000009BE0A0002000BC10A007B
:101FF00004000BC70A00010009C90A00000009CB50
:102000000A0001000BCD0A00000006D00A00000003
:1020100006E00A0001000BE20A0001000CE60A00DB
:10202000090014F00A00000016F10A00000006F989
:102030000A0000000BFA0A0005000B010B0000006B
:1020400009020B00010006050B000700060F0B003C
:10205000010006130B001500062A0B0006000632CD
:102060000B00010006350B0004000B3C0B000000C8
:10207000063D0B000000093E0B0000000B3F0B006B
:10208000000009400B0000000B410B000300094752
:102090000B000100094B0B0001000B4D0B00000071
:1020A0000B550B00010009570B000000065C0B00EC
:1020B0000100065F0B0002000B620B0001000C66C2
:1020C0000B00090019700B00000006710B000000E6
:1020D0000E720B0005000B820B00000006830B0044
:1020E000000006850B000500068E0B00020006921C
:1020F0000B00030006990B000100069C0B0000007A
:10210000069E0B00010006A30B00010006A80B00B1
:10211000020006AE0B000B0009BE0B0001000BC055
:102120000B00000009C10B00010009C60B000200F2
:1021300009CA0B0002000BCD0B00000006D00B00FB
:10214000000009D70B0000000CE60B0009000EF0A0
:102150000B00020019F30B00050016F90B0000003C
:1021600019FA0B0000000B000C00000009010C0024
:1021700002000B040C00000006050C000700060E10
:102180000C00020006120C001600062A0C000F00BC
:102190000B3C0C000000063D0C0000000B3E0C0048
:1021A000020009410C0003000B460C0002000B4A20
:1021B0000C0003000B550C00010006580C00020037
:1021C000065D0C00000006600C0001000B620C00B4
:1021D00001000C660C00090014770C0000000E785A
:1021E0000C000600197F0C00000006800C000000A7
:1021F0000B810C00000009820C00010014840C000B
:10220000000006850C000700068E0C0002000692F6
:102210000C00160006AA0C00090006B50C0004000C
:102220000BBC0C00000006BD0C00000009BE0C0039
:1022300000000BBF0C00000009C00C0004000BC61E
:102240000C00000009C70C00010009CA0C000100C5
:102250000BCC0C00010009D50C00010006DD0C00C0
:10226000010006E00C0001000BE20C0001000CE68E
:102270000C00090006F10C00010009F30C0000003D
:102280000B000D00010009020D00010006040D0005
:102290000800060E0D00020006120D0028000B3B80
:1022A0000D000100063D0D000000093E0D0002007A
:1022B0000B410D00030009460D000200094A0D0004
:1022C00002000B4D0D000000064E0D000000194FDE
:1022D0000D00000006540D00020009570D0000001B
:1022E0000E580D000600065F0D0002000B620D0087
:1022F00001000C660D0009000E700D000800197930
:102300000D000000067A0D0005000B810D00000095
:1023100009820D00010006850D001100069A0D00CE
:10232000170006B30D00080006BD0D00000006C032
:102330000D0006000BCA0D00000009CF0D000200C1
:102340000BD20D0002000BD60D00000009D80D00C5
:1023500007000CE60D00090009F20D00010014F45D
:102360000D00000006010E002F000B310E000000D2
:1023700006320E0001000B340E000600163F0E0060
:10238000000006400E00050005460E0000000B4749
:102390000E000700144F0E0000000C500E00090044
:1023A000145A0E00010006810E00010006840E0082
:1023B000000006860E000400068C0E00170006A51D
:1023C0000E00000006A70E0009000BB10E00000071
:1023D00006B20E0001000BB40E00080006BD0E0090
:1023E000000006C00E00040005C60E0000000BC869
:1023F0000E0006000CD00E00090006DC0E000300E3
:1024000006000F00000019010F00020014040F0065
:102410000E0019130F00000014140F00000019150E
:102420000F0002000B180F000100191A0F00050021
:102430000C200F0009000E2A0F00090019340F00AC
:1024400000000B350F00000019360F0000000B379D
:102450000F00000019380F0000000B390F000000BA
:10246000153A0F000000113B0F000000153C0F0053
:102470000000113D0F000000093E0F000100064062
:102480000F00070006490F0023000B710F000D001D
:10249000097F0F0000000B800F00040014850F005F
:1024A00000000B860F00010006880F0004000B8D52
:1024B0000F000A000B990F00230019BE0F00070040
:1024C0000BC60F00000019C70F00050019CE0F0042
:1024D000010014D00F00040019D50F00030014D917
:1024E0000F000100060010002A00092B1000010057
:1024F0000B2D100003000931100000000B321000FA
:1025000005000938100000000B3910000100093BDC
:10251000100001000B3D10000100063F10000000FC
:102520000C4010000900144A10000500065010006D
:1025300005000956100001000B5810000100065A52
:10254000100003000B5E1000020006611000000086
:102550000962100002000665100001000967100002
:102560000600066E100002000B71100003000675D5
:1025700010000C000B821000000009831000010005
:102580000B85100001000987100005000B8D10005D
:102590000000068E10000000098F100000000C9053
:1025A00010000900099A100002000B9D10000000A5
:1025B000199E1000010003A01000250003C71000A1
:1025C000000003CD1000000003D010002A0014FB0F
:1025D0001000000005FC1000000003FD10000200C8
:1025E000060011004801064A1200030006501200BE
:1025F0000600065812000000065A1200030006608A
:1026000012002800068A1200030006901200200023
:1026100006B21200030006B81200060006C012003F
:10262000000006C21200030006C812000E0006D801
:1026300012003800061213000300061813004200AF
:102640000B5D130002001460130008000E691300F4
:102650001300068013000F0019901300090003A057
:102660001300550003F813000500100014000000CB
:10267000060114006B02196D16000000146E16009E
:102680000000066F160010001C8016000000068176
:1026900016001900159B16000000119C1600000082
:1026A00006A016004A0014EB160002000DEE1600FC
:1026B000020006F1160007000600170011000B12B9
:1026C00017000200091517000000061F170012006E
:1026D0000B321700010009341700000014351700F1
:1026E00001000640170011000B52170001000660A0
:1026F00017000C00066E170002000B721700010095
:102700000680170033000BB41700010009B617004C
:1027100000000BB71700060009BE170007000BC624
:102720001700000009C7170001000BC917000A00B5
:1027300014D41700020005D71700000014D81700A2
:10274000020016DB1700000006DC170000000BDD9E
:10275000170000000CE0170009000EF01700090038
:1027600014001800050010061800000014071800D7
:1027700003000B0B18000200010E180000000B0FE5
:10278000180000000C101800090006201800220094
:1027900005431800000006441800340006801800A5
:1027A00004000B85180001000687180021000BA902
:1027B0001800000006AA1800000006B01800450026
:1027C000060019001E000B20190002000923190041
:1027D00003000B2719000100092919000200093024
:1027E000190001000B32190000000933190005001F
:1027F0000B39190002001940190000001444190097
:1028000001000C4619000900065019001D00067051
:1028100019000400068019002B0006B019001900E9
:102820000CD0190009000EDA1900000019DE190099
:10283000210006001A0016000B171A0001000919E2
:102840001A0001000B1B1A000000141E1A000100E0
:1028500006201A00340009551A0000000B561A0011
:10286000000009571A0000000B581A0006000B6000
:102870001A00000009611A0000000B621A00000033
:1028800009631A0001000B651A000700096D1A00A0
:1028900005000B731A0009000B7F1A0000000C8062
:1028A0001A0009000C901A00090014A01A00060072
:1028B00005A71A00000014A81A0005000BB01A00A2
:1028C0000D000ABE1A0000000BBF1A000F000B001B
:1028D0001B00030009041B00000006051B002E005E
:1028E0000B341B00000009351B0000000B361B00D9
:1028F0000400093B1B0000000B3C1B000000093DCD
:102900001B0004000B421B00000009431B000100D8
:1029100006451B0007000C501B000900145A1B0041
:10292000060019611B0009000B6B1B0008001974DD
:102930001B000800147D1B0001000B801B00010020
:1029400009821B00000006831B001D0009A11B005B
:1029500000000BA21B00030009A61B0001000BA82E
:102960001B00010009AA1B0000000BAB1B000200AA
:1029700006AE1B0001000CB01B00090006BA1B00CC
:102980002B000BE61B00000009E71B0000000BE812
:102990001B00010009EA1B0002000BED1B000000F8
:1029A00009EE1B0000000BEF1B00020009F21B00E8
:1029B000010014FC1B00030006001C002300092476
:1029C0001C0007000B2C1C00070009341C00010030
:1029D0000B361C000100143B1C0004000C401C00C2
:1029E0000900064D1C0002000C501C000900065A8C
:1029F0001C001D0005781C000500147E1C00010051
:102A000003801C00080003901C002A0003BD1C006A
:102A1000020014C01C0007000BD01C00020014D3DD
:102A20001C0000000BD41C000C0009E11C0000007D
:102A30000BE21C00060006E91C0003000BED1C0065
:102A4000000006EE1C0005000BF41C00000006F55B
:102A50001C00010009F71C0000000BF81C0001001D
:102A600006FA1C00000004001D002B00052C1D00B0
:102A70003E00046B1D000C0005781D00000003796A
:102A80001D000000047A1D000200037D1D000000EF
:102A9000047E1D000F00038E1D000000048F1D002A
:102AA0000B00059B1D0024000BC01D003F00030010
:102AB0001E00950004961E000400039B1E000000EB
:102AC000049C1E000100039E1E000000049F1E00C7
:102AD000000003A01E00750003181F00050003205E
:102AE0001F00250003481F00050004501F000000C0
:102AF00003511F00000004521F00000003531F0079
:102B0000000004541F00000003551F00000004567D
:102B10001F00000003571F00000003591F000000A2
:102B2000035B1F000000035D1F000000035F1F0028
:102B30001E0003801F00070007881F000700039086
:102B40001F00070007981F00070003A01F000700D1
:102B500007A81F00070003B01F00010004B21F00F8
:102B6000000003B31F00000004B41F00000004B6FF
:102B70001F00010003B81F00030007BC1F00000076
:102B800017BD1F00000003BE1F00000017BF1F007D
:102B9000020004C21F00000003C31F00000004C4A1
:102BA0001F00000004C61F00010003C81F0003002F
:102BB00007CC1F00000017CD1F00020003D01F002C
:102BC000010004D21F00010004D61F00010003D839
:102BD0001F00030017DD1F00020003E01F000100BB
:102BE00004E21F00020003E51F00000004E61F00CE
:102BF000010003E81F00040017ED1F00020004F2AB
:102C00001F00000003F31F00000004F41F00000079
:102C100004F61F00010003F81F00030007FC1F005B
:102C2000000017FD1F0001001C0020000A00010B1E
:102C300020000400101020000500141620000100E0
:102C4000131820000000121920000000151A20009F
:102C50000000131B20000100121D20000000151EA3
:102C600020000000131F2000000014202000070097
:102C70001A28200000001B2920000000012A200043
:102C800004001C2F2000000014302000080013391D
:102C900020000000123A20000000143B2000030036
:102CA0000F3F2000010014412000020018442000C2
:102CB00000001545200000001146200000001447C8
:102CC00020000A00185220000000145320000000C9
:102CD0000F54200000001455200009001C5F200044
:102CE00000000160200004000166200009000E7051
:102CF000200000000571200000000E742000050077
:102D0000187A20000200157D20000000117E2000AE
:102D10000000057F200000000E8020000900188AB6
:102D200020000200158D20000000118E2000000000
:102D3000059020000C0016A0200020000BD02000E1
:102D40000C000ADD200003000BE1200000000AE275
:102D5000200002000BE520000B00190021000100FB
:102D600008022100000019032100030008072100C8
:102D70000000190821000100040A21000000080BCE
:102D800021000200040E21000100081021000200B1
:102D9000041321000000191421000000081521006F
:102DA0000000191621000100181821000000081960
:102DB00021000400191E2100050008242100000044
:102DC00019252100000003262100000019272100F9
:102DD0000000082821000000192921000000032A12
:102DE00021000100082C21000100192E2100000003
:102DF000042F2100000008302100010003322100CF
:102E000000000833210000000434210000000635D2
:102E100021000300043921000000193A21000100BB
:102E2000043C21000100083E21000100184021005F
:102E30000400084521000000044621000300194A4F
:102E400021000000184B21000000194C2100010056
:102E5000034E21000000194F210000000E502100F8
:102E60000F000D60210022000383210001000D8569
:102E7000210003000E8921000000198A21000100B1
:102E8000189021000400199521000400189A2100CF
:102E90000100199C2100030018A02100000019A1C5
:102EA0002100010018A32100000019A42100010045
:102EB00018A62100000019A72100060018AE210065
:102EC000000019AF21001E0018CE2100010019D00A
:102ED0002100010018D22100000019D321000000B8
:102EE00018D42100000019D521001E0018F421007B
:102EF0000B01190023000700150823000000110929
:102F000023000000150A23000000110B230000001D
:102F1000190C23001300182023000100192223009C
:102F20000600152923000000112A23000000192B98
:102F300023005000187C23000000197D23001D0091
:102F4000189B2300180019B42300270018DC230065
:102F5000050019E223004400194024000A000E6015
:102F600024003B00199C24004D000EEA24001500AB
:102F700019002500B60018B72500000019B8250073
:102F8000080018C12500000019C22500350018F8F6
:102F900025000700190026006E00186F26000000AB
:102FA00019702600F7001568270000001169270036
:102FB0000000156A27000000116B27000000156C47
:102FC00027000000116D27000000156E270000008B
:102FD000116F2700000015702700000011712700F5
:102FE00000001572270000001173270000001574FF
:102FF000270000001175270000000E7627001D0035
:10300000199427002B0018C02700040015C52700BD
:10301000000011C62700000018C727001E0015E693
:103020002700000011E72700000015E82700000036
:1030300011E92700000015EA2700000011EB270026
:10304000000015EC2700000011ED2700000015EE30
:103050002700000011EF2700000018F027000F00E4
:1030600019002800FF00180029008200158329009C
:103070000000118429000000158529000000118638
:103080002900000015872900000011882900000090
:10309000158929000000118A29000000158B2900DC
:1030A0000000118C29000000158D29000000118EF0
:1030B00029000000158F2900000011902900000050
:1030C0001591290000001192290000001593290094
:1030D00000001194290000001595290000001196A8
:1030E0002900000015972900000011982900000010
:1030F000189929003E0015D82900000011D929008F
:10310000000015DA2900000011DB2900000018DC9E
:1031100029001F0015FC2900000011FD29000000F6
:1031200018FE2900010119002B002F0018302B0078
:10313000140019452B00010018472B000500194DFC
:103140002B00260019762B001F0019972B00680012
:1031500003002C00700004712C00000003722C008E
:10316000010004742C00000003752C00010004779A
:103170002C000400057C2C000100037E2C0065005F
:1031800004E42C00000019E52C00050003EB2C00E2
:1031900003000BEF2C00020003F22C00010014F9D5
:1031A0002C0003000EFD2C00000014FE2C0001007A
:1031B00003002D00250003272D000000032D2D0006
:1031C000000006302D003700056F2D000000147040
:1031D0002D0000000B7F2D00000006802D00160042
:1031E00006A02D00060006A82D00060006B02D0042
:1031F000060006B82D00060006C02D00060006C811
:103200002D00060006D02D00060006D82D00060071
:103210000BE02D001F0014002E00010013022E00F1
:10322000000012032E00000013042E0000001205FF
:103230002E00000014062E00020013092E000000CC
:10324000120A2E000000140B2E000000130C2E009A
:103250000000120D2E000000140E2E0008001017A2
:103260002E00000014182E000100101A2E0000007D
:10327000141B2E000000131C2E000000121D2E0037
:103280000000141E2E00010013202E000000122149
:103290002E00000015222E00000011232E00000039
:1032A00015242E00000011252E00000015262E00EA
:1032B000000011272E00000015282E000000112903
:1032C0002E000000142A2E000400052F2E000000FE
:1032D00014302E000900103A2E000100143C2E007C
:1032E000030010402E00000014412E000000154283
:1032F0002E00000014432E000C0019502E00010077
:1033000014522E00020015552E00000011562E00FA
:10331000000015572E00000011582E00000015590E
:103320002E000000115A2E000000155B2E00000038
:10333000115C2E000000105D2E00000019802E0090
:103340001900199B2E00580019002F00D50019F004
:103350002F000B001C0030000000140130000200A0
:10336000190430000000050530000000060630009A
:1033700000000D07300000001508300000001109A2
:1033800030000000150A30000000110B3000000072
:10339000150C30000000110D30000000150E30003B
:1033A0000000110F30000000151030000000111156
:1033B0003000000019123000010015143000000028
:1033C00011153000000015163000000011173000F4
:1033D0000000151830000000111930000000151A07
:1033E00030000000111B30000000101C30000000F5
:1033F000151D30000000111E3000010019203000A2
:1034000000000D21300008000B2A30000300092EB7
:1034100030000100103030000000053130000400A1
:103420001936300001000D3830000200053B300035
:103430000000063C30000000143D30000000193E42
:10344000300001000641300055000B9930000100AA
:10345000179B30000100059D30000100069F3000E1
:10346000000010A03000000006A13000590014FB3D
:103470003000000005FC3000020006FF30000000B4
:10348000060531002A00063131005D001990310037
:1034900001000E923100030019963100090006A0C8
:1034A00031001F0019C03100230006F031000F0069
:1034B000190032001E000E2032000900192A3200C5
:1034C0001D000E48320007001950320000000E5156
:1034D00032000E00196032001F000E803200090019
:1034E000198A320026000EB132000E0019C03200D7
:1034F0003F0106003400BF1919C04D003F0006000F
:103500004E0014520515A00000000616A000760417
:103510001990A400360006D0A400270005F8A400E6
:10352000050014FEA40001000600A5000B01050C17
:10353000A6000000140DA60002000610A6000F0051
:103540000C20A6000900062AA60001000340A600E0
:103550002D00066EA60000000B6FA60000000A708A
:10356000A60002001473A60000000B74A600090058
:10357000147EA6000000057FA60000000380A600C0
:103580001B00059CA60001000B9EA600010006A0E2
:10359000A60045000DE6A60009000BF0A6000100FC
:1035A00014F2A60005001700A70016000517A700D3
:1035B00008001720A70001000322A7000D00043017
:1035C000A70001000332A7003D000570A70000001E
:1035D0000471A70007000379A7000E000588A70063
:1035E00000001789A7000100038BA7000200048ECA
:1035F000A7000000068FA70000000390A7000400AA
:103600000495A70000000396A700180004AFA700C8
:10361000000003B0A7001A0003D0A700010004D3E4
:10362000A700000004D5A700000003D6A7000300F0
:1036300005F2A700020003F5A700010006F7A700A6
:10364000000005F8A700010004FAA700000006FB2F
:10365000A70006000B02A80000000603A800020055
:103660000B06A80000000607A80003000B0BA8002B
:103670000000060CA80016000923A80001000B2575
:10368000A80001000927A80000001928A8000300CD
:103690000B2CA80000000E30A80005001936A80069
:1036A00001001638A80000001939A80000000640E3
:1036B000A80033001474A80003000980A8000100CA
:1036C0000682A800310009B4A8000F000BC4A800AE
:1036D000010014CEA80001000CD0A80009000BE0E6
:1036E000A800110006F2A800050014F8A8000200C6
:1036F00006FBA800000014FCA800000006FDA800BE
:1037000001000BFFA80000000C00A9000900060A38
:10371000A9001B000B26A9000700142EA900010018
:103720000630A90016000B47A9000A000952A9009B
:103730000100145FA90000000660A9001C000B80B6
:10374000A90002000983A90000000684A9002E0038
:103750000BB3A900000009B4A90001000BB6A90031
:10376000030009BAA90001000BBCA900010009BEB1
:10377000A900020014C1A9000C0005CFA900000097
:103780000CD0A900090014DEA900010006E0A90080
:1037900004000BE5A900000005E6A900000006E70B
:1037A000A90008000CF0A900090006FAA90004000D
:1037B0000600AA0028000B29AA000500092FAA006C
:1037C00001000B31AA0001000933AA0001000B35EA
:1037D000AA0001000640AA0002000B43AA00000054
:1037E0000644AA0007000B4CAA000000094DAA00DD
:1037F00000000C50AA000900145CAA000300066037
:10380000AA000F000570AA0000000671AA000500BA
:103810001977AA000200067AAA000000097BAA0014
:1038200000000B7CAA000000097DAA000000067EB3
:10383000AA0031000BB0AA00000006B1AA000000E7
:103840000BB2AA00020006B5AA0001000BB7AA003D
:10385000010006B9AA0004000BBEAA00010006C0C0
:10386000AA0000000BC1AA00000006C2AA000000C6
:1038700006DBAA00010005DDAA00000014DEAA0094
:10388000010006E0AA000A0009EBAA0000000BEC08
:10389000AA00010009EEAA00010014F0AA0001002C
:1038A00006F2AA00000005F3AA00010009F5AA002B
:1038B00000000BF6AA0000000601AB000500060997
:1038C000AB0005000611AB0005000620AB000600AA
:1038D0000628AB0006000430AB0022000353AB0007
:1038E00000000454AB000600175BAB000000055C51
:1038F000AB0003000460AB0008000569AB000000EA
:10390000176AAB0001000370AB004F0006C0AB00AC
:10391000220009E3AB0001000BE5AB00000009E663
:10392000AB0001000BE8AB00000009E9AB000100AF
:1039300014EBAB00000009ECAB0000000BEDAB009A
:1039400000000CF0AB0009000600AC00A32B06B091
:10395000D700160006CBD70030000200D800FF07C2
:103960000600F9006D010670FA0069000400FB0012
:1039700006000413FB000400061DFB0000000B1EE4
:10398000FB000000061FFB0009001829FB000000D7
:10399000062AFB000C000638FB000400063EFB0074
:1039A00000000640FB0001000643FB000100064644
:1039B000FB006B0017B2FB00100006D3FB006A018E
:1039C000113EFD000000153FFD0000001940FD0004
:1039D0000F000650FD003F000692FD00350019CF94
:1039E000FD00000006F0FD000B0016FCFD000000CD
:1039F00019FDFD0002000B00FE000F001410FE0078
:103A000006001517FE0000001118FE000000141932
:103A1000FE0000000B20FE000F001430FE0000002E
:103A20001031FE0001000F33FE0001001535FE00CD
:103A300000001136FE0000001537FE0000001138AE
:103A4000FE0000001539FE000000113AFE000000E3
:103A5000153BFE000000113CFE000000153DFE007D
:103A60000000113EFE000000153FFE000000114066
:103A7000FE0000001541FE0000001142FE000000A3
:103A80001543FE0000001144FE0000001445FE0036
:103A900001001547FE0000001148FE000000144917
:103AA000FE0003000F4DFE0002001450FE00020055
:103AB0001454FE0003001058FE0000001559FE00CB
:103AC0000000115AFE000000155BFE000000115CB2
:103AD000FE000000155DFE000000115EFE0000000B
:103AE000145FFE0002001862FE0000001063FE007A
:103AF00000001864FE0002001468FE000000166951
:103B0000FE000000146AFE0001000670FE000400C2
:103B10000676FE00860001FFFE0000001401FF0093
:103B200002001604FF0000001405FF000200150843
:103B3000FF0000001109FF000000140AFF00000050
:103B4000180BFF000000140CFF000000100DFF0018
:103B50000000140EFF0001000C10FF000900141AF1
:103B6000FF000100181CFF000200141FFF000100ED
:103B70000321FF001900153BFF000000143CFF006B
:103B80000000113DFF000000173EFF0000000F3F46
:103B9000FF0000001740FF0000000341FF00190074
:103BA000155BFF000000185CFF000000115DFF00C6
:103BB0000000185EFF000000155FFF0000001160AC
:103BC000FF0000001461FF0000001562FF0000000C
:103BD0001163FF0000001464FF0001000666FF008F
:103BE00009000570FF0000000671FF002C00059E13
:103BF000FF00010006A0FF001E0006C2FF00050036
:103C000006CAFF00050006D2FF00050006DAFF0025
:103C1000020016E0FF00010018E2FF00000017E3B9
:103C2000FF00000019E4FF00000016E5FF0001009E
:103C300019E8FF00000018E9FF00030019EDFF007C
:103C4000010001F9FF00020019FCFF00010006005D
:103C500000010B00060D00011900062800011200EA
:103C6000063C00010100063F00010E000650000165
:103C70000D00068000017A001400010102000E0709
:103C800001012C001937010108000D400101340029
:103C90000E75010103001979010110000E8A01015E
:103CA0000100198C01010200199001010C0019A0FA
:103CB0000101000019D001012C000BFD01010000E1
:103CC000068002011C0006A0020130000BE0020188
:103CD00000000EE102011A00060003011F000E2081
:103CE00003010300062D030113000D410301000031
:103CF0000642030107000D4A0301000006500301BC
:103D000025000B7603010400068003011D00149FAB
:103D10000301000006A00301230006C803010700F9
:103D200014D0030100000DD10301040003000401BD
:103D30004F00065004014D000CA00401090003B01F
:103D40000401230003D80401230006000501270015
:103D5000063005013300146F0501000003700501F2
:103D60000A00037C05010E00038C05010600039484
:103D700005010100039705010A0003A305010E00D8
:103D800003B30501060003BB05010100060006019F
:103D9000360106400701150006600701070005808F
:103DA0000701050005870701290005B20701080082
:103DB000060008010500060808010000060A0801BF
:103DC0002B00063708010100063C08010000063FF1
:103DD000080116001457080100000E5808010700DA
:103DE0000660080116001977080101000E79080124
:103DF0000600068008011E000EA70801080006E064
:103E00000801120006F4080101000EFB080104007D
:103E10000600090115000E1609010500141F09010D
:103E20000000062009011900143F09010000068066
:103E3000090137000EBC0901010006BE090101009D
:103E40000EC009010F000ED209012D0006000A0163
:103E500000000B010A0102000B050A0101000B0C16
:103E60000A01030006100A01030006150A010200F8
:103E700006190A011C000B380A0102000B3F0A0157
:103E800000000E400A01080014500A0108000660F4
:103E90000A011C000E7D0A010100147F0A010000C6
:103EA00006800A011C000E9D0A01020006C00A01DC
:103EB000070019C80A01000006C90A011B000BE52A
:103EC0000A0101000EEB0A01040014F00A010600C9
:103ED00006000B01350014390B01060006400B01EA
:103EE00015000E580B01070006600B0112000E783A
:103EF0000B01070006800B01110014990B01030050
:103F00000EA90B01060006000C01480003800C01FD
:103F1000320003C00C0132000EFA0C01050006004D
:103F20000D0123000B240D0103000C300D010900CD
:103F30000E600E011E0006800E0129000BAB0E0163
:103F4000010010AD0E01000006B00E0101000BFDD6
:103F50000E01020006000F011C000E1D0F010900DA
:103F600006270F01000006300F0115000B460F0158
:103F70000A000E510F01030014550F0104000670D2
:103F80000F0111000B820F01030014860F010300C3
:103F900006B00F0114000EC50F01060006E00F0168
:103FA00016000900100100000B01100100000902B9
:103FB000100100000603100134000B3810010E0040
:103FC0001447100106000E52100113000C66100178
:103FD00009000B70100100000671100101000B7345
:103FE000100101000675100100000B7F1001020096
:103FF000098210010000068310012C0009B0100195
:1040000002000BB31001030009B7100101000BB946
:104010001001010014BB1001010001BD10010000DE
:1040200014BE100103000BC21001000001CD1001ED
:10403000000006D0100118000CF0100109000B0060
:10404000110102000603110123000B2711010400D6
:10405000092C110100000B2D110107000C36110174
:104060000900144011010300064411010000094534
:104070001101010006471101000006501101220044
:104080000B73110100001474110101000676110177
:1040900000000B801101010009821101000006835C
:1040A00011012F0009B3110102000BB61101080024
:1040B00009BF1101010006C11101030014C511015E
:1040C00003000BC91101030014CD1101000009CE3A
:1040D000110100000BCF110100000CD011010900EB
:1040E00006DA1101000014DB1101000006DC1101E9
:1040F000000014DD110102000EE1110113000600A1
:1041000012011100061312011800092C12010200FD
:104110000B2F120102000932120101000B341201AF
:1041200000000935120100000B361201010014389D
:10413000120105000B3E12010000063F12010100B2
:104140000B411201000006801201060006881201D0
:104150000000068A12010300068F12010E00069F5E
:104160001201090014A91201000006B012012E006C
:104170000BDF1201000009E0120102000BE3120143
:1041800007000CF0120109000B00130101000902E5
:1041900013010100060513010700060F13010100BA
:1041A000061313011500062A130106000632130137
:1041B00001000635130104000B3B13010100063D0D
:1041C00013010000093E130101000B401301000020
:1041D000094113010300094713010100094B1301B1
:1041E0000200065013010000095713010000065D8C
:1041F000130104000962130101000B66130106009C
:104200000B70130104000600140134000935140179
:1042100002000B38140107000940140101000B4291
:10422000140102000945140100000B4614010000AE
:10423000064714010300144B140104000C50140130
:104240000900145A14010100145D140100000B5EF2
:1042500014010000065F14010200068014012F0003
:1042600009B0140102000BB31401050009B91401CF
:1042700000000BBA1401000009BB140103000BBFBE
:104280001401010009C1140100000BC21401010056
:1042900006C41401010014C61401000006C714016D
:1042A00000000CD014010900068015012E0009AF92
:1042B000150102000BB21501030009B81501030036
:1042C0000BBC1501010009BE150100000BBF150153
:1042D000010014C11501160006D8150103000BDCFE
:1042E00015010100060016012F0009301601020019
:1042F0000B3316010700093B160101000B3D1601A7
:104300000000093E160100000B3F16010100144198
:10431000160102000644160100000C5016010900A7
:10432000146016010C00068016012A000BAB160162
:10433000000009AC160100000BAD1601000009AE2B
:10434000160101000BB01601050009B616010000A8
:104350000BB71601000006B81601000014B91601CB
:1043600000000CC016010900060017011A000B1D01
:10437000170102000920170101000B221701030099
:104380000926170100000B27170104000C30170144
:1043900009000E3A17010100143C17010200193FF1
:1043A00017010000064017010600060018012B0047
:1043B000092C180102000B2F1801080009381801F8
:1043C00000000B3918010100143B1801000003A084
:1043D00018013F000CE0180109000EEA180108005E
:1043E00006FF18010700060919010000060C190153
:1043F00007000615190101000618190117000930F8
:10440000190105000937190101000B3B19010100D1
:10441000093D190100000B3E19010000063F19017A
:10442000000009401901000006411901000009427D
:10443000190100000B431901000014441901020086
:104440000C501901090006A01901070006AA19015C
:10445000260009D1190102000BD4190103000BDA5F
:104460001901010009DC190103000BE0190100002A
:1044700006E11901000014E21901000006E3190128
:10448000000009E41901000006001A0100000B01F8
:104490001A010900060B1A0127000B331A01050047
:1044A00009391A010000063A1A0100000B3B1A01F3
:1044B0000300143F1A0107000B471A0100000650C1
:1044C0001A0100000B511A01050009571A010100D9
:1044D0000B591A010200065C1A012D000B8A1A0101
:1044E0000C0009971A0100000B981A010100149A98
:1044F0001A010200069D1A010000149E1A01040010
:1045000006B01A01480014001B01090006001C0136
:104510000800060A1C012400092F1C0100000B30B2
:104520001C0106000B381C010500093E1C0100009F
:104530000B3F1C01000006401C01000014411C013F
:1045400004000C501C0109000E5A1C0112001470CA
:104550001C01010006721C011D000B921C011500BC
:1045600009A91C0100000BAA1C01060009B11C01CD
:1045700000000BB21C01010009B41C0100000BB5C6
:104580001C01010006001D01060006081D010100B6
:10459000060B1D0125000B311D0105000B3A1D0105
:1045A00000000B3C1D0101000B3F1D0106000646EB
:1045B0001D0100000B471D0100000C501D010900EA
:1045C00006601D01050006671D010100066A1D0148
:1045D0001F00098A1D0104000B901D0101000993B1
:1045E0001D0101000B951D01000009961D01000031
:1045F0000B971D01000006981D0100000CA01D0175
:10460000090006E01E0112000BF31E01010009F56E
:104610001E01010014F71E0101000B001F01010023
:1046200006021F01000009031F01000006041F010C
:104630000C0006121F01210009341F0101000B3676
:104640001F010400093E1F0101000B401F01000073
:1046500009411F0100000B421F01000014431F010C
:104660000C000C501F01090006B01F0100000EC015
:104670001F01140019D51F01070016DD1F010300DB
:1046800019E11F01100014FF1F01000006002001A6
:1046900099030D0024016E001470240104000680AB
:1046A0002401C30006902F01600014F12F010100C6
:1046B000060030012F04013034010F000B4034019B
:1046C00000000641340105000B4734010E000600CE
:1046D0004401460206006801380206406A011E00D5
:1046E0000C606A010900146E6A01010006706A011B
:1046F0004E000CC06A01090006D06A011D000BF0D3
:104700006A01040014F56A01000006006B012F0025
:104710000B306B01060014376B010400193C6B0170
:10472000030005406B01030014446B0100001945B0
:104730006B0100000C506B0109000E5B6B01060061
:1047400006636B011400067D6B01120003406E01CD
:104750003F000E806E01160014976E0103000600E4
:104760006F014A000B4F6F01000006506F010000FF
:1047700009516F0136000B8F6F01030005936F0124
:104780000C0005E06F01010014E26F01000005E379
:104790006F0100000BE46F01000009F06F010100E0
:1047A00006007001F71706008801D50406008D0188
:1047B000080005F0AF01030005F5AF01060005FD97
:1047C000AF0101000600B00122010632B101000074
:1047D0000650B10102000655B10100000664B101A6
:1047E00003000670B1018B010600BC016A0006706F
:1047F000BC010C000680BC0108000690BC01090049
:10480000199CBC0100000B9DBC010100149FBC0160
:10481000000001A0BC0103000B00CF012D000B30F4
:10482000CF0116001950CF0173001900D001F50017
:104830001900D10126001929D1013B000965D101D8
:1048400001000B67D1010200196AD1010200096D54
:10485000D10105000173D10107000B7BD1010700D5
:104860001983D10101000B85D1010600198CD101FA
:104870001D000BAAD101030019AED1013C001900A3
:10488000D20141000B42D20102001945D2010000C1
:104890000EC0D20113000EE0D20113001900D301A3
:1048A00056000E60D30118000800D4011900041A44
:1048B000D40119000834D4011900044ED4010600B3
:1048C0000456D40111000868D40119000482D401EF
:1048D0001900089CD4010000089ED401010008A220
:1048E000D401000008A5D401010008A9D4010300E7
:1048F00008AED401070004B6D401030004BBD40100
:10490000000004BDD401060004C5D4010A0008D08B
:10491000D401190004EAD40119000804D5010100EA
:104920000807D5010300080DD50107000816D501B9
:104930000600041ED50119000838D5010100083B06
:10494000D50103000840D50104000846D501000048
:10495000084AD50106000452D5011900086CD5019A
:1049600019000486D501190008A0D501190004BA60
:10497000D501190008D4D501190004EED50119009C
:104980000808D60119000422D6011900083CD601F6
:1049900019000456D60119000870D6011900048ABE
:1049A000D6011B0008A8D601180018C1D6010000C6
:1049B00004C2D601180018DBD601000004DCD601C1
:1049C000050008E2D601180018FBD601000004FC1F
:1049D000D60118001815D70100000416D7010500EC
:1049E000081CD70118001835D70100000436D7017C
:1049F0001800184FD70100000450D70105000856D1
:104A0000D7011800186FD70100000470D7011800F3
:104A10001889D7010000048AD70105000890D70142
:104A2000180018A9D701000004AAD701180018C35C
:104A3000D701000004C4D701050008CAD70100004F
:104A400004CBD70100000CCED70131001900D801EA
:104A5000FF010B00DA0136001937DA0103000B3BC6
:104A6000DA013100196DDA0107000B75DA01000077
:104A70001976DA010D000B84DA0100001985DA01DC
:104A800001001487DA0104000B9BDA0104000BA17A
:104A9000DA010E000400DF010900060ADF01000050
:104AA000040BDF0113000425DF0105000B00E0010A
:104AB00006000B08E00110000B1BE00106000B23B1
:104AC000E00101000B26E00104000530E0013D009B
:104AD0000B8FE00100000600E1012C000B30E1012A
:104AE00006000537E10106000C40E1010900064E11
:104AF000E1010000194FE10100000690E2011D00F4
:104B00000BAEE201000006C0E2012B000BECE2015B
:104B100003000CF0E201090016FFE201000006D0DC
:104B2000E4011A0005EBE40100000BECE4010300D2
:104B30000CF0E401090006E0E701060006E8E701E1
:104B4000030006EDE701010006F0E7010E00060094
:104B5000E801C4000EC7E80108000BD0E801060018
:104B60000300E90143000B44E9010600054BE9019C
:104B700000000C50E9010900145EE90101000E710A
:104B8000EC013A0019ACEC0100000EADEC010200A2
:104B900016B0EC0100000EB1EC0103000E01ED01B6
:104BA0002C00192EED0100000E2FED010E00060065
:104BB000EE0103000605EE011A000621EE010100D8
:104BC0000624EE0100000627EE0100000629EE0192
:104BD00009000634EE0103000639EE010000063B31
:104BE000EE0100000642EE0100000647EE01000063
:104BF0000649EE010000064BEE010000064DEE01F5
:104C000002000651EE0101000654EE0100000657B5
:104C1000EE0100000659EE010000065BEE01000007
:104C2000065DEE010000065FEE0100000661EE0188
:104C300001000664EE0100000667EE010300066C49
:104C4000EE0106000674EE0103000679EE01030092
:104C5000067EEE0100000680EE010900068BEE01E3
:104C6000100006A1EE01020006A5EE01040006AB4D
:104C7000EE01100018F0EE0101001900F0012B0008
:104C80001930F001630019A0F0010E0019B1F00114
:104C90000E0019C1F0010E0019D1F00124000E0020
:104CA000F1010C00190DF101A00019E6F1011C0041
:104CB0001910F2012B001940F20108001950F201FD
:104CC00001001960F20105001900F301FA0017FB59
:104CD000F30104001900F401D70219DCF6011000F9
:104CE00019F0F6010C001900F7017600197BF701A5
:104CF0005E0019E0F7010B0019F0F7010000190040
:104D0000F8010B001910F80137001950F8010900DB
:104D10001960F80127001990F8011D0019B0F80179
:104D200001001900F90153011960FA010D00197011
:104D3000FA010C001980FA0108001990FA012D00FF
:104D400019BFFA01060019CEFA010D0019E0FA01A7
:104D5000080019F0FA0108001900FB0192001994EB
:104D6000FB0136000CF0FB01090006000002DFA683
:104D70000600A70239100640B702DD000620B8027F
:104D8000811606B0CE02301D0600F8021D02060094
:104D900000034A13065013035F100101000E0000C8
:104DA0000120000E5F000B00010EEF000C5F104EA3
:104DB000154E2A4E314E364E3C4E3F4E424E564ECA
:104DC000584E824E854E6B8C8A4E12820D5F8E4EEF
:104DD0009E4E9F4EA04EA24EB04EB34EB64ECE4EFD
:104DE000CD4EC44EC64EC24ED74EDE4EED4EDF4EB9
:104DF000F74E094F5A4F304F5B4F5D4F574F474F5C
:104E0000764F884F8F4F984F7B4F694F704F914F20
:104E10006F4F864F964F1851D44FDF4FCE4FD84F1C
:104E2000DB4FD14FDA4FD04FE44FE54F1A502850A7
:104E300014502A50255005501C4FF64F2150295030
:104E40002C50FE4FEF4F1150065043504750036710
:104E50005550505048505A5056506C5078508050D1
:104E60009A508550B450B250C950CA50B350C25035
:104E7000D650DE50E550ED50E350EE50F950F5506D
:104E80000951015102511651155114511A51215114
:104E90003A5137513C513B513F51405152514C5185
:104EA00054516251F87A69516A516E518051825160
:104EB000D8568C5189518F5191519351955196519A
:104EC000A451A651A251A951AA51AB51B351B1510C
:104ED000B251B051B551BD51C551C951DB51E0512D
:104EE0005586E951ED51F051F551FE5104520B52E6
:104EF00014520E5227522A522E52335239524F52C6
:104F000044524B524C525E5254526A52745269523D
:104F100073527F527D528D529452925271528852E6
:104F20009152A88FA78FAC52AD52BC52B552C1520C
:104F3000CD52D752DE52E352E652ED98E052F35290
:104F4000F552F852F9520653085338750D53105361
:104F50000F5315531A5323532F533153335338538D
:104F6000405346534553174E49534D53D6515E5304
:104F700069536E5318597B53775382539653A053FA
:104F8000A653A553AE53B053B653C353127CD99610
:104F9000DF53FC66EE71EE53E853ED53FA530154C0
:104FA0003D5440542C542D543C542E5436542954C2
:104FB0001D544E548F5475548E545F54715477540D
:104FC000705492547B548054765484549054865434
:104FD000C754A254B854A554AC54C454C854A8548B
:104FE000AB54C254A454BE54BC54D854E554E654F3
:104FF0000F551455FD54EE54ED54FA54E2543955FE
:10500000405563554C552E555C554555565557558D
:10501000385533555D5599558055AF548A559F5530
:105020007B557E5598559E55AE557C558355A95553
:105030008755A855DA55C555DF55C455DC55E45597
:10504000D4551456F7551656FE55FD551B56F955B1
:105050004E565056DF7134563656325638566B56C9
:1050600064562F566C566A56865680568A56A056F7
:1050700094568F56A556AE56B656B456C256BC5622
:10508000C156C356C056C856CE56D156D356D7561B
:10509000EE56F9560057FF560457095708570B5755
:1050A0000D57135718571657C7551C5726573757BC
:1050B00038574E573B5740574F576957C057885737
:1050C00061577F5789579357A057B357A457AA578B
:1050D000B057C357C657D457D257D3570A58D65785
:1050E000E3570B5819581D587258215862584B589D
:1050F0007058C06B52583D5879588558B9589F58C8
:10510000AB58BA58DE58BB58B858AE58C558D358E3
:10511000D158D758D958D858E558DC58E458DF58F2
:10512000EF58FA58F958FB58FC58FD5802590A59DB
:1051300010591B59A66825592C592D5932593859DF
:105140003E59D27A555950594E595A59585962595F
:10515000605967596C596959785981599D595E4F01
:10516000AB4FA359B259C659E859DC598D59D95991
:10517000DA59255A1F5A115A1C5A095A1A5A405AB2
:105180006C5A495A355A365A625A6A5A9A5ABC5A0D
:10519000BE5ACB5AC25ABD5AE35AD75AE65AE95AAE
:1051A000D65AFA5AFB5A0C5B0B5B165B325BD05A31
:1051B0002A5B365B3E5B435B455B405B515B555B0B
:1051C0005A5B5B5B655B695B705B735B755B785BB4
:1051D00088657A5B805B835BA65BB85BC35BC75B00
:1051E000C95BD45BD05BE45BE65BE25BDE5BE55B0B
:1051F000EB5BF05BF65BF35B055C075C085C0D5CEE
:10520000135C205C225C285C385C395C415C465C49
:105210004E5C535C505C4F5C715B6C5C6E5C624ED0
:10522000765C795C8C5C915C945C9B59AB5CBB5C00
:10523000B65CBC5CB75CC55CBE5CC75CD95CE95C59
:10524000FD5CFA5CED5C8C5DEA5C0B5D155D175DE9
:105250005C5D1F5D1B5D115D145D225D1A5D195D56
:10526000185D4C5D525D4E5D4B5D6C5D735D765DB2
:10527000875D845D825DA25D9D5DAC5DAE5DBD5D63
:10528000905DB75DBC5DC95DCD5DD35DD25DD65D22
:10529000DB5DEB5DF25DF55D0B5E1A5E195E115E26
:1052A0001B5E365E375E445E435E405E4E5E575E1A
:1052B000545E5F5E625E645E475E755E765E7A5ED9
:1052C000BC9E7F5EA05EC15EC25EC85ED05ECF5EE9
:1052D000D65EE35EDD5EDA5EDB5EE25EE15EE85EE8
:1052E000E95EEC5EF15EF35EF05EF45EF85EFE5E3B
:1052F000035F095F5D5F5C5F0B5F115F165F295F96
:105300002D5F385F415F485F4C5F4E5F2F5F515F9D
:10531000565F575F595F615F6D5F735F775F835F54
:10532000825F7F5F8A5F885F915F875F9E5F995F23
:10533000985FA05FA85FAD5FBC5FD65FFB5FE45F77
:10534000F85FF15FDD5FB360FF5F2160606019604F
:10535000106029600E6031601B6015602B60266054
:105360000F603A605A6041606A6077605F604A60CF
:1053700046604D6063604360646042606C606B6077
:10538000596081608D60E76083609A6084609B6093
:10539000966097609260A7608B60E160B860E060A3
:1053A000D360B460F05FBD60C660B560D8604D6129
:1053B00015610661F660F7600061F460FA600361F0
:1053C0002161FB60F1600D610E6147613E61286102
:1053D00027614A613F613C612C6134613D614261FA
:1053E000446173617761586159615A616B6174619D
:1053F0006F61656171615F615D6153617561996143
:1054000096618761AC6194619A618A619161AB61D7
:10541000AE61CC61CA61C961F761C861C361C6612F
:10542000BA61CB61797FCD61E661E361F661FA61D2
:10543000F461FF61FD61FC61FE6100620862096266
:105440000D620C6214621B621E6221622A622E626D
:1054500030623262336241624E625E6263625B62FC
:10546000606268627C62826289627E62926293623A
:105470009662D46283629462D762D162BB62CF6269
:10548000FF62C662D464C862DC62CC62CA62C26275
:10549000C7629B62C9620C63EE62F16227630263BA
:1054A0000863EF62F56250633E634D631C644F63B3
:1054B00096638E638063AB637663A3638F63896354
:1054C0009F63B5636B636963BE63E963C063C6636F
:1054D000E363C963D263F663C46316643464066429
:1054E0001364266436641D65176428640F6467645A
:1054F0006F6476644E642A6595649364A564A964B8
:105500008864BC64DA64D264C564C764BB64D8646C
:10551000C264F164E7640982E064E164AC62E3645C
:10552000EF642C65F664F464F264FA640065FD646B
:1055300018651C650565246523652B65346535652F
:105540003765366538654B754865566555654D65F3
:1055500058655E655D6572657865826583658A8B71
:105560009B659F65AB65B765C365C665C165C46569
:10557000CC65D265DB65D965E065E165F16572678B
:105580000A660366FB6573673566366634661C66B5
:105590004F664466496641665E665D666466676638
:1055A00068665F6662667066836688668E66896610
:1055B000846698669D66C166B966C966BE66BC6645
:1055C000C466B866D666DA66E0663F66E666E96691
:1055D000F066F566F7660F6716671E67266727672A
:1055E00038972E673F673667416738673767466782
:1055F0005E67606759676367646789677067A967F3
:105600007C676A678C678B67A667A1678567B767E2
:10561000EF67B467EC67B367E967B867E467DE67AD
:10562000DD67E267EE67B967CE67C667E7679C6AC2
:105630001E684668296840684D6832684E68B368DD
:105640002B685968636877687F689F688F68AD6862
:1056500094689D689B688368AE6AB9687468B56829
:10566000A068BA680F698D687E680169CA680869B0
:10567000D86822692669E1680C69CD68D468E76852
:10568000D568366912690469D768E3682569F968DD
:10569000E068EF6828692A691A6923692169C66880
:1056A000796977695C6978696B6954697E696E6943
:1056B000396974693D695969306961695E695D6913
:1056C00081696A69B269AE69D069BF69C169D36924
:1056D000BE69CE69E85BCA69DD69BB69C369A76950
:1056E0002E6A9169A0699C699569B469DE69E86967
:1056F000026A1B6AFF690A6BF969F269E769056A60
:10570000B1691E6AED69146AEB690A6A126AC16AB4
:10571000236A136A446A0C6A726A366A786A476A4C
:10572000626A596A666A486A386A226A906A8D6A49
:10573000A06A846AA26AA36A976A1786BB6AC36A68
:10574000C26AB86AB36AAC6ADE6AD16ADF6AAA6AF8
:10575000DA6AEA6AFB6A056B1686FA6A126B166BDE
:10576000319B1F6B386B376BDC76396BEE98476B70
:10577000436B496B506B596B546B5B6B5F6B616B2D
:10578000786B796B7F6B806B846B836B8D6B986BA5
:10579000956B9E6BA46BAA6BAB6BAF6BB26BB16B73
:1057A000B36BB76BBC6BC66BCB6BD36BDF6BEC6B4C
:1057B000EB6BF36BEF6BBE9E086C136C146C1B6C85
:1057C000246C236C5E6C556C626C6A6C826C8D6CA4
:1057D0009A6C816C9B6C7E6C686C736C926C906C38
:1057E000C46CF16CD36CBD6CD76CC56CDD6CAE6CED
:1057F000B16CBE6CBA6CDB6CEF6CD96CEA6C1F6D73
:105800004D88366D2B6D3D6D386D196D356D336D71
:10581000126D0C6D636D936D646D5A6D796D596D7C
:105820008E6D956DE46F856DF96D156E0A6EB56DB3
:10583000C76DE66DB86DC66DEC6DDE6DCC6DE86D57
:10584000D26DC56DFA6DD96DE46DD56DEA6DEE6DF5
:105850002D6E6E6E2E6E196E726E5F6E3E6E236EC4
:105860006B6E2B6E766E4D6E1F6E436E3A6E4E6E85
:10587000246EFF6E1D6E386E826EAA6E986EC96EB3
:10588000B76ED36EBD6EAF6EC46EB26ED46ED56E93
:105890008F6EA56EC26E9F6E416F116F4C70EC6E75
:1058A000F86EFE6E3F6FF26E316FEF6E326FCC6E40
:1058B0003E6F136FF76E866F7A6F786F816F806FB0
:1058C0006F6F5B6FF36F6D6F826F7C6F586F8E6F52
:1058D000916FC26F666FB36FA36FA16FA46FB96F43
:1058E000C66FAA6FDF6FD56FEC6FD46FD86FF16F93
:1058F000EE6FDB6F09700B70FA6F117001700F7033
:10590000FE6F1B701A70746F1D7018701F703070EE
:105910003E7032705170637099709270AF70F17018
:10592000AC70B870B370AE70DF70CB70DD70D970D2
:105930000971FD701C7119716571557188716671FD
:1059400062714C7156716C718F71FB7184719571BC
:10595000A871AC71D771B971BE71D271C971D471AE
:10596000CE71E071EC71E771F571FC71F971FF7145
:105970000D7210721B7228722D722C72307232727C
:105980003B723C723F72407246724B725872747234
:105990007E7282728172877292729672A272A772FE
:1059A000B972B272C372C672C472CE72D272E2722D
:1059B000E072E172F972F7720F5017730A731C7379
:1059C00016731D7334732F73297325733E734E73CF
:1059D0004F73D89E57736A73687370737873757357
:1059E0007B737A73C873B373CE73BB73C073E57381
:1059F000EE73DE73A27405746F742574F8733274D9
:105A00003A7455743F745F74597441745C7469746A
:105A1000707463746A7476747E748B749E74A774E5
:105A2000CA74CF74D474F173E074E374E774E974E6
:105A3000EE74F274F074F174F874F774047503750D
:105A400005750C750E750D75157513751E75267516
:105A50002C753C7544754D754A7549755B75467571
:105A60005A756975647567756B756D75787576753A
:105A70008675877574758A758975827594759A753A
:105A80009D75A575A375C275B375C375B575BD75DF
:105A9000B875BC75B175CD75CA75D275D975E37514
:105AA000DE75FE75FF75FC750176F075FA75F27599
:105AB000F3750B760D7609761F762776207621769C
:105AC00022762476347630763B764776487646766C
:105AD0005C76587661766276687669766A766776FD
:105AE0006C7670767276767678767C76807683764B
:105AF00088768B768E769676937699769A76B07649
:105B0000B476B876B976BA76C276CD76D676D276CF
:105B1000DE76E176E576E776EA762F86FB7608771D
:105B200007770477297724771E77257726771B77E1
:105B30003777387747775A7768776B775B7765770A
:105B40007F777E7779778E778B779177A0779E773F
:105B5000B077B677B977BF77BC77BD77BB77C777B4
:105B6000CD77D777DA77DC77E377EE77FC770C7849
:105B70001278267920782A7945788E787478867814
:105B80007C789A788C78A378B578AA78AF78D17831
:105B9000C678CB78D478BE78BC78C578CA78EC78EB
:105BA000E778DA78FD78F47807791279117919793C
:105BB0002C792B794079607957795F795A795579C1
:105BC00053797A797F798A799D79A7794B9FAA79D8
:105BD000AE79B379B979BA79C979D579E779EC79B8
:105BE000E179E379087A0D7A187A197A207A1F7A9E
:105BF0008079317A3B7A3E7A377A437A577A497A92
:105C0000617A627A697A9D9F707A797A7D7A887AE8
:105C1000977A957A987A967AA97AC87AB07AB67A83
:105C2000C57AC47ABF7A8390C77ACA7ACD7ACF7A96
:105C3000D57AD37AD97ADA7ADD7AE17AE27AE67AB3
:105C4000ED7AF07A027B0F7B0A7B067B337B187B35
:105C5000197B1E7B357B287B367B507B7A7B047BD4
:105C60004D7B0B7B4C7B457B757B657B747B677BBE
:105C7000707B717B6C7B6E7B9D7B987B9F7B8D7B30
:105C80009C7B9A7B8B7B927B8F7B5D7B997BCB7B99
:105C9000C17BCC7BCF7BB47BC67BDD7BE97B117C7E
:105CA000147CE67BE57B607C007C077C137CF37BCB
:105CB000F77B177C0D7CF67B237C277C2A7C1F7C62
:105CC000377C2B7C3D7C4C7C437C547C4F7C407CE3
:105CD000507C587C5F7C647C567C657C6C7C757CDD
:105CE000837C907CA47CAD7CA27CAB7CA17CA87CDA
:105CF000B37CB27CB17CAE7CB97CBD7CC07CC57C05
:105D0000C27CD87CD27CDC7CE27C3B9BEF7CF27C4E
:105D1000F47CF67CFA7C067D027D1C7D157D0A7D77
:105D2000457D4B7D2E7D327D3F7D357D467D737D6E
:105D3000567D4E7D727D687D6E7D4F7D637D937D4A
:105D4000897D5B7D8F7D7D7D9B7DBA7DAE7DA37DD5
:105D5000B57DC77DBD7DAB7D3D7EA27DAF7DDC7D0C
:105D6000B87D9F7DB07DD87DDD7DE47DDE7DFB7DD2
:105D7000F27DE17D057E0A7E237E217E127E317ECC
:105D80001F7E097E0B7E227E467E667E3B7E357EB2
:105D9000397E437E377E327E3A7E677E5D7E567EDA
:105DA0005E7E597E5A7E797E6A7E697E7C7E7B7EAF
:105DB000837ED57D7D7EAE8F7F7E887E897E8C7E44
:105DC000927E907E937E947E967E8E7E9B7E9C7E3F
:105DD000387F3A7F457F4C7F4D7F4E7F507F517F8C
:105DE000557F547F587F5F7F607F687F697F677FC3
:105DF000787F827F867F837F887F877F8C7F947F79
:105E00009E7F9D7F9A7FA37FAF7FB27FB97FAE7F5A
:105E1000B67FB87F718BC57FC67FCA7FD57FD47FA1
:105E2000E17FE67FE97FF37FF97FDC9806800480DD
:105E30000B801280188019801C80218028803F8070
:105E40003B804A804680528058805A805F806280C2
:105E50006880738072807080768079807D807F809A
:105E60008480868085809B8093809A80AD809051CD
:105E7000AC80DB80E580D980DD80C480DA80D6808C
:105E80000981EF80F1801B81298123812F814B8142
:105E90008B9646813E8153815181FC8071816E8158
:105EA000658166817481838188818A818081828114
:105EB000A0819581A481A3815F819381A981B08113
:105EC000B581BE81B881BD81C081C281BA81C981DD
:105ED000CD81D181D981D881C881DA81DF81E0810A
:105EE000E781FA81FB81FE810182028205820782BD
:105EF0000A820D821082168229822B823882338296
:105F00004082598258825D825A825F8264826282B4
:105F100068826A826B822E827182778278827E8228
:105F20008D829282AB829F82BB82AC82E182E382CD
:105F3000DF82D282F482F382FA8293830383FB822C
:105F4000F982DE820683DC820983D9823583348339
:105F500016833283318340833983508345832F8373
:105F60002B831783188385839A83AA839F83A283B5
:105F7000968323838E8387838A837C83B58373830D
:105F80007583A0838983A883F4831384EB83CE83F2
:105F9000FD830384D8830B84C183F7830784E08364
:105FA000F2830D8422842084BD8338840685FB839C
:105FB0006D842A843C845A85848477846B84AD8480
:105FC0006E848284698446842C846F8479843584C9
:105FD000CA846284B984BF849F84D984CD84BB84FD
:105FE000DA84D084C184C684D684A1842185FF84C8
:105FF000F484178518852C851F8515851485FC84E8
:106000004085638558854885418502864B85558541
:106010008085A485888591858A85A8856D859485E8
:106020009B85EA8587859C8577857E859085C98552
:10603000BA85CF85B985D085D585DD85E585DC85B3
:10604000F9850A8613860B86FE85FA8506862286E2
:106050001A8630863F864D86554E54865F86678603
:1060600071869386A386A986AA868B868C86B68639
:10607000AF86C486C686B086C9862388AB86D4869A
:10608000DE86E986EC86DF86DB86EF86128706876A
:10609000088700870387FB86118709870D87F986A4
:1060A0000A8734873F8737873B87258729871A8761
:1060B00060875F8778874C874E87748757876887A4
:1060C0006E875987538763876A870588A2879F876A
:1060D0008287AF87CB87BD87C087D087D696AB87AF
:1060E000C487B387C787C687BB87EF87F287E087F8
:1060F0000F880D88FE87F687F7870E88D28711886C
:10610000168815882288218831883688398827881A
:106110003B8844884288528859885E8862886B88A8
:1061200081887E889E8875887D88B58872888288F7
:1061300097889288AE889988A2888D88A488B0882C
:10614000BF88B188C388C488D488D888D988DD88B6
:10615000F9880289FC88F488E888F28804890C8927
:106160000A89138943891E8925892A892B894189AE
:1061700044893B89368938894C891D8960895E89C3
:10618000668964896D896A896F89748977897E894E
:10619000838988898A8993899889A189A989A68907
:1061A000AC89AF89B289BA89BD89BF89C089DA89CA
:1061B000DC89DD89E789F489F889038A168A108ADF
:1061C0000C8A1B8A1D8A258A368A418A5B8A528AF2
:1061D000468A488A7C8A6D8A6C8A628A858A828A23
:1061E000848AA88AA18A918AA58AA68A9A8AA38A79
:1061F000C48ACD8AC28ADA8AEB8AF38AE78AE48A79
:10620000F18A148BE08AE28AF78ADE8ADB8A0C8BB9
:10621000078B1A8BE18A168B108B178B208B338B95
:10622000AB97268B2B8B3E8B288B418B4C8B4F8BCC
:106230004E8B498B568B5B8B5A8B6B8B5F8B6C8B2E
:106240006F8B748B7D8B808B8C8B8E8B928B938BD7
:10625000968B998B9A8B3A8C418C3F8C488C4C8CCA
:106260004E8C508C558C628C6C8C788C7A8C828C99
:10627000898C858C8A8C8D8C8E8C948C7C8C988C63
:106280001D62AD8CAA8CBD8CB28CB38CAE8CB68CDE
:10629000C88CC18CE48CE38CDA8CFD8CFA8CFB8C82
:1062A000048D058D0A8D078D0F8D0D8D108D4E9FE0
:1062B000138DCD8C148D168D678D6D8D718D738DB5
:1062C000818D998DC28DBE8DBA8DCF8DDA8DD68D93
:1062D000CC8DDB8DCB8DEA8DEB8DDF8DE38DFC8D51
:1062E000088E098EFF8D1D8E1E8E108E1F8E428E83
:1062F000358E308E348E4A8E478E498E4C8E508E1F
:10630000488E598E648E608E2A8E638E558E768E60
:10631000728E7C8E818E878E858E848E8B8E8A8EF9
:10632000938E918E948E998EAA8EA18EAC8EB08E05
:10633000C68EB18EBE8EC58EC88ECB8EDB8EE38EA2
:10634000FC8EFB8EEB8EFE8E0A8F058F158F128FC3
:10635000198F138F1C8F1F8F1B8F0C8F268F338FDE
:106360003B8F398F458F428F3E8F4C8F498F468FA1
:106370004E8F578F5C8F628F638F648F9C8F9F8F40
:10638000A38FAD8FAF8FB78FDA8FE58FE28FEA8F54
:10639000EF8F8790F48F0590F98FFA8F11901590F9
:1063A00021900D901E9016900B902790369035906E
:1063B0003990F88F4F905090519052900E90499094
:1063C0003E90569058905E9068906F907690A89608
:1063D000729082907D90819080908A9089908F9029
:1063E000A890AF90B190B590E290E4904862DB90B5
:1063F000029112911991329130914A91569158918E
:10640000639165916991739172918B918991829158
:10641000A291AB91AF91AA91B591B491BA91C0916B
:10642000C191C991CB91D091D691DF91E191DB914E
:10643000FC91F591F6911E92FF9114922C92159277
:1064400011925E9257924592499264924892959227
:106450003F924B9250929C92969293929B925A9218
:10646000CF92B992B792E9920F93FA9244932E93F6
:10647000199322931A9323933A9335933B935C9306
:1064800060937C936E935693B093AC93AD93949337
:10649000B993D693D793E893E593D893C393DD93B9
:1064A000D093C893E4931A94149413940394079488
:1064B000109436942B94359421943A9441945294A8
:1064C00044945B94609462945E946A94299270946C
:1064D000759477947D945A947C947E9481947F945F
:1064E000829587958A959495969598959995A09576
:1064F000A895A795AD95BC95BB95B995BE95CA9540
:10650000F66FC395CD95CC95D595D495D695DC955C
:10651000E195E595E295219628962E962F9642963E
:106520004C964F964B9677965C965E965D965F96E8
:10653000669672966C968D96989695969796AA966C
:10654000A796B196B296B096B496B696B896B99606
:10655000CE96CB96C996CD964D89DC960D97D5965D
:10656000F99604970697089713970E9711970F9728
:106570001697199724972A97309739973D973E9702
:10658000449746974897429749975C9760976497D6
:1065900066976897D2526B977197799785977C9792
:1065A00081977A9786978B978F9790979C97A897C4
:1065B000A697A397B397B497C397C697C897CB9757
:1065C000DC97ED974F9FF297DF7AF697F5970F9844
:1065D0000C9838982498219837983D9846984F9869
:1065E0004B986B986F987098719874987398AA9854
:1065F000AF98B198B698C498C398C698E998EB98A4
:106600000399099912991499189921991D991E991C
:10661000249920992C992E993D993E99429949990E
:10662000459950994B99519952994C9955999799E7
:106630009899A599AD99AE99BC99DF99DB99DD99A7
:10664000D899D199ED99EE99F199F299FB99F89928
:10665000019A0F9A059AE299199A2B9A379A459AB4
:10666000429A409A439A3E9A559A4D9A5B9A579A03
:106670005F9A629A659A649A699A6B9A6A9AAD9AD5
:10668000B09ABC9AC09ACF9AD19AD39AD49ADE9AE9
:10669000DF9AE29AE39AE69AEF9AEB9AEE9AF49AE4
:1066A000F19AF79AFB9A069B189B1A9B1F9B229BB9
:1066B000239B259B279B289B299B2A9B2E9B2F9BBB
:1066C000329B449B439B4F9B4D9B4E9B519B589BA6
:1066D000749B939B839B919B969B979B9F9BA09B5B
:1066E000A89BB49BC09BCA9BB99BC69BCF9BD19BCD
:1066F000D29BE39BE29BE49BD49BE19B3A9CF29B65
:10670000F19BF09B159C149C099C139C0C9C069C73
:10671000089C129C0A9C049C2E9C1B9C259C249CDF
:10672000219C309C479C329C469C3E9C5A9C609C81
:10673000679C769C789CE79CEC9CF09C099D089D4E
:10674000EB9C039D069D2A9D269DAF9D239D1F9D2D
:10675000449D159D129D419D3F9D3E9D469D489D9A
:106760005D9D5E9D649D519D509D599D729D899D2D
:10677000879DAB9D6F9D7A9D9A9DA49DA99DB29D7D
:10678000C49DC19DBB9DB89DBA9DC69DCF9DC29D18
:10679000D99DD39DF89DE69DED9DEF9DFD9D1A9E93
:1067A0001B9E1E9E759E799E7D9E819E889E8B9EC1
:1067B0008C9E929E959E919E9D9EA59EA99EB89E02
:1067C000AA9EAD9E6197CC9ECE9ECF9ED09ED49E1B
:1067D000DC9EDE9EDD9EE09EE59EE89EEF9EF49EA2
:1067E000F69EF79EF99EFB9EFC9EFD9E079F089FCE
:1067F000B776159F219F2C9F3E9F4A9F529F549F83
:10680000639F5F9F609F619F669F679F6C9F6A9F6A
:10681000779F729F769F959F9C9FA09F2F58C769D7
:1068200059906474DC51997100000042C8801F4087
:10683000B8821F400800000000000042C4801F40D2
:10684000B4821F400400000000C0004224801F40AA
:1068500014821F401000000000C0004228801F402A
:1068600018821F402000000000C000422C801F4002
:106870001C821F404000000000C0004234801F40C6
:1068800024821F40000100000040004264811F403C
:1068900054831F40000400000040004280811F40DC
:1068A00070831F4000000200004000427C811F40B6
:1068B0006C831F40000001000040004268811F40BF
:1068C00058831F4000080000004000423C811F40E8
:1068D0002C831F40010000000040004244811F4003
:1068E00034831F40040000000040004240811F40EC
:1068F00030831F40020000000040004248811F40DA
:1069000038831F40080000000000004204811F403F
:10691000F4821F40000004000000004208811F4074
:10692000F8821F40000008000000004218811F404C
:1069300008831F40000080000000004214811F40B7
:1069400004831F40000040000000004200811F40FF
:10695000F0821F400000020000000042FC801F4047
:10696000EC821F40000001000000004224811F4013
:1069700014831F40000000040000004228811F40D3
:1069800018831F4000000008000000421C811F40C7
:106990000C831F40000000010000004220811F40C6
:1069A00010831F400000000200000042EC801F40E6
:1069B000DC821F400010000000000042F0801F40F9
:1069C000E0821F40002000000000004234811F4090
:1069D00024831F40000000400000004238811F4017
:1069E00028831F40000000800080004294801F40E8
:1069F00084821F400000040000C0004290801F40BD
:106A000080821F400000008000800042A8801F405C
:106A100098821F400000800000800042A4801F4038
:106A200094821F4000004000004000426C811F40E3
:106A30005C831F400010000000C0004230801F40F7
:106A400020821F408000000000400042B0811F40B3
:106A5000A0831F400000002000400042AC811F4086
:106A60009C831F40000000100040004284811F40B2
:106A700074831F40000004000040004288811F40D2
:106A800078831F4000000800000000422C811F4056
:106A90001C831F40000000100000004230811F4096
:106AA00020831F4000000020000000420C811F4096
:106AB000FC821F40000010000000004210811F40B7
:106AC00000831F400000200000800042C8811F405A
:106AD000B8831F400080000000800042C4811F4036
:106AE000B4831F400040000000800042C0811F406E
:106AF000B0831F400020000000800042BC811F4086
:106B0000AC831F400010000000800042D0811F4075
:106B1000C0831F400000020000800042CC811F4063
:106B2000BC831F400000010000C0004274801F4071
:106B300064821F400000000100C0004280801F40AE
:106B400070821F400000000800C0004284801F4087
:106B500074821F400000001000C000426C801F4083
:106B60005C821F400000400000C000427C801F404B
:106B70006C821F400000000400C0004278801F406B
:106B800068821F400000000200C0004288801F4051
:106B900078821F4000000020456E746572696E6740
:106BA00020626F6F746C6F61646572005553422E82
:106BB00032200000694D5852543130363200000006
:106BC000323531323037000068747470733A2F2FC9
:106BD0006769746875622E636F6D2F6772626C48A7
:106BE000414C2F694D58525431303632000000006C
:106BF00054343155355842420000000068747470B6
:106C0000733A2F2F6769746875622E636F6D2F70EA
:106C100068696C2D626172726574742F6772626C40
:106C20002D7465656E73792D340000004C43425A13
:106C3000000000006F76657272696465205A206CEE
:106C4000696D6974207768696C65204C4342206FD8
:106C5000776E7320746865205A204D55583A202469
:106C60004C43425A3D3C307C313E0000424C0000D7
:106C7000656E74657220626F6F746C6F61646572AB
:106C80000000000048617264206C696D69742068BE
:106C90006173206265656E207472696767657265ED
:106CA000642E204D616368696E6520706F7369742E
:106CB000696F6E206973206C696B656C79206C6FED
:106CC00073742064756520746F2073756464656ED9
:106CD0002068616C742E2052652D686F6D696E6737
:106CE00020697320686967686C79207265636F6DCD
:106CF0006D656E6465642E00536F6674206C696DFB
:106D0000697420616C61726D2E20472D636F64651C
:106D1000206D6F74696F6E20746172676574206591
:106D2000786365656473206D616368696E6520745E
:106D3000726176656C2E204D616368696E652070A6
:106D40006F736974696F6E2072657461696E6564D2
:106D50002E20416C61726D206D6179206265207317
:106D60006166656C7920756E6C6F636B65642E006F
:106D700052657365742F452D73746F702077686941
:106D80006C6520696E206D6F74696F6E2E204D6189
:106D90006368696E6520706F736974696F6E2069CE
:106DA00073206C696B656C79206C6F7374206475EB
:106DB0006520746F2073756464656E2068616C74FF
:106DC0002E2052652D686F6D696E6720697320688B
:106DD0006967686C79207265636F6D6D656E646557
:106DE000642E000050726F6265206661696C2E200F
:106DF00050726F6265206973206E6F7420696E2017
:106E000074686520657870656374656420696E696F
:106E10007469616C207374617465206265666F7259
:106E200065207374617274696E672070726F626539
:106E3000206379636C65207768656E204733382E50
:106E40003220616E64204733382E33206973206E00
:106E50006F742074726967676572656420616E641F
:106E6000204733382E3420616E64204733382E3566
:106E7000206973207472696767657265642E00000B
:106E800050726F6265206661696C2E2050726F626D
:106E90006520646964206E6F7420636F6E74616333
:106EA000742074686520776F726B70696563652004
:106EB00077697468696E207468652070726F677294
:106EC000616D6D65642074726176656C20666F72A9
:106ED000204733382E3220616E64204733382E34F9
:106EE0002E000000486F6D696E67206661696C2E28
:106EF000205468652061637469766520686F6D69E8
:106F00006E67206379636C652077617320726573A7
:106F100065742E00486F6D696E67206661696C2E1E
:106F20002053616665747920646F6F722077617396
:106F3000206F70656E656420647572696E67206885
:106F40006F6D696E67206379636C652E00000000C9
:106F5000486F6D696E67206661696C2E2050756C94
:106F60006C206F66662074726176656C206661695C
:106F70006C656420746F20636C656172206C696D50
:106F80006974207377697463682E2054727920695C
:106F90006E6372656173696E672070756C6C2D6FBE
:106FA00066662073657474696E67206F722063680B
:106FB00065636B20776972696E672E00486F6D6933
:106FC0006E67206661696C2E20436F756C64206E5D
:106FD0006F742066696E64206C696D6974207377C4
:106FE000697463682077697468696E20736561727B
:106FF00063682064697374616E6365732E205472D4
:107000007920696E6372656173696E67206D61785E
:107010002074726176656C2C20646563726561739F
:10702000696E672070756C6C2D6F6666206469737D
:1070300074616E63652C206F7220636865636B20DA
:10704000776972696E672E004553746F70206173A3
:107050007365727465642E20436C65617220616E85
:107060006420726573657400486F6D696E67207285
:10707000657175697265642E204578656375746500
:1070800020686F6D696E6720636F6D6D616E64203F
:107090002824482920746F20636F6E74696E7565AB
:1070A0002E0000004C696D69742073776974636801
:1070B00020656E67616765642E20436C6561722090
:1070C0006265666F726520636F6E74696E75696E56
:1070D000672E000050726F62652070726F74656376
:1070E00074696F6E207472696767657265642E20BB
:1070F000436C656172206265666F726520636F6EB6
:1071000074696E75696E672E000000005370696EB9
:10711000646C652061742073706565642074696DAA
:10712000656F75742E20436C656172206265666FB1
:10713000726520636F6E74696E75696E672E0000EC
:10714000486F6D696E67206661696C2E20436F75AC
:107150006C64206E6F742066696E64207365636F63
:107160006E64206C696D697420737769746368203C
:10717000666F72206175746F2073717561726564DA
:1071800020617869732077697468696E207365611E
:107190007263682064697374616E6365732E205432
:1071A000727920696E6372656173696E67206D61C3
:1071B000782074726176656C2C20646563726561F9
:1071C00073696E672070756C6C2D6F6666206469DC
:1071D0007374616E63652C206F7220636865636BE6
:1071E00020776972696E672E00000000506F776526
:1071F00072206F6E2073656C6674657374202850FE
:107200004F5329206661696C65642E004D6F746F61
:1072100072206661756C742E00000000486F6D6905
:107220006E67206661696C2E2042616420636F6E18
:1072300066696775726174696F6E2E004D6F646266
:10724000757320657863657074696F6E2E2054695C
:107250006D656F7574206F72206D657373616765FE
:10726000206572726F722E00492F4F206578706111
:107270006E64657220636F6D6D756E6963617469AC
:107280006F6E206661696C65642E00004E2F4100B0
:107290003F000000323400003332000055415254A8
:1072A0003100000055415254320000005541525403
:1072B000330000005541525434000000526573659C
:1072C000740000004665656420686F6C640000000F
:1072D0004379636C6520737461727400426C6F63F0
:1072E0006B2064656C6574650000000053746F70FA
:1072F0002064697361626C6500000000456D657211
:1073000067656E63792073746F70000050726F62EE
:107310006520646973636F6E6E65637400000000BE
:107320004D6F746F72206661756C74004D6F746F71
:1073300072207761726E696E670000004C696D693A
:107340007473206F766572726964650053696E6745
:107350006C6520626C6F636B0000000050726F629E
:1073600065206F76657274726176656C000000004E
:1073700050726F626500000058206D6F746F72204C
:107380006661756C7400000059206D6F746F722017
:107390006661756C740000005A206D6F746F722006
:1073A0006661756C7400000058206D6F746F7220F8
:1073B0006661756C7420320059206D6F746F722095
:1073C0006661756C742032005A206D6F746F722084
:1073D0006661756C7420320050726F6265203200F5
:1073E00050726F62652032206F76657274726176BA
:1073F000656C0000546F6F6C736574746572000087
:10740000546F6F6C736574746572206F76657274F7
:10741000726176656C0000004D5047206D6F6465A9
:107420002073656C6563740058206C696D69742005
:107430006D696E0058206C696D6974206D696E20ED
:107440003200000058206C696D6974206D6178000D
:107450005820686F6D6500005820686F6D65203298
:107460000000000059206C696D6974206D696E0020
:1074700059206C696D6974206D696E2032000000BE
:1074800059206C696D6974206D6178005920686FAE
:107490006D6500005920686F6D65203200000000A6
:1074A0005A206C696D6974206D696E005A206C6990
:1074B0006D6974206D696E20320000005A206C697D
:1074C0006D6974206D6178005A20686F6D650000E9
:1074D0005A20686F6D652032000000005370696E9D
:1074E000646C6520696E6465780000005370696E95
:1074F000646C652070756C736500000041757820C0
:10750000696E20300000000041757820696E2031DE
:107510000000000041757820696E203200000000F4
:1075200041757820696E2033000000004175782095
:10753000696E20340000000041757820696E2035A6
:107540000000000041757820696E203600000000C0
:1075500041757820696E2037000000004175782061
:10756000696E20380000000041757820696E20396E
:107570000000000041757820696E20313000000065
:1075800041757820696E2031310000004175782006
:10759000696E20313200000041757820696E20311B
:1075A0003300000041757820696E203134000000FE
:1075B00041757820696E20313500000041757820D2
:1075C000696E20313600000041757820696E2031E7
:1075D0003700000041757820696E203138000000C6
:1075E00041757820696E203139000000417578209E
:1075F000696E20323000000041757820696E2032BB
:107600003100000041757820696E203232000000A0
:1076100041757820696E2032330000004175782072
:10762000616E616C6F6720696E2030004175782053
:10763000616E616C6F6720696E2031004175782042
:10764000616E616C6F6720696E2032004175782031
:10765000616E616C6F6720696E2033004175782020
:10766000616E616C6F6720696E203400417578200F
:10767000616E616C6F6720696E20350041757820FE
:10768000616E616C6F6720696E20360041757820ED
:10769000616E616C6F6720696E20370058207374CB
:1076A000657000005832207374657000592073743F
:1076B0006570000059322073746570005A2073742D
:1076C000657000005A322073746570005820646938
:1076D0007200000058322064697200005920646909
:1076E0007200000059322064697200005A206469F7
:1076F000720000005A322064697200005374657091
:1077000070657220706F7765720000005374657049
:107710007065727320656E61626C65005820656EDD
:1077200061626C65000000005920656E61626C65E5
:10773000000000005A20656E61626C650000000068
:10774000585920656E61626C650000004D6F746F62
:1077500072204353000000004D6F746F722043533A
:10776000580000004D6F746F7220435359000000A1
:107770004D6F746F722043535A0000004D6F746F49
:10778000722043534D3300004D6F746F722043538A
:107790004D3400004D6F746F722043534D3500001F
:1077A0004D6F746F722043534D3600004D6F746FF0
:1077B000722043534D3700005370696E646C65202E
:1077C0006F6E00005370696E646C65206469726549
:1077D0006374696F6E0000005370696E646C65209D
:1077E00050574D005370696E646C652032206F6E87
:1077F000000000005370696E646C6520322064697B
:1078000072656374696F6E005370696E646C652095
:10781000322050574D0000004D6973740000000085
:10782000466C6F6F64000000417578206F7574209E
:1078300030000000417578206F7574203100000021
:10784000417578206F7574203200000041757820F2
:107850006F75742033000000417578206F757420B7
:1078600034000000417578206F75742035000000E9
:10787000417578206F7574203600000041757820BE
:107880006F75742037000000417578206F75742083
:1078900038000000417578206F75742039000000B1
:1078A000417578206F757420313000004175782063
:1078B0006F75742031310000417578206F75742028
:1078C00031320000417578206F757420313300002B
:1078D000417578206F75742031340000417578202F
:1078E0006F75742031350000417578206F757420F4
:1078F00031360000417578206F75742031370000F3
:10790000417578206F7574203138000041757820FA
:107910006F75742031390000417578206F757420BF
:1079200032300000417578206F75742032310000CC
:10793000417578206F7574203232000041757820CF
:107940006F7574203233000041757820616E616C70
:107950006F67206F7574203000000000417578203B
:10796000616E616C6F67206F7574203100000000DC
:1079700041757820616E616C6F67206F757420327D
:107980000000000041757820616E616C6F67206FA8
:10799000757420330000000041757820616E616CC1
:1079A0006F67206F757420340000000041757820E7
:1079B000616E616C6F67206F757420350000000088
:1079C00041757820616E616C6F67206F7574203629
:1079D0000000000041757820616E616C6F67206F58
:1079E00075742037000000004C4544004C4544208D
:1079F000520000004C454420470000004C45442004
:107A0000420000004C454420570000004C454420F3
:107A100061647265737361626C6500004C4544205B
:107A200061647265737361626C65203100000000EF
:107A3000436F50726F6320526573657400000000DD
:107A4000436F50726F6320426F6F7430000000000C
:107A50004D49534F000000004D4F534900000000B6
:107A600053504920434C4B0053504920435300008E
:107A7000466C617368204353000000005344206348
:107A80006172642043530000534420636172642098
:107A900064657465637400005350492072657365B2
:107AA000740000005350492049525100493243208C
:107AB00053434B0049324320534441004B65797096
:107AC0006164207374726F62650000004932432064
:107AD0007374726F626500005258000054580000C1
:107AE0005254530052533438352052582F54582092
:107AF000646972656374696F6E00000051454920C6
:107B000041000000514549204200000051454920F4
:107B100073656C656374000051454920696E646546
:107B2000780000005669727475616C0055415254BA
:107B300020580000554152542059000055415254DC
:107B4000205A000055415254204D330055415254A3
:107B5000204D340055415254204D3500554152546A
:107B6000204D360055415254204D3700472D636F4C
:107B7000646520776F72647320636F6E73697374CA
:107B8000206F662061206C657474657220616E647C
:107B900020612076616C75652E204C657474657269
:107BA00020776173206E6F7420666F756E642E008F
:107BB0004D697373696E67207468652065787065B8
:107BC0006374656420472D636F646520776F72640A
:107BD0002076616C7565206F72206E756D657269B7
:107BE000632076616C756520666F726D61742069C3
:107BF00073206E6F742076616C69642E0000000043
:107C00002724272073797374656D20636F6D6D6110
:107C10006E6420776173206E6F74207265636F6786
:107C20006E697A6564206F7220737570706F7274FC
:107C300065642E004E656761746976652076616CB7
:107C4000756520726563656976656420666F72206C
:107C5000616E20657870656374656420706F736908
:107C6000746976652076616C75652E00486F6D6964
:107C70006E67206379636C65206661696C757265F7
:107C80002E20486F6D696E67206973206E6F7420B7
:107C9000636F6E66696775726564207669612073CB
:107CA000657474696E67732E00000000537465700C
:107CB0002070756C73652074696D65206D757374C3
:107CC0002062652067726561746572206F7220653D
:107CD0007175616C20746F2032206D6963726F73EF
:107CE00065636F6E64732E00412073657474696EF2
:107CF00067732072656164206661696C65642E201B
:107D00004175746F2D726573746F72696E6720614F
:107D1000666665637465642073657474696E677301
:107D200020746F2064656661756C742076616C7573
:107D300065732E0027242720636F6D6D616E6420AC
:107D400063616E6E6F742062652075736564207563
:107D50006E6C65737320636F6E74726F6C6C65729A
:107D60002073746174652069732049444C452E204A
:107D7000456E737572657320736D6F6F7468206FD5
:107D80007065726174696F6E20647572696E6720C8
:107D900061206A6F622E0000472D636F6465206367
:107DA0006F6D6D616E647320617265206C6F636BC3
:107DB0006564206F757420647572696E6720616CEC
:107DC00061726D206F72206A6F67207374617465D1
:107DD0002E000000536F6674206C696D6974732007
:107DE00063616E6E6F7420626520656E61626C65A2
:107DF0006420776974686F757420686F6D696E6749
:107E000020616C736F20656E61626C65642E00008A
:107E10004D6178206368617261637465727320706C
:107E20006572206C696E652065786365656465645C
:107E30002E20526563656976656420636F6D6D61A0
:107E40006E64206C696E6520776173206E6F74209C
:107E500065786563757465642E000000272427200B
:107E600073657474696E672076616C7565206361F3
:107E70007573652074686520737465702072617411
:107E80006520746F2065786365656420746865207B
:107E90006D6178696D756D20737570706F72746542
:107EA000642E000053616665747920646F6F7220E0
:107EB0006465746563746564206173206F70656EBA
:107EC000656420616E6420646F6F722073746174E6
:107ED0006520696E697469617465642E0000000034
:107EE0004275696C6420696E666F206F72207374CE
:107EF0006172747570206C696E6520657863656564
:107F0000646564206C696E65206C656E67746820BA
:107F10006C696D69742E204C696E65206E6F7420DB
:107F200073746F7265642E004A6F672074617267A4
:107F300065742065786365656473206D6163686945
:107F40006E652074726176656C2E204A6F672063BF
:107F50006F6D6D616E6420686173206265656E206F
:107F600069676E6F7265642E000000004A6F6720BB
:107F7000636F6D6D616E6420686173206E6F202782
:107F80003D27206F7220636F6E7461696E7320707D
:107F9000726F6869626974656420672D636F6465D8
:107FA0002E0000004C61736572206D6F6465207255
:107FB000657175697265732050574D206F757470C7
:107FC00075742E00526573657420617373657274E5
:107FD000656400004E6F6E20706F7369746976651A
:107FE0002076616C75650000556E737570706F72E8
:107FF000746564206F7220696E76616C69642067B5
:108000002D636F646520636F6D6D616E6420666FB4
:10801000756E6420696E20626C6F636B2E000000C9
:108020004D6F7265207468616E206F6E6520672DDC
:10803000636F646520636F6D6D616E642066726F3F
:108040006D2073616D65206D6F64616C2067726F68
:10805000757020666F756E6420696E20626C6F6348
:108060006B2E00004665656420726174652068614E
:1080700073206E6F7420796574206265656E20735D
:108080006574206F7220697320756E646566696E11
:1080900065642E00472D636F646520636F6D6D61AD
:1080A0006E6420696E20626C6F636B2072657175FF
:1080B0006972657320616E20696E746567657220F0
:1080C00076616C75652E00004D6F72652074686175
:1080D0006E206F6E6520672D636F646520636F6D22
:1080E0006D616E6420746861742072657175697267
:1080F0006573206178697320776F72647320666F8F
:10810000756E6420696E20626C6F636B2E000000D8
:10811000526570656174656420672D636F646520C6
:10812000776F726420666F756E6420696E20626C72
:108130006F636B2E000000004E6F20617869732022
:10814000776F72647320666F756E6420696E20624B
:108150006C6F636B20666F7220672D636F646520A0
:10816000636F6D6D616E64206F72206375727265EE
:108170006E74206D6F64616C207374617465207718
:1081800068696368207265717569726573207468C7
:10819000656D2E004C696E65206E756D626572208E
:1081A00076616C756520697320696E76616C6964AF
:1081B0002E000000472D636F646520636F6D6D6155
:1081C0006E64206973206D697373696E6720612026
:1081D00072657175697265642076616C756520776A
:1081E0006F72642E000000004735392E7820776FBB
:1081F000726B20636F6F7264696E6174652073794E
:108200007374656D7320617265206E6F7420737571
:1082100070706F727465642E000000004735332063
:108220006F6E6C7920616C6C6F7765642077697410
:108230006820473020616E64204731206D6F74697B
:108240006F6E206D6F6465732E0000004178697356
:1082500020776F72647320666F756E6420696E207C
:10826000626C6F636B207768656E206E6F20636F42
:108270006D6D616E64206F722063757272656E74CD
:10828000206D6F64616C2073746174652075736513
:1082900073207468656D2E00473220616E6420473C
:1082A0003320617263732072657175697265206134
:1082B00074206C65617374206F6E6520696E2D701B
:1082C0006C616E65206178697320776F72642E002F
:1082D0004D6F74696F6E20636F6D6D616E64207495
:1082E000617267657420697320696E76616C696478
:1082F0002E000000417263207261646975732076FC
:10830000616C756520697320696E76616C69642E95
:1083100000000000473220616E6420473320617204
:1083200063732072657175697265206174206C6574
:10833000617374206F6E6520696E2D706C616E655F
:10834000206F666673657420776F72642E0000007C
:10835000556E757365642076616C756520776F72F4
:10836000647320666F756E6420696E20626C6F6343
:108370006B2E00004734332E312064796E616D69B5
:108380006320746F6F6C206C656E677468206F6615
:1083900066736574206973206E6F742061737369EE
:1083A000676E656420746F20636F6E6669677572AF
:1083B000656420746F6F6C206C656E6774682061F3
:1083C0007869732E00000000546F6F6C206E756D1D
:1083D0006265722067726561746572207468616E8F
:1083E000206D617820737570706F7274656420768B
:1083F000616C7565206F7220756E646566696E6567
:108400006420746F6F6C2073656C65637465642E93
:108410000000000056616C7565206F7574206F66F2
:108420002072616E67652E00472D636F646520635F
:108430006F6D6D616E64206E6F7420616C6C6F7710
:108440006564207768656E20746F6F6C2063686167
:108450006E67652069732070656E64696E672E00B3
:108460005370696E646C65206E6F742072756E6EE9
:10847000696E67207768656E206D6F74696F6E2016
:10848000636F6D6D616E64656420696E2043535344
:10849000206F72207370696E646C652073796E63EF
:1084A000206D6F64652E0000506C616E65206D75E7
:1084B0007374206265205A5820666F722074687247
:1084C000656164696E672E004D61782E2066656572
:1084D0006420726174652065786365656465642EE7
:1084E0000000000052504D206F7574206F6620729E
:1084F000616E67652E0000004F6E6C7920686F6DAD
:10850000696E6720697320616C6C6F776564207792
:1085100068656E2061206C696D6974207377697479
:10852000636820697320656E67616765642E00006B
:10853000486F6D65206D616368696E6520746F209A
:10854000636F6E74696E75652E0000004154433A86
:108550002063757272656E7420746F6F6C2069731E
:10856000206E6F74207365742E20536574206375BC
:108570007272656E7420746F6F6C207769746820F6
:108580004D36312E0000000056616C756520776F06
:10859000726420636F6E666C6963742E0000000065
:1085A000506F776572206F6E2073656C66207465FE
:1085B0007374206661696C65642E20412068617265
:1085C00064207265736574206973207265717569C2
:1085D0007265642E00000000456D657267656E630C
:1085E000792073746F70206163746976652E000062
:1085F00053657474696E672076616C756520697364
:10860000206F7574206F662072616E67652E0000A2
:1086100053657474696E67206973206E6F7420618E
:108620007661696C61626C652C20706F737369622E
:108630006C792064756520746F206C696D69746550
:10864000642064726976657220737570706F7274DD
:108650002E0000005265747261637420706F73693C
:1086600074696F6E206973206C6573732074686120
:108670006E206472696C6C2064657074682E0000F2
:10868000417474656D707420746F20686F6D65201F
:1086900074776F206175746F207371756172656492
:1086A0002061786573206174207468652073616D42
:1086B000652074696D652E00436F6F7264696E6129
:1086C00074652073797374656D206973206C6F63B2
:1086D0006B65642E00000000556E657870656374EC
:1086E00065642066696C652064656D6172636174A0
:1086F000696F6E2E00000000506F72742069732045
:108700006E6F7420617661696C61626C6500000057
:1087100041757468656E7469636174696F6E207207
:10872000657175697265642E0000000041636365C0
:1087300073732064656E6965642E00004E6F74204B
:10874000616C6C6F776564207768696C6520637213
:1087500069746963616C206576656E742069732045
:108760006163746976652E00436F756C64206E6F6B
:1087700074206F70656E2066696C652E00000000C5
:108780005573657220646566696E656420657272F2
:108790006F72206F6363757265642E00506F727420
:1087A000206973206E6F7420757361626C652E0092
:1087B0004D53472C000000005F76616C756500002A
:1087C0005F76616C75655F72657475726E65640065
:1087D000466174616C3A20496E636F6D70617469B3
:1087E000626C652064726976657220280000000062
:1087F000290000006772626C48414C3A20706F7724
:108800006572206F6E2073656C662D7465737420BD
:1088100028504F5329206661696C6564210D0A0058
:1088200041757820000000002C4175782000000080
:10883000496E7665727420494F506F727420696E6C
:10884000707574732E000000496E7665727420494D
:108850004F506F7274206F75747075742E00000025
:10886000496E7665727420492F4F20506F727420C4
:10887000696E707574730000496E76657274204974
:108880002F4F20506F7274206F7574707574730061
:1088900041757820706F72747300000052657365C3
:1088A0007420746F20636F6E74696E7565000000CC
:1088B000272448277C2724582720746F20756E6C46
:1088C0006F636B0043617574696F6E3A20556E6C0F
:1088D0006F636B6564000000456E61626C656400E7
:1088E00044697361626C65640000000043686563FD
:1088F0006B20446F6F720000436865636B204C69A6
:108900006D6974730000000050676D20456E64004F
:10891000526573746F72696E672064656661756C09
:1089200074730000526573746F72696E67207370A0
:10893000696E646C65000000536C656570696E67F4
:1089400000000000456D657267656E637920737481
:108950006F70202D20636C6561722C207468656EC9
:1089600020726573657420746F20636F6E74696E16
:1089700075650000486F6D696E67206379636C658B
:1089800020726571756972656400000050726573CC
:1089900073206379636C6520737461727420746FE3
:1089A00020726572756E206A6F620000526566659E
:1089B00072656E636520746F6F6C206C656E677492
:1089C00068206F66667365742065737461626C6994
:1089D00073686564000000004D6F746F72206661FB
:1089E000756C74202D20636C6561722C2074686531
:1089F0006E20726573657420746F20636F6E746986
:108A00006E7565005072657373206379636C6520C1
:108A1000737461727420746F20636F6E74696E7505
:108A2000652E000052656D6F766520616E79207449
:108A30006F75636820706C61746520616E6420706E
:108A400072657373206379636C65207374617274EB
:108A500020746F20636F6E74696E75652E00000060
:108A600050726F6265206661696C65642C20747257
:108A70007920616761696E2E0000000050657266A2
:108A80006F726D20612070726F6265207769746803
:108A9000202454505720666972737421000000002E
:108AA00050726F62652070726F74656374696F6E67
:108AB000206163746976617465642E005072657319
:108AC00073206379636C6520737461727420746FB2
:108AD00020706F736974696F6E20666F7220746F97
:108AE0007563682D6F66662E000000005F766D610D
:108AF0006A6F72005F766D696E6F72005F6C696E8F
:108B0000650000005F6D6F74696F6E5F6D6F646507
:108B1000000000005F706C616E6500005F63636F52
:108B20006D7000005F6D6574726963005F696D70E0
:108B3000657269616C0000005F6162736F6C7574CF
:108B4000650000005F696E6372656D656E74616CCF
:108B5000000000005F696E76657273655F74696D11
:108B6000650000005F756E6974735F7065725F6D9C
:108B7000696E7574650000005F756E6974735F706F
:108B800065725F72657600005F636F6F72645F731A
:108B9000797374656D0000005F746F6F6C5F6F6652
:108BA00066736574000000005F72657472616374BF
:108BB0005F725F706C616E65000000005F726574CB
:108BC000726163745F6F6C645F7A00005F737069D9
:108BD0006E646C655F72706D5F6D6F646500000040
:108BE0005F7370696E646C655F6373735F6D6F64F0
:108BF000650000005F696A6B5F6162736F6C75741A
:108C0000655F6D6F646500005F6C617468655F64CB
:108C100069616D657465725F6D6F64650000000069
:108C20005F6C617468655F7261646975735F6D6FB5
:108C3000646500005F7370696E646C655F6F6E00E1
:108C40005F7370696E646C655F6377005F6D6973F5
:108C5000740000005F666C6F6F6400005F73706586
:108C600065645F6F76657272696465005F666565ED
:108C7000645F6F7665727269646500005F6164614C
:108C800070746976655F6665656400005F6665653A
:108C9000645F686F6C6400005F6665656400000077
:108CA0005F72706D000000005F6162735F780000AA
:108CB0005F6162735F7900005F6162735F7A0000D9
:108CC0005F6162735F6100005F6162735F620000F9
:108CD0005F6162735F6300005F6162735F750000D4
:108CE0005F6162735F7600005F6162735F770000AF
:108CF0005F63757272656E745F746F6F6C000000F5
:108D00005F63757272656E745F706F636B6574001C
:108D10005F73656C65637465645F746F6F6C00008E
:108D20005F73656C65637465645F706F636B6574B6
:108D3000000000005F63616C6C5F6C6576656C00C1
:108D40005F70726F62655F7374617465000000002C
:108D50005F70726F6265325F7374617465000000EA
:108D60005F746F6F6C7365747465725F7374617434
:108D7000650000005F686F6D65645F7374617465A2
:108D8000000000005F686F6D65645F617865730067
:108D90005F746F6F6C5F7461626C655F73697A6535
:108DA000000000005F667265655F6D656D6F7279CA
:108DB0000000000053657474696E677320777269F0
:108DC0007465206661696C65642100004E6F7420D3
:108DD000656E6F756768206865617020666F7220C8
:108DE0004E5653206275666665722100506C616E46
:108DF0006E6572206275666665722073697A652099
:108E000077617320726564756365642100000000FA
:108E10000D0A4C532D4D434220332E302E30205B13
:108E2000272427206F7220272448454C502720668E
:108E30006F722068656C705D0D0A00005B484C50D5
:108E40003A242420242320244720244920244E206F
:108E500024783D76616C20244E783D6C696E6520E7
:108E6000244A3D6C696E652024534C5020244320D5
:108E70002458202448202442207E2021203F2063A3
:108E800074726C2D785D0D0A000000002200000055
:108E90002D0000005B5350494E444C453A00000001
:108EA0007C0000005D0D0A00202D2000414C415245
:108EB0004D3A000020202020000000002028000063
:108EC0000D0A0D0A5265626F6F74207265717569C3
:108ED0007265642E000000002C207265626F6F7452
:108EE0002072657175697265640000005C6E5C6E6D
:108EF0004E4F54453A204120686172642072657378
:108F00006574206F662074686520636F6E74726F7D
:108F10006C6C657220697320726571756972656425
:108F2000206166746572206368616E67696E672090
:108F3000746869732073657474696E672E0000002D
:108F40000D0A240020617320617869736D61736B71
:108F50000000000020617320626F6F6C65616E001D
:108F6000206173206269746669656C643A00000070
:108F7000206173206269746669656C642077686536
:108F800072652073657474696E672062697420303D
:108F900020656E61626C657320746865207265730C
:108FA000743A000020617320495020616464726546
:108FB0007373000020696E20000000002C20726195
:108FC0006E67653A200000002C206D696E3A200023
:108FD0002C206D61783A20005C6E00000D0A0D0AAD
:108FE000000000005B53455454494E473A000000CE
:108FF0005D000000222C000009000000696E74650D
:1090000067657200666C6F6174000000626F6F6C60
:10901000000000006269746669656C64000000000D
:10902000786269746669656C6400000072616469E5
:109030006F627574746F6E7300000000697076342F
:109040000000000070617373776F726400000000AD
:10905000617865730000000022242D436F6465224F
:109060002C222053657474696E67222C2220556E61
:10907000697473222C222053657474696E672044CE
:1090800065736372697074696F6E220D0A00000067
:10909000242D436F64650953657474696E670955BF
:1090A0006E6974730944617461747970650944610F
:1090B000746120666F726D61740953657474696EB2
:1090C00067204465736372697074696F6E094D69D6
:1090D0006E094D61780D0A000D0A2D2D2D2D2000F1
:1090E0003A0D0A005B50494E3A000000490000006A
:1090F0004E0000005B50494E53544154453A444F92
:1091000055547C00440000005B50494E5354415478
:10911000453A44494E7C00005B50494E53544154FB
:10912000453A414F55547C005B50494E535441548D
:10913000453A41494E7C00007C7C7C003D000000AB
:10914000240000003D4E2F410D0A00006F6B0D0AF8
:10915000000000006572726F723A00005B53455464
:1091600054494E4747524F55503A00005B504F52BA
:10917000543A000042547C7C000000005541525497
:109180007C7C00002C500000383700004E454F4DCD
:1091900053000000464300005B4D53473A00000077
:1091A000496E666F3A2000005761726E696E673AC9
:1091B000200000004572726F723A200044656275AB
:1091C000673A20005B414C41524D434F44453A00C1
:1091D0005B4552524F52434F44453A005B50524216
:1091E0003A0000005B484F4D453A00005B544C4F3D
:1091F0003A0000005B504152414D3A003D4E2F4134
:10920000000000005B4735313A0000005B4700007A
:1092100039323A0032380000333000005B543A00F3
:109220007C362C302C307C005B544C523A000000D1
:109230002047370020473800204732300000000028
:109240002047323100000000204739310000000083
:109250002047393000000000204739370000000067
:1092600020473936000000002E3100002E32000069
:10927000204739390000000020473938000000003D
:109280005B47433A4700000033382E00204739320D
:109290000000000020470000204734390000000093
:1092A0002047343300000000204735313A000000E9
:1092B0002047353000000000204D3000204D3100A7
:1092C000204D3200204D333000000000204D36305C
:1092D00000000000204D3800204D3900204D353071
:1092E00000000000204D353100000000204D3533D6
:1092F00000000000204D3536000000002054000022
:109300002046000020530000244E00003E000000D4
:109310002B2C00002D2C00004154433D302C00002C
:1093200054432C004154433D312C000045455052DC
:109330004F4D0000464C4153480000004652414DFD
:10934000000000005B5645523A312E31662E000077
:109350005B4F50543A0000005B4158533A00000004
:109360005B4E45574F50543A454E554D532C525431
:1093700000000000484F4D452C0000004E4F505259
:109380004F42452C0000000050524F4245533D00D3
:1093900050432C004F532C0042442C0045532C00CA
:1093A0004D50472C000000004C415448452C000013
:1093B0005050492C000000005245424F4F542C00A1
:1093C00053532C005345442C000000005254432CAE
:1093D0000000000043414E2C000000005B46495253
:1093E0004D574152453A6772626C48414C5D0D0AD7
:1093F000000000005B5349474E414C533A000000C7
:109400005B4E56532053544F524147453A0000009B
:109410002A0000004B0000005B46524545204D45A8
:109420004D4F52593A0000004B5D0D0A00000000FC
:109430005B4452495645523A000000005B44524991
:109440005645522056455253494F4E3A00000000AF
:109450005B445249564552204F5054494F4E533A5F
:10946000000000005B424F4152443A005B4D4158BE
:10947000205354455020524154453A0020487A5DCB
:109480000D0A00005B41555820494F3A000000008A
:109490007C4D506F733A00007C57506F733A000058
:1094A0007C41523A000000007C4152007C4D504704
:1094B0003A3100007C4D50473A3000007C443A314C
:1094C000000000007C443A30000000003C00000036
:1094D00049646C650000000052756E003A3200006D
:1094E000486F6C643A0000004A6F6700486F6D6512
:1094F00000000000416C61726D3A0000416C6172C5
:109500006D000000436865636B000000446F6F727C
:109510003A000000536C656570000000546F6F6C7A
:10952000000000007C42663A000000007C4C6E3A6D
:10953000000000007C4454473A0000007C46533A47
:10954000000000007C463A007C506E3A00000000AB
:109550007C57434F3A0000007C5743533A000000C9
:109560007C4F763A000000007C53633A0000000014
:109570007C483A007C543A007C503A007C544C526F
:109580003A0000007C496E3A000000007C496E3AC7
:109590002D3100007C46573A6772626C48414C009E
:1095A0007C24433A310000003E0D0A005B534554D1
:1095B00054494E4744455343523A000022416C619E
:1095C000726D20436F646520696E2076312E312BD9
:1095D000222C2220416C61726D204D65737361678E
:1095E0006520696E2076312E302D222C2220416C90
:1095F00061726D204465736372697074696F6E2265
:109600000D0A0000224572726F7220436F6465205C
:10961000696E2076312E312B222C224572726F72A8
:10962000204D65737361676520696E2076312E3039
:109630002D222C224572726F722044657363726909
:109640007074696F6E220D0A0000000048656C702E
:1096500020746F706963733A0D0A000020436F6DC8
:109660006D616E64730D0A002053657474696E67D2
:10967000730D0A00434F4D4D414E4453000000000E
:1096800053455454494E4753000000000D0A4E2FD5
:10969000410D0A005B4C4153544556454E54533AD4
:1096A000000000005B4C494D4954533A0000000053
:1096B0003A4800003A4C00005B484F4D45533A0091
:1096C0005B5350494E444C45454E434F4445523AF6
:1096D000000000005B5254433A00000054000000B8
:1096E0004E6F207370696E646C6573207265676974
:1096F0007374657265642E0D0A0000005B4D4F5453
:109700004F525741524E494E473A00005B4D4F541D
:109710004F524641554C543A00000000550000009D
:109720004600000043000000450000004C0000001F
:10973000312E3500302E35002A2A2A2A2A2A2A2AB2
:1097400000000000696478203C204E5F5354415271
:109750005455505F4C494E45000000002F686F6D16
:10976000652F72756E6E65722F776F726B2F6772D1
:10977000626C68616C2D6C732D6C617365722F6700
:1097800072626C68616C2D6C732D6C617365722FE5
:109790007372632F6772626C2F73657474696E677E
:1097A000732E63006964203C3D204E5F436F6F72EF
:1097B00064696E61746553797374656D730000003C
:1097C0002C4E2F4100000000537465702070756CA2
:1097D0007365206C656E67746820696E206D6963BF
:1097E000726F7365636F6E64732E5C6E4D696E6924
:1097F0006D756D20646570656E6473206F6E207486
:1098000068652070726F636573736F7220616E6438
:10981000206973207479706963616C6C7920696E5A
:10982000207468652072616E6765206F6620312044
:109830002D20322E352E5C6E5C6E546865206C6572
:109840006E6774682068617320746F20626520728F
:109850006564756365642066726F6D207468652049
:1098600064656661756C742076616C7565206F66E1
:109870002035207768656E206D61782E20737465C1
:10988000702072617465206578636565642061701D
:1098900070726F78696D6174656C79203134302035
:1098A0006B487A2E000000005365747320612073AA
:1098B000686F727420686F6C642064656C617920D5
:1098C0007768656E2073746F7070696E6720746F4F
:1098D000206C65742064796E616D696373207365B3
:1098E00074746C65206265666F726520646973616B
:1098F000626C696E672073746570706572732E2078
:1099000056616C756520323535206B656570732046
:109910006D6F746F727320656E61626C65642E008A
:10992000496E76657274732074686520737465700F
:10993000207369676E616C73202861637469766552
:10994000206C6F77292E0000496E76657274732043
:1099500074686520646972656374696F6E207369E9
:10996000676E616C732028616374697665206C6F23
:1099700077292E00496E76657274732074686520AD
:1099800073746570706572206472697665722065A3
:109990006E61626C65207369676E616C732E204D19
:1099A0006F73742064726976657273207573657362
:1099B00020616374697665206C6F7720656E6162E3
:1099C0006C6520726571756972696E6720696E7663
:1099D000657273696F6E2E5C6E5C6E4E4F54453AC5
:1099E0002049662074686520737465707065722004
:1099F000647269766572732073686172657320742E
:109A000068652073616D6520656E61626C652073A9
:109A100069676E616C206F6E6C79205820697320C5
:109A2000757365642E000000496E7665727473204C
:109A30007468652061786973206C696D6974206948
:109A40006E707574207369676E616C732E00000010
:109A5000496E7665727473207468652070726F62E7
:109A60006520696E707574207369676E616C287308
:109A7000292E0000456E61626C6520636F6E747202
:109A80006F6C732050574D206F7574707574206122
:109A90007661696C6162696C6974792E5C6E576875
:109AA000656E206052504D20636F6E74726F6C73E0
:109AB000207370696E646C6520656E61626C6520F0
:109AC0007369676E616C6020697320636865636B9E
:109AD000656420616E64204D33206F72204D342008
:109AE00069732061637469766520533020737769E8
:109AF0007463686573206974206F666620616E64A4
:109B00002053203E2030207377697463686573208A
:109B10006974206F6E2E0000496E76657274732032
:109B200074686520646972656374696F6E20736917
:109B3000676E616C7320666F722074686520736550
:109B4000636F6E64206D6F746F722075736564202F
:109B5000666F722067616E67656420617865732E39
:109B60005C6E5C6E4E4F54453A20546869732069B0
:109B70006E76657273696F6E2077696C6C206265B2
:109B8000206170706C69656420696E20616464692D
:109B900074696F6E20746F2074686520696E7665D5
:109BA0007273696F6E2066726F6D2073657474696D
:109BB0006E672024332E0000537065636966696503
:109BC00073206F7074696F6E616C206461746120C2
:109BD000696E636C7564656420696E20737461746A
:109BE0007573207265706F72747320616E64206982
:109BF00066207265706F72742069732073656E746D
:109C0000207768656E20686F6D696E672E5C6E499F
:109C1000662052756E20737562737461747573205B
:109C2000697320656E61626C6564206974206D6182
:109C300079206265207573656420666F7220736990
:109C40006D706C652070726F62652070726F7465E4
:109C50006374696F6E2E5C6E5C6E4E4F54453A2095
:109C60005061727365722073746174652077696CDA
:109C70006C2062652073656E74207365706172611B
:109C800074656C79206166746572207468652073F0
:109C90007461747573207265706F727420616E6484
:109CA000206F6E6C79206F6E206368616E676573DC
:109CB0002E0000005365747320686F77206661730F
:109CC00074206772626C48414C2074726176656CD6
:109CD00073207468726F75676820636F6E73656355
:109CE0007574697665206D6F74696F6E732E204C84
:109CF0006F7765722076616C756520736C6F777312
:109D000020697420646F776E2E00000053657473B1
:109D10002074686520473220616E642047332061DB
:109D200072632074726163696E6720616363757228
:109D3000616379206261736564206F6E2072616473
:109D400069616C206572726F722E20426577617254
:109D5000653A2041207665727920736D616C6C20C4
:109D600076616C7565206D617920656666656374E2
:109D700020706572666F726D616E63652E00000003
:109D8000456E61626C657320696E636820756E69EB
:109D90007473207768656E2072657475726E696E73
:109DA0006720616E7920706F736974696F6E2061CE
:109DB0006E6420726174652076616C7565207468CC
:109DC0006174206973206E6F7420612073657474F0
:109DD000696E67732076616C75652E00496E7665D5
:109DE0007274732074686520636F6E74726F6C2078
:109DF0007369676E616C732028616374697665208E
:109E00006C6F77292E5C6E4E4F54453A20426C6F32
:109E1000636B2064656C6574652C204F7074696F8A
:109E20006E616C2073746F702C204553746F7020BA
:109E3000616E642050726F626520636F6E6E656341
:109E400074656420617265206F7074696F6E616CF7
:109E5000207369676E616C732C20617661696C6137
:109E600062696C69747920697320647269766572BD
:109E700020646570656E64656E742E00496E76654B
:109E80007274732074686520636F6F6C616E7420E8
:109E9000616E64206D697374207369676E616C73A1
:109EA0002028616374697665206C6F77292E000025
:109EB000496E766572747320746865207370696E7C
:109EC000646C65206F6E2C20636F756E74657263B1
:109ED0006C6F636B7769736520616E642050574DBA
:109EE000207369676E616C7320286163746976659D
:109EF000206C6F77292E000044697361626C6520C5
:109F000074686520636F6E74726F6C207369676E1E
:109F1000616C732070756C6C7570207265736973F9
:109F2000746F72732E20506F74656E7469616C6CFF
:109F30007920656E61626C65732070756C6C646FFE
:109F4000776E207265736973746F72206966206121
:109F50007661696C61626C652E5C6E4E4F54453A59
:109F600020426C6F636B2064656C6574652C204FB8
:109F70007074696F6E616C2073746F7020616E64B1
:109F8000204553746F7020617265206F7074696F23
:109F90006E616C207369676E616C732C20617661F1
:109FA000696C6162696C6974792069732064726993
:109FB00076657220646570656E64656E742E00004F
:109FC00044697361626C6520746865206C696D69B1
:109FD00074207369676E616C732070756C6C75703A
:109FE000207265736973746F72732E20506F74657D
:109FF0006E7469616C6C7920656E61626C6573204A
:10A0000070756C6C646F776E207265736973746FB2
:10A01000727320696620617661696C61626C652E7D
:10A020000000000044697361626C652074686520FB
:10A0300070726F6265207369676E616C2070756CF9
:10A040006C7570207265736973746F722873292E32
:10A0500020506F74656E7469616C6C7920656E61F7
:10A06000626C65732070756C6C646F776E207265BE
:10A07000736973746F722873292069662061766131
:10A08000696C61626C652E00456E61626C6573205F
:10A09000736F6674206C696D69747320636865639F
:10A0A0006B732077697468696E206D616368696E8F
:10A0B000652074726176656C20616E6420736574CE
:10A0C0007320616C61726D207768656E20657863BE
:10A0D00065656465642E20526571756972657320CB
:10A0E000686F6D696E672E005768656E20656E61DA
:10A0F000626C656420696D6D6564696174656C7915
:10A100002068616C7473206D6F74696F6E20616E6E
:10A1100064207468726F777320616E20616C617265
:10A120006D207768656E2061206C696D697420739D
:10A1300077697463682069732074726967676572F0
:10A1400065642E20496E20737472696374206D6F8C
:10A150006465206F6E6C7920686F6D696E67206929
:10A160007320706F737369626C65207768656E2009
:10A17000612073776974636820697320656E676115
:10A180006765642E00000000456E61626C65732097
:10A19000686F6D696E67206379636C652E20526508
:10A1A000717569726573206C696D69742073776964
:10A1B0007463686573206F6E206178657320746FB7
:10A1C000206265206175746F6D61746963616C6C88
:10A1D0007920686F6D65642E5C6E5C6E5768656E85
:10A1E0002060456E61626C652073696E676C6520E6
:10A1F0006178697320636F6D6D616E64736020694F
:10A200007320636865636B65642C2073696E676C8B
:10A2100065206178697320686F6D696E672063617E
:10A220006E20626520706572666F726D6564206273
:10A23000792024483C61786973206C657474657278
:10A240003E20636F6D6D616E64732E5C6E5C6E5745
:10A2500068656E2060416C6C6F77206D616E756112
:10A260006C6020697320636865636B65642C206192
:10A27000786573206E6F7420686F6D6564206175FA
:10A28000746F6D61746963616C6C79206D617920A4
:10A29000626520686F6D6564206D616E75616C6CC0
:10A2A00079206279202448206F722024483C61780C
:10A2B0006973206C65747465723E20636F6D6D61A7
:10A2C0006E64732E5C6E5C6E604F7665727269644C
:10A2D00065206C6F636B736020697320666F7220FA
:10A2E000616C6C6F77696E67206120736F66742094
:10A2F000726573657420746F2064697361626C6544
:10A300002060486F6D696E67206F6E207374617294
:10A31000747570207265717569726564602E0000D5
:10A32000486F6D696E67207365617263686573203D
:10A33000666F7220612073776974636820696E208C
:10A3400074686520706F73697469766520646972DA
:10A35000656374696F6E2E2053657420617869732C
:10A360002062697420746F2073656172636820696C
:10A370006E206E65676174697665206469726563D5
:10A3800074696F6E2E00000046656564207261740A
:10A390006520746F20736C6F776C7920656E6761D0
:10A3A0006765206C696D69742073776974636820D0
:10A3B000746F2064657465726D696E65206974736D
:10A3C000206C6F636174696F6E2061636375726185
:10A3D00074656C792E0000005365656B20726174A2
:10A3E0006520746F20717569636B6C792066696E86
:10A3F0006420746865206C696D6974207377697472
:10A400006368206265666F72652074686520736C8E
:10A410006F776572206C6F636174696E6720706816
:10A420006173652E00000000536574732061207312
:10A43000686F72742064656C6179206265747765F9
:10A44000656E20706861736573206F6620686F6D3C
:10A45000696E67206379636C6520746F206C657426
:10A46000206120737769746368206465626F756E1C
:10A4700063652E005265747261637420646973743D
:10A48000616E6365206166746572207472696767C6
:10A490006572696E672073776974636820746F20D2
:10A4A000646973656E676167652069742E20486F03
:10A4B0006D696E672077696C6C206661696C2069D4
:10A4C00066207377697463682069736E27742063EC
:10A4D0006C65617265642E00473733207265747253
:10A4E0006163742064697374616E63652028666FAC
:10A4F00072206368697020627265616B696E6720A3
:10A500006472696C6C696E67292E00005374657003
:10A510002070756C73652064656C61792E5C6E5C6F
:10A520006E5768656E20736574203E203020616E22
:10A5300064206C657373207468616E2032207468C7
:10A54000652076616C756520697320726F756E6425
:10A55000656420757020746F2032206D6963726F9E
:10A560007365636F6E64732E000000004D6178693F
:10A570006D756D207370696E646C652073706565B0
:10A58000642C2063616E206265206F76657272694B
:10A590006464656E206279207370696E646C6520F6
:10A5A000706C7567696E732E000000004D696E69EE
:10A5B0006D756D207370696E646C65207370656570
:10A5C000642C2063616E206265206F76657272690B
:10A5D0006464656E206279207370696E646C6520B6
:10A5E000706C7567696E732E5C6E5C6E5768656E15
:10A5F00020736574203E20302024333520285057A6
:10A600004D206D696E2076616C756529206D6179CC
:10A61000206861766520746F206265207365742000
:10A62000746F206765742074686520636F6E666957
:10A6300067757265642052504D2E00004C61736541
:10A6400072206D6F64653A20636F6E736563757415
:10A650006976652047312F322F3320636F6D6D612E
:10A660006E64732077696C6C206E6F742068616C07
:10A6700074207768656E207370696E646C652073F2
:10A6800070656564206973206368616E6765642E18
:10A690005C6E4C61746865206D6F64653A20616C16
:10A6A0006C6F777320757365206F662047372C2099
:10A6B00047382C2047393620616E64204739372EC1
:10A6C000000000005370696E646C652050574D2087
:10A6D0006672657175656E63792E00005370696EE0
:10A6E000646C652050574D206F66662076616C75EE
:10A6F0006520696E2070657263656E7420286475CC
:10A700007479206379636C65292E00005370696E3B
:10A71000646C652050574D206D696E2076616C75B4
:10A720006520696E2070657263656E74202864759B
:10A730007479206379636C65292E00005370696E0B
:10A74000646C652050574D206D61782076616C7582
:10A750006520696E2070657263656E74202864756B
:10A760007479206379636C65292E000053706563EA
:10A7700069666965732077686963682073746570BA
:10A7800070657273206E6F7420746F2064697361DA
:10A79000626C65207768656E2073746F7070656495
:10A7A0002E0000005370696E646C6520656E636FE7
:10A7B0006465722070756C736573207065722072A9
:10A7C00065766F6C7574696F6E2E0000456E616200
:10A7D0006C657320226E6F726D616C222070726FD7
:10A7E00063657373696E67206F66203F2C2021209C
:10A7F000616E64207E206368617261637465727348
:10A80000207768656E2070617274206F6620242D39
:10A8100073657474696E67206F7220636F6D6D6508
:10A820006E742E2049662064697361626C656420D1
:10A830007468656E20746865792061726520616452
:10A8400064656420746F2074686520696E70757427
:10A8500020737472696E6720696E73746561642E0B
:10A86000000000004C696D6974206A6F6720636F97
:10A870006D6D616E647320746F206D616368696EC5
:10A880006520776F726B737061636520666F7220ED
:10A89000686F6D656420617865732E00456E616236
:10A8A0006C6573207061726B696E67206379636C8D
:10A8B000652C207265717569726573207061726BA9
:10A8C000696E67206178697320686F6D65642E001A
:10A8D000446566696E652077686963682061786998
:10A8E00073207468617420706572666F726D732076
:10A8F000746865207061726B696E67206D6F746932
:10A900006F6E2E004E756D626572206F6620686FE7
:10A910006D696E67207061737365732E204D696E6B
:10A92000696D756D20312C206D6178696D756D20B4
:10A930003132382E000000004178657320746F209A
:10A94000686F6D6520696E20666972737420706827
:10A950006173652E000000004178657320746F20DC
:10A96000686F6D6520696E207365636F6E6420701B
:10A97000686173652E0000004178657320746F2054
:10A98000686F6D6520696E207468697264207068F4
:10A990006173652E0000000053746570206A6F6754
:10A9A00067696E6720737065656420696E206D69E4
:10A9B0006C6C696D657465727320706572206D6969
:10A9C0006E7574652E000000536C6F77206A6F6798
:10A9D00067696E6720737065656420696E206D69B4
:10A9E0006C6C696D657465727320706572206D6939
:10A9F0006E7574652E00000046617374206A6F677F
:10AA000067696E6720737065656420696E206D6983
:10AA10006C6C696D657465727320706572206D6908
:10AA20006E7574652E0000004A6F67206469737448
:10AA3000616E636520666F722073696E676C652056
:10AA400073746570206A6F6767696E672E00000017
:10AA50004A6F672064697374616E6365206265661E
:10AA60006F7265206175746F6D61746963207374B2
:10AA70006F702E005370696E646C652070756C6C1D
:10AA80002D6F757420616E6420706C756E67652023
:10AA900064697374616E636520696E206D6D2E4903
:10AAA0006E6372656D656E74616C20646973746148
:10AAB0006E63652E000000005370696E646C652043
:10AAC00070756C6C2D6F75742F706C756E6765206A
:10AAD000736C6F77206665656420726174652069A8
:10AAE0006E206D6D2F6D696E2E0000005061726BCF
:10AAF000696E672061786973207461726765742E6E
:10AB000020496E206D6D2C206173206D6163686932
:10AB10006E6520636F6F7264696E617465205B2D72
:10AB20006D61785F74726176656C2C20305D2E00EB
:10AB30005061726B696E6720666173742072617414
:10AB40006520746F20746172676574206166746536
:10AB5000722070756C6C2D6F757420696E206D6D30
:10AB60002F6D696E2E000000526573746F72652040
:10AB70006F766572726964657320746F20646566B0
:10AB800061756C742076616C7565732061742070DA
:10AB9000726F6772616D20656E642E0049676E6F1B
:10ABA0007265207768656E2069646C653A20646917
:10ABB0007372656761726420646F6F722073696776
:10ABC0006E616C20696E2049444C45207374617439
:10ABD0006520746F20616C6C6F77206A6F6767699E
:10ABE0006E67206574632E20417661696C61626CCA
:10ABF00065207768656E20636F6E74726F6C6C652C
:10AC0000722068617320646F6F7220696E70757452
:10AC10002E0A4B65657020636F6F6C616E742073D4
:10AC200074617465206F6E206F70656E3A20646F7A
:10AC3000206E6F74207475726E206F666620636F6D
:10AC40006F6C616E74206966206F6E2E00000000CC
:10AC5000456E61626C6520736C656570206D6F6414
:10AC6000652E0000416374696F6E732074616B65BB
:10AC70006E20647572696E67206665656420686F12
:10AC80006C6420616E64206F6E20726573756D65F3
:10AC90002066726F6D206665656420686F6C642E37
:10ACA00000000000537461727420696E20616C6151
:10ACB000726D206D6F64652061667465722061201D
:10ACC000636F6C642072657365742E00416C6C6FE9
:10ACD000772066656564206F7665727269646520A9
:10ACE000647572696E672070726F62696E67206149
:10ACF0006E642F6F72206C696D69742070726F6260
:10AD0000696E6720636F6D6D616E647320746F2070
:10AD10006D616368696E6520776F726B73706163D4
:10AD20006520666F7220686F6D6564206178657359
:10AD30002E0000005370696E646C652073796E6339
:10AD400020504944206D617820696E746567726196
:10AD5000746F72206572726F722E00005472617689
:10AD6000656C207265736F6C7574696F6E20696EA7
:10AD700020737465707320706572206D696C6C69E6
:10AD80006D657465722E000054726176656C207278
:10AD900065736F6C7574696F6E20696E207374656E
:10ADA000707320706572206465677265652E00009F
:10ADB0004D6178696D756D20726174652E205573D3
:10ADC000656420617320473020726170696420726D
:10ADD0006174652E00000000416363656C657261FB
:10ADE00074696F6E2E205573656420666F72206DD6
:10ADF0006F74696F6E20706C616E6E696E6720741F
:10AE00006F206E6F7420657863656564206D6F7464
:10AE10006F7220746F7271756520616E64206C6F43
:10AE200073652073746570732E0000004D6178693E
:10AE30006D756D20617869732074726176656C2020
:10AE400064697374616E63652066726F6D20686FEC
:10AE50006D696E67207377697463682E204465742A
:10AE600065726D696E65732076616C6964206D61D1
:10AE70006368696E6520737061636520666F722018
:10AE8000736F66742D6C696D69747320616E6420D4
:10AE9000686F6D696E6720736561726368206469AD
:10AEA0007374616E6365732E000000004261636B12
:10AEB0006C6173682064697374616E636520746F7C
:10AEC00020636F6D70656E7361746520666F722E9E
:10AED000000000004F6666736574206265747765D4
:10AEE000656E20736964657320746F20636F6D7085
:10AEF000656E7361746520666F7220686F6D696E30
:10AF00006720737769746368657320696E61636332
:10AF1000757261636965732E000000005370696E7D
:10AF2000646C6520617420737065656420746F6C57
:10AF30006572616E63652061732070657263656E12
:10AF40007461676520646576696174696F6E2066F7
:10AF5000726F6D2070726F6772616D6D65642073C2
:10AF6000706565642C2073657420746F20302074C4
:10AF70006F2064697361626C652E5C6E4966206E39
:10AF80006F742077697468696E20746F6C65726184
:10AF90006E63652061667465722074696D656F7596
:10AFA0007420736574206279207370696E646C65B7
:10AFB000206F6E2064656C61792028243339342930
:10AFC00020616C61726D2031342069732072616977
:10AFD0007365642E5C6E4E4F54453A20696620744A
:10AFE0006865207370696E646C65206F6E2064659F
:10AFF0006C61792069732073657420746F20302030
:10B000007468652074696D656F7574206465666128
:10B01000756C747320746F206F6E65206D696E752A
:10B0200074652E004E6F726D616C3A20616C6C6FAE
:10B030007773206A6F6767696E6720666F72206D2D
:10B04000616E75616C20746F756368206F66662E23
:10B0500020536574206E657720706F736974696F13
:10B060006E206D616E75616C6C792E5C6E5C6E4DE0
:10B07000616E75616C20746F756368206F66663AE7
:10B080002072617069647320746F20746F6F6C201C
:10B090006368616E676520706F736974696F6E2C89
:10B0A00020757365206A6F6767696E67206F72200D
:10B0B0002454505720666F7220746F756368206F38
:10B0C00066662E5C6E5C6E4D616E75616C20746F91
:10B0D000756368206F66662040204735392E333A05
:10B0E0002072617069647320746F20746F6F6C20BC
:10B0F0006368616E676520706F736974696F6E2C29
:10B10000206166746572206368616E676520746F84
:10B11000204735392E3320706F736974696F6E2044
:10B12000666F72206D616E75616C20746F756368F7
:10B13000206F66662E20557365206A6F6767696E9B
:10B1400067206F72202454505720666F7220746FEE
:10B15000756368206F66662E5C6E5C6E4175746FF9
:10B160006D6174696320746F756368206F66662013
:10B1700040204735392E333A20726170696473205C
:10B18000746F20746F6F6C206368616E67652070E8
:10B190006F736974696F6E2C2061667465722063C9
:10B1A00068616E676520746F204735392E332070D3
:10B1B0006F736974696F6E20666F72206175746F4A
:10B1C0006D6174696320746F756368206F66662EA5
:10B1D0005C6E5C6E446570656E64696E67206F6E50
:10B1E0002073657474696E67732074686520746F6A
:10B1F0006F6C2028636F6E74726F6C6C6564207066
:10B200006F696E74292077696C6C206265206D6FA0
:10B21000766564206261636B20746F2074686520BA
:10B22000746F206F726967696E616C20706F7369EB
:10B2300074696F6E20616674657220746F756368DF
:10B24000206F66662E2022746F6F6C206368616EBB
:10B25000676520706F736974696F6E22206973204F
:10B2600065697468657220746F6F6C2061786973AA
:10B2700020686F6D652C204735392E33206F722082
:10B2800047333020706F736974696F6E2064657026
:10B29000656E64696E67206F6E2073657474696E85
:10B2A00067732E004D6178696D756D2070726F62E5
:10B2B000696E672064697374616E636520666F727E
:10B2C000206175746F6D61746963206F72202454FE
:10B2D000505720746F756368206F66662E000000FB
:10B2E00046656564207261746520746F20736C6FAD
:10B2F000776C7920656E6761676520746F6F6C206D
:10B300006368616E67652073656E736F7220746F1A
:10B310002064657465726D696E652074686520745B
:10B320006F6F6C206F6666736574206163637572FE
:10B330006174656C792E00005365656B20726174D1
:10B340006520746F20717569636B6C792066696E16
:10B35000642074686520746F6F6C206368616E6729
:10B36000652073656E736F72206265666F7265200B
:10B3700074686520736C6F776572206C6F6361749D
:10B38000696E672070686173652E000050756C6C83
:10B390002D6F6666207261746520666F7220746816
:10B3A000652072657472616374206D6F76652062CA
:10B3B00065666F72652074686520736C6F7765725F
:10B3C000206C6F636174696E672070686173652EAD
:10B3D00000000000526573746F726520706F7369AE
:10B3E00074696F6E206166746572204D363A2077FD
:10B3F00068656E2073657420746865207370696E6B
:10B40000646C65206973206D6F76656420736F20AE
:10B41000746861742074686520636F6E74726F6CF9
:10B420006C656420706F696E742028746F6F6C2077
:10B4300074697029206973207468652073616D6573
:10B44000206173206265666F726520746865204DA7
:10B450003620636F6D6D616E642C6966206E6F744B
:10B4600020746865207370696E646C652069732050
:10B470006F6E6C79206D6F76656420746F207468D0
:10B4800065205A20686F6D6520706F736974696FED
:10B490006E2E5C6E5C6E4368616E676520746F6FC4
:10B4A0006C206174204733303A207768656E2073D2
:10B4B00065742072617069647320746F20746865AC
:10B4C0002047333020706F736974696F6E2076691E
:10B4D0006120746F6F6C206178697320686F6D658F
:10B4E0002E205265717569726573206178657320CD
:10B4F000746F20626520686F6D65642E5C6E5C6E93
:10B50000466173742070726F62652070756C6C6F29
:10B5100066663A20757365204733382E342073747D
:10B52000796C652070726F62696E6720666F722039
:10B5300066617374657220746F756368206F6666E8
:10B540002E0000004475616C2061786973206C6581
:10B550006E677468206661696C20696E2070657220
:10B5600063656E74206F662061786973206D617801
:10B570002074726176656C2E000000004475616C69
:10B580002061786973206C656E67746820666169F4
:10B590006C206D696E696D756D2064697374616E80
:10B5A00063652E004475616C2061786973206C6559
:10B5B0006E677468206661696C206D6178696D756D
:10B5C0006D2064697374616E63652E0044697361F4
:10B5D000626C657320736176652F726573746F7228
:10B5E00065206F6620473932206F66667365742068
:10B5F000746F206E6F6E2D766F6C6174696C652050
:10B6000073746F7261676520284E5653292E0000AF
:10B6100044656C617920746F20616C6C6F77207366
:10B6200070696E646C6520746F207370696E20752C
:10B630007020616674657220736166657479206438
:10B640006F6F7220697320636C6F736564206F7213
:10B65000206F6E20726573756D652066726F6D2048
:10B660007061726B2E00000044656C617920746F0C
:10B6700020616C6C6F7720636F6F6C616E742074E7
:10B680006F207265737461727420616674657220D4
:10B6900073616665747920646F6F722069732063CB
:10B6A0006C6F736564206F72206F6E2072657375A6
:10B6B0006D652066726F6D207061726B2E000000E8
:10B6C00044656C617920746F20616C6C6F772073B6
:10B6D00070696E646C6520746F207370696E20757C
:10B6E000702E2030206F7220302E35202D203230E9
:10B6F000735C6E4966207370696E646C6520737547
:10B7000070706F7274732022617420737065656449
:10B71000222066756E6374696F6E616C697479203E
:10B720006974206973207468652074696D6520747C
:10B730006F2077616974206265666F726520616C45
:10B7400061726D20313420697320726169736564A0
:10B750002E0000005370696E646C652073656C6523
:10B7600063746564206F6E20737461727475702EDB
:10B77000000000004E756D626572206F6620626C7D
:10B780006F636B7320696E2074686520706C616EE6
:10B790006E6572206275666665722E00496E74650C
:10B7A0007276616C20746865207265616C207469C2
:10B7B0006D65207265706F72742077696C6C2062A1
:10B7C000652073656E742C2073657420746F20304F
:10B7D00020746F2064697361626C652E0000000044
:10B7E0004F666673657420696E20686F757273208A
:10B7F00066726F6D205554432E0000004966207319
:10B80000657420756E6C6F636B2028627920736598
:10B810006E64696E672024582920697320726571EF
:10B8200075697265642061667465722072657365FE
:10B830007474696E67206120636C65617265642051
:10B84000452D53746F7020636F6E646974696F6EF9
:10B850002E0000004C6F636B20636F6F7264696E23
:10B860006174652073797374656D732061676169B4
:10B870006E7374206163636964656E74616C2063C8
:10B8800068616E6765732E0044656C617920746F22
:10B8900020616C6C6F77207370696E646C652074C6
:10B8A0006F207370696E20646F776E2E2030206F6A
:10B8B0007220302E35202D203230735C6E49662088
:10B8C0007370696E646C6520737570706F727473D9
:10B8D00020226174207370656564222066756E6332
:10B8E00074696F6E616C6974792069742069732062
:10B8F0007468652074696D6520746F207761697460
:10B90000206265666F726520616C61726D203134F2
:10B91000206973207261697365642E0053706563DA
:10B920006966696573207768696368207370696EFA
:10B93000646C65206861732074686520656E636F50
:10B940006465722061747461636865642E00000030
:10B950004175746F206D6F756E7420534420636160
:10B960007264206F6E20737461727475702E0000A3
:10B97000496E7665727473207468652061786973A6
:10B9800020686F6D6520696E707574207369676ECD
:10B99000616C732E0000000044656C617920746F47
:10B9A00020616C6C6F7720636F6F6C616E742074B4
:10B9B0006F2073746172742E2030206F7220302ECD
:10B9C00035202D203230732E00000000436F6E743E
:10B9D000726F6C7320616374696F6E732074616B36
:10B9E000656E206F6E206120736F667420726573C0
:10B9F00065742E0044656C61792066726F6D2073EA
:10BA000074657070657220656E61626C6520746F1C
:10BA10002066697273742073746570206F7574701A
:10BA200075742E205468652064726976657220747E
:10BA300079706963616C6C792061646473207E3213
:10BA40006D7320746F20746869732E005374657071
:10BA50002070756C73652074696D65006D69637223
:10BA60006F7365636F6E64730000000053746570DC
:10BA70002069646C652064656C6179006D696C6C2B
:10BA8000697365636F6E64730000000023232323D2
:10BA900030000000363535333500000053746570D2
:10BAA0002070756C736520696E7665727400000095
:10BAB0005374657020646972656374696F6E206980
:10BAC0006E76657274000000496E7665727420733C
:10BAD00074657070657220656E61626C65206F754B
:10BAE0007470757428732900496E76657274206CC1
:10BAF000696D697420696E7075747300496E76653E
:10BB000072742070726F626520696E707574730054
:10BB100044657072656361746564000047616E67B7
:10BB20006564206178657320646972656374696F08
:10BB30006E20696E766572740000000050574D20CB
:10BB40007370696E646C65206F7074696F6E7300DA
:10BB5000456E61626C652C52504D20636F6E74723D
:10BB60006F6C73207370696E646C6520656E6162C2
:10BB70006C65207369676E616C2C44697361626CDB
:10BB800065206C61736572206D6F64652063617000
:10BB90006162696C697479005374617475732072A1
:10BBA00065706F7274206F7074696F6E730000003F
:10BBB000506F736974696F6E20696E206D61636880
:10BBC000696E6520636F6F7264696E6174652C4283
:10BBD00075666665722073746174652C4C696E6558
:10BBE000206E756D626572732C4665656420262033
:10BBF00073706565642C50696E2073746174652C74
:10BC0000576F726B20636F6F7264696E6174652029
:10BC10006F66667365742C4F7665727269646573BE
:10BC20002C50726F626520636F6F7264696E61740D
:10BC300065732C4275666665722073796E63206F3A
:10BC40006E2057434F206368616E67652C506172A8
:10BC50007365722073746174652C416C61726D2020
:10BC60007375627374617475732C52756E2073757D
:10BC7000627374617475732C456E61626C652077B4
:10BC800068656E20686F6D696E672C4469737461B6
:10BC90006E63652D746F2D676F0000004A756E63CB
:10BCA00074696F6E20646576696174696F6E0000F7
:10BCB0006D6D00002323232323302E30303000000D
:10BCC00041726320746F6C6572616E636500000081
:10BCD0005265706F727420696E20696E6368657357
:10BCE00000000000496E7665727420636F6E747296
:10BCF0006F6C20696E70757473000000496E766514
:10BD0000727420636F6F6C616E74206F75747075E0
:10BD100074730000496E76657274207370696E6486
:10BD20006C65207369676E616C73000050756C6C94
:10BD300075702064697361626C6520636F6E7472E4
:10BD40006F6C20696E7075747300000050756C6CB8
:10BD500075702064697361626C65206C696D6974CB
:10BD600020696E707574730050756C6C757020640A
:10BD7000697361626C652070726F626520696E70B4
:10BD800075747300536F6674206C696D69747320E9
:10BD9000656E61626C65000048617264206C696D5B
:10BDA00069747320656E61626C650000456E616246
:10BDB0006C652C537472696374206D6F6465000048
:10BDC000486F6D696E67206379636C6500000000E1
:10BDD000486F6D696E6720646972656374696F6E20
:10BDE00020696E7665727400486F6D696E67206CAD
:10BDF0006F636174652066656564207261746500B7
:10BE00006D6D2F6D696E00002323232323302E30A8
:10BE100000000000486F6D696E6720736561726392
:10BE200068207365656B207261746500486F6D6989
:10BE30006E6720737769746368206465626F756EDE
:10BE400063652064656C6179000000002323300085
:10BE5000486F6D696E6720737769746368207075C9
:10BE60006C6C2D6F66662064697374616E63650027
:10BE70004737332052657472616374206469737448
:10BE8000616E63650000000050756C736520646529
:10BE90006C6179004D6178696D756D207370696EA4
:10BEA000646C6520737065656400000052504D003D
:10BEB0004D696E696D756D207370696E646C652077
:10BEC00073706565640000004D6F6465206F6620C7
:10BED0006F7065726174696F6E0000004E6F726DF5
:10BEE000616C2C4C61736572206D6F64652C4C61C4
:10BEF000746865206D6F6465000000005370696EA2
:10BF0000646C652050574D206672657175656E636F
:10BF100079000000487A0000232323232330000007
:10BF20005370696E646C652050574D206F666620B3
:10BF300076616C756500000070657263656E7400F3
:10BF40002323302E30000000313030005370696EF2
:10BF5000646C652050574D206D696E2076616C755C
:10BF6000650000005370696E646C652050574D2069
:10BF70006D61782076616C756500000053746570A2
:10BF80007065727320746F206B65657020656E61DB
:10BF9000626C6564000000005370696E646C65201B
:10BFA00070756C73657320706572207265766F6C46
:10BFB0007574696F6E202850505229002323233056
:10BFC00000000000456E61626C65206C656761630E
:10BFD0007920525420636F6D6D616E6473000000B0
:10BFE0004C696D6974206A6F6720636F6D6D616E57
:10BFF000647300005061726B696E67206379636CD3
:10C0000065000000456E61626C652C446561637477
:10C0100069766174652075706F6E20696E69742C25
:10C02000456E61626C65207061726B696E67206F2E
:10C030007665727269646520636F6E74726F6C00EE
:10C040005061726B696E672061786973000000004F
:10C05000582C592C5A000000486F6D696E6720708B
:10C060006173736573000000313238004178657385
:10C0700020686F6D696E672C20666972737420701A
:10C0800068617365000000004178657320686F6D1A
:10C09000696E672C207365636F6E642070686173CE
:10C0A000650000004178657320686F6D696E672CCC
:10C0B0002074686972642070686173650000000014
:10C0C0005061726B696E672070756C6C2D6F757442
:10C0D0002064697374616E6365000000232323305C
:10C0E0002E3000005061726B696E672070756C6C49
:10C0F0002D6F757420726174650000005061726B61
:10C10000696E672074617267657400002D232323B4
:10C11000302E30002D313030303030005061726BB5
:10C12000696E672066617374207261746500000037
:10C13000526573746F7265206F766572726964659B
:10C140007300000053616665747920646F6F72201C
:10C150006F7074696F6E7300536C65657020656EE7
:10C1600061626C65000000004665656420686F6C64
:10C170006420616374696F6E7300000044697361C9
:10C18000626C65206C6173657220647572696E679C
:10C1900020686F6C642C526573746F7265207370C5
:10C1A000696E646C6520616E6420636F6F6C616E94
:10C1B00074207374617465206F6E20726573756D81
:10C1C00065000000466F72636520696E69742061C6
:10C1D0006C61726D0000000050726F62696E6720C2
:10C1E0006F7074696F6E73005370696E646C652054
:10C1F00073796E6320502D6761696E0023232330AD
:10C200002E303030000000005370696E646C652081
:10C2100073796E6320492D6761696E005370696E92
:10C22000646C652073796E6320442D6761696E00CC
:10C230005370696E646C652073796E632050494455
:10C24000206D61782049206572726F7200000000D5
:10C250002D617869732074726176656C20726573E4
:10C260006F6C7574696F6E002323232323302E3087
:10C2700030302323000000002D61786973206D6148
:10C2800078696D756D207261746500002D61786943
:10C290007320616363656C65726174696F6E000021
:10C2A0002D61786973206D6178696D756D20747288
:10C2B0006176656C000000002D6178697320626111
:10C2C000636B6C61736820636F6D70656E7361740E
:10C2D000696F6E002D61786973206475616C2061EF
:10C2E000786973206F666673657400002D302E3098
:10C2F000303000002D3130002D6178697320686F77
:10C300006D696E67206C6F63617465206665656436
:10C3100020726174650000002D6178697320686F78
:10C320006D696E6720736561726368207365656B04
:10C3300020726174650000005370696E646C652042
:10C34000617420737065656420746F6C6572616ED2
:10C3500063650000546F6F6C206368616E676520D1
:10C360006D6F6465000000004E6F726D616C2C4D46
:10C37000616E75616C20746F756368206F66662CE2
:10C380004D616E75616C20746F756368206F6666B1
:10C390002040204735392E332C4175746F6D617400
:10C3A000696320746F756368206F6666204020475C
:10C3B00035392E332C49676E6F7265204D3600007B
:10C3C000546F6F6C206368616E67652070726F6276
:10C3D000696E672064697374616E636500000000B4
:10C3E000546F6F6C206368616E6765206C6F63616A
:10C3F00074652066656564207261746500000000E4
:10C40000546F6F6C206368616E676520736561723D
:10C410006368207365656B207261746500000000BD
:10C42000546F6F6C206368616E67652070726F6215
:10C43000652070756C6C2D6F666620726174650086
:10C44000546F6F6C206368616E6765206F707469EC
:10C450006F6E7300526573746F726520706F7369CD
:10C4600074696F6E206166746572204D362C436866
:10C47000616E676520746F6F6C2061742047333084
:10C480002C466173742070726F62652070756C6CDD
:10C49000206F6666000000004475616C2061786959
:10C4A00073206C656E677468206661696C000000BB
:10C4B0004475616C2061786973206C656E6774687F
:10C4C000206661696C206D696E0000004475616CC6
:10C4D0002061786973206C656E6774682066616995
:10C4E0006C206D617800000044697361626C6520A6
:10C4F0004739322070657273697374656E636500C5
:10C500005370696E646C65206F6E2064656C617930
:10C5100000000000436F6F6C616E74206F6E2064CA
:10C52000656C61790000000044656661756C74207B
:10C530007370696E646C6500506C616E6E6572201C
:10C5400062756666657220626C6F636B73000000D3
:10C5500031303030000000004175746F7265706FCB
:10C56000727420696E74657276616C006D73000080
:10C57000556E6C6F636B20726571756972656420AE
:10C58000616674657220452D53746F700000000061
:10C590004B65657020746F6F6C206E756D6265728F
:10C5A000206F766572207265626F6F740000000004
:10C5B0004C6F636B20636F6F7264696E617465208A
:10C5C00073797374656D73004735392E312C473597
:10C5D000392E322C4735392E33000000456E636FFB
:10C5E000646572207370696E646C65005370696E67
:10C5F000646C65206F66662064656C61790000007C
:10C6000046696C652073797374656D73206F7074FF
:10C61000696F6E7300000000496E76657274206861
:10C620006F6D6520696E7075747300004D6F746F67
:10C6300072207761726E696E6720696E70757473AF
:10C6400020656E61626C6500496E76657274206D5E
:10C650006F746F72207761726E696E6720696E7099
:10C66000757473004D6F746F72206661756C742001
:10C67000696E7075747320656E61626C6500000090
:10C68000496E76657274206D6F746F722066617585
:10C690006C7420696E707574730000005265736568
:10C6A0007420616374696F6E73000000436C656190
:10C6B0007220686F6D65642073746174757320698E
:10C6C0006620706F736974696F6E20776173206C78
:10C6D0006F73742C436C656172206F66667365744A
:10C6E00073202865786365707420473932292C439C
:10C6F0006C65617220726170696473206F76657217
:10C70000726964652C436C6561722066656564209E
:10C710006F7665727269646500000000537465701D
:10C7200070657220656E61626C652064656C61790C
:10C730000000000035303000526F6F7400000000C0
:10C7400047656E6572616C00436F6E74726F6C202A
:10C750007369676E616C73004C696D697473000076
:10C760004475616C2061786973000000436F6F6CE1
:10C77000616E74005370696E646C65005370696E0D
:10C78000646C652073796E6300000000546F6F6CF9
:10C79000206368616E676500486F6D696E670000B1
:10C7A00050726F62696E67005061726B696E672FBD
:10C7B00053616665747920646F6F72004A6F6767B2
:10C7C000696E6700537465707065720053746570AC
:10C7D00070657220647269766572000041786973D1
:10C7E00000000000582D617869730000592D6178B0
:10C7F000697300005A2D6178697300004E554C4CE6
:10C800000000000053455249414C205354524541C9
:10C810004D204143544956450000000054454C4EBC
:10C8200045542053545245414D20414354495645A7
:10C8300000000000574542534F434B45542053548A
:10C840005245414D2041435449564500424C5545BF
:10C85000544F4F54482053545245414D2041435466
:10C86000495645005072696D6172792055415254A4
:10C87000000000006F7574707574207374657070BB
:10C880006572206472697665722073746174757361
:10C8900000000000656E756D6572617465207069D9
:10C8A0006E2062696E64696E67730000746F6767FB
:10C8B0006C6520626C6F636B2064656C65746520C9
:10C8C0007377697463680000746F67676C65206FC5
:10C8D0007074696F6E616C2073746F702073776908
:10C8E00074636820284D312900000000746F676769
:10C8F0006C652073696E676C652073746570706910
:10C900006E67207377697463680000007265626FF8
:10C910006F742028686172642072657365742920C1
:10C92000636F6E74726F6C6C6572000024525354A6
:10C930003D2A202D20726573746F72652F726573A6
:10C94000657420616C6C2073657474696E67732EF6
:10C950000D0A0000245253543D24202D207265738B
:10C96000746F72652064656661756C74207365749C
:10C9700074696E67732E0D0A000000002452535430
:10C980003D26202D20726573746F72652064726974
:10C9900076657220616E6420706C7567696E2064C4
:10C9A000656661756C742073657474696E67732E47
:10C9B0000D0A0000245253543D23202D207265732C
:10C9C0006574206F66667365747320616E6420748D
:10C9D0006F6F6C20646174612E0D0A0024525354F1
:10C9E0003D23202D207265736574206F6666736524
:10C9F00074732E0D0A0000006F75747075742061D9
:10CA00007578696C696172792070696E20737461E0
:10CA1000746573005265626F6F74696E6720636F2F
:10CA20006E74726F6C6C65722C20636F6D6D756EB9
:10CA300069636174696F6E206D6179206265206C35
:10CA40006F73740024525443202D206F75747075D9
:10CA5000742063757272656E742074696D652E0D35
:10CA60000A000000245254433D3C49534F383630AD
:10CA700031206461746574696D653E202D20736595
:10CA8000742063757272656E742074696D652E0D05
:10CA90000A0000002448202D20686F6D6520636F18
:10CAA0006E6669677572656420617865732E0D0A1C
:10CAB0000000000024483C617869736C65747465FB
:10CAC000723E202D20686F6D652073696E676C65FE
:10CAD00020617869732E0D0A000000002453522053
:10CAE0002D207265736574207370696E646C6520A7
:10CAF000656E636F64657220646174612E0D0A0057
:10CB0000245344202D206F757470757420737069E0
:10CB10006E646C6520656E636F6465722064617419
:10CB2000612E0D0A0000000048454C500000000036
:10CB30006F75747075742070617273657220737490
:10CB4000617465004A000000244A3D3C67636F64DD
:10CB5000653E202D206A6F67206D616368696E6590
:10CB600000000000230000006F7574707574206F62
:10CB70006666736574732C20746F6F6C20746162C9
:10CB80006C652C2070726F62696E6720616E642024
:10CB9000686F6D6520706F736974696F6E0D0A241C
:10CBA000233D3C6E3E202D206F7574707574207689
:10CBB000616C756520666F7220706172616D65745D
:10CBC0006572203C6E3E0000243C6E3E202D206F9E
:10CBD00075747075742073657474696E67203C6E2B
:10CBE0003E2076616C75650D0A243C6E3E3D3C76B8
:10CBF000616C75653E202D2061737369676E203C02
:10CC000076616C75653E20746F2073657474696E0F
:10CC10006773203C6E3E0D0A2424202D206F75740E
:10CC200070757420616C6C2073657474696E672014
:10CC300076616C7565730D0A24243D3C6E3E202D93
:10CC4000206F75747075742073657474696E6720D5
:10CC500064657461696C7320666F722073657474A7
:10CC6000696E67203C6E3E002B0000006F7574708B
:10CC7000757420616C6C2073657474696E672076BE
:10CC8000616C7565730000005345440024534544AE
:10CC90003D3C6E3E202D206F757470757420736559
:10CCA0007474696E67732064657363726970746904
:10CCB0006F6E20666F722073657474696E67203CB6
:10CCC0006E3E00004F000000656E61626C6520637F
:10CCD0006865636B206D6F64652C203C52657365DD
:10CCE000743E20746F20657869740000756E6C6FF7
:10CCF000636B206D616368696E65000048580000D1
:10CD000048590000485A0000485353007265706F3C
:10CD1000727420686F6D696E6720737769746368D9
:10CD20006573207374617475730000002448454C6A
:10CD300050202D206F75747075742068656C70209C
:10CD4000746F706963730D0A2448454C50203C741D
:10CD50006F7069633E202D206F7574707574206844
:10CD6000656C7020666F72203C746F7069633E0062
:10CD70005350494E444C455300000000656E756D9C
:10CD80006572617465207370696E646C65732C20C4
:10CD900068756D616E207265616461626C6500002A
:10CDA0005350494E444C455348000000656E756D24
:10CDB0006572617465207370696E646C65732C2094
:10CDC0006D616368696E65207265616461626C653E
:10CDD00000000000534C5000656E74657220736C47
:10CDE000656570206D6F646500000000544C520052
:10CDF00073657420746F6F6C206F66667365742042
:10CE00007265666572656E63650000005450570078
:10CE100070726F626520746F6F6C20706C617465E6
:10CE2000000000006F7574707574207379737465F9
:10CE30006D20696E666F726D6174696F6E0D0A2484
:10CE4000493D3C737472696E673E202D2073657492
:10CE5000206275696C6420696E666F2073747269F4
:10CE60006E670000492B00006F7574707574206543
:10CE70007874656E6465642073797374656D206978
:10CE80006E666F726D6174696F6E0000525354006C
:10CE90006F75747075742073746172747570206C22
:10CEA000696E6573000000004E3000004E303D3C5E
:10CEB00067636F64653E202D207365742073746111
:10CEC00072747570206C696E652030004E31000000
:10CED0004E313D3C67636F64653E202D2073657461
:10CEE0002073746172747570206C696E65203100F6
:10CEF00045410000656E756D657261746520616CF9
:10CF000061726D730000000045414700656E756DEC
:10CF1000657261746520616C61726D732C2047725B
:10CF2000626C20666F726D6174746564000000004D
:10CF300045450000656E756D65726174652073749A
:10CF40006174757320636F64657300004545470025
:10CF5000656E756D65726174652073746174757347
:10CF600020636F6465732C204772626C20666F7259
:10CF70006D6174746564000045470000656E756DF1
:10CF800065726174652073657474696E6720677279
:10CF90006F7570730000000045530000656E756D7D
:10CFA00065726174652073657474696E67730000DF
:10CFB00045534700656E756D6572617465207365D4
:10CFC0007474696E67732C204772626C20666F728E
:10CFD0006D6174746564000045534800656E756D3D
:10CFE00065726174652073657474696E67732C2053
:10CFF0006772626C48414C20666F726D6174746533
:10D0000064000000452A0000656E756D65726174EC
:10D010006520616C61726D732C207374617475731B
:10D0200020636F64657320616E6420736574746936
:10D030006E67730050494E530000000050494E5334
:10D040005441544500000000504F5254530000001A
:10D05000656E756D65726174652073657269616C6A
:10D060002028554152542920706F727473000000BB
:10D070004C4556006F7574707574206C6173742024
:10D08000636F6E74726F6C207369676E616C20657C
:10D0900076656E74730000004C494D006F757470B6
:10D0A00075742063757272656E74206C696D697435
:10D0B0002070696E7300000053440000535200005A
:10D0C000534453005245424F4F54000052544300C2
:10D0D00044574E4752440000746F67676C65207375
:10D0E000657474696E6720666C61677320666F7221
:10D0F00020646F776E677261646500002C2066752E
:10D100006E6374696F6E3A2000000000617373658E
:10D110007274696F6E2022257322206661696C65C6
:10D12000643A2066696C6520222573222C206C6984
:10D130006E65202564257325730A00003031323373
:10D140003435363738394142434445460000000003
:10D15000303132333435363738396162636465666D
:10D1600000000000286E756C6C290000545A000005
:10D17000474D54002531315B2D2B302D39412D5A2F
:10D18000612D7A5D256E00002531315B412D5A619C
:10D190002D7A5D256E000000256875256E3A25689C
:10D1A00075256E3A256875256E0000004D25687559
:10D1B000256E2E256875256E2E256875256E000056
:10D1C0002F256875256E3A256875256E3A25687590
:10D1D000256E00004C435F434F4C4C4154450000CA
:10D1E0004C435F4354595045000000004C435F4D91
:10D1F0004F4E4554415259004C435F4E554D455298
:10D20000494300004C435F54494D45004C435F4D3A
:10D2100045535341474553004A495300534A4953E4
:10D22000000000004555434A500000000000003F48
:10D23000CDCC4C3D0AD7A33B6F12033A17B75138F8
:10D24000ACC5A736BD37063595BF563377CCAB3165
:10D250005F700930FFE65B2E04000000070000004D
:10D2600009000000001200000898002000000000E3
:10D2700072011200D8970020000000000100000099
:10D2800098FB0020000000000000000001000000EA
:10D290003D7C000001830000B98200000000000016
:10D2A00074011200F097002000000000010000004F
:10D2B00074FC0020000000000000000001000000DD
:10D2C0003D7C000001830000B982000000000000E6
:10D2D00072010000A897002074010000C097002090
:10D2E000A47B00200907000002000000AC7B0020A6
:10D2F000000FC93F000F494000CB9640000FC940C6
:10D300000053FB4000CB164100ED2F41000F494177
:10D310000031624100537B41003A8A4100CB964183
:10D32000005CA34100EDAF41007EBC41000FC9414C
:10D3300000A0D5410031E24100C2EE410053FB4163
:10D3400000F20342003A0A420083104200CB164228
:10D3500000141D42005C234200A5294200ED2F422B
:10D3600000363642007E3C4200C74242000F49422E
:10D37000000000000000000000000000B5FA0000FE
:10D38000D5FA0000950F0100511301003DFF000088
:10D39000750E01001F000000524853444C54454F85
:10D3A000464D2051202050200000000000000000C9
:10D3B0000000000005000000000000000000000068
:10D3C000000000000000000000000000000000005D
:10D3D000A56C0100A96C0100B56C0100B16C0100E5
:10D3E000B96C010000000000000000000000000017
:10D3F00007000000B59C0100E19C0100F19C0100C8
:10D4000000000000ED9C0100019D0100AD9C0100A9
:10D4100035D4000035D400000D9D0100F99C0100B9
:10D42000F59C0100F99C0100E99C0100E99C0100C8
:10D4300035D40000FD9C0100000000000000000049
:10D4400000000000000000000100000000020200D7
:10D450000E0202011C0202022A0202033802020426
:10D460004602020554020206620202077002020826
:10D470007E0202098C02020A9A02020B26030300B2
:10D480006E030301B703040000000000A2000000C7
:10D49000F9000000830000006E0000004E00000054
:10D4A000440000001500000029000000FC000000FE
:10D4B0002700000057000000D1000000F500000028
:10D4C00034000000DD000000C0000000DB000000B0
:10D4D0006200000095000000990000003C00000080
:10D4E000430000009000000041000000FE0000002A
:10D4F0005100000063000000AB000000DE000000EF
:10D50000BB000000C500000061000000B700000083
:10D51000240000006E0000003A00000042000000FD
:10D520004D000000D2000000E000000006000000F6
:10D53000490000002E000000EA0000000900000081
:10D54000D1000000920000001C000000FE0000005E
:10D550001D000000EB0000001C000000B1000000F6
:10D5600029000000A70000003E000000E8000000C5
:10D570008200000035000000F50000002E000000D1
:10D58000BB0000004400000084000000E90000002F
:10D590009C0000007000000026000000B4000000A5
:10D5A0005F0000007E000000410000003900000024
:10D5B00091000000D6000000390000008300000048
:10D5C0005300000039000000F40000009C0000003F
:10D5D000840000005F0000008B000000BD00000020
:10D5E000F9000000280000003B0000001F000000C0
:10D5F000F800000097000000FF000000DE000000BF
:10D6000005000000980000000F000000EF0000007F
:10D610002F000000110000008B0000005A000000E5
:10D620000A0000006D0000001F0000006D000000F7
:10D63000360000007E000000CF0000002700000040
:10D64000CB00000009000000B70000004F00000000
:10D65000460000003F000000660000009E00000041
:10D660005F000000EA0000002D00000075000000CF
:10D6700027000000BA000000C7000000EB00000017
:10D68000E5000000F10000007B0000003D0000000C
:10D690000700000039000000F70000008A000000C9
:10D6A0005200000092000000EA0000006B00000041
:10D6B000FB0000005F000000B10000001F00000040
:10D6C0008D0000005D000000080000005600000012
:10D6D000030000003000000046000000FC000000D5
:10D6E0007B0000006B000000AB000000F0000000B9
:10D6F000CF000000BC000000200000009A000000E5
:10D70000F4000000360000001D000000A900000029
:10D71000E300000091000000610000005E000000D6
:10D72000E60000001B00000008000000650000008B
:10D7300099000000850000005F0000001400000058
:10D74000A000000068000000400000008D00000004
:10D75000FF000000D8000000800000004D00000025
:10D7600073000000270000003100000006000000E8
:10D77000060000001500000056000000CA0000006E
:10D7800073000000A8000000C90000006000000055
:10D79000E20000007B000000C00000008C000000E0
:10D7A0006B0000000080194074C00F40C0000000F2
:10D7B0001900000029D00100000000000200000054
:10D7C00050851F4001000000010000000200000021
:10D7D000000000000000000000010000C0F2002076
:10D7E0001200000000060000706200600A000000E5
:10D7F000000200000C6200606200000000070000F0
:10D80000A861006062000000EE0300001CF7002029
:10D8100012000000000004EEF4F6002028000000D2
:10D8200000030000A461006000000000010309047F
:10D830008C61006000000000020309047461006054
:10D840000000000003030904C0FE002000000000E7
:10D850000000000000000000000000007C0000004C
:10D8600030303030303030303030303030303030B8
:10D870000000000000000000E8E70020E8E70020CA
:10D88000F0E70020F0E70020F8E70020F8E70020AC
:10D8900000E8002000E8002008E8002008E8002058
:10D8A00010E8002010E8002018E8002018E8002008
:10D8B00020E8002020E8002028E8002028E80020B8
:10D8C00030E8002030E8002038E8002038E8002068
:10D8D00040E8002040E8002048E8002048E8002018
:10D8E00050E8002050E8002058E8002058E80020C8
:10D8F00060E8002060E8002068E8002068E8002078
:10D9000070E8002070E8002078E8002078E8002027
:10D9100080E8002080E8002088E8002088E80020D7
:10D9200090E8002090E8002098E8002098E8002087
:10D93000A0E80020A0E80020A8E80020A8E8002037
:10D94000B0E80020B0E80020B8E80020B8E80020E7
:10D95000C0E80020C0E80020C8E80020C8E8002097
:10D96000D0E80020D0E80020D8E80020D8E8002047
:10D97000E0E80020E0E80020E8E80020E8E80020F7
:10D98000F0E80020F0E80020F8E80020F8E80020A7
:10D9900000E9002000E9002008E9002008E9002053
:10D9A00010E9002010E9002018E9002018E9002003
:10D9B00020E9002020E9002028E9002028E90020B3
:10D9C00030E9002030E9002038E9002038E9002063
:10D9D00040E9002040E9002048E9002048E9002013
:10D9E00050E9002050E9002058E9002058E90020C3
:10D9F00060E9002060E9002068E9002068E9002073
:10DA000070E9002070E9002078E9002078E9002022
:10DA100080E9002080E9002088E9002088E90020D2
:10DA200090E9002090E9002098E9002098E9002082
:10DA3000A0E90020A0E90020A8E90020A8E9002032
:10DA4000B0E90020B0E90020B8E90020B8E90020E2
:10DA5000C0E90020C0E90020C8E90020C8E9002092
:10DA6000D0E90020D0E90020D8E90020D8E9002042
:10DA7000E0E90020E0E90020E8E90020E8E90020F2
:10DA8000F0E90020F0E90020F8E90020F8E90020A2
:10DA900000EA002000EA002008EA002008EA00204E
:10DAA00010EA002010EA002018EA002018EA0020FE
:10DAB00020EA002020EA002028EA002028EA0020AE
:10DAC00030EA002030EA002038EA002038EA00205E
:10DAD00040EA002040EA002048EA002048EA00200E
:10DAE00050EA002050EA002058EA002058EA0020BE
:10DAF00060EA002060EA002068EA002068EA00206E
:10DB000070EA002070EA002078EA002078EA00201D
:10DB100080EA002080EA002088EA002088EA0020CD
:10DB200090EA002090EA002098EA002098EA00207D
:10DB3000A0EA0020A0EA0020A8EA0020A8EA00202D
:10DB4000B0EA0020B0EA0020B8EA0020B8EA0020DD
:10DB5000C0EA0020C0EA0020C8EA0020C8EA00208D
:10DB6000D0EA0020D0EA0020D8EA0020D8EA00203D
:10DB7000E0EA0020E0EA0020E8EA0020E8EA0020ED
:10DB8000F0EA0020F0EA0020F8EA0020F8EA00209D
:10DB900000EB002000EB002008EB002008EB002049
:10DBA00010EB002010EB002018EB002018EB0020F9
:10DBB00020EB002020EB002028EB002028EB0020A9
:10DBC00030EB002030EB002038EB002038EB002059
:10DBD00040EB002040EB002048EB002048EB002009
:10DBE00050EB002050EB002058EB002058EB0020B9
:10DBF00060EB002060EB002068EB002068EB002069
:10DC000070EB002070EB002078EB002078EB002018
:10DC100080EB002080EB002088EB002088EB0020C8
:10DC200090EB002090EB002098EB002098EB002078
:10DC3000A0EB0020A0EB0020A8EB0020A8EB002028
:10DC4000B0EB0020B0EB0020B8EB0020B8EB0020D8
:10DC5000C0EB0020C0EB0020C8EB0020C8EB002088
:10DC6000D0EB0020D0EB0020D8EB0020D8EB002038
:10DC7000E0EB0020E0EB002000000000180B01208A
:10DC8000800B0120E80B01200000000000000000D4
:10DC90000000000000000000000000000000000084
:10DCA0000000000000000000000000000000000074
:10DCB0000000000000000000000000000000000064
:10DCC0000000000000000000000000000000000054
:10DCD0000000000000000000000000000000000044
:10DCE0000000000000000000000000000000000034
:10DCF0000000000000000000000000000000000024
:10DD00000000000000000000000000000000000013
:10DD100001000000000000000E33CDAB34126DE6B0
:10DD2000ECDE05000B000000000000000000000019
:10DD300000000000000000000000000000000000E3
:10DD400000000000000000000000000000000000D3
:10DD500000000000000000000000000000000000C3
:10DD600000000000000000000000000000000000B3
:10DD700000000000000000000000000000000000A3
:10DD80000000000000000000000000000000000093
:10DD90000000000000000000000000000000000083
:10DDA0000000000000000000000000000000000073
:10DDB0000000000000000000000000000000000063
:10DDC0000000000000000000000000000000000053
:10DDD0000000000000000000000000000000000043
:10DDE0000000000000000000000000000000000033
:10DDF0000000000000000000000000000000000023
:10DE00000000000000000000000000000000000012
:10DE10000000000000000000000000000000000002
:10DE200000000000000000000000000000000000F2
:10DE300000000000000000000000000000000000E2
:10DE400000000000000000000000000000000000D2
:10DE500000000000000000000000000000000000C2
:10DE600000000000000000000000000000000000B2
:10DE700000000000000000000100000000000000A1
:10DE80004A00000000000000000000000000000048
:10DE90000000000000000000000000000000000082
:10DEA00000000000000000004A0000000000000028
:10DEB0000000000000000000000000000000000062
:10DEC0000000000000000000000000000000000052
:10DED0000029DE07007B9A17600A0020000000007E
:10DEE000E803000000000000C041202043000000C3
:10DEF0000000000000000000000000000000000022
:10DF000000000000000000000000000043000000CE
:10DF10000000000000000000000000000000000001
:10DF200000000000000000000000000043000000AE
:10DF300000000000000000000000000000000000E1
:10DF4000000000000000000000000000430000008E
:10DF500000000000000000000000000000000000C1
:10DF6000000000000000000000000000430000006E
:10DF700000000000000000000000000000000000A1
:10DF8000000000000000000000000000430000004E
:10DF90000000000000000000000000000000000081
:10DFA000000000000000000000000000430000002E
:10DFB0000000000000000000000000000000000061
:10DFC000000000000000000000000000430000000E
:10DFD0000000000000000000000000000000000041
:10DFE0000000000000000000000000000000000031
:10DFF0000000000000000000000000000000000021
:10E000000000000000000000000000000000000010
:10E010000000000000000000000000000000000000
:10E0200000000000000000000000000000000000F0
:10E0300000000000000000000000000000000000E0
:10E0400000000000000000000000000000000000D0
:10E0500000000000000000000000000000000000C0
:10E0600000000000000000000000000000000000B0
:10E0700000000000000000000000000000000000A0
:10E080000000000000000000000000000000000090
:10E090000000000000000000000000000000000080
:10E0A0000000000000000000000000000000000070
:10E0B0000000000045690200BD670200000000008A
:10E0C000B00B0020587E0020589F0020589F002051
:10E0D000589F0020589F0020589F0020589F0020E4
:10E0E000589F0020589F0020589F0020FFFFFFFFEF
:10E0F000FFFFFFFFFFFFFFFFFFFF00000100415395
:10E10000434949000000000000000000000000003A
:10E11000000000000000000000000000000041536B
:10E12000434949000000000000000000000000001A
:10E1300000000000000000000000000000000000DF
:10E14000FFFFFFFF000002000000000003000000CE
:10E15000180B0120F0EB0020E8E00020E8E00020B0
:10E1600006FF03004000000000000000180000004F
:10E17000000000000000000001FF0300020000009A
:10E180000000000019000000000000000000000076
:10E1900002FF030004000000000000001700000060
:10E1A000000000000000000003FF03000800000062
:10E1B000000000002100000000000000000000003E
:10E1C0000AFF00000004000000000000FF00000043
:10E1D000000000000100000089FF000000000000B6
:10E1E00028000000000000008BFF0000000000007D
:10E1F0000D000000000000008AFF00000000000089
:10E20000140000000000000090FF0000000000006B
:10E2100013000000000000008FFF0000000000005D
:10E2200012000000000000006D6D2F7365635E3208
:10E23000000000006D6D00006D6D2F6D696E0000B7
:10E24000737465702F6D6D00000000000100000008
:10E25000F03400600000000000000000FFFFFFFF3E
:10E2600098F2002052657365742C466565642068D9
:10E270006F6C642C4379636C652073746172742CC9
:10E2800053616665747920646F6F722C426C6F63A2
:10E290006B2064656C6574652C4F7074696F6E617A
:10E2A0006C2073746F702C4553746F702C50726FA8
:10E2B000626520646973636F6E6E65637465642C58
:10E2C0004D6F746F72206661756C742C4D6F746F36
:10E2D00072207761726E696E672C4C696D69747318
:10E2E000206F766572726964652C53696E676C6520
:10E2F000207374657020626C6F636B732C546F6F46
:10E300006C736574746572206F7665727472617671
:10E31000656C0000466C6F6F642C4D69737400006F
:10E3200030000000205B00600000000000000000E2
:10E3300014000000003500600000000041000000F3
:10E34000403B00600000000012010002EF020140AB
:10E35000C0168304800201020301000049676E6F4A
:10E360007265207768656E2069646C652C4B656505
:10E370007020636F6F6C616E7420737461746520BC
:10E380006F6E20646F6F72206F70656E000000000A
:10E39000FF000000B9F40000B9F40000981001205B
:10E3A0004175746F206D6F756E74205344206361E6
:10E3B00072642C48696465204C6974746C654653BA
:10E3C0002C48696572617263686963616C206C696D
:10E3D0007374696E67000000582D417869732C5979
:10E3E0002D417869732C5A2D417869730000000023
:10E3F000456E61626C652C456E61626C6520736967
:10E400006E676C65206178697320636F6D6D616EF6
:10E4100064732C486F6D696E67206F6E2073746132
:10E42000727475702072657175697265642C5365BC
:10E4300074206D616368696E65206F726967696ECB
:10E4400020746F20302C54776F2073776974636861
:10E45000657320736861726573206F6E6520696EE5
:10E460007075742C416C6C6F77206D616E75616C8A
:10E470002C4F76657272696465206C6F636B732CC8
:10E480004E2F412C557365206C696D69742073772C
:10E490006974636865732C506572206178697320B4
:10E4A0006665656472617465732C52756E20737451
:10E4B00061727475702073637269707473206F6E0B
:10E4C0006C79206F6E20686F6D696E6720636F6D69
:10E4D000706C6574656400001E00000000000000A0
:10E4E00000001F000000000000020000940A01204C
:10E4F000000000000000000000000000000000001C
:10E5000000000000230000000000000000001E00CA
:10E5100000000000000200009C0A01200000000032
:10E5200000000000000000000000000000000000EB
:10E53000240000000000000000001C00000000009B
:10E5400000020000A40A01200000000000000000FA
:10E550000000000000000000000000002800000093
:10E560000000000000001D0000000000000200008C
:10E57000AC0A0120000000000000000000000000C4
:10E5800000000000000000003E000000000000004D
:10E59000000024000000000000001000E409012039
:10E5A000000000000000000000000000000000006B
:10E5B000000000003F0000000000000000002700F5
:10E5C0000000000000001000EC0901200000000025
:10E5D000000000000000000000000000000000003B
:10E5E00040000000000000000000220000000000C9
:10E5F00000001000FC0901200000000000000000E5
:10E6000000000000000000000000000041000000C9
:10E6100000000000000023000000000000001000C7
:10E62000040A0120000000000000000000000000BB
:10E630000000000000000000420000000000000098
:10E640000000290000000000000010000C0A01205A
:10E6500000000000000000000000000000000000BA
:10E660000000000043000000000000000000260041
:10E670000000000000001000140A0120000000004B
:10E68000000000000000000000000000000000008A
:10E690004400000000000000000021000000000015
:10E6A000000010001C0A0120000000000000000013
:10E6B0000000000000000000000000004500000015
:10E6C0000000000000000F0000000000000010002B
:10E6D000240A0120000000000000000000000000EB
:10E6E00000000000000000004600000000000000E4
:10E6F0000000180000000000000010002C0A01209B
:10E700000000000000000000000000000000000009
:10E710000000000047000000000000000000190099
:10E720000000000000001000340A0120000000007A
:10E7300000000000000000000000000000000000D9
:10E74000480000000000000000001700000000006A
:10E7500000001000F409012000000000000000008B
:10E7600000000000000000000000000001000000A8
:10E7700058E2002000000000000000002800000017
:10E7800000010400010000000000000002015749E0
:10E790004E55534200000000000000000000000041
:10E7A0000000000012034D005300460054003100E9
:10E7B00030003000F80000000700000007000000F3
:10E7C00001000000105B006000000000000000007D
:10E7D000000800000600000000000000000000002B
:10E7E0000000000000000000000000000000000029
:10E7F0000000000000000000000000000000000019
:10E800000000000000000000000000000000000008
:10E8100000000000000000000000000000000000F8
:10E820000000000000000000000000005E0000008A
:10E830008820012005000000070000000000000003
:10E840000000000000000000600000009020012097
:10E8500002000000070000000000000000000000AF
:10E860000000000062000000A0200120090000005C
:10E870000700000000000000000000000000000091
:10E880006100000098200120070000000700000040
:10E89000000000000000000000000000690000000F
:10E8A000FC0D012004000000080000000000000032
:10E8B00000000000000000006B000000040E0120BA
:10E8C000030000000800000000000000000000003D
:10E8D000000000006D000000140E01200800000080
:10E8E0000800000000000000000000000000000020
:10E8F0006C0000000C0E0120060000000800000063
:10E900000000000000000000000000007F00000088
:10E91000300E01200A000000060000000000000088
:10E92000000000000000000080000000380E012000
:10E930000B000000060000000000000000000000C6
:10E940000000000081000000480E01200E000000C1
:10E9500006000000000000000000000000000000B1
:10E9600080000000400E01200C00000006000000A6
:10E970000000000000000000000000009100000006
:10E980003C0A012016000000090000000000000001
:10E99000000000000000000092000000440A012076
:10E9A0001A00000009000000000000000000000044
:10E9B00000000000930000004C0A01201B00000032
:10E9C000090000000000000000000000000000003E
:10E9D00094000000540A01202800000009000000F3
:10E9E0000000000000000000000000009500000092
:10E9F0005C0A012014000000090000000000000073
:10EA0000000000000000000096000000640A0120E1
:10EA10000D000000090000000000000000000000E0
:10EA200000000000970000006C0A012013000000A5
:10EA300009000000000000000000000000000000CD
:10EA400098000000740A0120120000000900000074
:10EA500000000000000000000000000000000000B6
:10EA600000000000000000000000000000000000A6
:10EA70000000000000000000000000000000000096
:10EA80000000000000000000000000000000000086
:10EA90000000000000000000000000000000000076
:10EAA0000000000000000000000000000000000066
:10EAB0000000000000000000000000000000000056
:10EAC0000000000000000000000000000000000046
:10EAD0000000000000000000000000000000000036
:10EAE0000000000000000000000000000000000026
:10EAF0000000000000000000000000000000000016
:10EB00000000000000000000000000000000000005
:10EB10000700FFFFFFFF00000800565D0000000037
:10EB200000000000000000000000000000000000E5
:10EB300000000000000000000100000000000000D4
:10EB400000000000000000000000000000000000C5
:10EB500000000000000000000000000000000000B5
:10EB600000000000000000000000000000000000A5
:10EB70000000000000000000000000000000000095
:10EB80000000000000000000000000000000000085
:10EB90000000000000000000000000000000000075
:10EBA0000000000000000000000000000000000065
:10EBB0000000000000000000000000000000000055
:10EBC0000000000000000000000000000000000045
:10EBD0000000000000000000000000000000000035
:10EBE0000000000000000000000000000700FFFF20
:10EBF000FFFF00000800A9B00000000000000000B6
:10EC00000000000000000000000000000000000004
:10EC100000000000020000000000000000000000F2
:10EC200000000000000000000000000000000000E4
:10EC300000000000000000000000000000000000D4
:10EC400000000000000000000000000000000000C4
:10EC500000000000000000000000000000000000B4
:10EC600000000000000000000000000000000000A4
:10EC70000000000000000000000000000000000094
:10EC80000000000000000000000000000000000084
:10EC90000000000000000000000000000000000074
:10ECA0000000000000000000000000000000000064
:10ECB0000000000000000000000000000000000054
:10ECC00000000000000000001700FFFFFFFF000031
:10ECD00018003E5500000000000000000000000089
:10ECE0000000000000000000000000000000000024
:10ECF0000300000000000000000000000000000011
:10ED00000000000000000000000000000000000003
:10ED100000000000000000000000000000000000F3
:10ED200000000000000000000000000000000000E3
:10ED300000000000000000000000000000000000D3
:10ED400000000000000000000000000000000000C3
:10ED500000000000000000000000000000000000B3
:10ED600000000000000000000000000000000000A3
:10ED70000000000000000000000000000000000093
:10ED80000000000000000000000000000000000083
:10ED90000000000000000000000000000000000073
:10EDA000000000001700FFFFFFFF0000180091A8FF
:10EDB0000000000000000000000000000000000053
:10EDC00000000000000000000000000050726F62B0
:10EDD000652C546F6F6C7365747465722C50726F10
:10EDE0006265203200000000416C6C6F7720666520
:10EDF0006564206F766572726964652C4170706C11
:10EE00007920736F6674206C696D6974732C4E2F52
:10EE1000412C4175746F2073656C65637420746F49
:10EE20006F6C7365747465722C4175746F207365B3
:10EE30006C6563742070726F626520322C50726F43
:10EE400062652070726F74656374696F6E00000094
:10EE50000000000000000000000000000000803FF3
:10EE60000000803F0000803F00001500D12A0060B4
:10EE700089CE010069CE0100000115005D2A006005
:10EE800089CE010069CE0100011300007C580060AA
:10EE900064000000BC450060660000008C42006019
:10EEA0000000000000000000C95401000000000044
:10EEB0000000000000000000000000000101000050
:10EEC000DCE1002002000000E8E100200200000078
:10EED00048E200200000000000000000C9540100CA
:10EEE0000000000000000000000000000000000022
:10EEF00000FE00205370696E646C6520656E61626F
:10EF00006C652C5370696E646C652064697265630E
:10EF100074696F6E2C50574D00000000558301003E
:10EF20000000000000C2010000000000000000001E
:10EF300000C201000000000038F7002002000000BD
:10EF4000E0FD0020000000000C03000000000000B5
:10EF50000000000000000000000000000000FF00B2
:10EF600000000000000000000000000000000000A1
:10EF70000000000000000000000000000000000091
:10EF80000000000000000000000000000000000081
:10EF90000000000000000000000000000000000071
:10EFA0000000000000000000000000000000000061
:10EFB0000000000000000000000000000000000051
:10EFC0000000000000000000000000000000000041
:10EFD0000000000000000000000000000000000031
:10EFE0000000000000000000000000000000000021
:10EFF0000000000000000000000000000000000011
:10F000000000000000000000000000000000000000
:10F0100000000000000000000000000000000000F0
:10F0200000000000000000000000000000000000E0
:10F0300000000000000000000000000000000000D0
:10F0400000000000000000000000000000000000C0
:10F0500000000000000000000000000000000000B0
:10F0600000000000000000000000000000000000A0
:10F070000000000000000000000000000000000090
:10F080000000000000000000000000000000000080
:10F090000000000000000000000000000000000070
:10F0A0000000000000000000000000000000000060
:10F0B0000000000000000000000000000000000050
:10F0C0000000000000000000000000000000000040
:10F0D0000000000000000000000000000000000030
:10F0E0000000000000000000000000000000000020
:10F0F0000000000000000000000000000000000010
:10F1000000000000000000000000000000000000FF
:10F1100000000000000000000000000000000000EF
:10F1200000000000000000000000000000000000DF
:10F1300000000000000000000000000000000000CF
:10F1400000000000000000000000000000000000BF
:10F1500000000000000000000000000000000000AF
:10F16000000000000000000000000000000000009F
:10F17000000000000000000000000000000000008F
:10F18000000000000000000000000000000000007F
:10F19000000000000000000000000000000000006F
:10F1A000000000000000000000000000000000005F
:10F1B000000000000000000000000000000000004F
:10F1C000000000000000000000000000000000003F
:10F1D000000000000000000000000000000000002F
:10F1E000000000000000000000000000000000001F
:10F1F000000000000000000000000000000000000F
:10F2000000000000000000000000000000000000FE
:10F2100000000000000000000000000000000000EE
:10F2200000000000000000000000000000000000DE
:10F2300000000000000000000000000000000000CE
:10F2400000000000000000000000000000000000BE
:10F2500000000000000000000000000000000000AE
:10F26000000000000000000000000000000000009E
:10F27000000000000000000000000000000000008E
:10F28000000000000000000000000000000000007E
:10F29000000000000000000000000000000000006E
:10F2A000000000000000000000000000000000005E
:10F2B000000000000000000000000000000000004E
:10F2C000000000000000000000000000000000003E
:10F2D000000000000000000000000000000000002E
:10F2E000000000000000000000000000000000001E
:10F2F000000000000000000000000000000000000E
:10F3000000000000000000000000000000000000FD
:10F3100000000000000000000000000000000000ED
:10F3200000000000000000000000000000000000DD
:10F3300000000000000000000000000000000000CD
:08F340000000000000000000C5
:10F34800FFFFFFFFFFFFFFFFFFFFFFFFFFFFFFFFC5
:10F35800FFFFFFFFFFFFFFFFFFFFFFFFFFFFFFFFB5
:10F36800FFFFFFFFFFFFFFFFFFFFFFFFFFFFFFFFA5
:10F37800FFFFFFFFFFFFFFFFFFFFFFFFFFFFFFFF95
:10F38800FFFFFFFFFFFFFFFFFFFFFFFFFFFFFFFF85
:10F39800FFFFFFFFFFFFFFFFFFFFFFFFFFFFFFFF75
:10F3A800FFFFFFFFFFFFFFFFFFFFFFFFFFFFFFFF65
:10F3B800FFFFFFFFFFFFFFFFFFFFFFFFFFFFFFFF55
:10F3C800FFFFFFFFFFFFFFFFFFFFFFFFFFFFFFFF45
:10F3D800FFFFFFFFFFFFFFFFFFFFFFFFFFFFFFFF35
:10F3E800FFFFFFFFFFFFFFFFFFFFFFFFFFFFFFFF25
:10F3F800FFFFFFFFFFFFFFFF00000000000000000D
:10F4080000000000000000000000000000000000F4
:10F4180000000000000000000000000000000000E4
:10F4280000000000000000000000000000000000D4
:10F4380000000000000000000000000000000000C4
:10F4480000000000000000000000000000000000B4
:10F4580000000000000000000000000000000000A4
:10F468000000000000000000000000000000000094
:10F478000000000000000000000000000000000084
:10F488000000000000000000000000000000000074
:10F498000000000000000000000000000000000064
:10F4A8000000000000000000000000000000000054
:10F4B8000000000000000000000000000000000044
:10F4C8000000000000000000000000000000000034
:10F4D8000000000000000000000000000000000024
:10F4E8000000000000000000000000000000000014
:10F4F8000000000000000000000000000000000004
:10F5080000000000000000000000000000000000F3
:10F5180000000000000000000000000000000000E3
:10F5280000000000000000000000000000000000D3
:10F5380000000000000000000000000000000000C3
:10F5480000000000000000000000000000000000B3
:10F5580000000000000000000000000000000000A3
:10F568000000000000000000000000000000000093
:10F578000000000000000000000000000000000083
:10F588000000000000000000000000000000000073
:10F598000000000000000000000000000000000063
:10F5A8000000000000000000000000000000000053
:10F5B8000000000000000000000000000000000043
:10F5C8000000000000000000000000000000000033
:10F5D8000000000000000000000000000000000023
:10F5E8000000000000000000000000000000000013
:10F5F8000000000000000000000000000000000003
:10F6080000000000000000000000000000000000F2
:10F6180000000000000000000000000000000000E2
:10F6280000000000000000000000000000000000D2
:10F6380000000000000000000000000000000000C2
:10F6480000000000000000000000000000000000B2
:10F6580000000000000000000000000000000000A2
:10F668000000000000000000000000000000000092
:10F678000000000000000000000000000000000082
:10F688000000000000000000000000000000000072
:10F698000000000000000000000000000000000062
:10F6A8000000000000000000000000000000000052
:10F6B8000000000000000000000000000000000042
:10F6C8000000000000000000000000000000000032
:10F6D8000000000000000000000000000000000022
:10F6E8000000000000000000000000000000000012
:10F6F8000000000000000000000000000000000002
:10F7080000000000000000000000000000000000F1
:10F7180000000000000000000000000000000000E1
:10F7280000000000000000000000000000000000D1
:10F7380000000000000000000000000000000000C1
:10F7480000000000000000000000000000000000B1
:10F7580000000000000000000000000000000000A1
:10F768000000000000000000000000000000000091
:10F778000000000000000000000000000000000081
:10F788000000000000000000000000000000000071
:10F798000000000000000000000000000000000061
:10F7A8000000000000000000000000000000000051
:10F7B8000000000000000000000000000000000041
:10F7C8000000000000000000000000000000000031
:10F7D8000000000000000000000000000000000021
:10F7E8000000000000000000000000000000000011
:10F7F8000000000000000000000000000000000001
:10F8080000000000000000000000000000000000F0
:10F8180000000000000000000000000000000000E0
:10F8280000000000000000000000000000000000D0
:10F8380000000000000000000000000000000000C0
:10F8480000000000000000000000000000000000B0
:10F8580000000000000000000000000000000000A0
:10F868000000000000000000000000000000000090
:10F878000000000000000000000000000000000080
:10F888000000000000000000000000000000000070
:10F898000000000000000000000000000000000060
:10F8A8000000000000000000000000000000000050
:10F8B8000000000000000000000000000000000040
:10F8C8000000000000000000000000000000000030
:10F8D8000000000000000000000000000000000020
:10F8E8000000000000000000000000000000000010
:10F8F8000000000000000000000000000000000000
:10F9080000000000000000000000000000000000EF
:10F9180000000000000000000000000000000000DF
:10F9280000000000000000000000000000000000CF
:10F9380000000000000000000000000000000000BF
:10F9480000000000000000000000000000000000AF
:10F95800000000000000000000000000000000009F
:10F96800000000000000000000000000000000008F
:10F97800000000000000000000000000000000007F
:10F98800000000000000000000000000000000006F
:10F99800000000000000000000000000000000005F
:10F9A800000000000000000000000000000000004F
:10F9B800000000000000000000000000000000003F
:10F9C800000000000000000000000000000000002F
:10F9D800000000000000000000000000000000001F
:10F9E800000000000000000000000000000000000F
:10F9F80000000000000000000000000000000000FF
:10FA080000000000000000000000000000000000EE
:10FA180000000000000000000000000000000000DE
:10FA280000000000000000000000000000000000CE
:10FA380000000000000000000000000000000000BE
:10FA480000000000000000000000000000000000AE
:10FA5800000000000000000000000000000000009E
:10FA6800000000000000000000000000000000008E
:10FA7800000000000000000000000000000000007E
:10FA8800000000000000000000000000000000006E
:10FA9800000000000000000000000000000000005E
:10FAA800000000000000000000000000000000004E
:10FAB800000000000000000000000000000000003E
:10FAC800000000000000000000000000000000002E
:10FAD800000000000000000000000000000000001E
:10FAE800000000000000000000000000000000000E
:10FAF80000000000000000000000000000000000FE
:10FB080000000000000000000000000000000000ED
:10FB180000000000000000000000000000000000DD
:10FB280000000000000000000000000000000000CD
:10FB380000000000000000000000000000000000BD
:10FB480000000000000000000000000000000000AD
:10FB5800000000000000000000000000000000009D
:10FB6800000000000000000000000000000000008D
:10FB7800000000000000000000000000000000007D
:10FB8800000000000000000000000000000000006D
:10FB9800000000000000000000000000000000005D
:10FBA800000000000000000000000000000000004D
:10FBB800000000000000000000000000000000003D
:10FBC800000000000000000000000000000000002D
:10FBD800000000000000000000000000000000001D
:10FBE800000000000000000000000000000000000D
:10FBF80000000000000000000000000000000000FD
:10FC080000000000000000000000000000000000EC
:10FC180000000000000000000000000000000000DC
:10FC280000000000000000000000000000000000CC
:10FC380000000000000000000000000000000000BC
:10FC480000000000000000000000000000000000AC
:10FC5800000000000000000000000000000000009C
:10FC6800000000000000000000000000000000008C
:10FC7800000000000000000000000000000000007C
:10FC8800000000000000000000000000000000006C
:10FC9800000000000000000000000000000000005C
:10FCA800000000000000000000000000000000004C
:10FCB800000000000000000000000000000000003C
:10FCC800000000000000000000000000000000002C
:10FCD800000000000000000000000000000000001C
:10FCE800000000000000000000000000000000000C
:10FCF80000000000000000000000000000000000FC
:10FD080000000000000000000000000000000000EB
:10FD180000000000000000000000000000000000DB
:10FD280000000000000000000000000000000000CB
:10FD380000000000000000000000000000000000BB
:10FD480000000000000000000000000000000000AB
:10FD5800000000000000000000000000000000009B
:10FD6800000000000000000000000000000000008B
:10FD7800000000000000000000000000000000007B
:10FD8800000000000000000000000000000000006B
:10FD9800000000000000000000000000000000005B
:10FDA800000000000000000000000000000000004B
:10FDB800000000000000000000000000000000003B
:10FDC800000000000000000000000000000000002B
:10FDD800000000000000000000000000000000001B
:10FDE800000000000000000000000000000000000B
:10FDF80000000000000000000000000000000000FB
:10FE080000000000000000000000000000000000EA
:10FE180000000000000000000000000000000000DA
:10FE280000000000000000000000000000000000CA
:10FE380000000000000000000000000000000000BA
:10FE480000000000000000000000000000000000AA
:10FE5800000000000000000000000000000000009A
:10FE6800000000000000000000000000000000008A
:10FE7800000000000000000000000000000000007A
:10FE8800000000000000000000000000000000006A
:10FE9800000000000000000000000000000000005A
:10FEA800000000000000000000000000000000004A
:10FEB800000000000000000000000000000000003A
:10FEC800000000000000000000000000000000002A
:10FED800000000000000000000000000000000001A
:10FEE800000000000000000000000000000000000A
:10FEF80000000000000000000000000000000000FA
:10FF080000000000000000000000000000000000E9
:10FF180000000000000000000000000000000000D9
:10FF280000000000000000000000000000000000C9
:10FF380000000000000000000000000000000000B9
:10FF480000000000000000000000000000000000A9
:10FF58000000000000000000000000000000000099
:10FF68000000000000000000000000000000000089
:10FF78000000000000000000000000000000000079
:10FF88000000000000000000000000000000000069
:10FF98000000000000000000000000000000000059
:10FFA8000000000000000000000000000000000049
:10FFB8000000000000000000000000000000000039
:10FFC8000000000000000000000000000000000029
:10FFD8000000000000000000000000000000000019
:10FFE8000000000000000000000000000000000009
:08FFF800000000000000000001
:040000056000100087
:00000001FF
