:0200000460009A
:100000004643464200000156000000000101020084
:1000100000000000000000000000000000000000E0
:1000200000000000000000000000000000000000D0
:1000300000000000000000000000000000000000C0
:1000400000000000010406010000000000000000A4
:100050000000800000000000000000000000000020
:100060000000000000000000000000000000000090
:100070000000000000000000000000000000000080
:10008000EB04180AFF1E04320126000000000000E5
:100090000000000000000000000000000000000060
:1000A0000000000000000000000000000000000050
:1000B0000000000000000000000000000000000040
:1000C0000000000000000000000000000000000030
:1000D0000000000000000000000000000000000020
:1000E0000000000000000000000000000000000010
:1000F0000000000000000000000000000000000000
:1001000000000000000000000000000000000000EF
:1001100000000000000000000000000000000000DF
:1001200000000000000000000000000000000000CF
:1001300000000000000000000000000000000000BF
:1001400000000000000000000000000000000000AF
:10015000000000000000000000000000000000009F
:10016000000000000000000000000000000000008F
:10017000000000000000000000000000000000007F
:10018000000000000000000000000000000000006F
:10019000000000000000000000000000000000005F
:1001A000000000000000000000000000000000004F
:1001B000000000000000000000000000000000003F
:1001C000000100000010000001000000000000001D
:1001D000000001000000000000000000000000001E
:1001E000000000000000000000000000000000000F
:1001F00000000000000000000000000000000000FF
:10020000FFFFFFFFFFFFFFFFFFFFFFFFFFFFFFFFFE
:10021000FFFFFFFFFFFFFFFFFFFFFFFFFFFFFFFFEE
:10022000FFFFFFFFFFFFFFFFFFFFFFFFFFFFFFFFDE
:10023000FFFFFFFFFFFFFFFFFFFFFFFFFFFFFFFFCE
:10024000FFFFFFFFFFFFFFFFFFFFFFFFFFFFFFFFBE
:10025000FFFFFFFFFFFFFFFFFFFFFFFFFFFFFFFFAE
:10026000FFFFFFFFFFFFFFFFFFFFFFFFFFFFFFFF9E
:10027000FFFFFFFFFFFFFFFFFFFFFFFFFFFFFFFF8E
:10028000FFFFFFFFFFFFFFFFFFFFFFFFFFFFFFFF7E
:10029000FFFFFFFFFFFFFFFFFFFFFFFFFFFFFFFF6E
:1002A000FFFFFFFFFFFFFFFFFFFFFFFFFFFFFFFF5E
:1002B000FFFFFFFFFFFFFFFFFFFFFFFFFFFFFFFF4E
:1002C000FFFFFFFFFFFFFFFFFFFFFFFFFFFFFFFF3E
:1002D000FFFFFFFFFFFFFFFFFFFFFFFFFFFFFFFF2E
:1002E000FFFFFFFFFFFFFFFFFFFFFFFFFFFFFFFF1E
:1002F000FFFFFFFFFFFFFFFFFFFFFFFFFFFFFFFF0E
:10030000FFFFFFFFFFFFFFFFFFFFFFFFFFFFFFFFFD
:10031000FFFFFFFFFFFFFFFFFFFFFFFFFFFFFFFFED
:10032000FFFFFFFFFFFFFFFFFFFFFFFFFFFFFFFFDD
:10033000FFFFFFFFFFFFFFFFFFFFFFFFFFFFFFFFCD
:10034000FFFFFFFFFFFFFFFFFFFFFFFFFFFFFFFFBD
:10035000FFFFFFFFFFFFFFFFFFFFFFFFFFFFFFFFAD
:10036000FFFFFFFFFFFFFFFFFFFFFFFFFFFFFFFF9D
:10037000FFFFFFFFFFFFFFFFFFFFFFFFFFFFFFFF8D
:10038000FFFFFFFFFFFFFFFFFFFFFFFFFFFFFFFF7D
:10039000FFFFFFFFFFFFFFFFFFFFFFFFFFFFFFFF6D
:1003A000FFFFFFFFFFFFFFFFFFFFFFFFFFFFFFFF5D
:1003B000FFFFFFFFFFFFFFFFFFFFFFFFFFFFFFFF4D
:1003C000FFFFFFFFFFFFFFFFFFFFFFFFFFFFFFFF3D
:1003D000FFFFFFFFFFFFFFFFFFFFFFFFFFFFFFFF2D
:1003E000FFFFFFFFFFFFFFFFFFFFFFFFFFFFFFFF1D
:1003F000FFFFFFFFFFFFFFFFFFFFFFFFFFFFFFFF0D
:10040000FFFFFFFFFFFFFFFFFFFFFFFFFFFFFFFFFC
:10041000FFFFFFFFFFFFFFFFFFFFFFFFFFFFFFFFEC
:10042000FFFFFFFFFFFFFFFFFFFFFFFFFFFFFFFFDC
:10043000FFFFFFFFFFFFFFFFFFFFFFFFFFFFFFFFCC
:10044000FFFFFFFFFFFFFFFFFFFFFFFFFFFFFFFFBC
:10045000FFFFFFFFFFFFFFFFFFFFFFFFFFFFFFFFAC
:10046000FFFFFFFFFFFFFFFFFFFFFFFFFFFFFFFF9C
:10047000FFFFFFFFFFFFFFFFFFFFFFFFFFFFFFFF8C
:10048000FFFFFFFFFFFFFFFFFFFFFFFFFFFFFFFF7C
:10049000FFFFFFFFFFFFFFFFFFFFFFFFFFFFFFFF6C
:1004A000FFFFFFFFFFFFFFFFFFFFFFFFFFFFFFFF5C
:1004B000FFFFFFFFFFFFFFFFFFFFFFFFFFFFFFFF4C
:1004C000FFFFFFFFFFFFFFFFFFFFFFFFFFFFFFFF3C
:1004D000FFFFFFFFFFFFFFFFFFFFFFFFFFFFFFFF2C
:1004E000FFFFFFFFFFFFFFFFFFFFFFFFFFFFFFFF1C
:1004F000FFFFFFFFFFFFFFFFFFFFFFFFFFFFFFFF0C
:10050000FFFFFFFFFFFFFFFFFFFFFFFFFFFFFFFFFB
:10051000FFFFFFFFFFFFFFFFFFFFFFFFFFFFFFFFEB
:10052000FFFFFFFFFFFFFFFFFFFFFFFFFFFFFFFFDB
:10053000FFFFFFFFFFFFFFFFFFFFFFFFFFFFFFFFCB
:10054000FFFFFFFFFFFFFFFFFFFFFFFFFFFFFFFFBB
:10055000FFFFFFFFFFFFFFFFFFFFFFFFFFFFFFFFAB
:10056000FFFFFFFFFFFFFFFFFFFFFFFFFFFFFFFF9B
:10057000FFFFFFFFFFFFFFFFFFFFFFFFFFFFFFFF8B
:10058000FFFFFFFFFFFFFFFFFFFFFFFFFFFFFFFF7B
:10059000FFFFFFFFFFFFFFFFFFFFFFFFFFFFFFFF6B
:1005A000FFFFFFFFFFFFFFFFFFFFFFFFFFFFFFFF5B
:1005B000FFFFFFFFFFFFFFFFFFFFFFFFFFFFFFFF4B
:1005C000FFFFFFFFFFFFFFFFFFFFFFFFFFFFFFFF3B
:1005D000FFFFFFFFFFFFFFFFFFFFFFFFFFFFFFFF2B
:1005E000FFFFFFFFFFFFFFFFFFFFFFFFFFFFFFFF1B
:1005F000FFFFFFFFFFFFFFFFFFFFFFFFFFFFFFFF0B
:10060000FFFFFFFFFFFFFFFFFFFFFFFFFFFFFFFFFA
:10061000FFFFFFFFFFFFFFFFFFFFFFFFFFFFFFFFEA
:10062000FFFFFFFFFFFFFFFFFFFFFFFFFFFFFFFFDA
:10063000FFFFFFFFFFFFFFFFFFFFFFFFFFFFFFFFCA
:10064000FFFFFFFFFFFFFFFFFFFFFFFFFFFFFFFFBA
:10065000FFFFFFFFFFFFFFFFFFFFFFFFFFFFFFFFAA
:10066000FFFFFFFFFFFFFFFFFFFFFFFFFFFFFFFF9A
:10067000FFFFFFFFFFFFFFFFFFFFFFFFFFFFFFFF8A
:10068000FFFFFFFFFFFFFFFFFFFFFFFFFFFFFFFF7A
:10069000FFFFFFFFFFFFFFFFFFFFFFFFFFFFFFFF6A
:1006A000FFFFFFFFFFFFFFFFFFFFFFFFFFFFFFFF5A
:1006B000FFFFFFFFFFFFFFFFFFFFFFFFFFFFFFFF4A
:1006C000FFFFFFFFFFFFFFFFFFFFFFFFFFFFFFFF3A
:1006D000FFFFFFFFFFFFFFFFFFFFFFFFFFFFFFFF2A
:1006E000FFFFFFFFFFFFFFFFFFFFFFFFFFFFFFFF1A
:1006F000FFFFFFFFFFFFFFFFFFFFFFFFFFFFFFFF0A
:10070000FFFFFFFFFFFFFFFFFFFFFFFFFFFFFFFFF9
:10071000FFFFFFFFFFFFFFFFFFFFFFFFFFFFFFFFE9
:10072000FFFFFFFFFFFFFFFFFFFFFFFFFFFFFFFFD9
:10073000FFFFFFFFFFFFFFFFFFFFFFFFFFFFFFFFC9
:10074000FFFFFFFFFFFFFFFFFFFFFFFFFFFFFFFFB9
:10075000FFFFFFFFFFFFFFFFFFFFFFFFFFFFFFFFA9
:10076000FFFFFFFFFFFFFFFFFFFFFFFFFFFFFFFF99
:10077000FFFFFFFFFFFFFFFFFFFFFFFFFFFFFFFF89
:10078000FFFFFFFFFFFFFFFFFFFFFFFFFFFFFFFF79
:10079000FFFFFFFFFFFFFFFFFFFFFFFFFFFFFFFF69
:1007A000FFFFFFFFFFFFFFFFFFFFFFFFFFFFFFFF59
:1007B000FFFFFFFFFFFFFFFFFFFFFFFFFFFFFFFF49
:1007C000FFFFFFFFFFFFFFFFFFFFFFFFFFFFFFFF39
:1007D000FFFFFFFFFFFFFFFFFFFFFFFFFFFFFFFF29
:1007E000FFFFFFFFFFFFFFFFFFFFFFFFFFFFFFFF19
:1007F000FFFFFFFFFFFFFFFFFFFFFFFFFFFFFFFF09
:10080000FFFFFFFFFFFFFFFFFFFFFFFFFFFFFFFFF8
:10081000FFFFFFFFFFFFFFFFFFFFFFFFFFFFFFFFE8
:10082000FFFFFFFFFFFFFFFFFFFFFFFFFFFFFFFFD8
:10083000FFFFFFFFFFFFFFFFFFFFFFFFFFFFFFFFC8
:10084000FFFFFFFFFFFFFFFFFFFFFFFFFFFFFFFFB8
:10085000FFFFFFFFFFFFFFFFFFFFFFFFFFFFFFFFA8
:10086000FFFFFFFFFFFFFFFFFFFFFFFFFFFFFFFF98
:10087000FFFFFFFFFFFFFFFFFFFFFFFFFFFFFFFF88
:10088000FFFFFFFFFFFFFFFFFFFFFFFFFFFFFFFF78
:10089000FFFFFFFFFFFFFFFFFFFFFFFFFFFFFFFF68
:1008A000FFFFFFFFFFFFFFFFFFFFFFFFFFFFFFFF58
:1008B000FFFFFFFFFFFFFFFFFFFFFFFFFFFFFFFF48
:1008C000FFFFFFFFFFFFFFFFFFFFFFFFFFFFFFFF38
:1008D000FFFFFFFFFFFFFFFFFFFFFFFFFFFFFFFF28
:1008E000FFFFFFFFFFFFFFFFFFFFFFFFFFFFFFFF18
:1008F000FFFFFFFFFFFFFFFFFFFFFFFFFFFFFFFF08
:10090000FFFFFFFFFFFFFFFFFFFFFFFFFFFFFFFFF7
:10091000FFFFFFFFFFFFFFFFFFFFFFFFFFFFFFFFE7
:10092000FFFFFFFFFFFFFFFFFFFFFFFFFFFFFFFFD7
:10093000FFFFFFFFFFFFFFFFFFFFFFFFFFFFFFFFC7
:10094000FFFFFFFFFFFFFFFFFFFFFFFFFFFFFFFFB7
:10095000FFFFFFFFFFFFFFFFFFFFFFFFFFFFFFFFA7
:10096000FFFFFFFFFFFFFFFFFFFFFFFFFFFFFFFF97
:10097000FFFFFFFFFFFFFFFFFFFFFFFFFFFFFFFF87
:10098000FFFFFFFFFFFFFFFFFFFFFFFFFFFFFFFF77
:10099000FFFFFFFFFFFFFFFFFFFFFFFFFFFFFFFF67
:1009A000FFFFFFFFFFFFFFFFFFFFFFFFFFFFFFFF57
:1009B000FFFFFFFFFFFFFFFFFFFFFFFFFFFFFFFF47
:1009C000FFFFFFFFFFFFFFFFFFFFFFFFFFFFFFFF37
:1009D000FFFFFFFFFFFFFFFFFFFFFFFFFFFFFFFF27
:1009E000FFFFFFFFFFFFFFFFFFFFFFFFFFFFFFFF17
:1009F000FFFFFFFFFFFFFFFFFFFFFFFFFFFFFFFF07
:100A0000FFFFFFFFFFFFFFFFFFFFFFFFFFFFFFFFF6
:100A1000FFFFFFFFFFFFFFFFFFFFFFFFFFFFFFFFE6
:100A2000FFFFFFFFFFFFFFFFFFFFFFFFFFFFFFFFD6
:100A3000FFFFFFFFFFFFFFFFFFFFFFFFFFFFFFFFC6
:100A4000FFFFFFFFFFFFFFFFFFFFFFFFFFFFFFFFB6
:100A5000FFFFFFFFFFFFFFFFFFFFFFFFFFFFFFFFA6
:100A6000FFFFFFFFFFFFFFFFFFFFFFFFFFFFFFFF96
:100A7000FFFFFFFFFFFFFFFFFFFFFFFFFFFFFFFF86
:100A8000FFFFFFFFFFFFFFFFFFFFFFFFFFFFFFFF76
:100A9000FFFFFFFFFFFFFFFFFFFFFFFFFFFFFFFF66
:100AA000FFFFFFFFFFFFFFFFFFFFFFFFFFFFFFFF56
:100AB000FFFFFFFFFFFFFFFFFFFFFFFFFFFFFFFF46
:100AC000FFFFFFFFFFFFFFFFFFFFFFFFFFFFFFFF36
:100AD000FFFFFFFFFFFFFFFFFFFFFFFFFFFFFFFF26
:100AE000FFFFFFFFFFFFFFFFFFFFFFFFFFFFFFFF16
:100AF000FFFFFFFFFFFFFFFFFFFFFFFFFFFFFFFF06
:100B0000FFFFFFFFFFFFFFFFFFFFFFFFFFFFFFFFF5
:100B1000FFFFFFFFFFFFFFFFFFFFFFFFFFFFFFFFE5
:100B2000FFFFFFFFFFFFFFFFFFFFFFFFFFFFFFFFD5
:100B3000FFFFFFFFFFFFFFFFFFFFFFFFFFFFFFFFC5
:100B4000FFFFFFFFFFFFFFFFFFFFFFFFFFFFFFFFB5
:100B5000FFFFFFFFFFFFFFFFFFFFFFFFFFFFFFFFA5
:100B6000FFFFFFFFFFFFFFFFFFFFFFFFFFFFFFFF95
:100B7000FFFFFFFFFFFFFFFFFFFFFFFFFFFFFFFF85
:100B8000FFFFFFFFFFFFFFFFFFFFFFFFFFFFFFFF75
:100B9000FFFFFFFFFFFFFFFFFFFFFFFFFFFFFFFF65
:100BA000FFFFFFFFFFFFFFFFFFFFFFFFFFFFFFFF55
:100BB000FFFFFFFFFFFFFFFFFFFFFFFFFFFFFFFF45
:100BC000FFFFFFFFFFFFFFFFFFFFFFFFFFFFFFFF35
:100BD000FFFFFFFFFFFFFFFFFFFFFFFFFFFFFFFF25
:100BE000FFFFFFFFFFFFFFFFFFFFFFFFFFFFFFFF15
:100BF000FFFFFFFFFFFFFFFFFFFFFFFFFFFFFFFF05
:100C0000FFFFFFFFFFFFFFFFFFFFFFFFFFFFFFFFF4
:100C1000FFFFFFFFFFFFFFFFFFFFFFFFFFFFFFFFE4
:100C2000FFFFFFFFFFFFFFFFFFFFFFFFFFFFFFFFD4
:100C3000FFFFFFFFFFFFFFFFFFFFFFFFFFFFFFFFC4
:100C4000FFFFFFFFFFFFFFFFFFFFFFFFFFFFFFFFB4
:100C5000FFFFFFFFFFFFFFFFFFFFFFFFFFFFFFFFA4
:100C6000FFFFFFFFFFFFFFFFFFFFFFFFFFFFFFFF94
:100C7000FFFFFFFFFFFFFFFFFFFFFFFFFFFFFFFF84
:100C8000FFFFFFFFFFFFFFFFFFFFFFFFFFFFFFFF74
:100C9000FFFFFFFFFFFFFFFFFFFFFFFFFFFFFFFF64
:100CA000FFFFFFFFFFFFFFFFFFFFFFFFFFFFFFFF54
:100CB000FFFFFFFFFFFFFFFFFFFFFFFFFFFFFFFF44
:100CC000FFFFFFFFFFFFFFFFFFFFFFFFFFFFFFFF34
:100CD000FFFFFFFFFFFFFFFFFFFFFFFFFFFFFFFF24
:100CE000FFFFFFFFFFFFFFFFFFFFFFFFFFFFFFFF14
:100CF000FFFFFFFFFFFFFFFFFFFFFFFFFFFFFFFF04
:100D0000FFFFFFFFFFFFFFFFFFFFFFFFFFFFFFFFF3
:100D1000FFFFFFFFFFFFFFFFFFFFFFFFFFFFFFFFE3
:100D2000FFFFFFFFFFFFFFFFFFFFFFFFFFFFFFFFD3
:100D3000FFFFFFFFFFFFFFFFFFFFFFFFFFFFFFFFC3
:100D4000FFFFFFFFFFFFFFFFFFFFFFFFFFFFFFFFB3
:100D5000FFFFFFFFFFFFFFFFFFFFFFFFFFFFFFFFA3
:100D6000FFFFFFFFFFFFFFFFFFFFFFFFFFFFFFFF93
:100D7000FFFFFFFFFFFFFFFFFFFFFFFFFFFFFFFF83
:100D8000FFFFFFFFFFFFFFFFFFFFFFFFFFFFFFFF73
:100D9000FFFFFFFFFFFFFFFFFFFFFFFFFFFFFFFF63
:100DA000FFFFFFFFFFFFFFFFFFFFFFFFFFFFFFFF53
:100DB000FFFFFFFFFFFFFFFFFFFFFFFFFFFFFFFF43
:100DC000FFFFFFFFFFFFFFFFFFFFFFFFFFFFFFFF33
:100DD000FFFFFFFFFFFFFFFFFFFFFFFFFFFFFFFF23
:100DE000FFFFFFFFFFFFFFFFFFFFFFFFFFFFFFFF13
:100DF000FFFFFFFFFFFFFFFFFFFFFFFFFFFFFFFF03
:100E0000FFFFFFFFFFFFFFFFFFFFFFFFFFFFFFFFF2
:100E1000FFFFFFFFFFFFFFFFFFFFFFFFFFFFFFFFE2
:100E2000FFFFFFFFFFFFFFFFFFFFFFFFFFFFFFFFD2
:100E3000FFFFFFFFFFFFFFFFFFFFFFFFFFFFFFFFC2
:100E4000FFFFFFFFFFFFFFFFFFFFFFFFFFFFFFFFB2
:100E5000FFFFFFFFFFFFFFFFFFFFFFFFFFFFFFFFA2
:100E6000FFFFFFFFFFFFFFFFFFFFFFFFFFFFFFFF92
:100E7000FFFFFFFFFFFFFFFFFFFFFFFFFFFFFFFF82
:100E8000FFFFFFFFFFFFFFFFFFFFFFFFFFFFFFFF72
:100E9000FFFFFFFFFFFFFFFFFFFFFFFFFFFFFFFF62
:100EA000FFFFFFFFFFFFFFFFFFFFFFFFFFFFFFFF52
:100EB000FFFFFFFFFFFFFFFFFFFFFFFFFFFFFFFF42
:100EC000FFFFFFFFFFFFFFFFFFFFFFFFFFFFFFFF32
:100ED000FFFFFFFFFFFFFFFFFFFFFFFFFFFFFFFF22
:100EE000FFFFFFFFFFFFFFFFFFFFFFFFFFFFFFFF12
:100EF000FFFFFFFFFFFFFFFFFFFFFFFFFFFFFFFF02
:100F0000FFFFFFFFFFFFFFFFFFFFFFFFFFFFFFFFF1
:100F1000FFFFFFFFFFFFFFFFFFFFFFFFFFFFFFFFE1
:100F2000FFFFFFFFFFFFFFFFFFFFFFFFFFFFFFFFD1
:100F3000FFFFFFFFFFFFFFFFFFFFFFFFFFFFFFFFC1
:100F4000FFFFFFFFFFFFFFFFFFFFFFFFFFFFFFFFB1
:100F5000FFFFFFFFFFFFFFFFFFFFFFFFFFFFFFFFA1
:100F6000FFFFFFFFFFFFFFFFFFFFFFFFFFFFFFFF91
:100F7000FFFFFFFFFFFFFFFFFFFFFFFFFFFFFFFF81
:100F8000FFFFFFFFFFFFFFFFFFFFFFFFFFFFFFFF71
:100F9000FFFFFFFFFFFFFFFFFFFFFFFFFFFFFFFF61
:100FA000FFFFFFFFFFFFFFFFFFFFFFFFFFFFFFFF51
:100FB000FFFFFFFFFFFFFFFFFFFFFFFFFFFFFFFF41
:100FC000FFFFFFFFFFFFFFFFFFFFFFFFFFFFFFFF31
:100FD000FFFFFFFFFFFFFFFFFFFFFFFFFFFFFFFF21
:100FE000FFFFFFFFFFFFFFFFFFFFFFFFFFFFFFFF11
:100FF000FFFFFFFFFFFFFFFFFFFFFFFFFFFFFFFF01
:10100000D1002043F1150060000000000000000046
:10101000201000600010006000DC03600000000091
:101020000000006000E8030000000000FFFFFFFF79
:10103000FFFFFFFFFFFFFFFFFFFFFFFFFFFFFFFFC0
:10104000FFFFFFFFFFFFFFFFFFFFFFFFFFFFFFFFB0
:10105000FFFFFFFFFFFFFFFFFFFFFFFFFFFFFFFFA0
:10106000FFFFFFFFFFFFFFFFFFFFFFFFFFFFFFFF90
:10107000FFFFFFFFFFFFFFFFFFFFFFFFFFFFFFFF80
:10108000FFFFFFFFFFFFFFFFFFFFFFFFFFFFFFFF70
:10109000FFFFFFFFFFFFFFFFFFFFFFFFFFFFFFFF60
:1010A000FFFFFFFFFFFFFFFFFFFFFFFFFFFFFFFF50
:1010B000FFFFFFFFFFFFFFFFFFFFFFFFFFFFFFFF40
:1010C000FFFFFFFFFFFFFFFFFFFFFFFFFFFFFFFF30
:1010D000FFFFFFFFFFFFFFFFFFFFFFFFFFFFFFFF20
:1010E000FFFFFFFFFFFFFFFFFFFFFFFFFFFFFFFF10
:1010F000FFFFFFFFFFFFFFFFFFFFFFFFFFFFFFFF00
:10110000FFFFFFFFFFFFFFFFFFFFFFFFFFFFFFFFEF
:10111000FFFFFFFFFFFFFFFFFFFFFFFFFFFFFFFFDF
:10112000FFFFFFFFFFFFFFFFFFFFFFFFFFFFFFFFCF
:10113000FFFFFFFFFFFFFFFFFFFFFFFFFFFFFFFFBF
:10114000FFFFFFFFFFFFFFFFFFFFFFFFFFFFFFFFAF
:10115000FFFFFFFFFFFFFFFFFFFFFFFFFFFFFFFF9F
:10116000FFFFFFFFFFFFFFFFFFFFFFFFFFFFFFFF8F
:10117000FFFFFFFFFFFFFFFFFFFFFFFFFFFFFFFF7F
:10118000FFFFFFFFFFFFFFFFFFFFFFFFFFFFFFFF6F
:10119000FFFFFFFFFFFFFFFFFFFFFFFFFFFFFFFF5F
:1011A000FFFFFFFFFFFFFFFFFFFFFFFFFFFFFFFF4F
:1011B000FFFFFFFFFFFFFFFFFFFFFFFFFFFFFFFF3F
:1011C000FFFFFFFFFFFFFFFFFFFFFFFFFFFFFFFF2F
:1011D000FFFFFFFFFFFFFFFFFFFFFFFFFFFFFFFF1F
:1011E000FFFFFFFFFFFFFFFFFFFFFFFFFFFFFFFF0F
:1011F000FFFFFFFFFFFFFFFFFFFFFFFFFFFFFFFFFF
:10120000FFFFFFFFFFFFFFFFFFFFFFFFFFFFFFFFEE
:10121000FFFFFFFFFFFFFFFFFFFFFFFFFFFFFFFFDE
:10122000FFFFFFFFFFFFFFFFFFFFFFFFFFFFFFFFCE
:10123000FFFFFFFFFFFFFFFFFFFFFFFFFFFFFFFFBE
:10124000FFFFFFFFFFFFFFFFFFFFFFFFFFFFFFFFAE
:10125000FFFFFFFFFFFFFFFFFFFFFFFFFFFFFFFF9E
:10126000FFFFFFFFFFFFFFFFFFFFFFFFFFFFFFFF8E
:10127000FFFFFFFFFFFFFFFFFFFFFFFFFFFFFFFF7E
:10128000FFFFFFFFFFFFFFFFFFFFFFFFFFFFFFFF6E
:10129000FFFFFFFFFFFFFFFFFFFFFFFFFFFFFFFF5E
:1012A000FFFFFFFFFFFFFFFFFFFFFFFFFFFFFFFF4E
:1012B000FFFFFFFFFFFFFFFFFFFFFFFFFFFFFFFF3E
:1012C000FFFFFFFFFFFFFFFFFFFFFFFFFFFFFFFF2E
:1012D000FFFFFFFFFFFFFFFFFFFFFFFFFFFFFFFF1E
:1012E000FFFFFFFFFFFFFFFFFFFFFFFFFFFFFFFF0E
:1012F000FFFFFFFFFFFFFFFFFFFFFFFFFFFFFFFFFE
:10130000FFFFFFFFFFFFFFFFFFFFFFFFFFFFFFFFED
:10131000FFFFFFFFFFFFFFFFFFFFFFFFFFFFFFFFDD
:10132000FFFFFFFFFFFFFFFFFFFFFFFFFFFFFFFFCD
:10133000FFFFFFFFFFFFFFFFFFFFFFFFFFFFFFFFBD
:10134000FFFFFFFFFFFFFFFFFFFFFFFFFFFFFFFFAD
:10135000FFFFFFFFFFFFFFFFFFFFFFFFFFFFFFFF9D
:10136000FFFFFFFFFFFFFFFFFFFFFFFFFFFFFFFF8D
:10137000FFFFFFFFFFFFFFFFFFFFFFFFFFFFFFFF7D
:10138000FFFFFFFFFFFFFFFFFFFFFFFFFFFFFFFF6D
:10139000FFFFFFFFFFFFFFFFFFFFFFFFFFFFFFFF5D
:1013A000FFFFFFFFFFFFFFFFFFFFFFFFFFFFFFFF4D
:1013B000FFFFFFFFFFFFFFFFFFFFFFFFFFFFFFFF3D
:1013C000FFFFFFFFFFFFFFFFFFFFFFFFFFFFFFFF2D
:1013D000FFFFFFFFFFFFFFFFFFFFFFFFFFFFFFFF1D
:1013E000FFFFFFFFFFFFFFFFFFFFFFFFFFFFFFFF0D
:1013F000FFFFFFFFFFFFFFFFFFFFFFFFFFFFFFFFFD
:10140000824205D051F8043B40F8043B8242F9D8AF
:10141000704700BF044A05494FF0000342F8043BFF
:101420009142FBD8704700BFC0FE0020E0210120A0
:1014300080B5BFF34F8F01F03DFC544C544B082056
:101440005449C3F85401544AC3F800115348C3F82F
:10145000F0405349FFF7D4FF524A53495348FFF72E
:10146000CFFF534CFFF7D6FF4FF470004FF0E02151
:101470000023504AC1F8880D44F823200133B02BD3
:10148000FAD14D4B80214D4A03F8011B9342FBD109
:101490004FF0E0254A4F4B4A4FF0FF31C5F8084D59
:1014A0000026D5F8243D43F4E023C5F8243DFB692C
:1014B00023F07F0343F04003FB617B6A23F07F034B
:1014C00043F040037B629166D1661167516701F07A
:1014D000F9FB3D4B63223D49A3633D4BE36303238B
:1014E0006A613C4AAE612B61C5F8202DD5F8FC2D10
:1014F000394B42F08072C5F8FC2D1A6842F00102A7
:101500001A605B680B6001F0A1FD344801F098FFA0
:10151000F96E334B334A41F44051F9661E60C3F80B
:101520000861C3F81861C3F82861C3F83861936B88
:10153000DB0708D442F615632B4951651365936B9D
:1015400043F001039363274A284C936843F0011347
:10155000936001F041FC01F0DDFE01F09DFF01F020
:10156000A3FD01F0A9FB2368132BFCD901F034FE85
:101570002368B3F5967FFBD301F0A2FB01F09EFB3D
:1015800001F06EFF01F068FF30BFFDE70C0D111395
:1015900000800D401B101820F876020000000000AB
:1015A00074620060C0FE002070D90260000000205C
:1015B00000FC00203DCF010000E400E0A0E400E0DA
:1015C00000C00F4000C00A4045E30100381D012063
:1015D00049E3010000002020001000E00046C32382
:1015E0000040084000400D400000C056401D012052
:1015F000054B4FF42A01054A05485A641864054A08
:1016000099639546FFF714FF00C00A40FFABAAAAF2
:1016100007002000008005200F4B1B6813B915E060
:101620009B69A3B193F800C08445F9D110B45C68FC
:101630008C420DD09B6933B193F800C08445F6D03D
:101640009B69002BF8D15DF8044B704770477047D9
:101650005DF8044B5A617047A00D012038B5037A3C
:1016600004460D3B1B2B16D8DFE803F00E151515AD
:1016700015482944151515151515151515151515A4
:1016800015151515151515460D21002001F03CF80E
:101690001B4B186070B1012100236218084601F04D
:1016A00077FE40B10022217801F092FE6078FF3889
:1016B00018BF012038BDFF230020637038BD114DD5
:1016C000012100236218084601F062FE0028F2D0D2
:1016D0002178002201F07CFE237A0B4A190102EBEB
:1016E00003135258DB68C5E900236078FF3818BF40
:1016F000012038BD054DE3E7054DE1E7054DDFE786
:10170000F817012030010120E8750020E8170120BA
:10171000F0170120580101202DE9F84F0446002858
:1017200050D0DFF8D8A0DAF8000000284AD0DFF85F
:10173000D0B020462C4F9BF8B430DFF8C8805A0751
:1017400029492A4A44BF4FF0FF33FB62D8F80030E2
:101750005B0801F039FE002836D0B8684FF6FE79F4
:101760000925484512D90226204A1F49D8F80030D9
:10177000760020460135B3FBF6F301F025FEB8688C
:10178000484503D90F2D1849184AEFD19BF8B430BA
:1017900002462946DAF80000C3F3800300F0DCFFBC
:1017A00097F82030124A6FF3000387F82030A37AAD
:1017B00020460D4913F0010F626208BF002101F0BD
:1017C0001BFE0120BDE8F88FE36893F820305B062C
:1017D00005D50146636A9FED070A20469847002316
:1017E000054AA363E3E700BFFC170120C8160120E8
:1017F000C50F000000000000410E0000F817012096
:101800001416012060E6002038B504461C2001F0C3
:1018100033FEA8B1054661682068A268AC46E3685B
:10182000ACE80F0061692069074AACE8030013685F
:101830000021A9612BB11A469B69002BFBD1956150
:1018400038BD156038BD00BFA00D01202DE9F0475F
:10185000334C0F46334D9046237F002643F001035F
:10186000237755F8083C2046627FA3F1010115F863
:101870000E9C15F818ECB1FA81F1A36026710136BF
:101880004909E560C4F814902C3561F3041284F81A
:1018900005E04146627755F81C3C2361B8470F2E9E
:1018A000DFD1214D0223DFF878A005F50C79A38361
:1018B000EB68721C4146504633F0020C0FD095F88D
:1018C00008E095F800C026711646A3606A686B6947
:1018D000C4F814E0E26084F805C02361B8471C3501
:1018E0004D45E5D1114B1D68BDB1DFF8349005E0E1
:1018F000414648462361B847AD6975B1EA6826712B
:1019000001366B6962612A7862716868A060002B99
:10191000EED101F07DFD0346EAE7BDE8F08700BFA8
:10192000D00D0120A0EF0020CCF20020A00D01205E
:101930002DE9F043424C83B0424F814604F50C78C8
:1019400002E01C3444451CD0E36801210B2BF8D085
:10195000257A6668284601F01FFDE3682A0107EB37
:1019600005150C2BB958EA68C6E90012E9D162687E
:101970001C346B4610684445516803C3C0F8881096
:10198000E2D1314A0021314B31481960D36E43F422
:101990004053D3662F4BC0F828322F4D02222F4BD5
:1019A0004FF0E02485F87A204FF08062C4F80C21D3
:1019B000DA8B22F001021204120CDA834FF4835204
:1019C000D9809A8140229A82254AC0F860224FF439
:1019D000807285F88810C4F81021DA8B92B242F038
:1019E0000102DA831F4BC0F8B4321F4B0126D7F82F
:1019F000D400DA8B1D4C02F001021D4DDA8341F256
:101A00002422D9809A810522DA81DA8B92B242F0BF
:101A10000102DA830660484699F80030A3F1170303
:101A2000B3FA83F35B092370D5F80C31984730463D
:101A3000D5F888309847207803B0BDE8F08300BF20
:101A4000CCF20020E875002000C00F4000400840A4
:101A500000FC0020690D000000E400E000801E4052
:101A60000D0700006912000000001E408C210120BB
:101A700098080120B04B1B78002B00F0C1812DE9A4
:101A8000F04F0C46AD4D002183B00646D5F890309E
:101A900008469847E10700F1B481A94AB0EE006A10
:101AA000A848938AA84923F03003D6ED437ADFEDA6
:101AB000A75A1B0477EEE57A1B0C938237EE866AF1
:101AC00002682B6AA248A1FB0343A1FB02129B0CF4
:101AD000920C07EE103A06EE902A95F80822B8EE1E
:101AE000C77AF8EEE66A920727EE067A67EEA67ADC
:101AF000BCEEC77AFCEEE77A80ED027A17EE903AF8
:101B0000C0ED007A00F13E8192498D4A9BB2C5F842
:101B100098101380938A904923F080031B041B0CB8
:101B2000938293899BB293818C4BC1F8603296F873
:101B300027114FF0E02296F828314FF00F0A884C19
:101B40004B40A4F51A7B13F0040F03F0010714BFF8
:101B50000221012113F0020F4FF00053019107F110
:101B60000107C2F8903114BF0223012300932269B8
:101B70000AF1FF3AB2F5801F06D02C2303FB0AB30B
:101B800019896FF3491119812378013B292B3ED81C
:101B9000DFE813F0F500F2003D003D003D00CE000F
:101BA0003D003D003D003D003D003D003D003D004D
:101BB0003D003D003D003D003D003D003D003D003D
:101BC0003D003D003D003D003D003D003D00BD00AD
:101BD000BD00BD003D003D00B000B000B0003D00C4
:101BE0003D002A002A002A0096F828312C2101986D
:101BF00013F0040F01FB0AB114BF02230123DB0021
:101C000043EA4013088920F47E7003430B8195F862
:101C1000083213F001030AD02C23A2F5807203FBD3
:101C20000AB3B2FA82F25B7A520942EAD3132C2247
:101C300002FB0AB2117A507A01F0180163F3C7105F
:101C4000082950720CBF02210321A07A01F0A4FBE5
:101C5000A369B3F1844F00F0CF80424A934200F071
:101C6000CD8002F58042934214BF032302236269B0
:101C700084F820301AB1A169E369116053602389A7
:101C800013F4787940F097802C3CBAF1000F7FF480
:101C90006EAF354CDFF8D880DFF8D890A4F1780724
:101CA00094F86100FF2819D094F862104246A9B157
:101CB00094F860301C2B29FA03FC02D81CF0010FA9
:101CC0000CD18B0707D0B6F89C10B4F864301942D9
:101CD00014BF02210121D5F86C319847183CBC4251
:101CE000DED14FF0E0234FF00052C3F8102103B0D3
:101CF000BDE8F08F96F828312C21009813F0020FE0
:101D000001FB0AB114BF02230123DB0078E796F838
:101D100028112C207B0101F0010100FB0AB00131E8
:101D200043EAC103018921F47E710B4303816EE70D
:101D30000E4B63616BE700BF8C21012098080120E6
:101D400000801E4060E6002083DE1B43CDCC4C3E6D
:101D5000001C0120BD01000000FC00200D07000058
:101D6000F0F100200040004210EC00206001012052
:101D7000F9100000004000142B4B636147E72B4B28
:101D8000636144E7D6ED447AF5EEC07AF1EE10FADD
:101D90007FF7BAAE77EEE57A2549F4EEE57AF1EE13
:101DA00010FA98BFDFED237A67EEA67AFCEEE77AA9
:101DB000C0ED017AA9E62C22204602FB0AB8B8F849
:101DC0000810C1F3441101F0DFFAA1690868E16964
:101DD000084214BF01210021B9F1800F88F82210B8
:101DE0003FF452AF98F82210B9F1400F18BF81F0BC
:101DF000010188F8221047E7002338E7012336E77E
:101E000070470D4C012194F9000001F039FBFFF7F8
:101E100083FC01F0C5FA94F9003098427FF43DAE9E
:101E200001F022FB39E600BF20010120280101203A
:101E300011030000CDCCCC3EFEF90020884B1A687F
:101E40002DE9F04F89B0002A00F00683854A8649C3
:101E50002C27864B864C874ED4630024864ADFF8B5
:101E6000C0B2126803C99980090C1860997183493E
:101E70005C71A1FB0212C1B2920CA1424FF07E51E3
:101E8000726218BF1A464FF48063F1617C4908BF43
:101E90002246B3627B4B7163F3637B4B7B49C6F88D
:101EA00084307B4BF2607B4AC6E922137A49B263E5
:101EB000C6F8A01079497A4A71677A497A4B7160FD
:101EC0007A49C6F80C21B160794A7A49C6E92523D6
:101ED0003161794B79497A4AC6F890307161794B12
:101EE0007949C6E91623B161784B7949794A31625B
:101EF000B367794B7949C6F8EC31794BF266794A88
:101F0000C6E91313784B7949C6E91023784B794A0F
:101F1000C6F8E431784BB164C6F8D8317749784BCC
:101F2000C6F8E021774AC6E96813774BC6E9512322
:101F300000F012FE00F032FE01F022FA01F0A8FAE1
:101F400096F80832714A032123F07F032046069257
:101F500043F07F030792C6F8142286F808326C4BD0
:101F60006C4AC6F8D0316C4B02F52578ADF81440B8
:101F7000ADF81840A6F81842C6F8D4311346674C9D
:101F8000DFF8ACE1DFF8A4C186F8AC1186F81A12CC
:101F900010E012F4C06F09D0DEF80420002A00F02F
:101FA000B8819EF8002001328EF800202C330130D9
:101FB00043454AD0574A07FB0022117941F00101FD
:101FC0001171117A41F00101117293F80AA01A6996
:101FD0004FEA0A11B2F5801F6158996104EB0A11AA
:101FE000C968D961D5D1DCF80420002A00F08E81BF
:101FF0009CF800900125474A09F13E0183F82190A1
:1020000007FB00221970918821F47E714904490C64
:1020100041F4034141F0F8019180117A65F3C40164
:10202000117209EB05023E498CF8002000220D7B5D
:10203000FF2DBBD0AA4500F0558101321831052A89
:10204000F5D12C3301304345B4D1364D0020DFF8B3
:10205000E4E02B4605F50C7CDFF8DC80324F75E0C0
:102060003C1D012000FC002050880020200D012094
:10207000910D00009808012064E6002083DE1B43D8
:10208000F9060000B90D0000250100000D0C00004C
:10209000B100000031190060A90000001D0D000012
:1020A000751A006058880020BD0100006488002077
:1020B0006D0100006C8800207D00000094880020E5
:1020C000750A00007D090000A08800206D06000050
:1020D00000366E0119050000E9060000E106000067
:1020E000E5060000B5060000C1060000D5060000A8
:1020F00071090000690000004D18006009180060B7
:10210000191600600D090000F50800000700020024
:10211000C508000088EF0020DD080000E8750020F9
:1021200010EC0020CCF20020700301206803012095
:10213000340B012088EC002060030120BAF10B0F62
:1021400000F0F7801C33013063453CD0C0EBC00287
:102150004FEAC00B05EB8202117C41F002011174C1
:102160001A7AD3F804901101D3F80CA06158BAF18F
:10217000090FC9F8001004EB0211C968C9F804106E
:10218000DCD17968002900F0E98097F800A04FF0D1
:102190000509DFF8DCB2AAF16F0103931970494613
:1021A000DBF844300139002B00F0B680ABF1100BA6
:1021B0000029F5D1039B1C330AF1010A0130634564
:1021C00087F800A0C2D1A649A64800F075F998F892
:1021D0000030002B40F03B81A34C01F029F9DFF8DF
:1021E000CC92DFF8CC8204F17805A04F6078FF280C
:1021F00000F0B9802369002B00F0D9800023621C15
:102200000120194601F0C4F80346002800F0CC80F4
:10221000DA685B69A2602246237312F8041B01F09E
:10222000D7F82378032B09D1236996F808223B605D
:10223000C2F30002597A62F3C71159721834A542E9
:10224000D4D18B4CDFF86C8204F1500765682046CE
:10225000012D00F0C380237AFF2B00F0DC8063782F
:10226000FF2B01D0FFF7FAF91034BC42EED18148C0
:1022700001F082F88049814801F0A2F8804B814C3E
:10228000187001F099F801211B2001F085F8012157
:10229000162001F081F801F0C3F840F20113024664
:1022A0001B201A4214BF01210021217001F094F873
:1022B0002378002B40F0C680734B744A186B744C23
:1022C000106030687349A0F10A00734A1C63B0FAC9
:1022D00080F0D3F8EC40C3F8EC2040090C6009B062
:1022E000BDE8F08F8D68002D7FF4A7AE02EB4202AF
:1022F0000BEBC2011BF832200E2A81F801900B6112
:102300007FF454AE4FF004028A704FE6CCF80430EC
:102310006EE6CEF8043044E69BF8489091457FF491
:1023200045AF0EEB0119039B89F801A0C9F80C30E9
:1023300041E7D8F804209AB1ABEB000B05EB8B0B0F
:102340009BF8112042F008028BF8112098F8002029
:10235000511C573A88F800101A70F3E67B6014E7B6
:10236000C8F80430E8E7A3784FF0000A03F01F0331
:102370005B0143F4804363F30F0A237BFE2B58D0A9
:10238000FF2B7FF45BAF52464B46002101200094A7
:1023900001F042F800283FF451AFB6F81032A2889D
:1023A0001343A6F8103249E7FF23637046E73B4A20
:1023B0000F2303E02C3A002B3FF420AFD2F8781221
:1023C000013BB1F5801FF5D192F889128142F1D11C
:1023D0002C22324902FB031323610FE743462946AF
:1023E0004FF4A0322846009401F016F800283FF47C
:1023F0003BAF621C00232946284600F0C9FF00229B
:10240000E06000283FF430AF217800F0E1FF204683
:10241000FFF724F928E7012143464FF48042009456
:10242000084600F0F9FF03462046002B3FF41CAF9E
:1024300018E74346524600210120009400F0ECFFCB
:10244000237B9DE70021162000F0C6FF34E71449E6
:10245000144800F0AFF8BFE6134AD16B1960F6E4F8
:10246000700301206803012010EC0020F404012017
:1024700088EC0020FCEC00203C940020A434006098
:10248000FEF900209521012068070120180D012088
:10249000950B0000080D01206D0B000088EF002057
:1024A000600301205803012000FC00208108000087
:1024B00075000000150B000010B50E4A86B090F8AC
:1024C00000E04068EC460C4B106048680B4A83F80B
:1024D00000E010600A4C0A78DA700FCCACE80F000C
:1024E00094E803008CE80300684600F081FF06B022
:1024F00010BD00BF78030120C40401208003012027
:10250000180700202DE9F04FDFF8A49083B0D0F831
:102510000C808246D9F8002008460E4608F10401D6
:102520005208019100F070FF074600B3D8F8082068
:102530004FF6FE7B09245A4512D902250199D9F894
:1025400000206D00304601910134B2FBF5F200F03D
:102550005BFFD8F808205A4502D90F2C0199EED11B
:102560002146D8F80000337E00F0F6F818B9384656
:1025700003B0BDE8F08F0C4A9AF80430D2789A4242
:1025800010D90A4AC3EBC303717E0746126881F073
:10259000010002EB8302537C60F3041361F34513E3
:1025A0005374E4E70746E2E7500301208403012067
:1025B00060E600202DE9F0473B4E3C4B3C4F3D4D43
:1025C0002DED028B02788CB032706C4642681A6036
:1025D0004B683B600B78F3700FCD0FC42B686846D7
:1025E000236000F0E1FE002859D0F378002B56D08C
:1025F000314A1C213D680020059211FB03512F4AEE
:102600002B4606900B9007920A92CDE908005A7C5F
:102610001C33D20648BF01308B42F8D1DFF8A490BA
:102620004FF0000828219FED268A00F0DDFE444689
:10263000C9F8000000E03D68C4EBC4035FFA84FA07
:1026400005EB83029D00537CDB061FD5D9F80030D3
:102650000020DBB1117A5FFA84FA00F055F80246E7
:1026600008EB880E08F1010C01207AB13B68D9F81B
:1026700000102B4441F83E20514683F81880E04674
:1026800000F0AEFE002205A9FFF73CFFB0EE480ABD
:10269000504600F08DFE0134F378A342CBD80CB045
:1026A000BDEC028BBDE8F087500301207C030120C4
:1026B000840301203007002000409C450000C842F0
:1026C00000000000EC0E0120362912D80B4B13F845
:1026D000310078B10A4A03EBC10113685BB1094AC2
:1026E00002EB830200E033B152F8040D013B884253
:1026F000F9D1002070470120704700BF185E0060CC
:10270000A40C0120F00E0120362917D80F4B13F826
:10271000310090B103EBC10070B40D4D0D4E2C682B
:1027200074B106EB8402234600E04BB152F8041D5D
:10273000013B8842F9D1002006E070470020704735
:10274000631C46F824002B6070BC7047185E006064
:10275000A40C0120F00E01202DE9F04190F801C0F9
:102760003725564C0CF0030C00E02DB1A04205F1CA
:10277000FF35A4F10804F8D190F800E0BEF1010F94
:1027800032D0BEF1020F05D0BEF1000018BF01200B
:10279000BDE8F08149024468002B42F2240601F4AE
:1027A000F05104EB4C1314BF0F270D270E430021EB
:1027B00092B29981DF814FEA4C17D980E2531A8295
:1027C0009E810123E28B03FA0CF313439BB2E38354
:1027D0003B4BC278BEF1000003EB051318BF01208C
:1027E0005B681A60BDE8F0814468364EB4425FD041
:1027F0004FD8A6F50046B44254D006F58046B44200
:1028000004D1314FBE6F46F44026BE6709010CEB80
:102810004C07CEB24FF4704104EB4717A4F88C116B
:102820000F2146F48066A4F88E110021A4F89011BF
:10283000B4F8881189B241F0F001A4F888114FF47E
:102840006041B980FE8023B181784FF480738B4062
:102850009BB20CEB4C0192B204EB41114B84002370
:102860000B867B804B81CA814B82CB824B83CB838F
:102870000123B4F8882103FA0CF313439BB2A4F8A4
:102880008831B4F888319BB243F47063A4F888317E
:102890009EE70E4EB442B9D10B4FBE6F46F44006D0
:1028A000BE67B3E7084FBE6F46F44036BE67ADE77C
:1028B000054FBE6F46F44016BE67A7E7C85F0060CD
:1028C000E875002000403E4000C00F4000803E40C0
:1028D00007EE901A9FED297A0422B6EE005AF8EE20
:1028E000677A9FED276A944641F6FF71C7EE275A33
:1028F00000B54FF0010E07EE902AF8EEE77A85EE6C
:10290000A77A77EE057AFDEEE77A17EE903A8B42DA
:10291000A8BF0B46012BB8BF012307EE903AF8EE93
:10292000E76A76EEC76AC6EE877AF5EEC07AF1EE10
:1029300010FA48BFF1EE677AF4EEC67AF1EE10FABB
:1029400003D8B0EE676A94469E460132212AD2D15E
:102950000CF1FF33BCF1080F02684FF00100CCBF4F
:102960004FF0000C4FF0010C1B064EEA4C4E03F0EA
:10297000F85343EA0E0313615DF804FB001BB74BE9
:10298000EC78AD6038B504464068354BA568026800
:102990002A43344D0260227D03EB0212D2E901206A
:1029A0000560A0691060E2690AB1206A106094F8BD
:1029B0002420D92503EB0213D3E901200560D4E9D3
:1029C0000A0310600BB1226B1A602046264DFFF7F8
:1029D0007FFF236800210120D960237B03F01F02C1
:1029E0004FEA531C103300FA02F245F82C202569F7
:1029F0001E4A42F823501E4B227B1E4DD154237B8E
:102A0000226803F01F015B0900FA01F145F8231069
:102A1000936A13F0700FC3F3021106D002208840AE
:102A20000F28D4BFC0F341010321936A9B0003F038
:102A30001C030F2B10D8DB0303F4403319434FF46E
:102A40007014D162936A43F088039362946153696E
:102A500023F08053536138BD4FF44033EEE700BF9D
:102A6000E875002038F0010080E100E000FC002063
:102A700000E400E000E100E070B5154EB37C9A0779
:102A800023D443F00203054613F04004B37405D089
:102A90002946104800F0DCFC0E4870BD40F20C42A4
:102AA00021460D4800F0C8FC4FF4027221460B4845
:102AB00000F0C2FC29460A48FFF764FFB378094AD0
:102AC00043F040031080B370E2E7002070BD00BF08
:102AD00008F900200460006014062020200A20204D
:102AE000D05F00608421012070B5154EB3789A073D
:102AF00023D443F00203054613F04004B37005D01D
:102B00002946104800F0A4FC0E4870BD40F20C426B
:102B100021460D4800F090FC4FF4027221460B480C
:102B200000F08AFC29460A48FFF72CFFB378094ACF
:102B300043F040031080B370E2E7002070BD00BF97
:102B400008F900205C600060000020200C042020B8
:102B50000CE400208821012038B50D4D0D4C05F105
:102B6000E400D4F8A031984705F1FC00D4F8A03176
:102B7000984705F58A70D4F8A031984705F5967006
:102B8000D4F8A03198470448BDE8384000F04CBC68
:102B9000D05F006098080120DCF9002010B5124CCD
:102BA00040F20C420021204600F046FC4FF48672B1
:102BB000002104F20C4000F03FFC04F58363C4F8EC
:102BC000143400F055FCB0F5807F084A084928BF4E
:102BD0004FF48070A0F11403106D08600549064899
:102BE000C4F81034116510BD280C2020680701209E
:102BF000F00C0120FDC00100146100602B4A00218F
:102C0000012310B4C2F8A000C2F8A410C2F8B0307A
:102C10005369DB07FCD501234FF48034234953610A
:102C2000C2F8A000C2F8A440C2F8B0304B69DC077B
:102C3000FCD501234FF400341C4A4B61C1F8A000BD
:102C4000C1F8A440C1F8B0305369D907FCD50123BD
:102C5000174C16495361C2F8A000C2F8A440C2F84C
:102C6000B0304B69DB07FCD5D1F8003145F60D508B
:102C700021249AB24C61824214D045F69D518A4279
:102C80000CD1C3F34253032B0CD0A3F104035DF822
:102C9000044BB3FA83F35B091801704700205DF819
:102CA000044B704708205DF8044B704700402A40F1
:102CB00004000300704700BF704700BF704700BFAB
:102CC00000BF704710B44FF0E023002110243248B9
:102CD000C3F8941DC3F89C4D1124C3F8A00D2F48D0
:102CE000C3F89C4D1224C3F8A00D2D48C3F89C4D89
:102CF0002C4AC3F8A00D2C4C42F015022B48C3F807
:102D00009C4DC3F8A00D2A4C2A48C3F89C4DC3F82B
:102D1000A00D294CC3F89C2D2848294AC3F8A04D82
:102D2000C3F89C0DC3F8A02D02F5A022254C0C324F
:102D30002548C3F89C4DC3F8A02D244AC3F89C0D28
:102D4000C3F8A02D02F14062214C02322148C3F8A1
:102D50009C4DC3F8A02D0A32C3F89C0DC3F8A02DDA
:102D600000BF00BF00BF00BF00BF0122C3F8942D09
:102D7000BFF34F8FBFF36F8FC3F8501FBFF34F8F59
:102D8000BFF36F8FD3F8142D5DF8044B42F440323B
:102D9000C3F8142D704700BF3F000010250008073E
:102DA00009001000E021012013002000210002078B
:102DB0001400002025000813090000101600202030
:102DC00027000B1317000040180000602F000B07AE
:102DD000190000701A000080F0B5824B1822824D55
:102DE0000120824F83B0C3F85C528149C3F86072FE
:102DF000804CC3F86452A5F530457F4EC3F8685245
:102E000048F20C75C3F86C42C3F87042C3F87442C0
:102E1000C3F878424FF0FF34DA661A675A679A6748
:102E2000DA67C3F88020C3F88420C3F88820C1F88B
:102E30002C03724AC1F83003C1F83403C1F83803D7
:102E4000C1F83C03C1F85003B1696D4B0A406D48AD
:102E50006D4913436D4AB361D6F8843043F00C03D7
:102E6000C6F88430036843F00203036003682B4014
:102E700021251A43664B026044608A68654C134002
:102E8000654A43F000538360C36823F07803C3604E
:102E9000036A134023430362036A13405F4A2343D8
:102EA00040F2056443628262C2620022D1F8B83007
:102EB00023F03F0343F00103C0F8B830D1F8BC3031
:102EC000574923F03F0343F00103C0F8BC300261CF
:102ED0000567C0F880404567C0F884400224036855
:102EE00023F00203036081614E4B4F49C46143F8F4
:102EF000042B8B42FBD1434D2B6843F001032B6025
:102F00002C6814F00104FBD14549022340F2F5621C
:102F10002046A96140F29941EB6140F26643C5F851
:102F2000002242F20142C5F81032404BC5F820128F
:102F3000C5F8303240F23543C5F834223C49C5F873
:102F400040323C4BC5F850123B4AC5F8543242F26D
:102F50000123C5F86022C5F86432FFF74FFE06462C
:102F6000002836D083024FF480222B660123C5F857
:102F7000A040244CC5F8A420C5F8B0306369DA0736
:102F8000FCD50125370565613846FFF737FE321855
:102F90002A4BD2B21A7078B180024FF480231949BB
:102FA0006066C4F8A070C4F8A430C4F8B0504B698F
:102FB000DB07FCD501234B61214900242148012373
:102FC0000094401A00EB02521F4800F05DFA03B073
:102FD000F0BD1D4B194A18601070D860C3E901009C
:102FE00003B0F0BD00801F40F9B00100F9100100EE
:102FF00000841F40F970010000C00F40FFFCFF1F5C
:103000000003008000402A4000802A401200FFFF99
:10301000FF37F7004000008000FFF07CFF000F83C7
:10302000F05AF05A00422A4000432A409F041830C8
:10303000EB06180A063201263806180A99210120E3
:10304000000000700000007064050120F0B4154A13
:1030500040274FF480314FF480564FF400554FF421
:10306000404443F24200136913F0020F0ED113F4EF
:10307000005F0FD013F4805F0ED0002BF3DA13F44F
:10308000803F0BD15B060BD5F0BC7047946151615A
:103090009061E8E75561E6E75661E4E79161E2E7B0
:1030A0005761E0E700800D403F4A03203F49F3EEBF
:1030B000095AD2F880304FF0000C9FED3D6A23F0A2
:1030C00001039FED3C5A30B4C2F88030C2F8900042
:1030D000D1F8E010384DCBB2384C39482B6007EEB0
:1030E000903A0B0DC1F30B21F8EEE77A06EE903A19
:1030F00007EE101A334BB8EEC77A2160F8EEE66A95
:10310000314937EEC66A37EEC55A76EEC76A77EEB2
:10311000E57A26EE266AC3ED006A25EE265AD2F835
:10312000803067EEA64AC0ED007AC6EE275A2748DF
:1031300085EE276AC4EEA76A75EE875AFCEEE55A5B
:1031400036EE076A15EE904ABCEEC66A43EA0453AF
:1031500076EE877AC2F8803016EE103AD2F89041B7
:10316000FCEEE77A01EA0341214317EE903AC2F8F8
:103170009011C3F30B03D2F890110B431449C2F81A
:103180009031D2F8803043F00203C2F88030114B06
:1031900080F840C0C1F840314FF0E023012230BC3C
:1031A000C3F80821704700BF00810D4000441F4054
:1031B0000000AA420000B442701301206C130120E9
:1031C00074130120781301200000FF0F00E400E0D9
:1031D00000FC002025D10100314B40F6617210B592
:1031E000C3F8202140F2044400F02EF92D4A2E4964
:1031F000D2F880302D4843F00303C2F880302C4BC6
:10320000C1F8604102681A4203D1D1F8A8319A0787
:103210001BD0254A4FF00041244B5963D2F840316E
:1032200043F00203C2F84031D2F840319B07FBD48F
:103230004FF400304FF0E0211C4B4FF00042C1F83A
:103240008C0219209A6300F0DBF8184A4FF0804096
:10325000154C002190630A20164B11604FF4207228
:10326000C4F8A801184600F0E7F84FF480020346BE
:103270004FF4810040F243111860C4F858311A64C9
:103280000D4B0E4AC4F84811C3F804224FF0E02257
:103290004FF400310123C2F80C11C4F8403110BDC5
:1032A00000800D4000C00F4000002E4000900D40F7
:1032B000001C1E000000002000FC00200DD30100B7
:1032C00008B50E4B1B6E9B0700D4FBBE72B60C4BB1
:1032D00000200C4AC3F8400103F160430A49A3F5FA
:1032E0005F2311649D46BFF34F8F4FF400130748CF
:1032F000074ADB6902609B68984700BF00441F4093
:1033000000002E4000C00A40030020000080202062
:10331000000012EB104BA020104AD96E41F440314E
:1033200010B4D96640F23764D96E41F44071D96661
:1033300054649064936C1B06FCD4094A40F23761D4
:10334000A02351649364936C13F08003FBD1054A6E
:1033500013705DF8044B704700C00F4000400C40F4
:1033600000800C4092210120F8B500BFF8BC08BCD9
:103370009E467047000000005FF800F0119E0100BB
:103380005FF800F05D9001005FF800F0D1170000D9
:103390005FF800F0ED8000005FF800F0E5C8010084
:1033A0005FF800F0F96001005FF800F09D85000013
:1033B0005FF800F0EDB701005FF800F0B1B2000077
:1033C0005FF800F0C95F01005FF800F0B968010024
:1033D0005FF800F0758200005FF800F091C801000E
:1033E0005FF800F05DB801005FF800F09D27020073
:1033F0005FF800F0298600005FF800F051610100DD
:103400005FF800F095C701005FF800F0E986000062
:103410005FF800F0111B00005FF800F00984000065
:103420005FF800F0D56E01005FF800F0958E0100A6
:103430005FF800F0016800005FF800F0E91C02008E
:103440005FF800F079C401005FF800F07DDA010058
:103450005FF800F0859001005FF800F08DCD01006D
:103460005FF800F0AD2202005FF800F06D6201002D
:103470005FF800F045E101005FF800F07D15020003
:103480005FF800F0A16001005FF800F0ADE5010019
:103490005FF800F0B1C901005FF800F06DE40100D1
:0434A00045000000E3
:1034A400000B00000000000000001B0100000000F1
:1034B4000000000000000000000000000000000008
:1034C40019170060C50F000011060000090600006E
:1034D400010F0000000000000000000000000000D8
:1034E40000000000D0880020ED0B00000300000065
:1034F400D488002001000000E888002002000000B9
:103504005C89002003000000D4890020040000002E
:10351400488A002005000000E48A0020060000001C
:10352400488B002007000000788B00200800000072
:10353400B48B002009000000208C00200A00000049
:10354400AC8C00200B000000CC8C00200C00000090
:10355400088D00200D000000388D00200E000000B2
:10356400708D00200F000000A48D002010000000CA
:10357400508E002011000000708E00201200000008
:10358400808E002013000000A08E00201400000094
:10359400CC8E002000000000188F002001000000E5
:1035A400208F0020020000002C8F00200300000068
:1035B40084D9002004000000388F0020050000009A
:1035C400488F002006000000588F002007000000EC
:1035D400688F0020080000007C8F00200900000094
:1035E400888F00200A000000988F00200B00000044
:1035F400A88F00200D000000B88F00200E000000EE
:10360400CC8F00200F000000D48F00201000000099
:10361400E48F002011000000F48F00201700000048
:1036240004900020180000001490002019000000ED
:10363400249000201A000000349000201B00000099
:103644003C9000201C000000509000200C00000062
:103654005C9000201D000000749000201E000000FB
:10366400849000201F0000009090002020000000A3
:10367400A090002021000000AC9000202200000057
:10368400B490002023000000C0900020240000001B
:10369400CC90002025000000DC90002026000000D3
:1036A400E890002027000000F0900020280000008F
:1036B400FC90002029000000089100202A0000004E
:1036C400189100202B000000249100202C00000001
:1036D4002C9100203C000000389100203D000000A7
:1036E400489100203E000000589100203F00000057
:1036F400649100204000000070910020410000000F
:103704007C910020420000008891002043000000CA
:103714009491002044000000A09100204500000086
:10372400AC91002046000000B89100204700000042
:10373400C491002048000000D091002049000000FE
:10374400DC9100204A000000E89100204B000000BA
:10375400F49100204C000000009200204D00000075
:103764000C9200204E000000189200204F00000030
:1037740024920020500000003092002051000000EC
:103784003C920020520000004892002053000000A8
:103794005492002054000000609200205500000064
:1037A4006C92002056000000789200205700000020
:1037B40088920020580000009892002059000000D0
:1037C400A89200205A000000B89200205B0000007C
:1037D400C89200205C000000D89200205D00000028
:1037E400E89200205E000000F89200205F000000D4
:1037F4000093002060000000089300206100000096
:103804001093002062000000189300206300000061
:103814002093002069000000289300206A00000023
:10382400309300206B000000389300206C000000EF
:10383400409300206D000000489300206E000000BB
:10384400509300207D000000589300207E0000006B
:10385400689300207F00000078930020800000001F
:1038640084930020810000009093002087000000D2
:103874009C93002074000000A893002075000000B1
:10388400B493002076000000C0930020770000006D
:10389400CC93002078000000D89300207900000029
:1038A400E49300207A000000F09300207B000000E5
:1038B400FC9300207C000000089400208900000094
:1038C400149400208A000000209400208B00000043
:1038D400349400208C000000409400208D000000EF
:1038E400509400208E000000649400208F0000009B
:1038F40074940020900000007C940020910000004B
:103904008494002092000000909400209300000012
:103914009C94002094000000A894002095000000CE
:10392400B494002096000000C0940020970000008A
:10393400CC94002098000000D89400209900000046
:10394400E49400209A000000F09400209B00000002
:10395400FC9400209C000000089500209D000000BD
:10396400149500209E000000209500209F00000078
:103974002C950020A000000038950020A000000035
:1039840044950020A100000050950020A2000000F2
:103994005C950020A300000068950020A4000000AE
:1039A40074950020A500000080950020A60000006A
:1039B4008C950020A700000098950020A900000025
:1039C400A4950020AA000000B8950020AB000000D8
:1039D400CC950020AC000000E0950020AD00000074
:1039E400F4950020AE00000008960020AF0000000F
:1039F4001C960020B000000030960020B1000000AA
:103A040044960020B200000048960020B300000055
:103A140050960020B400000058960020B500000025
:103A240060960020B600000068960020B7000000F1
:103A340078960020B80000008C960020B9000000A1
:103A44009C960020BA000000AC960020BB00000049
:103A5400B4960020BC000000BC960020BD0000000D
:103A6400C4960020BE000000CC960020BF000000D9
:103A7400D8960020C0000000E4960020C100000099
:103A8400F4960020C200000000970020C30000004C
:103A940008970020C400000010970020C500000013
:103AA40018970020C600000028970020C7000000D7
:103AB40034970020C800000038970020C900000097
:103AC4003C970020CA00000040970020CB00000073
:103AD40058970020CC00000060970020CD00000023
:103AE40068970020CE00000074970020CF000000EB
:103AF40080970020D000000088970020D1000000AB
:103B040090970020D200000098970020D300000076
:103B1400A0970020D4000000A8970020D500000042
:103B2400B0970020D6000000B8970020D70000000E
:103B3400C097002000000000000000000100000009
:103B4400C8970020020000000C9800200300000029
:103B54005C980020040000009098002005000000FC
:103B6400C898002006000000089900200700000003
:103B740044990020080000009099002009000000EA
:103B8400F49900200A000000309A00200B00000085
:103B94006C9A00200C000000B89A00200D00000070
:103BA400009B00200E0000003C9B00200F00000042
:103BB400849B002010000000C89B0020110000001E
:103BC400009C002012000000209C00201300000034
:103BD400309C002014000000449C002015000000CC
:103BE4007C9C002016000000C09C002017000000F0
:103BF400F09C002018000000249D00201900000003
:103C04006C9D00201A000000949D00201B00000001
:103C1400F09D00201C000000109E00201D000000EC
:103C2400449E00201E000000789E00201F0000001B
:103C3400A89E002020000000F49E00202100000027
:103C44002C9F002022000000509F00202300000031
:103C5400709F002024000000AC9F0020250000007D
:103C6400D09F00202600000024A000202700000090
:103C740070A000202800000084A00020290000007B
:103C8400BCA000202A00000004A100202B0000009A
:103C940024A100202C00000040A100202D000000E1
:103CA40054A100202E0000008CA100202F00000051
:103CB400A8A1002030000000E4A100203100000091
:103CC400FCA100203200000034A2002033000000D8
:103CD400708E0020340000004CA20020350000004B
:103CE4006CA2002036000000B0A2002037000000C3
:103CF400DCA200203800000014A3002039000000DA
:103D040034A300203A00000054A300204D0000001A
:103D14006CA300204E00000088A300204F00000088
:103D240098A3002054000000C4A30020FD0000005C
:103D3400DCA3002056000000F8A3002000000000CF
:103D4400000000000000000000000000000000006F
:103D5400000000000000000000000000FC0501203D
:103D640004000000000601200400000004060120F5
:103D740004000000F005012004000000F405012007
:103D840004000000F8050120040000000000000009
:103D94000000000060060120020000000000000096
:103DA400000000000C0601200400000000000000D8
:103DB40000000000000000000000000000000000FF
:103DC4000000000014060120040000001806012071
:103DD400040000001C060120040000006406012009
:103DE40002000000000000000000000000000000CD
:103DF4000000000000000000000000003806012060
:103E0400040000003C0601200400000040060120DC
:103E14000400000078060020D00600200000000006
:103E2400508600200100000078A400200200000059
:103E34008CA4002003000000A0A4002004000000C3
:103E4400B4A4002005000000BCA40020060000006B
:103E5400C8A4002007000000D4A40020080000002B
:103E6400E4A4002009000000ECA400200A000000E3
:103E740000A500200B00000014A500200C00000089
:103E840020A500200D00000050A500200E00000019
:103E940068A500200F00000088A500201000000085
:103EA400B4A5002011000000E0A5002012000000CD
:103EB40000A60020130000003CA60020140200000D
:103EC40058A60020150000007CA600201600000063
:103ED4005CD700201700000098A60020C513CD135E
:103EE40099B40000CE13CE13B5B2000029143114D6
:103EF40055B400003D14451411B4000047144F1488
:103F04005DB500005A145A1449B300005B146314DD
:103F14005DB30000641464142DB3000065146E14C2
:103F2400A9B3000079148214A9B300008D14961467
:103F3400A9B30000A114AA14A9B30000B514BE14B7
:103F4400A9B30000C914D214A9B30000DD14E61407
:103F5400A9B30000F114FA14A9B3000005150E1555
:103F6400A9B3000017151715D5B2000018151815B8
:103F7400E5B2000019152115F9B200002C1534150D
:103F840095B50000DF15DF1591B30000C8A6002029
:103F94000000000000000000D0A600200100000086
:103FA40000000000D8A6002002000000000000006D
:103FB400E0A600200300000000000000F0A600209E
:103FC4000400000000000000F8A600200500000026
:103FD4000000000000A70020060000000000000010
:103FE40008A70020070000000000000014A700201C
:103FF400080000000000000020A7002009000000C5
:104004000000000030A700200A00000000000000AB
:1040140040A700200B0000000000000054A700206F
:104024000C0000000000000064A700200D00000048
:104034000000000074A700200E0000000000000033
:1040440084A700200F0000000000000098A70020B3
:104054001000000000000000A8A7002011000000CC
:1040640000000000BCA700201200000000000000B7
:10407400D0A700201300000000000000E4A70020E7
:104084001400000000000000FCA700201500000040
:104094000000000010A8002016000000000000002E
:1040A4001CA80020170000000000000028A8002021
:1040B400180000000000000030A8002019000000D3
:1040C4000000000038A800201A00000000000000D2
:1040D40048A800201B0000000000000058A8002091
:1040E4001C0000000000000068A800201D00000063
:1040F4000000000074A800201E0000000000000062
:104104007CA800201F0000000000000088A80020F8
:10411400200000000000000090A800202100000002
:1041240000000000A4A700202200000000000000FE
:10413400A0A800202300000000000000A8A8002080
:104144002400000000000000B0A8002025000000AA
:1041540000000000B8A800202600000000000000B5
:10416400C0A800202700000000000000C8A800200C
:10417400280000000000000084A80020290000009E
:10418400000000008CA800202A00000000000000AD
:1041940094A800202B000000000000009CA8002030
:1041A4002C00000000000000A4A800202D00000046
:1041B40000000000ACA800202E0000000000000059
:1041C400B4A800202F00000000000000BCA80020BC
:1041D4003000000000000000C4A8002031000000EE
:1041E40000000000CCA80020320000000000000005
:1041F400DCA800203300000000000000ECA8002030
:104204003400000000000000FCA80020350000007D
:104214000000000010A9002036000000000000008B
:104224001CA9002037000000000000002CA9002079
:1042340038000000000000003CA900203900000004
:104244000000000050A900203A0000000000000017
:1042540060A900203B000000000000006CA90020C1
:104264003C00000000000000C47C00203D00000071
:10427400000000001F1C1F1E1F1E1F1F1E1F1E1FCD
:10428400170BF8030AD7233C6F12033B000000000E
:1042940000000000000064000000000004000000B2
:1042A4000000C84100004843000048430000F041BA
:1042B4000000984200F20547E00F974B0A8F98C41C
:1042C4000000000000C09E443333CB419A063150B5
:1042D400000000000000984200F20547E00F974BF1
:1042E400B87A18C50000000000C09E443333CB41A7
:1042F4009A063150000000000000CE4200409C4568
:104304000055D74A0000B2C20000000000C09E441D
:104314003333CB419C577C4F000000000000000069
:1043240000000000000003000B0B00000000000070
:10433400000000000000000000007A4400000000BB
:1043440000409C4500000000000000000000C8423E
:10435400000000000000C07F00000000000000001A
:104364000000C07F00000000000000000000C07FCB
:1043740000000000000000000000C07F00000000FA
:1043840000000000000000000000000000002041C8
:1043940000000000FF00000078100000D040600022
:1043A40000000000000001000007000000020000FF
:1043B4000000A0C00000FA430000C8420000A04072
:1043C40001000000000080400000803F0000000069
:1043D40000000000000000000000000000000000D9
:1043E40000000000000000000000000000000000C9
:1043F4000000000000000000000000005C8FA240EC
:104404000000A0400000C84100002040FA00030062
:10441400030104030000000000000000000000008D
:104424000000000000000000000000000000000088
:10443400000000009CA90020010000007CAA0020CC
:1044440002000000F4AA0020030000001CAB0020BE
:104454000400000048AB002005000000FCAB002075
:104464000600000024AC00200900000048AC002035
:1044740008000000ECAC00200A0000008CAD002015
:104484000B00000088AE00200C000000E0AE00200D
:104494000D00000054AF00200E000000B0AF00205B
:1044A4000F00000050B000201000000084B0002075
:1044B40011000000CCB000201200000094B10020D4
:1044C40013000000F8B10020140000005CB20020CA
:1044D40015000000BCB20020160000005CB30020F0
:1044E40017000000F4B40020180000005CB50020A0
:1044F40019000000ACB500201A000000FCB5002033
:104504001B00000048B600201C000000ACB60020D0
:104514001D000000E0B600201E00000040B700208F
:104524001F00000080B700202000000010B8002009
:104534002100000098B8002022000000B0B800203C
:1045440023000000E0B800202400000010B900207F
:104554002500000040B900202600000078B90020A2
:1045640027000000A0B900202800000038BA00206D
:104574002900000070BA00202A000000A4BA00201C
:104584002B000000D8BA00202C0000000CBB002037
:104594002D0000002CBB00202E0000004CBB00208E
:1045A400320000006CBB0020330000009CBB0020E4
:1045B40034000000CCBB002035000000FCBB002010
:1045C4003600000024BC00203700000024BC00207A
:1045D4003800000048BC0020390000008CBC0020DA
:1045E4003A000000C0BC00203B00000004BD0020D5
:1045F4003C0000003CBD00203D00000070BD0020D8
:104604003E00000024BE00203F00000038BE002011
:104614004000000078BE002041000000A0BE002041
:104624005A000000508600205B00000050860020E5
:104634005C000000508600205F00000008BF0020DE
:104644006400000030BF0020650000005CBF002053
:104654006E00000084BF002078000000ACBF002082
:104664008200000000C00020A000000080C00020E4
:10467400AA000000A8C00020B40000005CB500201F
:10468400BE000000ACB5002054010000F0C00020C2
:1046940055010000F8C100205601000078C4002034
:1046A40057010000B4C40020580100000CC50020CC
:1046B4005901000060C500205A010000A8C500206F
:1046C4005B01000018C700205C01000050C70020F7
:1046D4005D01000078C7002080010000A0C7002011
:1046E40088010000E4C70020890100003CC80020C4
:1046F4008A01000094C800208B01000028C9002012
:104704008E01000048C90020E101000070C90020AA
:10471400E2010000B4C90020E4010000D0C9002077
:10472400E601000028CA00201B0200005CCA002029
:1047340007020000F0CA00208A02000024CB0020F7
:104744009F02000044CB0020A10200006CCB00209B
:10475400A4020000A0CB0020A8020000C8CB0020C7
:104764000000230020CC002030CC002006000000F4
:10477400E0CF0020101C0120000000000500000014
:1047840005330100BD4301000000000000000000EB
:104794000100230040CC002050CC00200B0000007E
:1047A40060CC00200000000068CC00200400000061
:1047B4002817012000000000000000000000000095
:1047C4000200230070CC0020000000000400000060
:1047D40000000000000000000000000004000000D1
:1047E4001817012000000000000000000000000075
:1047F4000300230084CC002000000000040000001B
:1048040000000000000000000000000004000000A0
:104814001917012000000000000000000000000043
:10482400040023009CCC00200000000004000000D1
:104834000000000000000000000000000400000070
:104844001B17012000000000000000000000000011
:1048540005000300BCCC00200000000004000000A0
:104864000000000000000000000000000400000040
:104874003B170120000000000000000000000000C1
:1048840006000C00D0CC0020000000000100000055
:104894006CF800200000000000000000050000008B
:1048A400D53A0100053F0100613B01000000000012
:1048B40007000600E4CC0020000000000000000017
:1048C40000000000000000000000000005000000DF
:1048D40095330100053F0100613B01000000000029
:1048E40008002300F0CC00200000000001000000BC
:1048F40088EE00200000000000000000030000001B
:1049040015330100053F0100613B01000000000078
:104914000900060010CD0020000000000200000085
:1049240024CD00200000000000000000030000006F
:104934007D430100053F0100613B010000000000D0
:104944000A0001006CCD00200000000001000000FE
:1049540084CD0020000000000000000003000000DF
:1049640085330100053F0100000000000000000045
:104974000B00010070CE002084CE00200600000051
:1049840088CE0020000000000000000004000000A9
:1049940018160120000000000000000000000000C4
:1049A4000C00010094CE002084CE002006000000FC
:1049B40088CE002000000000000000000400000079
:1049C4001C16012000000000000000000000000090
:1049D4000D000100A4CE0020000000000000000033
:1049E40000000000000000000000000005000000BE
:1049F400393B0100053F01000000000000000000F9
:104A04000E000200B8CE00200000000001000000EB
:104A140014ED00200000000000000000070000006A
:104A240059470100053F0100613B010000000000FF
:104A34000F000500D0CE002000000000010000009F
:104A4400C4ED00200000000000000000020000008F
:104A5400B616012000000000000000000000000065
:104A640010000600E8CE0020000000000100000055
:104A740094F9002000000000000000000300000082
:104A840025470100053F0100613B010001000000D2
:104A94001100020000CF002000000000010000000F
:104AA40014ED0020000000000000000003000000DE
:104AB400B13A0100053F0100613B01000000000024
:104AC4001200030020CF00200000000004000000BA
:104AD40000000000000000000000000002000000D0
:104AE4003C1701200000000000000000000000004E
:104AF40013000C003CCF0020000000000100000067
:104B04006CF8002000000000000000000500000018
:104B14006D3A0100053F0100613B01000000000007
:104B24001400030058CF0020000000000000000023
:104B3400000000000000000000000000050000006C
:104B44002D340100053F01000000000000000000BA
:104B5400150003006CCF00200000000002000000DC
:104B640080CF0020000000000000000007000000CB
:104B74009D340100053F010000000000000000001A
:104B840016000B0094CF002000000000020000007B
:104B9400A0EE00200000000000000000070000005C
:104BA400F94A0100053F0100000000000000000078
:104BB40017000B00A4CF0020000000000400000038
:104BC40000000000000000000000000004000000DD
:104BD400A4170120000000000000000000000000F5
:104BE40018000B00BCCF0020D4CF0020060000002A
:104BF400DCCF0020000000000000000005000000E1
:104C040091350100BD4301000000000000000000D8
:104C140019000B00E8CF0020D4CF002006000000CC
:104C2400DCCF0020000000000000000005000000B0
:104C340091350100BD4301000000000000000000A8
:104C44001A000B0000D0002050CC00200B00000004
:104C540020D000200000000000000000040000003C
:104C6400A017012000000000000000000000000068
:104C74001B000B0024D0002084CE0020060000007E
:104C840088CE0020000000000000000005000000A5
:104C9400B9470100BD43010000000000000000000E
:104CA4001C00010044D0002084CE00200600000037
:104CB40088CE002000000000000000000200000078
:104CC4002016012000000000000000000000000089
:104CD4001D0023005CD0002030CC00200600000022
:104CE400E0CF0020000000007C95002002000000BE
:104CF4002417012000000000000000000000000054
:104D04001E00060068D0002080D0002006000000AD
:104D140088CE002000000000000000000400000015
:104D2400CC16012000000000613B010000000000DF
:104D34001F00060084D0002080D000200600000060
:104D440088CE0020000000000000000004000000E5
:104D5400D016012000000000613B010000000000AB
:104D6400200001009CD0002000000000030000008F
:104D7400B0D000200000000000000000050000008A
:104D8400FD380100053F01000000000000000000A4
:104D940021000600D0D00020E8D00020060000004A
:104DA400ECD0002000000000000000000200000021
:104DB400D416012000000000613B01000000000047
:104DC40022000600F4D000200CD1002006000000D0
:104DD40014D10020000000001CD1002002000000BB
:104DE400D816012000000000613B01000000000013
:104DF4002300060020D100200CD100200600000072
:104E040014D10020000000001CD10020020000008A
:104E1400DC16012000000000613B010000000000DE
:104E24002400060038D100200CD100200600000028
:104E340014D10020000000001CD10020020000005A
:104E4400E016012000000000613B010000000000AA
:104E54002500230050D100200000000004000000C1
:104E6400000000000000000000000000030000003B
:104E740041330100053F0100000000000000000074
:104E8400260006006CD10020000000000B0000008A
:104E940090D100200000000000000000020000008B
:104EA400BE16012000000000613B0100010000006B
:104EB4002700010098D1002000000000000000003D
:104EC40000000000000000000000000003000000DB
:104ED40029350100053F010000000000000000002A
:104EE40028000E00B4D100200000000000000000E3
:104EF40000000000000000000000000003000000AB
:104F0400FD340100053F0100000000000000000026
:104F140029000D00C8D1002000000000020000009C
:104F2400D8D10020000000000000000003000000B1
:104F340045350100053F01000000000000000000AD
:104F44002A000D0014D2002000000000030000001D
:104F540024D2002000000000000000000200000035
:104F640041170120000000000000000000000000C4
:104F74002B000B002CD20020000000000A000000CF
:104F840020D00020989400203CD200200200000091
:104F9400A517012000000000000000000000000030
:104FA4002C000B0040D20020000000000400000090
:104FB40000000000000000000000000003000000EA
:104FC400E5380100053F010000000000000000007A
:104FD4002D000B005CD20020000000000400000043
:104FE40000000000000000000000000003000000BA
:104FF400E5380100053F010000000000000000004A
:105004002E000B0078D200200000000004000000F5
:105014000000000000000000000000000300000089
:10502400E5380100053F0100000000000000000019
:1050340038000D0094D2002084CE00200600000029
:10504400B0D20020000000000000000002000000B8
:1050540050170120000000000000000000000000C4
:1050640039000D00B8D20020D4CF00200600000083
:10507400B0D2002000000000000000000200000088
:105084004C17012000000000000000000000000098
:105094003A000D00D0D2002084CE0020060000008B
:1050A400E0D20020E8D2002000000000020000004E
:1050B4004417012000000000000000000000000070
:1050C4003B000D00F0D20020D4CF002006000000E9
:1050D400B0D2002000000000000000000200000028
:1050E400481701200000000000000000000000003C
:1050F4003C00010004D30020000000000000000078
:105104000000000000000000000000000300000098
:1051140075350100053F010000000000000000009B
:105124003D000D0018D30020000000000100000025
:105134000CEE00200000000000000000020000004F
:105144005417012000000000613B01000000000032
:105154003E0001002CD300200000000000000000ED
:105164000000000000000000000000000300000038
:10517400D1350100053F0100613B01000000000042
:105184003F0001003CD300200000000001000000AB
:1051940050D30020000000000000000003000000C5
:1051A400ED350100053F0100000000000000000093
:1051B4004000010098D3002000000000000000001F
:1051C40000000000000000000000000003000000D8
:1051D40085360100053F01000000000000000000CA
:1051E40041000C00ACD300200000000001000000CE
:1051F40088F8002000000000000000000300000008
:10520400A1360100053F0100613B010000000000E0
:105214005A000700BCD30020000000000600000074
:10522400D0D30020000000000000000002000000B5
:105234006017012000000000E1510100000000009F
:105244005B000700DCD30020000000000600000023
:10525400D0D3002000000000000000000200000085
:105264006417012000000000E1510100000000006B
:105274005C000700F0D300200000000006000000DE
:10528400D0D3002000000000000000000200000055
:105294006817012000000000E15101000000000037
:1052A4005F00070004D40020000000000600000096
:1052B400D0D3002000000000000000000200000025
:1052C4007017012000000000E151010000000000FF
:1052D40064002B0024D40020F0EC00200600000021
:1052E4003CD4002000000000000000000500000085
:1052F400E1470100BD430100000000000C00000074
:105304006E002B004CD40020E8EC002006000000C6
:1053140088CE00200000000000000000050000000E
:10532400E1470100BD430100000000000C00000043
:1053340078002B0060D40020D8EC00200600000088
:1053440088CE0020000000000000000005000000DE
:10535400E1470100BD430100000000000C00000013
:1053640082002B0074D40020E4EC0020060000002E
:1053740088CE0020000000000000000005000000AE
:10538400E1470100BD430100000000000C000000E3
:10539400A0002B008CD40020E4EC002006000000C8
:1053A4003CD40020000000000000000003000000C6
:1053B400E1470100BD430100000000000C000000B3
:1053C400AA002B00A8D4002084CE002006000000F0
:1053D400C0D40020C8D4002004950020030000009D
:1053E400E1470100BD430100613B01000C000000E6
:1053F400B4002B00CCD40020E8EC00200600000010
:1054040090D1002000000000000000000100000016
:10541400E1470100BD430100613B01000C000000B5
:10542400BE002B00ECD40020E8EC002006000000B5
:1054340090D10020000000000000000001000000E6
:10544400E1470100BD430100613B01000C00000085
:10545400540106000CD500200CD1002006000000E9
:1054640014D1002000000000000000000300000030
:1054740099370100BD430100613B010000000000B9
:105484005501090028D50020000000000300000099
:105494003CD50020000000000000000003000000D4
:1054A400B1380100053F0100613B0100000000002C
:1054B4005601090094D5002084CE00200600000087
:1054C400DCCF00200000000000000000030000000A
:1054D40031370100BD430100613B010000000000C1
:1054E40057010900B4D50020D4CF002006000000E5
:1054F400DCCF0020000000000000000002000000DB
:105504003416012000000000613B0100000000008F
:1055140058010900D4D50020D4CF00200600000093
:10552400DCCF0020000000000000000002000000AA
:105534003816012000000000613B0100000000005B
:1055440059010900F4D50020D4CF00200600000042
:10555400DCCF00200000000000000000020000007A
:105564003C16012000000000613B01000000000027
:105574005A01090014D600200000000001000000B8
:1055840028D60020000000000000000003000000F6
:1055940051370100053F0100613B0100000000009C
:1055A4005B0104006CD600200CD100200600000032
:1055B40014D100208C9400201CD100200200000093
:1055C4009417012000000000613B0100000000006E
:1055D4005C01040084D6002084CE00200600000074
:1055E40088CE00200000000000000000020000003F
:1055F4009C17012000000000613B01000000000036
:105604005D010400A0D6002084CE00200600000026
:1056140088CE00200000000000000000020000000E
:105624009817012000000000613B01000000000009
:1056340080010100BCD60020000000000000000032
:105644000000000000000000000000000300000053
:1056540069360100053F0100000000000000000061
:1056640088010D00D4D60020B0D10020060000002F
:10567400E0CF002098A900207C95002002000000C3
:105684005817012000000000000000000200000084
:1056940089010D00E8D60020B0D1002006000000EA
:1056A400E0CF002098A900207C9500200200000093
:1056B4005C17012000000000000000000200000050
:1056C4008A010600D4D60020B0D1002006000000D4
:1056D400E0CF002098A900207C9500200300000062
:1056E40099370100BD430100613B01000200000045
:1056F4008B010600FCD6002000000000030000001F
:10570400C818012000000000000000000300000091
:1057140071380100053F0100613B010001000000F8
:105724008E0101000CD70020000000000B000000D7
:1057340060CC0020A483002024D7002002000000B5
:105744002A160120000000000000000001000000F3
:10575400E10101002CD7002040D700200B000000FD
:1057640090D100201CD1002024D700200300000089
:1057740065330100053F0100000000000300000044
:10578400E401010044D700200000000000000000F4
:105794000000000000000000000000000300000002
:1057A40051340100053F0100613B0100000000008D
:1057B400E501090064D7002000000000000000009B
:1057C40000000000000000000000000003000000D2
:1057D40081340100053F01000000000000000000CA
:1057E400E601010084D70020000000000100000051
:1057F4009CD7002000000000000000000200000010
:105804003817012000000000000000000000000024
:1058140007020600B0D700200000000003000000CB
:10582400C818012000000000000000000300000070
:1058340039380100053F0100613B01000000000010
:105844001B020600C0D70020B0D1002006000000D3
:10585400E0CF002098A900207C95002003000000E0
:1058640099370100BD430100613B010002000000C3
:105874008A020100D4D700200000000001000000CB
:1058840050EE0020000000000000000002000000B4
:105894003917012000000000613B010000000000F6
:1058A4009F020300ECD70020000000000400000069
:1058B40000000000000000000000000002000000E2
:1058C400B416012000000000613B0100000000004C
:1058D400A1020500E8D60020B0D100200600000097
:1058E400E0CF002098A900207C9500200300000050
:1058F40099370100BD430100613B01000200000033
:10590400E602230000D8002000000000040000008C
:105914000000000000000000000000000200000081
:10592400AC17012000000000613B010000000000F2
:10593400E70223001CD8002000000000040000003F
:105944000000000000000000000000000200000051
:10595400AD17012000000000613B010000000000C1
:10596400E802230038D800200000000004000000F2
:105974000000000000000000000000000200000021
:10598400AE17012000000000613B01000000000090
:10599400E902230054D800200000000004000000A5
:1059A40000000000000000000000000002000000F1
:1059B400AF17012000000000613B0100000000005F
:1059C400A402010070D800200000000001000000C3
:1059D40080D8002000000000000000000300000048
:1059E40019360100053F010000000000000000001E
:1059F400A8022300F0D8002040D700200B000000AC
:105A040020D000200000000008D90020020000007F
:105A1400B217012000000000000000000000000098
:105A2400000000000CD90020013301000001000037
:105A340014D9002001330100000200001CD9002009
:105A440000000000000300002CD90020000000002A
:105A54000304000034D90020000000000005000009
:105A640040D90020000000000006000048D90020B2
:105A7400000000000607000050D9002000000000CC
:105A84000009000060D9002000000000000B0000A5
:105A94006CD9002000000000000C000074D9002024
:105AA40000000000000D00007CD900200000000070
:105AB400000E000090D90020000000000023000028
:105AC40098D900200000000000240000A0D9002084
:105AD40000000000002A0000B0D9002001330100BA
:105AE4002A2B0000B8D90020013301002A2C000021
:105AF400C0D90020013301002A2D0000C8D900209C
:105B04000133010007000500958901000000000031
:105B14000000000054960020C59901000300000015
:105B2400D0D90020E4D9002019920100000000001F
:105B3400E8D9002004DA0020499A0100020000009C
:105B440008DA00201C8500200D9B010002000000E3
:105B540068DA002008DB00205999010002000000E7
:105B64000CDB002028DB0020ED990100020000007E
:105B74002CDB00205C960020199101000500000038
:105B8400B9950100EC830020BD90010005000000E0
:105B9400B995010064DB0020759101000500000047
:105BA400B995010088A90020219701000100000097
:105BB40068DB0020BC930020559701000000000022
:105BC4008CDB00209C7F0020399901000400000038
:105BD400119601009CDB00204199010000000000A7
:105BE40000000000A0DB0020499901000000000033
:105BF40000000000A4DB0020519901000000000017
:105C040000000000A8DB0020FD2D010003000000BF
:105C1400ACDB0020A8E00020519501000200000048
:105C2400CCDB002010DC00204995010003000000BB
:105C34001CDC002040DC0020419501000300000032
:105C44004CDC002074DC00205995010001000000A8
:105C540078DC00208CDC0020A59A01000100000003
:105C640090DC0020ACDC00203D9501000100000028
:105C7400B0DC0020007E0020D99601000200000064
:105C8400C4DC002004DD0020219501000300000095
:105C940008DD00202CDD0020BD940100060000007A
:105CA40039920100047E0020619401000300000089
:105CB40030DD002048DD0020599401000000000080
:105CC4004CDD00206CDD0020519401000000000038
:105CD40070DD002090DD00204193010003000000EE
:105CE40094DD0020A8DD00203993010003000000AA
:105CF400ACDD0020D0DD0020519301000300000042
:105D0400D4DD0020ECDD00204993010003000000F5
:105D1400F0DD002018DE002059930100030000008C
:105D24001CDE002038DE0020A193010003000000E7
:105D34003CDE002050DE00209593010003000000AB
:105D440054DE002078DE0020899301000300000067
:105D54007CDE0020A4DE002061930100030000002B
:105D6400A8DE0020D4DE0020652F0100070000001B
:105D7400E9910100DCDE00207D3001000700000015
:105D8400BD920100E8DE0020F92F010003000000AD
:105D9400F0DE002010DF0020312D010003000000A0
:105DA40014DF002038DF0020B52D010003000000BF
:105DB4003CDF002058DF0020B52E01000400000065
:105DC4004D9601005CDF0020999201000400000060
:105DD4004D96010060DF00208531010007000000BE
:105DE400D191010064DF002011930100070000003D
:105DF400019201006CDF00209D9601000600000066
:105E04008D95010070DF0020D59201000300000091
:105E140078DF00200101000400C03D4001000004BF
:105E240000C03D400132020100803E4001320101C8
:105E340000803E400110020100003E4001110201B9
:105E440000003E400112020200003E400103010630
:105E540000C03D400103020600C03D4001120102A2
:105E640000003E400200000100C01D40020200018B
:105E740000C01D400201000100C01D4002100001CD
:105E840000001E400222000100401E4002230001C7
:105E940000401E4000000000000000000000000060
:105EA400000000000221000100401E400220000109
:105EB40000401E4000000000000000000000000040
:105EC400000000000130020100803E400131020167
:105ED40000803E400102000400C03D400103000474
:105EE40000C03D4000000000000000000000000071
:105EF400000000000121010100403E400121020197
:105F040000403E40000000000000000000000000CF
:105F1400000000000000000000000000011001016A
:105F240000003E40000000000000000000000000EF
:105F3400000000000113020600003E4001130106A8
:105F440000003E40000000000000000000000000CF
:105F5400000000000000000000000000000000003D
:105F6400000000000101010100C03D4001010201E7
:105F740000C03D400100010100C03D40010002019C
:105F840000C03D400102010100C03D400102020188
:105F940000C03D40000000000000000000000000C0
:105FA40000000000000000000000000001230101C7
:105FB40000403E400000000000000000000000001F
:105FC400000000000120020100403E400040184053
:105FD4007CC00F40000000031400000091BE0100CB
:105FE4001900000002000000000000000000000092
:105FF4001800000002000000000000000000000083
:10600400000100002D89010015BD0100F9BD01004A
:106014000000000081BD010075BE0100BDBC01008F
:1060240039BD010051BD010081BE01006DBF0100F9
:1060340011BE0100A5BF0100F9BC010029BE010089
:10604400E9BC010061BE0100C5BF01000000000001
:106054000000000000000000000000002D89010085
:1060640089BA010055BB010000000000DDBA01003F
:10607400D1BB01003DBA0100A9BA0100B9BA0100BF
:10608400DDBB010079BF01006DBB010085BF0100CC
:1060940071BA010085BB010061BA0100BDBB0100FA
:1060A400F5BF010000000000000000000000000037
:1060B400C700000010000000000000000000000005
:1060C4000000000000000000C800000010000000F4
:1060D40000000000010000000200000000000000B9
:1060E400C7000000110000000000000019000000BB
:1060F4000000000000000000C800000011000000C3
:106104000000000018000000020000000000000071
:106114000000020025C001007DC0010041C401004F
:10612400000000004DC40100E1C00100B9C001003D
:10613400D5C1010099C00100EDC00100C9C1010031
:10614400E9C101000000000065C00100000000007A
:10615400000000000000000000000000000000003B
:106164000000000000000000160355005300420028
:106174002000530065007200690061006C0000009B
:1061840018035400650065006E0073007900640014
:10619400750069006E006F000403090409026200BF
:1061A400030100C032080B000202020100090400CE
:1061B400000102020100052400100105240101016F
:1061C40004240206052406000107058203100010BA
:1061D40009040100020A0000000705030240000050
:1061E400070584024000000904020002FF6AFF0060
:1061F400070581024000010705010240000100007B
:1062040009026200030100C032080B00020202010D
:106214000009040000010202010005240010010528
:106224002401010104240206052406000107058255
:106234000310000509040100020A00000007050319
:1062440002000200070584020002000904020002A1
:10625400FF6AC70007058102000201070501020069
:10626400020100000A060002EF02014001000000E2
:10627400000000000000000000000000000000001A
:10628400000000000000000000000000000000000A
:106294000548064B1B1AD90F01EBA301491002D084
:1062A400034B03B118477047C0FE0020C0FE002016
:1062B4000000000008B5054B1BB105490548AFF3C4
:1062C4000080BDE80840FFF7E3BF00BF0000000006
:1062D400D40C012000E80360014B1868704700BF2C
:1062E400401D012001205170704700BFC0B2012938
:1062F400074B94BF80F00702072211F0FD0F1A70BC
:106304000CBF80F007000720024B1870704700BFD5
:1063140058F200205CF200204FF00200704700BFEA
:10632400174B184A93F807315840C3B2C007D2E953
:10633400001217D5C1F88420134913F0020F134A31
:10634400D1E9000114D0C0F88410D2E90012C1F8D8
:10635400842013F0040F0E4BD3E9002305D0C2F8B8
:1063640084307047C1F88820E6E7C2F88830704767
:10637400C0F88810D2E90012C1F88820E9E700BF0C
:1063840014160120200501202805012030050120D4
:106394003805012010B50E4C00214FF00700D4F849
:1063A4008C309847226A0B490B4BA1FB021252090D
:1063B400C3F80021D3F80C2142F00102C3F80C21E8
:1063C400D3F8082142F00302C3F8082110BD00BF2E
:1063D40098080120D34D621000400840104AB0F5DF
:1063E400801FD2F8083123F00103C2F8083114D217
:1063F4000C4B9B68984238BF1846094BC3F8000100
:10640400D3F80C2142F00102C3F80C21D3F808217F
:1064140042F00102C3F8082170470348EDE700BFCA
:1064240000400840001C0120FFFF0F00437810B417
:106434005BB347494FF0000CC37891F8052180F80D
:1064440001C05340434A13F0010FD2E9004268D11E
:10645400C4F8882013F0020F3F4AD2E9004268D002
:10646400C4F8842013F0040F3C4AD2E9004268D0F7
:10647400C4F8842091F80621534013F0020F384BDE
:10648400D3E9002360D0C2F8843083786BB33549F4
:106494002F4A3548097892F80421007819400340BE
:1064A40051405A40CC07314BD3E9000320D4C0F803
:1064B40088308C072E4BD3E9000320D512F0020F4D
:1064C400C0F884302B4BD3E9002320D0C2F88430A9
:1064D4004907294BD3E9002320D5C2F88430274A41
:1064E40093899BB243F4005393815DF8044B704746
:1064F400C0F884308C071E4BD3E90003DED412F0BD
:10650400020FC0F888301B4BD3E90023DED1C2F858
:1065140088304907184BD3E90023DED4C2F8883009
:10652400DDE7C4F8842013F0020F0B4AD2E90042DD
:1065340096D1C4F8882013F0040F084AD2E9004227
:1065440096D1C4F8882095E7C2F888309DE700BF4B
:1065540014160120CC040120D4040120E4040120F9
:10656400DC04012058F200205CF20020E01B012032
:10657400E81B0120F01B0120F81B012000801E40B5
:106584004178002935D18278002A31D06F4B704987
:1065940070481B7891F804110078134002404B4076
:1065A400514013F0010F6C4AD2E9000273D1C0F8D4
:1065B400882013F0020F694AD2E9000273D011F067
:1065C400020FC0F88420664AD2E9001273D013F097
:1065D400040F644BC1F88420D3E9002373D0C2F8BC
:1065E4008430614A93899BB243F40053938170478A
:1065F400704730B4564CC37894F8052153405B4A35
:1066040013F0010FD2E9005232D1C5F8882013F0FB
:10661400020F574AD2E9005232D0C5F8842013F051
:10662400040F544AD2E9005232D0C5F8842094F8B9
:106634000621534013F0020F4F4BD3E9002345D0FA
:10664400C2F8843083787BB1194242D04B494C4A1A
:106654004C4C0B73C2F86042434A8B881380938975
:106664009BB243F400539381002330BC43707047C2
:10667400C5F8842013F0020F3D4AD2E90052CCD170
:10668400C5F8882013F0040F3A4AD2E90052CCD15D
:10669400C5F88820CBE7C0F8842013F0020F2F4AF6
:1066A400D2E900028BD111F0020FC0F888202C4AE5
:1066B400D2E900128BD113F0040F2A4BC1F88820C1
:1066C400D3E900238BD1C2F888308AE7C2F8883036
:1066D400B8E71E4A1F4D127894F804111A402C781A
:1066E4004A402340D50781EA03011B4BD3E9004309
:1066F4001FD4C4F88830194B9507D3E9004321D53A
:10670400C4F88430164B11F0020FD3E9001316D0ED
:10671400C1F88430134B12F0040FD3E900230BD0DB
:10672400C2F88430104A93899BB243F40053938196
:106734009AE7C4F88430DEE7C2F88830F2E7C1F89B
:106744008830E7E7C4F88830DCE700BF58F200205F
:10675400141601205CF20020E01B0120E81B01203C
:10676400F01B0120F81B012000801E40CC040120F6
:10677400D4040120E4040120DC040120001C0120D5
:1067840000FC0020910700003249334A3348F8B531
:10679400D1E90041324B2468B0F89C500C42D2E954
:1067A400001214BF0124002409681142D3E9002314
:1067B40014BF0121002112681A422B4664F3861388
:1067C40014BF0122002261F3410362F38203254ACC
:1067D400127852072DED028B31D590F89C2082F06F
:1067E4000802C2F3C00262F3C3032DBB9DB21E4C68
:1067F4001E4F9FED1F8AA4F1780694F87430B0EE12
:10680400480A002201209BB194F86110B4F8643066
:10681400FF2925EA030508D0D7F8583198470128FD
:1068240003D1B4F864302B439DB2183CB442E4D194
:106834002846BDEC028BF8BD5D40ADB2D7E70D4AEA
:106844001268D2E906120968114214BF012200221B
:10685400C9E700BF600101202801012014160120AE
:1068640020010120C004012010EC00209808012020
:1068740000000000F4040120C0680021836E184762
:1068840030B4134C134B426893F8B4301249184691
:10689400127AD4E90054C2F300022D68254214BFD1
:1068A4000124002464F30000D1E9004124680C426F
:1068B40014BF0121002161F341004340C3F30001EF
:1068C400184642EA010330BC63F30000704700BF7E
:1068D400F017012014160120E81701200E4B0F4A6F
:1068E4000F4810B4D3E9004190F8A200246803468D
:1068F4000C42D2E9004114BF01220022246862F351
:1069040000030C425DF8044B14BF0122002262F321
:1069140041035840704700BF300101205801012055
:106924001416012072B603681943016062B67047F9
:10693400034672B600681A6822EA0101196062B659
:10694400704700BF034672B60068196062B67047AC
:1069540062B6704772B670474FF0E023014AC3F83D
:106964000C2D70470400FA05024B03481B68C01A3B
:10697400704700BF78E60020000028201A491B4A0F
:106984008B8A92F8042123F01003D0074FEA0343C3
:106994004FEA13438B82164BD3E9001317D5C1F882
:1069A4008430144912F0020F134BD1E9000114D0C2
:1069B400C0F88410D3E90013C1F884300F4B12F0EF
:1069C400040FD3E9002305D0C2F884307047C1F81E
:1069D4008830E6E7C2F888307047C0F88810D3E9F9
:1069E4000013C1F88830E9E700801E401416012026
:1069F400E01B0120E81B0120F01B0120F81B0120F3
:106A0400304A3148938A314923F0100391F8041134
:106A14001B0410B41B0C2E4C9382027B23782D4C48
:106A2400134094F800C04B4002EA0C0213F0010F2B
:106A340081EA0201284AD2E9004228D0C4F884201D
:106A440013F0020F254AD2E9004228D011F0020FB8
:106A5400C4F88420224AD2E9001228D013F0040F8B
:106A6400204BC1F88420D3E9002328D0C2F8843015
:106A74001D4B1E4AC3F86022124A03885DF8044B7A
:106A8400138093899BB243F4005393817047C4F8F5
:106A9400882013F0020F114AD2E90042D6D111F036
:106AA400020FC4F888200E4AD2E90012D6D113F09E
:106AB400040F0C4BC1F88820D3E90023D6D1C2F8C7
:106AC4008830D5E700801E40001C012014160120E8
:106AD40058F200205CF20020E01B0120E81B01209A
:106AE400F01B0120F81B012000FC00200D07000012
:106AF40030B5002383B08C461446054619460DF183
:106B0400070201208DF807C007F028FC60B19DF84A
:106B14000730224628466370E9686B69A1602373D5
:106B240012F8041B07F0DEFC6078FF3818BF012060
:106B340003B030BD08B5044B0021D3F8B0211CF0DC
:106B4400D1F8012008BD00BF9808012008B5044B06
:106B54000021D3F8B0211CF041FA012008BD00BF88
:106B64009808012010B5044B01241C7020F068FB28
:106B74001CF0F8FA204610BDA821012030B5174DAD
:106B840083B02B7813B9184603B030BD04461CF00B
:106B9400D7FA002302466846CDE900231FF098FE89
:106BA400234600F1200ED0F800C0103050F80C4CF1
:106BB400103350F8081C50F8042C704543F810CCDE
:106BC40043F80C4C43F8081C43F8042CEBD102683E
:106BD4001A602B78184603B030BD00BFA8210120ED
:106BE40008B51BF063FF002108BD00BF384B3949CD
:106BF400D3E9000230B5006883B0374D0024104259
:106C040095F82731009414BF012000200C68DAB2F3
:106C14004968246860F3000230480C428DF8003063
:106C2400D1B28DF8002018BF4FF0010C2C4A08BFD8
:106C34004FF0000C8DF80230D0E900406CF34101B4
:106C440024688DF80010D9B20442D2E9004014BF80
:106C540001220022246862F341019DF800200442CD
:106C64008DF8021014BF0121002161F382028DF816
:106C7400002043B19DF80210D2B25A404B408DF827
:106C840000208DF8023016F05DFA10F0180F0BD0CA
:106C94009DF802209DF800306FF382026FF38203A7
:106CA4008DF802208DF80030009B00205FFA83FCF1
:106CB400C3F30721C3F307421B0E6CF3070061F310
:106CC4000F2062F3174063F31F6003B030BD00BFB1
:106CD400380101204001012014160120480101203F
:106CE400500101202DE9F04F804683B0DFF89090E9
:106CF4004FF02C0A88F0010708468B4699F80040AB
:106D040000F0F2FF0190013CD9F804600AFB04F59D
:106D14007219D2E906329A61B8F1000F02D05FFA13
:106D24008BF151B9D7B15969012721EA02025A619D
:106D3400002CE8D103B0BDE8F08F705D00F05CFF7B
:106D4400D9F80420C0B22A441369B3F5007F0CD0EB
:106D54009DF805301842D2E90632E4D1596900277A
:106D64000A435A61002CCED1E4E79DF8043018425E
:106D7400D2E90632D7D1596900270A435A61F1E7AB
:106D8400340B0120536810B5012B82B014468DF8E2
:106D9400071012D0107800F0CDFF012103460DF149
:106DA4000702084607F0DAFA58B19DF80700607048
:106DB400FF3818BF012002B010BD127A43699A420D
:106DC40005D06078FF3818BF012002B010BD836A77
:106DD400002BF6D09DF807006070E9E7074B01220D
:106DE4000021162010B51A701BF08AFE044B1B6894
:106DF40013B1BDE81040184710BD00BFA721012002
:106E0400080D0120124B1B6810B5044603B19847C6
:106E140040F201130F4A1C40137814BF01210021D2
:106E24008B420AD10C4C237803B910BD00211620E3
:106E34001BF066FE0023237010BD1B2011701BF095
:106E44005FFE002CEED0002116201BF059FEE9E76E
:106E5400180D012095210120A721012008B5022148
:106E640004480FF097FE044B00216420DB6B984725
:106E740026F066FD5879002098080120394AD2F896
:106E8400083123F00303C2F80831002847D0364AFA
:106E9400364992F8043113F0010FD1E900013FD1D2
:106EA400C0F8881013F0020F3149D1E900013FD036
:106EB400C0F8841013F0040F2E492F4BD1E90001C0
:106EC400C0F88410D3E900133FD0C1F8843092F89D
:106ED40005312A4913F0010FD1E900013ED0C0F871
:106EE4008410274913F0020FD1E9000133D0C0F810
:106EF4008410244913F0040FD1E9000128D0C0F80C
:106F0400841092F80621534013F0020F1E4BD3E96C
:106F1400002302D0C2F884307047C2F8883070472A
:106F2400C0F8841013F0020F1149D1E90001BFD158
:106F3400C0F8881013F0040F0E490F4BD1E900017B
:106F4400C0F88810D3E90013BFD1C1F88830BEE778
:106F5400C0F88810D5E7C0F88810CAE7C0F88810D0
:106F6400BFE700BF0040084014160120E01B0120C9
:106F7400E81B0120F01B0120F81B0120CC04012098
:106F8400D4040120E4040120DC0401200F4B104A46
:106F940093F8A2305840C3B2C007D2E900120AD510
:106FA40013F0020F0B4BC1F88420D3E900230AD05D
:106FB400C2F88430704713F0020F064BC1F88820E2
:106FC400D3E90023F4D1C2F88830704714160120A5
:106FD4003001012058010120074BD3F80C21D207BE
:106FE40009D5D3F80C21054942F00102D1F89C10CF
:106FF400C3F80C2108477047004008409808012056
:1070040038B5074B074C1B68984723683BB1256884
:10701400013D25601DB963680BB19847656038BDB3
:107024003C1D01209008012028B170B50C4C206053
:10703400616049B170BD0A4B1A6812B101225860EF
:107044001A6001B1084770472368002BF2D0054E3F
:10705400756D16F077F8A8472368002BF8D170BD3A
:10706400900801206807012090F820309B070CD578
:10707400818983680D4A5B1A51809BB2138293897C
:107084009BB243F4005393817047084A9389C3F336
:107094000C039381D38923F008031B041B0CD381B5
:1070A400D3899BB243F00403D381704700001E4090
:1070B40010B411F0010417D1C26892F8203064F3BF
:1070C400861313F0040F82F82030264B93F8B43063
:1070D4002FD013F0020F244BD3E900232FD05DF8F7
:1070E400044BC2F8843070471E4CC1F340011E4A61
:1070F40094F8B430C3F340039942D2E900312ED05E
:10710400C3F88410C36893F8201049071CD594F879
:10711400B41011F0020FD2E900121DD0C1F888207A
:1071240093F820205DF8044B42F0400283F82020BD
:10713400704713F0010F0D4BD3E90023CFD15DF855
:10714400044BC2F88830704794F8B42012F0010F51
:10715400064AD2E90012E1D1C1F88420E0E7C3F87D
:107164008810CFE714160120E8170120F01701203A
:10717400C068C3688B4290F8203010D003F04802F6
:10718400082A31D0836889B25B1A264A9BB251809F
:10719400138293899BB243F40053938170471A0777
:1071A40017D56FF38613DAB213F0040F80F820308A
:1071B4001D4B93F8B4300ED013F0020F1B4BD3E9E0
:1071C40000130ED1C1F888309306E7D5818B83680C
:1071D400DAE7FFF749BF13F0010F154BD3E90013AA
:1071E400F0D0C1F88430EFE713F0040F0E4B93F89E
:1071F400B4300ED013F0020F0C4BD3E900230ED0A1
:10720400C2F8883090F8203043F0400380F82030F2
:10721400B8E713F0010F064BD3E90023F0D1C2F80D
:107224008430EFE700001E4014160120E817012007
:10723400F017012038B5C368044693F8202050079E
:1072440050D58D071AD5B5EE400AF1EE10FA2ED1BD
:1072540012072CD5414893F820206FF3861251076A
:1072640083F8202090F8B4306ED513F0020F3C4B15
:10727400D3E900236ED0C2F8843038BD93F82020BF
:107284006FF3861212F0040F83F82020334A92F829
:10729400B42049D112F0010F324AD2E9001249D088
:1072A4001846C1F88420BDE83840FFF7DDBE2B4AFC
:1072B40092F8B42012F0020F294AD2E9001230D019
:1072C400C1F8882093F8202000219D6E184642F0D2
:1072D400400283F82020A84701462046BDE83840F4
:1072E400FFF746BFC807C9D51C48C1F3400190F851
:1072F400B450C5F34005A9421949D1E9005120D041
:10730400C5F88410B5EE400AF1EE10FA01D1150764
:10731400A1D490F8B42012F0010F124AD2E900125D
:10732400CED1C1F88420CDE712F0020F0C4AD2E985
:107334000012B5D11846C1F88820BDE83840FFF7DF
:1073440093BEC5F88810DDE713F0010F054BD3E9B0
:10735400002390D1C2F8883038BD00BF1416012034
:10736400E8170120F01701202DE9F041504C0523C6
:10737400214622462DED028B92F861C0013B183A5A
:10738400604505D0002BF7D1BDEC028BBDE8F08140
:1073940003EB430301EBC3039E889B783546042B20
:1073A4000BD0002EF0D0290419D5424F3B6F28464C
:1073B400BDEC028BBDE8F04118473E4F01469FEDFE
:1073C4003E0A0022D7F8583101209847B0FA80F0DD
:1073D400400960F3CF35AEB2002EE4D1D4E737488C
:1073E400374F3849384AB7F89C50D0E900C02B468B
:1073F400DCF800C01CEA000FD1E90001D0F800E07D
:10740400D2E900C014BF01220022DCF800C01EEA49
:10741400010F62F386132D4A14BF01210021127853
:107424001CEA000F61F3410314BF0121002152073C
:1074340061F382032ED4264A1268D2E9061209683F
:10744400114214BF0122002262F3C30365BB9DB243
:10745400DFF88080174F9FED188A94F87430B0EEEF
:10746400480A0022A3B194F861100120B4F86430F2
:10747400FF2925EA030508D0D7F858319847012891
:1074840003D1B4F864302B439DB2183C4445E4D195
:1074940035438BE797F89C2082F00802C2F3C002C0
:1074A40062F3C303002DD2D05D40ADB2D0E700BF7C
:1074B40010EC002098080120000000006001012069
:1074C400141601202801012020010120C0040120FC
:1074D400F404012098EB00202DE9F0474FF0844E8E
:1074E400DFF804C3B04C0F25DEF818004FF0000A93
:1074F400DEF81430AD4F1840AD4EDFF8C8922DEDD4
:10750400028B86B00290DCF81810DCF814301940B5
:107514000391A26963691A400492BB69D7F8148085
:1075240003EA0803DFF8C4820593CEF81800CCF808
:107534001810A26106F51A74BB612C2708E02369B0
:10754400B3F5801F0BD0B442A4F12C0323D01C4606
:10755400013D07FB05631B8913F4787FEFD094F892
:10756400203006A9E26901EB830353F8103C13426F
:10757400E9D007FB056301215A7A83F82210D20966
:1075840015D12369B3F5801F2BD0B4424AEA030A0C
:10759400A4F12C03DBD11AF4C06F40F088801AF4F4
:1075A400807F22D106B0BDEC028BBDE8F087282293
:1075B4002146404605F05EFA0028E2D0D4E90612DE
:1075C4004B6923EA02034B612378032B00F0D68036
:1075D400CD2BB8D199F8003043F0080389F8003076
:1075E400B1E720461AF0D4F9ADE7724B724A7349F9
:1075F400DFF8F081D3E90003D2E90042006824688F
:1076040018426F4BD8F8707014BF01200020144248
:10761400B1F89C20D3E9005413462D6860F3861317
:1076240014BF01200020254260F34103654814BFC4
:1076340001240024007864F38203400700F1A5804C
:1076440061490968D1E906010068084214BF0121B3
:10765400002161F3C303002A40F0A2809DB25B4C79
:107664009FED5B8AA4F1780694F87430B0EE480A72
:10767400002201209BB194F86110B4F86430FF2912
:1076840025EA030508D0D8F858319847012803D1D2
:10769400B4F864302B439DB2183CB442E4D128467C
:1076A4003B4606B0BDEC028BBDE8F0471847494B9A
:1076B4000020424C0090D3E9001294F82731096865
:1076C4008DF8003011424449DAB28DF8023008686E
:1076D40018BF0124496808BF0024006864F300024D
:1076E40008423E498DF80020D2B214BF0124002480
:1076F400D1E9000164F3410200688DF800200842DA
:10770400374AD9B214BF0120002060F34101D2E905
:1077140000028DF80210006810429DF8002014BF8A
:107724000121002161F382028DF8002043B19DF80C
:107734000210D2B25A404B408DF800208DF802302E
:1077440015F000FD10F0180F0BD09DF802209DF8E5
:1077540000306FF382026FF382038DF802208DF8FC
:1077640000300098019007F037FFC0B200283FF4C2
:1077740016AF1C4B00981B6E984710E799F8003021
:1077840043F0040389F80030DDE691F89C1081F0A1
:107794000801C1F3C00161F3C303002A3FF45EAFE3
:1077A4005A4095B25BE700BF0080004200C000422F
:1077B40088EF002060010120280101201416012017
:1077C40020010120C0040120F404012010EC002059
:1077D400000000003801012040010120480101207F
:1077E400500101209808012000400042811500004A
:1077F4002DE9F0432DED028B037883B00446032B6F
:1078040004D1824B1A786FF382021A70238903F42D
:107814007873802B0CD0D4E90621106808420CBF81
:1078240001200020403B18BF0123984200F0CE8085
:107834002369B3F5806F65D000F2C080B3F5807F13
:107844005DD1734B734A7449DFF8EC91B1F89C60D5
:10785400D9F87080D3E90003006818426F4BD2E96D
:107864000007D0F800C0D3E900203346156814BFE0
:10787400012200221CEA070F62F3861314BF0122BF
:107884000022054262F34103604A14BF0120002034
:10789400127860F38203520740F1AD8091F89C2086
:1078A40082F00802C2F3C00262F3C303002E40F068
:1078B4009F809EB25A4D9FED5B8AA5F1780795F89B
:1078C4007430B0EE480A0022A3B195F8611001208B
:1078D400B5F86430FF2926EA030608D0D9F85831F0
:1078E4009847012803D1B5F8643033439EB2183D5C
:1078F400BD42E4D13046C047D4E9062166E0B3F581
:10790400007F61D1484B0020434D0090D3E9001221
:1079140095F8273109688DF8003011424349DAB2ED
:107924008DF80230086818BF0125496808BF002592
:10793400006865F3000208423D498DF80020D2B288
:1079440014BF01250025D1E9000165F34102006857
:107954008DF800200842374AD9B214BF0120002014
:1079640060F34101D2E900028DF802100068104270
:107974009DF8002014BF0121002161F382028DF8DB
:1079840000205BBB15F0DEFB10F0180F0BD09DF848
:1079940002209DF800306FF382026FF382038DF8AA
:1079A40002208DF800300098019007F015FEC0B257
:1079B40050B1214B00981B6E984705E0B3F5801F2A
:1079C40002D1204619F0E4FFD4E9062153690B43A0
:1079D400536103B0BDEC028BBDE8F0839DF8021047
:1079E400D2B25A404B408DF800208DF80230C9E7DE
:1079F4005E40B6B25EE7114A1268D2E9061209681F
:107A0400114214BF012200224EE700BFC00401202E
:107A14006001012028010120141601202001012009
:107A240010EC00200000000038010120400101207A
:107A3400480101205001012098080120F40401208C
:107A440039B9D0E906315A6922EA01025A619961C9
:107A54007047042930B433D0C469022994FAA4F2DB
:107A6400B2FA82F232D0082932D0A1F10101B1FA7E
:107A740081F14909490083690F2ADD6925EA040572
:107A8400DD6113DD103A03255200914095401A69D7
:107A940022EA05020A431A6102699C6112F4C06F6A
:107AA40002D15A6922435A6130BC704752000325FF
:107AB40091409540DA6822EA05020A43DA60EBE76E
:107AC400D0E90634DA692243DA61E5E70321D2E733
:107AD4000221D0E700487047E0ED0020014B187800
:107AE400704700BF9D210120F8B5124F04460D4692
:107AF400BB6FE6B29847C0B2B04209D07B6F204654
:107B0400984706B12DB92020BDE8F84018F03ABDD9
:107B1400F8BD07EE905A084B9FED080AF8EE677A15
:107B2400987887EE800A0AF0C5FE2020BDE8F84068
:107B340018F028BD98080120241C012000007A4474
:107B440038B5104B1A7882B95D7875B904460E4B76
:107B5400E4B25B6F98471CB10C4BB3F8A4302BB95B
:107B64002020BDE8384018F00DBD38BD07EE903A2E
:107B74009FED070A2846F8EE677A87EE800A0AF036
:107B840099FEEDE7241C0120980801201416012019
:107B940000007A4438B5054615F0D4FA022802D11B
:107BA4000124204638BD0CF02DFF04460028F8D0EF
:107BB4002846FFF7C5FF204638BD00BFC1B14FF6C8
:107BC400FF7300B500EB010E4AF2010110F801CB7E
:107BD400082283EA0C0313F0010F14BF81EA530354
:107BE4005B08013AF7D18645F0D118465DF804FBED
:107BF4004FF6FF73184670472B284FF0000212D837
:107C04000E280ED9A0F10F0301211648DBB201FAA8
:107C140003F3034216D11448034217D11348034215
:107C240009D1104670477E2808D0872812D14FF01A
:107C34000302104670470A46104670474FF0070289
:107C4400104670474FF00402104670474FF002028E
:107C540010467047A0F17F03D9B20729E1D8012269
:107C64009A40DEE70404001E0202F00001810700CE
:107C74000E4B93F81822C2B90D4893F8152290F8C8
:107C8400900193F8173222EA00020A4923EA00031A
:107C940002F0070203F0070382F0070C4A7083F036
:107CA4000700CB7081F800C08870704798080120E5
:107CB40014160120BC0A01200A4B002082B01B6864
:107CC4005FFA83FCC3F30721C3F307421B0E6CF373
:107CD400070061F30F2062F3174063F31F6002B0E3
:107CE400704700BFBC0A012010B4104C83B0104B85
:107CF40094F8184219785A7893F802C0DB7844B99A
:107D0400C0B241EA0C011A4300EA0C0C03400140E2
:107D14000240002061F3070062F30F206CF3174068
:107D240063F31F6003B05DF8044B704798080120AB
:107D3400BC0A0120104BD721B42210B401E093F8FF
:107D44009815884202F1FF324FF001014FF0000410
:107D540004D1D3F89C45B4FA84F14909083B0AB12B
:107D64000029ECD11CB120465DF8044B7047034C4C
:107D740020465DF8044B704798350060CCE4002041
:107D8400103803280FD8094B00B585B004AA0DF1AB
:107D9400100E02EB800C0FCB0EE90F005CF8100CF8
:107DA40005B05DF804FB0020704700BF40060020CA
:107DB4000D2804D8012303FA00F080B27047002094
:107DC400704700BFC0F3072303F03803082B01D02A
:107DD4000C48704710B58AB0C0F383400A4C0AAB14
:107DE400EE4603EB800C0FCCAEE80F000FCCAEE8F0
:107DF4000F0094E803008EE803005CF8280C0AB036
:107E040010BD00BFD0E40020500600200048704799
:107E1400ECED002038B50569EC6B2DED028B002CE0
:107E24003ED0027D03462049B0EE408A6FF34512EE
:107E340002751E4A82ED1D0A002280ED000A82604E
:107E4400CA8B120A42F040024276012088771876E3
:107E5400CA7F0243CA775A7E02435A7664226B6809
:107E6400DA60A047D0ED007A28EE278AB5EE408A82
:107E7400F1EE10FA10D00E4B9FED0E7AD3ED1F7A6F
:107E840067EE877AF4EEC87ABDEC028BF1EE10FA55
:107E94004CBF2B20002038BDBDEC028B292038BDFF
:107EA400BDEC028B142038BD241C01208406012063
:107EB400141601206666663F08490C2391F8932046
:107EC400013202F0030203FB021381F8932094337E
:107ED40007C883E8070018F089BA00BF84060120A8
:107EE4002DE9F04100F11C0301F11C0782B00C22C2
:107EF40006460D463846194601931FF037FF614A7E
:107F0400019B926A5AB196F82C4095F82C2004F003
:107F1400010402F00102944200F0958001225A4CBF
:107F2400227118B1E8697968BA6807C3AA7905F1BA
:107F34003C08B37906F13C079342237816BF01212C
:107F44000021B27161F38203327923702B79217895
:107F54009A4282EA030018BF337160F3C301AA781E
:107F6400B37821709342237816BF01210021B270A7
:107F740061F34513F2782370EB7821789A4282EA10
:107F8400030018BFF37060F38611F3794046EA7971
:107F940021709342637816BF01210021F2710C22F3
:107FA40061F30003394663701FF0E0FE002859D1E5
:107FB40095F82E2096F82E309342637816BF01214F
:107FC400002186F82E2061F34103287D6370337D00
:107FD4008342637814BF0122002262F3C3036370F7
:107FE40049D16A7F737F9342637816BF01210021D0
:107FF400727761F34513727963706B7961789A4291
:1080040082EA03006A7E18BF737160F38611737E7F
:1080140061709342A37816BF01210021727661F347
:10802400C303AA8DB18DA3709142A37814BF01211B
:10803400002161F30413A37002D0144BB285DA83D8
:1080440002B0BDE8F081B16AAA6D4968C96891427D
:108054007FF464AF18B10C4C0122227162E70A4C20
:10806400207163E76378E86B43F00103296C6A6C61
:10807400637007C79CE706F10801307513F022F816
:10808400AFE700BF8406012038030120241C01202F
:10809400124B9A6970B592B10C46DB699847054654
:1080A4005CB1006848B121F083F901301FF09EFBF8
:1080B400206010B1296820F0D9FB686870BD084BB6
:1080C4000546084ED3F8D4303446186859689A687F
:1080D400DB680FC43046356170BD00BF68070120FE
:1080E400840601204820012038B50C201FF07EFBB7
:1080F40068B1084B0446084D93E807002B6884E8F0
:1081040007002BB11A469B68002BFBD1946038BD45
:108114002C6038BD70060120400D0120154AB7EED1
:10812400007A0023A2F10C0110B472ED017A5B0015
:10813400F4EE477ADBB2F1EE10FA18BF43F0010314
:108144009142F2D10C4A4FF07E5000210B4C506109
:10815400916010615160D0601160002284F82F207A
:1081640013B95DF8044B704702205DF8044B18F016
:1081740009BA00BF08F90020F0F8002084060120A5
:108184003630472330B5C4B2124D83B03B2C204661
:108194002B8028BF3B200AF0DFF9014628460191D5
:1081A40021F006F9019928441EF0F8FB3B2C02D873
:1081B400084803B030BD084A0346A4F13B001288C6
:1081C4001A800AF0C9F9014628461FF017FF014832
:1081D40003B030BD00040120448B002000487047E8
:1081E400FCF80020094BB7EE007A0020A3F10C0242
:1081F40073ED017A4000F4EE477AC0B2F1EE10FA62
:1082040018BF40F001009342F2D1704708F90020F2
:1082140010B50446E9B1164A40F20113B2F8182128
:10822400934316D016F09CFC002812DB00EB4000B0
:10823400104B204403EB840203EB800392ED020A0B
:10824400D2ED0F7A93ED257A30EE070A30EE270A45
:1082540010BD084B03EB840191ED020A91ED327AD3
:10826400D1ED0F7A30EE070A30EE270A10BD00BFB9
:10827400141601208406012070B582B0019228B141
:10828400022829D0284BD87102B070BD264D04466F
:10829400264A0021D5F8D430966905F14802A3F1A5
:1082A4000C0C72ED017AF5EE407A1160F1EE10FAE1
:1082B40018BF44F0010406B99960043B6345F0D14A
:1082C400E871002CE0D04FF4806018F05BF902B044
:1082D400BDE8704018F08AB8154B01EBC102DDED22
:1082E400017A03EB8203104DF8EEE77AD3ED0C6AC2
:1082F40001F10E0387EEA67A05EB8303D3ED017A31
:10830400F4EE477A83ED017A084BF1EE10FA9B699B
:1083140014BF01240024002BD2D1D5F8D43003EBB0
:10832400810383ED007ACBE78406012068070120EE
:108334001416012079B1012906D10B46002202212D
:108344004270017083707047012102220023017082
:10835400427083707047012202230170427083705F
:10836400704700BF2DE9F04F6F4F87B097F881B089
:10837400BBF1000F50D06D4D00216D4CD822284622
:108384006C4E1FF0E9FD94F81E31D9067BD5F369D4
:10839400D4F8A00198474368C5F8D430002B72D0B4
:1083A400B369002B78D0644B1C682CB12046A468B8
:1083B4001FF024FA002CF9D1FB8B00205F4CAB8515
:1083C400EC6614F063F8A862FFF7A8FEA4F11401A8
:1083D400287D12F077FE10B9B3680720984797F804
:1083E4008130002B44D0524B93F81D319B0765D547
:1083F400736C3BB10022A968CDE9002202920029E6
:108404006DD098470AF076F8F36A002B38D04748C5
:1084140007B0BDE8F04F1847444D03AE804605F160
:108424003C0495F814A095F8079094E8070086E8B2
:108434000700C822594628461FF08EFDD5F8D4C03F
:108444003F4B96E80700D3F8283184E80700DCF8AE
:108454001020C5F8882013B1594660469847354E18
:10846400B8F1000F9FD085F814A085F807909AE71B
:10847400736C002BC5D10AF03DF8F36A002BC6D10A
:1084840007B0BDE8F08FF369002098474368C5F84A
:10849400D430B369002B86D1D5F8D420136053604F
:1084A4009360D360136194F81E31DA067FF57BAFD5
:1084B400D5F8D430D4F8A0211A6174E7214C0B20EC
:1084C400214612F0FFFD18BBB36807209847736C70
:1084D400002B97D097F88120002A8BD191E7E86888
:1084E40090428ED1286990428BD1D5F8C82005914D
:1084F400CDE90311002A84D1D5F8CC10049A914215
:108504007FF47FAFD5F8D01091427FF47AAF79E74A
:1085140095F993300C2202FB035394E8070094333B
:1085240083E80700D3E700BF241C01208406012050
:108534001416012068070120400D0120A006012027
:10854400980801204C07012000487047A00601202C
:1085540008B506490023C1E907334B6214F0B8FAA1
:108564001020BDE8084018F00DB800BF84060120B3
:1085740008B5054A054B50765B6F98472020BDE847
:10858400084017F0FFBF00BF8406012098080120AF
:1085940040B110B504462046A4681FF02FF9002C02
:1085A400F9D110BD704700BFB0B10C4BD3F8C8303F
:1085B40010B5044603B19847237823B92046BDE893
:1085C40010401FF01BB9204600210EF0E3FA2046AC
:1085D400BDE810401FF012B9704700BF68070120C2
:1085E400014B1868704700BF90050120F8B5054697
:1085F40010B12C4F3E7816B100263046F8BD7B787A
:10860400002BFAD1284C0146284E2046FFF768FC7F
:10861400AB6C2367AB8DFB83B378DA0621D41F07D9
:1086240026D4737818072CD4590633D43679002EFF
:1086340036D094F82C10A06A01F0010114F098F8D7
:1086440050B11B4B94ED090A217FA06AB3F8AC200A
:1086540014F0D2F93046F8BDA96DA06A14F00EF8F2
:10866400EFE7D5E914010BF0B1FAB3781F07D8D5B9
:108674000F4B607EB3F8A410FFF736FA737818072F
:10868400D2D54FF4007017F07DFF17F0AFFE73786A
:108694005906CBD5082017F075FF3679002EC8D1BE
:1086A4000126AAE7241C01208406012038030120A6
:1086B400141601202DE9F04F0378174683B00446C1
:1086C4005A1E88461F2A04D814F8013F5A1E1F2A2E
:1086D400FAD93B2B48D02F2B42D02278A1469AB10D
:1086E40025460026DFF83CA1DFF83CB14A4B202A9E
:1086F40006D9292A16D03B2A10D0282A0BD036B303
:1087040001352A78002AF2D10023204689F8003066
:1087140003B0BDE8F08F01352E46F2E7002EEFD10D
:108724002E70F1E7002EEBD09AF8912062B92A70EE
:108734009BF80A2212071FD4002F30D03A68002A6F
:1087440031D03678002EDBD001350026D9E7A2F1EE
:108754006101192998BF02F05F0209F8012BCFE7E4
:108764002E4B1B89D90605D500232046237003B060
:10877400BDE8F08F0134B0E73278002AE4D017B1B5
:108784003A68002AE0D1D3F8CC20002ADCD0304665
:10879400013590470026204B88F80000B1E7327875
:1087A400002AF0D1D0E7D3F8C4202AB1304690474C
:1087B400194B38600028C4D10422194930461DF0F1
:1087C400E1FF154B0028EAD1AB1BDA1E00931046DB
:1087D40001921FF00BF8104B38600028DFD096F898
:1087E40004C0311D019ABCF1200F0DD106F1010C1A
:1087F400009A053694443146ACEB0602013691F8F2
:1088040000E0BEF1200FF6D000911AF0FFFB0099B2
:10881400014B0E4695E700BF68070120241C012088
:10882400B079002084060120980801202DE9F04F3A
:10883400DFF8C8820023DFF8C89298F88D20D9F8B1
:1088440008512DED088BADB017938DF85B30002ADD
:1088540000F0AD81B5FA85F56D0935B1D9F8083167
:10886400003B18BF012388F88D3017AA0DF15B0176
:10887400FFF720FF9DF85B3004464BB90378252BA6
:108884000CD07BB9179808B1FFF78EFE9DF85B30CA
:1088940018462DB0BDEC088BBDE8F08F4378002B53
:1088A40000F06682924EF022DFF8508200213046BA
:1088B40006F108051FF050FB0023D8F86C20C446CD
:1088C40006931F4608928DF81C30ADF81430BCE8AE
:1088D4000F000FC5BCE80F000FC5BCE80F000FC5A3
:1088E4009CE8070085E807002378242B00F05383D5
:1088F40023460122002518921A9593F800B0CDE979
:108904001B55BBF1000F01F040835B46DFED798A14
:10891400A3469FED799AAA461C46099504950A95A3
:10892400402C8CBF00220122242C08BF0022002AE4
:1089340040F03B835A2C00F238834F2C00F0E28045
:1089440019AA18A9584609F029FF00284AD1022D6E
:1089540041F06282DFED687A8DED199A472C5AD086
:108964004D2C00F0F5800022243C1B92362C00F2A2
:108974002881DFE814F0CA05260126012601260114
:1089840026012601260126012601260126012601AB
:10899400260126012601260126012601260126019B
:1089A400260126012601260126012601260126018B
:1089B400DA05E405EE05F80502060D0626011F0694
:1089C400360644065206600626014F05DC005C05A7
:1089D400670572057D058805B0050805440526056B
:1089E4003505BB05DDED197AF4EE677AF1EE10FA80
:1089F400B4D6BCEEE77A472CB8EE478A8DED1A7AE6
:108A040037EEC88A28EE288AB8FE488ABCEEC87AAF
:108A140017EE10AAA4D100221C921A9A632A00F21B
:108A2400D080DFE812F05F035F035F035F03080495
:108A34005F03CE001E041E04CE007B03CE00CE00D6
:108A4400CE00CE00CE00CE00AC03AC03AC035C047D
:108A54005C04CE00CE00CE00CE00CE00CE007B0360
:108A6400CE007B03CE00CE009B04CE00CE00CE0011
:108A7400CE005C06CE007306CE00CE006904CE00A4
:108A8400CE00CE00CE00CE0069044C044C04CE00CF
:108A940008040E030E030E030E030E030E03CE0092
:108AA4007A06CE00CE00CE003F06CE00CE00CE0029
:108AB400CE00CE00CE00CE00E802CE00CE009B0455
:108AC400CE00CE00CE008706E802E802E802E80203
:108AD400E802E802CE00CE00E802300430047B0352
:108AE4004204420453068A048A048004800400BFBA
:108AF400940501200000C8420000C07F84060120C4
:108B0400980801201AAA18A958468DED199A09F057
:108B1400F9FD8DF85B00002841F07B81DDED197AC9
:108B2400F4EE677AF1EE10FAFFF563AF1B90BAF139
:108B3400000F41F012819DF86D204FF4004142F086
:108B440080028DF86D201A9AC6F8C82000F025BC62
:108B54003278412A00F014821A9D632D33D98F4A4A
:108B64000021D2F8FC201C915AB3BAF1000F00F096
:108B7400398205EB85051FFA8AF405EB850504EBBC
:108B8400850080B290470546D8B11A9A02EB82025A
:108B940002EB820204EB820292B272809DF8722090
:108BA40042F020028DF872204FF4001204E1003DDF
:108BB40018BF012551E67A4A92F82C21540700F196
:108BC400F180142364E6BAF1000F41F0C680CDF8B9
:108BD40070A0632D00F2008201A252F825F000BFBC
:108BE400EB2E0000EB2E0000EB2E0000432F0000C4
:108BF400432F0000432F0000D3340000892F0000CE
:108C0400892F0000892F0000692D0000692D0000C4
:108C1400692D0000692D0000692D0000692D0000F8
:108C2400692D0000692D0000692D0000692D0000E8
:108C3400692D0000692D0000692D0000692D0000D8
:108C4400692D0000692D0000692D0000692D0000C8
:108C5400692D0000692D0000EB2E0000692D000035
:108C6400692D0000692D0000692D0000692D0000A8
:108C7400692D0000692D0000692D0000692D000098
:108C8400692D0000692D0000692D0000692D000088
:108C9400692D0000692D0000692D0000692D000078
:108CA400352B0000352B0000352B0000352B000040
:108CB400692D0000352B0000692D0000692D00008E
:108CC40047290000692D0000692D0000692D00006E
:108CD400EB2E0000633500002B2F00002B2F00002B
:108CE4002B2F00002B2F000005350000F53300006A
:108CF400F5330000692D0000212F0000212F000012
:108D0400212F0000212F0000692D0000692D000093
:108D1400692D0000692D0000692D0000692D0000F7
:108D2400692D0000692D0000692D0000692D0000E7
:108D3400692D0000692D0000692D0000692D0000D7
:108D4400692D0000692D0000692D0000692D0000C7
:108D5400692D0000692D0000692D0000692D0000B7
:108D6400692D0000692D0000692D00003B350000CD
:108D7400037098F88D30002B00F01981002D40F01D
:108D8400E88198F88C30002B41F01C8039238DF851
:108D94005B300378002B3FF475AD83E56807012051
:108DA40014160120757000259DF8722042F01002FF
:108DB4008DF872204FF48012174240F0BA873A437C
:108DC4001746189A511C18911BF80240002C7FF486
:108DD400A7AD9DF87020A346D50703D53278412A64
:108DE40001F0F0809DF81CB0BBF1000F00F09187FA
:108DF400049B002B40F08D8798F890201AB1059BB6
:108E0400DC0741F18E840223049396F8D92050069E
:108E140005D5BE4AD6F8C410914201F30D81C7F3BB
:108E2400074414F02001224600F09A877588002D2B
:108E340001F08180B649B748D1F80011D6F8D8506E
:108E44000B94884703460C901A9000287FF420ADB9
:108E5400D6F8D8100B9A4D4015F0E06103D02BEAF8
:108E640011638DF81C300699C5F3021321EA03033C
:108E7400A9050693C5F3072341F10B820021D6ED22
:108E8400198A7166180605D5D6F8C81000230C9106
:108E9400C6F8C8302903C5F3074341F1F681002120
:108EA40096ED228AC6F8881013F0100301F0DC81D5
:108EB400D6F8D01000230E91C6F8D030BDF81410A7
:108EC40001F0010311F001010B9300F0528796F8B1
:108ED400D9309B0741F1BE80F37A3BB1D6ED197AC4
:108EE4009FED8D7A67EE877AC6ED197A96F8D830B9
:108EF400D90724D596F8DA301B0700F19087B80714
:108F0400FBB20AD5318940F24B10814218BF2129A6
:108F140000F085874C2900F08287990603D5B37A3F
:108F2400022B00F07C87BB0400F17987F80203D59B
:108F34007378332B00F07387630701F16580B37A8C
:108F4400022B00F09B87B804C7F3072A00F1A5871A
:108F5400089B002B00F04D84089B96F8DA105B7890
:108F6400090786F8593000F14D84002B41F0DE806A
:108F7400089B9B68C6F888300023129300F047BC16
:108F840096F8D92094060ED442F02002C6ED1E7A3B
:108F940086F8D92015E701230422B7723381ADF88E
:108FA4001430E31CA6E4192372E4012370E498F856
:108FB4008C3083F0010388F88C309DF85B3033B932
:108FC400534BD3F8F03013B198F88C0098472378BA
:108FD400002B3FF457AC65E44D4AD2F8FC20002A3C
:108FE4003FF4EFADA8B29047054600283FF4E9AD41
:108FF400BDF86820D1E5049B002B41F04E8190B26E
:10900400B8F80020059B121A9DF87010308118BF23
:10901400012241F0020162F3410301228DF8701034
:109024000593022386F838200493BAF1000F40F028
:1090340094861C9A17EA020A40F07B861743554629
:10904400BFE69DF871103B2A41F008018DF87110BC
:10905400A2F13601C9B23177E7D1BAF11E0F3FF65A
:10906400B0AD01A252F82AF0E739000053290000FC
:1090740053290000532900005329000053290000FC
:1090840053290000532900005329000053290000EC
:1090940077360000532900005329000053290000AB
:1090A40053290000532900005329000053290000CC
:1090B400532900005329000077360000532900008B
:1090C40053290000532900005329000053290000AC
:1090D400532900005329000053290000532900009C
:1090E40077360000049B002B41F0D7809DF8701068
:1090F400052A41F002018DF8701000F01D8602234C
:1091040004933281002286F838208EE780969800F6
:1091140068070120940501203333CB41BAF1000FD5
:1091240040F08980049B002B41F0B7809DF87010BB
:1091340022F0020041F001011C288DF87010D1B218
:10914400317040F049870123049351440122317066
:1091540070E7012388F88C302FE79DF8712042F0E6
:1091640080028DF87120002D00F08186012D00F021
:109174006A8686F820504FF4004200251CE6113A16
:10918400B2739DF8702042F004028DF870204CE711
:1091940086F8EC503A46002512E6D9F86C20904740
:1091A400000740F19485412D00F091850D23FFF7D0
:1091B4006FBBD9F86C209047020701D5052DF5D176
:1091C4001A9A002596F85810A2F10400053A21F0E5
:1091D4000301B0FA80F018BF0122400942EA4002BC
:1091E4000A4386F858209DF8722042F004028DF854
:1091F40072204FF48022DFE5D9F86C2090470307F2
:1092040001D5092DD2D19DF87220059B42F00802A8
:1092140043F480738DF872201A9A0593082A00F09B
:10922400A986092A00F09F86072A00F08C8600256B
:109234004FF40022C0E59DF8701022F0020041F0C6
:1092440001011C288DF87010D1B2317040F04D85A9
:10925400BAF1000F3FF479AFBAF10A0F3FF475AFDA
:10926400AFE4D149097E02297FF4ABACA2F1070235
:10927400B2FA82F2520972739DF8712042F04002F0
:109284008DF87120D1E6BAF1000F40F0B285A2F159
:109294005B02B2FA82F2520932739DF8702042F0F6
:1092A40008028DF870200822C4E6C2F15E02B27290
:1092B4009DF8702042F020028DF87020B5E6A2F1EE
:1092C40033020423B2FA82F20493520986F8372057
:1092D4009DF8712042F004028DF87120A5E6A2F1F8
:1092E4001402B2FA82F25209F2729DF8702042F02E
:1092F40040028DF8702098E69DF87110312A41F0F3
:1093040001018DF8711000F0EF85BAF1000F40F003
:10931400F185A64A9269002A3FF453AC0122F27304
:109324004FF4807286E6623A86F836209DF8712002
:1093340042F002028DF8712077E69B49097E0229EA
:109344007FF43FAC603A82F0010286F859209DF820
:10935400712042F020028DF8712066E6BAF1000F08
:109364007FF42FAC049B002B40F0978732819DF84B
:10937400702086F83830022342F0020204938DF8FC
:1093840070201A4656E69DF86E204FF48001C6ED13
:10939400277A42F040028DF86E20D6F8D8200A428F
:1093A4007FF401AE8248014207D0DDED197AF5EE73
:1093B400C07AF1EE10FA00F1BB850A43C6F8D82052
:1093C400FFE4079B4FF080719DF86F2043F0010389
:1093D400C6ED297A42F0010207938DF86F20DCE78D
:1093E400079B4FF000719DF86F2043F00203C6ED18
:1093F4002A7A42F0020207938DF86F20CDE79DF898
:109404006E204FF40001C6ED287A42F080028DF8F8
:109414006E20C2E79DF86D20FDEEE77A4FF480419F
:1094240042F04002C6ED317A8DF86D20B5E79DF823
:109434006E204FF48031C6ED1F7A42F001028DF8A0
:109444006E20AAE79DF86E204FF40031C6ED207A15
:1094540042F002028DF86E209FE79DF86E204FF4D3
:109464008021C6ED217A42F004028DF86E2094E743
:109474009DF86E204FF40021C6ED227A42F00802D6
:109484008DF86E2089E7BAF1000F40F06684474AF0
:109494009169002900F0D384D2691A9890474268F0
:1094A400B2FA82F25209002A40F00A84DDED197AF8
:1094B4004FF480119DF86E20F4EE677A42F01002AA
:1094C400F1EE10FA8DF86E2074BF1A9A4FF0FF3245
:1094D400C6F8D02061E79DF86E204FF40011C6ED68
:1094E400267A42F020028DF86E2056E7079B4FF053
:1094F40080619DF86F2043F00403C6ED2B7A42F09F
:10950400040207938DF86F2047E7BAF1000F40F08B
:1095140024849DF86C20FDEEE77A012142F00102DB
:10952400C6ED307A8DF86C2037E79DF86C20022167
:10953400C6ED237A42F002028DF86C202DE79DF8E7
:109544006C200421C6ED247A42F004028DF86C20CC
:1095540023E79DF86C200821C6ED257A42F0080225
:109564008DF86C2019E79DF86C208021C6ED177AE0
:1095740042F080028DF86C200FE79DF86D204FF4C7
:109584008071C6ED187A42F001028DF86D2004E76F
:109594009DF86D204FF40071C6ED197A42F0020275
:1095A4008DF86D20F9E600BF14160120680701202C
:1095B40080CA1800BAF1000F40F0CF83F4EE677A46
:1095C4009DF86D204FF4006142F00802F1EE10FAAC
:1095D4008DF86D2074BF1A9A4FF0FF32C6F8CC2074
:1095E400DBE6069B10219DF86C2043F00103C6EDD9
:1095F4001A7A42F0100206938DF86C20CDE6069B91
:1096040020219DF86C2043F00203C6ED1B7A42F042
:10961400200206938DF86C20BFE6069B40219DF83E
:109624006C2043F00403C6ED1C7A42F0400206931A
:109634008DF86C20B1E6BAF1000F40F08E83F4EEA1
:10964400677A9DF86D204FF4805142F01002F1EEDC
:1096540010FA8DF86D2074BF9DF86820FF2286F8FB
:10966400D4209AE6D9F86C20904710F008057FF4CE
:109674009DAD04F0D7FF43077FF5A3AA0121284637
:1096840004F02EFE00283FF49CAA9DF872209DF859
:10969400683042F0010209938DF872204FF4803251
:1096A400FFF78ABB9DF8702042F001028DF870200C
:1096B40041223270BAF1000F7FF483AA8F4AD2F8A4
:1096C4002021002A3FF47DAA0122B3E49DF87020F2
:1096D40042F020028DF870200222B272A5E4D9F87B
:1096E4001421002A3FF46DAAAAF114021E2A3FF69F
:1096F40068AA834B43FA02F2D5073FF562AA814A6E
:10970400A2FB0A12D2088A321A922BE69DF8702024
:1097140042F080028DF8702087E49DF8712042F0B9
:1097240010028DF87120BAF1000F7FF44AAA4FF4A9
:1097340080527FE49DF8701041F002018DF87010A2
:10974400DFE4D9F830219047002800F02F83022865
:109754007FF437AAD9F82C21002A3FF432AA9DF8C5
:109764007220002542F002028DF872204FF400327C
:10977400FFF722BB04F056FF02077FF522AA00215F
:10978400012004F0ADFD0146002800F09C839DF803
:10979400722000259DF8683042F0010209938DF88B
:1097A40072204FF48032FFF707BB9DF871206321CC
:1097B40042F080028DF87120504A86F82010D2F8C9
:1097C4002421002A3FF4FDA900254FF40042FFF7AD
:1097D400F3BAD9F86C20002590479DF87220012334
:1097E40042F002020A938DF872204FF40032FFF720
:1097F400E3BA96F8DA30C3F3C0011807129106D51C
:10980400089B5B78012B00F02287012312930A9BAB
:10981400002B00F05F8396F8DA300D92980740F140
:10982400CE8396ED200A09F02BF8002800F09582EB
:1098340032490D9A8B69002B00F05D85D6ED207AB4
:10984400CB69FDEEE77A17EE900A984743680D9AC4
:10985400B3FA83F35B09002B40F03282D6ED207A11
:1098640096F8DA10FCEEE77A63F34101C6ED347A38
:1098740086F8DA10099B13B1D20700F11C84620741
:1098840040F1B08396F858309B0706D5089BDB68F7
:109894009B7A13F00A0F3FF494A9C7F3C04396F8D8
:1098A400211098F8192091420CBF002303F0010302
:1098B40063F3D347FC023DD596F8DA30D80700F1BC
:1098C400D6844FF07E53F3677378303B082B29D846
:1098D400DFE813F01C009E018E017E0128006E015A
:1098E40028002800AB01074AA2FB0A2A4FF40062B1
:1098F40001EBDA013177FFF79DBB00BF6807012058
:10990400FEFBEFBFCDCCCCCC3333CB4196F8353016
:109914006FF3000386F8353096F8343023F00103F2
:1099240086F83430B38EB8F82C209B1A18BF012364
:1099340063F314573378042B10D196F8DA30DA072E
:1099440040F13D83D6ED1F7AF5EEC07AF1EE10FAC0
:1099540000F1EE826FF3000386F8DA30B37B0D93E7
:10996400002B00F07B84012B40F05F8310930023D5
:109974000F9302230D93F37A9BB11FED1D7A0323FA
:109984009DF81C00B64A013B20FA03F1C90705D52E
:10999400D2ED2B7A67EE877AC2ED2B7A043A002B4C
:1099A400F1D1737B53B1079BDA0707D5B6EE007A82
:1099B400D6ED297A67EE877AC6ED297A049B042BC3
:1099C40000F0F88398F82F00D0B1347B0323A44E21
:1099D4009DF81CC0A3493246013B2CFA03F0C00792
:1099E4000AD5002C00F0D983D2ED2B7A91ED057ABB
:1099F40067EE877AC2ED2B7A043A0439002BEBD157
:109A04001AF0010F09D0F37B022B00F0B086032B70
:109A140000F09086012B00F03381C7F3C023307F20
:109A240098F8142082420CBF002303F0010363F36F
:109A3400CB27002B40F0028698F80520737B534017
:109A4400C7F38032134032780A2A63F38E3700F06A
:109A540009855C2A00F0D5849DF81CB0BBF1000F89
:109A640004D13189023989B2012916D8049B032B08
:109A740013D096F80CE00324794E7B483146013C20
:109A84002BFA04F3DB0700F1E585D0F88030C1F848
:109A9400AC3004380439002CF1D1352A01F0B382FA
:109AA40000F24C8402F0FD011C2901F0B3823489D8
:109AB400502C01F0D182049B022B01F02E820B9AD0
:109AC40002F0FF0332B996F8DA3023F0180386F86F
:109AD400DA30002396F8D92022F0420286F8D92001
:109AE400049A002A40F0F885D6F8D8200B92002278
:109AF40004920B990693002940F0198622ABDFF8F3
:109B04007CA12822184609EE103A1EF025FA9AF88C
:109B140099209DF89D10B2FA82F2069B520962F3D5
:109B2400410162F382018DF89D1098F893208DF81D
:109B3400A220B8F82C20ADF8A020002B00F01F863E
:109B440037F0490341F0A0823378352B02D0002B43
:109B540041F09A8298F8192023AD444B8DF89E2049
:109B640098F88F700FCB85E80F00002F41F07E84AA
:109B740096F8243013F0020303D0336B9B7AC3F3BB
:109B8400C0039DF89C6019EE100A394D63F3C716A3
:109B940033492A468DF89C6007F03EF903460028B5
:109BA4007EF476AE334A07CA85E80700FEF770BE36
:109BB400D6ED1F7A96F83530F5EE407AF1EE10FACC
:109BC4000CBF0122002262F3410386F83530A9E676
:109BD400D6ED1F7A96F83430F5EE407AF1EE10FAAD
:109BE4000CBF43F0010323F0010386F8343099E6F7
:109BF400D6ED1F7A96F83530F5EE407AF1EE10FA8C
:109C04000CBF0122002262F3000386F8353089E696
:109C140096F8353043F0010386F8353096F8343041
:109C240043F0010386F834307CE6134B93F82C316F
:109C340059077FF577AED6ED1F7A96F83530F5EEF5
:109C4400407AF1EE10FA0CBF0122002262F3820383
:109C540086F8353066E64FF40062FFF7EBB900BFD3
:109C640094050120F0F8002084060120B8050120A5
:109C7400FC0601203806012014160120241C0120B2
:109C8400C94B11939B69002B3EF49BAF96F8D930D6
:109C94001A0741F11082D6F8CC3043B9C34B93F87C
:109CA4009C315B0703D4D6F8D030C6F8CC30119B76
:109CB400D6F8CC00DB6998474368002B40F04F8509
:109CC400262318462DB0BDEC088BBDE8F08F04F0B8
:109CD400A9FC81077EF575AF0121084604F000FB5D
:109CE40000287FF454ADFEF76CBF5C2A7FF49DA975
:109CF400BAF11E0F3EF665AFAD4B43FA0AF2D30735
:109D04003EF55FAF0AF15C0A012286F800A0FFF776
:109D140091B9049BA3F10201B1FA81F1490998F8C0
:109D24009020002A3FF471A800293FF46EA8FFF7A1
:109D340066B81523FEF7ACBDBAF1000F01F0078138
:109D4400BAF10A0F7EF43DAF332286F8383002238D
:109D5400328104931A46FFF76DB91723FEF798BDB5
:109D64009FED948A0D460E91F0EE488A0C91FFF710
:109D7400A5B83389212B00F03D81B17A012900F087
:109D84005E8111F0FD0F40F0088196F8D9309807F4
:109D94003FF5A2A898F802308B427FF4A7A8D8F820
:109DA4007030736696F8D830FFF7A2B87F4A127FF6
:109DB400042A3FF4EFA9D9F8E020002A7FF4CFACBD
:109DC400FEF7FFBE784E88F88C500AF01BFE082080
:109DD400F3689847F56C002D3FF4EFA813F0B2F93F
:109DE400A0F10201FF20B1FA81F14909A847FFF768
:109DF400E4B89DF87010BAF10A0F41F010018DF823
:109E040070107EF4DEAE5A2A3EF4DBAE1022FFF769
:109E140011B90346FEF73CBD0223FEF739BDD6F85F
:109E2400C030002BC0F28480002B00F3F28096F83F
:109E3400D8306FF3000386F8D830FFF780B81A9A49
:109E4400D20FFFF730BB99F8105215F0200500F03F
:109E5400E380D9F86C20904780063FF5B5AC012229
:109E6400002586F820204FF40042FEF7A5BF032208
:109E740086F820204FF40042FEF79EBF089B002B7B
:109E84003EF49FAE089BD868C36B002B3EF499AE9A
:109E9400B904C7F3072A7FF55FA896F859300899E3
:109EA400012B00F0DA8049780129089900F00C822E
:109EB4004B7096F8DA10C1F3C000090712903FF511
:109EC400A6ACFFF752B804F00BFA00287FF45FAC9D
:109ED400FEF777BE96F8DA30D9063FF5CBACD8F862
:109EE4008830C6F8D030C5E40022F2734FF4807293
:109EF400FFF7A0B8BAF1140F0AD12B4A9269002ACD
:109F04003EF45FAE0322F2734FF48072FFF792B80F
:109F1400BAF10A0F7EF455AE049B002B40F0BD81CC
:109F240002220323F2734FF480720493FFF782B882
:109F34000423FEF7ADBC9FED1F8A0E95F0EE488A10
:109F44000C95FEF7BBBF99F81A2295077EF539AE3A
:109F540096F82120002542F0020286F821204FF4D1
:109F64000022FEF729BF00254FF4002286F8215075
:109F7400FEF722BF96F82120002542F0010286F860
:109F840021204FF40022FEF717BFCDF824B0CDF8FE
:109F940010B0CDF828B0FEF738BF96F8D830D807FF
:109FA4007EF5D1AFFEF7A6BF680701201416012085
:109FB400FEFBEFBF00000000002801F0E0831C233B
:109FC400FEF766BC049B0694A3F102018DF81C40C5
:109FD400B1FA81F14909A2E601235C2A04937FF4D2
:109FE40028A88FE6089B002B3FF457AC1B7886F813
:109FF400583052E496F8D830580600F15181D8F818
:10A0040074107167FEF774BFD6F8C030591CBFF6E0
:10A014000BAF2723FEF73CBCBD4A128951067FF5DE
:10A024001EAF4FF40042FEF7C7BE02230020CDE965
:10A034000F3001230D939EE41B23FEF729BC0499E2
:10A044000229AAD1502BA8D0002BA6D096F8D9303B
:10A054009B07A2D41623FEF71BBCC868817AC907E4
:10A064007EF5AFAD96F8DA100907A8D596F9D810A1
:10A074000029C0F23C874168D0F818C0C1F81CC060
:10A0840008994B7096F8DA301B0751D5F17AD6ED62
:10A09400227A9FEDA07A0029DFED9F6A436806FECD
:10A0A400877A67EE877AC6ED227AC3ED047A0123B4
:10A0B4001293FFF7ACBB422B00F05E873CD83E3BCB
:10A0C400032B3FF6DCAB96F8DA30DB077FF577AF8E
:10A0D40096ED1F9AB5EEC09AF1EE10FA3FF528AF4F
:10A0E4000121084604F0FCF8BCEEC99A19EE103AB6
:10A0F40083428ED2D6ED1F7A96F8DA30FCEEE77AF8
:10A104006FF3000386F8DA3017EE903A86F8DD3004
:10A11400012386F8DC30099B402B18BF3E2B0CBF73
:10A1240001230023C6F8E030FFF7A9BB089BD868D9
:10A134004368DB69FEF71EBF099B433B012B3FF6D7
:10A144009EAB7649D6F8D83019423FF438AF96ED35
:10A15400189A01210020BCEEC99A04F0C1F819EE46
:10A16400103A834281F0858196ED187AD6F8D8307A
:10A17400BCEEC77A6A49D6ED207A194017EE103A38
:10A18400FDEEE77AC6F8D81086F8DD300023C6ED78
:10A19400387A86F8DC30FFF772BBD1ED027A92EDA3
:10A1A4002B7AD1ED056A37EE677AE7EE267AC2EDAF
:10A1B4002B7A21E496F83730002B00F087860023B1
:10A1C4009DF81C0086F83730002800F0AD821C464C
:10A1D4000323CDF84490B94627461C465149B7EEAF
:10A1E400009A013CCDF84C80A8460D4620FA04F1B3
:10A1F4004D4ACB0793461AD496F83700043D40B92C
:10A20400DBED027AF4EE497AF1EE10FA14BF012084
:10A214000020ABF1040B86F83700002C00F06582B7
:10A224009DF81C00013C20FA04F1CB07E4D5D5EDE0
:10A234002B7A01239BED057A03FA04F1CBED057A21
:10A24400B4EE677A20EA01030220F1EE10FA0793D4
:10A2540018BF47F0010716F095F9CDE70123022452
:10A26400CDE90F34FFF787BB0E93FEF727BED6ED7B
:10A274001F7AF5EEC07AF1EE10FA3FF559AE6FF39E
:10A28400000386F8DA30FFF71FBB9FED288AFEF73C
:10A294000BBEDFED268AFEF7F5BD1823FEF7F8BAEC
:10A2A40061F38613D6ED1C7A86F8D830F37A2BB195
:10A2B4009FED1F7A67EE877AC6ED1C7A96F8D83040
:10A2C400C6ED1D7AFEF714BE4B682BB100230D9228
:10A2D4004B600AF097FB0D9A0899C86843681B689D
:10A2E4008B6096F859304B7096F8DA1008073FF5F2
:10A2F40089AAFEF73ABE96ED207ADFED0E7AB4EE27
:10A30400E77AF1EE10FACCBF01230023FFF7A3BADA
:10A31400241C01206666984300007A440001020070
:10A32400FFFEFDFF94050120F0F80020000000006E
:10A334003333CB410000004F00FF7F47412A7FF4B5
:10A34400B6AB96F8DA30D8077FF539AE5FED067A0A
:10A3540096ED1F7AB4EEE77AF1EE10FA3FF759AEB4
:10A3640008F0B8F8D82303FB008008F011F800289F
:10A3740001F0BF8496F8DA20002363F3000286F824
:10A38400DA20D6F8D8008DF81C304008C6F8D8007A
:10A39400002800F040870124B749B84AA2468B46FA
:10A3A40017E004290AFA04F008D193ED000A1368AF
:10A3B4000343A0B2136007F0A7FAB04AD6F8D80056
:10A3C40001340BF1080B4008C6F8D800002800F04F
:10A3D4002287C107F2D5DBF80830002BEED09BF8BA
:10A3E4000C100229DDD193ED000A0AFA04F1136876
:10A3F400A0B2B8EE400A0B43136007F085FA9F4AF7
:10A40400DCE79DF81C00002800F08E819C4A0323A1
:10A414009C49013B20FA03F4E40720D5D1ED207ACE
:10A4240092ED066AD2ED2B6A77EEC67A91ED117A37
:10A4340077EEE67A77EEC77A043A0439C2ED2C7ADD
:10A44400002BE6D13489502C7FF435AB049B012BCF
:10A4540040F0E786002386F83630FFF730BBD1EDB5
:10A46400347AE9E79DF81CB0BBF1000F09D196F8E6
:10A47400D420142A00F0588196F8DA20500740F1CD
:10A484005381D6F8D82012F4883F3FF498ADD6ED26
:10A494001F7AF5EEC07AF1EE10FA3FF549AD96F861
:10A4A400D420F6EEE77AFCEEE77A013ACDED117AA4
:10A4B4009DF84400132A3EF684AB01A151F822F022
:10A4C400A142000065430000532900005329000005
:10A4D4005329000053290000532900005329000088
:10A4E40053290000A1420000A142000053290000AA
:10A4F4005329000053290000532900005329000068
:10A504005329000053290000532900006F43000021
:10A514005D4B9969119300293EF453ABD96988477F
:10A524004368002B3FF4CCAB96F8DA104A0708D501
:10A53400D6F88410D96096F8DA106FF3820186F8A1
:10A54400DA1096F8D4100B2901F0E68322AA09EE5A
:10A55400102A96F8D4E019EE102A494E4FF0030C55
:10A56400AEF10A01474834461493C9B2139119460F
:10A574000CF1FF3C2BFA0CFA1AF0010F00F08A865A
:10A58400BEF1010F01F0AB83BEF10A0F01F0C781E8
:10A59400BEF10B0F07D1D2ED027A94ED2B7A77EE50
:10A5A400C77AC1ED027A0438043C0439043ABCF198
:10A5B400000FDDD1BEF1010F149B03D1119A18468F
:10A5C400526A9047D6F8D82022F48832C6F8D820A8
:10A5D400FFF76DBA96F8DA2051073EF5F2AA09287A
:10A5E40000F25586002840F04E86307F274986F8D1
:10A5F400BC0010F067FD38B3254A92F8242132B12B
:10A6040096F8BC100639C8B2022841F2FD8196F8CA
:10A61400D44003201A4E1B49324601382BFA00F36A
:10A62400DB0706D5142C00F01C86D2F8AC30C2F837
:10A63400B8300439043A0028EFD1C3E7154910F0C3
:10A6440041FD00287FF4F8A90723FEF721B9089BF0
:10A65400D8681BE5352A3FF41CAABEF1000F00F0B0
:10A664000185D1ED2B7A90ED207A77EE877AC1EDD2
:10A674002B7AFFF70EBA00BF403D00609005012021
:10A684009405012084060120680701204406012066
:10A6940014160120A4050120089AD268D26B002A5E
:10A6A4003EF48FAAD6ED1D7AF5EE407AF1EE10FA5B
:10A6B4003FF4AFAC059A42F020020592002B40F023
:10A6C4005F87059B13F001033FF4FDA996F8D92099
:10A6D40022F0420286F8D920D6F8D82022F0E0628F
:10A6E4000B92C6F8D820FFF704BAD6F8D8304546FE
:10A6F400DDF84C803C4623F0E0634F46DDF844909F
:10A70400C6F8D83098F82F3088F82F0043402343F8
:10A714003FF45AA9022015F035FF98F82F00FFF7EF
:10A7240053B92823FEF7B4B81A23FEF7B1B824238B
:10A73400FEF7AEB8654B9A69002A3EF442AA96F831
:10A74400D92014077FF53BACD6F8CC0000283FF4A1
:10A75400B7AADB6998474368002B3FF4B1AA96F87F
:10A76400D9306FF3C30386F8D930FFF756B99DF893
:10A774001C30002B7FF451A92523FEF789B8089BD0
:10A784004BB3DB689B7A190725D53389052B18BF92
:10A79400332B06D0013B022B03D9059B43F0400326
:10A7A40005939DF81C301BB1049B022B01F0B6836A
:10A7B400089B1A7802F00303012B00F08A85089B9A
:10A7C4001B789A0740F18285059B5B0600F17E8524
:10A7D400012388F88F30D6F8C430C8F88430299320
:10A7E40012F0B0FC831E1799069018BF012314932E
:10A7F40061B15BB1084611911EF0DAFD01301CF025
:10A80400F5FF2A9010B111991EF030F8BC0602D55C
:10A81400B37A88F80230736E089AC8F870305378A7
:10A82400012B00F04E84D2ED027A96ED227AF4EEFA
:10A83400477AF1EE10FA40F04D83BDF814209006EB
:10A8440000F14883D3B21393139BD6F8D0005C066F
:10A8540054BFD6F8883000232593D8F88830834233
:10A8640025D0069BC8F88800022B20D00021FDF7D4
:10A874000FFC0A9B0146002B40F0038699F80A322C
:10A88400580700F1F985124B1B7F042B00F0F98562
:10A89400D9F8E030002B00F0EF85D9F82831002BEF
:10A8A40001F042830A9A084682F001019847099B05
:10A8B40093B13E3B062B0FD8DFE813F00C000C00DD
:10A8C40052025202D1070C00460800BF680701205B
:10A8D40014160120FDF708FCBC0354D50A9B002B79
:10A8E40051D1149B002B4ED02A9BD8F88800002B02
:10A8F40001F027800021FDF7CBFB83460AF082F8A4
:10A904002A9818B1FDF750FE00232A93D8F8D430C2
:10A914005846DBF810201B699A4234D0924B1193AD
:10A92400D3F8D0305BB1089C2178099198472378FB
:10A9340009998B4203D047F4802786F85830D9F818
:10A944002C31002B01F02E808848984703461A903A
:10A9540000287DF49DAF802015F014FE119B9B69A7
:10A96400002B01F00180C8F8D4B0119CD4F8D43085
:10A974004BB112F0E7FBB0F5007F04D0D4F8D4302B
:10A98400D8F8D4009847780328D5089C96F858102E
:10A9940023788B4210D09DED250A6278E06811F08F
:10A9A400FDFF28B1E3685A6896F858301372237093
:10A9B40080F00100C3B212939AF81F306FF3C303FF
:10A9C4008AF81F30129B4BB1674BDB6B33B108988D
:10A9D4009DED250A42780178C0689847089B96F84F
:10A9E400EC20C8F86C30A2F14603032B20D8DFE832
:10A9F40013F00400B4016B01040000232193DAF87E
:10AA040010301F93DAF814302093D8F8283013B19B
:10AA14005B68DB682193A2F1490198ED1C0A534855
:10AA24004A424A411FA907F043FC002801F08182F1
:10AA3400D8F87030229398F80230012B05D19DF894
:10AA44009C3043F020038DF89C30D8F86C200DF135
:10AA54008C0C98F88F30D168269110685168ACE856
:10AA6400030012788DF88C209DF89C2063F3C712A4
:10AA74008DF89C200BB198F88E309DF89D2063F3DF
:10AA84000002C7F307438DF89D203A0300F1FF82CB
:10AA940098F819200021DC068DF89E208AF82010F1
:10AAA40009D5B38ED805A8F82C3000F1DA84B8F8AB
:10AAB4002C0006F081FB7388DBB1149BCBB1337996
:10AAC400002B40F0B9840C9BC6F8D850C6F8C830A7
:10AAD4000E9BC6ED198AC6F8D030234B86ED228A28
:10AAE400D3F8045112F02EFB2149A8470023C6F8DD
:10AAF400D8303378042B00F0AB8479075FFA87FBF6
:10AB040002D5B37B88F806301BF0400F02D0F37AED
:10AB140088F80330FA05C7F3072546D5F37B88F890
:10AB2400073003F0FD03012B40F098840E4BD6F858
:10AB3400CC00DB69984741689DF81C30B0EE496A47
:10AB440098F807E00022DFF824801C46084F032011
:10AB54004346DFED086A0138BEF1030F1BD8DFE876
:10AB64000EF09689A20B00BF68070120840601201D
:10AB7400940501200000000091ED027AD3ED117AD2
:10AB8400B5EE407A77EE877AF1EE10FAC3ED117ADA
:10AB940018BF42F00102043B0439043F0028DAD113
:10ABA400B0EE469A002A40F04B842B0700F119833B
:10ABB4001BF0080F02D0337B88F804306F0600F1D5
:10ABC4000983AC0703D596F8363088F82E303378ED
:10ABD400412B00F231811B2B00F2DB800A2B07D1C1
:10ABE40096F8D430022B01F08381142B01F080817C
:10ABF400338996F83820502BA8F8003088F8302094
:10AC040003D0049A022A00F075832A9808B1FDF74C
:10AC1400CBFC96F8203088F8183023B9BAF808200D
:10AC240012067DF535AE09F0EDFE98F81830632B69
:10AC340000F0FA83032B00F0E78396F820303C2BD6
:10AC440000F0E283012B00F0DF83BAF80820170636
:10AC540041F17380069B022B06D00821D9F84030BD
:10AC6400BF48984709F0A0FB0022134688F8182033
:10AC7400FDF70EBED1ED027A93ED117AB4EE677A48
:10AC8400F1EE10FA87D00122C3ED117A83E7D3EDF8
:10AC9400117AC3ED116AF5EE407AF1EE10FA18BF9D
:10ACA40042F0010277E724FA00FC1CF0010F3FF4A4
:10ACB40072AFD7ED2B7A93ED117AB4EE677AF1EE99
:10ACC40010FA3FF468AFDEE707F04EFB00283FF4CC
:10ACD400AFAE01460990A348FDF702F9099B9A6CAF
:10ACE400C8F87020A04A1278920602D5B27A88F881
:10ACF40002209D4A5278D40700F16E869A4A9278CF
:10AD0400D00600F15D86984A9278110701F1DF8040
:10AD14000993954B1A79E2B1944ADFF858C207CAED
:10AD24008CE8070098F82C10D8F8280001F00101ED
:10AD340011F01EFD099B002800F0B7818C4B98EDA3
:10AD4400090AB3F8AC2098F81C10D8F8280011F0C0
:10AD540053FE854B1B681F436AE607F0E7FA67E674
:10AD6400D9F86C309847020703D5099B412B7EF430
:10AD74001DAAD6ED387A96F8DD00F8EEE77AF5EEFE
:10AD8400407AF1EE10FA14BF0121002103F022FDF4
:10AD9400A2E51C3B252B3FF62BAF01A252F823F072
:10ADA4007D560000814900007D5600008149000065
:10ADB4008149000081490000814900008149000067
:10ADC400814900008149000071560000814900005A
:10ADD4005F5600008149000081490000814900005C
:10ADE4008149000081490000814900008149000037
:10ADF4008149000081490000814900008149000027
:10AE04008149000081490000814900008149000016
:10AE14008149000081490000814900008149000006
:10AE240081490000814900008149000081490000F6
:10AE3400814900001F5600005C3BDAB21E2A3FF62F
:10AE4400D7AE1E2B3FF6D4AE01A252F823F000BFBA
:10AE5400FB5C000081490000814900008149000039
:10AE640081490000814900008149000081490000B6
:10AE740081490000814900006D52000081490000B1
:10AE84008149000081490000814900008149000096
:10AE94008149000081490000814900008149000086
:10AEA4007F5200008149000081490000814900006F
:10AEB4008149000081490000814900008149000066
:10AEC4008149000081490000C95C0000FDF726F9B2
:10AED400FEF778BD089B1B78D90700F131819DF8F6
:10AEE40014301393D6F88830089A9360ACE490ED4C
:10AEF400067AD6ED177A96F8D8C0F4EEC77A416888
:10AF04006FF3C71CF1EE10FA58BFF0EE477AC1EDAB
:10AF1400077A86F8D8C0FFF7B3B8B8F800C0059A26
:10AF2400BCEB040318BF012363F34922ADF81420DA
:10AF3400002C40F020819DF81C30003B18BF0123F9
:10AF44005B00049302F001030B93FEF7B8BD049B6E
:10AF5400328186F8383002231A460493FEF76AB821
:10AF6400601C01209C05012038030120B805012044
:10AF740014160120A0060120D6F8D81011F4043FBD
:10AF84003FF41DA8C84B8B4300F0D48696F8D43008
:10AF9400042B3FF63EA83BB1D6ED207AF5EE407A7D
:10AFA400F1EE10FA3FF435A896F8DA30D8071DD53B
:10AFB40096ED1F9AB5EEC09AF1EE10FA3EF5B8AFD1
:10AFC4000021012003F08CF9BCEEC99A19EE103A65
:10AFD4008342BFF41EA8D6ED1F7A0123FCEEE77A64
:10AFE40086F8DC3017EE903A86F8DD3096F8D930E2
:10AFF400D90700F11981D6F8D830AC491940C6F800
:10B00400D810FEF73CBC3289012A7EF650AD1E23CF
:10B01400FDF73EBC1C2AA6490CBF09200A2010F0EB
:10B0240051F800283FF410ABBBF1000F40F06D82E3
:10B034003289502A00F07F830B9B03F0FF020492B5
:10B04400002B3EF440AD96F8D920049B22F0420236
:10B0540086F8D920FEF748BDBBF1000F3FF4FAA9EA
:10B06400FFF7F4B9D0ED347A91ED066AD0ED116AA8
:10B0740077EE867A91ED2B7A77EEA67A77EE277AB9
:10B08400C1ED2B7AFEF705BD1023FDF701BC96F840
:10B0940021000993FCF77EFD099B00283FF4F8ACDE
:10B0A40096F8212088F81920F2E4996DD8F8280040
:10B0B40011F0E4FA42E6D6F8D030C6F8CC30FEF708
:10B0C400ACBC3389502B00F09880002B00F09580A5
:10B0D400089C00210F98E3685B6803F11002119348
:10B0E400626004465862FDF793F8119B08EB8402F2
:10B0F40083ED080A089BD2ED1E7A5B6893ED047A0F
:10B1040077EEC77AF5EEC07AF1EE10FA40F2ED85EB
:10B11400DFED686A93ED006A67EEA67A93ED037A31
:10B12400C6EE276AB4EEE67AF1EE10FA58BFB0EE36
:10B13400667A089BD3ED027A86ED227AFFF775BB17
:10B14400BDF81430DCB21A0613943FF5CBAE089B5D
:10B15400DB685B6883ED007A09F054FC089BD868CF
:10B164006306089B54BF96ED220A9FED530A197893
:10B1740011F016FBB6E696F838300BB986F836307F
:10B1840096F85920012A00F0A382212C3FF484AAC6
:10B194004C2C00F0A687D6ED197AF5EE407AF1EE44
:10B1A40010FA3EF457AF002B40F0EA81052C00F270
:10B1B400BE81013C042C3FF684AA01A353F824F079
:10B1C400A1630000CD610000D5610000534400007C
:10B1D400395D0000737B082088F8053015F0D2F93A
:10B1E400EFE4364B364F0FCB87E80F004FF4007077
:10B1F40015F0C8F915F0FAF8DAE4089A53681BB1A7
:10B204000023536009F0FEFB089BD3ED027AC6EDE0
:10B21400227AFFF70ABB3489502C7EF44CACFFF73A
:10B2240019B91F23FDF734BB96ED189A0021BCEE23
:10B23400C99A084603F054F819EE103A8342BEF452
:10B24400E8AE96F8D430002B7EF4E3AED6ED187A4F
:10B2540086F8DC30FCEEE77A17EE903A86F8DD30BB
:10B26400C9E6D1ED207A92ED2B6AD1ED346A77EEFE
:10B27400C67A91ED117A77EEE67A77EEC77AC2ED67
:10B284002E7AFFF7D6B90138C0B2FFF7AFB91D2344
:10B29400FDF7FEBA139B012B3FF685A9D0F844A015
:10B2A400C1F808A0FFF77FB900010100FFEEFCFF21
:10B2B40044060120DB0FC94000000000A405012062
:10B2C4008C060120059B5C0640F1DB820023FFF71E
:10B2D40080BAB8F80030332B18BF052B02D0013BDD
:10B2E400022BEFD8059B5B0600F1CB829407EDD5CA
:10B2F400FFF76EBA974F542B3A682B926BD8542BA6
:10B3040056D8DFE813F0CD04C3049104910455002A
:10B314007004550055005500550055005500550062
:10B324005500550055005500550055005500550071
:10B334005500550055005500550055005500550061
:10B34400550055005500550014045500550055008E
:10B354005500550055005500550055005500550041
:10B36400550055005500550055005500D4035500AF
:10B374005500550055005500550055005500550021
:10B384005500550055005500550055005500550011
:10B3940055005500550055008E03550055007B029D
:10B3A40055005500550055008E038E038E038E0301
:10B3B40000202B9B3B609AF80130002B7FF425ACD6
:10B3C400002800F03F8201287FF41FAC62496348E3
:10B3D40015F02CF819E48C3B032B00F23A82604BF5
:10B3E40019EE101A9DF89C0093F82031BDF8142032
:10B3F40083F01003C3F3001363F304108DF89C006F
:10B40400584805F07BFDD4E7069B022B3FF42CAC97
:10B4140096F820303C2B7FF420ACD9F8E831002B8F
:10B424003FF41BAC984718E44F4BD3F82431002B5E
:10B434003FF41AAC984717E409F0E4FAFFF743BB6A
:10B444004FF4806015F09EF814F0D0FFFFF7ADBB09
:10B4540096ED1F0A05F03AFDFFF74FBB0021FFF7F9
:10B464006BBB084608F0B2FBFFF721BB0123FEF7D4
:10B4740088BB2C23FDF70CBAD9F82C31002B7FF4B0
:10B484000CAA394B11939B691BB3C8F8D410119BB8
:10B49400D3F8D0306BB1089C0846159194F800B0ED
:10B4A4009847237815995B4503D047F4802786F89D
:10B4B4005830119BD3F8D43023B1D8F8D40011916B
:10B4C400984711998020119115F05CF81199FFF7B4
:10B4D400E4B90A69D8F8D4301A61D8E7204B93F854
:10B4E4001D31990703D421490B200FF0BDFD1F4DD9
:10B4F4002846FCF7E1FC002388F8C4301C4B95E88F
:10B50400070083E80700FFF773BB1A4803221A49B0
:10B51400013A2BFA02F3DC0703D4D0F88030C1F8E7
:10B52400B83004380439002AF2D1FEF78BBF332C2B
:10B5340000F03287A4F18C03032B3FF6C2A8A4F1D8
:10B544008D03022B00F20E87DFE813F008070C07C7
:10B55400080700BF400D0120B01C0120FC0601209B
:10B56400141601203806012068070120547D0020AC
:10B574004C07012084060120940501203333CB417C
:10B58400059B13F002001ED098F80230012B00F046
:10B59400D68096F8DA3059077EF511AD109A9DF8E9
:10B5A4001C30D340DA077EF50AAD0D9A002308EB70
:10B5B4008202C8F8603013650F9A08EB82021365A3
:10B5C4000123A8F8683096F8D930DB0600F19B8097
:10B5D400012386F8D43096F8DA30590718D5F37A6F
:10B5E400F7EE006AD6ED217A002B1FED1C7A337B2F
:10B5F40006FE877A27EE877A002B00F08C80109B5A
:10B6040008EB8303D3ED1E7A77EE277AC8ED197A17
:10B6140098ED197A032296F80CE08346DFF88083CC
:10B62400D54E9DF81CA043463146013A2AFA02FC45
:10B634001CF0010F0CD01098D1ED2B7A9042C3ED81
:10B64400167A54D0D3ED206A77EEE67AC3ED167AF3
:10B65400043B0439002AE8D1109B584608EB8303C5
:10B66400D3ED147AB4EEE77AF1EE10FA00F1BF806C
:10B67400D6F8D83023F48223C6F8D830A4F149038D
:10B68400102B3FF61EA801A252F823F03B550000F0
:10B69400534400005344000053440000534400004A
:10B6A4005344000053440000534400000F5500006D
:10B6B400E55400003B550000E55400000F55000020
:10B6C400D55400005344000053440000D5540000F6
:10B6D40096F85820D20707D5D6ED227AF5EE407AAF
:10B6E400F1EE10FA7FF451AD2923FDF7D1B8BEF184
:10B6F400000FADD0D3ED206A77EEE67A77EE877A45
:10B70400C3ED167AA4E796F8D430002B7FF463AF28
:10B714001323FDF7BDB8109A06EB8203D3ED047A28
:10B7240008EB8203D3ED326A77EEA67AD3ED0F6A83
:10B7340077EEA67A68E7CDF810B0FEF78BBE032348
:10B74400FDF7A6B8A4F156025342534188F8693074
:10B7540088F86830542C1ED096F8DA30D9077EF574
:10B764002BACD6ED1F6AF5EEC06AF1EE10FA3EF589
:10B77400DFAB6FF30003C8ED186A86F8DA3037EEF2
:10B78400677A552C88ED177A7EF49BAF002388F8EE
:10B794006830FEF796BF089BDB689B7A5B077DF5F4
:10B7A40010AA002388F86830D6E796F8DA309A07AA
:10B7B40020D5D6ED207AF5EEC07AF1EE10FA7EF6B9
:10B7C400B7AB6FF34103F7EE006A9FED6C7A86F82E
:10B7D400DA30F37A002B06FE877A67EE877AC8EDB3
:10B7E400177A4FF07A53C8F86030FEF76ABF3623F1
:10B7F400FDF74EB80028F4D0FEF7E1BB09F002F9DA
:10B804005F4A9AF81FB019EE100A92ED000ABAF8CE
:10B814001E50CBF3400BFCF7FDFA034600287DF4E1
:10B8240037A819EE100A5B46554A564905F086F9C1
:10B83400284605F0C1FC2B9B3B609AF80130002B95
:10B844007FF4E3A9504A4F4B07CA83E80700FFF788
:10B85400DCB99AF80130002B7FF4D7A9F2E796ED12
:10B86400200A96F8D42096F8DD1096F8DC0002F051
:10B87400C3FFCAF844004FF4006014F083FEFFF7DE
:10B884002BB8059B43F020030593FEF798BF9FED6B
:10B894003F0A3F4806F0FEFA9FED3C0A3D4806F099
:10B8A400F9FAD6ED1F7A3C4BFCEEE77AD3F8203157
:10B8B40017EE902A90B29847FE2804900DD006F017
:10B8C40085FD049BFF2B08BF2723FCF7E1BF2D490F
:10B8D4000A200FF0C9FBFFF78BB90023FCF7D8BF90
:10B8E400284909200FF0C0FBFFF782B99DF89C306E
:10B8F40043F001038DF89C30049B002B40F08B80B7
:10B90400264D19EE101A284604F09AFB1D4B95E8B3
:10B91400070083E80700FCF701FCFFF769B9D0EDE5
:10B92400207A90ED046AD0ED346A77EEC67A94ED0D
:10B934002B7A77EEE67A77EEC77AC1ED027AFEF7D4
:10B9440032BE2AA9FEF7D7BFD9F86C30984703074F
:10B954003DF52CACD6ED387A96F8DD00B8EEE70A62
:10B9640002F02EFFFEF7B8BFDBF81010D8F8D43081
:10B974001961FEF7FABF00BF940501203333CB41B0
:10B98400E41F0120FC06012038060120000000000D
:10B9940098790020A079002068070120440601203E
:10B9A400840601201A9301234FF48061D24888F859
:10B9B4009030D9F84030984708F0F6FCFEF7CEBF37
:10B9C4006FF30412CD4909938A70D3E9140108F086
:10B9D400FDF8099BFFF797B96FF300020993C74B72
:10B9E4005A7014F003FD4FF4806014F0CBFD099BF2
:10B9F400F27BDFF820C3D86B196C88F807205A6CE7
:10BA0400ACE80700FFF77AB9CA40D2077EF5FFAD6C
:10BA14003823FCF73DBF19EE101AB94804F010FBA7
:10BA24006EE7542B00F0B88000252C46AB460495F5
:10BA34000D9B19EE102A8DF874300F9B8DF875301C
:10BA4400109B8DF876301D9BADF800301B0C8DF8E3
:10BA5400023096F8D4300193AA4B02932833D6F8D7
:10BA64008810B8F80000259198F82E1088F86A100C
:10BA7400A34904F0FBFEB8F80030542B7FF4DBAE8E
:10BA840088F82C50002D7BD00B9BCAF8103098F806
:10BA94002D3064F341036BF3000388F82D30BBF1C0
:10BAA400000F67D0B8F82C0005F086FBC3E698EDCC
:10BAB4001E3AF0EE085A96ED1A6A19EE101AD8EDED
:10BAC4001F3AD6ED1B6A33EE067A96ED294A36EE16
:10BAD400066A73EEA67AD6ED2A4A76EEA66A37EEA1
:10BAE400447A77EEE47A86EE255A37EE077A86EEC4
:10BAF400A56A77EEA77AC7EE256A87EEA57A76EE71
:10BB0400237A75EE035ACDED1E7ACDED1D5A76EEED
:10BB1400846ACDED1F6A77EE247A1FAB7A4A78489F
:10BB240000931DABCDED207A04F052FD83E608F0BE
:10BB340069FF96ED1D0A19EE100ABAF81E50FCF7BB
:10BB440069F9034600287CF4A3AE9DF88C3019EE05
:10BB5400101A6B4843F080038DF88C309DF8A130A7
:10BB640043F002038DF8A13004F06AFA284605F088
:10BB740023FB60E60B98DAF8141008F027F891E735
:10BB84002946269810F0F4FD00287FF47DAF04992F
:10BB9400269810F073FD77E7269B642098F82D20F3
:10BBA4005B6898F82C5002F0010BDB68DAF814108B
:10BBB4000493B8F82C300593C2F340031C46DAF81A
:10BBC40010300B9308F002F845F00102059B62F374
:10BBD4000703C3F3072242F0030262F30F2318465C
:10BBE40005F0EAFA24E798ED1E6A19EE101A96EDAC
:10BBF4001A4AD8ED1F6AD6ED1B4A36EE046A96ED52
:10BC0400297A98ED0D5A76EEA46AD6ED2A7A37EEA3
:10BC1400057AD8ED0E5A8DED1D6A77EEA57ACDED35
:10BC24001E6A8DED1F7A78E798F80230022B0BD14B
:10BC34009DF88C3043F080038DF88C309DF89C3057
:10BC440043F040038DF89C300D9A19EE101A139BA3
:10BC54008DF874200F9A13F0040FD6F8E8308DF89D
:10BC64007520109A18BF5B4296ED210A8DF8762054
:10BC740001931D9B244AADF800301B0C8DF8023053
:10BC8400224B03F13C0004F097FAD4E598F8023013
:10BC9400022B11D019EE101A194804F0D1F9CAE593
:10BCA4009DF89C3019EE101A154843F001038DF8E5
:10BCB4009C3004F0C5F9BEE59DF89C3043F0400388
:10BCC4008DF89C30124B1B7E022B00F0F480012275
:10BCD4009DF88C3062F3C7138DF88C30DAE7D4F812
:10BCE400ACA0C1F808A0FEF75EBC93ED037AFFF7A1
:10BCF40020BA5223FCF7CCBD601C0120380301207C
:10BD040038060120D4060120FC060120FC05012090
:10BD140014160120C0060120139322AB08201946F3
:10BD240009EE103A0FF0CEF9139B00287EF411AC03
:10BD3400FEF78ABC3023FCF7ABBD1E2B03D1149B4A
:10BD4400002B40F0B18001220023A8F8002098F8CD
:10BD5400142086F8383088F88C3088F8063088F853
:10BD6400043088F80230002A40F09780B8F82C306C
:10BD7400D8F8282023F4FF7323F00103A8F82C300B
:10BD8400002388F8193042B1A8F81C305268C8F86A
:10BD94002030117A63F304111172C44C94F81C31ED
:10BDA4009E0754D5089B6422DB685B68DA6094F8CC
:10BDB4002C31DD070AD503F0060398F82D209D1FCA
:10BDC4006B426B4163F3820288F82D206423CAE935
:10BDD4000433B8F82C30AAF81E30069B022B1AD074
:10BDE400B34998F814000FF06DF900283EF42CAC18
:10BDF40094F81D319C073ED514F0F8FA10F068FE53
:10BE040098F81900D9F874309847102014F0BAFB48
:10BE1400202014F0B7FBA74B1193DB6C33B1069AC7
:10BE2400901E4142414198F818009847A24B1C6863
:10BE340002E0A4681BF0E2FC2046002CF9D106F0D5
:10BE440075FA119B0820DB689847FEF70DBF94F83C
:10BE54002C31DA07BDD503F0060398F82D209E1F78
:10BE64007342734163F3820288F82D20B8F82C30B2
:10BE7400AAF81E30B1E71FA90B200FF023F9002800
:10BE8400BAD00C221FA88D491BF070FF0028B3D034
:10BE94008A490B200FF0E8F8AEE74FF4007088F8F9
:10BEA400143014F06FFB61E7D9F8E831002B3FF44C
:10BEB4004AAF984747E796ED2B7AD8ED207AB4EE4F
:10BEC400677AF1EE10FA14BF0122002200E76FF343
:10BED400C30209937A4B96F821009A70734A88F842
:10BEE4001900B2F8A410FBF7FFFD099BFEF710BF81
:10BEF400744D96F8BC0029460FF0B6F898F8142053
:10BF040096F8BC309A427EF473AE694B95E807000C
:10BF140083E8070014F06AFAFEF76ABE059B43F053
:10BF240080030593FEF74BBC802014F02BFBFEF737
:10BF3400BEBC5323FCF7ACBC1FAD0B2029460FF04D
:10BF4400C1F82846FBF7B8FF0C225F4928461BF0CE
:10BF54000DFF0038594B18BF012088F8C40095E83C
:10BF6400070083E80700FEF743BE584F534D384699
:10BF7400FBF7A2FF97E8070085E807000C22524967
:10BF840028461BF0F3FE494B003893F81D3118BFC7
:10BF9400012088F8C40098073EF52AAE29460B20F4
:10BFA4000FF062F8FEF724BEB37B002B40F09680BE
:10BFB400079B13F0FC0F7EF470A9D6F8D83003F475
:10BFC4004032B2F5403F7DF4FAAF059A900504D5AE
:10BFD40003F03003302B7DF4F2AF96F8D83013F031
:10BFE400300F3ED196ED1F7AD6ED207AB1EE477A26
:10BFF400F37AF1EE677A86ED1A7AC6ED1B7A6BB1A5
:10C0040096ED1F7ADFED326AD6ED207A27EE267A96
:10C0140067EEA67A86ED1F7AC6ED207A98F82F305F
:10C0240083B12C4B96ED1F7AD6ED207A93ED036AFB
:10C03400D3ED046A27EE067A67EEA67A86ED1F7AB8
:10C04400C6ED207AD6F8D820234B1340C6F8D83052
:10C05400F36FC8F83430D6F88030C8F83830FEF7BB
:10C0640030BBF37A002B00F0E08296ED1A7ADFED14
:10C07400186AD6ED1B7A27EE267A98F82F3067EEE9
:10C08400A67A86ED1A7AC6ED1B7A002BB8D0114B2E
:10C09400D3ED036A93ED046A26EE877A67EE867A17
:10C0A40086ED1A7AC6ED1B7AAAE700BF14160120A2
:10C0B4008C06012068070120400D01204C07012057
:10C0C4003803012044060120547D00203806012055
:10C0D4003333CB41F0F80020CFFFFCFF2A23FCF7D9
:10C0E400D7BB089AD268D16B00293CF46AADB17B06
:10C0F4000129F3D19DF81C1011F0FA0F5FFA81FEAB
:10C104007EF415AB96F8DA108B4611F00401069113
:10C1140009D0F7EE007A96ED217AB4EEE77AF1EEE3
:10C1240010FA3DF576AF1EF0040F3DF448AFBC495C
:10C13400D6F8D800014000293DF441AF96ED1FAA7E
:10C14400B5EEC0AAF1EE10FA3DF5F2AED6ED1B6ADB
:10C15400F5EEC06AF1EE10FA3DF5EAAE96ED1C6A12
:10C16400B5EEC06AF1EE10FA3DF5E2AEF5EE406AC6
:10C17400D6ED1A7AF1EE10FA3DF44BAFF5EE407AB3
:10C18400F1EE10FA3DF445AFF4EEC66AF1EE10FAA2
:10C19400BDF63FAF96F8D9A01AF010010B9104D068
:10C1A40096F8D41003293DF634AF0899D2ED055A18
:10C1B40091ED027AB4EEE57AF1EE10FA3FF559A961
:10C1C400D2ED065AB4EEE57AF1EE10FA3FF751A932
:10C1D400BCF14C0F934A09D04FF07E5151610021BC
:10C1E400C2E90611C2E90811C2E90A11F5EEC07AE2
:10C1F400D6ED2B9AFFEE005AF17AB7EE005A82ED93
:10C2040000AAF1EE10FAC2ED036AB0EEE77AC2EDCD
:10C21400019A82ED046A58BFF0EE455A82ED027A23
:10C22400C2ED095A69B1DFED805A27EE257A66EE30
:10C23400A56A26EE256A82ED027AC2ED036A82EDD2
:10C24400046A717B99B1F6EE005A92ED026AD2ED5E
:10C25400036A92ED047A26EE256A66EEA56A27EE55
:10C26400257A82ED026AC2ED036A82ED047A1EF039
:10C27400010F4AD11AF0080F02D0D6F8CC109162FF
:10C284000B9919B196F8D41082F82C101AF0010FFA
:10C2940001D0316ED16192ED077AB5EEC07AF1EE3C
:10C2A40010FA2CD992F82C1049B3D8ED207AF6EE76
:10C2B400006A79EEE77AF0EEE77A67EEA67AB4EEF2
:10C2C400E77AF1EE10FA3DF7A4AE069911B1D6F86B
:10C2D400841051615FEA8B7002D5D6F88010116228
:10C2E400059A524942F020020592D6F8D82011400E
:10C2F400C6F8D810002B7FF443A9FEF7E2B9002159
:10C30400D161002182F82C10DFE7D8ED326A96ED76
:10C31400046AD8ED0F7A36EE266A98ED207AD6EDC7
:10C32400296A39EEC77A139336EE276A1192B0EE72
:10C33400C79A27EE070A36EEC67A86ED1F9AA7EE4D
:10C34400070A82ED067A18F0BBFA2AEE000A119A5F
:10C35400139BC0EE097AC2ED007A8BE7059B43F08C
:10C36400100305938E3C012C58D9059BC3F3C003DD
:10C37400059A63F3C3029DF81C300592002B3EF42A
:10C38400D3A90C222A492B481BF0F0FC00287EF488
:10C3940098A92123FCF77CBAB37B002B7FF49EAED3
:10C3A400079B13F0FC0F7DF478AFD6F8D83003F078
:10C3B4003003302B7DF403AED6ED1A7AF5EE407AD5
:10C3C400F1EE10FA3DF425AEF37A5BB1DFED166AB7
:10C3D40096ED1B7A67EEA67A27EE267AC6ED1A7AD0
:10C3E40086ED1B7A98F82F3083B1134B96ED1A7AA9
:10C3F400D6ED1B7A93ED036AD3ED046A27EE067A31
:10C4040067EEA67A86ED1A7AC6ED1B7A96F8D830CE
:10C4140023F0300386F8D830FEF753B90123A7E799
:10C4240070000100E41F01203333CB418FE6F8FF95
:10C4340038060120FC060120F0F80020059B43F09B
:10C44400040305939DF81C1000293EF46DA90122F4
:10C454000D9B0F9802FA03F302FA00F0034319420A
:10C4640000F0D38096F8DA10CC0700F1B380C6F858
:10C47400E8200D990F9806EB810298F82F40D2ED31
:10C4840029AA08EB8102D2ED1E7A06EB800292ED16
:10C49400297A08EB80027AEEE7AAD2ED1E7A77EECB
:10C4A40067BAC4B1A84A02EB810102EB8002D1ED64
:10C4B400036AD2ED037A66EEA76AF5EEC06AF1EE7E
:10C4C40010FA08D5BDF8141081F00402C2F38002FA
:10C4D40062F38201059196F8DA20500740F1BF809B
:10C4E40013469A490C229A486FF3820386F8DA308D
:10C4F4001BF03CFC00283FF44CAFF37A3BB1D6ED83
:10C50400216ADFED947A66EEA76AC6ED216AB4B1BA
:10C514008D4B0D9AD6ED216A03EB8202D2ED037A9C
:10C524000F9A03EB820393ED036AF4EEC67AF1EEFD
:10C5340010FA77FE867A66EEA76AC6ED216AF1EEF6
:10C54400006A96ED219A2AEEAABA2BEEABAA69EEFE
:10C55400266AB0EE4B0A99EE260A30EE4A0AB5EE88
:10C56400C00AF1EE10FA77D418F0AAF9F0EE409A66
:10C574003BEE0A0A18F0A4F93389F1EE699AB5EE94
:10C58400C09A032BC9EE807A08BFF1EE677AF1EE08
:10C5940010FA05D5B1EE499AF1EE677A86ED219A43
:10C5A400F0EE6A6A0D9BB0EE6B7A06EB8303E7EE5E
:10C5B400EB6AA7EEAA7AF6EE007A66EEA76A67EE51
:10C5C400277AC3ED1A6A0F9B06EB8303C3ED1A7A2D
:10C5D400FEF777B896ED1F0A0B9306F051F9002881
:10C5E4003DF4BBABD6ED1F7AFCEEE77A17EE902A4A
:10C5F400C6ED3A7A002A3DF40CAD96F8DA206FF3D2
:10C60400000286F8DA200B9B33E72023FCF740B9BD
:10C614009DF81C30003B18BF01235B000493059B6D
:10C6240003F001030B93FDF74ABA98F82F30002B5F
:10C634003FF408AD444B96ED1A6AD6ED1B7A93EDA0
:10C64400037AD3ED046A27EE067A67EEA67A86EDBE
:10C654001A7AC6ED1B7AE5E42223FCF719B9069A87
:10C6640013426DD096F8D83023F0700386F8D83092
:10C67400F37A8BB1DFED377A0323374A013B06990E
:10C68400D940C90705D5D2ED1C6A66EEA76AC2ED8A
:10C694001C6A043A002BF1D19CB12F4A03232A4986
:10C6A400013B0698D840C40707D5D2ED1C6AD1EDEA
:10C6B400057A66EEA76AC2ED1C6A043A0439002BB7
:10C6C400EED10F9B06EB8303D3ED1A9A0D9B3BEE41
:10C6D400E90A06EB830393ED1AAA20EE000A7AEE28
:10C6E400CAAAAAEEAA0A18F0EBF869EEA99AB0EE63
:10C6F400409AB0EE690AAAEE0A0A18F0E1F879EE57
:10C70400407A9FED167A86ED210AF0EEE77AF4EE90
:10C71400C77AF1EE10FA7DF7D4AFB6EE007AF4EEF4
:10C72400C77AF1EE10FA3FF734AE9FED0D7A20EEA2
:10C73400070AB4EEE70AF1EE10FA7DF5C2AF28E677
:10C744002323FCF7A5B800BFF0F800203806012029
:10C75400FC0601203333CB41940501200AD7A33BC7
:10C764006F12833A704700BF00207047084B00B532
:10C77400DB6D83B098470022C1B2C0F3074361F375
:10C78400070263F30F22104603B05DF804FB00BFF9
:10C7940098080120024A034BD2F8C0001B681847CE
:10C7A4009808012068070120074B1B6810B5044650
:10C7B40003B19847E4B2054BA4F10704B4FA84F436
:10C7C400640983F8844010BD141C0120241C01203A
:10C7D400074B70B51B6804460D469847054BDB6E46
:10C7E40023B129462046BDE87040184770BD00BFFC
:10C7F400B80A012068070120034B93F80A02400895
:10C8040000F00200704700BF980801202DE9F843AA
:10C81400DFF80081D8F80030002B69D0374B384E50
:10C8240093F88330DBB1336D9847D8F80040002C7F
:10C8340060D00025F36C334FC8F80050984701E0EE
:10C84400904764B123463968D4E90120E4685D6007
:10C85400DD600029F4D13B609047002CF2D1D6F87A
:10C86400E0319847284B80461A6882423ED0274DD3
:10C87400274A2C681768BC4238D0186037B1D7E90A
:10C8840001309847FF68002FF9D12C68002C2DD077
:10C894000027DFF870900BE0F36C9847D9F800207C
:10C8A400E760D4E901306760D2B198472C68ECB1F5
:10C8B4002368A3EB0803002B18DC336D98472B681F
:10C8C400A3420AD0002BE7D01A46DB68002BE3D042
:10C8D400A342F9D1E368D360DEE7E3682B60DBE7CA
:10C8E400C9F8004098472C68002CE1D1BDE8F883D2
:10C8F400034EB4E7F36C9847B1E700BF241C012052
:10C9040098080120D80A0120E00A0120CC0C01205B
:10C91400481D0120CC0A012008B50CF013FE024B7F
:10C924000022C3F8242108BD6807012000B585B0A2
:10C93400FBF7C2F90E4B0290DB6D98479DF8082077
:10C944009DF809C09DF80A3002400CEA102C9DF8AD
:10C954000B1003EA104301EA106142EA0C020020C2
:10C964000B4362F3070063F30F2005B05DF804FB8B
:10C9740098080120164B10B593F800E08CB0154CC4
:10C984006FEA0E0E0DF1080C5FFA8EFE83F800E0DC
:10C994000FCCACE80F0094E80F00ACE80700704639
:10C9A4008CF8003005F0D8FD014602A801911CF076
:10C9B400FFFC02AB0199184419F0F0FF064A034644
:10C9C4000021128802A81A800AF0E4F80CB010BD05
:10C9D40040EE00201081002030810020F8B50E4B7D
:10C9E4000E4F0F48D3F8C03098473C689CB10D4EA9
:10C9F400002502E090473C606CB123463168D4E9DD
:10CA04000120E4685D60DD600029F3D13360904764
:10CA14003C60002CF1D1F8BD98080120EC0C0120F9
:10CA2400247E0020D80A01204AB1064A92F8212126
:10CA3400920704D5044A1846D2F81C31184700203E
:10CA4400704700BF1416012098080120074B93F883
:10CA54001E21D20604D50269D3F8A0118A4200D15E
:10CA64007047C3F8A0210DF06BBF00BF141601205E
:10CA7400704700BF2DE9F041244E044682B00F46B2
:10CA8400336D90469847002C36D0214B1D6825B352
:10CA940000221A60D6F8E031984700236C604044C5
:10CAA4001C4CEB6023682860AF603BB31968411AE3
:10CAB400002904DC25E01968411A002903DB1C461F
:10CAC400DB68002BF7D10120EB60E560F36C01908B
:10CAD4009847019802B0BDE8F0810F4D28202B46FD
:10CAE40001E00028F2D0D3F874220138103B002A68
:10CAF400F7D105EB0015CDE72046E7E701202560D7
:10CB0400E4E70120EB602560E0E700BF980801201E
:10CB1400D80A0120CC0C0120641D01200E4808B560
:10CB24000389C3F340219B050CD50C4B01213C30F8
:10CB34001B6C98470A4B00210A489A8ABDE80840B2
:10CB4400FFF798BF064B9A8A02B908BD0648BDE8AC
:10CB54000840FFF78FBF00BF241C01209808012064
:10CB640014160120AD680000FD6800000649074B5B
:10CB7400B1F808C00021064A1CF4007F0548928AD7
:10CB840008BF1846FFF776BF241C0120FD6800008B
:10CB940014160120AD680000C30700D47047322288
:10CBA40000210148FFF766BF6D67000070B5134EA2
:10CBB4000D460446336D984711490B68B3B1002004
:10CBC40003E0DA681846134682B15A68A242F8D1E3
:10CBD40015B19A68AA42F4D160B1DA68C260094911
:10CBE400002208685A60DA6000B90B60F36CBDE893
:10CBF40070401847DA680A60F1E700BF980801201E
:10CC0400CC0C0120D80A012010B50446E30706D451
:10CC14000A4B1B6883B12046BDE810401847002129
:10CC24000748FFF7C3FFC82200210548FFF722FF8A
:10CC3400024B1B68002BEED110BD00BFFC0C012081
:10CC44002565000070B5124E0D460446336D9847B5
:10CC540010490B68A3B1002003E0DA6818461346B4
:10CC640072B15A68A242F8D19A68AA42F5D1DA6838
:10CC740060B1C2600849002208685A60DA6018B1DD
:10CC8400F36CBDE8704018470B60F9E70A60F1E700
:10CC940098080120481D0120D80A0120F0B5194F39
:10CCA400044683B00E463B6D984734B3164B1A685E
:10CCB400A2B10021196000231449D3600B68C2E9B2
:10CCC4000146E3B11946DB68002BFBD10120CA60A1
:10CCD400FB6C01909847019803B0F0BD0C4A2820E2
:10CCE400134601E00028F3D0D3F874520138103B06
:10CCF400002DF7D102EB0012DDE72046E8E7012022
:10CD04000A60E5E798080120D80A0120CC0A01202E
:10CD1400641D0120F8B51D4B93F88160FEB11C4FD2
:10CD240004460D463B6D9847A4B11A4B1A68D2B11C
:10CD340000211960002318495460C2E902530B68AA
:10CD4400FBB11946DB68002BFBD1CA60FB6C98472A
:10CD54003046F8BD2646FB6C98473046F8BDBDE822
:10CD6400F840FFF79BBF0D4928230A4600E053B162
:10CD7400D2F87402013B103A0028F8D101EB0312F7
:10CD8400D8E70A60E2E71E46E0E700BF241C012062
:10CD940098080120D80A0120EC0C0120641D012010
:10CDA4002DE9F04FB44C83B0DFF844839C2200217A
:10CDB40020461BF0D1F84FF420720021AF481BF03D
:10CDC400CBF84FF49472002140461BF0C5F8AC4BED
:10CDD400AC4A0021AC4D0026C8F81821AB4A2846BD
:10CDE400AB4FC8F81C21AB4AC8E91433AA4BC8F8A6
:10CDF4006420C8F85C30A94BA94AC8F87830A94B1C
:10CE0400C8E91F23A84B4FF40872C8F8D4301BF0AC
:10CE1400A3F8A64B0A22C5E91333A54B2A606B6518
:10CE24004FF48063A34AC5F8B0314FF08043C5F88E
:10CE3400A8210122EB61A04B85F81A222B669F4B97
:10CE440084F881202B679E4BC5F89C309D4BC5F818
:10CE540004329D4BC5F830314FF6FF73A5F81232FA
:10CE640003F05AF80EF0AAFE0CF06CFB20F074FDEF
:10CE74003B7860F300033B7006F09CF806F0DAF8A8
:10CE84000EF0A6FE95F80822387802F0600342F00E
:10CE9400600220F01800C4F89460A3F1600385F8E0
:10CEA4000822C2F3400284F88560B3FA83F35B0975
:10CEB400DB0043EA0213D5F88C2003F01803034384
:10CEC400FF2B3B70814B1A60814BC5F88C300CBF33
:10CED40001233346C4E9236684F882300FD17D4BA5
:10CEE400D5F80C21C5F80C317B4B7C481A60AB6B30
:10CEF40098473B7884F8826060F341033B70774E37
:10CF04000DF1060196F8A8000FF0A0FA814600285A
:10CF140000F0B7810DF1070196F8A9000FF096FA19
:10CF240018B996F8A83086F8A9309DF906000FF0D4
:10CF3400D5FA3B78814660F382033B70002800F009
:10CF44008C8100200FF0A2FAC36A2BB1006BB0F100
:10CF5400000918BF4FF001093B7869F382033B7065
:10CF640095F8093213F0040305D196F89C2163F374
:10CF7400410286F89C213B78FF2B06D01023002128
:10CF8400574884F88030FFF7C5FED5F88C3001216E
:10CF940096F8080198470FF09BFD6B6F4FF0000067
:10CFA4009847D5F800320BB14E4898474FF0070028
:10CFB40002F0E6FF94F88030103B18BF012384F898
:10CFC40083306B6E002B00F0FB8096F88F31DF0707
:10CFD40000F1F680B28A002A40F0FE8095F809320A
:10CFE40013F00C0F40F0028195F8B63003F00C03F7
:10CFF400042B06D13C4BD5F804211A603B4BC5F8F1
:10D004000431D8F8B430002B00F0498195F90A3284
:10D01400002BC0F22881DFF8609009F18C0A0CF033
:10D0240091FAE278D4E9047B22B196F98E21002AA0
:10D0340080F20D814422002148461AF08DFF6FF0E2
:10D04400010194F881206164002A40F0E38096F89D
:10D054001E21002012F0400F08BF642712F0200F99
:10D0640008BF4FF0640BC4E9047B0FF003FA0028F7
:10D0740040F0DA803EE000BF241C0120641D012042
:10D084009D65000059DB000098080120CD8F010048
:10D0940040EE0020C19E0100F56400006518000008
:10D0A4009D1B0000254D0100DD67000065C80000E0
:10D0B400F9640000A966000081930000B19B01009F
:10D0C400DD7A0100E98E010089650000141C01204D
:10D0D4003965000061650000B80A012014160120BA
:10D0E40005670000B01C0120FC0C012099690000B8
:10D0F40068070120B38A2189003B96F82C2118BFC8
:10D10400012363F349212181D10705D5E37FC2F3CC
:10D11400400262F38203E37706F0A4F8D5F8D43032
:10D12400984796F81E01C0F34000FBF71BF996F8E8
:10D134002601AB6D4FF0000100F00100984706F0A6
:10D144003DF910F065FF02F0B3FE12F04DFE06F05B
:10D15400FBFC51465B4813F069F9D5F8903013B1E4
:10D1640000210846984795F80A325A076CD5D8F832
:10D174000030D5F8C400984796F91D31002B5ADACF
:10D1840095F80A32DB0707D594F88530002B14BFD5
:10D194008720802007F04AFC07F07CF90746A0BBF3
:10D1A400D5F8DC318BB3984784F8817007460028A2
:10D1B4007FF435AF05F02AFF384603B0BDE8F08FA1
:10D1C400414A95F81512414B002908BF1346B28A0B
:10D1D4006B66002A3FF402AF00213D48FFF74AFC8A
:10D1E40095F8093213F00C0F3FF4FEAEC3F380013F
:10D1F400C3F3C00340F28A2041F0040141EA430131
:10D2040001F007010EF0A8FAEEE64FF0000384F8EF
:10D21400813004E764270020BB46C4E9047B0FF097
:10D2240029F900283FF466AF00200FF02FF964229B
:10D234004368DA605EE70FF085FFB0F5807F9FD129
:10D2440001200FF085FF9BE713F0CEFF8FE78022CC
:10D25400002148461AF080FEF1E60FF025F90FF0A0
:10D264003DF9814678E695F91032002BBFF6D3AE2E
:10D27400EB6E984741B21748C943C90FFFF74AFDFF
:10D28400C9E60FF071F849460FF042F8A8B190F9D9
:10D2940000308DF80630437886F8A8303AE695F8E1
:10D2A4000B3298077FF5B2AED5F81C31002B3FF452
:10D2B400ADAE094BC8F8B430A8E60B238DF80600D0
:10D2C400EAE700BFFC060120FD640000BD66000023
:10D2D400AD68000061DA0000B96700002DE9F84389
:10D2E4004D4E4E4D96F883C0BCF1000F5FD12B68B4
:10D2F4001BB3DFF84481E6466246494CD8F8007017
:10D30400614609E0002A6AD0D868D0605960D960C3
:10D31400002F60D0D36833B15868A042F2D11A46C6
:10D32400D368002BF8D1BEF1000F01D0C8F800700B
:10D33400BCF1000F01D0C5F800903A4C236833B11A
:10D3440058680021FFF732FC2368002BF8D1364CD3
:10D35400236833B158680021FFF774FC2368002B5D
:10D36400F8D12C68F4B196F8833023B92F4B93F895
:10D37400B62051072BD4DFF8C080002702E0904785
:10D384002C607CB12346D8F80010D4E90120E4686D
:10D394005F60DF600029F2D1C8F8003090472C604C
:10D3A400002CEFD196F8833033B1BDE8F8832C68B4
:10D3B400002CE0D1BDE8F8831C4B93F8B62052074B
:10D3C40005D41B4D2C6D0FF0BDFEA047FAE7194A9A
:10D3D400C3F80421F5E71F464FF0010E9AE71A46F9
:10D3E4001346D2684FB15960D9606AB15368A342F9
:10D3F400F6D191464FF0010C8CE71F464FF0010E19
:10D404005960D960002AF1D1BEF1000F01D0C8F8EB
:10D41400007000232B6090E7241C0120EC0C0120F9
:10D4240081090100CC0C0120481D0120980801202D
:10D434006807012029690000D80A01202DE9F84F66
:10D44400294B41EA4008294E0D461C68DC238346DB
:10D454004FEA410903FB086301EB410A1A4492F8BD
:10D46400C07002E0646A002C38D023785B45F9D19F
:10D47400236A534459788F42F4D39B78791A284607
:10D48400BB42C9B2EED3636998470028EAD0DC23D3
:10D49400226A417903FB0863026093F8BE408C4220
:10D4A4001FD893F8BF308B4234BF00230123447E3E
:10D4B400A944012163F386144A440379447604465B
:10D4C40052781344DC2202FB086601FA03F3427F1C
:10D4D400D6F8B0100B4063F3861242772046BDE8BD
:10D4E400F88F0023E3E700BF880E0120FCF400203E
:10D4F40070B54FF0DC0C41EA4006144D144C0CFBA3
:10D50400065501EB41062468154495F8C0E001E096
:10D51400646ACCB194F800C08445F9D1226A02EB64
:10D52400060C9CF80150AE45F2D39CF802207245DB
:10D53400EED3AEEB050E24691A46084623465FFA7D
:10D544008EF1BDE87040184770BD00BFFCF40020A8
:10D55400880E01202DE9F04F85B09046DFF870B1B8
:10D56400019341EA40031A460093DC2303FB02B310
:10D5740098F80020D3F8B060D64016F0010640F0C9
:10D584009E80524B07468946B4461C684B0001EB0B
:10D59400410A029305E0646A002C00F08A8098F83E
:10D5A40000202378BB42F6D1236A53445978914230
:10D5B400F1D89B78511A9342C9B2ECD363694846B7
:10D5C40098474FF0010C002877D0437E5B06E2D5E4
:10D5D400009ADC2398F80010054602FB03F30122AD
:10D5E4008A400BEB0301D1F8B0000243C1F8B0202C
:10D5F40091F8C02098F800108A4206D0C0335B44EA
:10D6040013F8012F01368A42FAD1009ADC2302FB77
:10D6140003F30BEB030090F8B420B24229D903F1D1
:10D62400C00ACDF80C80A8462546B2443C460746BD
:10D63400DA449AF8013006EB4601F2B2FF2B0AF8FD
:10D64400013B0BD0BB68B00023B1092E88BFA0F109
:10D654000A010B4449462046FFF74AFF013697F872
:10D66400B430B342E5D82C464546DDF80C8098F832
:10D674000010029E4846236A4E44019A33445B7864
:10D68400C91A2369C9B29847236A009A4FF0010C5A
:10D694002B60DC2398F8001003FB02BB9BF8B4302A
:10D6A4000BEB030282F8C0105A1E8BF8B42088F8E2
:10D6B4000030604605B0BDE8F08F84466BE74FF05C
:10D6C400000C604605B0BDE8F08F00BF880E012055
:10D6D400FCF400200D4B0E4A0344106893F89C118F
:10D6E40001E0406A88B18368002BFAD00278002AEE
:10D6F400F7D1026A92F804C06145F2D352798A42A2
:10D70400EFD3A1EB0C00C0B218477047FCF4002023
:10D71400880E0120104B114A1844136800B590F884
:10D7240054E301E05B6AABB15A68002AFAD093F87B
:10D7340000C0BCF1010FF5D1186A90F804C0E645A9
:10D74400F0D340797045EDD3AEEB0C005DF804EBFB
:10D75400C0B210475DF804FBFCF40020880E0120E1
:10D7640030B54FF0DC0C134C4500134B0CFB054457
:10D774001B680C4494F8C0E001E05B6AB3B1DC6858
:10D78400002CFAD093F800C08445F6D11D6A95F8B0
:10D7940001C0E645F1D3A9787145EED3AEEB0C0098
:10D7A40023461146C0B2BDE8304018474FF0FF3061
:10D7B40030BD00BFFCF40020880E012070B5134D6D
:10D7C400134B05441C6895F878E201E0646AD4B10F
:10D7D400E569002DFAD094F800C0BCF1010FF5D131
:10D7E400266A96F801C0E645F0D3B3787345EDD3C5
:10D7F400AEEB0C0E1346AC460A4601465FFA8EF0B9
:10D80400BDE870406047204670BD00BFFCF40020B6
:10D81400880E012010B4044C084611461A462468A8
:10D8240023465DF8044B184710160120A0F5B97083
:10D834002DE9F04F83B0032817D8DFE800F002CDBC
:10D84400751AA94FDFF8A892D7F89032D9F86C610D
:10D8540001EA0304B44240F02981A44BC9F86C41A5
:10D864001B6813B14FF4B9709847002003B0BDE8AA
:10D87400F08F9D4FDFF87892D7F84033D9F878616C
:10D8840001EA0304B442F0D04FF000080DF1040A99
:10D894006640DFF860B2ADF804808AF8028004E0E4
:10D8A400760808F1010800F05C815FFA88F5F30757
:10D8B4002A46F5D5B7F95013DBF8603101F55570F8
:10D8C400384400E029B110F801CD0139AC45F9D153
:10D8D400CAB20121084698470028E1D0036A002B08
:10D8E400DED0427F12F03001DAD112F004020CD003
:10D8F40090F805C097F85223624500F23F8197F8EB
:10D904005323624534BF002201228DF804200122F2
:10D91400514602FA05F50022254214BF0125154699
:10D924008DF805509847BBE76F4FDFF8C491D7F8DF
:10D934006C33D9F8745101EA0304AC4295D04FF02A
:10D9440000080DF1040A6540DFF8A8B1ADF80480C1
:10D954008AF8028004E06D0808F1010800F0F680FE
:10D964005FFA88F6E9073246F5D5B7F95013DBF8C4
:10D97400603101F55570384400E029B110F801CD4B
:10D984000139B445F9D1CAB20121084698470028A3
:10D99400E1D0036A002BDED0427F12F03002DAD1EC
:10D9A40090F805C097F852E3E645D4D897F853E3C6
:10D9B400E645D0D34FF0010C017F0CFA06F6C1F313
:10D9C400800126428DF8051014BF614600218DF8B0
:10D9D400041051469847BEE7434FDFF81491D7F837
:10D9E4006432D9F8706101EA0304B44250D04FF0B4
:10D9F40000080DF1040A6640DFF8F8B0ADF80480C1
:10DA04008AF8028003E0760808F1010840D05FFA42
:10DA140088F5F0072A46F6D5B7F97412DBF86031B9
:10DA240001F51E70384400E029B110F801CD013928
:10DA3400AC45F9D1CAB20021012098470028E2D0B0
:10DA4400036A002BDFD0012202FA05F5254218BF34
:10DA540002228DF80620427F12F004010BD0457992
:10DA640097F87612A94200F2878097F87712A942B4
:10DA740034BF00210121C2F380028DF80410514605
:10DA840008F101088DF80520002298477608BED1D8
:10DA9400164BC9F870411B68002B3FF4E6AE40F208
:10DAA40073109847002003B0BDE8F08F4FF00008D2
:10DAB4000DF1040A6640DFF83CB0ADF804808AF842
:10DAC400028004E0760808F101083FF4C6AE5FFA6C
:10DAD40088F5F3072A46F5D5B7F97412DBF86031F7
:10DAE40001F51E70384408E0FCF400200C0D012000
:10DAF400141601209808012029B110F801CD01392C
:10DB0400AC45F9D1CAB20021012098470028D9D0E8
:10DB1400036A002BD6D0417997F876C28C45D1D8C8
:10DB240097F877C28C45CDD30121027F01FA05F520
:10DB3400C2F3C10225428DF8062014BF0A46002212
:10DB440051468DF8042000229847BBE70C4BC9F8D6
:10DB540074411B68002B3FF488AE4FF4BA709847A9
:10DB640083E6074BC9F878411B68002B3FF47DAE70
:10DB740040F27510984778E600217CE70A46C4E62F
:10DB84000C0D01201A2805D01C2828D00E2814D0EA
:10DB9400002070471A4A4FF0000C012092F82031FF
:10DBA40092F8212183F0020381F801C0C2F38002BC
:10DBB400C3F340030A708B707047114A4FF0000C96
:10DBC400012092F8203181F801C01A4683F0020343
:10DBD400C2F30002C3F340030A708B707047084A13
:10DBE4004FF0000C012092F8203181F801C01A4650
:10DBF400DB43C2F38012C3F3C0130A708B70704707
:10DC040014160120864B1B682DE9F04F054685B09C
:10DC140003B19847834B93F8823013B905B0BDE83C
:10DC2400F08F814C4FF00008D5F87431D4F890028D
:10DC3400ADF80880ADF80C808DF80A808DF80E8060
:10DC4400D5E95B1202400140C5E95B12D4F86C23AC
:10DC54001340C5F87431D5F878311340C5F87831DC
:10DC6400D4F8BC31002B42D094F87232002B3ED051
:10DC7400013B6E4E4FF00109DFB2B4F97432FAB2CF
:10DC8400D6F860A103F51E71214400E02BB111F810
:10DC9400010D013B9042F9D1DAB200210120D047B5
:10DCA400824610B3D0F820B0BBF1000F1DD0437FE3
:10DCB40094F87622C3F3C0138DF8093043799A425D
:10DCC4007CD9184602A901938DF80880FFF75AFF02
:10DCD400019B0D2B05D880F00100C0B2002840F054
:10DCE40084805046002202A9D847013FC5D2D4F807
:10DCF4009832002B4CD094F84E33002B48D0013B83
:10DD04004A4E4FF00108DFB2B4F95033FAB2D6F8F4
:10DD1400609103F55571214400E02BB111F8010D18
:10DD2400013B9042F9D1DAB201210846C84768B3F1
:10DD3400D0F82090B9F1000F33D008FA07F3D4F8E3
:10DD44006C231A42194630D090F81DC01CF0300CD8
:10DD54002BD1D5F874211A400AD0417994F8522372
:10DD64008A4240D894F853238A4234BF00220122C5
:10DD74008DF80C2003A9D5F8782113424FF0000246
:10DD840014BF012313468DF80D30C847013FBBD2A1
:10DD9400274B1B68002B3FF441AF984705B0BDE803
:10DDA400F08FD4F86C2308FA07F122EA01014FF44A
:10DDB400BA700DF0D1FC013FA6D2E9E794F87722BE
:10DDC4009A42FFF47EAF09FA07F3D5F86C211342A7
:10DDD400037FC3F3C1038DF80A3014BF012300236A
:10DDE4008DF808307DE76246C2E71846F9F7E0FF90
:10DDF40080B210B9DAF820B073E7B5F89C30B5F802
:10DE04009E201842DAF820B014BF012300231042E8
:10DE14008DF808300CBF012300238DF80A3060E729
:10DE2400100D0120241C0120FCF40020980801207E
:10DE3400140D012010B58AB02422002101A81AF083
:10DE44008BF8242201A9124819F090FF48B1114A15
:10DE5400114BD2F86001C01AB0FA80F040090AB040
:10DE640010BD0C4B0C4C0D490D480E4AC3F864010F
:10DE74000120C3F854210C4AC3E957140B4C0C4934
:10DE8400C3F85041C3F85811C3F86C210AB010BD4F
:10DE9400E409012098080120CD710000817200007E
:10DEA400E5720000657400004D750000A574000063
:10DEB400F17400000388B3F5BA7F0DD3A3F5BA73E8
:10DEC400012B0CD80C4BD3F8980248B1D3F86C034F
:10DED400003818BF01207047B3F5B97F01D2002084
:10DEE4007047054BD3F8BC010028F9D0D3F8900251
:10DEF400003818BF01207047FCF40020A0F5B97069
:10DF0400032823D8DFE800F01A120A02104A114B42
:10DF1400D2F87801D3F84033184070470C4A0D4BBF
:10DF2400D2F87401D3F8403318407047084A094BBB
:10DF3400D2F87001D3F8643218407047044A054B94
:10DF4400D2F86C01D3F8643218407047002070474F
:10DF540014160120FCF4002030B442EA41020546C4
:10DF640053B3194CDC2000FB024090F8BA1001EBCB
:10DF7400030C6970B0F9BC00844501DD401AC3B2DA
:10DF840001391944A970DC2101FB02414868C0B180
:10DF9400DC214FF6FF7001FB0241A1F8B60099B2F3
:10DFA400DC2000FB0242B2F8BA0001441846A2F891
:10DFB400BA102B7030BC7047FF20034C19466870B0
:10DFC400EEE74D60E4E700BFFCF400202DE9F04FDC
:10DFD4004FEA410B87B01C4601294BF0010305466B
:10DFE4008A46009300F0F980B74E13460022FFF7EB
:10DFF400B3FF96F84E21234651461044012286F879
:10E004004E01E81CFFF7A8FF96F84F31184486F834
:10E014004F01AE4EDC23009903FB0BF203FB01F12D
:10E02400B3187018B3F9BA70B0F9BA008742B8BF20
:10E034000746002F00F0CB809868002800F01F816D
:10E0440093F8C030FF2B00F03C81C0324FF0000940
:10E05400324412F8013F09F10109FF2BF9D1009A6A
:10E06400DC2302FB03F3F21892F8C020FF2A00F02D
:10E074002581C0334FF00008334413F8012F08F111
:10E084000108FF2AF9D1924BBAF1010F009A4FF01F
:10E0940000040CBF19685968DC2303FB02F203FB7C
:10E0A4000BF302F10C00B21891603018019203F1E5
:10E0B4000C02F318059002939960B318CDE9036339
:10E0C400109E2B78002B36D06B78A34233D8AA78D5
:10E0D400A24230D30298E2B200EB090181F8C020D9
:10E0E40076B1D21A83685FFA89F1D2B22BB10929C9
:10E0F40001EB410000F2C080034400215046B047C8
:10E10400172C09F1010916D8029901220498D1F8B3
:10E11400D830A2401343C1F8D8306E4B6E49002C5E
:10E1240008BF194619F06AFF204604F015FA0146A3
:10E13400049819F063FFEB78002B36D02B79A342B7
:10E1440033D86A79A24230D30198E2B200EB0801D5
:10E1540081F8C02076B1D21A83685FFA88F1D2B20E
:10E164002BB1092901EB410000F283800344012112
:10E174005046B047172C16D8019901220598D1F8BA
:10E18400D830A2401343C1F8D830524B5249002C26
:10E1940008BF194619F032FF204604F0DDF90146A4
:10E1A400059819F02BFF08F101080134A74288D221
:10E1B400DC23039E009A03FB0B6B03FB0266DBF874
:10E1C400D820D6F8D830CBF8AC20C6F8AC30381EFE
:10E1D40018BF012007B0BDE8F08F92BBFF233B4E70
:10E1E40043701346B6F972120B44A6F87232364BDA
:10E1F4002A7093F84C11114483F84C11002C50D020
:10E20400B6F94E13CAB217192A71B6F950038742E8
:10E2140001DD801AC4B2013A22446A71D6F8982208
:10E22400002A44D04FF6FF72A6F84A23A2B20A4449
:10E23400A6F84E23EC7093F84D21224483F84D2127
:10E24400E8E6224EB6F97212CBB29F184370B6F9C3
:10E254007402874201DDC01AC2B2013B1344AB70A1
:10E26400D6F8BC313BB34FF6FF73A6F86E3293B2C7
:10E27400BAE70A39084479E70A3908443CE701F166
:10E28400D803D8321548324433440844FF2103F8F4
:10E29400011D834202F8011DF9D14FF00008C14667
:10E2A400F1E6FF222A712246B6F94E13BFE7EA1CB3
:10E2B400C6F89822B6E7C6F8BC51D4E74FF0000878
:10E2C400E1E64FF00009CAE698080120FCF40020BA
:10E2D400183E0060F40A0020FC0A0020BCF500206F
:10E2E4002DE9F04741EA40071A4EDC25814605FB3B
:10E2F4000765B5F9B800421C02D0C0B2BDE8F0878A
:10E30400DFF8548000248A46D8F86031A5F8B84074
:10E31400E3B1E2B251464846984780B1437F5B0679
:10E3240004D4B5F8B8300133A5F8B8300134D8F8BE
:10E33400603151464846E2B298470028EED1DC23CA
:10E3440003FB076696F8B800BDE8F0871846BDE8F9
:10E35400F08700BFFCF40020980801202DE9F04F5D
:10E364005E4E85B0D6F864410093002C4CD0012851
:10E374000546904673D0002940F0888096F84E31C7
:10E38400019341EA45034FF0DC09DFF854A109FB8E
:10E3940003F998F8002002930AEB09077B687BB322
:10E3A40097F8BAB0D6F86031BBF1000F28D03BB370
:10E3B4004C4691463A46CDF80C805F4688469346D3
:10E3C400013F41462846FFB23A46984790B1437F01
:10E3D4005B060FD490F805C09BF8BE309C4543D330
:10E3E4009BF8BF2062453FD3ACEB030C5FFA8CFC77
:10E3F400E1450DD017B1D6F86031E1E7DDF80C80C6
:10E40400FF23002488F80030204605B0BDE8F08FD3
:10E414004146DDF80C800446009BD6F86471424600
:10E4240028460091B847637F60F38613637700281A
:10E43400E6D0DC23029A012D009903FB02AA4FF6D1
:10E44400FF73AAF8B83033D041BB96F84E31019A25
:10E454009342D9D1019B013B86F84E31D4E7C9B927
:10E4640096F84C3101938CE7BBF9BC3090F804C0AA
:10E474001A19C032524401E0002BB9D012F8011D20
:10E48400013B6145F8D15FFA83FCB1E796F84F315F
:10E49400019376E796F84D31019372E796F84F3180
:10E4A400019A9342B0D1019B013B86F84F31ABE70F
:10E4B40049B996F84C31019A9342A5D1019B013B8D
:10E4C40086F84C31A0E796F84D31019A93429BD1DE
:10E4D400019B013B86F84D3196E700BF9808012067
:10E4E400FCF400204B4B2DE9F04790F81C801C688D
:10E4F400477FC8F34008002C49D005468A46914618
:10E5040002E0646A002C42D0206A2B689842F8D159
:10E51400EB6A51462846002BF3D09847064600285C
:10E52400EFD02B7F87F00807216ADC22C3F3400475
:10E5340003F00203C7F3C00728792344364C48EAA2
:10E5440047070B444FF6FF7107FB02F25B78034465
:10E5540001209840A318A25CA3F8B810A3F8B61041
:10E56400022AD3F8D81021EA0001C3F8D81012D037
:10E57400032A09D1BAF18F0F3FD0BAF1900F29D0F5
:10E584004FF4BA700DF0E8F83046BDE8F087002685
:10E594003046BDE8F087B9F1000F07D01F4AB9F83B
:10E5A4000010B2F810320B43A2F81032BAF11C0F6B
:10E5B4001CD81B4B43FA0AF3DB0717D4DC234FF4B4
:10E5C400B97003FB0743D3F8D8100DF0C5F83046F3
:10E5D400BDE8F087114A4FF4BA7092F81A3243F04A
:10E5E400010382F81A320DF0B7F8CDE75046F9F777
:10E5F400DFFB80B20028E1D1C6E7084A4FF4BA70C5
:10E6040092F81A3243F0020382F81A320DF0A4F899
:10E61400BAE700BF880E0120FCF40020980801200E
:10E62400FFBFFFEB134AD2F86001D8B1D2F86431CE
:10E63400D2F85801003B10B4D2E9544118BF012369
:10E644000A1E18BF0122211E5DF8044B18BF0121C8
:10E65400003843EA410318BF012043EA820343EA36
:10E66400C000704740EA400343EA800343EAC00025
:10E67400704700BF980801202DE9F04F83B041EAAC
:10E684004006DFF834A10193DC2303FB06F60AEB12
:10E694000604636823B1B4F9BAB0BBF1000F03D127
:10E6A400002003B0BDE8F08F074688469146154622
:10E6B400FFF7B8FFC307F3D5002D3CD1DFF8FCB05A
:10E6C400DDF80490B4F9BC10EAB2DBF860317018DC
:10E6D400C030504400E029B110F801CD013994450F
:10E6E400F9D1CAB241463846984770B1417994F895
:10E6F400BE3099420FD394F8BF208A420BD3C91A73
:10E70400C9B20C9AC847002844D10135B4F9BA30CB
:10E71400AB42D7D8C4E7B4F9BC300179F218C0329F
:10E72400524401E0002BECD012F801CD013B8C45A2
:10E73400F8D1D9B2E5E75D46DFF880B0B4F9BC1092
:10E74400013DDBF860317018EAB2C030504400E09B
:10E7540029B110F801CD01399445F9D1CAB2414625
:10E764003846984718B1836939EA030302D0002D6B
:10E77400E4D195E7437994F8BE2093420CD394F8FE
:10E78400BF10994208D39B1AD9B20C9A019B98479F
:10E794000028ECD0012084E7B4F9BC300179F218E8
:10E7A400C032524401E0002BEFD012F801CD013BFE
:10E7B4008C45F8D1E8E700BFFCF40020980801205C
:10E7C400034BD3F8543103B118471846704700BFC0
:10E7D4009808012010B5074CD4F850312BB10039FA
:10E7E40018BF01219847D4F85031181E18BF0120D2
:10E7F40010BD00BF98080120034BD3F8583103B172
:10E8040018474FF0FF30704798080120F0B50568AD
:10E8140083B02E78EF78FE4203D10025284603B05A
:10E82400F0BD1A4B0446C2681A60FFF703FB0028C8
:10E83400F3D0174928463B46324600910021FFF7A2
:10E84400C5FB05460028E8D0012128201AF0DEF88F
:10E854000028E3D00F4A1368B3B11A465B6A002B51
:10E86400FBD15062002223680270E26803620261F5
:10E8740022694261DA780AB1626882601B78002BEF
:10E88400CCD0A368C360C9E71060EBE71016012081
:10E89400A5750000880E0120F0B5056883B02E78B8
:10E8A400EF78FE4202D1002003B0F0BD224B0446B3
:10E8B40002691A60FFF7BEFA0028F4D01F492846FF
:10E8C4003B46324600910121FFF780FB05460028B4
:10E8D400E9D0012128201AF099F8D0B118490B6821
:10E8E400002B27D019465B6A002BFBD1486201211B
:10E8F4002368017021690362016161694161D9780A
:10E9040009B1616841601B781BB1D4E90231C1606F
:10E91400C3610C4B18780028C6D10B4A01200B495F
:10E924001870D06E0A4B08600A48D3660CF02AFBB4
:10E934002846B9E70860DAE710160120A57500003B
:10E94400880E0120A221012068070120100D01205A
:10E95400957900005CF90020D0ED026A90ED017A0F
:10E964000A60F4EEC76A10B4F1EE10FA47DD07EE60
:10E97400902A90ED004AD0ED044A76EEC75AF8EE9C
:10E98400677A90ED055A90ED033ADFED2D3A87EE64
:10E99400846A81ED057AB5EE403AF1EE10FA14BFBF
:10E9A400012300234B77FCEEC67AB8EE674A17EED4
:10E9B400902AC1ED017A24EE055A64EE247A87EE9A
:10E9C400A36AC5EE237ABCEEC66A16EE104AB0EE10
:10E9D400656AFCEEE77A17EE903AC1E90343A3EBCC
:10E9E400040307EE903AF8EE677AC7EE865AC1ED53
:10E9F400065A0ED10B7F002B08BF00228A60F4EE6A
:10EA0400C76A5DF8044BF1EE10FACCBF0120002078
:10EA14007047437E93B9B5EEC03AF1EE10FA0DDDBE
:10EA240024EE034A087FC4EE237AFCEEE77A17EE5D
:10EA3400903A08B1013AD31A8B60E0E78C60DEE7C4
:10EA44000000C842D0ED057AF4EEC07AF1EE10FA77
:10EA540017D530EE670AD0ED067AD0E9031220EE1E
:10EA6400270ABBFE400ABCEEC00A10EE103A0B4463
:10EA74009A420ED8037F13B14368013B9A1A104699
:10EA84007047B5EE400AF1EE10FA0AD182681046DA
:10EA9400704799420A4638BF1A46037F002BEED0CE
:10EAA400EAE7037FC268002BE9D04368013B9A1A66
:10EAB400E5E700BF3A4B90F81CC01B68CCF3400C50
:10EAC40070B50D4690F81DE063B3046801E05B6A1D
:10EAD40043B31A6AA242FAD18EF0080301790122E3
:10EAE400C3F3C0034CEA43030CEB4C0C644464785A
:10EAF4002144DC248A402B4904FB0314D4F8D84075
:10EB0400224208D02C78284E002C39D0D6F86C41FB
:10EB14001443C6F86C41DC2404FB0311D1F8AC3077
:10EB24001A4222D140790E2813D00D2803D9BDE80A
:10EB340070400BF005BFF9F73BF983B2002BF6D018
:10EB44002A7822B3184AB2F89C100B43A2F89C30DE
:10EB5400EDE7154B297893F8202161F30002BDE815
:10EB6400704083F820210BF0EBBEAB780E49012BEB
:10EB7400D1F8703114BF13439343C1F87031D1E716
:10EB8400D6F86C4124EA0204C6F86C41C3E7064A8D
:10EB9400B2F89C3023EA0003A2F89C30C7E700BF18
:10EBA400880E0120FCF4002014160120274B90F855
:10EBB4001CC01B68CCF3400C30B590F81DE09BB32F
:10EBC400046801E05B6A7BB31A6AA242FAD18EF050
:10EBD4000803007901221E4DC3F3C0034CEA43032A
:10EBE4000CEB4C0C6444647820448240DC2000FB31
:10EBF4000350D0F8D800024207D00878154CF0B181
:10EC0400D4F874011043C4F87401DC2000FB0353EE
:10EC1400D3F8AC301A4207D04B780E4943B1D1F83F
:10EC240078311343C1F87831BDE830400BF088BE29
:10EC3400D1F8783123EA0203C1F87831F4E7D4F843
:10EC4400740120EA0200C4F87401DEE7880E012092
:10EC5400FCF4002014160120644B1A6802B110471A
:10EC64002DE9F04F624D83B0D5F8BC21002A4BD07A
:10EC7400B5F97222002A47D006380D2844D8DFE8B7
:10EC840000F0074343434343434346434346430758
:10EC9400013A002301AF574ED4B24FF00109DFF817
:10ECA4005881ADF80430BB70B5F97432E2B2D6F8CD
:10ECB40060A103F51E71294400E02BB111F8010D88
:10ECC400013B9042F9D1DAB200210120D0478246BB
:10ECD400C0B1D0F820B0BBF1000F13D03946407951
:10ECE400FEF750FF70B19DF80430002B62D009FA92
:10ECF40004F3D8F86C211343504600223946C8F86F
:10ED04006C31D847013CCFD203B0BDE8F08F013A53
:10ED1400002301AF374ED4B24FF00109DFF8D88099
:10ED2400ADF80430BB70B5F97432E2B2D6F860A124
:10ED340003F51E71294400E02BB111F8010D013BCC
:10ED44009042F9D1DAB200210120D047824620B1A5
:10ED5400036A13B140790D2802D9013CE3D2D3E709
:10ED64009AF81D30C3F3C0138DF80530F9F720F875
:10ED740080B230B3B8F89C3009FA04F1B8F89EC0F8
:10ED84001842D8F86C3114BF0122002210EA0C0F8B
:10ED94008DF804200CBF012000208DF806000AB372
:10EDA4000B43C8F86C315046DAF82030002239465B
:10EDB4009847D2E709FA04F2D8F86C3123EA02033F
:10EDC4009AE79AF81C2009FA04F1D8F86C31C2F3D6
:10EDD400C10219428DF8062014BF012200228DF8C9
:10EDE4000420DCE723EA0103DBE700BF0C0D01206C
:10EDF400FCF400209808012014160120F2B130B56B
:10EE04001D4CCDB294F848C01CEA010F14D0032164
:10EE140001392CFA01FE25FA01F41EF0010F0FD07E
:10EE2400E4070DD5D0ED027A93ED027AF4EEC77AB9
:10EE3400F1EE10FA0FD50022104630BD104670478F
:10EE44000C1E964618BF0124043B0438002CDFD165
:10EE54007246104630BD93ED057AF4EEC77AF1EEB2
:10EE640010FAD4BF4FF0010E4FF0000E00290CBF72
:10EE740000240EF00104E7E7241C01206A4B30B59E
:10EE840093F848406CB319B104F00703072B29D059
:10EE940066490323013B24FA03FC1CF0010F1BD039
:10EEA400D1ED217AF5EEC07AF1EE10FA14D5D0ED59
:10EEB400027AD2ED056A92ED027AF4EEE67AF1EE88
:10EEC40010FA58BFF0EE667AF4EEC77AF1EE10FA53
:10EED40077FE877AC0ED027A0438043A2439002B8D
:10EEE400D8D130BD00F10C05DFED516A01F10C0EF3
:10EEF4004FF0000C032375ED017A013B3EED017ADE
:10EF040077EEC77AF0EEE77AF4EEE67AF1EE10FAED
:10EF1400C8BF0CF1010C13B1BCF1010FEBD9BCF16A
:10EF2400020FB5D1D0ED004A92ED004AD1ED006A4E
:10EF3400F4EEC44A90ED017AD1ED013A34EEE65A8A
:10EF440091ED026AF1EE10FAD0ED027A77EE635A8F
:10EF540077EEC67A06D492ED034AF4EEC44AF1EE93
:10EF640010FA13DD85EE857A80ED004AC7EE854AF6
:10EF740074EE666AB0EE474AB0EE637AA4EE267A7F
:10EF8400A6EEA46A80ED017A80ED026AD2ED016AF0
:10EF9400F4EEC76AF1EE10FA2EDCD2ED046AF4EE58
:10EFA400C76AF1EE10FA27D490ED027AD2ED026A24
:10EFB400B4EEE67AF1EE10FA07D4D2ED056AB4EEB7
:10EFC400E67AF1EE10FA7FF763AF85EEA76AD1ED2A
:10EFD400025A91ED007AC5EE274AD1ED017AC0EDCF
:10EFE400026A76EEE56AE6EE867AA4EEA67AC0EDCB
:10EFF400017A80ED007A4BE785EE254AD1ED013A9E
:10F0040091ED006A91ED027AC0ED016AC7EEA54A5E
:10F0140076EEE36AA4EE266AA6EEA47A80ED006A90
:10F0240080ED027AC2E700BF241C012014160120DF
:10F034006F12833A2DE9F04FDFF8FC930E469846A1
:10F04400D5B299F899102DED048B4C078DB003922D
:10F05400C2F307221A9B8DED040ACDED050A00F0D8
:10F06400D180B8F1000FB0EE408AF0EE608A074616
:10F07400B0EE419A6CDD06EB8501B8F1010F4FEA61
:10F084008204D1ED007A06EB8201D1ED006A00EB37
:10F09400850191ED007A4FEA8501019100EB82012F
:10F0A40091ED006A00F0BC810DF1180EB268306871
:10F0B40070EE417A7168F4464FF00F0BACE807002C
:10F0C400019A30326A4442ED067A78EEC97A04F144
:10F0D4003002DFF860A3704699F899106A44DAF8B0
:10F0E4000C51029342ED067A0122A84758B3B8F1B5
:10F0F400000FCCBF3A4632460DF1240C1BF0080F2A
:10F10400029B106851689268ACE8070000F0938095
:10F1140038EE098A019A1BF0010F02F130020DEB5F
:10F12400020505ED038A78D038EE891A04F130021D
:10F13400DAF80C5199F8991009A80DEB0204012290
:10F1440004ED031AA8470DB0BDEC048BBDE8F08FA5
:10F1540000EB85019400D1ED007A00EB8201D1ED42
:10F16400006A06EB850177EEC07A91ED007AA9007A
:10F1740076EEE06A019106EB820137EE407A91ED7A
:10F18400006A36EE606AF5EEC06AF1EE10FAF5EE4A
:10F19400C07A5EDBF1EE10FAB5EEC06A40F39C80F3
:10F1A400F1EE10FAB5EEC07AC0F2DA80F1EE10FAA0
:10F1B40040F2C380F4EEC77AF1EE10FA40F2D9803F
:10F1C4004FF0000B5A46B8F1000F00F31381019D74
:10F1D4000DF1180E38687219F4467968D2ED007A88
:10F1E4007A1992ED007ABA68F4EEC77AACE80700AF
:10F1F400F1EE10FA00F1C38005F130026A4402ED29
:10F20400067A5CE08B4C0122D4F80C41A4460DB084
:10F21400BDEC048BBDE8F04F60472644274496EDCF
:10F22400001AD7ED007AB4EEE71AF1EE10FA58BFDF
:10F23400B0EE671A7AE70199721892ED008A7A188B
:10F24400D2ED007AB4EEE78AF1EE10FA38FE278A9E
:10F2540060E7F1EE10FAB5EEC06A72D4F1EE10FA7E
:10F26400B5EEC07A54D4F1EE10FA4FF0000CCCBFD6
:10F274004FF0080B4FF0090BB8F1000F00F3C780F3
:10F284000DF1180E38687968BA68F246AAE80700E2
:10F2940001997218D2ED007A7A1892ED007AF4EEA0
:10F2A400C77AF1EE10FA58BFF0EE477A019A30327D
:10F2B4006A4442ED067ABCF1000F7FF406AF3219BE
:10F2C400D2ED007A3A1992ED007AF4EEC77AF1EEB3
:10F2D40010FA77FE877AFAE6F1EE10FAB5EEC07A04
:10F2E40022DBF1EE10FA7FF765AF4FF00E0B4FF013
:10F2F400040CDA46B8F1000F6FDC0DF1180E386813
:10F304007968BA68F246AAE8070078EE497ACDE748
:10F31400F1EE10FA56D4F4EEC77AF1EE10FA41DAAF
:10F324004FF0000CE346A7E7F1EE10FA4FD94FF087
:10F33400060B4FF0040CDA46DCE74FF0010B5A469B
:10F3440041E7F1EE10FAB5EEC07A1ED4F1EE10FAF0
:10F354004FF0040CCCBF4FF00C0B4FF00D0B8BE7B0
:10F36400F1EE10FA18D94FF0070B4FF0040CDA46FF
:10F37400C0E74FF00F0B4FF0040CDA46BAE7019ADE
:10F3840030326A4442ED067A99E7F1EE10FAC2DDB2
:10F394004FF0040CE3466FE74FF0030B4FF0000C03
:10F3A400DA46A7E74FF0040C4FF00F0BB8F1000F4B
:10F3B400A3DD0DF1180E30687168B268F246AAE850
:10F3C4000700A2E74FF0000C4FF00B0BEEE74FF0F5
:10F3D400020B4FF0000CDA468CE70DF1180E306882
:10F3E40071685FFA8AFBB268F446ACE807000AF079
:10F3F400040C8AE70DF1180E5FFA82FB306871681D
:10F40400F446B268ACE807004FF0000C40E70DF199
:10F41400180E30687168B268F246AAE8070037E748
:10F4240077EEC07A76EEE06A37EE407A36EE606ABE
:10F43400A9E600BF68070120241C0120F0B52DEDCA
:10F44400028B8FB000240746C5B204A80E46B0EE66
:10F45400408A0194CDE9024404F018FC9DF824305C
:10F46400464901A823F012030B9443F012038DF8CC
:10F47400243010F0DBFFDFF820E1314601AA03233A
:10F484009EF890C1013B25FA03F02CFA03F6C0075D
:10F494000DD5D2ED027AF00791ED027A04F1010460
:10F4A4004CBFE7EE087AE7EE487AC2ED027A043AF6
:10F4B4000439002BE6D107EE904A9EED118AB8EE8E
:10F4C400670AB5EE400AF1EE10FA51D4F1EEC07AB3
:10F4D4002B4B04A901A82B4C5B7E2B4E28EE278ACC
:10F4E4008DF826308DED048A04F01CF90423E772AC
:10F4F400A3720EF0D7FE0EF095FB01E0336D984732
:10F504000EF0D0FEE36B042013F0640FF6D0E76B2B
:10F514001E4EBA0603D5B36C06211D4898477B06D8
:10F5240003D5B36C07211A489847736E9847ADF812
:10F53400000040EA10232B4203D0B36C0821144886
:10F544009847256C5DB90421736C124898470EF0F6
:10F554005FFD0120A5720FB0BDEC028BF0BD01F080
:10F5640047FE04F021FF00200FB0BDEC028BF0BD7C
:10F5740015F0A6F9F0EE407AAAE700BFB01C01200E
:10F5840084060120241C012068070120980801201A
:10F59400641C0120601C0120141601200D4A92F8FD
:10F5A4008F3113F0020309D0C0B2002890FAA0F002
:10F5B400B0FA80F00CBF4FF0FF33034603EBC303F4
:10F5C400012902EB8302D2ED117A92ED120A00FEB8
:10F5D400270A704714160120034682B043EA1043F9
:10F5E40043EA102303F0FF0343EA106002B07047BC
:10F5F40010B50D4C82B0C4F8880001900DF0A2FD46
:10F6040040F20113184201D1236C0BB102B010BDBA
:10F6140001F0EEFD054B012104F140009B6C02B0AA
:10F62400BDE81040184700BF241C012098080120A1
:10F634002B4903222B4BDFED2C7A2C48F0B591F8A3
:10F64400265191F88E4193F848E005F0010504F045
:10F6540008041F7B91F89061013A2EFA02FC1CF019
:10F66400010F2AD0D5B127FA02FC1CF0010F15D0E6
:10F6740090ED027AB4B126FA02FCD1ED216A1CF0B5
:10F68400010F24D136EE877AC3ED1B7A2439043B6B
:10F69400043883ED197A002ADED1F0BDB0EE677A22
:10F6A400002CE8D1D1ED216AB1EE476A36EE877AB3
:10F6B40083ED1B6A83ED187A03E0C3ED1B7AC3ED77
:10F6C400187A2439043B0438002AC5D1F0BD37EE3A
:10F6D400267AC3ED187AB1EE477A83ED1B7AF0E708
:10F6E40014160120241C012000000000C00A01207F
:10F6F4002DE9F047DFF89C90C5B299F88E311807D0
:10F7040010D5224A032300240020013B25FA03F1EB
:10F71400C90702D5146042F8400C043A002BF4D116
:10F72400BDE8F0878A464F46DFF86C800324174E05
:10F73400013C25FA04F3DA0716D599F89031E34031
:10F74400DB0719D5D7ED217ABAF1000F03D098ED74
:10F75400027A77EE877A97ED1E0A46ED107A27EE45
:10F76400800A15F0B7FA3060243FA8F10408043E7B
:10F77400002CDDD1BDE8F087DFED057ABAF1000F8A
:10F78400E9D0D8ED027AF1EE677AE4E7B81C0120FB
:10F794000000000014160120C00A01202DE9F04FDA
:10F7A400CBB2074E2DED028BA1B034880093C3B2C7
:10F7B40002933CB1002021B0BDEC028BBDE8F08F78
:10F7C400241C0120BC4B054616A8A14693F8918140
:10F7D40004F05CFA9DF86C30FFEE086A9FEDB77A8E
:10F7E400032123F01203B44A4FF0010CDDF800E0CA
:10F7F40043F01203DDF808A01D948DF86C30B04B73
:10F804005B7E8DF86E3010AB184601390CFA01F4AA
:10F814002EFA01F740F8044D2AFA01F4E40710D552
:10F82400D2ED217A67EEA67AF4EEC77AC3ED027AB6
:10F83400F1EE10FA58BFB0EE677A17F0010F18BF57
:10F844008946243A043B0029DFD1B5EE407ACDF84D
:10F854000490F1EE10FA00F0BD819A4F2846BB6E79
:10F864009847B5EE400AB0EE408AF1EE10FAA1D006
:10F87400009B002B40F04E81009B06938E4B00248E
:10F8840093F81931A346049413F0100F4FF00103B9
:10F89400059403EB4803DFF83C8208930CBF642310
:10F8A40065230993884913A810F0C0FD824B4FF0DB
:10F8B400000913A993F890A10FAA10A80323079491
:10F8C400CDF80C90013B029C24FA03FC2AFA03FEB7
:10F8D4001CF0010F18D07C4C00251EF0010F09F11B
:10F8E400010944F82350D0ED027A049C00F04981C8
:10F8F400022C01D0F1EE677A039C92F800C0C1EDAE
:10F90400027A44EA0C0403940439043A0438002BC0
:10F91400D8D1D8F8AC30079C039D2BB1B0EE480A7F
:10F9240004999DF80800984707EE909AB8EE670A84
:10F93400B5EE400AF1EE10FA00F1B981F1EEC07AA9
:10F9440016A913A8F57228EE278A8DED168A03F0FE
:10F95400E9FE0423B3720EF0A5FC0EF063F9019BDB
:10F96400DDF810A003F1220906EB8909CDF80C900B
:10F97400DDF82490BAF1020F56D07B6E9847012C23
:10F98400C3B2ADF82C00C0F3072000F0EE80022CC7
:10F9940000F0F180009943EA0002114284F0010171
:10F9A40001F0010108BF0021B1B15840009C04409E
:10F9B40000F0E58000988B4622EA00020342D7F863
:10F9C4009030D2B214BF012402240792039A214634
:10F9D400526805929847079A10A903234FF0010E25
:10F9E40051F8040D013B054222FA03FC0BD01CF034
:10F9F400010F0EFA03F006D025EA0005019898429B
:10FA040008BF4FF0000B002BEAD1F572BBF1000FD9
:10FA14000AD0039A059952688A1A0699002AB8BF2F
:10FA240052428A4200F3DC800EF03CFCF16B11EA96
:10FA3400090109D0012940F0A8807B6C234898472C
:10FA4400D7F8C40008F06AFAD8F850300420984770
:10FA54006B078FD10EF0DCFA174B00214FF003092E
:10FA6400B3F88C01FB6B9847049BDDF808A0022BCC
:10FA7400BB6E504655460CBF012202221146049229
:10FA84009847049AB2EE047A10ABF7EE007A012A92
:10FA9400B0EE408A0E4A4946D44607FE277A013919
:10FAA4002CFA01F0C00717D5D2ED027A67EE877AF7
:10FAB400C3ED027A10E000BF14160120000000001C
:10FAC4008406012098080120B01C0120601C01203C
:10FAD400C00A012068070120043A043B0029DED152
:10FAE400009B89462BB1CB46D7F8903008460C468C
:10FAF4009847029B002B00F09180B5EE408AF1EE0E
:10FB040010FA40F38B80089A531E002A00F0868076
:10FB14000893C7E6684A09EBC903DFED685A92ED1A
:10FB2400607A02EB830392ED616AB1EE477AD2ED1B
:10FB3400626AC7EE257AD3ED0F5A93ED0C7A67EE1D
:10FB4400A57AF4EEC67AF1EE10FA58BFF0EE467AD2
:10FB5400F4EEE67AF1EE10FA77FEA67A67EE877A8B
:10FB6400FDEEE77ACDED067A88E6009A23EA0203F1
:10FB740043EA000230E7009A20EA0200F8E7A346CD
:10FB84002AE7022C7FF4B8AEB4E611F0200F8A46BF
:10FB940003D0BB6C06214A4898471AF0400F03D0A3
:10FBA400BB6C072146489847FB6B0021022098470D
:10FBB400049B022B24D01AF0040F03D0BB6C092140
:10FBC4003F489847336C002B6CD17B6C04213D4833
:10FBD40098473FE7012021B0BDEC028BBDE8F08FD0
:10FBE4000F21BA6C36480093904701F001FB04F0F2
:10FBF400DBFB009B184621B0BDEC028BBDE8F08F07
:10FC04007B6E9847029BADF8300040EA1020184202
:10FC1400D8D0BB6C08212A489847D3E7009A82B30E
:10FC2400019B254903EBC30301EB8304D4ED107A54
:10FC3400F5EE407AF1EE10FA23D0F5EEC07A1046D4
:10FC4400D7F890309046F1EE10FA4CBF0221012112
:10FC54009847D4ED107A20AA019BF0EEE77A10A918
:10FC640002EB8303B7EE000A404643ED107AFFF738
:10FC7400E5FB00283FF49FAD0021D7F890300846FB
:10FC8400984701212846FFF733FD284600F078F90C
:10FC940096F848300299002201201943B27286F87E
:10FCA400481088E501F0A4FA04F07EFB82E514F024
:10FCB40007FEF0EE407A43E6141601200000C84225
:10FCC400641C0120601C012050B1034610B4054C93
:10FCD400006859689A6807C402485DF8044B704785
:10FCE40000487047C00A01202DE9F041DFF838814F
:10FCF40082B04FF00005064698F88F31C7B29907D5
:10FD040037D498F826013146DFF8208100F001004D
:10FD1400D8F858309847D8F8A030F3B10120984764
:10FD240007EA000414F0FF0417D0D8F89030002B31
:10FD340067D0E3074FF001054FF0010204D45300EC
:10FD44002342DAB2FBD0154694425AD1D8F8643033
:10FD5400984740EA1020204258D1314B294630467A
:10FD6400D3F8083198470138C7B2384602B0BDE825
:10FD7400F081384602F0A2FE0128C2D9002FC0D07B
:10FD840041463B46FF24002017E0D1ED127A92ED64
:10FD9400127AB4EE677AF1EE10FA1FD1D1ED117A2E
:10FDA40092ED117AB4EE677AF1EE10FA16D15B088F
:10FDB40000F1010001F124010ED0DA07F7D504EBBC
:10FDC400C402FF2C08EB8202DFD15B08044601F178
:10FDD400240100F10100F0D1FE2C92D10024012570
:10FDE40002E00134002FC0D017F0010FC7F347071A
:10FDF400F7D005FA04F0FFF777FF0028F1D00746A3
:10FE0400B3E73727384602B0BDE8F081B2EE040A02
:10FE140004492846FFF712FB00289ED12D27A4E7AA
:10FE240068070120C00A0120141601209808012047
:10FE34004A0538B5C1F3072302D59B072CD538BD35
:10FE4400164C0122164B94F89910D3F80C5104F176
:10FE54005803A8470028F2D1238943F004032381DF
:10FE64000DF070F9082801460E4C0BD10E48236C96
:10FE7400984702E00DF066F920B104F095FA0028E5
:10FE8400F8D138BD01F0B4F9A36C022107489847B2
:10FE9400BDE8384004F088BA004CDDE7241C01209A
:10FEA4006807012098080120601C0120641C0120BF
:10FEB4000849094A91F8943191F893C191F8920153
:10FEC40043EA0C0392F8481003431940137382F871
:10FED4004810704714160120241C01200C4B93F881
:10FEE4008E3103F00502052A01D000207047094A2B
:10FEF40092F8810048B1107B0028F7D092F848307E
:10FF0400984314BF0120002070475B06EED4F2E74B
:10FF140014160120241C012010B4084B0849094C74
:10FF2400094A8C6609480A49C3F80C21094A5DF854
:10FF3400044BC3F80821C3E9440170476807012052
:10FF4400980801202D9300008D8B0000C58D0000C2
:10FF54000D8C00002D95000000220849134604E092
:10FF64000133182B07D011F833209042F8D10348FD
:10FF740000EBC30070470020704700BF203E0060C4
:10FF84002DE9F04FDFF89C800324234EC7B2454689
:10FF94004FF00109DFF890A0DFF890B02DED028B4F
:10FFA40083B0013C27FA04F3DB070CD4043E243D60
:10FFB400002CF6D119491A4803B0BDEC028BBDE8F8
:10FFC400F04F10F033BA95ED1E8A95ED260A28EE0F
:10FFD400000A14F07FFE01900028E7D007EE900A93
:10FFE40009FA04F39AF80020F8EE677ADBB21A43B0
:0CFFF40087EE887A8AF8002098F89021A7
:02000004600199
:10000000E24012F0010F9BF800200CBF134322EADC
:1000100003038BF8003086ED027AC9E788030120DC
:10002000B01C0120581D012014160120940301204A
:10003000EC0401200149024810F0FAB9B01C01207B
:10004000581D01204B7D03F00603062B2DE9F047D8
:100050000C468AB0054602D04969FFF7EBFE0DF069
:1000600073F802280CD1504B1A781AB100200AB04C
:10007000BDE8F087587880F001000AB0BDE8F0874D
:1000800004F094F90028EED0484B1F78002F50D090
:10009000DFF824812A46464EA5F10C0C454904237D
:1000A00098F800E04FF000093B420BD0D1ED027A06
:1000B00092ED027AB4EEE77AF1EE10FA59DD1EEA1B
:1000C000030F66D1043A5B08043E04399445EBD132
:1000D000B9F1000F25D0684688F800E003F0D8FD9C
:1000E000237D9DF8142003F00103216822F009020A
:1000F00043F0080300911343E2698DF81430E3687C
:100100000792039305E003F093FE04F04FF90028F3
:10011000ADD003F029FA0028F5D16946254803F04F
:1001200003FB244B28686968AA6807C301E003F051
:100130007FFE04F03BF9002899D003F015FA00285F
:10014000F5D12146284603F0EFFA00288BD1236928
:100150009B7A1B0787D5237903F00303012B82D1F8
:1001600004F052FC206994ED030A2179436A984710
:1001700079E7A7D51EEA030F4EEA030AA2D196ED4E
:10018000027A5FFA8AFE814677EEC77AC1ED027A7B
:1001900098E796ED027A2EEA030E814677EE277AEB
:1001A000C1ED027A8EE700BF241C012094030120D8
:1001B00088030120581D0120EC0401202DE9F04F97
:1001C0002DED0C8B8FB098461446B0EE40DA259B8F
:1001D00007469DF890A00D4604939DF892309DF837
:1001E0009190039308EB8A0302EB890B93ED006A6D
:1001F000069308EB89039BED00BAB7EEC66A93ED50
:10020000001A079302EB8A0300EB8A02B7EEC11AC9
:1002100093ED00AAB7EECBBA92ED007A00EB89021B
:10022000B7EECAAA059392ED005A3BEE01BBB7EEBA
:10023000C77A3AEE06ABB7EEC55AB1EE418B37EE50
:100240004A7B35EE4B5BB1EE469B21EE070B21EE70
:10025000451BA6EE450BA6EE471B14F07FFB049B47
:10026000002BB7EEC0CB40F37881DFEDD47AB4EE4B
:10027000E7CAF1EE10FA40F267816A7D50071CD49C
:10028000CF49D1F81061C6B142F00402B7EECA0BF3
:10029000F7EECB0B21466A75B0EE4D1AC94A3846C7
:1002A0008DED0B0A0092CDED0C0A249A0493B04711
:1002B0006A7D60F341026A75049B83EAE376A6EBEC
:1002C000E376012E7EDD721E002B7968A6F103060F
:1002D00007EE102A039A3868B8EEC77A9FEDB36B21
:1002E000B7EEC77A9FEDB35B27EE067BD4BFB1EEC6
:1002F0004C6AB0EE4C6A002B04EB8203B7EEC66A80
:10030000CDE908B736EE077BB7EEC77BD3ED007AB1
:1003100007EB8203BA68D3ED006A0BAB76EEE76AAF
:1003200007C386EE876A059B0DF102011A680EABC2
:1003300004910EA903EB8A0343F80C2C0EABDBF8F7
:100340000020C34603EB890343F80C2CC8BF0123EC
:10035000039AD8BF4FF0FF3301EB82021F4690464D
:1003600036EE066AB7EEC66A26EE056BF7EEC6CB2A
:10037000039B7CEEA77A8DF890A029468DF89230E9
:100380000BA88DF89190B0EE4D0A249A049B01972A
:1003900048ED037AADF80020120C1A7022465B4635
:1003A000FFF70CFF0DF12C0CBCE807006160711C1D
:1003B000206006F1FF36A26002D058ED037AD7E73D
:1003C000DDE908B7804B3DEE0D0AD3ED027AB4EEBD
:1003D000E70AF1EE10FA40F3AE8030EE670AF6EE6F
:1003E00000CA20EE270A6CEE2CCAB5EE400A6CEE6D
:1003F0008DCAF1EE10FAF0EEECCA00F1D080B1EE49
:10040000C07ACCEE877AFBFE677AFCEEE77A17EECD
:10041000906A002E00F08F802B7D9A0600F1AE804E
:10042000B8EE677ACCEE07DADFED68CA039B012EDF
:1004300004EB830907EB8303B0EE00CAF1EE007A08
:10044000F6EE006AADEEEDCA6DEEACCA7CEE277A30
:100450002CEE26CAD9ED006A6CEEA7CAD3ED007A5D
:1004600077EEE67A87EE87DA65D04FF0010A2B4601
:1004700003974FF000084F465546B1469A46264628
:10048000059C2CE0B7EECC6AB7EEEC5A26EE087B62
:1004900028EE458BA5EE097BA6EE098BB7EEC77B50
:1004A000B0EE489BB7EEC78A3BEE087B51463AEE6A
:1004B000096B30460135B7EEC77BB7EEC66B84EDEE
:1004C000006A8BED007AD7ED007A77EE8D7AC7ED72
:1004D000007AFFF7B7FD00285CD0A94529D0B8F114
:1004E0000C0F08F10108CDD107EE905A4FF000082B
:1004F000B8EE678A28EE2D8AB0EE480A14F0B6FEF0
:10050000F0EE408AB0EE480A14F0ACFD079B93ED84
:10051000008A069B28EE009A28EEC88AD3ED007A5E
:10052000A7EEE89AA7EEC08AB7EEC99AB7EEC88AD6
:10053000BAE7039F5546294638460FB0BDEC0C8BF1
:10054000BDE8F04FFFF77EBDB7EECCCA9FED177B3D
:100550003CEE07CBB7EECCCB8FE6DFED1D7AB4EEE9
:10056000E7CAF1EE10FAFFF688AEB7EECCCA9FEDFF
:100570000F7B3CEE47CBB7EECCCB7EE6B8EE677A8E
:10058000D5ED007A6FF3451367EE877A2B75C5EDCD
:10059000007A47E70FB0BDEC0C8BBDE8F08F14F08C
:1005A00091F9B0EE407A2CE7AFF30080182D445457
:1005B000FB211940182D4454FB210940BD37063555
:1005C000680701207C1C012014160120ABAA2A3EDA
:1005D000BD3706B52DE9F0432DED108B9FEDA18AB7
:1005E00085B0B7EE009A1546F0EE489A0746894660
:1005F000106851681E46926801ABDDF87080DFED2F
:100600009A1ADFED9ABA07C398ED003A79EE487A64
:10061000D7ED000AB6EE00CA97ED01AA63EE086AAC
:1006200020EE884A98ED012A6AEE084AD6ED003A93
:1006300022EE087AD6ED012AE3EEA76A95ED001ABC
:10064000A3EE274A95ED010AE2EE274ADDED01AA65
:10065000A2EEA77A9DED02BA23EE885A002462EE3C
:10066000885A28EE266AA1EE275AE0EE275A28EE8D
:10067000044A68EE244AA7EEA64AE7EE274AF0EEBF
:10068000466A28EE077AE7EE856AA5EEA77A28EE95
:10069000044A68EE244AA7EEA64AE7EE274A55E048
:1006A00071EE887A3BEE245A7AEE84CA67EE8C7A31
:1006B00039EE677A60EEA76A2AEE276A63EE27DAD8
:1006C000E3EE076AA2EE076AE3EE87DA22EE27DAA4
:1006D00063EEA7EA22EEA7EAA2EE87DAE1EE07EAE6
:1006E000A0EE07EA67EEA66A27EE866A27EEADFA65
:1006F000E7EE2D6AADEE076A67EE8D5AB0EE4FDA7F
:10070000EEEE075AA7EE2EDA67EEA66A27EE866AA5
:10071000A5EE876AE7EE0D6AB0EE467AF0EE665A0D
:10072000A5EE4C7AECEECC5AB0EEC77AF0EEE55A74
:1007300037EE257AB4EEE97AF1EE10FA0DD9F0EE43
:10074000464A0124B0EE664AB0EE678A78EE618AC6
:10075000F4EEEB8AF1EE10FAA2DACCB1494601A828
:100760008DED014ACDED024AFFF76CFC002874D0F4
:10077000B4EEC98AF1EE10FA6FD578EE288AF0EE61
:10078000481AF4EE498AF1EE10FA39FE288A3BE75E
:10079000B0EE00CAB6EE005A59E0F0EE617AE8EE2B
:1007A0008C7AF4EEC97AF1EE10FAD7DA39EE677A7C
:1007B00020EEA76A6AEE276A63EE27EAA3EE076ACD
:1007C000E2EE076AE3EE87EA22EE27DA23EEA7EAF3
:1007D00062EEA7DAA2EE87DAA1EE07EA27EE866AD2
:1007E000E0EE07DA67EEA66AA7EE2E6A67EEAECAFB
:1007F000EDEE076A67EE8D5AE7EE0ECAEDEE875A08
:1008000027EE866A67EEA66AA7EE2C6AE5EE876A8F
:10081000B0EE447A7AEE865A7BEE26CAA5EEC57A09
:10082000F0EE645AECEEC55AB0EEC77AF0EEE55A37
:1008300037EE257AB4EEE97AF1EE10FA8EDCB0EEFE
:10084000678AF0EE664AB0EE464A77EEE18AF4EE49
:10085000E98AF1EE10FAA0D980E705B0BDEC108B63
:10086000BDE8F083CDCCCC3D000000006F12033B0F
:100870002DE9F04F2DED048B87B01D469346127D78
:100880009DF852300646169C42F0010205EB8308A3
:10089000994694ED057A8A46D8ED007A9DF8503055
:1008A000F4EEC77A159F00939DF85130F1EE10FADF
:1008B0008BF81420019300F1E380A27EDAF80000A7
:1008C000DAF80410012ADAF808200CBF94ED059A32
:1008D000B0EE679A2860284669605946AA60C8ED5C
:1008E000007AFFF7AFFB002800F08E807B1E02939A
:1008F000002F00F0E580009BCDF80CA0DA4605EB58
:100900008303DFED8B9ACB460493019B05EB8303B6
:10091000059398ED008AD4ED057AB4EEE78AF1EEFE
:1009200010FA00F3B88004EB8B024FEA8B07D2ED8C
:10093000007AB4EEE78AF1EE10FA40F3B7804FF098
:10094000000928E0637E33B1DAF81000B0EE690ADE
:100950004946436A9847492E5CD0F0EE497A9AF8A6
:1009600014305146227E2846C8ED007A62F3000317
:100970008AF81430FFF766FB002845D0637EBBBBC6
:10098000542E35D0E319D3ED007AF4EEC87AF1EEA7
:1009900010FA40F18B8094ED037A51469AF81430A6
:1009A000284638EE478A6FF30003B4EE678A8AF868
:1009B0001430F1EE10FA48BFB0EE678A88ED008A75
:1009C000FFF740FB00B3542E34D0D4ED048AF5EE8B
:1009D000C08AF1EE10FAB5DD0CF0B6FB0228B1D0FA
:1009E00004F012F8B0EE680A002001F065FFA9E7F4
:1009F0009AED030A9AF805209AF80410DAF8100024
:100A00000BF0CEFF0028BDD1002007B0BDEC048B59
:100A1000BDE8F08FE319D8ED007A93ED007AF4EE9B
:100A2000477AF1EE10FA98D0424B93ED037A77EEC5
:100A3000877A94E7B0EE690A9AF805204946DAF811
:100A400010000BF0ADFF0028DFD09AF80410DAF8A0
:100A5000100081F002039AED030AC3F3400363F32D
:100A60004101436A8AF8041098479AF8043083F0E9
:100A70000202C2F3400262F341038AF80430A4E7A1
:100A80005946284688ED007AFFF7DCFA0028BBD0EB
:100A9000D8ED007A11E751462846C8ED007AFFF7F5
:100AA000D1FA0028B0D098ED008A3CE79AF81420DB
:100AB000029B42F001028AF8142093B9DDF80CA0E1
:100AC0002B68AA686968CAF800301B4BCAF808206E
:100AD0001A78CAF80410002A96D1587880F00100DC
:100AE00093E7164A12791AB9029B013B029310E769
:100AF000009A5146049B284604EB8202D3ED007A0B
:100B000092ED007A019A77EE877A04EB8202C3EDC8
:100B1000007A059B92ED007AD3ED007A77EE877A22
:100B2000C3ED007AFFF78EFA0028DDD16CE700BF35
:100B30000000000014160120241C0120840601205E
:100B40002DE9F04FB7EE007A9946D2ED057A0E46C0
:100B500092ED080A1546044600272DED088B92F801
:100B60002C30C7EE278ADFEDAB7A85B013F0010A8F
:100B700092ED038A14BFD2ED079ADFEDA79A13F026
:100B8000020B20EE270A14BF92ED07AA9FEDA2AA3E
:100B900013F0BAFED6ED02BAB0EE409A95ED04BA63
:100BA00001ABF0EE6BAA30687168B268EBEE00AA98
:100BB00007C30137F0EE680A07EE907AB8EE670ACD
:100BC00014F0C0F828EE000AB4EEC0BAF1EE10FA44
:100BD000EFDC95ED01BAD5F828803BEE6BBAB5EEA7
:100BE000C0BAF1EE10FA08DDBAF1000F01D0F1EE53
:100BF000699ABBF1000F40F0FB8095ED067A79EE23
:100C00008A7AB5EE407A37EE8BBAF1EE10FA07D059
:100C100027EE0B7A7BEE677AC7EE276AC5ED066A88
:100C2000B5EE409A237D43F00103F1EE10FA2375EF
:100C300040F0E18018EB070800F0B680012795F836
:100C40002C3095ED027AD90740F1B38038EE077A5F
:100C500095ED046AD5ED096AD6ED007A37EE467A4D
:100C6000E7EE267A214601A8CDED017AFFF7EAF9F1
:100C7000002800F0998003F0C7FE002800F0A28051
:100C8000217D2379627E6FF3000143F0800342F0FF
:100C9000020221752371627695F82C30DA0715D59A
:100CA000DDED017A214695ED046A01A8D5ED096ACA
:100CB0009DED037AE6EE267A37EE697A8DED037ABA
:100CC000CDED017AFFF7BEF900286DD0DDED037A96
:100CD000214601A877EE8B7ACDED037AFFF7B2F9C2
:100CE000002861D095F82C309B0715D5DDED017AF1
:100CF000214695ED046A01A8D5ED096A9DED037AB8
:100D0000E6EE667A37EE4A7A8DED037ACDED017A1A
:100D1000FFF798F9002847D003F076FE002862D04C
:100D2000237DB845227943F001036FF3C712237581
:100D300022714DD0013795ED038AF0EE680A07EE77
:100D4000907AB8EE670A13F0FDFF28EE008AD5ED21
:100D5000047A2146D5ED096A01A8F4EEC87A96ED29
:100D6000007AF1EE10FA38FE278A78EE677AA7EE5D
:100D7000A67A8DED017AFFF765F9A8B1B5EE409A34
:100D8000637EF0EE6A7A214669F3410301A8F1EE31
:100D900010FA637618BFE8EE497ACDED037AFFF7D3
:100DA00051F900287FF44BAF05B0BDEC088BBDE8CE
:100DB000F08F38EE077AD5ED096AD6ED007AE7EEC6
:100DC000267A4FE70CF0C0F900283FF459AFEBE763
:100DD0003368214601A80193FFF734F905B0BDEC53
:100DE000088BBDE8F08F0CF0AFF9002898D0DBE756
:100DF000B1EE4AAA01E7F0EE6A7A214601A8E8EED0
:100E0000497ACDED037AFFF71DF900287FF412AF80
:100E1000CAE700BF35FA8E3C0000000070B5284BD1
:100E200005468C46114693F8260182B0AB8ADCF861
:100E3000642043F4C2632A6043F00403AB82DCF80D
:100E4000C430EB61430713D51E4B0CF1A4001E4ABE
:100E5000D3F814310190984729460198FFF7F2F82A
:100E60000CF072F930F4007419D0002002B070BD9B
:100E7000164B0CF1A40493F8991039B1114A583368
:100E80002046D2F80C610122B047B0B12046294675
:100E9000FFF7D8F80CF058F930F40074E5D102F0FF
:100EA00045FB0028E1D020200CF054F90DF0FCF9AE
:100EB0000CF0BAFE204602B070BD0F20D6E700BF8E
:100EC00014160120680701207C1C0120241C01202D
:100ED00008B52DED028BB0EE408A0CF035F90228F2
:100EE00002D1BDEC028B08BD03F08EFDB0EE480AC6
:100EF0000020BDEC028BBDE8084001F0DDBC00BF66
:100F00002DE9F04F87B004460D4617460CF01CF94A
:100F1000022800F0C680DFF85CA29AF82131D807D9
:100F200000F1838004F10C08DFF84892DFF848B242
:100F30004646D9ED1E7AA9F1240936ED010A20EEC4
:100F4000270A13F0C9FEA6424BF8040DF1D1804BDD
:100F5000804A1B7D82F82A3003F056FD002860D0BD
:100F6000DFF80092D9F8B4304BB10CF0EDF8B0F5E1
:100F7000007F04D0774B93F8483099077DD14FF02C
:100F8000000BCDF800B0D9F8B8301BB3724903A8F4
:100F90000FF04EFA06A9DFED716A002003234FF02F
:100FA000010C78ED017A013B31ED017A0CFA03F284
:100FB00077EEC77A0243F0EEE77AF4EEE67AF1EEE6
:100FC00010FAC8BFD0B2002BEBD1D9F8B8302A46FE
:100FD000214698475F4A0121DFF8A081C7F3C0008E
:100FE00013896FF341031381D8F810319847D8F86B
:100FF0001431984700F00303022B1ED0D8F8483074
:1010000004215748984703F0D1F90021D8F810314E
:1010100008469847BBF1000F47D1D9F8BC3003B15F
:101020009847022007B0BDE8F08F4E4B00214E4A92
:101030002046D3F81431984774E729462046019397
:10104000FFF700F80028ECD0019B424A1946012323
:1010500002F13C0082F83830D8F84030984707E079
:101060000CF072F848B30CF06FF8B0F5007F24D0A4
:1010700003F09CF90028F3D1D3E7D9F8B430B1EEEE
:10108000040A08201E460FF0E7F90021012302465A
:10109000009008469B46B0476B7D60F3C3036B75B9
:1010A00071E7002007B0BDE8F08F0023D9F8B44005
:1010B000009A19461846A047AFE7264B93F83830F8
:1010C000012B32D0234A138943F0020313810025F8
:1010D000204AD8F810312946284682F838509847D7
:1010E00003F064F9BBF1000F06D0009A2B46D9F843
:1010F000B44029462846A0470CF08CFF02F060F966
:1011000002F024FD144919480FF092F99AF91831A8
:10111000002B19DBD9F8BC3003B198470D4B188967
:10112000C0F3400007B0BDE8F08F114B03F160023F
:1011300007CA83E80700FA06C9D403F114000521A1
:10114000D8F848309847C2E705F03CFEE2E700BF18
:1011500084060120241C0120B01C012017B7D138BF
:10116000641C0120680701207C1C0120581D0120FF
:10117000501C0120141601205C1C0120980801203D
:1011800010B50D4C82B0237813B1002002B010BD11
:1011900002F0CAFA0028F8D0A37A019023F00503E0
:1011A00043F00403A3720DF003F80DF07DF80CF08A
:1011B0003BFD019802B010BD241C012038B50C4D38
:1011C00083B20446EA8B9A4201D003F01DFC2878D2
:1011D00000B138BDEC83F7F7B9F9C068E4B2002874
:1011E000F7D004F00101BDE838400BF0C3BA00BFEE
:1011F000241C012070B5244CE36B990624D4234DA4
:1012000004F13C0020212B6C9847A088E0B9D5F868
:10121000E03003B198470BF097FF10F02C0F14D17A
:10122000A37A13F0060310D1E370EB6E98474206E1
:101230001BD5AB6C0A2116489847164BD3F8EC30F7
:1012400013B1BDE87040184770BD0123E3700BF087
:101250007BFF042810D0AB6C03210D4898470CF09D
:1012600011FDEB6E98474206E3D4C305E5D5AB6CA0
:10127000112107489847E0E7236C002BEFD1AB6CB6
:10128000062103489847EAE7241C0120980801201A
:10129000641C0120680701202DE9F04F0022964BC5
:1012A000964C83B01A60054694F88E21C6B291061A
:1012B00027D506BBA3F1880A13F87C3C0BBB9AF830
:1012C000483031464FF00700072643F007038AF8FD
:1012D0004830FEF70FFA03F069F8002840F0D48098
:1012E000874BD3F8B030002B00F00381002130464B
:1012F000FF2598477BE013F87C1C883B314000F0C9
:10130000D380D4ED117AF5EEC07AF1EE10FA40F206
:10131000C68094F82631DFF8F8911A070BD599F8B2
:10132000183243B9D9F85C309847FEF757F9C0B284
:10133000002840F0D18004200BF00CFF94F8190134
:1013400010F0100709D16F480121D9F840309847B3
:1013500038469FED6D0A01F0AFFA0BF0D9FB00287B
:101360005DD1D9F878309847C0B200285FD1002EFF
:1013700063D1DFF8A0A1654F9AF848309AF80C20A5
:1013800007F1030B23EA02038AF8483017F8018FAC
:10139000B8F1000F2FD15F45F8D194F826014FF036
:1013A0000001D9F8583000F001009847002E66D1AE
:1013B00004200FF0E9F894F8263103F00303032B1F
:1013C00009D1534BDB6D9847FEF708F9514B93F861
:1013D0009830034251D10025FEF72CF9484BD3F841
:1013E000B03023B1B5FA85F130464909984728460F
:1013F00003B0BDE8F08F40464646FEF777FC054651
:101400000028C8D094F826014FF00001D9F85830D0
:1014100000F00100984702F0C9FF08BB60E7F7F74A
:1014200099F8D9F878309847C0B200289FD04FF08B
:101430000000F7F79FF8002E9BD02846FEF756FCD9
:1014400094F82621D9F8583005464FF0000102F0F3
:101450000100984702F0AAFF00283FF441AFBDB158
:101460000BF072FE042840D0254BD3F8B030002B8F
:10147000BDD0002130469847B9E72D25AEE702F0F0
:1014800095FF00283FF42CAF94F88E319B0617D4BB
:1014900002F05CFB204921480EF0CAFF88E70525D1
:1014A000284603B0BDE8F08F93F84820324383F814
:1014B0004820FEF71FF902F079FF0028E8D10FE776
:1014C0009AF80C6007230021F6438AF848301E4042
:1014D0003046FEF70FF9DBE7FFF78CFED9F848300E
:1014E00001210F48FF25984781E700200BF032FECD
:1014F000BAE7FF257BE700BFAC1C012014160120D2
:1015000068070120601C0120CDCCCC3DA51701202F
:1015100098080120241C0120B01C0120FC06012099
:10152000641C0120704700BF054BB7EE000ADFEDD9
:10153000057A1B8913F0020F07FE800A704700BF6F
:10154000241C012000000000024B93ED110AB8EEAC
:10155000C00A7047241C0120034BD3F8D43093ED0C
:10156000040AB8EEC00A704784060120094BA3FBA9
:101570000023DB0803EB8303A0EB430080B20328C6
:1015800005D8054B03EB800393ED0F0A70479FEDE1
:10159000030A7047CDCCCCCC8406012000000000AB
:1015A000054BF7EE007A1B7D00EE103AB8EE400ACC
:1015B00030EE270A704700BF84060120034B93F8E2
:1015C000C43000EE103AB8EE400A7047840601209D
:1015D000094BA3FB0023DB0803EB8303A0EB4300D1
:1015E00080B2032805D8054B03EB800393ED310A45
:1015F00070479FED030A7047CDCCCCCC8406012008
:1016000000000000044B93F81D3103F0010300EECD
:10161000103AB8EE400A70471416012030B5164C47
:10162000002885B0A4FB002314BF4FF0000C4FF03E
:101630000A0CDB0803EB8303A0EB43039BB25D1EA4
:10164000022D03D99FED0D0A05B030BD0C4A694645
:101650000244D01AA0EB0C00A4FB0040C0F307101A
:1016600009F032FD0028EDD004AB03EB850515ED44
:10167000040A05B030BD00BFCDCCCCCC00000000CA
:101680009CEBFFFF0E4BA3FB0023DB0803EB830364
:10169000A0EB430010B584B284B0032C03D99FEDB6
:1016A000090A04B010BD69460A2009F00DFD0028A2
:1016B000F5D004AB03EB840414ED050A04B010BDAF
:1016C000CDCCCCCC000000000E4BA3FB0023DB08EC
:1016D00003EB8303A0EB430010B584B284B0032C6A
:1016E00003D99FED090A04B010BD6946092009F02D
:1016F000EBFC0028F5D004AB03EB840414ED050AE1
:1017000004B010BDCDCCCCCC000000002A4BA3FB14
:101710000023DB0803EB8303A0EB4300F0B584B2A6
:1017200085B0651E022D1ED8244E254F96F82A003E
:101730003B7D834213D106EB8406224B05EBC502A9
:10174000D6ED0A7A03EB8202F8EEE77A92ED0C7A94
:1017500087EE870A07EB8505D5ED027A29E0694611
:1017600009F0B2FC60B99FED180A164B93F81C31D2
:10177000DB0703D5DFED157A20EE270A05B0F0BDB3
:10178000104B05EBC50206EB840496F82A1003EB18
:101790008202D4ED0A7A92ED0C7A3A7DF8EEE77A7D
:1017A000914287EE870AD5D004AA02EB850555ED54
:1017B000047A30EE670AD9E7CDCCCCCC241C0120CA
:1017C0008406012014160120000000003333CB41B1
:1017D00010B50446F6F704FD094BA3FB0423DB0810
:1017E00003EB8303A4EB4304A4B2032C04D800EB63
:1017F000840010ED010A10BD9FED020A10BD00BF6C
:10180000CDCCCCCC00000000184BA3FB0023DB08A0
:1018100003EB8303A0EB430080B2022810B52DED4B
:10182000028B0DD99FED120A124C94F81C31DB0784
:1018300003D5DFED117A20EE270ABDEC028B10BD37
:101840000E4A00EBC0030B4C002102EB800204EBBC
:101850008303D2ED237A93ED0C7AF8EEE77A87EEE4
:10186000878AF6F7D7FC38EE400ADEE7CDCCCCCC41
:1018700000000000141601203333CB41241C01204A
:10188000431E41F2C3329BB2934210B50C461BD9A2
:1018900000231B4941F2DF5C23600A4616236045A2
:1018A00003F1FF330BD3B2F8AAC0844507D301EB91
:1018B000C3035B689847012084ED000A10BD083A15
:1018C000E3B1B2F8A8C0EAE700231E280B6010D9E4
:1018D00000210C4B1B6813B90EE0DB6863B11A687A
:1018E0008A42FAD19A888242F7D19B68012023600C
:1018F00010BD054B1968ECE7012010BD184610BD5E
:10190000E03E0060280F012008040120431E41F240
:10191000C3329BB2934201D9002070471E282DE9A3
:10192000F04106462DED028BB0EE408A17D9002516
:10193000DFF87480D8F800703C461FB912E0E36805
:1019400083B11C462368AB42F9D1A388B342F6D1D8
:1019500084ED028A0120BDEC028BBDE8F081114BC1
:101960001D68E5E7B5EE408AF1EE10FA0BD01020C5
:1019700015F03EFF38B1002386800560C3606FB16B
:10198000E0600446E4E7B5EE408ABDEC028BF1EE80
:1019900010FA0CBF01200020BDE8F0810446C8F811
:1019A0000000D5E708040120280F012010B50346E8
:1019B0002DED028B3D2800F2EE81DFE810F0C8012A
:1019C000C501C300B900AE00AB00A600A1009C0099
:1019D000970092008D00880077006E000B010401D3
:1019E000FC003E004400B901BF01B101F400EE006B
:1019F000E900E200230144001C0118011201660005
:101A000066006600660066006600660066006600A6
:101A1000490049004900490049004900490049007E
:101A200049002A01A3018301710169016101520189
:101A300043013201DA00D400C9000020F6F786FD28
:101A40004378012B2DD09FEDA60ABDEC028B10BD73
:101A5000A0F12902022A1CD8A24902EBC202A24C20
:101A600001EB800104EB820351ED067A93ED0C7AD1
:101A7000F8EEE77A87EE870A94F81C31D807E4D5A8
:101A8000DFED9A7A20EE270ADFE72038022840F2BD
:101A90006C819FED930A944CEEE7954BDB79002B1C
:101AA000D1D0B7EE000ABDEC028B10BD904B1A7D71
:101AB00002EB820119294FEA4103C8BF02F12D034D
:101AC00003F5077300EE103AB8EEC00ABDE7884B85
:101AD0009B78022BB7D1E4E7854B9B78002BE0D0B5
:101AE000B1E7834B9B78012BADD1DAE7804B1B79B3
:101AF000002BD6D1A7E77E4B1B79002BA3D1D0E7D3
:101B00007B4BDB78002BCCD19DE7794BDB78002B2E
:101B100099D1C6E79FED770A97E7754B9B7903EB61
:101B200083035B00AA3307EE903AB8EEE70A8CE72E
:101B30006F4B1B8803EB83035B0007EE903AB8EE14
:101B4000E70A82E76A4B93ED210AB8EEC00A7CE708
:101B5000694B5B6B002B00F09880984700EE100AF1
:101B6000BBEECB0A71E7654B93ED060AB8EE400A6F
:101B70006BE75C4B93F8483000EE103AB8EE400A41
:101B800063E75B4B93F82C30002B7FF45CAF88E766
:101B9000574B5B7EDA0784D455E7554B5B7E99073C
:101BA0003FF57FAF4FE70020F6F7D0FC03789807AA
:101BB0003FF577AF47E70020F6F7C8FC4378002BE6
:101BC0003FF46FAF3FE74A4B93F82E30012B7FF481
:101BD0003AAF66E7464B93F82E30002B3FF461AFE7
:101BE00031E70020F6F7B2FC90ED020A2DE7404BFA
:101BF00093ED1C0A29E73E4B93F82D309C073FF5E7
:101C000022AF4EE73A4B93F82D30DB073FF51BAF81
:101C100047E7374BD3F8D43093ED040AB8EEC00A47
:101C200013E7304A137B3BB92F4B93F88E3113F0F7
:101C3000220F3FF408AF072392F8482093437FF424
:101C400002AF2EE72C4B93F80B2292071DD5D3F849
:101C50001831D3B10120984707EE900AB8EE670A11
:101C6000F3E6254B93F80B22D1070ED5D3F81831A4
:101C70005BB10220984707EE900AB8EE670AE4E6E7
:101C80001D4B93F90A22002A64DBBFEE000ADCE652
:101C90001B4B1B68013300EE103AB8EE400AD4E645
:101CA000134BD3F8D420D3F8880013699842ECD0B2
:101CB000124BDB699847B0F9083000EE103AB8EEE5
:101CC000C00AC2E60A4BD3F8D420D3F88830126990
:101CD0009342DAD007EE903AB8EEE70AB5E600BFD5
:101CE00000000000241C0120141601203333CB41D6
:101CF000840601200000C8439808012068070120DD
:101D00000CED0020254A264BD2F8D420DB6910695F
:101D10009847B0F9083000EE103AB8EEC00A94E6E1
:101D20000020F6F713FC0378DC073FF5BAAE8AE62D
:101D30001A4B5B79002B7FF4B4AE84E6174B5B79CA
:101D4000002B7FF480AEACE69FED160A7DE69FED9A
:101D5000160A7AE6D3F81831002B96D0002098475F
:101D600007EE900AB8EE670A6FE6104900EBC00272
:101D70000F4C01EB8303002104EB8202D3ED037AC5
:101D800092ED0C7AF8EEE77A87EE878AF6F742FA58
:101D900038EE400A70E69FED070A56E684060120F9
:101DA00068070120C0027E48CDCC8C3F241C012056
:101DB000141601200000C07FF8B510F8013B0D4655
:101DC0002F4F002B58D00024394600E08BB1202B38
:101DD000A3F141060A4608D9192E04F1010498BF5F
:101DE00043F0200302F8013B11461F2C10F8013B81
:101DF000ECD100230B703B785F2B08BF7B78B3FAE4
:101E000083F35B09D3B900232B603B785F2B17D09A
:101E10001C4B1E681C4B1C6884B1194F01E0A46A5E
:101E200064B12368B342FAD13946201D16F0B6FBDF
:101E30000028F4D1636A01202B60F8BD0020F8BDB2
:101E4000124E3E2412490E4F02E0BCB1D6F8DC120D
:101E50003846013C0C3E16F0A1FB0028F5D104EBFE
:101E600044040C4B03EB840393F8B400FFF79EFD8E
:101E7000012085ED000AF8BD3946BAE72646C9E7D4
:101E8000A80C012008040120240F0120903F0060CD
:101E9000C47C0020E03E0060F8B52DED028B10F808
:101EA000013BB0EE408A3A4E002B57D00021344619
:101EB00000E08BB1202BA3F14105224608D9192D52
:101EC00001F1010198BF43F0200302F8013B1446E1
:101ED0001F2910F8013BECD10023237033785F2BCE
:101EE00024D0FBB12B4B1E682B4D2C68002C40D00E
:101EF000274F02E0A56A85B12C462368B342F9D189
:101F0000201D394616F04AFB0028F3D184ED098ADA
:101F100004F12400BDEC028BF8BD2C2015F068FC08
:101F20000746E8B90020BDEC028BF8BD7378002BA2
:101F3000F8D01A4D3E241A49154E01E0D5F8DC12AE
:101F4000013C30460C3D16F029FB1CB10028F5D1B0
:101F50000446DDE70028FBD00026C5E73446BBE792
:101F60000B49381D16F084FC3E60BD62A7623C46FA
:101F7000CCE72C2015F03CFC04460028D2D00449C4
:101F8000201D16F075FC002326602C60A362BDE7BF
:101F9000A80C012008040120240F0120903F0060BC
:101FA000C47C0020C3B2013B2DE9F043044685B058
:101FB000052B29D8DFE803F03C4E5C819E323B07BD
:101FC00040F1578103A91320FFF75AFC002800F0C5
:101FD00008813388307B1D440628A5EB0805ADB287
:101FE00000F05581DDED037AFCEEE77A17EE900AFA
:101FF00000F0B4FA0146284609F0D8FC054600284E
:1020000000F0EF80FF280FD1A44B1B68002B00F0DD
:102010009780204605B0BDE8F0431847A04A002548
:10202000D37F43F00803D377284605B0BDE8F0839B
:10203000F6F7D8FA8603C0F307477CD502A911202A
:10204000FFF71EFC002840F0AE802725284605B08B
:10205000BDE8F083F6F7C6FAC0F3074000F00600CB
:10206000062868D18F4CA369002B6BD12625DBE7AE
:10207000F6F7B8FAC50604465DD5042002A9FFF7B5
:10208000FFFB0028E1D0A003C4F3074540F1BE8068
:1020900003A91120FFF7F4FB0028D6D0DDED027A6A
:1020A0009DED030AFCEEE77A17EE903A98B2FFF73F
:1020B0002DFC0028C9D00025B6E70BF045F8002517
:1020C00003467948AB4293FAA3F3B3FA83F308BF0C
:1020D0004FF0FF33013300EE103AB8EEC00AFFF7BD
:1020E000DBFEB7EE000A7148FFF7D6FE284605B0C2
:1020F000BDE8F083F6F776FA81031CD503A9112019
:10210000FFF7BEFB0028A0D0694BDDED037AD3F8C2
:102110001C31002B00F09280FCEEE77ACDED017AC5
:102120009DF80400984700288FD04FF480200025A8
:102130000EF02AFA78E71C25284605B0BDE8F083A2
:10214000FF2571E702A91120FFF79AFB00288DD027
:1021500003A91220FFF794FB002887D0DDED027A57
:10216000E369FDEEE77A17EE900A98474268002A85
:102170003FF47CAFDDED037AFCEEE77ACDED017A3A
:102180009DF80430022B3FF671AF02EB8302464804
:10219000002592ED000AFFF77FFEB7EE000A4348E4
:1021A000FFF77AFE40E7DDED027A0021FCEEE77AE8
:1021B00017EE903A9DB2284609F056F906460028D7
:1021C0003FF443AF037BB0F80080062BA5EB080972
:1021D0003FF4F5AE09F0B8FA002841D03A073FF5D0
:1021E000F1AE337B062B44D04946304608F082FEE0
:1021F00000EE100A2C480025B8EE400AFFF74CFE0E
:10220000B7EE000A2948FFF747FE0DE7DDED027A39
:1022100003A9FCEEE77A17EE903A98B2FFF730FB8D
:1022200000283FF412AF15F008050ED002A91320C4
:10223000FFF726FB00283FF408AF2FE7F5EE407AC2
:10224000F1EE10FA3FF471AFFFE69DED030A164878
:10225000FFF722FEB7EE000A1448FFF71DFEE3E683
:10226000304609F069FA0028B8D1337B062B7FF499
:1022700022AF4946304608F069FE0B48FFF70CFED6
:10228000B7EE000A09480025FFF706FECCE69DEDF3
:10229000030A00F089F90146ADE600BF000D0120F8
:1022A000241C01206807012098790020A0790020D3
:1022B00098080120F8B51B4B164607460D461B68CB
:1022C0005A1C2DED028BB0EE408A21D003EB430364
:1022D000154C9B0003F1080223449B681444DBB1B6
:1022E000206878B13946502210F092FE28682368A1
:1022F0006968AA68186559659A65206880ED128A30
:1023000080F84C600038BDEC028B18BF0120F8BD8E
:10231000064C2368002BE3D15C2015F069FA20609D
:10232000DFE700BF0CED00200C040120400C012071
:102330000B4B1B685A1C10B50ED003EB4303094C22
:102340009B0003F1080123440C44986818B115F070
:1023500057FA0023236010BD034C2068F6E700BF46
:102360000CED00200C040120400C0120064B1B68E2
:102370005A1C06D0054A03EB430302EB830398681B
:102380007047034B186870470CED00200C040120C7
:10239000400C01200B4902460B68082BD4BF0120DA
:1023A00000200DDC013310B40B6003EB430306493E
:1023B000064C01EB830322605A605DF8044B7047C2
:1023C000704700BF0CED00200C0401200804012020
:1023D0002DE9F0473B4E3468002C3FDB3A4F3D6817
:1023E000EDB1DFF8E8A0DAF80080B8F1000F07D00F
:1023F000404603689D4245D08046C0680028F8D119
:10240000DFF8CCA0DAF80080B8F1000F07D0404622
:1024100003689D4228D08046806A0028F8D1DFF802
:10242000B48004EB4403650008EB8303986850B163
:1024300090F84C30002B3BD1254415F0E1F90023F6
:1024400008EB8505AB60013C002C34600ADB04EB33
:10245000440308EB8308D8F804303B60E043C00F26
:10246000BDE8F0870023F8E7DAF80030D0F82890CC
:10247000834215D0C8F8289015F0C2F948460028C4
:10248000C6D1CCE7DAF80030D0F80C9083420BD0FC
:10249000C8F80C9015F0B4F948460028A9D1AFE768
:1024A000C846CAF80090E7E7C846CAF80090F1E7C6
:1024B000F6F79EF8346804EB4403650008EB8303E9
:1024C0009868B9E70CED002008040120280F0120CE
:1024D000240F01200C040120014B186801307047C3
:1024E0000CED0020034B93F81C0100F001000330B9
:1024F000704700BF14160120114B1A7810B54AB965
:10250000104A01241049D2F820011C700F4B0860BA
:10251000C2F820310E4B1B685A1C0ED003EB43034C
:102520000C4C9B0003F1080123440C44986818B13B
:1025300015F066F90023236010BD074C2068F6E70C
:102540009B21012068070120000D012031BD000002
:102550000CED00200C040120400C0120104B002247
:102560009A7320B93022184600F80D2F70470146A3
:1025700003F10E0010B40B4CA4FB01328C46D208C0
:10258000BCF1090F02EB8203A1EB4303114603F1F7
:10259000300300F8013DEFD85DF8044B704700BFF1
:1025A000C0030120CDCCCCCCB5EEC00A434B0022F9
:1025B00070B5F1EE10FA2DED028B9A7348BFF1EE73
:1025C000407A3F4B58BFF0EE407AB0EE408A03EBC2
:1025D000800393ED007A77EE877ABCEEE77A17EE08
:1025E000104A002850D0B8EE477A012877EEC77A13
:1025F0005FD003469FED337A023B67EE877A012B6B
:10260000FAD8C30755D4FCEEE77A421E2E4DD2B25B
:1026100017EE903AA3B12D4EA6FB0310013A9C464B
:10262000C008D2B200EB8001FF2AA3EB41010346B0
:1026300001F1300105F8011D27D0BCF1090FEBD8DD
:10264000D343302101321D44284615F087FC2E2348
:1026500005F8013CF4B1681E1C4DA5FB043221466F
:10266000D208092902EB8203A4EB4303144603F1C9
:10267000300300F8013DF0D8B5EEC08AF1EE10FA53
:1026800011D4BDEC028B70BD0F4D2E2305F8013C1B
:10269000002CE0D1B5EEC08A3023A81E05F8023C1C
:1026A000F1EE10FAEDD501382D230370BDEC028B4D
:1026B00070BDB2EE047A67EE877AA4E7C00301200A
:1026C0006C7900200000C842CE030120CDCCCCCCD8
:1026D00010B52E21044616F035F978B1204616F0D3
:1026E00069FE431EE25C2344302A05D1002103F831
:1026F00001191A78302AFAD02E2A01D0204610BDAE
:10270000002220461A7010BD0B68F0B5C418C35CD7
:102710002D2B41D02B2B39D004F1010C002B39D0BB
:1027200000261E4F34463546B64610E024BB53EA19
:10273000050625D00EF1010E042B88BFBEF1090F4E
:1027400001D8BD421CD901261CF8013B5BB1303BCE
:10275000092BEBD913F1020F84F0010414BF0023FD
:1027600001231C40F0D1AEB1ACEB000C1560002091
:102770000CF1FF330B60F0BD002BDDD01720F0BD56
:1027800005EB8505012603EB4505DDE704F1020CA9
:102790006378C3E70220F0BD0420F0BD9999991930
:1027A0000B682DE9F0410746184417F80380B8F18B
:1027B0002B0F52D0B8F12D0F4FD000F1010E434630
:1027C000002B59D0002004468446064605460FE0FB
:1027D00053EA0C0018BF0136092E42D804B1013D5E
:1027E0000CEB8C0C012003EB4C0C1EF8013B5BB195
:1027F000303B092BECD913F1020F84F0010414BF14
:10280000002301231C40F0D128B307EE90CAF8EE54
:10281000677AF5EE407AF1EE10FA11D06E1C06DA06
:102820009FED167A023567EE877A6C1CFADB6B1C1B
:102830001DD02DB1B2EE047A013D67EE877AFBD14F
:10284000B8F12D0FAEEB070308BFF1EE677A013B3D
:10285000C2ED007A0B60BDE8F08100F1020E437812
:10286000AEE714B901350120BFE72046BDE79FED73
:10287000047A67EE877AE3E71846ECE70AD7233C49
:10288000CDCCCC3DB4EE400AF1EE10FA0FD6F6EE08
:10289000C07A30EE670ADFED077AB0EEC00AB4EE18
:1028A000E70AF1EE10FA4CBF01200020704700202B
:1028B000704700BF6F12833AF3EE047A70B520EED2
:1028C000270ABAFE400AFCEEC07A17EE904A64B1BD
:1028D00005460D4E65B901F069FD03460021322021
:1028E00053B1F36B9847013CF4D10123184670BDF6
:1028F00001F0B6FA034608B9184670BD0AF014FC98
:1029000080F00103DBB2E9E79808012000B59FEDF4
:102910001C0A83B000F10C0373ED017AF5EE407AE6
:10292000F1EE10FA18BFA7EEA70A8342F4D1B5EE74
:10293000400AF1EE10FA1CD4F1EEC05AD0ED026A52
:1029400090ED017AD0ED007AB7EE005AB0EE650A4C
:1029500085EE256A66EE866A27EE067A67EE867A47
:10296000C0ED026A80ED017AC0ED007A03B05DF837
:1029700004FB019011F0A6FF0198F0EE405ADDE74C
:102980000000000000214FF0FF3370B50A46494DAA
:102990008C46494C494EA961C5E90033C5E902336B
:1029A000C5E90433C5E9071110F8013BE15C4907AB
:1029B00017D502EB8202A3F1300101EB4202002B9A
:1029C000F2D1D5E90413D5E902020B431343D5E94B
:1029D0000021034337480B431343002BD8BF00208B
:1029E00070BD2D2B40D03A2B3ED0542B18BF5A2B04
:1029F00001D0002BE5D10CF1FF3104290BD8DFE821
:102A000001F01F102D270300002B18BF5A2B02D1F5
:102A10003B2A98BF2A600CF1010C0022002BC3D185
:102A2000CFE7542BF7D1002AF5D0296921EAE17EBE
:102A3000012916F80EE033D09645ECD3EA60EAE7B8
:102A40002D2B02F1FF32E6D10B2AE4D82A61E2E70E
:102A50003A2BE0D13B2ADED86A60DCE73A2BDAD1A8
:102A6000172AD8D8AA60D6E7BCF1050FD3D801A1A0
:102A700051F82CF019C80000CDC70000AFC7000006
:102A8000E9C70000DDC7000095C70000A2F2B271DF
:102A90008129C0D82D2BBED1A2F26C726A61BAE72F
:102AA00069696429C8D0890708BF0EF1010E9645EF
:102AB000B1D3C3E7FC040120F10900207842006093
:102AC00030B10022431E01321840FBD1104670473E
:102AD00002461046704700BF704700BF014B1B689D
:102AE000185C70476CF2002010B410B90F4B012233
:102AF0005A700F4C23783BB10E4A2370126802447F
:102B000011705DF8044B70470A4B1B6813F800C046
:102B10001A18B0FA80F311705B098C4518BF43F0A6
:102B2000010323705DF8044B704700BFC4170120F8
:102B3000942101206CF200202DE9F041DFF88CE0B7
:102B400004460D461646BEF8BCC11F46BCF1000F38
:102B500004D0BEF8BEE1F4448C452FD3BFB99EB17A
:102B60003846DFF86C80D8F8002005F1FF3E731E70
:102B700004F1FF3C964423441EF8014F0CF8014F2A
:102B80006345F9D1354477B90120BDE8F081DFF81C
:102B900040803146D8F800002844F5F711F8002E9F
:102BA000E1D1D8F800205119535D4A7843EA022355
:102BB000181AB0FA80F04009BDE8F081024C246A8E
:102BC000A446BDE8F0416047A40D0120980801200B
:102BD0006CF200202DE9F047604FFC69002C00F0FA
:102BE00097805F4E737843B100235E4A18461168A0
:102BF0000122A04780F001007070B3785BB1594AA0
:102C00000023FC69012011684FF4D9720131A047FB
:102C100080F00100B070F37863B1524A0023FC6980
:102C200040F2B7301168482201F2B731A04780F076
:102C30000100F070727932B302244FF00109DFF81D
:102C400024812346013B22FA03F1C80714D509FA6F
:102C500003F103EBC300FD69CB43C000D8F80010BB
:102C60001A4000F226305FFA83FA002372710144A1
:102C70004822A84700286BD1012C4FF0010402D054
:102C800072792346DEE7F18829B34FF42A790C24C0
:102C9000DFF8D08000E0F188E14000230E224846B2
:102CA000C9070BD5D8F80010FD694944A84701238E
:102CB00020B1F288A34022EA0303F380013CA9F18A
:102CC0000E09631CE7D133793BB9F388C3B1012303
:102CD0003370BDE8F087337993B1234BB3F8BE214D
:102CE000002A33D01F49B3F8BC0100230968FC69EE
:102CF0000144A047F38880F001003071002BE6D139
:102D0000B378002BE3D1B388002BE0D1F378DFE771
:102D1000BB6A002BDDD0134D04242868984730B9D6
:102D2000013C0AD0BB6A286898470028F8D00C4BB1
:102D30000022C3E90022BDE8F08702210B4803F01E
:102D40002BFF074B0022C3E90022F4E73271BCE7F6
:102D500073790AEA030373718EE700BFA40D0120A3
:102D6000C41701206CF2002098080120807D00200B
:102D70002DE9F04F8A4D85B006468846B5F8BC412E
:102D80001F4601922CB1B5F8BE512C448442C0F0CC
:102D9000BF80002F6ED1DFF818B2019B8BF8007056
:102DA000002B00F0D78002977E4B4546019A4FF0EA
:102DB000010A1B68B118DFF8FC9103EB060E0393C0
:102DC00032460023B2FA82F015F8014B0AB989F8AD
:102DD00001A00132400933B99EF800C0A4450CBFE0
:102DE000034640F0010391420EF8014BEAD1019AEB
:102DF0008BF800309044002F78D199F801305BB9FE
:102E0000674BD3F8B831434506D09BF8003033B94F
:102E1000012005B0BDE8F08F01238BF80030624B34
:102E20001B78002BF4D05E4B0122B3F8BC3189F83B
:102E30000020002B40F089805C4804E0CBB230F8E1
:102E40002320002AE4D0B24203F10101F6D100EBC5
:102E500083029B009278042ADAD801A151F822F06B
:102E600007CD00009DCB0000F3CC00000FCD00008B
:102E7000EBCC0000019C4046DFF834B12146F4F76A
:102E80009FFE002302908BF80030002C8CD1454B24
:102E90009DF808401B680393002E7CD1DFF8149145
:102EA0000123314689F80130029B039FC3F30720B9
:102EB000B1FA81F37D5C5B097C54A5420CBF1A46D4
:102EC00043F001024B1C8BF8002002D1012189F84C
:102ED0000110002A31D1B3FA83F703997F09CA5C44
:102EE0000B44824218BF47F001072AE09DF80840D2
:102EF000A9B9012289F80120002BD5D0039B1C70B1
:102F0000029BC3F307201346039A1A44134618E0A2
:102F1000254CE469A44605B0BDE8F04F6047002B9E
:102F2000C2D0039B01225C54029B8BF80020C3F3A8
:102F300007208B18E8D189F80120039A01271A4449
:102F4000134618708BF8007057E7B34205D889F81C
:102F500004205DE7DFF85C904FE700236CE7012376
:102F600089F8033054E718440123B9F80620C178E2
:102F70008B401343A9F806304AE7012389F8023051
:102F800046E71844012399F80520C1788B40134384
:102F900089F805303CE73146DFF8189084E700BF38
:102FA000980801206CF20020A40D0120B0E0002060
:102FB00094210120C417012070B5134D2C681CB159
:102FC000201E18BF012070BD104BD3F8B461B6F5B8
:102FD000006F11D9B6F5805F28BF4FF480566E6040
:102FE000304614F005FC044628600028E8D032463C
:102FF000FF2114F0B3FFE3E76E68B6F5806FEFD200
:10300000201E18BF012070BD6CF20020980801201E
:1030100010B5074C206848B1064B1B7813B1FFF779
:10302000D9FD2068BDE8104014F0EABB10BD00BF18
:103030006CF20020C41701202DE9F041424C434DB1
:10304000D4F8B0312F68013B43F003030133C4F8D7
:10305000B031002F72D03E4E04F5D67EB446BEE8A5
:103060000F00ACE80F00BEE80F0096F80080ACE857
:103070000F00B8F1030F9EE807008CE8070053D05B
:10308000B8F1000F2DD10423324A84F8AC31324B11
:10309000C4E97023314A324BC4E97488C4E972230D
:1030A000304B187808F06AF83378032B41D0F76971
:1030B00047B10023B4F8BE212968184602F58062A2
:1030C000B84733781BB1284B07209B68984728687E
:1030D0000022264B801AC3E9002218BF0120BDE858
:1030E000F081B4F8BE2100233846376A02F58062C9
:1030F0001946B8473278042384F8AC31154BC4F82C
:10310000C031154BC4F8C431144BC4F8C831144B4A
:10311000C4F8CC310023C4E97433002AC0D0286835
:103120000378172BBCD1D3E7736A384698473278B7
:10313000E1E7B36A286898473378C3E70C490D483C
:10314000F9F7EAFD2868C3E7980801206CF200202F
:10315000A40D012069C8000075C80000FDCA000068
:10316000C5C800007087002068070120C41701202F
:10317000607D002081090100024B1B780BB1FFF735
:1031800029BD7047C4170120054B064A93F8AC01CE
:1031900003F5D67304280CBF10461846704700BFCD
:1031A00098080120A40D0120064A136851680133D4
:1031B00003F00F03994203D0116813600A441072A0
:1031C000704700BF74050120064A53681168994290
:1031D00006D0591C134401F00F01187A5160704752
:1031E0000020704774050120064A136851680133B6
:1031F00003F00F03994203D0116813600A44107260
:10320000704700BFD0170120064A536811689942E1
:1032100006D0591C134401F00F01187A5160704711
:1032200000207047D0170120064A13685168013307
:1032300003F00F03994203D0116813600A4410721F
:10324000704700BF8C040120064A536811689942F8
:1032500006D0591C134401F00F01187A51607047D1
:10326000002070478C040120002305480549064AC8
:10327000436003604B600B6053601360704700BF96
:103280008C040120D0170120740501202DE9F0479E
:10329000DFF81CA1444FDAF800103A68CE6DB24254
:1032A00044D0D6ED0C7AD6ED0D6A77EEA77A96ED7E
:1032B0000B7AF46D67EEA67AB4EEE77AF1EE10FAC7
:1032C00058BFB0EE677AA24286ED0A7A61D0DFF885
:1032D000DC901FE094ED0B7AD4ED0A7A3A68F4EEB4
:1032E000477AF1EE10FA11D0D4ED0C6AD6ED0A7AD5
:1032F00076EEA66A94ED0D6AE6EE867AB4EEE77A8B
:10330000F1EE10FA77FE877AC4ED0A7AAA422646D1
:103310002C460DD0E56DD9F80030AB42DAD1002053
:103320000AF0F0FED6E708B1C7F80080BDE8F087E4
:10333000DAF80010136E8B42F8D0D2ED0A7A002032
:103340001DE0D2ED0C6A92ED0D6A76EEA66AE6EE0D
:10335000867AB4EEE77AF1EE10FA17DD984601208E
:10336000C3ED0A7A93ED0B7A1A46B4EE677AF1EE62
:1033700010FA01D1984601201B6E8B42D3D093EDF9
:103380000A7AB4EEE77AF1EE10FADADCF0EE477A78
:10339000E8E7064B1B689342CCD100200AF0B2FE4E
:1033A0003A68DAF80010C5E7B4030120BC03012035
:1033B000B0030120014B1868704700BFB80301201B
:1033C0002DE9F8433C4F3B68002B49D0DFF80C91C6
:1033D0003A4D3B4E2C68A4B133689C4211D04FF05B
:1033E0000008606D18B114F00BFAC4F85480A06D99
:1033F00008B1F5F7CFF82A683368146E9C422C6048
:10340000EFD1202200212F48012414F0A7FDD9F884
:1034100000C03F686422002102FB0CF207F1640344
:10342000084684450CBFB94699463A4404F1010E5A
:1034300001F16408A44500F10100744643E9022942
:103440000A4603F164034146EBD21F4A0124396E58
:103450001E4B204637602F6011601F60BDE8F88367
:103460001B4B4FF06408DFF87490DE8A354605FB8D
:103470000880C9F8005014F0BBF9282D386094BFBB
:1034800000240124002818BF002474B9AE4204D1DE
:1034900000289DD12046BDE8F8830E490E48F9F773
:1034A0003BFC38680028F5D092E7F92D8CBF6423E7
:1034B0000A23ED1ADBE700BFAC030120BC030120A7
:1034C000B0030120600E0120C80C0120B4030120CC
:1034D00014160120987D002049090100B80301203D
:1034E00038B50C4D0C4B2C681B689C4211D0606D9C
:1034F00018B114F085F900236365A06D10B1F5F7DC
:1035000049F82C68054A1368A342236E08BF13606C
:103510002B6038BDBC030120B0030120B40301209F
:10352000014B1868704700BFB0030120034A044BE9
:1035300010681B68834208BF00207047BC0301204D
:10354000B0030120054B064A1B6812681B6E9A42A5
:1035500014BF93ED0A0A9FED030A7047BC030120D4
:10356000B003012000000000044A054B10681B68EE
:10357000C01AB0FA80F04009704700BFBC030120B8
:10358000C80C0120037D590610B504462DED028BB1
:1035900027D490F94420002A23DBDA0790ED108A23
:1035A0002FD4234A94ED0F7A1269642A12D0DB06D5
:1035B00010D4B4EE487A07EE902A9FED1E6AF8EE1A
:1035C000676AF1EE10FA66EE866A48BFB0EE478A87
:1035D00028EE268AB4EE478AF1EE10FA37FE088A02
:1035E0001AE0236D012094ED108ADB6B9847124A94
:1035F000237D90ED007A82ED077ADA0728EE078ABC
:10360000CFD50B4BDFED0B6A93ED057AB8EE477A19
:1036100027EE267A28EE078AB7EE000AB4EEC08AB3
:10362000F1EE10FA38FE000ABDEC028B10BD00BFAF
:10363000241C01200AD7233C600E012070B51B4ECC
:103640001B4D3468286884422DED028B27D09FEDF6
:10365000190AB0EE408A2046FFF794FFD4ED0E7AA7
:103660002B68B4EEC80AF1EE10FACCBF28EE088A37
:1036700020EE008AB4EEE78AF1EE10FA77FE887A3F
:10368000C4ED0B7A246EA342E3D130680A4A181ABB
:1036900082ED060A18BF0120BDEC028B70BD034607
:1036A000BDEC028B181A18BF012070BDBC030120AD
:1036B000B00301209976967E600E012010B5044675
:1036C0000120236DDB6B9847124BD0ED007A93ED10
:1036D000077AB4EE677AF1EE10FA05D0C3ED077AF7
:1036E000FFF7ACFF38B910BD21460A220A48BDE8F1
:1036F0001040F9F7C1B900200AF004FD074B084A51
:103700001B681268074993420B60ECD0BDE810407B
:10371000FFF7BCBD600E012049D40000BC030120AE
:10372000B0030120B4030120C54B5C222DE9F04F0A
:103730001C680E4605460021C24F2DED028B91B04C
:10374000DFEDC18A0290204614F008FC7068B16871
:103750000DF11C0CF2680DF128093369E346E264AF
:10376000C8466064A16423657369B84A6361338B9A
:1037700003976382F369A361B37E6374736AA3657D
:10378000336A6365237D286813F0020FB04B6968C4
:1037900008BF1A46AB68E061636205F10C03216261
:1037A00003259A4607CA8CE8070001964E4697ED16
:1037B0001E8A013D3AED010A28EE000A11F08CFA4A
:1037C00056F8042D4BF8040D801A7FD007EE900AAE
:1037D00080EAE0719F4BB8EEE77AA1EBE07144F824
:1037E0002510C7EE087AE2688A4238BF0A460121EE
:1037F000002801FA05F1E2601A78B4BF0A438A434F
:103800001A70C8ED027A243FA8F10408002DCED129
:10381000904BA26C1B78019E2374002A4FD05369F1
:1038200010A9884801EB830192ED046A51ED097AF1
:1038300003EBC3019B0000EB8101F8EEE77AD1EDC9
:103840000C6A87EEA67A37EE467AB5EEC07AF1EECC
:1038500010FA40DDDFED806AD2ED005A27EE267ABD
:10386000D2ED037AC5EE876AF4EEE76AC4ED136A17
:10387000F1EE10FA03DDF0EE676AC4ED137A0299F7
:10388000194491ED007A37EE467AB5EEC07AF1EE42
:1038900010FA23DD9FED706AD2ED005A27EE067A0A
:1038A00085EE876AB4EEE76AF1EE10FA16DCF0EE08
:1038B000467A82ED016A77EEE67AC2ED027AE06836
:1038C00078B911B0BDEC028BBDE8F08F44F825004B
:1038D000C8ED028A97E7D2ED037ACCE7C2ED017A10
:1038E000E9E700230DAD4846C6E90833FFF70EF8B7
:1038F0009FED5A6A534A29462B4684ED0D0A33ED53
:10390000017AB5EE407AF1EE10FA0BD0D2ED206AD2
:10391000C6EE877AF0EEE77AF4EEC67AF1EE10FAA8
:1039200036FE276A4B45A2F12402E8D1DFED4B6A4F
:103930002B46444A84ED0C6A33ED017AB5EE407AA9
:10394000F1EE10FA0BD092ED1F6AC6EE077AF0EE98
:10395000E77AF4EEE67AF1EE10FA76FEA76A4B45C6
:10396000A2F12402E8D1237DC4ED0F6ADF0740F104
:103970008380C4ED106A3A4A1068314A1268824264
:1039800051D013F0020350D110AE9FED2F8A354A6B
:10399000334671ED017A32ED017A494577EEC76A17
:1039A000A7EE678A63ED016AF3D1DFED2F7AB4EEFB
:1039B000E78AF1EE10FA6BDD0023A3632046FFF7E0
:1039C000E1FD234B94ED0E7AD3ED067A227DB4EE21
:1039D000E70A83ED060AF1EE10FACCBF67EEA77A8C
:1039E00060EE007AF4EEC77AF1EE10FA37FE277A2D
:1039F000120784ED0B7A08D41C4C99E8070084E880
:103A0000070004AA07CA83E80700194B0C481A6884
:103A1000116E02601960FFF739FC012011B0BDEC96
:103A2000028BBDE8F08F03F002030022A262A263C2
:103A3000002BC3D0012011B0BDEC028BBDE8F08F8C
:103A4000B00301201416012000000000B01C01206A
:103A5000600E0120F0040120DB0FC9409976967EAC
:103A6000BC030120780E0120EFFF7F3F6C0E012088
:103A7000C80C0120EFFF7FBF9806D6ED007A04D571
:103A800020EE270A84ED100A75E7C4ED107A72E77C
:103A90005FED087AB4EEE78AF1EE10FA02D5274B13
:103AA000A3638BE72846DFED268AFEF72FFF039BF3
:103AB00036ED017AB5EE407AF1EE10FA0BD0D3ED87
:103AC000206AC6EE877AF0EEE77AF4EEE87AF1EE55
:103AD00010FA78FEA78AB542A3F12403E8D1B7EE25
:103AE000000AF6EE007A30EE480A20EE270AB5EE1C
:103AF000400AF1EE10FA1BD4F1EEC06A114BD3ED7F
:103B0000017A237DB7EE007A68EEA77A03F002030C
:103B100037EE667A67EEA67AC7EE876AF5EEC06A78
:103B2000F1EE10FA48BFDFED086AC4ED0E6A7FE7D8
:103B300010F0C8FEF0EE406AE0E700BF9976967E8E
:103B40009976967E1416012000000000034A044B6B
:103B500007CA83E80700FCF76DBA00BFB01C01205C
:103B6000600E01200A4A0B4B12681868824207D384
:103B70000949121A094B9210086803FB120070479A
:103B8000801A064B801003FB00F00138704700BF1D
:103B9000B0030120BC030120B8030120295C8FC2BF
:103BA00008B500200AF0AEFA064B074A1B681268F7
:103BB000064993420B6003D0BDE80840FFF766BB9F
:103BC00008BD00BFBC030120B0030120B4030120E5
:103BD0002A4BDA7F12F0010236D12DE9F04110B301
:103BE000C8281E6928BFC8200A28044638BF0A24EE
:103BF000002938D1B442586924D00D46C3E90440A5
:103C000040200CF0C1FCFFF719FDF0B91C4F7B6B95
:103C1000C3B1B44201D0002098479DB17B6B002016
:103C2000BDE8F04118471C6961B16429264628BFE8
:103C300064210529084638BF05205A69824201D00F
:103C40000125DBE7BDE8F081704700200AF05AFA51
:103C50000C4B0D4A1B6813600C4A12689342D5D076
:103C6000FFF714FBD2E7642928BF64210529084621
:103C700038BF0520B442E0D01546BFE7241C012020
:103C800068070120BC030120B4030120B003012018
:103C90002822002110B5044614F060F90B4B4FF0B8
:103CA000FF3093F89330A376F4F750FC084B627D15
:103CB00093F89930C168B3FA83F321615B0963F328
:103CC000410263F38202627510BD00BF84060120C9
:103CD000241C012070B5104DD5F8243173B1022891
:103CE000044615D0D5F814319847C0F3072313F0D4
:103CF000C00F03D195F90A32002B00DB70BDC0F371
:103D00004003201E18BF01208342F7D0D5F824318C
:103D1000BDE87040184700BF9808012038B5254B12
:103D2000D3F8D030984703B25A1C18D00A2B17D0BA
:103D30000D2B15D07F2B28D0082B26D01E4D2A689E
:103D4000002A2ED1202B07D0531C1C4C2B60A054D2
:103D500013B12378242B22D00022194B1A7038BDBE
:103D6000154D0022154C2B68E254207810B1242800
:103D70001BD00920134A002382F89200124A2370B4
:103D80002B60936898472B68E2E70B4A1368002B77
:103D9000E2D0013B094C00211360E154D8E7012235
:103DA000DBE7FF2AD0D9054CD3E720460CF0D6F943
:103DB000E0E700BF98080120840401203C0B0120AB
:103DC0009E2101208406012068070120154B1B78E5
:103DD0000BB10020704710B5044609F0B5F9A8B939
:103DE000114BDB6B1B0617D4104B93F88C203AB1A8
:103DF0001B7E2BB92378242B02D163784A2B0DD05C
:103E00002146084814F034FD012010BD09F09CF94A
:103E100040F221231842E3D1002010BDA3783D2BAE
:103E2000FAD0EDE780200120241C01208406012027
:103E300010B5094C23780BB9637803B110BDFFF7B7
:103E400075FB0028FAD0054B04F13C0002211B6CE5
:103E5000BDE81040184700BF241C0120980801202D
:103E60002DE9F8439D4C236C43B19D4F002104F193
:103E70004000BB6C9847054600284BD10026E36BF9
:103E800033B1974F00219748BB6C98470546F0B96E
:103E9000954E356D09F058F9A84794F82030DA07A7
:103EA00040F1918013F0040800F0848098074FD50A
:103EB00009F04AF910F0FC0F47D1237813B1002024
:103EC000BDE8F883607880F00100BDE8F88300F079
:103ED0002003002B14BF01220022227140F08581B3
:103EE000C60600F1A080804EEA0700F1F181EB04E4
:103EF00000F1EB81AF0400F1E581280500F1DF81DD
:103F0000690400F1D981794828400028C1D009F01E
:103F100001FBBEE7E66B06F02006002E14BF01236E
:103F20000023237140F036815FFA80F840460CF0A0
:103F3000E7FAB8F1140F05D86D4B23FA08F3DB0745
:103F400000F173810023637199E70AF0ADF9B4E7DA
:103F5000FFF77AF905460028AAD0DFF8A081604F64
:103F600098F8199008E097F81A32990700F1318112
:103F7000FFF76AF9054670B1A02D00F01B81A12D55
:103F8000F1D0B36D002BF3D0E8B29847FFF75CF99E
:103F900005460028F0D198F819305FFA89F29A4264
:103FA00086D04846F4F7E6FA736B002B80D028469B
:103FB00098477DE7FFF728F90546002840F0A080E4
:103FC00094F8203072E7FFF7FFF8C0B1D4E9045746
:103FD0009038072806D8DFE800F015171E1C2004CB
:103FE00024226427092D12D9C82D28BFC825FFF720
:103FF000EBF80028ECD139462846FFF7E9FD94F8A4
:1040000020304FE76425F2E70A35092DECD80A2560
:10401000EDE70135E6E70A3DE4E7013DE2E7192770
:10402000E0E73227DEE70122A37284F820306270D5
:104030002289DFF8C88063F34512E37F58062281A6
:1040400044BFB8F82C30E383002388F89030D7F8C9
:10405000A83198472389D905C3F3002007D4D7F89E
:10406000E03023B1984710B1D7F8D830984723896A
:10407000E2796FF308232381002A00F03E8109F0E2
:1040800059FE0346E079E3700CF03AFA164E00232D
:10409000E3710120F4F768F9FFF792F909F0BAFF2C
:1040A000FFF754FD134914480CF0C2F9F4F752FA23
:1040B0004FF00000F4F75EFAFFF7D6F809F044F885
:1040C000012800F04781FB6E9847C0F3C0008001D3
:1040D00009F040F8F3681620984705E7241C0120F2
:1040E00098080120601C012068070120EE87FFFF6F
:1040F00006041200B01C0120FC06012084060120E9
:104100004FF0FF30F4F722FAD0F80C90D9F80430D1
:10411000DF68A5F19903052B00F23781DFE803F092
:10412000033634382F276427FFF76EF8054600283A
:10413000EFD13946484608F0A3FAB8F1000F3FF432
:104140003FAF09F001F810287FF43AAF4FF0FF308D
:10415000F4F7FCF90378DF077FF532AF227F002AFE
:1041600040F00A81022294F8203022779EE688F0FF
:104170000108092F06D9C82F28BFC827D4E7013F57
:10418000092FF8D80A27CFE70A3FF2E70A37F0E706
:104190000137EEE75FFA85F8012608F09BFC7B6F9C
:1041A0004FF00000984740460CF0AAF9D7F8A83124
:1041B0009847BEE697F81A32DA077FF5D9AE08F0CD
:1041C000C3FF002840F0BF806FEA090363F30009D2
:1041D000CEE608F0B9FF002840F0AE8089F0020377
:1041E000C3F3400363F34109C2E6002E00F0B98037
:1041F000FB6E984700F04005002D0CBF0123002303
:1042000023706AD0D7F8D43098470A200CF078F998
:10421000614B0C20DB68984716B9D7F8A83198474E
:10422000207880F00100BDE8F8834FF001092946AD
:10423000BB6C5A4884F805909847B8F10A0F00F013
:104240009680B8F1110F72D1534E1020F368984741
:104250000023534ADFF850811370524A1360D7F895
:10426000D43098477B6C20214F48984710E0E36B8F
:1042700001214046DA0705D57B6C9847D7F8C40082
:1042800003F04EFEFFF74AFD336D4FF48070984700
:10429000E36B03F02003002B14BF012300232370E2
:1042A000E5D0FB6E984710F4A075E0D1BB6C2946B1
:1042B0003A489847284603E6F9F712F823E605F04E
:1042C0003DF91DE602F0DEFD17E602F0BFFF11E644
:1042D000D7F8C40003F024FE09E6FB6E9847C30537
:1042E0009AD5D7F8D4302570984711200CF008F9EA
:1042F000294B1020DB6898478EE7274E09F01AFDFE
:1043000000283FF4C6AE802009F004F909F0CCFF84
:10431000D6F8508008F018FFC04709F00BFD0028C0
:10432000F4D10146BB6C204898470543B1E61A4ECC
:104330004846F36898478BE708F006FF10F0180F1F
:104340007FF44CAF14E608F0FFFE10F0180F7FF476
:104350003BAF0DE694F880300B3B022B7FF6C4ADEB
:10436000B1E608F0B7FB7B6F3046984740E70A4E4E
:104370000C20F36898476BE7D5077FF521AE42F034
:10438000040294F82030227790E5B36D002B3FF4BF
:10439000F0AEE8B29847ECE668070120641C012003
:1043A0003C0B012084040120601C01202DE9F04118
:1043B000FFF756FD304C48B9237823B9607880F078
:1043C0000100BDE8F0810020BDE8F08108F0BCFEEE
:1043D000A37805468BB95DB9284B1B78002BEBD031
:1043E000274B93F88C30002BE6D1FEF7C5FEE3E7B0
:1043F00040F201131D42EFD1DEE780280CBF0123FC
:10440000002363710BD100231E491F4A1F480B7004
:10441000D2F8D42003609047A378002BCCD01A4F59
:10442000DFF870801A4E08E096F81C311B071CD488
:10443000FFF716FDA378002BCDD02378002BCAD12F
:104440006379ABB909F062FB08F07EFE4028EBD13E
:10445000FB6E984702074FF40041E5D43B6C4046A1
:10446000984796F81C311B07E2D507F04FFDDFE7B0
:10447000FFF754FCE6E700BF241C0120C41701200D
:10448000840601203C0B01209808012084040120AF
:1044900014160120601C01202DE9F04FDFF87C92FA
:1044A00085B099F88000102800F03382924DEB6EB1
:1044B0009847420649D4EB6E9847C30500F1308215
:1044C0008E4C94F820319F0604D5EB6E9847460435
:1044D00000F13682FBF704FD0646002840F02882F2
:1044E00094F8263103F00303032B00F05B8299F864
:1044F00081303BB194F81C3198060ED4EB6E98478E
:10450000C1070AD408F020FE10F0810000F0688294
:1045100099F880300B2B00F05F82012008F01AFE22
:10452000774B0220DB68984799F88130C3B10024AB
:1045300008F0D0FA6B6F204698472B6C4FF48041FF
:10454000704889F8814098470AE00A200BF0D8FFAC
:104550006B4B0C20DB68984799F88130002BE6D133
:104560000024694E694F6A4BA046DFF890A1DFF83E
:1045700090B134703C601C70D5F8D0309847421C24
:1045800050D0A0F10803122B0BD8DFE803F0C90AC2
:10459000710A0A710A0A0A0A0A0A0A0A0A0AA40A13
:1045A00098003B68002B0CBF20221F228242E3DAD6
:1045B0003B2800F34681232824DDA0F12402172A9A
:1045C00020D8DFE812F0FF001F001F001F00E800E6
:1045D00018001F001F001F001F001F001F001F00EA
:1045E0001F001F001F001F001F001F001F001F00D3
:1045F0001F001F00DF0018F0040203D1444962F3DA
:1046000041080A70FF2B8CBF0122002262F30008D0
:10461000B2D85A1C3A603F4AD054D5F8D0309847A7
:10462000421CAED133787BB1242B00F0108108F00E
:104630008BFD40F22113184200F01881DBF808309E
:104640000920984700233370FFF7F2FBFFF7AEFE17
:1046500020B999F80030002B40F019819AF81C31EC
:1046600000221B0789F8012086D507F04FFC83E75D
:104670003B6813B90CB184423BD1C4B2FFF796FE3C
:10468000002800F00481234A00213B6818F0010F44
:10469000D15400F0E080204A0B2382F89230B9F820
:1046A00000300193002BBDD192F89200DBF8081086
:1046B0008847019B164A98463B6013705CE7DBF81D
:1046C000F830002B3FF458AF134AD5F8080192F8A0
:1046D0009210984750E700240F4B0D4A3470A046C3
:1046E00014703C6083F8924008F02EFD202800F002
:1046F000B880002440E700BF98080120141601206C
:1047000068070120601C0120802001208404012012
:104710009E2101203C0B012084060120241C012045
:104720003B68002B3FF428AF013B984A00213B60D7
:10473000D15488461378002B00F0D48095F80AC233
:1047400001200CF0080C3B2B12D8232B12D9243B50
:10475000172B0FD8DFE803F06C0E0E0E574B0E0E22
:104760000E0E0E0E0E0E0E0E0E0E0E0E0E0E0E3F38
:104770005B2B5DD012F8013F0020002BE3D1844B6E
:104780001970F9E618F002027FF43CAF804948F056
:1047900004080A7036E77E490A78002A7FF432AFAF
:1047A00008F00402002A0CBF0122002262F3410833
:1047B0007FF428AF95F80A2282F00802C2F3C00203
:1047C0000A701FE7002B7FF41DAF0122704963F3CD
:1047D00000080A701DE718F00203CBD1194612F841
:1047E000013F48F004080020002BACD1C7E718F0C7
:1047F0000403BFD163F34108194612F8013F0020BA
:10480000002BA0D1BBE70029B4D118F004034FF06E
:1048100000000CBF0121002153EA0C0312F8013FF4
:1048200061F341080CBF01210021002B8BD1A6E7C9
:10483000002812F8013F18BF01460020002B82D14A
:104840009DE75B28BED07F283FF46BAFDAE63046A9
:104850000BF084FCF6E6137863B94E4A82F8923086
:104860001DE72B6C80214C48984785E63046F3F7CE
:10487000DFFFE7E6242B39D05B2B11D1DBF8A0302A
:1048800073B110469847434A82F8920007E7B9F897
:104890000800C0F3C00080F0010005B0BDE8F08F53
:1048A000019208F051FC40F22113184208D0019AFD
:1048B0001378252B4CD0374A092382F89230EEE644
:1048C000344A92F8923013B1282B7FF4E8AE2F4887
:1048D0000192F3F7ADFF019A002882F8920018BF09
:1048E0000024DCE619462A4B197045E610460BF009
:1048F00035FC284A2D2882F892007FF4D0AE0C2097
:1049000001920BF0FDFDDBF80C3007209847019A6F
:10491000C5E60023214D89F880300BF0F1FD1BE640
:1049200011200BF0EDFD1E4B1020DB68984713E6BD
:104930000B200BF0E5FD1A4B0D20DB6898470BE6CA
:104940000D200BF0DDFD164B1520DB68984703E6C4
:104950005378002BAFD1019308F0F6FB40F201121F
:104960001042A8D00B4A019B92F88C0082F892303A
:1049700080F00100DBF8F03082F88C00002B3FF46F
:104980008EAE01929847019A89E600BF3C0B012048
:104990009E21012084060120601C0120980801202E
:1049A00068070120EB6D98470390FAF717FE99F816
:1049B000983003423FF49BAD99F880300C2B03D123
:1049C000EB6E9847440517D40C200BF099FD0C4B67
:1049D0000720DB689847BFE5002389F880309CE515
:1049E00008F0B8FB94F88F1111F004017FF4B4AD16
:1049F0000448F8F755F9AFE5304608F0ABFBABE5F6
:104A000068070120FD9D010010B5FFF711FA02E0D3
:104A1000FEF78CFD30B1FFF7C9FC04460028F7D142
:104A2000204610BD08F090FB0828F4D0F8E700BF3E
:104A3000F8B5C31E4FF000060446A12B00F2BB8060
:104A4000DFE813F03902B900F300B900B900B9008A
:104A5000B900EE00B900B900EE00B900B900B90024
:104A6000B900B900B9000E02B900B900B9000501DA
:104A70002D01B900B900B900B900B900B900B900F9
:104A8000B900B900B9002402B900B900B900B900F1
:104A9000B900B900B900B900B900B900B900B9004E
:104AA000B900B900B900B900B900B900B900B9003E
:104AB000B900B900B900B900B900B900B900B9002E
:104AC000B900B900B900B900B900B900B900B9001E
:104AD000B900B900B900B900B900B900B900B9000E
:104AE000B900B900B900B900B900B900B900B900FE
:104AF000B900B900B900B900B900B900B900B900EE
:104B0000B900B900B900B900B900B900B900B900DD
:104B1000B900B900B900B900B900B900B900B900CD
:104B2000B900B900B900B900B900B900B900B900BD
:104B3000B900B900B900B900B900B900B900F30073
:104B40001A02AE0029013C011601B900B9017B012E
:104B5000DC01E70071015C01B900B900B900D900BE
:104B6000D900D900D900D900D900D900D900B9009D
:104B7000E000E000E000E000E000E000B900E70055
:104B8000E7005801B9004F01212C40F0BC80A84B30
:104B90001B782BB1A74B93F81C3113F0400340D086
:104BA000A54B0821A54801251B6C9847A44B002262
:104BB0001A702846F8BD1F2800F2BE81082800F0B0
:104BC000BB81A04BD3F89430002B47D020469847A8
:104BD000002843D13F2C40F07A81954B1B782BB1B4
:104BE000944B93F81C3113F040031AD00121924BDF
:104BF00092480D46D8E7FEF7D7FA914B00220125DF
:104C00001A70D6E7FEF7F0FA8D4B002201251A70D4
:104C1000CFE7FEF709FB8A4B002201251A70C8E78F
:104C20000023874A1D461370C3E7874803899D0503
:104C300014D4A4F11B04804B01213C30B4FA84F459
:104C40001B6C0D46984764097D4B1C70B1E77A4B8D
:104C5000DB6E984710F0400600F07481A4F11B044D
:104C6000774B0125B4FA84F4284664091C70F8BD1A
:104C7000714B0026754AD3F8D83016609847714BAF
:104C8000D3F8DC70002FE9D008F05EFA0125B847B0
:104C90006B4B1E708DE7684B4FF4805182E7664D79
:104CA0001021664800242B6C9847684AD5F8D83004
:104CB000012514609847624B1C707AE708F044FAAB
:104CC000402820D0604840215A4D03893C3095F857
:104CD0002C51594A65F30C33126C20F8343C904740
:104CE000BCE7554BD3F824316BB102215848F7F794
:104CF000D7FFB3E7504B4FF4006153E74D4B9B8A0E
:104D0000002B40F00181A4F11B0049494C4B424269
:104D10000D78424185F001051A707E2C94BF002564
:104D200005F0010545E7444B93F8B430012BEAD177
:104D300000214848F7F7B4FF90E73F4B93F8103253
:104D400003F02003002B0CBF0123002363F345165F
:104D500040F0CD803C4A012513891189C3F38013AB
:104D600083F0010363F38611B3B21181A4F11B0434
:104D7000334AB4FA84F464091470002B3FF419AF79
:104D8000304CD4F890300BB13046984773077FF51C
:104D900010AF294B0221294801251B6C98472E4A48
:104DA0000021D4F88C3082F89010002B3FF401AF32
:104DB00098472846F8BD244C01251F4E626C94F894
:104DC0002530571C2548C3F38003B4BF00220122BD
:104DD0009B0243EAC223D6F81C21003A18BF0122E5
:104DE00043EA824318430BF0CFFB336C294604F1AE
:104DF0003C009847124B00221A70DAE60E4B93F8EB
:104E0000113203F00803002B0CBF0123002363F3CE
:104E1000CB266CD10C4A012513891189C3F3C01329
:104E200083F0010363F3C711B3B211819EE700BFA2
:104E30009E2101201416012098080120601C0120E9
:104E40009621012068070120241C012084040120F0
:104E500061DA0000F58B010084060120FFF31B805E
:104E60003B4E3378BBB13B4BD3F8EC319BB1984709
:104E700000231D4633709CE637490022344B4FF027
:104E800004060D781A7085F0010579E7334B1B682D
:104E9000002B44D02E4E304AA4F11B031578B3FAF0
:104EA00083F385F001055B097E2C94BF002505F096
:104EB000010533707DE6FCF79DF9294A244900205D
:104EC00013890125087043F00803138171E67E2CD5
:104ED0007FF45AAE204B1B78A3B1224B93F81C31C0
:104EE000C3F3801363F382060025B3B23EE71A4A88
:104EF000B3B2127882F001027E2C94BF002502F03A
:104F0000010533E70123EDE7154A13891189C3F33E
:104F1000402383F0010363F3492111819EE6114A86
:104F20001D460B4892F81C21037082F040030A4989
:104F3000C3F380130B703CE684F080033F2B3FF6F5
:104F400049AE3EE6FCF756F9014B01251E7030E6EE
:104F500096210120980801209E210120840401202F
:104F6000241C01201416012003788BB3024670B56F
:104F70000D461C46104612F8013F2A2B11D0242C56
:104F800000D103B315F8010B50B1A04205D0A4F134
:104F90002E04B4FA84F464099CB1002BE9D10120F9
:104FA00070BD861C29463046FFF7DEFF0028F6D18B
:104FB00015F8013B002BF3D02E2CF3D0A342F1D0F7
:104FC00070BD204670BD2878B0FA80F0400970BDF1
:104FD00001207047002305490246054810B4054CDE
:104FE0000B7023705DF8044B104700BFA421012013
:104FF0001C830020B5210120024B0348D3F8C030A8
:10500000184700BF98080120C482002002680B687E
:1050100010881B88C01A704770B50B4D06460B48A8
:105020000C46D5F8C03098473046D5F8C030984780
:10503000D5F8C030054898472CB1D5F8C030204687
:10504000BDE87040184770BD98080120C8E40020F2
:1050500002680B6810781B78C01A704702680B68EA
:1050600010781B78C01A704702680B6850785B781C
:10507000C01A70474B6801334B60704740694B69F9
:10508000C01A7047037813F0FD0F02D10B6801338B
:105090000B600020704700BF42684B6850785B7817
:1050A000C01A7047FCEEC07A17EE900AFDF756BAA8
:1050B000DFED047A20EE270AFCEEC07A17EE900AA4
:1050C000FDF74CBA8B42213D70B50A4D0C46D5F820
:1050D000C0309847092C03D8D5F8C0300648984707
:1050E0002046D5F8C040FDF739FA2346BDE87040A8
:1050F000184700BF980801208C94002070B5054621
:10510000654C002900F0B180D4F8C030634898475E
:1051100095F90000D4F8C060FDF720FAB047D4F844
:10512000C0305F4898472B7AD4F8C060002B40F01D
:1051300097805C48B0475A48D4F8C0309847EB682D
:10514000D4F8C060187AFDF709FAB047564A7C21B6
:105150006B7A1170002B7FD1531CE9688A7A500753
:1051600004D5532203F8012BE9688A7A960704D5FF
:10517000442203F8012BE9688A7A100711D54C22E2
:10518000184600F8012BE9688A7A160740F18280F8
:105190008E6B002E7ED04122023303F8012CE96889
:1051A0008A7A960604D5502203F8012BE9688A7A98
:1051B000D00604D5492203F8012BE9688A7A5606FD
:1051C00004D54E2203F8012BE9688A7A100604D52B
:1051D000522203F8012BE9688A7AD20703D55622B6
:1051E00003F8012BE968CA6B12B1452203F8012BC1
:1051F0007C2100222C4819705A70D4F8C03098478E
:10520000D4F8C03068689847EB68D3ED067AF5EEBD
:10521000C07AF1EE10FA19DD2148D4F8C030984771
:10522000EB680120D4F8C06093ED050AFDF7BCF9E6
:10523000B0471E48D4F8C0309847EB680120D4F836
:10524000C05093ED060AFDF7AFF9A847D4F8C03077
:1052500017489847002070BD2A21931C51707CE7A5
:1052600095F90200FDF77AF964E790F90000D4F8A7
:10527000C060FDF773F9B047D4F8C0300D489847C7
:105280006868D4F8C0309847D4F8C0300A489847C6
:10529000002070BD034684E798080120CC860020DA
:1052A000D8860020C8860020D0030120DC7F0020A3
:1052B000DC860020E08600205C7F002000232DE9B2
:1052C000F043234D1C4683B00746DFF8888006462E
:1052D000DFF884902B70C4B999F8053003201BBB0C
:1052E00096ED000AFDF760F90146284612F088FEA7
:1052F0000134284614F05EF8B8F80030032C06F1AB
:1053000004062B520CD0002CE6D096ED000A0320A8
:10531000FDF74AF90146284612F072FE022CE7D149
:105320000B4803B0BDE8F08397ED000A0436012472
:1053300030EE000AFDF738F90190284614F03AF8EB
:105340000199284411F02CFBB8F800300380DCE709
:10535000D0030120DC7F00208406012000232DE9FA
:10536000F041294D1C460746DFF8A8802B70064601
:10537000264B2DED028B9FED268A82B0D4B95B7946
:10538000042053BB96ED000A20EE080AFDF70CF945
:105390000146284612F034FE0134284614F00AF87B
:1053A000B8F80030032C06F104062B520FD0174B2F
:1053B000002CE4D096ED000A042020EE080AFDF748
:1053C000F3F80146284612F01BFE022CE4D10E48E9
:1053D00002B0BDEC028BBDE8F08197ED000A0644F7
:1053E000012420EE080A30EE000AFDF7DDF80190F6
:1053F000284613F0DFFF0199284411F0D1FAB8F8DC
:1054000000300380D6E700BFD003012084060120CE
:105410008B42213DDC7F002008B50320FDF7C4F856
:1054200001460248BDE8084013F022BAD00301202B
:10543000DFED067A042008B520EE270AFDF7B4F860
:1054400001460348BDE8084013F012BA8B42213DE3
:10545000D00301200FB400B583B00D4804AA52F860
:10546000043B944602EB830E01925CF8041B034656
:1054700011F8012B184603F8012B002AF8D1F44546
:10548000F3D1034803B05DF804EB04B0704700BFEC
:10549000D003012001282DE9F047044688B003D14C
:1054A000454ED6F88830A3B9444D2046D5F8C4609F
:1054B000FDF754F8424B024642490320FFF7CAFF6A
:1054C000B047EB6B002164209847204608B0BDE848
:1054D000F0873C4B4FF03109384D4FF02C083A4FD4
:1054E00093E803000B0C00902046ADF804108DF8F3
:1054F0000630FDF733F801460DF1060011F050FAC1
:1055000096F88A2096F88BC03A2395F816E24CEA72
:10551000020C00F8013B96F8892096F888300CF0D0
:10552000070C43EA020695F8173202464EEA030ECC
:1055300006F0070600230EF0070E26FA03F1C9074E
:1055400013D5114690422EFA03FA57F8232014BFC0
:1055500001F8018B014612781AF0010F0A7001F16F
:10556000010202D08A1C81F801900133032BE4D19F
:105570000023DFF854E032274FF02C082CFA03F117
:10558000C9070CD5904211465EF823200CBF014696
:1055900001F8018B16780A4602F8026B4F7001334E
:1055A000032BEBD1064B6846198811809978D5F802
:1055B000C4309170984784E7241C0120980801208A
:1055C0005C7F0020607F0020D80E00202DE9F04F86
:1055D00085B00191039013F0EDFE421C104602923B
:1055E00012F006F900284FD08346DDE902210DF0C4
:1055F0000FFD2749584611F0F7F9044600283DD021
:1056000001270026DFF8A090224DDFF8A080494650
:10561000204612F0C3FF0346404633B3D5F8C030EE
:105620009847D5F8C0301C4898473046D5F8C0A0F8
:10563000FCF794FFD0471948D5F8C0309847237835
:10564000204613B1D5F8C0309847019B144863B188
:10565000D5F8C03098473846D5F8C040FCF77EFFF3
:10566000A0471048D5F8C03098470949002011F0EC
:10567000BBF901367F0004460028C8D1584605B062
:10568000BDE8F04F12F0BCB805B0BDE8F08F00BF28
:10569000DC7F002098080120687F0020E086002041
:1056A000707F002030810020CCE400205C7F00204F
:1056B00002680B685068596812F070BF2DE9F0411C
:1056C000124E0446D6F8E480B8F1000F17D00F460A
:1056D0003F2113F037F9054688B1844203D0011BFE
:1056E000204689B2C047781CD6F8C040FCF736FF88
:1056F000A047D6F8C030681CBDE8F0411847D6F87E
:10570000C0302046BDE8F041184700BF980801208E
:105710002DE9F0470C4691F82C1016464D070CD594
:10572000C1F3C301B2FBF1F7032800F20683DFE8FF
:1057300010F06C00EC003B0006001746F4E72088F0
:105740009D4D3044D5F8C080FCF708FFC047D5F820
:10575000C0309A489847A3782B2B00F01481394623
:105760006068FFF7ABFF9548D5F8C0309847A06850
:10577000002800F00F81D5F8C03098478F48D5F841
:10578000C0309847207B05F0D1FF092800F2348112
:10579000DFE810F06302180268025E0218022E01B0
:1057A000590254024F024A022088834D3044FCF7CC
:1057B000D5FE8349FFF730FCD5F8C03081489847C3
:1057C000A3782B2B00F0D88039466068FFF776FF6E
:1057D0007D48D5F8C0309847A0687949002800F086
:1057E000E980FFF719FC2088304480B205F068FF9B
:1057F000764B0028724908BF1846FFF70DFCD5F814
:10580000C0307348BDE8F04718476B4D7148D5F874
:10581000C03098472088D5F8C0803044FCF79EFE01
:10582000C047D5F8C0306C48984794F82C30A07821
:105830005B07D5F8C08048BFC019FCF78FFEC04792
:10584000D5F8C03064489847A3782B2B00F08D80A2
:1058500039466068FFF732FF5F48D5F8C030984797
:10586000A06810B1D5F8C0309847D5F8C0305A4874
:105870009847207BD5F8C06005F058FFFCF76EFE16
:10588000B0475548D5F8C0309847206910B1D5F8D1
:10589000C0309847D5F8C0304F48984763693BB14E
:1058A000204605F049FF18B9D5F8C030606998471F
:1058B0004948D5F8C0309847A06910B1D5F8C03034
:1058C0009847D5F8C0304448984794F82C00D5F84C
:1058D000C06000F00100FCF741FEB047D5F8C030D1
:1058E0003D48984794F82C00D5F8C040C0F34000DC
:1058F000FCF734FEA047D5F8C03038489847D5F8B3
:10590000C0303348BDE8F04718472B4D3448D5F830
:10591000C03098472088D5F8C0803044FCF71EFE80
:10592000C047D5F8C0302F489847A3782B2B15D007
:1059300060683946FFF7C2FE207B05F0F7FE0928B4
:1059400000F2C480DFE810F06301690143014D01FA
:105950005701C200C200C200C2005D01224B53F8D1
:105960002600D5F8C0309847E2E71F4B53F82600D1
:10597000D5F8C03098476BE71B4B53F82600D5F895
:10598000C030984720E7184B53F82600D5F8C030B0
:105990009847E4E6237B5A1E012A40F24081042BFB
:1059A00000F03D81002B40F0C081D5F8C0300F4899
:1059B0009847E3E6054814E7980801206886002028
:1059C000DC7F0020C8E40020648600205086002090
:1059D0005C7F002054860020C4E400206086002004
:1059E000B085002064830020D80E0020C8850020E8
:1059F000D5F8C030A1489847A148D5F8C03098479D
:105A0000206900285AD0D5F8C03098479C48D5F86E
:105A1000C03098472388F01880B205F051FED5F8C1
:105A2000C030064600283FD0984794F82C30D9075C
:105A300008D594483178021DD5F8C030002908BF38
:105A4000104698478E48D5F8C0309847606910B125
:105A5000D5F8C03098478A48D5F8C0309847A06933
:105A600010B1D5F8C0309847D5F8C0308448984771
:105A700094F82C00D5F8C06000F00100FCF76EFD32
:105A8000B047D5F8C0307E48984794F82C00D5F838
:105A9000C040C0F34000FCF761FDA047D5F8C0301E
:105AA0007948BDE8F04718477848984794F82C3073
:105AB000DA07C7D5D5F8C0307548C2E7237B042B79
:105AC000A4D1D5F8C030734898479FE7A76847B17D
:105AD00071480027D5F8C0309847D5F8C030A06885
:105AE00098476369002B00F00381A369002B00F045
:105AF000FF80D5F8C03069489847D5F8C030606954
:105B00009847D5F8C03066489847D5F8C030A069A6
:105B1000984794F82C30D90707D56248624AD5F8DF
:105B2000C030002F08BF10469847D5F8E430002B4E
:105B30003FF465AE2088304480B205F0C1FD0646D2
:105B4000002800F094800378002B00F090804E48ED
:105B5000D5F8C03098475549304611F0DFF8074670
:105B6000A8B1DFF82491DFF844814846D5F8C03069
:105B70009847B91B3046BE1C89B2D5F8E430984727
:105B80004146304611F0CAF807460028EDD1337877
:105B9000002B6CD03C48D5F8C0309847D5F8C030C1
:105BA0003046984794F82C30DA077FF528AE3378E2
:105BB0001BB1D5F8C0303E489847D5F8C0303448BE
:105BC00098471CE6D5F8C0303A48984714E73A4859
:105BD000D5F8C0300127984701212069FFF7F6FC6E
:105BE0007FE736480127D5F8C03098470021206963
:105BF000FFF7ECFC75E7D5F8C03000273048984730
:105C00006FE7D5F8C03000272E48984769E7D5F8E8
:105C1000C03000272C48984763E72C48D8E7D5F8D0
:105C2000C0302B489847A9E5D5F8C0302948984797
:105C3000E2E6D5F8C03028489847DDE6D5F8C03010
:105C400026489847D8E6D5F8C03025489847D3E687
:105C5000D5F8C03023489847CEE6D5F8C030224862
:105C60009847C9E6D5F8C03020489847C4E694F86C
:105C70002C30DB077FF5C3AD9FE700BF6C860020AB
:105C8000688600205C8500205C7F00205086002014
:105C900060850020C0860020248600202C860020FD
:105CA000E0860020308500204885002048860020BE
:105CB0004C86002084860020E0850020148200208D
:105CC000B485002014860020C4850020D0850020E3
:105CD000BC850020AC860020B4860020FCDC0020BF
:105CE000748600209C8600207C8600209086002000
:105CF000204605F021FD00287FF40BAF63693BB11E
:105D0000D5F8C0300E489847D5F8C030606998473C
:105D1000A369002B3FF4FDAED5F8C0300948984781
:105D2000D5F8C030A0699847F3E6032B7FF426AD81
:105D3000D5F8C0300448984720E5044D5FE500BF22
:105D400038860020408600206C86002098080120BC
:105D500070B515468378527804460E469A420CD0A8
:105D6000A36A1BB100212046984720B13246214644
:105D70002878FFF7CDFC012070BD6B688B42EFD017
:105D8000012070BD08B5134692F801C08278944591
:105D900004D15A688A4201D0012008BD0A46014652
:105DA0001878FFF7B5FC012008BD00BF2DE9F04FC2
:105DB0008B4685B0B1FA81F9054605F0EDF8044649
:105DC00058464FEA591905F049FB00268DF809009D
:105DD000ABEB00008DF8085003902389A4691E44A2
:105DE000002CFAD1022D69D0032D61D005F0D4F832
:105DF00004210546304612F00BFE0190002863D0C6
:105E0000019E0027DFF834812989E1B14FF0000AB3
:105E10000AEB4A04EB68200103EB04141B5A183BFD
:105E20009BB2012B33D994F82C30DB093BB9BBF181
:105E3000000F31D0A0789DF8093098422CD00AF19B
:105E4000010A5145E4D8AD69002DDDD1019C042241
:105E5000354B3946204612F05BFE6FB1043C334EA1
:105E6000013502AA314654F8040F05F0E1FB002881
:105E700018BF8146BD42F3D1019811F0C1FCB9F1C0
:105E8000000F0CBF3520002005B0BDE8F08F98F85A
:105E90008F31C3F34003C9E7A36A2BB10021204629
:105EA000984729890028CAD0013746F8044BC6E72D
:105EB0001F4B2048D3F8C030984797E71C4B1E482B
:105EC000D3F8C030984791E71C4E1D4F2A89D2B1B4
:105ED000002404EB4400EB68010103EB00105B5A63
:105EE000183B9BB2012B12D990F82C30DB093BB93F
:105EF000BBF1000F10D081789DF8093099420BD08A
:105F00000134A242E5D8AD69002DDFD1B7E796F89C
:105F10008F31C3F34003EAE702AA394605F088FB54
:105F200000B181462A89EBE799ED000011FB0000E2
:105F300098080120A07E0020687E00201416012011
:105F4000DDFA000000294FD001EB4101F0B5164603
:105F500089B00446002700EB81051922616801A879
:105F600010F086FC9DF8043003B30DF1050C0DF123
:105F7000040E202BA3F16102714606D0192A98BFA6
:105F800003F05F0301F8013B8E461CF8013B002B38
:105F9000EFD101A930468EF80070FEF7E5FF78B921
:105FA0000C34A542D9D1002009B0F0BD01A930467A
:105FB0008DF804700DF1040EFEF7D6FF0028EFD027
:105FC0000A4D0B48D5F8C03098476068D5F8C03006
:105FD0009847D5F8C0300748984761780120FFF707
:105FE000E5FE012009B0F0BD0020704798080120AF
:105FF000708200207882002070B5164D0446164845
:10600000D5F8C0309847A3781BB1D5F8C030A01C94
:1060100098472078D5F8C060FCF7A0FAB047D5F8CB
:10602000C0300E4898476078D5F8C060F1F784FE1C
:10603000B04723693BB10948D5F8C0309847D5F837
:10604000C03020699847D5F8C0300548BDE8704099
:10605000184700BF98080120C0830020DC7F002083
:10606000DC860020F8B5274C05462748D4F8C03018
:1060700098472869D4F8C07000283ED0B847D4F8B3
:10608000C030224898472879D4F8C070FCF766FAE7
:10609000B8471E48D4F8C03098476A7F1C4E12F0AB
:1060A000040F1C48D4F8C03018BF30469847174832
:1060B000D4F8C03098476A7E174812F0040FD4F81D
:1060C000C03018BF30469847D4F8C0300F489847C2
:1060D0006B6AD4F8C06073B128469847FCEEC07A6A
:1060E00017EE900AFCF73AFAB0470C48D4F8C030E3
:1060F00098470020F8BD0A48F6E76879F1F71CFEDA
:10610000BCE700BF98080120087E0020D886002048
:10611000007E0020047E0020C8860020DC8600204F
:10612000D0E4002070B5504C05465048D4F8C0303B
:1061300098472869D4F8C060002800F09180B047E3
:10614000D4F8C0304A4898472879D4F8C060FCF7A2
:1061500005FAB0474648D4F8C03098476B7F454AA7
:1061600013F0040F4448D4F8C03008BF10469847D5
:106170002B7FD4F8C020C3F3C103013BDBB2022B59
:1061800064D83E4951F823009047AB8BD4F8C02027
:10619000C3F34413013BDBB21E2B5DD8384951F8E1
:1061A00023009047374E384A95F91D00D4F8C03087
:1061B00012EA200038BF304698472D48D4F8C03046
:1061C00098476A7E2C4812F0040FD4F8C03008BFFC
:1061D000304698472B7ED4F8C020C3F3C103013B5F
:1061E000DBB2022B36D8254951F8230090472B8B80
:1061F000D4F8C020C3F34413013BDBB21E2B27D8D5
:106200001F4951F8230090471F491E4A95F919006C
:10621000D4F8C03011EA200038BF10469847D4F8AF
:10622000C030134898476B6AD4F8C060B3B12846B1
:106230009847FCEEC07A17EE900AFCF78FF9B0474A
:106240001248D4F8C0309847002070BD0D489BE735
:106250000C48D8E73046C9E70A48A2E70C48EEE701
:106260006879F1F769FD6AE798080120F07D002060
:10627000D8860020047E0020007E0020C007002079
:1062800044070020C8860020EC7D0020DC8600202A
:10629000D0E4002070B5344C05463448D4F8C03002
:1062A0009847D4F8C03028699847D4F8C0303048AF
:1062B00098472879D4F8C060FCF750F9B047D4F873
:1062C000C0302B4898476B7FD4F8C020D8063FD405
:1062D00013F0200F274B284808BF18469047D4F8E2
:1062E000C030234898476B7ED4F8C020D90631D4FB
:1062F00013F0200F1F4B204808BF18469047D4F8D2
:10630000C0301B4898476B6AD4F8C0604BB36A7FB3
:10631000284612F0300F1FD19847FCEEC07A17EED6
:10632000900AFCF71BF9B0476B7F13F0300F09D1CF
:106330000F48D4F8C0309847A869D4F8C050F1F796
:1063400043FDA8470D48D4F8C0309847002070BDE1
:106350000B48C3E70A48D1E798470220FCF724F925
:10636000E1E70848DFE700BF98080120DC7D002056
:10637000D8860020047E0020EC830020DC860020EC
:10638000140B0020D0E4002070B51B4C05461B48C0
:10639000D4F8C0309847D4F8C03028699847D4F86A
:1063A000C030174898472879D4F8C060FCF7D6F871
:1063B000B047D4F8C030134898476B6AD4F8C0602F
:1063C000C3B128469847FCEEC07A17EE900AFCF756
:1063D000C5F8B047D4F8C03009489847A869D4F840
:1063E000C050F1F7F1FCA8470748D4F8C0309847EF
:1063F000002070BD0548ECE798080120C87D00200A
:10640000D8860020D87D0020DC860020D0E4002043
:1064100038B5044600880D460844FCF79FF80D493E
:1064200002460D4B0320FFF715F82946204604F0DD
:10643000EDFC68B1094D04460948D5F8C0309847CD
:106440002046D5F8C0309847D5F8C0300548984761
:10645000012038BD1C8500201885002098080120E7
:10646000D00301205C7F0020037813F0FD0F05D1DD
:106470000B6801EBC302013350600B6000207047D2
:1064800038B5036A23B10B4B5B699847012038BDCF
:10649000094D04460948D5F8C03098472088D5F8FA
:1064A000C040FCF75BF8A047D5F8C03004489847D7
:1064B000012038BD68070120980801201C850020B4
:1064C000507E0020F0B50B460978846801F1100277
:1064D000944200D0F0BD5D680329C16805EB450218
:1064E00005F1010CD0E90467C3F804C003EBC20C4A
:1064F00090F805E04FEAC2028CF808708CF809E0C9
:10650000CCF81860067946EA0E264FEA450E98BF89
:1065100046EA0446CCF81C6029B10A32BDE8F040D6
:10652000981812F0A5B9AE4403EBCE039972F0BDF2
:1065300038B50C4B10B1FE28044605D10A48D3F8F3
:10654000C0309847002038BDD3F8C050FCF706F89B
:10655000064B024606490320FEF77CFFA84720466B
:1065600038BD00BF98080120188700205C7F0020FC
:106570002087002070B5044689B1437873B1194D66
:106580000846D5F8C03098476068D5F8C0309847BD
:10659000D5F8C0301448BDE87040184770BD114DA3
:1065A0001248D5F8C03098476078D5F8C060FBF73E
:1065B000D5FFB047D5F8C0300D4898472078D5F8BA
:1065C000C060FBF7CBFFB047D5F8C030084898470C
:1065D0006068D5F8C0309847D5F8C0300548BDE8A8
:1065E00070401847980801205C7F0020587E0020EA
:1065F000C4E40020DC8600202DE9F04792B0624C14
:1066000038220021064604A811F0A8FCD4F8C030B6
:106610005E4898477078D4F8C050FBF79FFFA847B2
:10662000D4F8C0305A4898473378022B00F0A18044
:106630007278D4F8D8318DF810201BB104AA5549CE
:1066400000209847059B002B38D0D4F8C0300A981A
:106650009847059F47B304AD0027DFF834A1DFF862
:106660003C915046D4F8C0309847AB7A013705F1D9
:106670000A0013B1D4F8C0309847287A1835D4F8F6
:10668000C080FBF76BFFC047D4F8C030484698473E
:1066900015F80F0CD4F8C080F1F74EFBC047059BEE
:1066A0009F42DED3022F0DD0394DD4F8C03028469A
:1066B0009847012F4FF00107F7D103E0D4F8C0301D
:1066C00035489847D4F8C830002B4BD0707808F084
:1066D00057FD0546002845D0D4F8C0302C489847CF
:1066E0006868D4F8C060FBF739FFB0472B48D4F88E
:1066F000C03098472B7A2A4903F00303D4F8C82006
:10670000C85C90472548D4F8C03098472B7A254973
:10671000C3F30213D4F8C820C85C90471F48D4F8CC
:10672000C03098472E7A204BEC4606F00C06D4F881
:10673000C07006F148020DEB02060FCB8CE80F008B
:1067400056F8480CB8476B789B0617D41048D4F815
:10675000C03098476B781549C3F34003D4F8C8207C
:10676000C85C9047D4F8C0301148984712B0BDE8D3
:10677000F087D4F8C0300F489847A3E7D4F8C0306A
:106780000D489847E2E700BF98080120C883002021
:10679000D886002051020100D8830020DC7F002031
:1067A000E4830020E883002008070020F083002015
:1067B000DC860020D0830020E083002008B5037829
:1067C00013F0FD0F01D1FFF717FF002008BD00BF38
:1067D00070B5154D0C4606461448D5F8C03098479C
:1067E000611E032907D8DFE801F01A150210D5F859
:1067F000C0300F4898473046D5F8C0309847D5F894
:10680000C0300C48BDE870401847D5F8C0300A4881
:106810009847F0E7D5F8C03008489847EBE7D5F837
:10682000C03007489847E6E79808012058830020C1
:1068300074830020DC8600207C8300206883002095
:106840006083002000B5816887B00369D0F814C068
:1068500042798DF800C0A1F1100C04930379BCF1CA
:10686000030F8DF8012043EA022398BF43EA014356
:10687000C168059349B10DF1020011F0F9FF6846B6
:10688000FFF7BAFB07B05DF804FB68468DF802100D
:10689000FFF7B2FB07B05DF804FB00BF0B6810B454
:1068A0005A1C8C6803EB43030A6004EBC302417972
:1068B0005170D0F814C004F833C0036984681361C0
:1068C000037943EA0123A4F110010329C16898BFA9
:1068D00043EA0443536121B1901C5DF8044B11F06D
:1068E000C7BF91705DF8044B704700BF70B5054697
:1068F000F9F734FB98B1466844780A4BD3F8B830BE
:10690000984718B121463046FFF762FF2DB9064B74
:10691000D3F8C8300BB105489847284670BD034EE0
:106920000446EAE798080120680701205086002005
:1069300082B00346019111F007010DD0294A11F0F0
:10694000010F184604D013681B7800F8013B03467A
:10695000490802F10402F2D19DF805202C2112F021
:10696000070203F8011B0DD01E4912F0010F184653
:1069700004D00B681B7800F8013B0346520801F174
:106980000401F2D19DF806202C2112F0070203F831
:10699000011B0DD0134912F0010F184604D00B68EB
:1069A0001B7800F8013B0346520801F10401F2D1C3
:1069B0009DF807202C2112F0070203F8011B0DD0CF
:1069C000084912F0010F184604D00B681B7800F834
:1069D000013B0346520801F10401F2D100221A7072
:1069E00002B07047D80E002070B50446E9B91F4DBB
:1069F0001F48D5F8C03098472078D5F8C060FBF71D
:106A0000ADFDB0471B48D5F8C03098471948D5F8B8
:106A1000C0309847606810B1D5F8C0309847D5F8B5
:106A2000C0301548BDE8704018470078FBF796FD68
:106A30001249FEF7F1FA11491148FEF7EDFA6568BF
:106A400095B10A4C0F48D4F8C03098472846D4F87E
:106A5000C0309847D4F8C0300A489847D4F8C030BE
:106A60000948BDE870401847084DEAE7980801203A
:106A7000187E0020C4E40020DC860020DC7F00209B
:106A8000CCE40020C8E400205C7F00205086002079
:106A900070B50446E9B91F4D1F48D5F8C030984776
:106AA0002078D5F8C060FBF759FDB0471B48D5F8F2
:106AB000C03098471948D5F8C0309847606810B181
:106AC000D5F8C0309847D5F8C0301548BDE87040BB
:106AD00018470078FBF742FD1249FEF79DFA11496D
:106AE0001148FEF799FA656895B10A4C0F48D4F839
:106AF000C03098472846D4F8C0309847D4F8C03002
:106B00000A489847D4F8C0300948BDE87040184793
:106B1000084DEAE798080120BC7D0020C4E400206D
:106B2000DC860020DC7F0020CCE40020C8E40020CC
:106B30005C7F0020508600200D4B0E4893F81C31DE
:106B40000D4903F001030D4A10B4002B0C4C0D4B02
:106B50001CBF014622460C480C4C18BF03460C488B
:106B600021600C495DF8044B02600B60704700BF68
:106B700014160120BDF10000A5F1000049F000004D
:106B8000E9F0000031EE00003DEE00005C0701205E
:106B9000600701206407012038B5074B04460D4605
:106BA000D3F8B830984728B129462046BDE8384088
:106BB000FFF70EBE38BD00BF9808012070B50A4C23
:106BC0000546D4F8B830984768B1D4F8C0300748C3
:106BD00098472846D4F8C0309847D4F8C0300448C5
:106BE000BDE87040184770BD980801205883002008
:106BF000DC860020064B10B5D3F8B8300446984721
:106C000028B120460221BDE81040FFF7E1BD10BDCC
:106C10009808012038B50D460021044604F024FCF4
:106C200038B101882A46044B611A5B6998470020F5
:106C300038BD352038BD00BF680701202DE9F84F69
:106C400081460F46002404F0A7F905462B89AD695B
:106C50001C44002DFAD104F09FF9042183462046FC
:106C600011F0D6FE8046002800F08E80BBF8081098
:106C7000002973D00646AA460AEB4A04DBF80C301A
:106C8000200103EB04141B5A183B9BB2012B36D98D
:106C900094F82C30DB098BB9B9F1000F03D1237FB5
:106CA000043B012B0AD8A36A2BB100212046984748
:106CB000BBF8081010B1013546F8044B0AF1010A7F
:106CC0005145D9D8B9F1000F1FD13B4B04222946B9
:106CD000404611F01DFF6DB1A8F104060024DFF855
:106CE000E09001343A46494656F8040F04F0A0FCFF
:106CF000A542F6D14046BDE8F84F10F081BD2F4BBC
:106D000093F88F31C3F34003C5E7DBF818A0BAF15D
:106D1000000FDAD0BAF80820D2B14FF00009DAF843
:106D20000C3009EB4904002103EB041494F92C30D6
:106D300020468B4208DBA36A1BB19847BAF80820AB
:106D400010B1013546F8044B09F101094A45E6D86E
:106D5000DAF818A0BAF1000FDCD1B6E7B9F1000FEC
:106D600006D0DBF818A0BAF1000F07D04646D1E7ED
:106D7000114B0422494611F0CBFEBBE70E4B042217
:106D8000294611F0C5FEB5E70D4E6CB1002505EBA7
:106D90004500DBF80C3001353A4603EB0010314674
:106DA00004F046FCAC42F2D1DBF818B0BBF1000FA6
:106DB000EBD1BDE8F88F00BF99ED0000141601205B
:106DC0000D02010030B585B0104C114901A809F041
:106DD0002FFBD4F8C0300F4898470F4B01A8D4F8C8
:106DE000C0501B689847A8470C4B0D4A19890D489D
:106DF00011F0020FD4F8C03008BF10469847D4F8FD
:106E0000C0300948984705B030BD00BF9808012040
:106E1000501C0120F483002060070120241C012065
:106E2000248400201C840020DC86002070B50F4CD8
:106E30000F48D4F8C03098470E4D0F4B2846D4F871
:106E4000C0601B689847B047D4F8C0300B489847DB
:106E500015F8040CD4F8C050FBF780FBA847D4F811
:106E6000C0300748BDE87040184700BF98080120AF
:106E700014830020701C0120600701201482002070
:106E8000DC86002070B5094C0948D4F8C03098471A
:106E9000084B09481B68D4F8C0509847A847D4F855
:106EA000C0300648BDE87040184700BF9808012070
:106EB0005487002060070120C0060120DC860020E6
:106EC00070B5174C054684B01648D4F8C0309847C2
:106ED0002846D4F8C060FBF741FBB04703A9284619
:106EE000FAF7CEFCD4F8C030B8B10F4898479DED02
:106EF000030AD4F8C0508DED010AFBF7F3FA9DEDBB
:106F0000010AFBF751FBFBF7E3FBA8470748D4F85E
:106F1000C0309847002004B070BD05489847F5E799
:106F2000980801208483002018850020DC8600203A
:106F30008C83002030B5164C054685B01548D4F832
:106F4000C0309847D4F8C0302846984703A928464F
:106F5000FAF732FFD4F8C030B8B10F4898479DED2A
:106F6000030AD4F8C0508DED010AFBF7BBFA9DED82
:106F7000010AFBF719FBFBF7ABFBA8470748D4F85E
:106F8000C0309847002005B030BD05489847F5E768
:106F9000980801208483002018850020DC860020CA
:106FA0008C830020954B93F82F302DE9F04F87B05C
:106FB00083B1934C9348D4F8C0309847924BD4F89F
:106FC000C0501E68F1F70CF9B047A847D4F8C0309C
:106FD0008E48984700258A4C8D4FDFF8648218E070
:106FE000092D00F0C680D4F8C060F1F7CBF801306D
:106FF0000135B0474046D4F8C0309847824B03A8CB
:10700000D4F8C0601B689847B047D4F8C0307F48B8
:107010009847EEB203A9304604F056F803463846C6
:10702000002B00F0B280D4F8C03098470A2D00F051
:1070300091800B2D3046D3D1DFF8CC917548D4F830
:10704000C0309847D9F800307348D4F8C0509847FA
:10705000724FA847D4F8C0306C489847BB69002BE2
:1070600000F0C4800126DFF8DCB1DFF8DC813B6A88
:1070700030469847D0F804A00546BAF1000F53D027
:107080009BF89C3113F0040FDAF8103076D0DB4314
:10709000DB0F002B48D06248D4F8C0309847D4F8B2
:1070A000C030DAF810000193FBF758FA019B9847BB
:1070B0004046D4F8C0309847D4F8C020D9F8003002
:1070C000504601929847019A90474046D4F8C03004
:1070D0009847544B9AED030A1B68D4F8C0A0984710
:1070E000D047D4F8C030504898472868D4F8C0300A
:1070F000002848D09847B5F90830002B0ADB4046F5
:10710000D4F8C0309847B5F90800D4F8C0A0FBF710
:1071100025FAD047D4F8C0303C4898472B681BB1BB
:10712000E36B0021052098470136BB69B3429ED22C
:107130009BF88E31DB0756D43C4DFFF7A3FEFFF7DB
:1071400041FE95F870303BBB3B6E03B1984707B0EA
:10715000BDE8F08FD4F8C030354898474046D4F8A1
:10716000C0309847284B03A8D4F8C0601B6801358D
:1071700049E7D4F8C0302F489847EFE7002BD4BF39
:107180000023012385E72C48B4E7244B07209B68A4
:10719000984707B0BDE8F08F184B02A89979F1F72E
:1071A000CBF8D4F8C030254898479DF80A30D4F879
:1071B000C06005EB830503EBC303D5ED1D7A0BEB34
:1071C0008303F8EEE77A93ED0C0A164B87EE800AFC
:1071D0001B689847B047D4F8C0300C4898473B6EBE
:1071E000002BB3D1B3E7FFF721FEA5E7DFF854B0DA
:1071F0009BF88E31DB079FD5F5E700BF84060120A1
:10720000980801209483002060070120DC8600207C
:107210009C830020BC8300204C07012068070120CC
:10722000A88300205C070120AC830020241C0120DF
:10723000A4830020A083002050860020B483002077
:107240001482002014160120D88600202DE9F04178
:10725000B14CB24DB248D4F8C030984728888B283A
:1072600040F2ED81D4F8C030AE4898472888D4F871
:10727000C0608A38FBF772F9B047D4F8C030AA482A
:107280009847287DD4F8C060F0F77CFFB047D5ED73
:10729000347AF5EE407AF1EE10FA40F0EC80D5ED5C
:1072A000337AF5EE407AF1EE10FA40F0E480D5ED55
:1072B000327AF5EE407AF1EE10FA40F0DC809B4E27
:1072C000337E022B09D1687999499A4AD4F8C030A3
:1072D000002814BF084610469847D4F8C030964896
:1072E0009847A879D4F8C0701130FBF737F9B84740
:1072F0009249934AE878D4F8C030002814BF084671
:10730000104698478F49904A2879D4F8C030002811
:1073100014BF0846104698478748D4F8C0309847AD
:10732000A878D4F8C070022800F0608180F00100D5
:107330005D30FBF713F9B847337E022B00F05E8116
:10734000EB79002B40F03281D4F8C0307F48984769
:1073500095F82E007E497F4AD4F8C03001280CBF32
:1073600008461046984795F82F30002B00F088808B
:107370007948D4F8C0309847F0F736FF10F007008E
:1073800000F07A81754B7649C7070A4604D519681B
:10739000097802F8011B1146400803F10403F3D1F8
:1073A00000236F480B70D4F8C03098472B7E002B19
:1073B0006DD10020D4F8C070F1F7C8F80378D80771
:1073C00000F132816748B84795F890301BB1D4F886
:1073D000C030654898476B7E002B40F0F880D4F8A9
:1073E000C03062489847624FFB7FDB0703D5D4F873
:1073F000C03060489847BB7F1BB1D4F8C0305E48AE
:107400009847FB7F980703D5D4F8C0305B4898476E
:1074100096F82C31590706D5FB7F5A0703D5D4F8C7
:10742000C03057489847D5F8D430D4F8C0601869B0
:10743000FBF794F8534902460220FEF70BF8B047D9
:10744000514B95ED1C0A1B68D4F8C05098474F4922
:1074500002460220FDF7FEFFA8470020F1F776F86C
:10746000C3689B7ADB0700F1F080D4F8C03048484D
:10747000BDE8F0411847D4F8C030464898471EE7A9
:10748000D4F8C030444898472B7E002B91D01E2B57
:1074900000F28480013B1D2B8BD801A252F823F00F
:1074A00013140100091401001D1401003F11010013
:1074B0003F1101003F1101003F1101003F11010088
:1074C0003F1101003F1101003F1101003F11010078
:1074D0003F1101003F1101003F1101003F11010068
:1074E0003F1101003F1101003F1101003F11010058
:1074F0003F1101003F1101003F1101003F11010048
:107500003F1101003F1101003F1101003F11010037
:107510003F11010027140100980801208406012072
:10752000E8810020F081002034860020141601201C
:10753000988100209C810020FC810020A0810020F7
:10754000A8810020B0810020B881002000820020A6
:10755000D8810020E081002010820020D80E002079
:10756000D0030120B4970020BC9700204082002067
:10757000241C0120448200204C82002054820020E0
:107580005C82002064820020640701206882002061
:10759000DC860020F4810020188200203C2B7FF440
:1075A00008AFD4F8C0303F48984702E7D4F8C0305D
:1075B0003D489847EB79012B3FF4CAAE3B493C4824
:1075C000D4F8C020022B18BF08469047C0E69907A0
:1075D00004D5D4F8C030374898476B7EDA077FF57A
:1075E00002AFD4F8C03034489847FCE65F20FAF781
:1075F000B5FFB847337E022B7FF4A2AE0020F0F730
:10760000A5FFC3689B7ADB077FF59AAE0020D4F80C
:10761000C070F0F79BFF294A294B407800280CBF27
:1076200010461846B8478BE60020F0F78FFF037826
:10763000244813F0020F244B08BF1846C3E6D4F8C1
:10764000C060FAF78BFFB04717E60020D4F8C050AF
:10765000F0F77CFF0346002093ED020AFAF7A4FF3F
:107660001A4902460220FDF7F5FEA847D4F8C030BB
:107670001748BDE8F0411847164991E6D4F8C030E4
:107680001548984795E6D4F8C0301448984790E6D6
:10769000D4F8C030124898478BE6D4F8C03011486F
:1076A000984786E63482002008820020D48100209A
:1076B000D0810020C49700203C820020C08100209F
:1076C000C8810020AC970020A49700206C82002085
:1076D000DC860020D00301202882002024820020A4
:1076E000208200202C82002070B50B4C0D46D4F86F
:1076F000C060FAF733FF094B024609490320FDF742
:10770000A9FEB0472846D4F8C0309847D4F8C03016
:107710000448BDE8704018479808012018850020EB
:10772000148700205C7F002070B50A4D06460A4889
:107730000C46D5F8C03098473046D5F8C030984749
:10774000D5F8C03005489847054B20469B68BDE8F2
:1077500070401847980801207C8100201482002086
:10776000680701202DE9F04FC04C9DB00546C04888
:10777000D4F8C0309847BF48D4F8C060FAF7EEFE9E
:10778000B047BD48D4F8C03098472846D4F8C03038
:107790009847D4F8C030B9489847002004F078FEE4
:1077A000B74B054693E803000390ADF810101DB1E8
:1077B000AB7ADE0700F1BD820DF1110294F81A32A6
:1077C0004E219807117000F1AC82531CAD4E96F813
:1077D0002C01C10702D5502203F8012B96F88E1117
:1077E0000A0702D55A2203F8012B8F0702D5482237
:1077F00003F8012B96F82621120702D5542203F82C
:10780000012B96F82021D70602D5412203F8012B3F
:107810001DB1AA7A920740F1888296F8B520D70761
:1078200002D5302203F8012B94F80822D50702D59F
:10783000532203F8012B400702D5522203F8012BF3
:10784000490702D44C2203F8012B94F810221207A6
:1078500002D52B2203F8012B96F81921D70702D461
:10786000572203F8012BD4F8A02012B1322203F8DA
:10787000012B2C2203AD4FF0000BDFF800A21A7091
:10788000284683F801B0D4F8C0309847D4F8C070C7
:10789000FBF790FDFAF762FEB847D4F8C0307A489B
:1078A0009847A06AD4F8C070FAF758FEB847D4F8E1
:1078B000C030754898470320D4F8C070FAF74EFEE0
:1078C000B847724FD4F8C0306F489847B869D4F8B9
:1078D000C080FAF743FEC047D4F8C03050469847FE
:1078E000FBF752FCD4F8303180469847684B81460C
:1078F00093E8030003900320ADF81010FAF72EFE72
:107900000146284610F07CFB624B3A2228468DF84F
:1079100012201A6812788DF81320D3E90123127807
:107920008DF814201B788DF816B08DF8153011F0F5
:1079300041FD0346DAF80000E8502846D4F8C0308C
:10794000984796F81C31544A13F0400F534B96F861
:107950008EC108BF13461CF0010F1B68ADF81C3028
:107960004FEA13438DF81E304D4B0FCB85E80F00C7
:1079700040F07182D4F81431002B00F07882D4F8F2
:107980001C311BB3284611F015FD94F80B22DFF8CB
:1079900024C1034602F0020102F0010294F80AE257
:1079A00041EA8202BCE80300E8502B4442EADE10C0
:1079B0005960FAF7D3FD0190284611F0FBFC0199BC
:1079C00028440EF0EDFF304B1B88038094F91032F1
:1079D00094F810A2002BC0F25B821AF0200F40F046
:1079E00022821AF0100F40F0DD811AF0400F40F0B3
:1079F000E48194F80AA21AF0010F40F0EB81337E83
:107A0000022B00F0F5811AF0020F40F00182D4F849
:107A1000EC3153B1284611F0CDFC224A034605EB68
:107A2000000C03CAE850CCF80410B9F1000F00F0C4
:107A30006D811D491D4BB9F1020F18BF194628462B
:107A400010F0DEFA94F809329E0700F1FC81284616
:107A500011F0B0FC164A03462E1894F80B12106869
:107A60001279E8504807327126E000BF98080120DB
:107A7000A87F00200B25350114820020DC86002021
:107A8000B47F002014160120DC7F0020680701204D
:107A9000BC7F0020D80E0020787F0020747F00205B
:107AA000C47F00201C800020887F00207C7F002075
:107AB00028800020EC7F002000F1BD81F0F710F855
:107AC000002840F03E81284611F074FC00F16F035D
:107AD0000DEB030010F8643C2C2B02D1002300F8BE
:107AE000643CD4F8C03028469847FB6D0120984785
:107AF000D4F8C03098489847D4F8C0309748984791
:107B0000D4F8C0309648984794F91122B4F810324E
:107B1000002AC0F21481002B00F0118194F810C2E9
:107B20002846904A0CF0080CD9070BD5117820296B
:107B300008D04429064602D1BCF1000F02D006F855
:107B4000011B30465B0802F10102EDD10026D4F89A
:107B5000C030067028469847D4F8C0307E48984711
:107B600098F8003013F0FB0F2AD0D4F8C0307E48CC
:107B7000984794F8AC318DF80C60042B00F092819A
:107B800098F80030032B00F08B817849784A022B5B
:107B900018BF11462846019111F00CFC01992844A8
:107BA0000EF0FEFED4F8B4210346002A40F0868190
:107BB0002846D4F8C0309847D4F8C0306648984773
:107BC000636B7BB16B48D4F8C0309847636BD4F8D3
:107BD000C0509847800AFAF7C1FCA847D4F8C030D3
:107BE0006548984763685BB16448D4F8C0309847EB
:107BF0006068D4F8C0309847D4F8C03056489847E9
:107C0000A3685BB15E48D4F8C0309847A068D4F848
:107C1000C0309847D4F8C0304F489847E3685BB10C
:107C20005848D4F8C0309847E068D4F8C030984736
:107C3000D4F8C0304848984763695BB15248D4F8DB
:107C4000C03098476069D4F8C0309847D4F8C03045
:107C500041489847E36A6BB1D4F8C0304B48984725
:107C6000E06AD4F8C050FAF779FCA847D4F8C030DD
:107C70004748984700210120F6F734FB0121804650
:107C80000846F6F72FFB002106460846F6F72AFBC2
:107C9000012105460020F6F725FB48EA0603814648
:107CA0002B430343DBB25BB3D4F8C0303948984769
:107CB0004046D4F8C080FAF751FCC047D4F8C03031
:107CC000354898473046D4F8C060FAF747FCB047CB
:107CD000D4F8C030304898472846D4F8C050FAF756
:107CE0003DFCA847D4F8C0302B4898474846D4F804
:107CF000C050FAF733FCA847D4F8C030164898476C
:107D0000FB6D002098471DB0BDE8F08F337F042B3A
:107D10003FF498AED4F8E030002B3FF493AE1F4907
:107D20008DE64D21931C517050E5442203F8012B40
:107D300073E556230DF112028DF811303EE5284609
:107D400004E7284611F036FB154A03462918106847
:107D5000E85013790B71B6E6DC86002040800020E5
:107D600058800020F087002064800020A07F002041
:107D7000907F00207C8000208C8000209480002058
:107D8000A0800020B4800020C8800020D080002087
:107D9000E0800020E8800020DC7F0020847F00203D
:107DA00038800020284611F005FB4E4A03461AF0A1
:107DB000400F1068E8503FF41CAE284611F0FAFA64
:107DC000494A94F80AA2034610681AF0010FE850D5
:107DD0003FF415AE284611F0EDFA444A034629183F
:107DE0001068E85013790B71337E022B7FF40BAED1
:107DF000284611F0DFFA3E4A0346291810681AF0A7
:107E0000020FE85093888B8093798B713FF4FFAD1C
:107E1000284611F0CFFA374A034629181068E8506F
:107E200013790B71F3E5284611F0C4FA324A034680
:107E30001068E850D5E5314A04331068E918E85075
:107E400013790B713AE6284611F0B4FA2C4A03462E
:107E50001068E850FBE52B4B18689B88CDF81E0096
:107E6000ADF82230D4F81431002B7FF488AD2846C9
:107E700011F0A0FA244B05EB000C024694F810A276
:107E800003CB1B78A850CCF804108CF80830A4E57C
:107E9000284611F08FFA1D4A03461068E8509CE509
:107EA0001B4977E6284611F085FA1A4B1B882B529E
:107EB00098F80030032B7FF468AEF1E7900A164A79
:107EC00012881A80FAF74AFB01462846019111F000
:107ED00071FA019928440EF063FD104B1B88038052
:107EE00066E600BFFC7F00200080002004800020A8
:107EF0000C80002014800020F87F002030800020BB
:107F000024800020D87F0020E07F0020F47F002024
:107F1000987F002074800020348600207880002024
:107F20002DE9F04FDFF89CB095B0044608F026FB31
:107F3000DBF814310546002B00F02F84984781466A
:107F400009F001030293C9F340030693C9F3813397
:107F500007931A48A04705F0F7F8194B074693F81E
:107F60009030012B01D108283BD0202F2CD8202F76
:107F700000F23384DFE817F0F90401051405310439
:107F80001C05310431043104240531043104310469
:107F90003104310431043104E80431043104310482
:107FA0003104310431043104310431043104310429
:107FB0003104310431043104F10400BF388400205D
:107FC0008406012098080120802F00F0048440F2EC
:107FD0006281B7F5807F00F0D084B7F5007F40F074
:107FE000FC832B16B648DFF814830193A047B549EC
:107FF0000BA808F01DFA98F81931C3F3401363F386
:10800000D345002B40F0A68398F8186116F00106BE
:1080100040F054810EAA03940DF12C0A1446304608
:108020000121F0F7F7F8DAED007A0136A4EC010A45
:1080300077EEC07A032EEAEC017AF0D198F8183185
:10804000039CD90700F13A819F48A04EA0470BA896
:1080500033689847A04798F818319A0710D59C487C
:10806000A047FBF77FFDFAF779FAA0479948A047A8
:10807000DBF8BC309847FAF771FAA04798F8183146
:108080005B0700F15583C5F307432803049305D527
:108090009148A047336811A89847A047002004F0F2
:1080A000F7F9836A0390984798F8183182468DF85B
:1080B0001400190714D5039B9B7A13F0010F874B0B
:1080C0001B68089340F0C68206F03AFD089B98476B
:1080D000834902460220FDF7BDF9A04798F8183100
:1080E000DA0640F1AA80029B069A63F30009DBF8E6
:1080F0005C3062F3410998470A90F7F76FFADBF8B2
:108100006C305FFA80FA9847C5F38073024689F0B5
:10811000020143EA9203C1F3400122F4814203F0D9
:10812000010322F004029B0043EAC113029943EACF
:1081300081331A436B4B198901F0D001C1B19BF80F
:108140001012880604D41889C0F3801060F3451219
:10815000C90604D41989C1F3001161F304129BF814
:108160001112080704D41B89C3F3C01363F3CB2295
:10817000BAF1000F00F04082C2F3072C1CF0040C8F
:1081800040F03A829BF817E29BF81602564940EA03
:108190000E009DF828E0554B00F0070A9DF82900D5
:1081A0004EEA000E03C90EF0070E186003F8041F14
:1081B0009DF82A104E4802919DF82B1006912EFA38
:1081C0000CF1C9070DD550F82C10097819702AFA4E
:1081D0000CF1C90740F156844FF03101023303F826
:1081E000011C0CF1010CBCF1030FE8D102990698B7
:1081F000DFF8FCC0014301F0070A00212AFA01F070
:10820000C0070BD55CF8210090F800E0184600F894
:1082100002EB4FF0320E83F801E0034601310329EF
:10822000ECD1002192B21970002A40F0F2810022B4
:108230002E481A70A04798F8183113F0400261D008
:10824000DFF8BCA09AF80020002A40F0498217F01D
:108250007C0F45F0400540F0508309238AF8003038
:10826000019B002BC0F25082EA0600F10384059BBB
:1082700003F0010363F30415AB0600F1F983DBF8A7
:1082800078309847C3B2003B18BF012363F345150C
:108290009AF800202EE2402F40F09F82114B93F875
:1082A0002800FAF75BF9134902460220DFF84C80F8
:1082B000FDF7D0F8A0472B16019398E60E48C4E6C8
:1082C00088840020B01C0120048400206007012065
:1082D00090840020DC7F0020A0840020640701201F
:1082E000B0840020241C012010850020D003012030
:1082F000D80E002078840020FC8300201416012072
:10830000A421012062F3861513F0200239D0904990
:108310000A78002A40F0CB818E4A17F07C0F02EADF
:10832000050240F0E282402A4FF009020A7014BFB1
:108330000122002262F308250CBF012200220292D2
:1083400025BB854A92F8902002BB844BD3F8843039
:1083500013B1294620469847019B002BC0F2D781D4
:1083600098F81931990700F13D827D48A047002017
:1083700008F00AF9029B002B40F0D38115B0BDE84C
:10838000F08F62F308250292002DDAD0C5F30722A0
:10839000E8059246069218D5D9070EAF0FD50023EF
:1083A000089509943D461C46204601340121EFF70B
:1083B00031FF032CA5EC010AF6D1DDE90854694828
:1083C000A047336838469847A0471AF0020F40F09C
:1083D000E7806A06EEB200F1EE8016F0B00F00F012
:1083E0009280DBF8783098475F4B604A13609DF8C5
:1083F0001430D9B2DB0740F1FD8011F0020F02F119
:10840000040314BF43275327D7708A0604D59BF86B
:108410000922970700F16D82C107C2B202D5462139
:1084200003F8011B920702D54D2203F8012B4A4A9B
:1084300077B292F8902022B1002F02DB542203F889
:10844000012B002249481A70A047B30764D4484B57
:108450001D4204D0B8F81430002B40F03182F007F0
:1084600009D5444B444A93F88500444B002814BF77
:1084700010461846A04771071CD53E4B1A7B2AB9F7
:1084800098F88E2112F0220F14D0072293F848108A
:10849000022003938A433A493A4A08BF0A463A49B6
:1084A000FCF7D8FFA04798F88E21039B12F0020F2B
:1084B00040F0348232070CD598F81830022B08D1DE
:1084C000254B324A5879324B002814BF10461846C3
:1084D000A047002FC0F2A082049B13F0140F40F0BD
:1084E0006481069B1F0600F188821AF0080F3FF492
:1084F0002CAF204B586C461CFFF627AF40F005828E
:108500002448A04721E7144B93F89030002B7FF4C8
:1085100068AFB30777B29AD5EFF766FE10F00700A1
:1085200000F0E0821C4B114910F0010F0A4604D004
:108530001968097802F8011B1146400803F1040389
:10854000F2D1002315480B70A0470848A0477EE7EA
:10855000B5210120400200A0840601206807012007
:108560000C850020B48400207C413A00D003012017
:1085700001000080241C0120188400202084002099
:10858000989400208C940020D4840020288400201B
:1085900030840020F0840020D80E0020CC840020FD
:1085A000B248EEB2A047B24B187DEFF7EBFDA04703
:1085B0006A067FF512AFAF4F3869F9F7CFFFAE49C2
:1085C00002460220FCF746FFA0477869F9F7C6FF8C
:1085D000AA4902460220FCF73DFFA047039B5B68C7
:1085E000D868F9F7BBFFA54902460220FCF732FF25
:1085F000A047F2E6D31C08E792B2002A3FF41BAE74
:10860000DFF884C29E49634603C9CCF8000003F832
:10861000041F110415D49BF810E29A490EF0080EBD
:10862000D0070AD50878202807D044289C4640F077
:108630008781BEF1000F40F08381520801F10101F2
:10864000EED1002290481A7000221A70A04798F8C4
:108650001831F2E506F074FA089B98478B490246F8
:108660000220FCF7F7FEA047534613F0010040F04C
:108670006081F9F773FF814902460220FCF7EAFEA8
:10868000A047039BDB6B002B3FF428AD01209847EC
:1086900090ED000A0CF020FBF9F760FF77490246E5
:1086A0000220FCF7D7FEA04798F8183118E5784863
:1086B00028407FF431AE013AB7FA87FCD2B24FEAD4
:1086C0005C1C092A0A7098BF4FF0000C6746CDF871
:1086D00008C0002F3FF434AE092202900A702FE642
:1086E00015F040017FF4B3AD013A61F38615D2B2C3
:1086F0008AF80020092A94BF00220122002F18BF07
:108700000022002A40F0958198F81831FCE5614874
:10871000A047584B5B79002B3FF427AE5E48A0473B
:1087200023E64FF4807007F02FFF15B0BDE8F08FFF
:10873000FAF7FCFE00283FF4A6AC806900287FF71A
:10874000A2ACF9F70BFF554902460220FCF782FE66
:10875000A04798E4FAF7EAFE002814BF012300239B
:1087600063F3D3453FF450ACD0ED076A9DED0B5A4F
:1087700090ED087AD0ED097A76EEC56ADDED0C5AF7
:108780009DED0D6A37EE657ACDED116A77EEC67A0A
:108790008DED127ACDED137A36E400220123914655
:1087A000079202920693FFF7D4BB0798F9F7D6FE1B
:1087B0003B4902460220FCF74DFEA047049BDB0626
:1087C0007FF58FAE09F02809B9F1200F7FF489AE4B
:1087D0003448A04785E63448A0472B16DFF8DC80F4
:1087E000019304E40020EFF7B1FE21492F4BD1EDB6
:1087F0001C7A93ED007AF4EE477A90ED027AF1EE6E
:1088000010FA40F01A812A4AD2ED006AB4EE667A74
:10881000F1EE10FA40F031811549D1F8D4100E690B
:1088200024490868864240F00E81114BD3ED347A1A
:10883000F5EE407AF1EE10FA08D1D3ED337AF5EE89
:10884000407AF1EE10FA08BFD3ED327AF5EE407AB5
:10885000194A1378F1EE10FA14BF01210021994250
:1088600000F0338183F001031370F1E0BC84002039
:1088700084060120241C0120C4840020DC7F002009
:1088800010850020F0870020D0030120A88400205C
:10889000000300A0F88400200485002098840020B4
:1088A000DC840020E0830020808400208C050120EF
:1088B000B81801205C2001209A2101201416012003
:1088C000894B8A4A19898A4811F4007F039308BFAB
:1088D0001046A047039B1B899B057FF5C0ADB8F8E8
:1088E0001400F9F73BFEA047B9E5402A4FF01D02FE
:1088F0001CE5452203F8012B8EE513228AF800209F
:10890000019A002ABFF6B0ACFEE4F9F727FE7949D8
:1089100002460220FCF79EFDA04716E593F84800AA
:10892000F9F71CFE744902460220FCF793FDA047AC
:10893000C0E5039B5B6893ED010A0CF0CDF998E666
:108940000CF8010B634678E6674B93F82900013871
:10895000F9F704FE69490246A7E46948A047DFF831
:10896000E8812B160193FFF742BB6648A047DFF86A
:10897000D8812B160193FFF73ABB2B16DFF8C8817D
:10898000019303D498F81931580705D5564B93F83D
:108990008000002840F08F805B48A047FFF727BB8E
:1089A0005A48A047DFF8A0812B160193FFF71FBBA1
:1089B0005748A047DFF890812B160193FFF717BBAC
:1089C000494B54480193A047019BDFF87C8193F801
:1089D0003820012AD1B25FD04F4A1178002954D0F3
:1089E000029911701B899E065FD4002950D04B4814
:1089F000A0472B160193FFF7FABA3B4B93F8700090
:108A0000003818BF0120F9F7A9FD454902460220A8
:108A1000FCF720FDA04768E5424BD3F8D430186935
:108A2000F9F79CFD404902460220FCF713FDA047E0
:108A300052E509238AF8003066E63A4A3B49D2F803
:108A4000D42016693A4A0E60C3ED007A82ED007AAE
:108A5000DBF840304FF48051364898476A057FF57F
:108A600084ACDBF840304FF40051324898477CE446
:108A700001230BE40123FFF7FDBBD1F8D4100E69ED
:108A80002A49E0E70133FFF7ACBB1B899B060CD4F6
:108A90002B160193FFF7ABBA98F8192112079BD553
:108AA0001B891D4A9B061170A1D52348A0472B1690
:108AB0000193FFF79CBAF9F751FD204902460220C5
:108AC000FCF7C8FCA047FFF792BA502215491C4892
:108AD0000FF04EF90028C1D05022124918480AF070
:108AE00097FAB5E717492CE5241C012014840020CF
:108AF0000C840020E8840020DC7F00204C840020CF
:108B0000548400203C84002068840020708400206D
:108B10005884002044840020A6210120488400209D
:108B2000E084002084060120D88400205C200120FD
:108B3000B8180120601C01201C84002060840020E3
:108B4000E40A0120D00301201416012040F27E33F4
:108B5000994212D070B50C4605460021204602F01D
:108B600083FC40B10288A2F11803012B08D990F8C8
:108B70002C60F6095EB1352070BD1146FDF716B9BF
:108B8000064B93F88F61C6F34006002EF3D10146E1
:108B9000A21A2846FCF7BCFD304670BD1416012011
:108BA0002DE9F0410E4605460021304602F05CFCFE
:108BB000002835D003880446183B9BB2012B32D9DC
:108BC00090F82C30DB095BBB3046DFF8988002F070
:108BD00077FD07466DB9D8F8C0301B489847304636
:108BE000D8F8C060F9F7BAFCB047D8F8C0301748D9
:108BF0009847D8F8C030E7B13846984794F82C30F9
:108C0000DB0708D512483978021DD8F8C030002992
:108C100008BF104698471DB9D8F8C0300D4898478E
:108C20000020BDE8F0810C4B93F88F31C3F3400373
:108C3000C9E70A48984794F82C30DA07EBD5D8F8FA
:108C4000C0300748E6E700BF20850020C4E40020CC
:108C50005C850020DC860020141601205086002050
:108C600060850020980801202DE9F041294F064633
:108C7000BB6F9847044626B1274B2848D3F8C0302D
:108C8000984700252388A4681D44002CFAD1BB6FA7
:108C900098470421044628460FF0BAFE074650B311
:108CA000218859B184460023626802EBC302013374
:108CB0008B424CF8042BF7D100EB8300A468002C06
:108CC000EED1174B0422294638460FF021FF4DB153
:108CD000A7F104080134314658F8040FFDF7D8FE17
:108CE000A542F7D138460EF08BFD0020BDE8F0819B
:108CF000A468002CF9D02388002BF9D000256068E7
:108D0000314600EBC5000135FDF7C2FE2388AB42BA
:108D1000F5D8EDE76807012098080120187F0020AA
:108D2000DDED00002DE9F041294F0646FB6F984725
:108D3000044626B1274B2848D3F8C0309847002571
:108D40002388A4681D44002CFAD1FB6F98470421A6
:108D5000044628460FF05CFE074650B3218859B1FF
:108D600084460023626802EBC30201338B424CF855
:108D7000042BF7D100EB8300A468002CEED1174B35
:108D80000422294638460FF0C3FE4DB1A7F104086E
:108D90000134314658F8040FFDF726FEA542F7D1FD
:108DA00038460EF02DFD0020BDE8F081A468002CAF
:108DB000F9D02388002BF9D000256068314600EBFC
:108DC000C5000135FDF710FE2388AB42F5D8EDE76D
:108DD000680701209808012034810020E9ED000097
:108DE0002DE9F047002680460F4602F0D5F843787B
:108DF00080691E440028FAD102F0CEF8042105460D
:108E000030460FF005FE0446002848D0864695F807
:108E10000190B9F1000F16D0002084466A682368DB
:108E200002EB000A9AF801109BB3224602E052F8C6
:108E3000043F73B35B788B42F9D1013E0CF1010C16
:108E40000C30CC45EAD1AD69002DE0D11F4A314646
:108E50001F4B2046B8F1000F18BF134604220FF035
:108E600057FE86B1A4F1040959F8048F013598F82A
:108E7000010002F065FA0346394640460BB1FDF7A2
:108E800079FBB542F0D120460EF0BAFC0020BDE8D7
:108E9000F0874EF804ABD1E7AD69002DF6D06B78C2
:108EA000002BF9D00024A0466E6808F10108264482
:108EB0000C34707802F044FA0346394630460BB160
:108EC000FDF758FB6B784345EED8E5E7F5ED00007C
:108ED0003DF4000038B5047894B9294D2948D5F8F7
:108EE000C0309847D5F8C030274898472748D5F86C
:108EF000C030984726492046FFF772FF002038BD52
:108F000005460346A4F16101192998BF04F05F04E6
:108F100003F8014B1C78002CF4D11E492846FCF7BD
:108F200023F830B11C4B5B6E002BE7D09847002034
:108F300038BD1A492846FCF717F820B12146012010
:108F4000FCF734FFDAE702F027F82A4604464178B6
:108F50004068FCF7F7FF0028D0D1A4694CB16068E5
:108F60002A460028F9D06178FCF7ECFF0028F4D0FD
:108F7000C4E7034B0A48D3F8C0309847BEE700BFA8
:108F8000980801207C8200208C820020988200209A
:108F900034860020A482002068070120B0820020CF
:108FA000BC820020F8B51A4B1A4D1B4C1B4E0FCB40
:108FB00007C495F987202370002AB5F8863015DBA1
:108FC000A3B196F81072164A07F00807D90709D519
:108FD0001178202906D04429204600D117B100F885
:108FE000011B04465B0802F10102EFD120462C234D
:108FF000D5F8881000F8013BFDF79AFCD6F8C03090
:10900000054898470748D6F8C03098470020F8BD73
:1090100048830020241C0120D0030120980801204F
:10902000F0870020DC86002070B50D4B82B00D4E1D
:109030000D4D344693E80700EB6D03C4227098474A
:1090400001462046FDF774FC3046D5F8C0309847FD
:109050000648D5F8C0309847002002B070BD00BF68
:1090600004810020D003012098080120DC86002024
:1090700010B5264C82B0636E984725490346254AB1
:1090800003C9ADF8043082E8030013F007003AD0BA
:10909000214B073210F0010F114604D01A681278E4
:1090A00001F8012B0A46400803F10403F2D19DF8B0
:1090B00005302C2113F0070302F8011B0DD01649CF
:1090C00013F0010F104604D00A68127800F8012B43
:1090D00002465B0801F10401F2D194F818020F492D
:1090E0000F4B002808BF0B469978188891701080A4
:1090F000D4F8C030074898470A48D4F8C030984799
:10910000002002B010BD0732D1E700BF980801204F
:10911000FC800020D0030120D80E0020F880002021
:10912000F4800020DC860020F0B54FF0FF3083B0E3
:10913000EFF70CFAC368DB6B002B41D00546022029
:1091400098470246EB68002092ED030A1E4CDB6B49
:109150008DED010A98470646D4F8C0301B48984761
:109160007069D4F8C070F9F7F9F9B847D4F8C0308D
:1091700017489847B069D4F8C070F9F7EFF9B847C5
:10918000D4F8C03012489847F069D4F8C060F9F7B5
:10919000E5F9B047D4F8C0300D4898479DED010A75
:1091A0000320D4F8C060F9F7FFF9B047D4F8C03015
:1091B00008489847EB68DB6B13B1002003B0F0BDA3
:1091C000032003B0F0BD00BF98080120E486002012
:1091D000DC7F0020DC86002030B51F4D85B00024E8
:1091E000D5F8D8310394CDE9014463B301AA1B49F2
:1091F00020469847029800EB4000C0000EF0F8FAB5
:109200000246039010B301AA15492046D5F8D8317B
:109210009847144B1822DDE902100FF079FC029BED
:1092200001946BB12046039B00EB400003EBC000B0
:10923000FCF7E2FEDDE90103013098420190F2D330
:1092400003980EF0DDFA002005B030BDD5F8D83116
:1092500005499847F7E700BF9808012001EE000094
:109260002906010009EE0000D105010030B583B0E8
:1092700000241B4801A9019405F050FF019810B982
:10928000002003B030BDC0000EF0B2FA0546014622
:1092900010B314482C6005F041FF0822124B2846F9
:1092A00001990FF035FC019A2C607AB1234605EB49
:1092B000C3035868037813F0FD0F02D1FDF79CF942
:1092C000019A2B68013393422B60F0D328460EF0AD
:1092D00097FA002003B030BD044805F01FFFCFE728
:1092E00011EE0000F501010025EE00004905010026
:1092F00010B5002482B00F4B012022462146009475
:10930000F5F7BCF9012122460B4B08460094F5F70E
:10931000B5F922462146094B20460094F5F7AEF9EF
:10932000074B2246012120460094F5F7A7F9204675
:1093300002B010BDB1FE0000F1FD000015010100FA
:109340002100010030B5194C8BB0D4F8443113B171
:1093500001A8984710B903200BB030BDD4F8C03035
:10936000134898470698D4F8C05000F26C70F9F78B
:10937000F5F8A84705990F480131FBF7A5FE0499B8
:109380000C48FBF7A1FE03990B48FBF79DFE0299E1
:109390000A48FBF799FE01990848FBF795FED4F8B7
:1093A000C0300748984700200BB030BD9808012016
:1093B00048870020C88600205087002014820020A3
:1093C000DC86002010B504460848214603F0A4F8C6
:1093D0000CB1002010BD03F031F90028F9D1044B85
:1093E0000448D3F8C0309847002010BD89EE000033
:1093F00098080120F886002010B54A4C82B0D4F8B5
:10940000B030002B58D000209847019083B22BB386
:10941000D4F8C030444898479DF8043013F007034F
:109420007BD0424A424813F0010F014604D0106835
:10943000007801F8010B08465B0802F10402F2D142
:1094400000229DF805300270002B38D13848D4F83E
:10945000C0309847D4F8C03036489847BDF8063039
:1094600023B3D4F8C030344898479DF8063013F041
:10947000070354D02D4A2E4813F0010F014604D0A3
:109480001068007801F8010B08465B0802F104023D
:10949000F2D100229DF8073002703BBB2448D4F87B
:1094A000C0309847D4F8C03022489847D4F8B0303C
:1094B00013B1002002B010BD032002B010BD2C2259
:1094C00013F0070300F8012B0DD0184A13F0010F19
:1094D000014604D01068007801F8010B08465B08CB
:1094E00002F10402F2D100230370AFE72C2213F043
:1094F000070300F8012B0DD00C4A13F0010F0146B1
:1095000004D01068007801F8010B08465B0802F1EE
:109510000402F2D100230370C0E7054890E7044835
:10952000B7E700BF9808012028870020D80E002048
:10953000D0030120DC86002038870020014B142056
:109540009B6818476807012030B4084B084C9C46BC
:109550009D6B0FCCACE80F0094E803008CE803008F
:1095600015B12B4630BC184730BC70476807012046
:109570008081002001207047024B002083ED430AC8
:10958000704700BF14160120084BD3F8A03053B128
:10959000002010B50C4698470146054B002021409D
:1095A00083F8061110BD3520704700BF98080120D0
:1095B000141601200B46064A01211846D2F88C20C9
:1095C00010B5044C84F808319047002010BD00BF4E
:1095D0009808012014160120054B89B2998221B9FF
:1095E000044B1A8961F349221A810020704700BF99
:1095F00014160120241C0120024B0020A3F818118E
:10960000704700BF141601200020054B091A93F87B
:10961000B52018BF012161F3000283F8B52070471F
:1096200014160120034691F9012090F900009042A0
:109630000CBF0120002001D15B780B70704700BF88
:10964000154A002330B592F82901144C84F899305A
:10965000D0B119469E4601250323013B20FA03FCA5
:109660001CF0010F0AD0D2ED217A05FA03FCF5EEC9
:10967000C07A4EEA0C0CF1EE10FA06D4243A002B14
:10968000EBD109B184F899E030BD5FFA8CFE01217D
:10969000243A002BE1D1F4E714160120241C012008
:1096A00008B5074B21B193F88E21D20706D50721C3
:1096B00083F82911FFF7C4FF002008BD0A2008BD68
:1096C00014160120094B93F810325B060BD5084B9A
:1096D000B1FA81F1002093F81D21490961F3C71205
:1096E00083F81D2170473520704700BF980801207E
:1096F000141601200020054B091A93F81E2118BFEB
:10970000012161F3041283F81E2170471416012011
:10971000144B01F0010093F8262160F3000210B50C
:1097200083F82621B0B1C1F3400193F826210E4CF5
:1097300061F341024FF0000112F0010C83F8262181
:109740000A4B18BF4FF0070C9B6D84F898C09847E0
:10975000002010BD93F82621014660F3041283F81F
:109760002621E2E714160120241C0120980801207C
:10977000094B19B193F88E21D2070BD5003993F814
:1097800026214FF0000018BF012161F3820283F807
:10979000262170470A207047141601200020054B2F
:1097A000091A93F81C2118BF012161F3861283F86E
:1097B0001C2170471416012011F001030DD001F097
:1097C0000702084B890783F82C2104D5D2B242F056
:1097D000040283F82C2100207047024A002082F8FE
:1097E0002C317047141601200020054B091A93F8FC
:1097F0001C2118BF012161F3410283F81C2170472D
:10980000141601200E4A92F88F3113F002030BD187
:1098100018280CD0192808D1184682ED230A82EDA9
:109820001A0A82ED110A7047352318467047184608
:1098300082ED240A82ED1B0A82ED120A704700BFF6
:10984000141601200020054B091A93F81C2118BF9B
:10985000012161F3C30283F81C2170471416012013
:1098600001F00103C1F3400100201B0110B4064CBC
:1098700043EAC11394F81C2102F06F02134384F8E9
:109880001C315DF8044B704714160120124A002069
:1098900000B592F88E316FEA010E92F81EC16EF398
:1098A000C71381F0040E2CF0620C82F88E3181F027
:1098B0000203CEF3800E81F0080103F00203C1F32E
:1098C000C00143EA4E1343EA811343EA0C0382F8D2
:1098D0001E315DF804FB00BF141601200020054B6B
:1098E000091A93F81D2118BF012161F3410283F881
:1098F0001D217047141601200020054B091A93F80A
:109900001C2118BF012161F3451283F81C21704707
:1099100014160120214A01F00103B2F820011B01B5
:1099200010B5C1F3400420F4887043EA04231C4CB2
:109930000343A2F8203111F0080304D094F80B324D
:1099400013F0020324D192F8210163F3410082F85D
:10995000210111F0100009D094F80B0210F0010061
:1099600004D0D4F81C01003818BF0120B2F820C17F
:1099700001F02003D4F810412CF4026143EAC02323
:109980000B430021A2F820310846A047002010BD5B
:10999000D4F81C31003B18BF0123D4E71416012072
:1099A00098080120054B93F80A0210F0040003D137
:1099B000034B83ED0B0A7047032070479808012082
:1099C000141601200F4B93F80A0210F0040017D16F
:1099D000CB43C1F34002C1F380019B0310B403F4F5
:1099E0008043094C43EA8243D4F81C2143EAC14333
:1099F00022F444221343C4F81C315DF8044B704731
:109A000003207047980801201416012040F21B2300
:109A1000984226D0B0F5077F12D2B0F5AA7F2DD09C
:109A2000B0F5C57F0AD1DFED197A194B20EE270A70
:109A3000BCEEC00A10EE102AA3F8AC20002070473C
:109A400040F2A1239842F9D1DFED107A0020104BAB
:109A500020EE270ABCEEC00A10EE102AA3F8A420BC
:109A60007047DFED0A7A0020094B20EE270ABCEE92
:109A7000C00A10EE102AA3F8AE207047044B002055
:109A800083ED340A83ED2C0A704700BF00007A444E
:109A900014160120034A03460349104613815160FE
:109AA0000B617047282001203420012010B582B0BE
:109AB0000B460024094801A98DF805308DF80440B3
:109AC00002F02AFD38B1064B20469DF8042083F8A9
:109AD000A92002B010BD342002B010BDB133010086
:109AE0001416012010B582B00B4600240B4801A9C2
:109AF0008DF805308DF8044002F00EFD10B93420C9
:109B000002B010BD9DF80420054B9DF9050083F8B7
:109B1000A82002F0E5FC204602B010BDB1330100E0
:109B2000141601200A4B93F80A0210B510F0040431
:109B30000AD1D3F8E0303BB1042905D8054B197799
:109B400007F054FB204610BD0324204610BD00BF83
:109B5000980801201416012008B5044B184480F819
:109B60006611F6F7A7F9002008BD00BF1416012002
:109B7000CBB2012B10B50C460DD0022B04D00BB18B
:109B8000032010BD094A5371094A0121094B0020E5
:109B900011701C7610BD002002F0F4FB030703D502
:109BA000024B00225A71EFE7112010BD84060120FC
:109BB000A02101201416012010B5464C237E012B54
:109BC00078D0E38A40F2CA321E3B9BB2934201D95D
:109BD0002323E382404A92F90832002B02DB002360
:109BE000A4F8AA30D2ED077A94ED437AD16AB4EEA4
:109BF000E77AF1EE10FA48BFC4ED437AF1B107EE0F
:109C0000901A344BDFED355AB8EE677AA3F16C0148
:109C1000D3ED1E6AD3ED1F7A66EEA77A87EEA56AAA
:109C2000B4EEC76AF1EE10FA05DD27EE256AC6EE3E
:109C3000267AC3ED1F7A243B9942E9D1237F042B76
:109C400007D994F81E31032143F00803217784F8E3
:109C50001E3192F80B1211F001001CD0D2F81C3109
:109C600083B394F821318A07C3F3400300D400235F
:109C700094F82101B4F89C10B4F89E2063F34100DD
:109C800041F4806122F4806384F82101A4F89C10DF
:109C9000A4F89E3010BD94F82131890760F3C30306
:109CA00084F82131C3F34003E1D5D2F81C21002A06
:109CB000DED1DCE7002002F065FB10F0080008BFF1
:109CC00020767EE794F8212163F3C30284F82121F2
:109CD000CDE700BF14160120980801200000704253
:109CE0000E4A08B5D2F81031B3B10D4B92F80BC241
:109CF00093F820211CF0020F61F3410283F8202128
:109D000006D0D2B2C1F3400161F3C71283F820211B
:109D1000F4F7A4FF002008BD352008BD98080120F5
:109D20001416012008B5064B064AB3F8103223F486
:109D300080631940A2F89E10F4F790FF002008BD40
:109D4000980801201416012010B5164CD4F81031D3
:109D500033B3154B93F8202161F3000283F82021DF
:109D600094F80B2212F0020F07D093F820C1C1F330
:109D7000400E6EF3861C83F820C1D20707D593F8F6
:109D80002121C1F3800161F3820283F82121F4F7DC
:109D900065FF0021D4F8103108469847002010BD17
:109DA000352010BD9808012014160120003908B58F
:109DB000074B18BF012193F81C2161F3000283F8BF
:109DC0001C21FCF7B9FE06F013FB002008BD00BF04
:109DD00014160120002800F0318108B50388B3F57E
:109DE000C67F53D2B3F5AA7F80F0B180412B00F239
:109DF000A480052B48D9063B3B2B45D8DFE813F060
:109E00003F0144007B016E014400440044004400D3
:109E1000460144009501460144003F0144004400CE
:109E20004400440044004400440044004400440012
:109E30004F014F0144003901390139013901440012
:109E400067014400440044004400440044004400CE
:109E500044004400440044004400440044004400E2
:109E6000440044004400440044004400440088018D
:109E70006C01440044003F01AA2B05D1BC4BD3F830
:109E8000A030002B40F05781002008BD40F28A220C
:109E9000934200F05D8117D9B3F53A7F42D240F288
:109EA000E522934200F25D8140F29F22934200F04E
:109EB000CD8040F2A1229342E6D1AD4B93F81A0235
:109EC000003818BF012008BDB3F5F27F00F03A81D9
:109ED00019D940F2072293420BD1A54B93F90832CE
:109EE000002BD1DA02F0AAFB012894BF0020012048
:109EF00008BD40F21B229342C6D102F09FFB0038FE
:109F000018BF012008BD40F2E112934200F0978093
:109F1000B3F5F17FB8D1964BD3F84801003818BF9C
:109F2000012008BDA3F53A73012BADD8904B93F8EF
:109F30001D02003818BF012008BDB42B01D0BE2B74
:109F40009AD18C4B93F88F01C0F3400008BDA3F564
:109F5000AA73372B98D801A252F823F0513E010082
:109F6000EF3D0100EF3D0100EF3D0100EF3D01003D
:109F7000EF3D0100EF3D0100093C0100093C0100FB
:109F8000093C0100153C0100153C0100153C010095
:109F9000153C0100153C0100153C0100153C010079
:109FA000153C0100153C0100153C0100153C010069
:109FB000153C0100153C0100153C0100153C010059
:109FC000153C0100153C0100153C0100153C010049
:109FD000153C0100153C0100153C0100153C010039
:109FE000153C0100153C0100153C0100153C010029
:109FF000153C0100153C0100153C0100153C010019
:10A00000153C0100153C0100153C0100153C010008
:10A01000153C0100153C0100153C0100153C0100F8
:10A02000153C0100153C0100153C0100373E0100C4
:10A03000473C0100873C0100713C010070474C4BDC
:10A04000D3F8E001003818BF012008BD484B586E16
:10A0500000283FF41AAF93F81802003818BF012007
:10A0600008BD434B93F80A0280F00400C0F380005F
:10A0700008BD3F4B93F80A02C0F3401008BD3C4BAB
:10A08000D3F81401003818BF012008BD384BB3F8CD
:10A09000100220F48040003818BF012008BD0020C5
:10A0A00002F070F900F0010008BD02F0C7FA0028C4
:10A0B0003FF4EBAE012002F065F980F00400C0F33C
:10A0C000800008BD012002F05DF9430704D4284B4D
:10A0D00093F80802C00908BD012008BD244B93F87D
:10A0E0000A0210F020003FF4D0AE002002F04AF93E
:10A0F000C0F3C00008BD1E4BD3F8A030002B3FF4C6
:10A10000C3AE00209847C0B2003818BF012008BD78
:10A11000174B93F810321A07DED4164B93F82C0124
:10A1200000F0010080F0010008BD002002F02AF9D3
:10A13000C0F3002008BD01209847C0B2003818BF06
:10A14000012008BD0A4B93F81002C0F3801008BD2F
:10A15000074B93F8093213F00C0F14BF01200020B5
:10A1600008BD034B93F81B02003818BF012008BD3F
:10A170009808012014160120412844D8052840D908
:10A18000831F3B2B3DD8DFE813F0F8003C00F400C0
:10A19000E80056013C003C00500146013C004201F1
:10A1A00069013C005A01E100D100C6003C003C00BE
:10A1B0003C003C003C003C003C003C003C00C30038
:10A1C0003C003C003C003C00BF003C00B900B30038
:10A1D000AF003C003C00AA00AA00AA00AA00AA0006
:10A1E000AA003C003C003C003C003C003C003C0021
:10A1F0003C003C003C003C013C0036012D012701A5
:10A2000010010020704740F2E113984200F04381B2
:10A21000B0F5F17F00B583B034D340F20723984204
:10A2200000F02081B0F5027F1ED3B0F5297F52D116
:10A230009C4A92F81E3192F98E1183F0020083F04D
:10A24000200283F0400300F00200C2F34012C3F387
:10A25000801340EA82000029A8BF40F0010040EAD4
:10A26000C30003B05DF804FBB0F5F27F00F00A8193
:10A2700040F2E51398422ED18A4B93F81E01C0F3A9
:10A280000010EEE7B0F5C07F00F0F6800DD940F287
:10A290008B1398421FD1834B0DF1070193F8A8004F
:10A2A00002F0D6F89DF90700DBE740F2551398421B
:10A2B00000F0EE80B0F5AD7F0DD17A4B93F81E0122
:10A2C00093F81D31400883F0400300F00600C3F30B
:10A2D00080131843C5E7002003B05DF804FB714B01
:10A2E000034493F8660170476E4B93F82C01704756
:10A2F0006C4B93F82601C0F380007047694B93F8CC
:10A300001C01C0F380107047664B93F8080170473A
:10A31000644B187E7047634A92F82631B2F88E017A
:10A32000C3F3C00363F3041080B270475D4B93F82E
:10A33000263113F0010000F09080980803F002032A
:10A3400000F00400184340F001007047554B93F8AB
:10A350002901003818BF01207047524B93F8B530DF
:10A360005A073FF54EAF580000F0060040F00100DC
:10A3700070474C4B93F8060170474B4B494A93F892
:10A380000B3292F8201113F0020F01F0010003D0FC
:10A39000490648BF40F00200DB075ED592F8213144
:10A3A00059075AD540F0040070473E4A92F82131CF
:10A3B00092F82021C3F3400003F0010CC2F3001116
:10A3C000C3F3C003C00002F0200240EA4C0008437F
:10A3D00040EA031010437047324B93F81C01C0F35E
:10A3E000401070472F4B93F81C01C309C0F30010B5
:10A3F00040EA430070472B4B93F81C01C0F3C000A8
:10A400007047284B93F81C01C0F340007047254B60
:10A4100093F8B4007047234A234BB2F89C00B3F87A
:10A420001032184020F4806070471E4B93F81C01D6
:10A4300000F0010070471B4BB3F8180170471A4A2F
:10A44000184B92F80B2293F820019207C0F34000BA
:10A4500003D593F92031002B20DB7047114BB3F863
:10A460009E0070470F4B0DF1070193F8A90001F012
:10A47000EFFF9DF90700F4E60A4B93F81D01C0F3C6
:10A480004000EEE6074B93F91D01C043C00FE8E61C
:10A49000044B187FE5E6034B988A704740F00200B2
:10A4A000704700BF1416012098080120044B0022B9
:10A4B00001201A61C3E90022C3E90222704700BFEC
:10A4C0003420012010B50023044640692DED028B95
:10A4D00082B0B0EE408A019370B36A4601A9F8F7E2
:10A4E0005FF920B3DDED007AF4EEC87AF1EE10FAF0
:10A4F00008D994F82C309B0725D5B5EE408AF1EEAB
:10A5000010FA20D1A06968B100236A4601A901931D
:10A51000F8F746F958B1DDED007AF4EEC87AF1EEBD
:10A5200010FA10D4002002B0BDEC028B10BD022046
:10A5300002B0BDEC028B10BDB5EEC00AF1EE10FA10
:10A54000E0D50420F4E7342002B0BDEC028B10BD4E
:10A5500070B50F4E0C220F4D314628460DF008FC09
:10A56000044618B196E8070085E8070050220A491A
:10A570000A480DF0FDFB054620B150220649074868
:10A5800008F046FD54EA050014BF0120002070BD0C
:10A59000BC160120BC180120C81601206818012033
:10A5A00070B5044630B10F4B1B68CBB12046BDE8F7
:10A5B000704018470C4DFFF7FFFA2B895B05F2D569
:10A5C000F5F78EFC0028EED02B890B2064F38A234C
:10A5D0002B8105F095FF054B0D20DB689847E2E7DE
:10A5E00070BD00BFF40C0120241C0120680701206D
:10A5F00011F001000DD0072915D80C4AC1F3410113
:10A60000002092F8B53023F00703194382F8B51003
:10A610007047064A92F8B53023F0070343F004036D
:10A6200082F8B53070473420704700BF14160120FF
:10A63000A0F164035D2B2BD9A0F548735D2B27D9BE
:10A64000B0F5AA7F00F0198100F2CE801B283CD81B
:10A650001B283AD8DFE810F00D0139003900390025
:10A660003900390039003900390039003900390022
:10A670003900390039003900390039003900390012
:10A68000390039003900390009010501390001019B
:10A69000A0F165035C2B09D96FF4487143185C2B5A
:10A6A00004D9A0F1C9035C2B00F2C980A04BA3FB25
:10A6B0000023DB0803EB83035B009BB2C01A022874
:10A6C00003D8822B04D8632B4AD89FED9A0A70478F
:10A6D000A03B9AB21E2AF8D81E2BF6D801A252F837
:10A6E00023F000BF2F4601005744010057440100EA
:10A6F00057440100574401005744010057440100EA
:10A700005744010057440100574401003F460100EF
:10A7100057440100574401005744010057440100C9
:10A7200057440100574401005744010057440100B9
:10A73000574401004F4601005744010057440100AF
:10A740005744010057440100574401005744010099
:10A750005744010057440100574401005F4601007F
:10A76000643B1E2BB1D801A252F823F06F460100C2
:10A770005744010057440100574401005744010069
:10A780005744010057440100574401005744010059
:10A79000574401007F46010057440100574401001F
:10A7A0005744010057440100574401005744010039
:10A7B0005744010057440100574401008F460100EF
:10A7C0005744010057440100574401005744010019
:10A7D0005744010057440100574401005744010009
:10A7E00057440100A746010040F21B2398424CD079
:10A7F000B0F5077F10D340F2A12398427FF465AFF4
:10A800004D4B9FED4E7AB3F8A43007EE903AF8EE38
:10A81000677A87EE870A7047B0F5AB7F31D0B0F525
:10A82000C57F7FF452AF444B9FED447AB3F8AC3010
:10A8300007EE903AF8EE677A87EE870A70476FF472
:10A84000C8728318302B7FF640AF6FF41673C318AD
:10A85000262B7FF63AAF034630E7374B93ED5F0A7E
:10A860007047354B93ED110A7047334B93ED120A45
:10A870007047314B93ED430A70472F4B93ED340AE9
:10A8800070472D4B93ED0B0A70472B4B9FED2B7AA6
:10A89000B3F8AE3007EE903AF8EE677A87EE870AA3
:10A8A000704700EBC000244B03EB800393ED140AC8
:10A8B000704700EBC000204B03EB800393ED100AC0
:10A8C000704700EBC0001C4B03EB800393ED120AB2
:10A8D000704700EBC000184B03EB800393ED110AA7
:10A8E000704700EBC000144B03EB800393ED0C0AA0
:10A8F000704700EBC000104B03EB800393ED0D0A93
:10A90000704700EBC0000C4BDFED0D7A03EB8003CA
:10A9100093ED0E7A87EE270A704700EBC000064BD6
:10A9200003EB800393ED0F0AB1EE400A704700BFBE
:10A93000CDCCCCCC000000001416012000007A44DD
:10A9400000006145114A1378BBB9114B93F81D21E2
:10A9500010496FF3850291F8AC0183F81D2158B1BD
:10A9600001234FF4D87210B4D1F8C84118460849F1
:10A97000A4465DF8044B60477047054BD06891686A
:10A980005268C3F88000D9659A63DFE7440D01205F
:10A990001416012098080120C9B210B54B070A4CC3
:10A9A00084F8B41001D4002010BD002001F0EAFCAE
:10A9B00010F01003F7D194F8B420352063F382022D
:10A9C00084F8B42010BD00BF1416012010B5144C3B
:10A9D0000246B4F810321940D4F8243141F48061B1
:10A9E0009BB1104BC1F3C01C89B293F89CE0BCEB47
:10A9F000DE1F0CD0A3F89C10F4F730F905F0F6F93F
:10AA0000D4F824319847002010BD89B2054B104678
:10AA1000A3F89C10F4F722F905F0E8F9002010BD26
:10AA200098080120141601200120704700B585B058
:10AA3000074B01A883ED5F0A8DED030A8DED020A35
:10AA40008DED010AF5F742F9002005B05DF804FB31
:10AA500014160120A0F165035C2B16D96FF448721F
:10AA600083185C2B11D9A0F1C9035C2B0DD96FF4AD
:10AA7000C873C318302B06D96FF4167C00EB0C0397
:10AA8000262B00F2498135207047B14BA3FB0023F0
:10AA9000DB0803EB83035B009BB2F0B5C41A022C06
:10AAA0002DED028B83B01BD8822B17D9A03B9AB215
:10AAB0001E2A15D81E2B13D8DFE803F05C121212E1
:10AAC0001212121212126B1212121212121212120D
:10AAD000831212121212121212129000632B04D857
:10AAE000352003B0BDEC028BF0BD643B1E2BF7D8C4
:10AAF00001A252F823F000BF854901006D48010012
:10AB00006D4801006D4801006D4801006D4801006D
:10AB10006D4801006D4801006D4801006D4801005D
:10AB20003B4A01006D4801006D4801006D4801007D
:10AB30006D4801006D4801006D4801006D4801003D
:10AB40006D4801006D4801004D4A01006D4801004B
:10AB50006D4801006D4801006D4801006D4801001D
:10AB60006D4801006D4801006D4801006D4801000D
:10AB7000754A0100774B04EBC40203EB8203D3ED6B
:10AB8000147AF4EE407AF1EE10FA40F0C78000201B
:10AB9000A7E7714B8DED010AD3F8A030002B9FD0B1
:10ABA00001209847C3B2E340D80799D5694B04EB1D
:10ABB000C4049DED010A002003EB840383ED100A19
:10ABC0008FE7644B93F88F21910789D504EBC40478
:10ABD000002003EB840383ED120A82E75D4B93F8B8
:10ABE0008F2192077FF57CAF04EBC404002003EBB8
:10ABF000840383ED110A74E7564E04EBC403E500A9
:10AC000006EB8303D3ED0C7AF4EE407AF1EE10FA02
:10AC100046D0F5EE407AF1EE10FA41DD80EE276A7B
:10AC20004E4F04F1220104F10A0204F11C0304F165
:10AC3000120007EB81018DED010A07EB8202D1EDD5
:10AC4000017A07EB830307EB8000F8EEE76AD2EDA9
:10AC5000017AD0ED015AB8EEE77AD3ED017AF8EE39
:10AC6000E77A66EE866A27EE067A67EE867AFDEE6A
:10AC7000E66A25EE866ABDEEC77AFDEEE77AC1ED9B
:10AC8000016A80ED016A82ED017AC3ED017AF8F77D
:10AC90005DFF07F18C01324805F0CAFB9DED010A0A
:10ACA0002544002006EB850585ED0C0A19E7294BA4
:10ACB00004EBC404002003EB840383ED0D0A10E7CA
:10ACC000DFED287A04EBC401274A002020EE270A92
:10ACD000204B02EB840203EB810320EE270A82ED76
:10ACE000010A83ED0E0AFCE61A4E04EBC403B1EE32
:10ACF000408AE50006EB8303D3ED0F7AF4EE487A41
:10AD0000F1EE10FA12D1254406EB850383ED0F8A8C
:10AD1000FEF796FC0020E4E60346BEE6012083ED44
:10AD2000140AA040F5F72EF90020DAE60B4B0121BA
:10AD300004201A89A14042F480621A8193F84820C5
:10AD400022EA010283F8482005F01EFCDBE700BF81
:10AD5000CDCCCCCC1416012098080120241C012055
:10AD6000FC06012000007042440D012038B5254C3E
:10AD700011F00105B4F88E01A4F88E112AD094F8D0
:10AD80008E3194F82621C3F3001594F88F116FF3D8
:10AD9000041365F3C30240F2012584F88E31284084
:10ADA00084F8262101F00102012804D0DBB2D80783
:10ADB00001D58B071CD5144B002094F88F115D6EC4
:10ADC00085420CBF002302F0010363F3000184F805
:10ADD0008F1138BD84F82951FEF732FC94F82631E2
:10ADE0002A46A4F88E5165F3820384F82631E2E7FF
:10ADF000A16C636CC4F89010E166C4F88C30A36653
:10AE0000D9E700BF141601209808012030B5044688
:10AE100083B000B3027F072A1DD80123934013F0AB
:10AE2000AA0F0DD113F0550315D0037B0B2B12D8AD
:10AE3000DFE803F04B4B4B4B4B55433F3A3F4B52F4
:10AE40000288037B1144063B88B2032B4AD8DFE813
:10AE500003F00F0A050A002003B030BD234B93F81E
:10AE6000B630DB0727D4636A03B0BDE8304018472B
:10AE7000636A9847246934B32E2120468DED010A78
:10AE80000DF060FD9DED010A0546E0B120460EF093
:10AE900091FA04449DED010A601B0138C0B203B071
:10AEA000BDE83040F7F780BB104B93F8B630DA07B7
:10AEB00001D4206AD0E70E48CEE7036A046993ED17
:10AEC000000A002CD8D10120E9E7036A187803B002
:10AED000BDE83040F7F742BB036A1888F7E7036A1A
:10AEE0001868F4E7636A9847F1E700BF9808012003
:10AEF0005C8700200346C8B1007F072816D80122CE
:10AF0000824012F0AA000DD112F0550F0FD01A7B1B
:10AF10000B2A0CD8DFE802F00C0C0C0C0C170B0BF6
:10AF20000B0B0C141A7B063A032A04D80020704736
:10AF30001B6A187870471A885B6A114488B21847F0
:10AF40001B6A188870471B6A1868704710B1037B2A
:10AF5000062B02D09FED0B0A7047027F072AF9D813
:10AF60000123934013F0AA0F04D00288436A1144CE
:10AF700088B2184713F0550FECD0036A93ED000A1E
:10AF8000704700BF0000C07F024B1A6818609061D4
:10AF9000704700BF90F900200048704728F9002052
:10AFA000084B93F8AC215AB10146462240F2B73023
:10AFB00010B4D3F8C8410123A4465DF8044B6047A0
:10AFC000704700BF98080120012810B511D80C4B1C
:10AFD00093F8AC2162B1482440F2263204FB0020F1
:10AFE000D3F8C84146220123A446BDE8104060477B
:10AFF00010BD044B40F69311034A04480CF08EFF39
:10B00000980801209087002014090020A8870020BC
:10B01000012870B51AD8114B05460E4693F8AC219D
:10B0200062B140F226324821D3F8CC41012301FB22
:10B03000002130464622A04700B170BD00242846BA
:10B0400031463470FFF7C0FF204670BD044B4FF40B
:10B050001A61044A04480CF061FF00BF98080120FF
:10B0600090870020F8080020A88700200C2870B5E1
:10B0700019D8104B04460D469B6C03B198470E4BF4
:10B0800093F8AC2172B1D3F8C861C4EBC4040123B6
:10B090002946B4460C2204FA03F0BDE8704000F5DE
:10B0A0000070604770BD054B40F6AE11044A05487C
:10B0B0000CF034FF680701209808012074870020F5
:10B0C000DC080020A88700200C2870B51DD8124B82
:10B0D00004460D4693F8AC2162B1C0EBC001D3F831
:10B0E000CC6101230C222846994001F50071B0473C
:10B0F00000B170BD094B07CB286020466960294626
:10B10000AA60FFF7B3FF002070BD054B40F6BE11EB
:10B11000044A05480CF002FF98080120547D0020E5
:10B1200074870020C0080020A887002038B5114C83
:10B1300094F8AC312BB1D4F8C031002098471728CF
:10B1400003D0FEF739FD002038BD01230A4DD4F8A5
:10B15000CC414FF4D87219462846A0470028F0D0B9
:10B16000FEF72AFD2878A0F11700B0FA80F0400918
:10B1700038BD00BF98080120141601202DE9F04FBA
:10B1800097B04FF000085D4F04464622FF2104A807
:10B19000E5B20CF0E3FED7F8C431172140468DF834
:10B1A000108004F00106984714F0010B73D1AB072F
:10B1B0004BD46A0707D5002004A9FFF705FF04A9AF
:10B1C0000120FFF701FF2B0715D597F8AC3193B19C
:10B1D000012304A9462240F2B730D7F8C841A0475E
:10B1E00097F8AC313BB101234622454940F2B730D4
:10B1F000D7F8C841A047BBF1000F06D0D7F80C31F3
:10B200001BB14FF0FF313F4898473F4B9C69BCB1A1
:10B210003C4F05F010050BE046B1A36A03B1984717
:10B22000E369384613B1217849429847A4693CB193
:10B230002378002BF0D1002DEFD1A469002CF7D199
:10B24000F7F79AFF17B0BDE8F08F00234FF0010920
:10B250006FF00508DFF8ACA00393CDE9013303E0FC
:10B2600008F1010809F1010909F1FF30B8F1020FF5
:10B2700001A9C0B205D89AF8243123FA08F3DC07F3
:10B28000EED4FFF7F3FEB9F10A0FE9D101A90B20C3
:10B29000FFF7ECFE8DE7DFF86C904FF4D8721B4996
:10B2A000484607F0B5FE4FF480634046A9F89C304D
:10B2B00001F068F899F8B430024640461A40C2F3EB
:10B2C000400262F3410389F8B43001F05BF899F869
:10B2D000B430C0F300100E4A92F88310C3F380021A
:10B2E000024062F3820389F8B43011B9FFF72AFBF8
:10B2F0005DE74FF00700F4F745FEF7E798080120F7
:10B30000508600201416012028F900208442006095
:10B31000241C0120094B10B593F8AC2142B1D3F89D
:10B32000CC414622012340F2B731A04700B110BD05
:10B330004FF00800FFF722FF002010BD9808012001
:10B34000F8B5424F05467C78002C39D07B68012245
:10B35000002003E0A24231D20C33013259781E465C
:10B36000A942F7D1A2421846F6D3B36823B13046BA
:10B37000984708B10120F8BD7378023B0C2B24D804
:10B3800001A252F823F000BF015101000151010058
:10B39000995101005751010001510100B1510100C3
:10B3A000BD510100575101005751010001510100E9
:10B3B000C75101005751010001510100002843D13C
:10B3C000BF69002FBFD10020F8BD204E02E0B66952
:10B3D000002EF8D0F0680028F9D03289002AF6D083
:10B3E000002403E00134A242F1D9F06804EB4403E5
:10B3F00000EB03108378AB42F4D1836A0021002B69
:10B40000B8D098470028B5D13289EBE7104BD3F874
:10B41000A030002BD7D001209847C0B2003818BF09
:10B420000120F8BD0A4B93F80902C0F34000F8BDB3
:10B43000074B93F80902C009F8BD054BD3F8140176
:10B44000003818BF0120F8BD06468EE728F9002015
:10B45000980801208078FFF773BF00BFA0F12C038C
:10B46000012B98BF2B207047A0F165035C2B2DE9C1
:10B47000F047064682B00F460BD96FF44870331878
:10B480005C2B8CBF002301231BB9A6F1C9025C2AE7
:10B4900061D8634BA3FB0623DB0803EB83034FEA6E
:10B4A00043081FFA88F8A6EB08095E4D2989C9B13F
:10B4B000002402E001348C4214D204EB4403EA6815
:10B4C0004FEA031A02EB031332F80A204245F1D186
:10B4D0009A6A49461846DAB19047B8B929890134C1
:10B4E0008C42EAD3AD69002DE0D14E4C236B30463F
:10B4F00023B19847B6EB0008054664D1A469002C37
:10B50000F4D10023184602B0BDE8F087EB6853443D
:10B510009A782B2A0DD0B9F1000F02D0EA6A002ADE
:10B5200032D007B13D60002BDFD0184602B0BDE835
:10B53000F0873D4AD2F8C020002AECD0494618884E
:10B5400001939047019B014610B198680DF090F966
:10B55000EB685344DFE76FF4C8717218302A1ED9C4
:10B560006FF41672B218262A57D82D4BA3FB062368
:10B570009B0803EB8303A6EB030808F516781FFA74
:10B5800088F8A6EB080990E79B781D2B16D00320BE
:10B590004845AAD9EB685344002FC3D1C3E7204BD9
:10B5A000A3FB0623DB0803EB8303A6EB430808F5A4
:10B5B000C8781FFA88F8A6EB080976E71B4BD3F882
:10B5C000F0319847E4E7B4F808C0BCF1000F98D018
:10B5D0000026334602E00136B445A6D906EB460202
:10B5E000E1684FEA021901EB021031F80920AA4282
:10B5F000F1D1826A019372B14146904718B9B4F80B
:10B6000008C0019BE7E7E368B4F808C04B44002F8B
:10B61000E1D03C60DFE70346F9E7B046994644E7EE
:10B62000CDCCCCCC28F90020680701209808012057
:10B630002DE9F043837883B004460F462B2B9046C8
:10B6400018D090F82C1011F0780104D13B4603B0CB
:10B65000BDE8F043184701A90088FFF705FF019BEB
:10B66000DE6A1EB142463946B0470646304603B050
:10B67000BDE8F0830025DFF844902E46A36A2946F2
:10B6800013B12046984788B1D9F8C030294633B164
:10B6900020889847014610B1A0680DF0E9F84246AD
:10B6A00029462046B84706460028DFD00135032D3D
:10B6B000E4D1304603B0BDE8F08300BF6807012045
:10B6C000184B5B6F70B5044613B1984700B170BD5D
:10B6D00000212046FFF7C8FE06460028F7D0124D8D
:10B6E00001E0AD69B5B16C69002CFAD02B8A04F188
:10B6F000040EB6F800C0013B0122002034F83310DC
:10B70000614509D00BB1002AF5D10028DFD1AD6920
:10B71000002DE8D1284670BD5EF83300B0FA80F203
:10B720005209EFE76807012028F90020A0F10A0379
:10B73000012B98BF05207047007B013802288CBF81
:10B7400000200120704700BF037BA3F10A00052BF6
:10B7500018BF012894BF0120002070472DE9F84F41
:10B760000E4600218046FFF77FFE00285ED0056967
:10B77000002D4CD02B78002B49D02846012701E022
:10B78000013701302C210DF0DDF80028F8D1002F11
:10B790003DD004464FF04E0B4FF02F0A814603E098
:10B7A00001347608BC4232D016F00101F8D140468F
:10B7B000FFF75AFE0028F3D0037B013B022BEFD8A2
:10B7C000016954B10A46204612F8013B002BE7D02C
:10B7D0002C2BF9D101381146F6D1412381F800B064
:10B7E00081F801A0033101F8013C0B780A462C2BAB
:10B7F0001ED013B91CE02C2B1AD012F8013F002BDD
:10B80000F9D10134760881F80090BC42CCD10C4EBD
:10B8100003E00AF0E7FF48B920702C2128460BF01E
:10B82000A9F80422314604460028F2D1BDE8F88F79
:10B83000002BE6D001F8013B12F8013FF8E700BF0A
:10B840006887002070B5037B84B004460D460B2B3F
:10B850003DD8DFE803F0060606060606292F1A3C47
:10B8600006060023284601AA69460093F6F74CFF16
:10B87000054668BB237B0B2B2AD8DFE803F0654F16
:10B880004F706B2C292929292C2C08460DF092FD8C
:10B890000828064604D1434B93F8B630DB0772D430
:10B8A00007EE906AB8EEE70A204604B0BDE87040A3
:10B8B000FEF708BE08460DF07DFD00EE100A20469A
:10B8C000B8EEC00A04B0BDE87040FEF7FBBD00252D
:10B8D000284604B070BD00236069019E039368B1DF
:10B8E00002AA03A9F6F710FF002856D1029B9E4238
:10B8F00004D294F82C309A070ED56EB9A0690028AE
:10B90000E6D0002302AA03A90393F6F7FDFE002860
:10B9100045D1029B9E42DBD93425D9E72069002816
:10B9200039D00378002B36D0012401E001340130F6
:10B930002C210DF007F80028F8D10123A340019A2B
:10B940009A4228BF3425C3E7019A022A34BF1D4614
:10B950003425BDE7019B082B28BF3425B8E72069B3
:10B960000028D9D00378002BD6D0012401E001347F
:10B9700001302C210CF0E6FF0028F8D1019BA342F6
:10B9800028BF3425A4E7294607480CF007FE002805
:10B9900086D103259CE70123D1E7054698E70225D8
:10B9A00096E700BF980801205C87002070B584B03E
:10B9B00000236C4A0C4603A906460292CDE90033E7
:10B9C000FFF752FD0546002836D02378027B202B56
:10B9D00003D114F8013F202BFBD0062A00F082800F
:10B9E000073A022A1CD821469DED020A2846FFF795
:10B9F00029FF98B92A7F072A4ED80123934013F0D4
:10BA0000AA0F23D02B7B062B64D0073B022B2B6A7B
:10BA100071D821463046984700283DD004B070BD0B
:10BA200001AA69462046F6F76FFE0028DBD02B7F7F
:10BA3000012BD8D90220F1E7072E48D123784A4AB2
:10BA4000202B03927AD10246484DC2E713F0550FDE
:10BA500022D02B7B0B2BEDD801A252F823F000BF94
:10BA6000995801009958010099580100995801000E
:10BA7000AD580100B9580100C15801001D5801001E
:10BA80001D580100C157010099580100A558010037
:10BA90002146286A0CF0ECFEECF7ECF8039D2B6ACB
:10BAA00003B19847304B9D422BD0E8690028B5D0B0
:10BAB000FEF74EFD4FF000012D4B58B3002460F30C
:10BAC0000001EA692B481C7090472046A6E7352004
:10BAD00004B070BD2B6A30469DED020A98470028DD
:10BAE0009CD1D9E702AA69462046F6F759FE0028FC
:10BAF0007FF479AF9BE701993046984700288DD1B4
:10BB0000CAE71D4BD3F80C31EB61CEE72B6A019AE3
:10BB10001A70C1E71878D1E72B6A019A1A80BBE73F
:10BB2000019B2A6A03F007031370B5E7019A2B6A99
:10BB30001A60B1E7029A2B6A1A60ADE701AA69465A
:10BB40002046F6F7E1FD00287FF474AF21469DED15
:10BB5000020A0648FFF776FE00287FF45FAF034D28
:10BB600005224AE70000C07F28F90020B4480060A1
:10BB7000A02101201416012098080120F8B50E4ECE
:10BB8000044630460DF016FC054620460DF012FC2A
:10BB90002B180133632B94BF0127002705D8337876
:10BBA0002BB9214604480CF02BFA3846F8BD034B5C
:10BBB0001B887353F5E700BFC8180120DC7F002005
:10BBC000024B0021024A99611360704728F9002056
:10BBD00090F900202DE9F047DFF8949286B04FF0FD
:10BBE0000006D9F8183033B9944B9549954AC9E9FC
:10BBF0000733C9E90912944D012095ED070AF6F7BC
:10BC0000D3FC014691480CF033FEFFF78FFA002871
:10BC100040F0E68095F8AC31002B40F0D6804FF034
:10BC20001F00FFF7ABFAFAF787FF00210120FBF7AF
:10BC300005F8FEF78DFC60F30006854FECF71AF867
:10BC4000FDF7FEFC03A897F82631D7F87C2113F006
:10BC50000103059218BF0723049203927D4A82F8DC
:10BC60009830F4F733F800F0E9FC002800F0DB80AE
:10BC7000002000F087FBC10500F1C680B5F8101266
:10BC80000E2021F48061FFF769FDD5F8A0302BB1BB
:10BC900000209847C1B20820FFF760FD95F81A12FE
:10BCA0000F20FFF75BFD6B6E002B00F0C180DFF80B
:10BCB000C4A1DAF8184064B1DFF89481636A03B173
:10BCC0009847E3693146404603B19847A469002C80
:10BCD000F4D195F80B32062003F0020103F00103C2
:10BCE00041EA830141F001010191FFF737FD01991C
:10BCF0001320FFF733FD97F82C31DA076AD40221BD
:10BD000095F810323D20C3F3C0031943FFF726FD19
:10BD1000D5F81C31002B00F0898095F80B3203F028
:10BD20000101C3F34003090141EAC30141F00301EA
:10BD300097F8203141206FF3451387F82031FFF742
:10BD40000DFD97F81E31DB0731D43B68424A23F0E2
:10BD5000FF0191422BD0414AB2EB132F20D3D7EDF4
:10BD6000527ADFED3F6A97ED2C6A67EEA67A97ED7F
:10BD7000347AB4EE476AFCEEE77AF1EE10FA17EE89
:10BD8000903AA7F8A43014BF0123002363F3000600
:10BD900006D03146D5F80C312D4887ED2C7A9847DE
:10BDA0003B68304A62F31F233B60FEF7CBFDD9F8B6
:10BDB000F0202D4BD5F80C111A602C4BCAF81C1032
:10BDC000C9F8F03006B0BDE8F087D9F80830072090
:10BDD000984724E795F81012C1F3C00149008FE796
:10BDE000FAF7AAFEFEF7B4FB60F30006D5F80C31B3
:10BDF000174831469847D5F81031002B3FF41DAF56
:10BE000000210846984718E7C0F34001C0F300102E
:10BE1000490041EA8001102001F0060141F00101D2
:10BE2000FFF79CFC2AE700F041FB21E703217FE7B5
:10BE30004FF6FF611620FFF791FC38E7213801002B
:10BE4000B54701003942010098080120101C01206B
:10BE500014160120241C0120000BF803F6D0030067
:10BE600000007A440BF80300F40C01202D4301007C
:10BE70006807012028F90020014B00221A70704742
:10BE8000AB2101202DE9F047194E0021194A1A482B
:10BE9000F0F7F2FD307000B3DFF86880DFF86890EB
:10BEA000D8F8BC309847154C074605E0E36B6BB9F2
:10BEB000236C5BB9337893B1D9F8505001F044F951
:10BEC000A847D8F8BC3098478742EFD000210A48ED
:10BED0003170BDE8F047F0F76BBEBDE8F087D8F8E9
:10BEE00040304FF400710648BDE8F047184700BFE6
:10BEF000AB210120E0930400055C0100241C01201B
:10BF0000601C0120980801206807012038B51A4DEF
:10BF10001A4CD5F8E03198472368C01A312824D943
:10BF2000D5F8E0319847164B20601B78EBB9154CDB
:10BF3000A379D3B92389C3F340209B0515D4ECF72B
:10BF400005FB114A0378527E13430ED001F0FCF832
:10BF500010280BD0402804D038B9BDE83840FFF78E
:10BF600091BF94F82830012BF7D038BD94F82930D0
:10BF7000012BF2D038BD00BF98080120D40A01205F
:10BF8000AB210120241C012084060120704700BF42
:10BF90004FF00000704700BF704700BF002070479F
:10BFA000704700BFC068704790F8203013F0080356
:10BFB00008D0B5EE400A80ED060AF1EE10FA14BF83
:10BFC0000123002390F8202063F3451280F82020FD
:10BFD000704700BFD0ED097AF4EEC07AF1EE10FAA6
:10BFE0001FD530EE670AD0ED0A7A30B420EE270A6A
:10BFF0000469BBFE400ABCEEC00A10EE103A2344AE
:10C0000001B38268934220D3013A90F82030990618
:10C0100023D403F001030BB183689A1A104630BC95
:10C020007047B5EE400AF1EE10FA02D1C268104630
:10C03000704790F820300269DB07F8D583689A1AB8
:10C040001046704742699342DFD2A34238BF23466D
:10C050001A4690F820309906DBD507EE102AD0ED6D
:10C06000067A9FED106AF8EE476A456966EEA77A90
:10C07000FCEEE77AF8EE677A87EE867A77EE267A34
:10C08000FDEEE77A17EE901A8C4203D8A94228BF3A
:10C0900029460C4613F0010301D081680C1BC461D2
:10C0A000B9E700BF0000C842436A70B50446051DE9
:10C0B00013B12846984758B10122A36A28469FED3C
:10C0C000060A84F84C204FF00001BDE87040184784
:10C0D00084F84C0070BD00BF000000002DE9F04363
:10C0E0004F4D93B004462B68BBB11A68126AA2B1D7
:10C0F0004C4A00EB800102EB011293420DD093F900
:10C100000E20002A06DB484AD2F8BC10D2F8B8202C
:10C110009961DA611846FFF7C7FF00208442286062
:10C120005FDB424B1B789C425BDA04EB84033D4EA1
:10C130004FEA84081B01F058002852D03C4F97F872
:10C1400070303BB197F92C30A34203D03B6D0BB15B
:10C15000ECF700FA08EB040306EB031393F90E2047
:10C16000002A06DB304AD2F8BC10D2F8B820996118
:10C17000DA6108EB040306EB031999F84C308BB92C
:10C180005025D9F8243005FB046504351BB1284639
:10C19000984700283CD0A044012306EB081888F8F3
:10C1A0004C3003E0502505FB046504354422294644
:10C1B00001A8204C06F02CFF9DF80E301A49C3F35D
:10C1C000C002097E012914BF002202F0010262F3BD
:10C1D000C3038DF80E30D4F8E4302BB101A8984792
:10C1E00010B913B0BDE8F083134B0122BB62FB68AA
:10C1F00087F870207BB1442201A90F48029706F00E
:10C2000007FFD4F8E8304BB10B4898470120E8E726
:10C2100089F84C00E5E76423FB60ECE70120E0E7E8
:10C22000040F01202C19012014160120A121012046
:10C23000C01C012068070120EC1C01202DE9F84FEB
:10C24000DFF8CC8005460E4698F80030012B3CD034
:10C25000002B3FD13046FFF791FC00283AD098F8E8
:10C2600000404422DFF8A090294604EB840704EB49
:10C2700084033F0109EB031B381D4FFA84FACBF806
:10C280004860484449F8075006F0C2FE8BF804A005
:10C290002B7A33B19CB10134504688F80040BDE898
:10C2A000F88F164B1A68D2B109EB07011448F0F762
:10C2B00033FD98F8004098F900A0002CEBD14422FF
:10C2C0002946104806F0A4FEE5E70F4B1B681B7AD1
:10C2D000052B0ED04FF0FF3A5046BDE8F88F0B4AC1
:10C2E000C3F800B092F80A3243F0200382F80A3211
:10C2F000D0E7002388F80030ACE700BF040F01202E
:10C30000355E0100EC1C01202C1901209808012049
:10C31000A1210120022912D0002815DB104B1B7827
:10C32000984211DA00EB80030E4A1B01D35863B127
:10C3300059B1502303FB0022131D184670470A4BC6
:10C3400093F92C20824202D000231846704793F8BC
:10C3500070202C33002A08BF00231846704700BF06
:10C36000A12101202C190120C01C0120044B93F8AD
:10C37000702012B193F92C0070476FF001007047E4
:10C38000C01C01200D4B1A78AAB102EB82030022D7
:10C3900010B40B4C04EB031348B133F8421C503B70
:10C3A0000A43A342F8D110465DF8044B704753F896
:10C3B000501C4989F3E71046704700BFA1210120B6
:10C3C0002C19012000290CBF4FF0010C4FF0000C7C
:10C3D00010B580F808C020D091F82030DB0611D5C8
:10C3E0000022837AC96862F3C3038372164B01612A
:10C3F00093F870402CB190F900E093F92C40A645D9
:10C4000011D010BD026B002AEBD0104B1A7EA2F1A6
:10C410000102B2FA82F25209E3E7837A0A4661F333
:10C42000C3038372E2E793F8364083F834C062F3C3
:10C43000C304D0F814C08269D96383F83640C3F8C6
:10C4400040C05A6410BD00BFC01C0120141601205A
:10C45000074B00221B780A703BB1064B1B685B78C8
:10C46000181AB0FA80F0400970471846704700BFAC
:10C47000A12101202C1901200130C0B2012803D8CC
:10C48000024B93F87000704700207047C01C0120D9
:10C4900038B9054890F870302C30002B08BF0020C8
:10C4A00070470020704700BFC01C0120084B18785F
:10C4B00018B908490848FFF7C1BE0138074B00EB1F
:10C4C000800203EB02131B7B052BF2D140B27047B5
:10C4D000A121012048880020048800202C19012077
:10C4E00008B50B4B1B780BB900280DDA094B93F8F4
:10C4F00070201AB193F92C30834203D0BDE8084074
:10C50000FFF7ECBD104608BDFFF7D0FF0020EDE7B8
:10C51000A1210120C01C0120002800F084802DE909
:10C52000F04F424F85B03A78002A78D0DFF804A166
:10C53000002405460E46DAF80030A146DFF8F88000
:10C540000AF1040B5B788DF800408DF80130DAF8C1
:10C55000483001932BE0002140F28B10FEF784FF5E
:10C56000002854D00021FEF7C5FCA04226D0FF22AF
:10C5700000208DF80890CDF80CB08DF802208DF8D1
:10C58000090031466846A84788BB01343A78A24280
:10C5900045D901218DF80010DBF84C1049788DF851
:10C5A0000110DBF89410019122B30BF1500B012A1A
:10C5B000D1D1DAF80020127A052ACCD0012298F9DC
:10C5C0002C009DF900108DF80820194A8DF8029072
:10C5D000814218BF5A46001B3146B0FA80F00392E0
:10C5E00040098DF809006846A8470028CDD005B05D
:10C5F000BDE8F08FFFF75AFF98F8702012B198F954
:10C600002C2012B10020FFF769FD3A78CDE7FF2218
:10C610008DF80800CDF80CB08DF80220AFE70020AF
:10C6200005B0BDE8F08F0020704700BFA1210120B8
:10C63000EC1C01202C190120C01C012010B50D4C50
:10C64000207848B1012800D010BD0B4B1B68187A28
:10C65000053818BF012010BDFFF728FF074B93F8DE
:10C66000702012B193F92C3013B10020FFF736FD82
:10C670002078E7E7A12101202C190120C01C01200E
:10C68000642938B50446436849D01A7AD20643D49F
:10C69000C829DA6828BFC8210A2938BF0A2191426F
:10C6A0003AD007EE901ADFED2F6A93ED007AF8EE9C
:10C6B000677A67EEA67A67EE877AF5EEC07AF1EED2
:10C6C00010FA36D994ED057AF4EEC77AF1EE10FA45
:10C6D00007D494ED067AF4EEC77AF1EE10FA37FE3D
:10C6E000277A83ED017AD96000F02EFD50BBE36A12
:10C6F00073B3256B65B36268204692ED010A9847D3
:10C7000001462046A847402003F03EFF164B5B6BD6
:10C710000BB100209847636893ED010A38BDDA68D1
:10C72000642AF9D0D3ED007AF5EEC07AF1EE10FA72
:10C73000C8D89FED0E7AD96083ED017A00F004FD30
:10C740000028D4D00A4A937A43F008039372DAE7B8
:10C75000636B002BD7D06268204692ED010A9847A0
:10C76000D1E700BF0AD7233C680701200000000082
:10C77000241C012038B505460C46436811B11A7ACD
:10C78000D20605D51A7A204664F304121A7238BD0F
:10C790006421FFF775FF6B6820461A7A64F3041270
:10C7A0001A7238BDF8B5394D2B782DED028B0BB9C7
:10C7B0006B781BB10020BDEC028BF8BD0C46CBB2F0
:10C7C000064614F0010120D19FED310A436AB0EE14
:10C7D000408A9847726804F003041020137A82EDAF
:10C7E000008A23F003032343137203F0CDFEB0EE5F
:10C7F000480A01F081FC2B78002BDBD16B78002BF1
:10C80000D8D10120BDEC028BF8BD827AB0EE408A0F
:10C81000476A12F0080F426801D09B0727D4D368FB
:10C82000642B2FD007EE903A9FED1A7AF8EE677AD4
:10C8300067EE877A67EE887AF5EEC07AF1EE10FA45
:10C840001DD996ED050AF4EEC07AF1EE10FA05D581
:10C850002146304682ED010AB847BBE796ED060A4D
:10C86000F4EEC07AF1EE10FA30FE270AF0E7D36852
:10C870009FED078A642BD5D1B0EE480AE8E79FED1B
:10C88000040AE5E7F0EE487AD6E700BF241C012051
:10C89000000000000AD7233C2DE9F0472DED028B64
:10C8A0000446B0EE408A884691461F4600F04CFC94
:10C8B000022805D101252846BDEC028BBDE8F08792
:10C8C000B0EE480A41462046FFF76CFF05460028B7
:10C8D0003CD02F4AD37F13F008060ED06FF3C3036A
:10C8E000D3772C4B1B6C002BE5D020464146984754
:10C8F0002846BDEC028BBDE8F08740F60403628950
:10C900001340042B28D1D4ED077AF5EEC07AF1EE6E
:10C9100010FA21D94EF660239FED1F8AB9F1000F5E
:10C9200008BF994603E0C836B6B24E4528D8A36A78
:10C93000204698470346B0EE480A3846C3F3801AAB
:10C940005B06CED4F5F7B8FF0028ECD10025BDEC8E
:10C95000028B2846BDE8F087B9F1000FC1D0E37A19
:10C960001A07BED407EE909A3846B8EE670ADFED94
:10C970000B7A80EE270AF5F79FFF0028E6D0B0E794
:10C98000EBF7E8FD0E20554603F0BAFD93E700BF34
:10C99000241C012068070120CDCC4C3E00007A44C5
:10C9A00070B52DED028B0646B0EE408A0C4615465A
:10C9B000F8F72AF8D8B10F4BDB6B2BB1B0EE480A71
:10C9C0002A462146304698470B4BE207B0EE480A0C
:10C9D000214648BFB3F8AC20304658BFB3F8AE206C
:10C9E0000023BDEC028BBDE87040FFF755BFBDECE6
:10C9F000028B70BD6807012014160120837A2DE98F
:10CA0000F0411C072DED028B23D4CDB2836AB0EE2A
:10CA1000408A04460F46164698474540AB070CD15E
:10CA20006368D3ED007AF4EE487AF1EE10FA04D19F
:10CA30000120BDEC028BBDE8F081B0EE480A324621
:10CA4000394620460123BDEC028BBDE8F041FFF7DB
:10CA500023BF9FED060AFFF7A5FE054B9A7ABDECB2
:10CA6000028B60F3C3029A72BDE8F08100000000FF
:10CA7000241C0120642909D007EE901A9FED137A37
:10CA8000F8EE677A67EE877A20EE270AB5EEC00ADD
:10CA9000F1EE10FA16D9D0ED057AB4EEE70AF1EE10
:10CAA00010FA06D54368B0EE670AC3ED017AD96083
:10CAB0007047D0ED067AB4EEE70AF1EE10FA77FE91
:10CAC000807AEFE7DFED027AECE700BF0AD7233C7C
:10CAD000000000000C4890F8703093B1036B002206
:10CAE0009FED0A0A2C30114610B5446A83ED010A05
:10CAF00083ED000A1A72A0471020BDE8104003F031
:10CB000043BD102003F040BDC01C01200000000008
:10CB100008B5054B93F8700028B15A6D03F12C004D
:10CB2000904700F0010008BDC01C01208446694800
:10CB300092ED027AD2ED016A4866D0694A6081EDD1
:10CB4000097A10B50024CC61CC60CCF81C009CF8AC
:10CB50000A008CED057A40F08000CCED066A8CF876
:10CB60000A005078440704D4B4EEE67AF1EE10FAE5
:10CB700016D49CF80A004FF0000291F820306FF3B1
:10CB800000008CF80A00C3F3800060F38202524870
:10CB900013408866002081F82030CCF80C1010BDBE
:10CBA00007EE903A9CF80A0092ED036AB8EE675AD5
:10CBB000D2ED045A40F0010091F82040F5EE405AC1
:10CBC000C5EE067A8CF80A00107824F01B040B607E
:10CBD000C0F380039CF80A00F1EE10FAC0F30010D5
:10CBE00003EA000314BF0120002043EA4003507809
:10CBF000C0F3000EC0F3400043EACE0343EA001343
:10CC0000FCEEE77A43EA0403C1ED027A81F82030B2
:10CC100049D191F82030B8EE676AC86A13F0010371
:10CC20001CBF17EE903A1B1ACB6092ED065AD2ED5C
:10CC3000057A26EE055ADFED294A66EE275AC5EE3B
:10CC4000247A85EEA46AFCEEE77A17EE903AFCEEC1
:10CC5000C67A034417EE902AC1E9042392B9B5EECF
:10CC6000C07AF1EE10FA0DDD07EE903A9FED1C6AE6
:10CC7000F8EE677A67EE867AFCEEE77A17EE902A8E
:10CC8000C1ED047A9B1A76EEC76A164A012007EEB8
:10CC9000903A8A66F8EE677A87EEA67A81ED0A7A8C
:10CCA000CCF80C1010BDB8EE676ADFED0C4A91F8B5
:10CCB000200065EE865AC00785EEA45AFCEEC55AE0
:10CCC00015EE903A02D517EE900AC31AC86ACB60E7
:10CCD000ABE700BF355D0100315D01000000C842D7
:10CCE0006F12833B615D0100704700BF38B5044699
:10CCF000C06888B1094B0D46DB6B2BB1627894EDAF
:10CD0000020A21789847E0682A4694ED020A2178C1
:10CD1000BDE83840FFF772BE38BD00BF680701208C
:10CD20002DE9F041DFF84481054698F82C31D90708
:10CD30006ED40027444CF6F7F9FB06463846677078
:10CD4000EBF704FC002841D0002E3CD0336DC268C4
:10CD500093426DD0002A39D000232261637083682A
:10CD6000E36003782371002E34D094F9013004EB92
:10CD700003131B69B27D22709B7A1A0703D598F8BA
:10CD80001C31DB065CD4314C206810F0280F32D106
:10CD90002F4A102D2BD002212E4B82F82810002173
:10CDA000197713892028A0F108002B49C3F38003C9
:10CDB00018BF0025B0FA80F083F001030D60400930
:10CDC0009370BDE8F081C268002AC5D100232361B9
:10CDD000002ECAD1214B224A9B6F567E984794F968
:10CDE0000130064304EB031326701B69C4E70223DA
:10CDF00082F82930D5E7002001F084F9144A194857
:10CE0000937A194943F00203086093722068C0E7DF
:10CE1000104C04F12000F6F73BFF94F83430002268
:10CE200023F01203E26343F0120384F8343080E706
:10CE3000F26C6770E26096F844202361227199E7F2
:10CE40009E20F6F7D1F99EE7100F0120341D012036
:10CE5000241C0120540D01209C0D01209808012064
:10CE6000840601208D780100BCF9002014160120F1
:10CE700040070CD5094A937A590710B508D4084BD6
:10CE80000420084ABDE810401A601B681847704724
:10CE90006FF38203937201F0C7F9F0E7241C0120BD
:10CEA000BCF900208D780100400700D470472A4A61
:10CEB000937A590770B584B031D4284C00239FED84
:10CEC000280A206B1946274D84F82430436A84EDE4
:10CED0000B0A984795F8403113F0020305D1224A16
:10CEE000184684F83630536F9847204B204E3360F5
:10CEF000237F9B070DD595F82D31D5ED4C7A9A00FF
:10CF000004EB830393ED007AB4EEE77AF1EE10FAC6
:10CF10000BD43368042004B0BDE8704018476FF3A9
:10CF20008203937201F080F9C7E702F11003D5F88C
:10CF300034210DF1040C6B44226294E807008CE864
:10CF400007000C49604643ED037AF4F719F900280D
:10CF5000DFD004B070BD00BF241C0120540D01209F
:10CF6000000000001416012098080120CD72010075
:10CF7000BCF90020740D0120114B0620DB6810B5B0
:10CF80009847104A104B02201049114C0B60137F38
:10CF900084F8280043F00403A07A1377430704D4ED
:10CFA0000B680420BDE810401847002001F0AAF8E3
:10CFB000A37A23F0060343F00603A37210BD00BF5B
:10CFC00068070120540D0120FD6B0100BCF9002011
:10CFD000241C012010F0400308D0494B1A7F110790
:10CFE00061D51A7F42F004021A777047420759D57B
:10CFF0002DE9F047434DAA7A54072DED028B54D406
:10D000003F4C414E237F414F6FF38203404A2377C9
:10D0100096F82C313A60D80702D5237F590734D4CB
:10D02000D6ED517A9FED3B8A237F67EE887ADFF851
:10D03000F48043F0080308F10400FCEEE77A23775C
:10D0400017EE903A99B2FFF751FE334B334A9B6F7C
:10D0500092F819909847C0B2484510D0D6ED527A50
:10D0600098F8000067EE887AFCEEE77A17EE903ABF
:10D0700099B2EAF73BFD98F80000EBF77BFA237FC3
:10D080006FF3C303237700232B77237F5A0712D430
:10D09000237F9B0715D43B680420BDEC028BBDE8C1
:10D0A000F04718477047FFF767BF63F38202AA7221
:10D0B00001F0BAF8A4E7BDEC028BBDE8F047FFF73A
:10D0C0005BBFD6F83821042315492262154AA1F125
:10D0D000140085F8283092F9013002EB031312781E
:10D0E00084F836201A79DB6884F82420E362F4F7A8
:10D0F00047F80028CFD0BDEC028BBDE8F08700BF19
:10D10000540D0120241C012014160120BCF900201C
:10D110000975010000007A44980801208406012066
:10D12000740D0120100F0120054B93F82C0110F015
:10D13000010003D0034B187FC0F38000704700BF8D
:10D1400014160120540D0120014B1868704700BFD0
:10D15000341D01202DE9F04F974E81B0356885428E
:10D1600057D02028044625D8202800F28A80DFE8FE
:10D1700010F0D20005010501880005018800880033
:10D18000880098008800880088008800880088004F
:10D190008800AC008800880088008800880088002B
:10D1A000880088008800880088008800880088003F
:10D1B0008800ED00802839D02ED9B0F5807F00F0AE
:10D1C000D180B0F5007F15D17C4B7D4A7D4F30601A
:10D1D0001A603A896FF3CB223A81002287F88020C7
:10D1E000A54216D0784B1B6B9BB1204601B0BDE821
:10D1F000F04F1847A5F10400724F40F20111B0FA48
:10D2000080F03A890D424FEA501060F3CB223A8108
:10D2100059D001B0BDE8F08F4028EBD140F2831324
:10D220001D42F6D1684B0620DB689847654F022205
:10D23000204687F82820FFF773FD002840F09080F3
:10D24000624A1268A24240F0AF803468802C1AD142
:10D25000DFF868815E4AD8F800109142B9D000F03A
:10D2600011FDFFF737FC5B4A4FF00000526F90470B
:10D27000554A0B20D2689047574A3468C8F80020B6
:10D2800001E02C464F4FA4F104013A89B1FA81F133
:10D29000490961F3CB2240F201110C423A819FD13E
:10D2A0009BE7002D00F0A280464FA5F104003A89CB
:10D2B00040F20111B0FA80F00D424FEA501060F3D5
:10D2C000CB223A81A5D12C4687E7A9063D4F13D43E
:10D2D000FA7F920710D41020FFF722FD28B901220F
:10D2E0003E4987F82920354A1160102232603A8978
:10D2F0006FF345123A816CE7344A1268102A00F045
:10D30000BA80FA7F02F04202422ACED13A8942F034
:10D3100020023A81C9E70022314932480A77274979
:10D32000284F086029493260BA70BA723A850A609B
:10D330003A8990067FF54DAF102207F13C000A6054
:10D340000821244A126C904734689CE7B5F5007FA9
:10D350002ED02023194A24491A4F3360116038E730
:10D36000346073E7174B0021144A1B489970106012
:10D370001A89346061F3CB221A8133E7114F0022FE
:10D380001549BA700D4A30601160A0F104013A8964
:10D39000B1FA81F1490961F3CB2240F2011108424F
:10D3A0003A813FF41AAF1DE7346000F0B5FA4CE75C
:10D3B000064B1D60CDE700BF341D0120BCF90020E5
:10D3C00051750100241C0120680701209C0D0120DB
:10D3D000356C010098080120756A0100CD720100CA
:10D3E000540D012059720100B5750100F6F79EF841
:10D3F0000446002844D008222E4F3260BD7100F050
:10D4000053FF94F94420002A2EDADFF8B880D8F8C8
:10D41000E0219047216D82460A6C0AB19047216D48
:10D42000227D12F04000CA6B2DD190474269DFF88F
:10D4300098B002F1020910E03068DBF85020904704
:10D44000D8F8E021904741F28833A0EB0A009842D7
:10D4500022D8FA6B12F0300F24D1226D0020D26B4B
:10D46000904742694A45E7D100F0DEFB124A134972
:10D470003468116007E73A8993067FF542AF2AE7DF
:10D4800034680C4FFFE601209047D0ED007AF5EEAE
:10D49000407AF1EE10FAE7D10E2001B0BDE8F04F6E
:10D4A00003F02EB8D8F840302021054801B0BDE87F
:10D4B000F04F1847241C0120BCF90020B57501006D
:10D4C000601C0120980801206807012010B504465F
:10D4D00080070FD4210712D4620508D50C4B012018
:10D4E000D3F8E03098474FF40070FFF733FEA30500
:10D4F00009D410BD0820FFF72DFE2107ECD5102020
:10D50000FFF728FEE8E78020BDE81040FFF722BEC5
:10D5100098080120430610B5044603D5064B1B6846
:10D52000402B05D1054B20461B68BDE8104018472D
:10D530004020FFF70FFEF5E7341D0120BCF9002065
:10D540002DE9F043450785B0044604D5804B93F898
:10D550002C31D80722D4A2053FD463060AD57D4BCF
:10D56000DB6E98477C4BC0F3C00083F8280005B001
:10D57000BDE8F083A70734D5784C2368102B3CD046
:10D58000402B40F09680764D2B7F5E0754D4714B34
:10D59000DB6E984700074FD5236885E06E4DAB7A68
:10D5A000590743D46B4EF36E98476C4BC0F3C000E1
:10D5B0001B6885F82800802BCDD100F063FBFFF7B6
:10D5C00089FA4FF00000736F9847664B0B20DB68B9
:10D5D0009847654B654A1A60C9E78020FFF7BAFD96
:10D5E000BBE72304C3D55B4BDB6E984710F0080004
:10D5F000BDD1594B83F82800B9E7574D2B7F0BB9A4
:10D6000008232B77524F97F91C31002B65DB584BC1
:10D6100093F9012003EB02131869836A9847C20744
:10D6200040F19080002223682A773DE06FF3820367
:10D63000AB7200F0F9FDB5E74E4A4B4E464B3260F7
:10D64000042283F828202B7F990729D52B7F404A75
:10D650006FF38203D2ED4C7A2B7792F82D3105EBE4
:10D66000830191ED037AB4EEE77AF1EE10FA17D860
:10D6700004A9D2F83421404F01EB8303D5F818C038
:10D680002A6201AD97E8070085E8070007F1140159
:10D69000284643F80CCCF3F773FD00287FF47CAFE9
:10D6A000336804209847236813F0C00F7FF45FAFFE
:10D6B00007E03F2B49D9802B3FF459AFB3F5007FEA
:10D6C00043D1254C0020A57AFFF744FD0820A57220
:10D6D00005B0BDE8F043FFF73DBD254E96F901309A
:10D6E00006EB0313186993F80480836A08F00108B5
:10D6F000984700F001004045DFF868800CD00A2010
:10D70000D8F80C30984796F90100B7F8AC1006EB42
:10D7100000100430FFF7EAFA0E4B96F800909B6F6A
:10D720009847C0B2484507D03078B7F8A410EAF758
:10D73000DDF93078EAF71EFF0020D8F80C302877A2
:10D74000984729E7EAF706FF6CE7034D5AE700BF61
:10D750001416012098080120241C0120341D0120EA
:10D76000540D012068070120BCF90020756A0100F2
:10D77000100F0120616D0100600D012008B510F04F
:10D78000400312D140070FD50C4A0D48917A82F818
:10D790002830490703770CD40020FFF7DBFC082072
:10D7A000BDE80840FFF7D6BC08BDBDE80840FFF75C
:10D7B000E3BB937200F038FDEEE700BF241C0120AC
:10D7C000540D0120830724D570B5124C124D94F8E6
:10D7D000900078B9D5F8E03003B198470F4BD3F8F3
:10D7E000D43013B1D4F8D4009847802002F0CCFE96
:10D7F00094F8900043020A4A00201360FFF7AAFC45
:10D800000820FFF7A7FC2B6C01210648BDE87040FB
:10D8100018477047840601209808012068070120F6
:10D820009C0D0120601C012002282BD010B504465D
:10D83000600504D5144B0120D3F8E0309847610708
:10D8400004D422060AD4230717D410BD0F4B93F833
:10D8500090004002FFF77EFC2206F4D5012000F084
:10D8600051FC0B4B01200B499A7A987042F002024E
:10D8700009489A7223070860E7D51020BDE81040D8
:10D88000FFF768BC704700BF98080120840601209C
:10D89000241C0120BCF900202976010042071DD577
:10D8A00038B5164B164C1B68202B18D0154B186832
:10D8B000FFF750FCE17931B1134B14489B6C98474A
:10D8C0000023E37138BD124B93F89030002BF9D050
:10D8D0004FF40070BDE83840FFF73CBC70470025AE
:10D8E000A572F5F76DFD00F095FBF6F72FF904F141
:10D8F0008C01084802F09CFDA570D7E7341D01207B
:10D90000241C01209C0D012098080120641C01208A
:10D9100084060120FC060120F8B56D4CF6F740F9AD
:10D920000025E179A57229B16A4E04F14000B36C7B
:10D930009847E571684D2B68802B0FD0B3F5007FB9
:10D9400000F08780402B09D023895A077CD401211D
:10D95000624B634A84F829101A60F8BD614E0022B8
:10D9600096F82C312277DF074ED5E37F58074BD44A
:10D97000337E012B48D05C4F3B7FD90771D596F899
:10D980002DC194F8483023FA0CF3DA073CD507EBA5
:10D990008C0396ED4C7AD3ED037AF4EEC77AF1EE70
:10D9A00010FA31D5514B4D4D2B603B7F5B0700F199
:10D9B0008580D6ED4F6A4E4B77EEA67AB4EEE77AC5
:10D9C000F1EE10FA77FE877AC7ED067A93E8070042
:10D9D00087E8070007EB8C0C9CED007AB4EEE77A41
:10D9E000F1EE10FA47D43B7FC3F380025B0703D408
:10D9F0003B7F62F341033B772B68042098472389E0
:10DA00006FF30C332381F8BDFFF764F82389D80442
:10DA100008D42B68802B05D096F84031990701D5A2
:10DA20002C4E04E02B4E4FF00000736F9847F36EBE
:10DA300098472389C0F3C0006FF30C3384F82800A3
:10DA4000238123895A0782D50020BDE8F840FFF7DB
:10DA500081BBFFF73FF81F4B4FF000005B6F98470B
:10DA600072E73B7F07F10C00224943F001033B774B
:10DA700002F0DEFC83E7D6F838311F4A3B6292F9A8
:10DA800001301E4902EB03131278A1F12000CCED06
:10DA9000007A87F836201A7987F824201A69DB681B
:10DAA0003A63FB62F3F76CFB3B7F5E0703D43B7F7B
:10DAB00060F341033B770028A1D19DE70D490A4857
:10DAC00002F0B6FC96F82DC1D7ED067A82E700BFCA
:10DAD000241C012098080120341D0120BCF90020DD
:10DAE000CD72010014160120540D0120356C010087
:10DAF000600D0120B01C0120100F0120740D0120C9
:10DB0000430700D47047FFF707BF00BF344A354BC7
:10DB100012689A4200D070472DE9F0410020EAF7E0
:10DB200015FD0378DC0743D52F4C257F002D3CD015
:10DB3000A80722D52D4E00222D4DF76B227747B135
:10DB400095F9013011469FED2B0A05EB0313186977
:10DB5000B84795F901304FF000019FED260A05EB1B
:10DB600003152869FEF71EFE237F726B43F0010345
:10DB700023770AB100209047257F690718D51B4DF0
:10DB80000A20EB6898471A481B4A90F90130B2F80E
:10DB9000AC1000EB03100430FFF7A8F800206B6B0B
:10DBA00020772BB1BDE8F0411847A37A1A0701D4BA
:10DBB000BDE8F0810E4E3069836A9847C307F7D5F8
:10DBC00096F901200C4B06EB0210B3F8AC100430B0
:10DBD000FFF78CF8A37A65F3C303A372E8E700BFED
:10DBE000BCF90020CD720100241C0120680701202F
:10DBF000100F0120000000001416012010B5074C82
:10DC0000A3794BB1064A0121064B92F80801D3F8DB
:10DC10008C3098470023A37110BD00BF241C012045
:10DC2000141601209808012070B50023104D1149E9
:10DC30000120114C114AAB71CB70D4F888301070B0
:10DC4000984795F8845075B90D4EB6F89E3153B18A
:10DC500029464FF00700D4F88C309847E36B2946EB
:10DC6000B6F89E019847D4F88430BDE87040184754
:10DC7000241C01207C19012098080120AD210120DD
:10DC80001416012070B50025244EFFF75DFA244AD2
:10DC9000D6F8883004462846157098472946214D05
:10DCA0002148EEF785FFB5F81431FF2B17D0042C6F
:10DCB0000DD0802C03D0B3FA83F464090BBBD6F8E3
:10DCC0008C3001214FF00000BDE870401847D6F8B5
:10DCD0008C30012195F80801BDE870401847134ABF
:10DCE000126C4AB9802CEAD0D6F88C304FF007007D
:10DCF0000121BDE870401847042CF5D0802CDAD102
:10DD0000DDE721460A48EEF753FFB5F81421214616
:10DD10000748EEF7B1FE054B987170BD98080120D9
:10DD2000AD2101201416012049D40000241C01203B
:10DD300089790100044B187820B1044B986A0038A7
:10DD400018BF0120704700BFAD2101207C190120C0
:10DD500070B5944CA36A4BB1934B2046D3F89830DE
:10DD600098470022A3682270002B6FD0E36A002B33
:10DD70006DD08E4E96F83830012B00F0D980E269D4
:10DD80004FF00003D4E9031002448A42E26112D941
:10DD9000521A4FF00103E261854A12785AB9E078CD
:10DDA000D6F88C2010F0010F14BF4FF0FF30012087
:10DDB0000244C6F88C20226A6069024491422262C1
:10DDC00012D2521A43F002032262794A12785AB9E7
:10DDD000E078D6F8902010F0020F14BF4FF0FF301B
:10DDE00001200244C6F89020A269BAB1606A0244D8
:10DDF0009142626212D2521A6D4943F004030978CB
:10DE0000626259B9E178D6F8942011F0040F14BF7A
:10DE10004FF0FF3101210A44C6F894203289A370E3
:10DE2000DBB2120502D5F27A1340A370A36823B9BE
:10DE3000604B1A6852681A6070BD013BA360002BEA
:10DE4000FAD15C4B1A6852681A60F5E7E362594AE6
:10DE5000594B12681B689A4200F0B880574BD06843
:10DE60001968E262884205D04F4A1860D2F89430AF
:10DE70009847E26A9368A16A90699942A0606CD061
:10DE8000E07893F82C2080EA02059042657018BF74
:10DE9000E27000297ED091F9321093F93220434E7E
:10DEA000914203D0716A464A0A437262596901225B
:10DEB000A362E160227093F830103D4A117093F82C
:10DEC0002F20520601D5DA8DF2839D6A7DB91DE0BF
:10DED000F8EEE77AF5EE407AF1EE10FA14BF012180
:10DEE0000021F0F779FCA36AAD689D6275B12B78CB
:10DEF0006878D5ED017A002BEAD1B8EEE70AF0F7A1
:10DF000061FCA36AAD689D62002DF0D1596A0029B9
:10DF100035D02C48EEF7C4FE00283DD0A36A00227D
:10DF20005A62E168E26A4908C4E90811E16115E052
:10DF30001D4BD3F814319847C1077FF520AF224B12
:10DF4000002103F1600286F8381007CA83E8070051
:10DF5000F36B43F08003F36311E7144E916A186981
:10DF6000D56AC8406160A061D868C840606198689F
:10DF7000C84020612DB1D169586BA847FAE6A36A61
:10DF8000CFE7116B00293FF4F5AE92ED080A586B0C
:10DF90008847EFE6054E89E7A36A586A09F030FC26
:10DFA000BCE700BF7C19012098080120241C012037
:10DFB000902101200C16012008160120BC0401202C
:10DFC0000001002039230000501C0120FFF75AFEF9
:10DFD000A36A93F831204AB1586B837A1D0705D59F
:10DFE0000021084A036BD164016998470023064861
:10DFF000064A0421A3620360126C0548BDE8704024
:10E00000104700BF8C0E0120BC040120980801209D
:10E01000601C012038B5294DD5F8103113B100210D
:10E0200008469847FFF72EFE254A012003E042E903
:10E030000E02013038320928F9D10021214C42F872
:10E04000380C214B084642F8344C013143F8303C3F
:10E0500043F80C0C3433092943F8681CF5D11B4BE9
:10E060000A221B49C3F8FC010B600021C3E9752398
:10E07000184A1460184A194C10605022184823603E
:10E0800009F06CFF30220021164809F067FF2B6A67
:10E09000154907EE903A9FED157AA1FB0313144A38
:10E0A000F8EE677A134C5B0A67EE877A580099009E
:10E0B0001360C4ED007AC2E9010138BD980801205F
:10E0C000E4190120AC1901203414012000140120AE
:10E0D0000C160120DC1B0120800E012008160120F7
:10E0E0008C0E01207C190120D34D6210000070427B
:10E0F00044030120B8040120014B83ED130A70474B
:10E100008C0E012038B598B1224C236D98472248D7
:10E11000224B01681D684B68214AAB420CBF4FF08F
:10E12000010C4FF0000C82F800C012D0E36C98474D
:10E130001C48016861B11C4B0024D3ED0B7A1A789E
:10E1400067EEA77A046042F00102C1ED0A7A1A7004
:10E1500038BD164D5B68AA680360022A16D9ED6ABD
:10E16000AD69B2EBD50F11D35A68914204D107E0E3
:10E170005B685A688A4203D093F82420022AF7D0B9
:10E180001969094A5B68D1620360CFE75B68036085
:10E19000EAE700BF98080120081601200C160120AC
:10E1A00097210120800E01208C0E01207C19012076
:10E1B00070B5194C237803F00603022B09D023789D
:10E1C0000021164A23F00503116043F00403237075
:10E1D00070BD134B134D1B689C4603F13006636101
:10E1E000DCF800000CF1100C5CF80C1CAE465CF87E
:10E1F000082C10355CF8043CB445AEE80F00EFD1B4
:10E20000DCF80410DCF800006268E3682262E36175
:10E2100003C5A168A161D2E78C0E0120800E012008
:10E22000DC1B0120A41B0120F0B51B4D2B7813F043
:10E23000020304D100222B70184B1A60F0BD184E57
:10E240006C6906F1300EB44610341036BCE80F008D
:10E25000F44544F8100C44F80C1C44F8082C44F81D
:10E26000043CF0D1F7EE046A0E4F03CE20606160EB
:10E27000D5ED077A2A6A86EEA77AC5ED037A6A6039
:10E280000022D5E90513AB60032339602B70034BE3
:10E290001A6085ED047AF0BD8C0E0120800E0120FD
:10E2A000A41B0120DC1B01202DE9F04F844EB37A22
:10E2B000DB072DED068B85B000F16582DFF8288243
:10E2C0009FED809ADFED809A9FED80AADFED80AA16
:10E2D000804B814D1A685268D8F800309A4200F09D
:10E2E00052822B68002B00F0EC817C4B1B7803F0F2
:10E2F000FF00002B40F04782794CF6EE002A296897
:10E30000F0EE6A7AD4ED043A91ED0D2A94ED0E4ABE
:10E3100072EE633A94ED0F3A724BF0EE428A6D4A18
:10E32000F5EEC03AD3F800E0D2F80090002294ED68
:10E330000C5AF1EE10FAC9F808E0B4EE443AD4ED04
:10E340000B6AB1EE451A94F8243048BFF0EE493A12
:10E3500094ED0A6AF1EE10FAD4ED0D1A9FED598A88
:10E360009FED5B7A0CBF4FF0020C4FF0010CC9F827
:10E370003000C9F82C0033E0002B50D0D1ED0C5AFE
:10E3800067EEA55AF4EEE65AF1EE10FA78D5F0EE03
:10E39000660AF0EE684AE5EEE20AE0EEE74AB4EE1D
:10E3A000E46AF1EE10FA6BD576EEE56A0122F0EE42
:10E3B000648A38EE278AB4EEC87AF1EE10FA07DCE8
:10E3C000F4EEE38AF1EE10FA40F3908037EE2A7A09
:10E3D000B4EEE86A77EE487AF1EE10FA40F1868002
:10E3E000012B3BD0032BC7D1D1ED0C5A76EEC54A99
:10E3F00067EEA55AF4EEE54AF1EE10FA4ED872EE49
:10E40000447A012275EE264AF0EE448A104677EEF1
:10E41000A75A1346F0EE456AC5EEA47AC9E7D1EDD6
:10E420000C5AF0EE664A67EEA55AE5EEA24AE4EE13
:10E43000E78AB4EEE84AF1EE10FA3CDD72EE447A77
:10E44000012275EE264A6346F0EE456A104677EEE5
:10E45000A75AF0EE448AC5EEA47AAAE7F0EE685A0D
:10E46000E1EE275AB4EEE53AF1EE10FA20DD78EE4F
:10E47000C35A1846F0EE438A0223C5EE857A98E720
:10E4800078EEC67A012271EEA64AF0EE468A77EE61
:10E49000A75AF0EE616AC5EEA47A8AE7F0EE664A02
:10E4A000012276EEE56AE5EEE24AE4EEE78A80E7ED
:10E4B000F0EE658A7DE776EEA56A012279E700BF76
:10E4C000241C01200000000017B7D1B817B7D138BD
:10E4D0003EC32E3908160120800E0120972101200D
:10E4E0008C0E0120DC1B01200C1601200AB1C4EDAA
:10E4F0000B6A08B184F82430B37A1A0703D49EF863
:10E500003130002B39D091F84430DB0740F1D28014
:10E510008B6C002B00F03E81CA68D3ED026AA368C1
:10E5200007EE902A086DD21AB8EE676A91ED130AC9
:10E5300007EE902A4368F8EE677AD96887EE867A04
:10E54000A6EE870AFEF796FAD4ED137AF4EE407A37
:10E55000F1EE10FA11D02B68186DC36A002B00F091
:10E560007081026B84ED130AC9F82C209847C9F812
:10E570001C00B37A6FF3C303B37294ED037AA368FC
:10E5800028EE877AFAFE477AFCEEE77A17EE901AC1
:10E59000581AC9F8180020B9B27A9707944600F1C2
:10E5A0007E8207EE903AD4ED016AAA4BF8EE677AC4
:10E5B000D5F800C038EE268AD3ED006A9CF94420D5
:10E5C00077EEC77A002A88EE276A66EE267AFAFE88
:10E5D000677AFCEEE77A17EE903A50DB002294F867
:10E5E00024E089F825209C4A17689F4237D90022E9
:10E5F000C9F8282007EE901AE06A89F824E0F8EEBE
:10E60000677AD4ED0A6A954FF4EEE86A77EEC77A36
:10E610003A68F1EE10FA526867EE867AC9F80C3063
:10E62000C9F810003A60CCED0D8AA160C4ED017A02
:10E63000FFF651AE9CF814305A0600F1F481F5EE65
:10E64000C08AB37AF1EE10FA00F35C821A4613F036
:10E65000040340F061822B60F4F742FF38E657680C
:10E660009F4200F2958092689A428CBF0222032258
:10E670009040D340C9F82820C9F81800BAE79CF8A0
:10E6800014205706AAD4D4ED107A0122D4ED116AD1
:10E6900094F824E0E6EE887A89F82520AEEB0202B1
:10E6A000B2FA82F25209C4ED107A89F82620C9ED37
:10E6B000057A98E70B6D9FED6A0A5B6883ED009A17
:10E6C00042E7B37A5F0740F18280F4F729FF2860C0
:10E6D000002858D0037D5C0600F1CA80614C237885
:10E6E00013F0010C00F0D0805F4A92F82C2112F058
:10E6F000010264D013F0040261D096F80A906FF31F
:10E70000000390ED0D8A09F002022370B6EE007A44
:10E71000D0ED0C7A84ED0A9AC7EE278A002A59D0E8
:10E7200090ED0A0A022384F82430B0EE487AA0EE75
:10E73000687AB4EEE97AF1EE10FA00F14281B4EEB3
:10E740004A7A84ED0D9AF1EE10FA48BFB0EE497A9C
:10E7500084ED0A7AFEF7F8FC04280BD02A68B37A15
:10E76000126DC3F3C001927AC2F3C0020A4362F38E
:10E77000C303B3723D4B00221A701B7803F0FF00F5
:10E78000002B3FF4B9AD05B0BDEC068BBDE8F08FB2
:10E7900001226DE78B8A086D03F4C07391ED130AB3
:10E7A000802B07D194ED0B7AD4ED127A20EE070A74
:10E7B00020EE270A4368D968FEF75CF9C4E696F8AC
:10E7C0000A90227090ED0D8A09F002029EE7F4F79C
:10E7D000ADFE7CE719F0040F84F8242084ED0E8A46
:10E7E00000F0FE80B0EE498A84ED0D9AF4F7CAFE7F
:10E7F0002B6860EE007A93ED0A7A93ED0D6AB4EE21
:10E80000E77A84ED110AF1EE10FA40F3AF8077EE6B
:10E81000675AF0EE466AE5EEE86AF5EEC06AC4EDC6
:10E820000E6AF1EE10FA40F2178177EEC87A0323F0
:10E8300084ED0C0A84F8243067EEA87AC4ED0F7AD0
:10E8400088E7436B89ED080AC9F8303084ED130A74
:10E850008FE600BFB8040120440301200816012000
:10E86000000000008C0E01201416012097210120C9
:10E87000AF4C01460A22AF48EEF7FEF8237828682D
:10E8800013F0010C7FF430AFD0F80CE0F7EE046A1F
:10E8900090ED0D8A07EE90EA8268DFF8A092B8EE5C
:10E8A000677A4FEAC20B4268D9F80010C7EE087ABF
:10E8B0004FEAC20A02684968D200D0ED108AC1F856
:10E8C00010B0C9F80010C1E9022A027CC1ED088A23
:10E8D00081F82C20026D81ED078A4A63826D86EEF5
:10E8E000A77A8A62428AC1ED067ACA854FEACE02C9
:10E8F000C4ED037A4A61427C81F83220426D90F87F
:10E9000014A04A62CAF3C00281F83020C0F854C093
:10E91000C4F808E003F0080E96F80A9084ED047A33
:10E9200009F0020284ED109A84ED019A52EA0E0E6B
:10E9300000F0A980D4ED0D7A6CF3C30327EEA77A1B
:10E94000C4ED0B7A237080ED0A7ACAF3C0135FEA34
:10E95000DA1A81F8313053D0437DD90760D4B7EE4D
:10E96000007AC7EE287AC4ED127ACFE677EE485ADD
:10E97000F0EE466AB6EE005AE5EEA86A66EE856AE3
:10E98000F5EEC06AF1EE10FA41DDB4EEE66AF1EEA2
:10E9900010FA41DD37EEC86A26EE286AB4EEE66A60
:10E9A00084ED0F6AF1EE10FA42D5B4EE677A84ED89
:10E9B0000C0AF1EE10FA40F08580012384F824302F
:10E9C000C8E677EEA77AA7EEC80AB5EE400AF1EEE0
:10E9D00010FA00F1A880F1EEC07AC4ED0D7AB9E624
:10E9E000F4F7B0FDB5EE400AB0EE408AF1EE10FA51
:10E9F00000F19680B1EEC80A286884ED0D0AF5E6AC
:10EA0000836C003B18BF012381F831307EE6636BD5
:10EA100084ED0E9A23639DE6022384F8243099E660
:10EA2000F7EE007A9FE700214248EEF7C1F806E6CC
:10EA3000D3ED0C7AC4ED0F6A77EEA77AC4ED0E6AB7
:10EA4000A7EEA68AB5EE408AF1EE10FA55D4B1EEE3
:10EA5000C80A84ED0C0A7DE6D3ED0C7A022377EE2A
:10EA6000A77A84F82430A6EE677AB5EE407AF1EE04
:10EA700010FA3DD4B1EEC70A237884ED0D0A43F0B5
:10EA80000803237066E690ED0A0AB5EE400AF1EE3F
:10EA900010FA20D4F1EEC07AC4ED0B7A55E7264B7C
:10EAA0004CF0010C93F82C3186F80AC0DA077FF598
:10EAB0006AAE23785B073FF566AE237843F0020326
:10EAC000237060E677EEC77A94ED0E7AA7EEE87AC7
:10EAD00084ED0E7A3EE6CDE90202019105F0F2FEE8
:10EAE0000298F0EE407A039A90F814A00199D3E7C7
:10EAF000B0EE470A05F0E6FEBEE7B0EE480A05F0C4
:10EB0000E1FEA6E70C4A43F0010392F82C21B37210
:10EB1000D3077FF538AECCE742F00103B37232E69B
:10EB200005F0D0FE68E705F0CDFEF0EE407A54E740
:10EB30008C0E012049D4000014160120DC1B01209A
:10EB400008B5FEF701FB10F07C0F03D0034B93EDEB
:10EB50000B0A08BD9FED020A08BD00BF8C0E012004
:10EB60000000000008B50A4B9B6A13B193F932000C
:10EB700008BD084B93F82930012B05D1F4F7D6FCDA
:10EB800010B190F9110008BD4FF0FF3008BD00BF73
:10EB90007C190120241C01204FF0FF30704700BF7A
:10EBA000012070470020704738B5074C0546636860
:10EBB00098470346284613B12368DB689847E46802
:10EBC000002CF4D138BD00BF980301204FF48060C1
:10EBD000704700BF0020704701207047704700BF9A
:10EBE000704700BF0120704701207047014B1B6830
:10EBF000184700BF44EE0020024A0346106803B1E4
:10EC00001360704744EE002000487047E0DF0020AA
:10EC1000A32870B5114C02D1A568AE7A1EB1236845
:10EC2000BDE87040184740F20C4229460C4804F0F9
:10EC3000EFF929680B4B012269606168AA722068AC
:10EC4000D3F8DC20C3F8D0109047074B2660D3F8E8
:10EC5000D83003B19847012070BD00BF181C0120B7
:10EC60005C0F01209808012068070120C0B2F5F769
:10EC7000DFBE00BF38B5174D04462B68ABB114207A
:10EC800008F0B6FD68B100222B460460C26002E0C5
:10EC90001A68A24218D01A46DB68002BF8D102612C
:10ECA000D060636833B1436038BD636828462C6028
:10ECB000002BF8D1A3789B070AD52968064B074A91
:10ECC000A14218BF1346EEE708F09AFD002038BDB8
:10ECD000014BE8E7980301202D89010031890100EB
:10ECE000436803B11847B0F800C00B4B01E0DB6884
:10ECF00063B11A6811886145F9D1917882784A40E8
:10ED00009207F4D48A0703D45A681047184670470C
:10ED100002490A465960F8E7980301203189010049
:10ED2000F8B54B4E0446FEF70FFA96F88530A3422D
:10ED30004ED00CB3474B93F88C30002B48D10028B1
:10ED400042D145480378062B4DD0444B444CD3F870
:10ED5000D430984794F85C3001206FF3000386F8B4
:10ED6000850084F85C3001F00FFC872105223D48C6
:10ED7000EDF782FE0120F8BD374F384D3B78062B6A
:10ED800063D05822394605F1B40004F041F9062356
:10ED90003B70D5F8E8300BB120469847304CA06D59
:10EDA000E8B1A36A9847D5F8D430984794F85C3016
:10EDB0000022012062F3000386F8852084F85C308D
:10EDC00001F0E2FB8021D1E740F201131842B8D1F3
:10EDD000052287212348EDF74FFE0020F8BD636B25
:10EDE00001209847DFE71D4D582205F1B40104F0DA
:10EDF0000FF9D5F8E8300BB101209847184C0123E2
:10EE00000020E26985F8B430C5F8D020636B9847DC
:10EE1000D5F8DC300020A76A9847B84794F85C30F2
:10EE20009B0708D5236BE268C5F8E4306369C5F831
:10EE3000C020C5F8C830636AA268C5F8D830236A14
:10EE4000C5F8BC20C5F8D43083E7054CABE700BF5C
:10EE5000241C01208406012074F20020980801205F
:10EE6000440C0120F9890100044BDB6923B100380F
:10EE700018BF0120FFF754BF704700BF440C0120AA
:10EE80002DE9F0478F4F0D46D7F800C0844500F0BC
:10EE9000D180DFF86C820446D8F80090B9F1000FF9
:10EEA00004D0894E96F8B6309B070FD4ADB9DFF881
:10EEB00054A2544507D0F86828B10368A34214D07F
:10EEC000C0680028F9D10020BDE8F087D6F80421F9
:10EED0007E4BC3E90092002DE9D02046FFF7CAFE21
:10EEE0000028F0D04FF0000A0DE0D0E90323DA60EB
:10EEF00012B1C268136103691C6854450CD04FF00D
:10EF0000000A08F07DFC2378042B00F29080DFE8F3
:10EF100003F0688E5E210D001B699AF85CA01C68E6
:10EF20000AF0010A002C08BF6446EAE76848FFF7C8
:10EF3000D7FE002840F0A180002D79D0654B624EAD
:10EF400093F8835095B196F8B65005F0010585F019
:10EF500001050BE05E48FFF7C3FE002840F0888003
:10EF6000002D65D05B4B584E93F8835096F8B43023
:10EF7000012B43D0BAF1000F73D1582221465448D7
:10EF800004F046F8514B1A68A24266D03B68A3428F
:10EF900059D0D6F8B830002B3FD0002D42D14E4D7D
:10EFA0004E4B4F48C6F8C430D6F8DC309847D6F8F8
:10EFB000E8300BB100209847D5F8A43013B196F88B
:10EFC000B40098470120C8F80040BDE8F0874048E9
:10EFD000FFF786FE0028C3D000214248F7F7DCFD8A
:10EFE000BEE7B9F1000F03D099F80030002B49D1EA
:10EFF000354E96F8B4300025012BBBD1DFF804A1C3
:10F00000DAF81C3013B10020FFF78AFE9AF85C3062
:10F0100043F001038AF85C30AFE7334BC6F8B830F1
:10F02000002DBCD02C4DE0682B689847B8E7002530
:10F03000254E9BE7D1B1DCF80430002B3AD00120FB
:10F040007B60BDE8F087294B7A689A422FD0D6F8CA
:10F05000B830002BA1D17B68E0E75B68C6F80431CB
:10F0600094E701212248EDF71BFE86E71F4BE6E7F8
:10F0700000212048F7F790FD72E700211E48F7F7BE
:10F080008BFD59E72046FFF72BFE0028B0D0E36840
:10F0900000210D4E1948C6F8C030F7F77DFDE16B31
:10F0A00009B909E0E16B88470028FBD1A1E70E4BC5
:10F0B0007B60CCE70C4BC2E7F36B64200D469847AE
:10F0C00054E700BF98030120980801206420012024
:10F0D0004C090120241C012068070120358901000A
:10F0E000BDE7000090E000202D890100318901007A
:10F0F000F58B010060E0002078E0002048E000206F
:10F1000040030120440C012003781BB1024B1A6814
:10F1100018608260704700BFD8F90020D0B1F8B500
:10F120000D4B06460F461D6895B12B786BB1002438
:10F1300002E02B78A34208D96868394600EB041036
:10F140000134B0470028F4D0F8BDAD68002DECD1F3
:10F150000020F8BD00207047D8F90020064B10B5FC
:10F160001C6DFDF7F1FFA047044BD86B80F0200029
:10F17000C0F3401010BD00BF68070120241C01200F
:10F18000104B70B51E68D6B105460020347894B196
:10F190007368002203E0A24203F110030BD05978F8
:10F1A0000132A942F7D1197811F0FD0FF3D1DB68D4
:10F1B0000BB128469847B668002EE7D170BD30469F
:10F1C00070BD00BFD8F9002070B5184D0446AB687B
:10F1D00031B1BBB160682368C01A18BF012070BD8F
:10F1E000002BF7D0837ADBB9286840B1104B6A68EE
:10F1F000C3F8D020D3F8DC30984700232B600023DD
:10F20000AB60E7E70A4E0B48D6F8D030AC606B60D5
:10F21000D6F8DC309847084B2860C6F8D030D9E7DC
:10F2200040F20C42054903F0F3FEDDE7181C012013
:10F23000980801209D890100258901005C0F0120AB
:10F240000E4BD3F8CC3010B504469BB1984718B19B
:10F25000812C02D07E2C00D010BD094B094A93F8B6
:10F26000183192F82710C3F3001363F3861182F864
:10F27000271010BDF5F7DCFBE9E700BF9808012077
:10F2800014160120241C01200F4B0A4601680B4074
:10F29000ABB930B50D4D83B0D5F8A4318BB1417801
:10F2A0000446C8200192103198476178D5F8A431FE
:10F2B000C720019A10319847012003B030BD0020CB
:10F2C0007047184603B030BDFF00020098080120C7
:10F2D00038B528B101210446FFF7D2FD054610B923
:10F2E0000025284638BD03492046FFF7CDFF2846B4
:10F2F00038BD00BF38E0002070B504460B480D460D
:10F30000A36A9847636C0BB128469847A36C13B166
:10F310004FF000009847636B0BB100209847236CB7
:10F3200003B19847236ABDE870401847BDE7000065
:10F3300038B5134C94F811321B0701D5032038BDA2
:10F34000104A114D13891189C3F3C01383F00103CF
:10F3500063F3C711EB6811811089C0F3C010C0F1CD
:10F360000500C0B29847D5F8903013B14FF4006053
:10F37000984794F8110210F00800DFD138BD00BFA3
:10F3800098080120241C01206807012038B5134C7F
:10F3900094F81032DB0601D5032038BD104A114D18
:10F3A00013891189C3F3001383F0010363F304117C
:10F3B000EB6811811089C0F30010C0F10500C0B2E4
:10F3C0009847D5F8903013B14FF01000984794F853
:10F3D000100210F01000DFD138BD00BF98080120E6
:10F3E000241C01206807012038B5134C94F8103212
:10F3F0009B0601D5032038BD104A114D1389118990
:10F40000C3F3801383F0010363F38611EB6811816A
:10F410001089C0F38010C0F10500C0B29847D5F83C
:10F42000903013B14FF02000984794F8100210F07C
:10F430002000DFD138BD00BF98080120241C012026
:10F4400068070120034B0448D3F8B030002B08BFF5
:10F450000020704798080120BC7B0020034B044823
:10F46000D3F8D831002B08BF00207047980801203E
:10F470001C7A0020034B0448D3F8EC31002B08BF62
:10F480000020704798080120347A002010B110F451
:10F49000087F08D029B13D23C81E01F8013CE9F7D7
:10F4A000C7B9032070470820704700BF10B5104C43
:10F4B0001048D4F8C0309847D4F8C0300E48984768
:10F4C000FBF76AFD83691BB1D4F8C0300B4898473D
:10F4D0000B4B9B692BB1D4F8C0300A4898470020E9
:10F4E00010BDD4F8C03008489847002010BD00BFB8
:10F4F00098080120547A00207C7A0020A47A002009
:10F5000068070120DC7A0020047B00204FF0FF30E8
:10F5100010B5E9F71BF8C3681B6C33B10446984774
:10F52000E3681B6C0BB1002010BD032010BD00BFB1
:10F5300008B5EFF779F8034AC3B2002B14BF1046A1
:10F54000002008BD007A00200C4A0D4908B5136858
:10F5500092F81E0133F0FF0C18BF002161F31F2346
:10F5600033F0FF0113600CBF0123002363F300009D
:10F5700082F81E01FBF7E6F9002008BD14160120F1
:10F580000BF8030010B5074C02210748F7F704FBFE
:10F5900064200021E36B9847D4F8EC3198470020B1
:10F5A00010BD00BF98080120E87E00200120F9F777
:10F5B0005BBB00BF0020F9F757BB00BF0120F9F784
:10F5C000B1BB00BF0020F9F7ADBB00BF0021012097
:10F5D000F9F706BC08B50020F9F746FB0020F9F75B
:10F5E000A1FB00210120F9F7FBFB002240F27E3154
:10F5F0001046BDE80840F9F7A9BA00BF002240F262
:10F600007E310320F9F7A2BA002240F27E310220B7
:10F61000F9F79CBA002240F27E311046F9F796BA0B
:10F62000002942D00B4670B514460A7894B022B136
:10F6300018B140F20312104235D0002218460DF1E5
:10F6400007018DF80720E9F737F89DF807300546E0
:10F650005BB909F0AFFE44280AD82B7863B9294674
:10F66000E0B2FBF7B1FC9DF80730184614B070BD4E
:10F670000B23184614B070BD114E421C294602A837
:10F6800003F0C6FC314602A807F0AEF902E007F02D
:10F69000ABF968B1E9F7CCF8314603468DF80700BD
:10F6A0000028F4D0E1E70823DFE70323184670477A
:10F6B0009DF80730002BD2D0184614B070BD00BFA3
:10F6C000D88600200122FFF7ABBF00BF0022FFF762
:10F6D000A7BF00BF18B140F20313184224D0002086
:10F6E00000B593B06946FBF793FCC0B90F4B0720F8
:10F6F0009B68984769460120FBF78AFC38B90B4B99
:10F7000007209B689847002013B05DF804FB69460A
:10F710000120F7F7E9FF002013B05DF804FB69460C
:10F720000020F7F7E1FFE5E70820704768070120B0
:10F7300008B518B140F2011318420BD00B78233BE7
:10F74000072B05D8DFE803F0081504180404041B90
:10F75000032008BD082008BD4FF002031846FBF740
:10F760000DFD0A4B0920DB689847F1F743FD0020A7
:10F7700008BD4FF00103F1E74FF01003EEE7044B33
:10F78000187803460028E9D108BD00BF68070120AA
:10F790007087002000B593B06846FBF7BBFD684654
:10F7A0000121F7F7DFFF002013B05DF804FB00BF75
:10F7B00001F07CBD0120F9F705BE00BF0020F9F77C
:10F7C00001BE00BF0846F9F785BB00BF08B5094B6D
:10F7D00093F81C311B070BD5012807D8064B4FF4B3
:10F7E000007106481B6C9847002008BD082008BD22
:10F7F000032008BD1416012098080120601C012078
:10F8000010B5074C94F80B325B0707D50548D4F8C0
:10F81000C0309847D4F8C03003489847002010BD46
:10F8200098080120207B0020407B002003784F2B8C
:10F8300005D0532B15D0422B0AD0002070470D4B1A
:10F840000D4893F8103213F0200F18BF00207047B6
:10F85000084B0A4893F8103213F0100F18BF00201D
:10F860007047044B064893F8113213F0080F18BF85
:10F870000020704798080120F87B0020DC7B0020E6
:10F880001C7C002010B50A4C94F88E31DA0706D59E
:10F89000084B0948D3F8C030984794F88E319B073D
:10F8A00004D5044B0548D3F8C0309847002010BD5C
:10F8B0001416012098080120B8790020D87900207A
:10F8C00038B504460020E8F741FEC5686378522B3E
:10F8D00003D0442B0CD0002038BD2B6C002BFAD069
:10F8E000084B0948D3F8C03098476378442BF2D1CD
:10F8F000EB6B002BEFD0034B0448D3F8C030984794
:10F90000002038BD98080120707B0020947B0020E7
:10F9100010B50D4C94F80B325B070DD571B1D4F8CE
:10F9200048313BB10846F3F72DF858B1D4F84831C7
:10F93000984708B1002010BD032010BDBDE810405D
:10F94000F9F700BD022010BD9808012010B50C4643
:10F9500092B018B140F2831318420ED084B1204601
:10F9600009F028FD442805D82046FBF719FB0020A4
:10F9700012B010BD032012B010BD082012B010BD8F
:10F980006846FBF7C7FC68462146F7F7EBFE2046C2
:10F9900012B010BD022810B50CD0044640B90220A8
:10F9A000FDF7D8FB074B0420DB689847204610BDC5
:10F9B000082010BDF1F71EFC024B0520DB689847BC
:10F9C000002010BD6807012040F2011330B510EA95
:10F9D000030483B01BD01B4DEB6E98471A4B93F872
:10F9E0008030102B16D04306C4B217D414F0010493
:10F9F0001ED1164B93F8263103F00303032B11D1CC
:10FA0000EB6D9847EFF7EAFDC0B258B12D242046C0
:10FA100003B030BD3124204603B030BD322420462F
:10FA200003B030BDF0F75CFA054618B12E24EEE7BE
:10FA30001224ECE7064B0320DB6898472846FDF7C5
:10FA400089FBE4E798080120241C012014160120FA
:10FA50006807012070B5002592B0164E6946284609
:10FA6000FBF7D6FA60B19DF8003073B90DB112B052
:10FA700070BD012569462846FBF7CAFA0028F2D175
:10FA800007216846F7F750FEF0E73146684606F072
:10FA9000ABFF04462046E8F7CBFE01462046F7F7C9
:10FAA00043FE3146002006F09FFF04460028F1D1B6
:10FAB000DCE700BFD8860020F8B5C3B2044623B106
:10FAC000364B93F88E3199072FD5FDF73DFB08BBD8
:10FAD000334F344EFB6E984796F88030102B21D070
:10FAE0004206C5B202D532252846F8BDC3051FD44B
:10FAF0002A4A92F88E31D80717D503F02203317BBA
:10FB0000194312D0290716D592F84031DB0712D4D9
:10FB10000D25E9E7FDF718FB40F201131842D7D194
:10FB20000825E1E731252846F8BD05252846F8BD1A
:10FB300033252846F8BD15F0010501D01225D3E77D
:10FB40002046F1F7A9FBE0B93378002BCCD1FDF7C3
:10FB500001FBFEF797F8144B2846DB689847337B88
:10FB60001BB196F84820934310D0F0F7B9F900285C
:10FB7000BAD00B230120002586F88030FDF7EAFA81
:10FB8000B2E7FF2818BF05462846F8BD97F8AC3104
:10FB9000002BA9D0FFF75EFFA6E700BF14160120D7
:10FBA00098080120241C0120680701204FF0000064
:10FBB000FFF782BF4FF00100FFF77EBF4FF002005A
:10FBC000FFF77ABF4FF00400FFF776BF10B582B0A1
:10FBD000D9B1002408466A4601A90194F2F7E0FD74
:10FBE00028B3DDED007AB6EEE77A37EEC77AB5EEE8
:10FBF000407AF1EE10FA1DD1FDEEE77A17EE901A79
:10FC000000290CDA204602B010BD10F0180403D110
:10FC10000120F7F713F8F5E7082002B010BD2246DF
:10FC200089B2012002B0BDE81040F8F78FBF022072
:10FC300002B010BD0320E6E708B5F7F707FB064A58
:10FC40000649536A896E43F00403536209B10420E4
:10FC50008847002008BD00BF241C01206807012040
:10FC6000E9B1084610B582B0002401AA69460094A3
:10FC7000F2F796FDC0B1DDED017AB6EEE77A37EE28
:10FC8000C77AB5EE407AF1EE10FA0AD1FDEEE77AC6
:10FC900017EE901A00290ADA204602B010BD0220A1
:10FCA0007047032002B010BD022002B010BD89B21F
:10FCB000204602B0BDE81040F8F772BF10B50C4600
:10FCC00082B0F1B1002301AA694620460093F2F701
:10FCD00067FD80B1DDED017AB6EEE77A37EEC77ADF
:10FCE000B5EE407AF1EE10FA05D1FDEEE77A17EEA7
:10FCF000900A00280ADA204602B0BDE81040F7F763
:10FD000019B9F7F74FF9204602B010BD80B202B022
:10FD1000BDE81040F7F7D4B8164B00B583B0997919
:10FD200001A8E8F709FB144B1A89C2F340019207B6
:10FD30001CD59DF80620012093F87010904003EB2D
:10FD4000820C0143DCF82C0083F87010CCF87400AE
:10FD50005A6A0A4942F40042896E5A6211B14FF45C
:10FD600000408847002003B05DF804FB83F8701062
:10FD7000EEE700BF84060120241C01206807012053
:10FD800010B582B0D9B10024084601AA6946009492
:10FD9000F2F706FD28B3DDED017AB6EEE77A37EE2D
:10FDA000C77AB5EE407AF1EE10FA1DD1FDEEE77A92
:10FDB00017EE901A00290CDA204602B010BD10F0A0
:10FDC000180403D10120F6F739FFF5E7082002B047
:10FDD00010BD224689B2012002B0BDE81040F8F7FC
:10FDE000B5BE022002B010BD0320E6E708B50B4BFC
:10FDF000DB6E98470A4BC0F3001CC0F3C0211A8980
:10FE0000C0F340106CF304121A811A8961F3C7120F
:10FE10001A811A8960F386121A8108BD9808012098
:10FE2000241C01202DE9F04F044683B0260417D48A
:10FE300086B296B140F24113864D4FF0000A1E4241
:10FE4000A5F886001CD0FDF77FF9B0F5807F04D0BF
:10FE500003B0BDE8F04FF1F7CDB903B0BDE8F08FC6
:10FE6000250600F19D8024F4EF4424F04F04A6B24F
:10FE70003446002EF1D0774D4FF0000AA5F8866089
:10FE800020075FFA84F917D5734F97F810321907D6
:10FE900012D5724B93F8903073B92A89DFF8C88174
:10FEA00063F30C322A8198F84031DA0700F1B08010
:10FEB0003B6C40216A489847C4F3072818F0300F7C
:10FEC000474657D118F0400B71D095F8382002F012
:10FED000FF0A002A00F0858000215F4B0846D3F816
:10FEE00010319847002319F0100F06D0FA432989E2
:10FEF000C2F3C01262F30411298118F0080F06D072
:10FF0000FA432989C2F3C01262F3C711298119F09B
:10FF1000200F06D0FF432A89C7F3C01767F3861264
:10FF20002A8106F403661E4397D04E4FD7F89030CF
:10FF30000BB12046984773078FD5474B022148489D
:10FF40001B6C9847484B95F8272093F81831434885
:10FF5000C3F30013D7F88C1063F38612002385F8DF
:10FF6000272080F8903000293FF477AF03B0BDE838
:10FF7000F04F0847C4F30033CAF3072204201B01E3
:10FF800022F03002019043F0200303F030031343CA
:10FF900063F30F2A304B1B6E98471FFA8AF3A2E7D0
:10FFA000012132486FF3C714ECF77AFE5BE719F0D2
:10FFB000800F09D119F0020F22D0274B08212848C1
:10FFC0001B6C98475B468EE795F838304AF0800AFC
:10FFD000012B28D000212548ECF762FE1FFA8AF396
:10FFE00081E7FDF7B1F810F0280F3FF475AF1A4B19
:10FFF00010211B481B6C98470D225346EA7172E78B
:02000004600298
:1000000019F004033FF46FAF4AF004039BB26AE7B0
:10001000FDF79AF8A8B998F81830012B7FF44CAF87
:10002000FCF758FD48E7FDF78FF80828D2D10A4BB6
:1000300001460B481B6C98470D221FFA8AF3EA71A0
:1000400051E7FDF781F82028E5D03B6C40210448BA
:100050009847E0E7241C012098080120840601202D
:10006000601C0120680701201416012061DA0000DD
:10007000034B93F8AC310BB1FFF7ECBC704700BFFA
:1000800098080120024B1A6818608260704700BF10
:1000900010ED00202DE9F84FDFF890800646214F43
:1000A0008A46002E3BD03178002931D00024DFF879
:1000B000809008E052F80B00A847054670B93178E7
:1000C0000134A14224D972684FEA041B02EB0413E5
:1000D000DD68002DF4D01B7A5B07EBD424202B784D
:1000E00083420CD0D7F8C83098477268D7F8C03030
:1000F00052F80B0098474846D7F8C0309847D7F8D1
:10010000C03028469847D7F8C03040469847D6E7D1
:10011000BAF1000F03D0B668034B9E42C1D1BDE8CF
:10012000F88F00BF98080120D0ED0020007B002050
:10013000E086002010B5074C00212046FFF7AAFFFB
:10014000054B1868A04204D00121BDE81040FFF71C
:10015000A1BF10BDD0ED002010ED00202DE9F04F23
:100160000446407885B0002800F0D8803D2804F18E
:10017000010700F0F38039463A4602E03D2812D0EC
:100180003246A0F1610320280D4602F10106DBB2E0
:1001900006D0192B98BF00F05F0005F8010B294627
:1001A00050780028EAD1023228B101F8010B12F888
:1001B000010B0028F9D10025042238460D706E4944
:1001C00006F010FB002800F0C3803D21384608F0FF
:1001D000B9FB804608B108F8015B684BDFF8A491D1
:1001E0001D682E78C6B100246A6823013846D158AC
:1001F00002EB041A08F0D2F958B999F80530002B2F
:1002000040F083809AF80830B8F1000F73D0D90716
:1002100071D50134A642E7D8AD68002DE1D1584B25
:10022000D3F89C3043B39847044628B3554D94F80F
:100230000090B9F1000F19D04FF0000A62684FEA40
:100240000A133846D15802EB0A1B08F0A7F948B93F
:100250006B79002B77D19BF80830B8F1000F67D08D
:10026000DB0765D50AF1010AD145E7D8E3681BB180
:10027000984704460028DAD1414BD3F898408CB116
:10028000B8F1000F6FD03D2308F8013C3C4BD3F888
:100290009840FCF759FF3946A047002308F8013C75
:1002A000FF2838D1FCF750FF28B1FCF74DFF40F292
:1002B0000313184255D0002303AA02A9384602931B
:1002C000F2F76EFA90B39DED030AB5EEC00AF1EEB7
:1002D00010FA2BDBF2F7D6FA40B3DDED037A414694
:1002E000FCEEE77A17EE903A98B2B8F1000F3FD0E3
:1002F000FBF75CFB0FE0DAF80460FCF725FF4146F2
:10030000B047FF2807D12E7883E79AF8083098077E
:100310003FF57AAF4F2005B0BDE8F08F184B019044
:100320005B689847019805B0BDE8F08F0320F2E7BD
:10033000DBF80460FCF708FF4146B047FF28EAD12C
:1003400094F800908EE79BF808309A07E2D584E78E
:10035000601D05B0BDE8F04FF8F7BCBDA21C3946E2
:1003600023E70820D7E7FCF7EFFE3946A04797E7D9
:10037000F6F750FCCFE700BFA8E0002010ED00200A
:1003800068070120241C012010B5154B82B00446DB
:10039000997901A8E7F7D0FF124BE4B21B7E022B3C
:1003A0000BD09DF80620012393401C4203D00E4B36
:1003B00093F870201AB902B010BD0523F5E75A6A08
:1003C00000200A4942F4004283F87000896E5A62A4
:1003D0000029F0D04FF40040884702B010BD00BFA4
:1003E0008406012014160120241C01206807012026
:1003F0000C4B93F81931DB0710B50FD40A4C636C22
:1004000003B19847094AA16E536A43F4807353625B
:1004100039B14FF48070BDE810400847F4F7F4FAA2
:10042000ECE710BD1416012068070120241C0120F0
:10043000084A0C3001F10C0373ED017A243AD2ED35
:10044000276AF8EEE77A8B4287EEA67A20ED017AEA
:10045000F2D1704714160120B5EEC00AF1EE10FA81
:1004600001DC0020704700B52DED028B87B0B0EEA7
:10047000408A6946FAF728FE28B9002007B0BDEC8B
:10048000028B5DF804FB1C4903A81C4A06AB71ED06
:10049000017A243AD2ED276AF8EEE77A87EEA67A57
:1004A00023ED017A8342F2D19DED040ADDED016A6C
:1004B000DDED037A30EE660A9DED007A77EEC77ABD
:1004C00020EE000AA7EEA70AB5EE400AF1EE10FAF8
:1004D0000DD4F1EEC07AB4EEE78AF1EE10FAACBFBB
:1004E0000120002007B0BDEC028B5DF804FB04F096
:1004F000E9F9F0EE407AEEE7BC1C01201416012069
:1005000070B50446FCF720FE0428184D21D095F85C
:100510008030A34216D0142C85F8804024D8144B88
:10052000E34003F001030A2C6B710CBF4FF48070A1
:100530000120FCF70FFE95F8833023B995F8803041
:10054000102B00D070BD0B4B20461B69BDE87040DE
:100550001847EB6B9B06DAD4074B214605F14000A8
:100560009B6CBDE8704018470023DCE7241C012089
:10057000060412006807012098080120014B586A00
:10058000704700BF241C012008281CD00FD8B8B128
:10059000012804D1124B93F80A32DB070FD5114A18
:1005A000536A11490343896E536241B10847B0F55C
:1005B000802FF4D10A4BD3F81C31002BEFD17047B8
:1005C000084B58627047094B064A93F8183192F865
:1005D0002510C3F3401363F3000182F82510DFE711
:1005E00098080120241C012068070120141601200E
:1005F0002DE9F041254E3368002B45D0244B1C6873
:10060000002CFCD1234D2B6D9847D5F8DC30306899
:100610009847EB6C346098471F4E336853B11C4BBE
:100620001C68002CFCD12B6D98473268EB6C2A6754
:1006300034609847194C1A4E237833B100230122B5
:1006400018481946D6F8B470B847174BD6F8BC20EE
:100650009A4214D000231549EA6E81F89030237035
:100660009047020709D595F810321B0705D52B6C6A
:1006700040210F48BDE8F0411847BDE8F0810D4B1F
:100680001B68C6F8BC30E5E7024DC5E75005012000
:10069000CC1701209808012088040120A521012001
:1006A00068070120A4040120D1A9010084060120CB
:1006B000601C0120040D0120014B1420DB68184749
:1006C00068070120064B074A196F074810B5074C09
:1006D00011601C67D3F8DC309847054B186010BDDB
:1006E000980801208804012061A5010011A60100DD
:1006F0005005012070B5174D2C68F4B1164B2269D6
:100700001969914220D0154A9269FAB1144E9C465B
:10071000D6F8D440BCE80F0020606160A260E360BE
:10072000DCF8000020618020FFF72EFFD6F8D430DF
:1007300000221B692A60C6F88830FFF759FF094B71
:10074000BDE870401B681847054EEFE79C46044E15
:10075000E0E700BFD00C0120A404012068070120BD
:1007600084060120F80401200D4B8C4630B4044669
:10077000186031B10B4B1B687BB12046614630BC21
:1007800018470068E3686168A268074D0FC5054B0C
:1007900020691B682860002BEFD130BC704700BF78
:1007A000D00C012060200120A4040120074B1B680D
:1007B00010B5044603B19847054B1B7F03B910BD24
:1007C0002046BDE81040FFF7DFBD00BFF80C012058
:1007D0001416012070B5214C7E2818BF812823688B
:1007E00003F1010323600CBF0123002314D11C4E2D
:1007F000327802F0FF0552B91A4A1278AAB11A4BA0
:100800001D7825B300211948ECF74AFA30702368A7
:100810002846013B236070BD154B1B689847236831
:100820000546013B2846236070BD124A29461D46F5
:10083000114B107F114A03280CBF10461846ECF7E5
:100840002FFA307023682846013B236070BD29468B
:100850000B481546ECF724FAD9E700BFCC17012066
:1008600098210120912101209321012095A70100C9
:10087000500501201416012011AA010041AD01000C
:1008800045A4010038B51A4C23680133236043079F
:1008900013D5184D2B7803F0FF0253B9164B197876
:1008A00091B1164B1978F1B111461548ECF7F8F9EA
:1008B00028702368013B236038BD124B1B689847A2
:1008C0002368013B236038BD0F4B104A187F104B43
:1008D00003280CBF10461846ECF7E2F9287023688D
:1008E000013B236038BD0B48ECF7DAF9E1E700BFC4
:1008F000CC17012098210120912101209321012072
:1009000095A70100880401201416012041AD0100C3
:1009100011AA010045A4010038B5104C0546104944
:100920002046FFF785FD0F4B0F4A9B7802EB8302B1
:1009300004EB8303D2ED137A93ED007AB4EE677A79
:10094000F1EE10FA01D1012038BD29462046C3ED51
:10095000007ABDE83840EFF775BB00BF4C1D0120A1
:10096000B01C0120840E0120241C01202DE9F84335
:100970001F4C05461F4E082021461F4FFAF7A4FBC7
:10098000B1781E4B04EB810203EB8103D2F80080A7
:10099000DB6C13603B7843B1194B00222146186889
:1009A000184BD3F8B4900123C84729461048EFF7F5
:1009B00049FB10B90020BDE8F883B37829460C48FC
:1009C00004EB8304C4F80080EFF73CFB0028F1D06F
:1009D0003C78002CEFD001230A490948D1F8B450E3
:1009E0001A4600210068A8472046BDE8F88300BFEA
:1009F0004C1D0120840E0120A5210120241C012072
:100A0000D00C01206807012010B58AB06846F3F7C2
:100A10003FF99DF81430684643F001038DF8143017
:100A2000FFF77AFF20B3184B1B7F022B27D0174A02
:100A30006946174B92F800C092F801E003EB8C0472
:100A4000144803EB8E0200EB8C0C00EB8E03126853
:100A5000D4F800E0CCF800E01A60EFF7F3FA38B110
:100A6000F3F7D2FFF3F772F80B490C48FFF7E0FCFD
:100A700000230B490B4A0B7013700AB010BD684677
:100A8000FFF774FFEBE700BF14160120840E01206E
:100A9000E00E01204C1D0120B01C0120FC060120AD
:100AA0009821012093210120F0B58BB04D4E4E4D81
:100AB00068464E4CF3F7ECF89DF814306946204632
:100AC00043F001038DF81430B37805EB830204EB97
:100AD0008303D26C1A60EFF7B5FA90B3444F97F8DE
:100AE0001D315B063BD43378424A04EB830102EBB1
:100AF000830391ED007AD3ED007AB4EE677AF1EEDC
:100B000010FA0DD1737804EB830102EB830391EDAE
:100B1000007AD3ED007AB4EE677AF1EE10FA1ED0C7
:100B2000B37805EB830104EB8303D1F84CC007CA0B
:100B300084E8070069462D48C3F800C0EFF782FA41
:100B400068B9F3F761FF00283BD12B7823B96878A7
:100B500080F001000BB0F0BD00200BB0F0BDF3F74A
:100B600053FF0028EDD0F2F7F1FF23492348FFF7A8
:100B70005FFC234BB7F8A410587EE6F7B7FF4FF0A1
:100B8000FF30E7F7E3FCB7F8AC20017890ED020AFC
:100B9000C068FBF733FF97F81D1111F04001D0D169
:100BA000B078E7F737FBB3781248694600EB830368
:100BB000D3ED007A37EE800A83ED000AEFF742FAB0
:100BC000BFE7F2F7C3FF0C490C48FFF731FC0D4BB0
:100BD0000D4C1E6830687168B268F3680FC43069E4
:100BE0002060B2E7840E0120241C01204C1D01204E
:100BF00014160120E00E0120B01C0120FC0601208B
:100C000084060120D00C0120A4040120094B1B689C
:100C100010B5044603B19847074B1B7DA34200D093
:100C200010BD064B1A78002AFAD0054A12781A70BD
:100C300010BD00BF1C0D0120840601209121012060
:100C4000932101200C4B1A89910703D40B4B1320DD
:100C5000DB6818470A4993F870208978CA40D207A0
:100C600000D4704703EB810202201346D26A5B6F07
:100C7000D21AE7F703BB00BF241C0120680701203C
:100C8000840E012010B50B490B48FFF7D1FBFFF78D
:100C90000BFF0446FFF7ACFC084B0020DB689847CD
:100CA00034B1074B022107481B6CBDE810401847C0
:100CB00010BD00BFB01C01204C1D012068070120A1
:100CC00098080120601C0120884B1B68002B00F055
:100CD0000381874A1B6912699A4200F0CF802DE98F
:100CE000F047844D8EB0844E044681792846E7F75C
:100CF00023FB337F012B00F0AA80804F97F8482018
:100D000002F00702072A40F0BB80032B40F0A980C5
:100D1000DFF814A2033B7A4A4FF00009DFF80C8297
:100D200018BF01231370FBF7D5FED8F8743048467E
:100D30009847744ADAF8B43082F800902BB1337FC8
:100D4000013B022B8CBF00230123DFF8E4910DF15E
:100D5000040A6D4A6D4948461370FFF769FB00218C
:100D6000A878E7F757FAAB7809EB8303D3ED007A5D
:100D700037EEC00A83ED000A99E807008AE8070009
:100D800004A8F2F785FF9DF8243043F001038DF8A5
:100D9000243096F81E315B0776D4AB780EAA07EBA9
:100DA000830702EB8303FA6C594F43F8342C00237A
:100DB0003B7004A8FFF7B0FD002844D03B78002B1F
:100DC00070D02B780EAA534E0EA902EB830252ED7F
:100DD0000D7A06EB83029B0092ED007A6A78B4EEFE
:100DE000677A01EB8201F1EE10FA11ED0D7A75D1FF
:100DF00006EB82019200D1ED006AF4EE476AF1EE53
:100E000010FA0AD03344324404A94248C3ED007AB0
:100E100082ED007AEFF716F9A8B1AB780EAA06EBCF
:100E2000830602EB830396ED007A53ED0D7AB4EE60
:100E3000677AF1EE10FA38D004A93648C6ED007A88
:100E4000EFF700F988BB12200EB0BDE8F087AA7852
:100E50002A4F03FA02F297F848101140D2B28A42A0
:100E60000ED1DFF8C4A02C49DAF8BC208A423FF446
:100E700051AFCAF8BC1029490A604BE700207047FF
:100E80002E200EB0BDE8F08797F8483003F0070336
:100E9000072B82D11E4F012351460A203B70FAF7DF
:100EA00013F986E7337F022B1AD0F3F7ADFDF2F783
:100EB0004DFE16491A48FFF7BBFA01224FF4806134
:100EC000D8F8403084F8902016489847F3F76EFA27
:100ED00000200EB0BDE8F0872F207047920091E708
:100EE00004A8FFF743FD0028DFD1ACE7D00C0120B8
:100EF000A4040120840E012014160120241C0120CA
:100F00009121012098210120A5210120B01C012060
:100F1000932101204C1D0120D1A90100040D0120C5
:100F2000FC060120601C01206807012098080120B0
:100F3000E00E01201C4B1D4903EB800391ED0B7A61
:100F4000D3ED007A10B41A4C77EEC77A94F84820A3
:100F5000C3ED007AC240D2070AD500EBC00201EB14
:100F6000820191ED0F7AB5EEC07AF1EE10FA02D45B
:100F70005DF8044B704704EB80025DF8044BD2ED42
:100F8000196A92ED167AF4EEE67AF1EE10FA58BF8D
:100F9000F0EE667AB4EEE77AF1EE10FA58BFF0EEB2
:100FA000477AC3ED007A70474C1D012014160120CA
:100FB000241C01202DE9F0438FB008204FF00006DB
:100FC0007F4C01A9FAF780F804A8F2F761FE9DF8BA
:100FD00024307C4A43F0010312788DF82430002A33
:100FE00040F0AA8022780EA9774D01EB8201637848
:100FF00005EB8202754F51F8341C11600EAA02EB0A
:10100000830205EB830352F8342C1A603B7893B1CA
:101010004FF001086E4B00226B4918686D4BD3F8F6
:10102000B4900123C847B8F1000F04D1FFF7E0FAEC
:101030000FB0BDE8F08304A96348EFF703F8002878
:10104000F4D0A3780EAADFF8A08104A902EB8302F2
:101050005D4805EB830352F8342C1A60EEF7F2FF7B
:101060000021D8F8243009918DF814100493002839
:101070007FD03B786BB1564A01231068554AD2F8AD
:10108000B4701A46B8479DF8253060F3C3038DF855
:101090002530A078FFF74EFF4FF0000204A94A4820
:1010A000EFF72EFF0128C1D14B494748FFF7C0F9A0
:1010B000A378B0EE007A05EB8303D3ED007A77EEE8
:1010C000877AC3ED007A98F81E31C3F3C0071B0777
:1010D0005DD5D8F82030049367F3C30604A93A48D5
:1010E0003246EFF70DFF0128A0D13C4BA17893F8D1
:1010F000702022FA01F4E4073FD4884003EB810416
:1011000002434FF4004083F87020E36A6367FFF7FF
:101110003BFA304B0F20DB689847FFF7C5FC0446CD
:10112000FFF766FA002C83D02D4B02212D481B6C53
:1011300098470FB0BDE8F08304A8234DFFF7ECFB00
:1011400022780EA96378214F804601EB820105EBDE
:10115000820251F8341C11600EAA02EB830205EBE7
:10116000830352F8342C1A603B78002B3FF45BAFBA
:1011700050E7A078FFF7DEFE58E703EB810202207C
:101180001346D26A5B6FD21AE7F778F8C5E7D8F84A
:10119000283004A90C480493EEF754FF00283FF4CC
:1011A00045AFD8F82030B1EE007A0493A37805EB70
:1011B0008303D3ED007A77EEC77AC3ED007A8BE72D
:1011C000840E0120932101204C1D0120A521012026
:1011D000D00C012068070120501C0120241C012094
:1011E00098080120601C01201416012010B5214C24
:1011F000D4F83031984780B9D4F8E0306BB14FF46F
:101200000040FFF7C1F91C4B1B7F13F0FB0305D116
:101210001A4AC4F82C31C2F8D83010BD1849194AFE
:10122000164B1948C3F8D8101178C4F82C01B1B97D
:101230004FF0010CD4F82811D3F8B00082F800C0A8
:10124000124A1160124A996CC4F82821114A1060A0
:10125000114A12481160124AC3F8B0009A64114B47
:101260001A68002AD9D1D4F8A8110F4A1960C4F815
:10127000A82110BD9808012014160120680701203C
:1012800051A40100A321012055AA010060200120E2
:10129000F5A40100F80C01201C0D012039A5010066
:1012A00099A90100F804012081A401002DE9F04171
:1012B0005D4D8AB02B7F013B012B2BD85B4B1B680C
:1012C00043B35B4B1C78ECB95A4B1B7833BB5A4C7D
:1012D0004FF0100759492046594EFFF7A9F86846C4
:1012E000F2F7D6FC6B6AB0780093FFF723FE3A461C
:1012F00069462046EFF704FE012825D02F200AB0CA
:10130000BDE8F0814F4B1720DB68984700200AB0FA
:10131000BDE8F08103200AB0BDE8F0814A4BB1EE90
:10132000040A484A08201F68D2F8B460FFF794F80E
:101330000123024621463846B0479DF8153060F338
:10134000C3038DF81530C2E740492046FFF770F817
:10135000B378B0EE007A04EB8303D3ED007A77EE36
:10136000877AC3ED007A95F81E31C3F3C0081B07D6
:1013700044D568F3C3072B6A69462F483A46009361
:10138000EFF7BEFD0128B9D130492B48FFF750F8DF
:10139000B378F1EE007A2E4E04EB83046A6A06EB12
:1013A0008303694694ED007A234837EE277AD3ED1C
:1013B000137A0092B4EEE77AF1EE10FA77FE877AAC
:1013C000C4ED007AEEF73EFE002897D0F3F71CFB41
:1013D000002894D0F2F7BAFB1E4806F18C010024D5
:1013E000FFF726F8297F1C4A0229164B1470DB6888
:1013F0000CBF112012209847204680E7AB6A69464F
:1014000020460093EEF71EFE00283FF477AFB37836
:10141000B1EE007A04EB8303D3ED007A77EEC77A5E
:10142000C3ED007AA5E700BF141601205005012086
:1014300093210120A52101204C1D0120B01C012079
:10144000840E012068070120D00C0120501C0120CF
:10145000241C0120FC060120912101200F4A037960
:10146000D2789A4217D90E4AC3EBC303126802EB33
:1014700083035A685B7CD2E90001C3F380030268EE
:101480000A40002A18BF83F00103DBB200EE103AD5
:10149000B8EEC00A7047BFEE000A7047C4040120CE
:1014A00080030120104A037912789A4218D903EB7D
:1014B00083010E4A03EB4103126802EB8303D3E975
:1014C00006215B7A1268C3F380030A40002A18BF22
:1014D00083F00103DBB200EE103AB8EEC00A7047A9
:1014E000BFEE000A704700BFC4040120780301204A
:1014F000354B364A10B4DA62002831D1344A1278BA
:101500008A422AD9334A01EB81001971146801EB30
:10151000400104EB810002899A8342689A61C2F318
:10152000072222F0440C427A82F0400202F040028C
:1015300042F0040242EA0C025A76026914F82110C1
:101540009A604269847A806A5971DA602249234A32
:1015500019625A62C3E9040418465DF8044B7047E7
:1015600001282DD11A4AD2788A4229D91C4AC1EBC6
:10157000C10C1971146804EB8C010A8A9A830A8AD7
:101580009A61120A22F044004A7C82F0400202F082
:10159000400242F0040202435A76CA6814F82C0052
:1015A0009A604A690C7A587148680E491A610E4A65
:1015B0005C61D86018465DF8044B19625A62704746
:1015C00000205DF8044B7047000E0120D5B60100E5
:1015D000C404012078030120F1B3010031B20100FD
:1015E0008003012079B30100E9B101002DE9F04148
:1015F0000446DFF86C80237998F80300834208D30F
:10160000164F3B681B7883422CBF00200120BDE8A9
:10161000F081124F1646C3EBC3030D463A680978B2
:1016200002EB83035A7CC2F38000884202D061F34C
:1016300082025A746B78207D002B14BF0421012193
:1016400001F08AFA16B998F80300DAE7204629462D
:10165000EDF7AEFA98F80300D3E700BF800301204E
:10166000C4040120F8B504461E4E23793078834225
:1016700026D20D468978032922D003EB8300174632
:10168000194A03EB40032878126802EB830201F049
:101690000303DB00B2F808C043EA8023687843EA1A
:1016A000C0331248034047F6E73000EA0C0003431A
:1016B000207D138149B901F04FFA77B92379307849
:1016C00083422CBF00200120F8BD01290CBF02215C
:1016D000032101F041FA002FF0D029462046EDF712
:1016E000EBF9EBE7C4040120780301201884FFFF25
:1016F0000C4BDB78834213D90B4BC0EBC0001B684B
:1017000003EB80035A7C5B68520748BF81F00101FC
:10171000D3E9002311B1C2F884307047C2F8883091
:10172000704700BFC4040120800301202DE9F84365
:101730004A4B1B78834249D9494A00EB800315681C
:1017400000EB430005EB8005002944D0F3EE047A5A
:101750004B1E012B20EE270ABAFE400ABCEEC00A3F
:1017600010EE104A04F1010428D90E1F3D4FDFF896
:10177000FC8018BF01260BE044B3F2F717FEFB6BA9
:10178000002132209847013C20D098F80030EBB976
:10179000687AD5E90612C0F380000B681340002B6D
:1017A0000CBF844680F0010C6645E5D10B681A40F9
:1017B000002A0CBF044680F0010409E0012948D04A
:1017C00002231946AA8813EA521313D14FF0FF34AB
:1017D0002046BDE8F883D5E90632687A1B68C0F375
:1017E00080001340002B18BF80F00100C4B22046D7
:1017F000BDE8F8831C4F2846EA693B68DFF864803F
:1018000023EA0203DFF864903B60E6F71BF90CE083
:101810000CB3F2F7CBFDD8F83C3031463220984774
:10182000013C18D099F80030ABB93E68EB691E4016
:10183000EED0AA69687A1268C0F380001340002BCA
:1018400018BF80F00100C4B200212846E6F7FAF87C
:10185000BEE70B46B6E74FF0FF34F5E7C4040120BE
:10186000780301209808012060050120241C012034
:1018700068B90E4B1B788B4216D90D4B01EB8100DA
:101880001B6801EB400103EB81039A62704701285A
:101890000AD1064BDB788B4206D9064BC1EBC1015E
:1018A0001B6803EB81035A61704700BFC404012029
:1018B000780301208003012070B5204C24788442F5
:1018C0002AD916461E4A146800EB800200EB42003B
:1018D00004EB8004B4F804C01CF478751AD0CCF37F
:1018E000441C1D1E26EA0C0C18BF0125BCF1000F7C
:1018F00018BF00259DB9134E336D9847002120462F
:10190000E6F7A0F8238900226FF34913626223816E
:10191000F36C9847284670BD0025284670BD228983
:10192000204684F82110314666F349126362228111
:10193000E6F788F8002EDED0284670BDC4040120EA
:101940007803012098080120037F13F0010F037929
:1019500009D00E4A03EB8300126803EB400302F840
:101960002310012070470A4AC3EBC3038B29126876
:1019700002F8231002EB830201D08E29F1D1537CAF
:10198000012043F010035374704700BF7803012017
:10199000800301200C4AC169136810B40B43446AE8
:1019A00013606CB1436990F82100D3E900231268F9
:1019B0001A4223465DF8044B14BF01210021184749
:1019C0005DF8044B704700BF60050120084B1B68A1
:1019D0005BB108490279C978914206D902EB8202CB
:1019E00003EBC20393ED090A7047BFEE000A70478C
:1019F000EC0E0120500301204FF0FF30704700BF74
:101A0000037FDA0707D50379044AC3EBC3031268DF
:101A100002F82310037F03F00100704784030120C4
:101A20000C4B60B91878884209D90B4B01EB810047
:101A30001B6801EB400103EB81039A627047DB787E
:101A40008B4206D9054BC1EBC1011B6803EB810337
:101A50005A617047500301207C0301208403012058
:101A600070B5184D04468AB0E878A04205D8844283
:101A70002CBF002001200AB070BD134AC4EBC40182
:101A8000124BEE4612681B6802EB8102127E02EBDB
:101A9000820203EBC20CBCE80F00AEE80F00064662
:101AA000BCE80F00AEE80F009CE803008EE80300DE
:101AB00001A8ECF7C9FF0146304600F069F8E87864
:101AC000D5E700BF5003012084030120EC0E012064
:101AD000264B302270B505460C461846002106F00C
:101AE0003DFA012D3ED1224AD278A2423AD9214A6A
:101AF000C4EBC40C0346047115681F4E05EB8C0142
:101B00000A8A828382F40050C2F30722C0F3403075
:101B100060F304125A775C7F9A8B84F0400014F0D3
:101B2000300F9A61C2F30722C0F3801060F386126F
:101B30005A7615F82C205A71CA689A600A7A5A6146
:101B40004A69DE621A610FD00A7E0C4902EB8202FA
:101B50000B4C09680B4801EBC202C3E90840DA608C
:101B6000184670BD002070BD184670BD300E0120B3
:101B700050030120840301208DB70100EC0E0120E9
:101B80000525006059B70100EBF70CB9704700BF9D
:101B900030B590F800C04378BCF1010F03F00303A7
:101BA0001BD0BCF1020F04D0BCF1000018BF012013
:101BB00030BD426889B2580102EB43146180105A6B
:101BC000421ABCF1000092B218BF01202282A28901
:101BD00092B242F40052A28130BD0CFA03FE446876
:101BE0001FFA8EFEB4F888214FEA0E1592B2ADB2FC
:101BF0002A43A4F888218278012A0ED0022A29D00B
:101C0000C2B1B4F88831BCF100009BB218BF01200A
:101C10004EEA030EA4F888E130BD03EB430389B21A
:101C200004EB4313D983B4F880319BB21D43A4F86D
:101C30008051E6E703EB430304EB4313DA89521ABE
:101C400092B25A81B4F880319BB24EEA0303A4F8F1
:101C50008031D6E703EB430389B204EB4313D98207
:101C6000B4F880319BB243EA0E239BB2A4F88031D2
:101C7000C7E700BF054A00EB4003054902EB00122D
:101C800001EB8303927818465A70704708F90020D8
:101C9000C0F90020054A02EB001293789907C3F3BC
:101CA000400002D56FF341039370704708F900209C
:101CB000074A53681168994206D0591C1344C1F36E
:101CC0000901D87A516070474FF0FF30704700BF6C
:101CD00000002020024BD3F80C24C3F810247047D6
:101CE00000002020044B18685B68984238BF00F55C
:101CF0008060C01A80B2704700002020064A40F27F
:101D0000FF3013685268934238BF03F580639B1A13
:101D10009BB2C01A80B2704700002020024B002105
:101D20001A6859725A60704700002020074B002142
:101D300018201A6859725A6019681A6819440132D1
:101D4000C872C2F309021A60704700BF0000202069
:101D5000F8B5194C0646D4F80C24D4F810349A423D
:101D60001ED0D4F80C54154F0135C5F3080503E017
:101D7000D7F80432984790B1D4F81034AB42F7D07A
:101D8000D4F80C34C4F80C541C4484F8146472B6AF
:101D90000B4A936943F40003936162B60120F8BDD6
:101DA000074A0849D36A0988C3F302238B42D8D271
:101DB0000120D661F8BD00BF000020209808012056
:101DC000008019408821012010B5044614F8010B49
:101DD00028B1FFF7BDFF14F8010B0028F9D110BDA1
:101DE00049B138B50446451814F8010BFFF7B0FFA8
:101DF000AC42F9D138BD70470B4B0C4AD3F80C04F8
:101E0000D3F81034984238BF00F50070C01AD36A76
:101E10005269C3F3022380B282F48002C2F380527B
:101E20001344184480B270470000202000801940FD
:101E30000146024B024859600BF08CBDC0F90020EE
:101E40000CE40020014B1B68184700BF540501201B
:101E5000024A0346106803B113607047540501201D
:101E60002F4970B58E6934021FD54B6918021CD5F5
:101E70002C482D4AD0F81034B2F800C009E095F88B
:101E80001424C4F30803CA61CA6AC2F30222624579
:101E900005D2D0F80C24C5185C1C9A42EFD1C0F8CA
:101EA0001034D0F80C249A4230D0710203D51C4B68
:101EB0005A69520218D41A4D6B6913F4401F12D09C
:101EC0001A4E05E0EC693368E4B22046984780B1C9
:101ED000EB6A13F0E06FF5D16B69DB0203D56B6938
:101EE00043F480136B6170BD9A6922F480029A6199
:101EF000E1E70C4A136851680133C3F309039942BF
:101F00000AD0116813600A44D472E1E7044A936965
:101F100023F400039361C8E701235372D8E700BF9D
:101F20000080194000002020882101205405012054
:101F3000094AD2F81836D2F81416994208D0591C1A
:101F40001344C1F3090193F81F06C2F8181670472D
:101F50004FF0FF30704700BF00002020024BD3F845
:101F6000202AC3F8242A704700002020054BD3F80C
:101F70001406D3F81836984238BF00F58060C01AAE
:101F800080B2704700002020074A40F2FF30D2F8AC
:101F90001436D2F81826934238BF03F580639B1A93
:101FA0009BB2C01A80B2704700002020044B002171
:101FB000D3F8142683F81D16C3F81826704700BFFF
:101FC000000020200A4B00211820D3F8142683F8A3
:101FD0001D16C3F81826D3F81416D3F8142619447E
:101FE000013281F81F06C2F30902C3F814267047B4
:101FF00000002020F8B5194C0646D4F8202AD4F861
:10200000243A9A421ED0D4F8205A154F0135C5F310
:10201000080503E0D7F80432984790B1D4F8243A81
:10202000AB42F7D0D4F8203AC4F8205A1C4484F8C4
:10203000286A72B60B4A936943F40003936162B64F
:102040000120F8BD074A0849D36A0988C3F302236F
:102050008B42D8D20120D661F8BD00BF00002020FD
:1020600098080120004018408421012010B5044642
:1020700014F8010B28B1FFF7BDFF14F8010B00287D
:10208000F9D110BD49B138B50446451814F8010B13
:10209000FFF7B0FFAC42F9D138BD70470B4B0C4A8B
:1020A000D3F8200AD3F8243A984238BF00F50070DC
:1020B000C01AD36A5269C3F3022380B282F4800249
:1020C000C2F380521344184480B2704700002020AD
:1020D000004018400146024B024819610BF03ABC1F
:1020E000C0F90020D05F0060014B1B68184700BF9B
:1020F00058050120024A0346106803B11360704777
:1021000058050120324970B58E6934021FD54B69DC
:1021100018021CD52F48304AD0F8243AB2F800C033
:1021200009E095F8282AC4F30803CA61CA6AC2F311
:102130000222624505D2D0F8202AC5185C1C9A42BA
:10214000EFD1C0F8243AD0F8202A9A4235D0710253
:1021500003D51F4B5A69520218D41D4D6B6913F4F5
:10216000401F12D01D4E05E0EC693368E4B22046F2
:10217000984780B1EB6A13F0E06FF5D16B69DB0231
:1021800003D56B6943F480136B6170BD9A6922F4C7
:1021900080029A61E1E70F4AD2F81436D2F8181695
:1021A0000133C3F3090399420DD0D2F81416C2F8D3
:1021B00014360A4482F81F46DCE7054A936923F483
:1021C00000039361C3E7012382F81D36D2E700BF05
:1021D00000401840000020208421012058050120E3
:1021E00001460148FCF7F0BF1406202001460148D3
:1021F000FCF7EABF00002020064A936920B123F4CF
:10220000001301209361704743F400130120936190
:10221000704700BF00801940064A936920B123F43B
:10222000001301209361704743F400130120936170
:10223000704700BF00401840094B0A499A69087569
:1022400010F0700022F013029A6106D010289A69EB
:102250000CBF122113210A439A610120704700BF6D
:1022600000401840C0F90020094B0A499A690872D9
:1022700010F0700022F013029A6106D010289A69BB
:102280000CBF122113210A439A610120704700BF3D
:1022900000801940C0F900200A4B93F8810078B9FA
:1022A000094B1B7863B1094B1B78DB0708D5084A3B
:1022B000084B10681B68C01A0E2894BF002001202C
:1022C000704700BF241C0120B2210120B121012050
:1022D000401D012074200120044A53681068834285
:1022E00088BF00F58060C01A80B27047280C20209B
:1022F000054B58681B68984294BF00F2FF3000F10C
:10230000FF30C01A80B27047280C2020064B1820DE
:1023100019681A6819445A601A68C8720132C2F3FF
:1023200009021A60704700BF280C2020084B59682A
:102330001A68914208D059685A6819440132C87A1B
:10234000C2F309025A6070474FF0FF30704700BF78
:10235000280C2020014B1B68184700BF48EE0020C6
:10236000024A0346106803B11360704748EE00202C
:102370002DE9F84F2B4B2C4D1B6898472B780BB150
:10238000BDE8F88F00F094FB284A1368C31A312B7C
:10239000F6D901232B70106001F098FF00283CD083
:1023A000234EDFF8908071683268914294BF01F249
:1023B000FF3101F1FF311428A1EB0201A8BF142065
:1023C00089B28142A8BF0146404601F0EDFE0746B2
:1023D00018B34446DFF860B04FF0010908E03268F6
:1023E0003360B31883F80BA0A8EB0403FB4214D0AE
:1023F00014F801ABDBF80030504698470028F3D1C1
:10240000336872680133C3F309039A42E7D1A8EB3A
:10241000040386F80990FB42EAD100232B70BDE843
:10242000F88F00BFF00C01209F210120DC0A012061
:10243000280C20201420012048EE002001460148ED
:10244000FCF7C2BE280C202008B501F04BFF024B60
:102450001A685A6008BD00BF280C202000296FD0E0
:102460002DE9F047DFF888A106460D46DAF80C346E
:10247000DAF81024002B4AD1DAF814040AF583673D
:10248000AA4273D2DFF86491DFF85C813146CAF862
:102490000C2400F0BDFDCAF81474DAF80C343BB11A
:1024A00001F08AFF0A280146DAF80C340FD813BB72
:1024B000DAF81024CAF814744746AD1A4A4816448C
:1024C000ADB2AA42E2D3002D4ED1BDE8F0879942C9
:1024D000DAF8140428BF19460C4601F061FFDAF857
:1024E0000C34DAF814241B1B2244CAF80C34CAF842
:1024F0001424002BDCD0D9F8043298470028CCD122
:102500000023CAF81474CAF80C34BDE8F0870B44F1
:102510009342B1D90AF58367DFF8D080CAF8147402
:1025200001F04AFF0A280146DAF80C3409D8002BDA
:1025300050D1CAF814742C4FDAF8102438469FE7AB
:1025400070479942DAF8140428BF19460C4601F086
:1025500027FFDAF80C34DAF814241B1B2244CAF8DB
:102560000C34CAF81424E2E70AF5836031462A469F
:1025700000F04EFDDAF80C341C4E1D44CAF81474F9
:10258000CAF80C543DB101F017FF0A280146DAF8E9
:102590000C3404D8B3B9CAF81474BDE8F087994272
:1025A000DAF8140428BF19460C4601F0F9FEDAF8EF
:1025B0000C34DAF814241B1B2244CAF80C34CAF871
:1025C0001424E7E7D6F804329847002898D0DAF8C0
:1025D0000C54D7E7D8F804329847002890D0DAF89E
:1025E0000C34002B9CD1A4E7401020209808012037
:1025F000280C2020F8B52C4D064606F0DBFE0446DC
:10260000D5F80C340344FF2B28D802463146D5F8C0
:102610001404264400F0FCFCD5F80C34D5F814243E
:1026200023442244C5F80C34C5F8142416F8012CB0
:102630000A2A03D0D5F8102493420ED91B4E1C4F02
:10264000C5F814643BB101F0B7FE0A280146D5F87D
:102650000C3409D8E3B9C5F81464F8BD81B230462A
:10266000BDE8F840FFF7FABE9942D5F8140428BF38
:1026700019460C4601F094FED5F80C34D5F8142414
:102680001B1B2244C5F80C34C5F81424002BE2D0DF
:10269000D7F80432984710B1D5F80C34D2E7C5F812
:1026A0000C04C5F81464F8BD280C2020401020202C
:1026B0009808012003780BB1FFF79CBF704700BF5B
:1026C00008B5084BD3F80C243AB10346064803700A
:1026D0000BB1FFF78FFF012008BD01F04BFE012079
:1026E00008BD00BF280C202068130120AC49AD4B69
:1026F00088422DE9F047AC4C5F699A69D4F80C80A8
:1027000000F2FF8003F1437303F5F4530333A3FB9B
:102710000013DB0D03EB830303EB830404F2B634F5
:1027200040F227639C4228BF1C46A04BA4F5487486
:10273000A3FB0434E4089B4908F01F09D1F880305A
:10274000A14543F0C003C1F880300CD228F01F0827
:10275000A1F5F82148EA0408C1F80C800B68002BA9
:10276000FCDA08F01F0917F0007324D190490D69B5
:102770009049A94300F0018182F480513D464FF415
:10278000805615F0605F04D027F060571F43854BDB
:102790005F6111F4405F07D022F440528149324317
:1027A0008A618B6C1A07FCD447F000777D4A576129
:1027B000936C9B06FCD4804DA84200F2E9804FF058
:1027C000010C0146634603FB011203F1010E0CF1FB
:1027D0000106AA4218D8BEF1080F4FF0010340F0DD
:1027E0008E80BCF1040F00F2A8800A18AA4200F201
:1027F000BB8006FB00F1B44603F1010E03FB01129E
:102800000CF10106AA42E6D90CF1FF318D0287EAEC
:1028100081216A4810446A4A904240F29680DFF86B
:10282000DCA16C226748624EB0FBFEF0D6F800E0F7
:10283000B0FBFCF0DFF8C8C10EEA0C0CD44509D09F
:1028400042F400524FF4805CC6F800C03260326837
:10285000002AFCDA534A166906F007069E4203D0A6
:102860001361936CDE03FCD411F4E05F09D027F40C
:10287000E05705F4E0554B4A2F435761936C990795
:10288000FCD45149514A0144914252D8504BC90994
:10289000A3FB0131090B4B1E1B0287EA030212F452
:1028A000407F06D027F4407703F440733D4A3B4312
:1028B00053613C4A536923F000735361936C9B0648
:1028C000FCD4444B4C45A3FB00234FF0FF324FEAAE
:1028D0009343B0FBF1F1B2FBF3F33F4A10603F4A80
:1028E00011603F4A136008D228F01F082E4A48EAB8
:1028F0000404D4601368002BFCDABDE8F08773464B
:1029000061E7384B984201D80E2414E7364B9842C1
:102910003AD9364CA04239D9041B354B240AA3FBC3
:102920000434E40904EB840404EB840404F2E24478
:10293000F6E64FF440730421AFE70CF1FF311F4876
:1029400007238D02104487EA81212A4ADFF8B4A0C8
:10295000A2FB0020020D2848362A38BF362202FB8F
:1029600000F042EA0A0A5EE74FEA8C25002387EA74
:102970008C214FF0010EB4464BE71E4687F0C05540
:1029800011464FF0C053FCE60F24D4E61224D2E6E1
:1029900000254FF0010C024639462B46E64638E743
:1029A000001C4E0E00C00F40000008401F85EB5178
:1029B00000800D4040300080FFB19F26808D5B007D
:1029C000FF7EF64D00643F4D7FD1F0087F17B42C99
:1029D0009F10E50083DE1B4364E6002060E60020D4
:1029E0007C130120FF0A6B1B00A4781F0046C32341
:1029F00023B24C00819F5E16001BB7006C20008044
:102A00007F3001800020008000B970472DE9F84F29
:102A100001218146214C224D224E54E8003F2A6874
:102A2000306844E80013002BF7D11F494B684FF47E
:102A30007A7BDFF878A01B1A01270BFB02F8DAF883
:102A40000020A3FB02325A4594BF9044D84454E876
:102A5000003F2A68306844E80073002BF7D14B68C8
:102A6000DAF800C01B1A0BFB02F2A3FB0C3CBCF50E
:102A70007A7F94BF624402F57A72A2EB0802B2F543
:102A80007A7F06D3B9F1010908F57A78DFD1BDE87C
:102A9000F88F01F003FD0449D9E700BF441D012070
:102AA000401D0120381D0120001000E07C13012092
:102AB00030B40F4B4FF0010C0E4D0F4C53E8002F6C
:102AC0002868216843E800C2002AF7D10B4B5B68F5
:102AD0000B4A5B1A4FF47A71126801FB00F0A3FBFA
:102AE000023230BC8A4294BF80184018704700BF41
:102AF000441D0120401D0120381D0120001000E070
:102B00007C130120362816D80201104B03EB00106D
:102B10009B5810B4C2685C68144205D061B95DF876
:102B2000044BC3F888207047836851B1084A5DF8A8
:102B3000044B1A60704770475DF8044BC3F884205B
:102B40007047044A5DF8044B1A607047E87500202E
:102B500038F0010038300100362829D8164B020120
:102B6000012903EB00109A5810B45368C4680ED0C2
:102B700004290CD023EA040353608368A9B1022915
:102B800017D003290CBF0D4A0D4A1A6007E02343F2
:102B900001295360836808D040F638021A60436800
:102BA00015225DF8044B1A60704738221A60F6E768
:102BB0007047044A1A60F2E7E875002038300100D7
:102BC0003800010038F0010030B4124A0020124BE6
:102BD0000121124D124CC2F8F032C2F8F402C2F8D0
:102BE000B810C2F8A000C2F8A450C2F8B0105369DF
:102BF000DB07FCD551612378DB07F0D41368054966
:102C000043F0010313600B68DB07FCD462B630BCF1
:102C1000704700BF00802A400504012401000F0016
:102C200000812A4070B50E4C4FF6FF7E0D4E04F128
:102C30007E05A6F58053002102E0B34281B204D2A2
:102C40001A88481C02337245F7D124F8021FAC429F
:102C500006F58056EDD1044B01221A7070BD00BFFD
:102C60007E13012000107C609C21012041F2BB03F7
:102C700098422FD8184B10B51B7804463BB3A008D8
:102C8000164B04F00301164CA3FB0023C21A03EBFE
:102C90005203144A5B09C3EB831E9C46A0EB0E0350
:102CA00041EA8C01FF2034F813C01A444FEA4C0C5F
:102CB00013030CEB023CBCEB023F07D91A8802332A
:102CC000D4B28C4208BF100A9C45F7D810BDFFF75C
:102CD000A9FFD4E7FF2070479C2101200541100483
:102CE00080130120C007060062B170B505460C468E
:102CF0008E1820460134FFF7B9FF05F8010BB442E6
:102D0000F7D170BD704700BFF8B50F46164672B6D2
:102D1000344B40F20641344A9A610222DA610022C1
:102D2000C3F8A020C3F8F012C3F8F422C3F8F822C5
:102D3000C3F8FC224FF47022C3F8A4200122C3F888
:102D4000B02020F01F038219BFF34F8F4FF0E02413
:102D5000C4F85C3F20339A42FAD8BFF34F8FBFF3D9
:102D60006F8F204D6B69DA07FCD501231F49B2B282
:102D700020F07F406B6142F47022C5F8F01242F2FD
:102D80000121184CC5F8F412C5F8BC30C5F8A000F4
:102D9000C5F8A420C5F8B030154D01E05B0609D494
:102DA000636913F00100F9D041236361BDE8F84085
:102DB000FFF70ABF082E0AD836B1324639463744E3
:102DC0000646284600F024F940236361E8E7A6F1AF
:102DD000080008263946324637440646284600F0A1
:102DE00017F9F1E700802A40F05AF05A3204180827
:102DF00080812A4010B472B6284B0221284C002250
:102E00009C614FF47024D96140F20641C3F8F0127E
:102E10000121C3F8F422C3F8F822C3F8FC22C3F856
:102E2000A020A2F58052C3F8A4400240C3F8B0101D
:102E3000BFF34F8F02F5805102F120034FF0E02CD9
:102E4000994234BF0121802102EB41118B42CCF821
:102E50005C2F1A4603F12003F8D1BFF34F8FBFF365
:102E60006F8F0E4A5369D907FCD501240D490E4BCB
:102E700054610340C2F8F0124FF470200749C2F8C1
:102E8000A030C2F8A400C2F8B0404B69DB07FCD503
:102E900001235DF8044B4B61FFF796BE00802A408A
:102EA000F05AF05A2004180800F0FF0041F2BB036A
:102EB000984200F28980464B2DE9F0471B78C2B05A
:102EC00005468946002B7CD0AB08424E05F0030531
:102ED000414FA6FB03269A1B06EB5206760945EAEC
:102EE0008605C6EB86169E1B3C4B37F816403344CE
:102EF00060004FEA033800EB0330B0EB033F64D9C6
:102F000043464FF0FF0C1A880233D1B2A94208BFE2
:102F10004FEA122C9842F6D8E14541D0B4F5006F43
:102F200041D302AC4FF48072FF21204605F016F821
:102F300008F5805008F102034246984234BF012050
:102F40004FF4006008EB4000134602321B888242B7
:102F5000D9B24FEA13236354F6D104F805900DF16A
:102F600007090DF2071A00254C464046FFF742FFBD
:102F700014F801CF08EB450002220DF10601631E93
:102F8000BCF1FF0FA3EB090306D043EA0C23013584
:102F9000ADF80630FFF7B8FEA245E9D127F8165084
:102FA00042B0BDE8F08745EA092502A902220134B2
:102FB000ADF80850FFF7A8FE27F8164042B0BDE86C
:102FC000F087FFF72FFE7FE770474FF0FF0CA3E776
:102FD0009C2101200541100480130120C007060038
:102FE00062B170B505460C468E182046013415F8BE
:102FF000011BFFF75BFFB442F7D170BD704700BF04
:1030000008B5FEF7C1FDFEF7C1FD01F047FAFAE78A
:10301000844641EA000313F003036DD1403A41D3E3
:1030200051F8043B40F8043B51F8043B40F8043BA2
:1030300051F8043B40F8043B51F8043B40F8043B92
:1030400051F8043B40F8043B51F8043B40F8043B82
:1030500051F8043B40F8043B51F8043B40F8043B72
:1030600051F8043B40F8043B51F8043B40F8043B62
:1030700051F8043B40F8043B51F8043B40F8043B52
:1030800051F8043B40F8043B51F8043B40F8043B42
:1030900051F8043B40F8043B51F8043B40F8043B32
:1030A000403ABDD2303211D351F8043B40F8043BD2
:1030B00051F8043B40F8043B51F8043B40F8043B12
:1030C00051F8043B40F8043B103AEDD20C3205D3E2
:1030D00051F8043B40F8043B043AF9D2043208D0DA
:1030E000D2071CBF11F8013B00F8013B01D30B884C
:1030F00003806046704700BF082A13D38B078DD02A
:1031000010F003038AD0C3F10403D21ADB071CBFFB
:1031100011F8013B00F8013B80D331F8023B20F865
:10312000023B7BE7043AD9D3013A11F8013B00F89E
:10313000013BF9D20B7803704B7843708B78837026
:1031400060467047074A506A936A19468446506A37
:10315000936A9942F9D18445F7D1DB0B43EA4040A9
:10316000704700BF00400D4010498B6823F00113E9
:103170008B608B68DB07FCD48B6B0C4A23F001035C
:103180008B63936BD907FCD4C3030849400C536588
:103190001065936B43F0010393638B6BDB07FCD5E6
:1031A0008B6843F001138B60704700BF00400D40F7
:1031B00072B6EFF30583524CC4F884301EF0040F4E
:1031C0000CBFEFF30882EFF309824FF0E0234D4E7E
:1031D0004D4DD3F8280DD3F82C1DC4E92201D3F8A6
:1031E000341DD3F8383DC4E924139369C4F89830EA
:1031F000D369C4F89C3000F0D1F884ED280AFFF7B9
:10320000A1FF0B214FF0FF32C4F8A4000B46C4F815
:1032100080103E49301D5A40202402F00103013C39
:1032200001FB03F383EA5202F7D1A84202D073688C
:103230000646EFE7324BC3F8A820BFF34F8F4FF09D
:10324000E0233049324AC3F8701FC3F8702FBFF330
:103250004F8FBFF36F8F2F4A02252F48D36E2F4910
:1032600043F44053D3660560D3692D4823F07F03B0
:1032700043F04003D3610B6883423DD8264D0021C3
:103280004FF0E0234FF0FF3229600126C5F8081106
:103290002449C5F80011C5F80861C3F88021C3F8B6
:1032A0008421C3F88821C3F88C21C3F8902101E060
:1032B00000F066F9D5F80C31002BF9D00134C5F8CF
:1032C0000C614F2CF4D9184B022018494FF00042E2
:1032D000C1F840015A63D5F80C313BB9144815497F
:1032E0000D4A0163D2F80C31002BFAD04FF0E023E5
:1032F000114AC3F80C2DFEE7FFF7F8F9BEE700BF4F
:1033000000FF272080FF2720A8FF27202083B8ED7B
:10331000A0FF272000C00F400040084064E60020C6
:10332000803DCD0B009F240000900D4000002E40FA
:1033300000800F40F100AD0B0400FA050A490A684D
:1033400038B108B513180948834204D810460B60F9
:1033500008BD1046704704F06DF90C234FF0FF32A2
:103360000360104608BD00BF78E60020000028205A
:10337000002070474FF0FF30704700BF4FF40053FC
:1033800000204B60704700BF012070474FF0FF30B6
:10339000704700BF30BFFDE7FFF70ABF124AD2F8FF
:1033A00080305B07FBD5D2F880301048C3F30B2385
:1033B0000F4990ED007A07EE903A91ED006AB8EE71
:1033C000477A0C4AF8EEE77A0B4BD2ED006A77EEBB
:1033D000C77A93ED007AB8EE477A67EE867A87EE81
:1033E000A60A37EE400A704700810D406C13012099
:1033F000741301207813012070130120836BF0B443
:103400001BB1536843F40043536072B6446B3CB342
:103410001A4B2260D3F8B0410C421DD1184E776888
:1034200004E07468E41BB4F5166F0BD2D3F8404186
:1034300044F48044C3F84041D3F8B851D3F8404134
:103440006404EED50D4007D10C4CC0E90225D4F838
:10345000B0310B43C4F8B031426362B6F0BC704780
:10346000064DC0E90224D5F8B0310B43C5F8B031A0
:103470000263426362B6F0BC704700BF00002E409A
:10348000001000E070B5056B9DB106462A46002489
:1034900003E012680134012A0CD0536813F0800352
:1034A000F7D032632CB12846B36B2D689847013CA6
:1034B000F9D170BDC6E90C33F4E700BF30B4D9B917
:1034C0001F4C204B0021204A01254FF0011099602C
:1034D0001D60C4E9023180245C60C2F8BC01D2F8EE
:1034E000B0311A482B43C2F8B0310160D2F8B03184
:1034F000002BFBD130BC70470904154B104C012543
:1035000041F080019860104A596000F580511D60BB
:10351000D96000F50051A364196100F5405100F530
:103520008040596100219861E164D2F8B03143F4E0
:103530008033C2F8B031D2F8B031002BFBD1C0E7F4
:1035400000000020C0FE002000002E4048050120A1
:10355000E0FE0020084901220B7802FA00F023EA7D
:103560000000087030B9054AD2F8483123F08003D2
:10357000C2F84831704700BFAC21012000002E4046
:103580002DE9F04F974C83B0D4F84471FB07C4F891
:10359000447153D5D4F8AC21002A4AD0924EDFF8BA
:1035A00060A2DFF87492DFF874B2DFF87482C4F8B6
:1035B000AC21D6E90A20D4F8403143F40053C4F8D2
:1035C0004031D4F840319D04F5D5D4F8403123F48E
:1035D0000053C4F840314FF00113C4F8B431D4F8AB
:1035E000B45115F00115FAD193B28446CAF80050CF
:1035F000B3F5086F00F0CF8100F2DB8040F20231BA
:103600008B4200F0E78100F29A80822B00F0CB81A0
:10361000B3F5817F40F08A8010F0780F83B200F01C
:1036200003824FF00113C4F8C031D4F8AC21002A52
:10363000BDD16C4AD2F8BC31002B42D17E0616D5E2
:10364000684BD3F8AC21C3F8AC21D3F8BC21C3F844
:10365000BC21D3F8B041002CFBD14FF0FF32C3F8AE
:10366000B421D3F8843100F01DFD604B1C60FC01D7
:1036700003D55F4B1B6803B19847B80103D55D4B79
:103680001B6803B19847790708D5564BD3F88431A6
:1036900013F4007347D0584B01221A70514BD3F8E2
:1036A00048311A060AD53B0608D5544A13782BB17F
:1036B000013BDBB21370002B00F0728203B0BDE857
:1036C000F08F4F49C2F8BC310868034240F0D18105
:1036D000464A14681C40B1D05FEA144810D0424EEC
:1036E0004FF0010998FAA8F5B5FA85F506EBC51073
:1036F00009FA05F54030FFF7C5FE38EA0508F1D1B3
:10370000A4B2002C9AD0384E4FF0010894FAA4F5D8
:10371000B5FA85F506EBC51008FA05F5FFF7B2FE18
:10372000AC43F3D18AE7344A1370B7E7802B7FF4B8
:1037300078AF344802210580FFF7C0FE75E7B3F586
:10374000A06F00F00B81A3F5D063012B3FF669AFAA
:103750002D4B5D68002D3FF464AF1FFA8CFC4FEADF
:10376000124E04E01D690C33002D3FF45AAF1A8845
:103770007245F7D15A886245F4D14FEA1E22032AD6
:1037800000F0A5811A89000C824228BF0246BEF5CE
:10379000007F40F0A181184B1C4918781C4B019206
:1037A000002818BF19461B48FFF732FC194D019A33
:1037B000E1E142F221218B427CD033D942F2213126
:1037C0008B4200F081804FF6C0018B427FF429AF1D
:1037D00010F47F4F83B27FF424AF43F46E4363F35E
:1037E0000F0CB5E700002E40000000204C05012022
:1037F000782001207C200120B3210120B421012068
:1038000048050120080F012040E40020A06100606D
:103810000462006040112020400501205DCFC6B841
:10382000C0012E40B3F5106F66D042F221018B42E9
:103830007FF4F7AE030C072B7FF4F3AEB24BB34922
:10384000F560D960B249B360C3F80890C1E90020BF
:1038500001221A60AF4A5A60AF4A1A61D4F8B01117
:1038600041F00101C4F8B01102F5805102F5005297
:1038700059619A61D4F8B031002BFBD1A74AF364A7
:1038800093600123B264136048F2800353604FF0E9
:103890000113C4F8BC31D4F8B03143F48033C4F818
:1038A000B0314FF48033CAF80030D4F8B031002B77
:1038B000FBD1BAE680B238B9994BC2F30742196816
:1038C000984B1960984B1A70944B00229A60F264DE
:1038D0000122B3641A6080225A604FF00113C4F8C9
:1038E000BC31D4F8B03143F48033C4F8B031D4F8EB
:1038F000B031002BFBD198E6C2F307428B4B1A7014
:103900008B4BC4F8C8318B4BC4F8CC318A4BC4F80C
:10391000D03100F0C9FB80222946884804F01EFB04
:10392000874B8022C6F8A0B0C6F8E0307B4BF56428
:103930005A600122B3649D601A604FF00113C4F80D
:10394000BC31D4F8B03143F48033C4F8B031CAF894
:103950000050D4F8B031002BFBD166E66F4B01214B
:10396000F564196080219D60B36459604FF00113C4
:10397000C4F8BC31D4F8B03143F48033C4F8B0316A
:10398000D4F8B031002BFBD1130C5B0643F08073ED
:10399000C4F8543149E6654B01216A481B7803702D
:1039A000FFF78CFD41E683B210F078007FF439AE6A
:1039B00003F07F0258F82210624A1080180600F1C6
:1039C0009E80CB0701D50123137002215D48FFF7CC
:1039D00075FD2AE610F0780F83B27FF422AE03F073
:1039E0007F0213F0800F58F8223014BF43F4803365
:1039F00043F0010348F822300022484BF2649A60F9
:103A00000122B3641A6080225A604FF00113C4F897
:103A1000BC31D4F8B03143F48033C4F8B031D4F8B9
:103A2000B031002BFBD100E603F07F0213F0800FD2
:103A300058F8223014BF23F4803323F0010348F8F0
:103A400022300022354BF2649A600122B3641A607E
:103A500080225A604FF00113C4F8BC31D4F8B03161
:103A600043F48033C4F8B031D4F8B031002BFBD12B
:103A7000DBE50020086026490C88486842F22101F5
:103A80008C427FF425AE80B200287FF421AE2E490F
:103A90002E4C03C9A18086284FEA11412060A171F4
:103AA0007FF416AE72B62A48017841F00801017021
:103AB000D2F848110D0605D480200143C2F8440114
:103AC000C2F8481162B6234A5021117000E6000C7A
:103AD0002A78824228BF0246BEF5E06F44D11E4BD1
:103AE0001E4D18781E491F4B0192002818BF194619
:103AF0002846FFF78DFA07236B70019A3BE0C90354
:103B00003FF561AF61E700BFE0FE002040150120F6
:103B1000800001208000070040250120C0FE002019
:103B2000401D012074200120B1210120B22101207B
:103B30000200CC00C80002000200C8008000002083
:103B40001993D574080F0120400501206C20012035
:103B5000AC210120B4210120B321012040112020FB
:103B600004620060A06100602946104D0192284661
:103B7000FFF74EFA019A25F01F031544BFF34F8F4C
:103B80004FF0E021C1F8703F20339D42FAD8BFF3D7
:103B90004F8FBFF36F8F05481146FFF78FFC44E549
:103BA0000320FFF7D7FC09F0CDFE00BF4011202015
:103BB0002DE9F0471F46831E022B01D9BDE8F0878F
:103BC000DFF84C9015460C463C2209EBC01806461F
:103BD0004FEAC01A002108F10400240404F0BEF9E1
:103BE000B5FA85F20123520944EA427449F80A40C1
:103BF000C8F83870C8F80830002FDFD0034AB34047
:103C000011680B431360BDE8F08700BF4C0501202D
:103C1000000000202DE9F0470D46811E022901D940
:103C2000BDE8F087C701DFF84C9092460446403764
:103C30003C2200211E4609EB07082D0408F1040070
:103C400004F08CF9BAFA8AF2520945EA427249F84C
:103C500007200122C8F83860C8F80820002EDFD0FD
:103C6000034B10341968A2400A431A60BDE8F0877C
:103C70004C0501200000002012048160C36101F5A1
:103C8000405342F0800210B40124426001F500521A
:103C9000046001F5805401F58041C46081615DF8E4
:103CA000044BC0E904237047831E0A46022B00D947
:103CB0007047064B00F110014FF0010C03EBC010F0
:103CC0000CFA01F14030FFF799BB00BF0000002063
:103CD000831E0A46022B00D970470121024B814006
:103CE00003EBC010FFF78ABB00000020406870475C
:103CF000124A134BD2F8200220F07F40984210B5B0
:103D000084B002D200EB800040000E4C01A90A22D0
:103D100000F076FC01A90023204611F8012B0133A5
:103D20003AB10A2B20F8022FF7D11623237004B0E2
:103D300010BD5B00DBB2237004B010BD00441F4017
:103D400080969800E8F90020F8B5144C4FF0E02573
:103D5000134E4FF4003204EB4024124F06EB401692
:103D60000346C5F88C2121463A883046FFF784FF88
:103D70003B882344BFF34F8FC5F85C4F2034A342E8
:103D8000FAD8BFF34F8FBFF36F8F03203146FFF791
:103D90009FFF4FF40033C5F80C31F8BDC01120204F
:103DA00000FF002082210120244B2DE9F0411C88D6
:103DB0004368C569C3F30E43E41A002C24DD20498F
:103DC00020480A780078D3B21F4E82421F4807D09D
:103DD00010F8038036F81870C7F50072944218D9AD
:103DE0000133002226F81540082B194E88BF1346D0
:103DF00026F8152098BFDAB2C554164B0A701A6817
:103E000014441C60BDE8F0812846BDE8F041FFF78E
:103E10009BBF07EB4820104922462744084401EB8A
:103E20004521FFF7F5F80B4A284626F81870136865
:103E30002344BDE8F0411360FFF786BF82210120D3
:103E4000A9210120AA210120300F0120500F0120BB
:103E5000400F01202C0F0120C01120201D4B1A788B
:103E6000002A36D102F0FF031B4A12788AB32DE9EB
:103E7000F0411A4D2A8852B3194EC2F50068194F05
:103E80003278194C07EB421704EBC22442463846FD
:103E90002146FFF7F1FE04EB0802BFF34F8F4FF00E
:103EA000E023C3F8704F2034A242FAD8BFF34F8FFB
:103EB000BFF36F8F04203946FFF7F6FE33780133E6
:103EC000DBB2032B88BF0023337000232B80BDE8B7
:103ED000F0817047B0210120B2210120862101200C
:103EE000AF21012000000120C02120202DE9F04F4A
:103EF00085B0CDE90110002900F0BF800023604C9F
:103F0000DFF89881DFF898A15E4F009301235E4AA5
:103F100023705E4B1978B8F8003002EB4119002B82
:103F200040F0A7801E461D469B464846FFF7DEFE32
:103F300010F0800000F08C80BFF34F8F9AF80030B3
:103F400084F800B005B93E68002B7DD13B689B1B0F
:103F5000782B00F287804E4B1B78002B74D000F03A
:103F60009DFA0122B8F8003015462270002BDCD0F3
:103F7000464AC3F5006011781A4600EBC120454D52
:103F8000C9022844019D954217D20393DDE90151EE
:103F90002A46FFF73DF8039B4FF040425B1BA8F811
:103FA00000303D4BC3F88420BFF34F8F00980023AF
:103FB0002844237005B0BDE8F08F364BCD18029928
:103FC000FFF726F800234FF4006229464846FFF722
:103FD00053FEBFF34F8F05F1200205F500639342B6
:103FE00034BF012340234FF0E02205EB4313C2F816
:103FF000705F2035AB42FAD1BFF34F8FBFF36F8FA5
:1040000004204946FFF750FE204A13780133DBB203
:10401000032B84BF00231D4A1370B8F80030019AA7
:10402000D11A009A1A4401910092029A1A4400236C
:104030000292194AA8F80030C2F88430BFF34F8FBB
:10404000237000297FF462AF009805B0BDE8F08FBF
:104050004FF400620D4B8AF8000019781346A8F857
:1040600000208AE7012300988AF8003005B0BDE8F7
:10407000F08F1A46C3F500607FE70198E5E700BFBF
:10408000B0210120401D012000000120AF210120AE
:10409000B2210120C021202000002E4086210120D5
:1040A000AE210120704700BF2D4B002180222D48FA
:1040B00070B51B7800242C4D8B422C4E0CBF402336
:1040C0004FF400732B80338003F048FF284A2146C9
:1040D000284B14704FF4807227481C8003F03EFF79
:1040E000264A1021264B0220C2E90044C2E90244BC
:1040F000244AC3E900441470234AC3E90244234B11
:104100001C70234614602246FFF784FD2246318846
:1041100003201F4BFFF74CFD234601222988042072
:10412000FFF778FD20460134FFF70EFE082CF9D189
:10413000184B00214A221848184C0460C3F8841018
:10414000C3F88020D3F84821154942F08072C3F8A3
:10415000482121B1134A137843F00103137070BD55
:10416000B3210120000001208A21012082210120A9
:10417000AF2101208621012000FF0020300F012007
:10418000400F0120A92101202C0F0120AA2101208C
:1041900035DB010000002E4078200120E9DB010022
:1041A00000000000B62101202DE9F04F4FF0E02380
:1041B0004FF40032DFF8C8A083B0C3F88C218B46DF
:1041C0009AF8004000294FD08046E4B20027DFF87B
:1041D000B490264BABEB070225491B78A34204F1B0
:1041E00001043FD0092C234B404628BF00241E5D0C
:1041F00039F816C00CEB462319441F4B33F8165000
:10420000A5EB0C05AA421CD20CEB462C18491B4C02
:1042100061440192FEF7FCFE216839F816505846B9
:10422000019AA1EB0B012A44394429F81620216098
:104230004FF0E0234FF40032C3F80C2103B0BDE887
:10424000F08F2A462F44FEF7E3FE0C49E3B23046D6
:104250000A68A844521B0A608AF80030FFF774FD10
:10426000BB45B6D83846E3E70846E1E7A921012077
:10427000C0112020500F0120300F01202C0F0120F1
:10428000AA210120400F01200B4B0C4A127819780B
:10429000D3B28A420DD0013309480A4A092B0A4990
:1042A00028BF0023C35C31F8131002EB4323585C92
:1042B00070474FF0FF307047A9210120AA2101204B
:1042C000500F0120C0112020400F0120044B10B5D9
:1042D0001C680CB1204610BD00F0E0F8204610BD6F
:1042E0002C0F01202DE9F84F144E154D33782A7804
:1042F000934221D0DCB2DFF85090DFF850B0DFF805
:104300005080104F0134082C5FFA84FA01D9002440
:10431000A24619F80400DBF8003038F8102037F80E
:104320001010521A9B1ACBF80030FFF70DFD86F8DB
:1043300000A02B78A342E5D1BDE8F88FAA21012087
:10434000A9210120400F0120500F01202C0F012036
:10435000300F012000B583B001210DF10700FFF7F8
:1043600023FF20B19DF8070003B05DF804FB4FF078
:10437000FF30F9E7094B00B583B01B788DF80700D3
:104380003BB101210DF10700FFF7B0FD03B05DF86F
:1043900004FB03F0FF0003B05DF804FBB221012031
:1043A000044B1B7803F0FF020BB1FFF79FBD1046D3
:1043B000704700BFB22101202DE9F0410024DFF851
:1043C000448001230D4D27460D4E88F80030337888
:1043D00028462035A34204F1010405D0FFF786FCEE
:1043E000030658BF07F50067042CF0D1BFF34F8FC9
:1043F0000023384688F80030BDE8F0810000012035
:10440000AF210120B02101202DE9F8431D4B1B787D
:1044100013B11D4D2A880AB9BDE8F8831B4EC2F5B9
:1044200000691B4933784A461A4C01EB43181A4F6E
:1044300004EBC324012340463B7021460023FFF7D1
:104440001BFC04EB0902BFF34F8F4FF0E023C3F8CE
:10445000704F2034A242FAD8BFF34F8FBFF36F8F53
:1044600004204146FFF720FC33780133DBB2032BF5
:1044700088BF0023337000232B80BFF34F8F3B7026
:10448000BDE8F883B221012086210120AF2101205F
:1044900000000120C0212020B02101202DE9F84397
:1044A0002D4B1E7866B12D4F3B784BB90123F10798
:1044B0003B7043D4B20726D400233B70730701D46A
:1044C000BDE8F883264B1A68002AF9D0EFF305827D
:1044D000002AF5D1EFF3108572B61868002834D0A1
:1044E000204C2178002930D10122227042691A60C3
:1044F000002A2ED0916105B962B600258368457700
:1045000098472570DCE7DFF8648098F80030002BCE
:10451000D2D00025DFF858902B4659F823400135BA
:10452000236820461B69984710B163699B689847C8
:1045300098F80020EBB29A42EFD8BDE7FFF7C6FE2D
:104540000028B7D0AFF30080B4E7002DB8D162B631
:10455000B6E7054B1A60CEE7B62101208F21012076
:10456000680101208D210120740101208E2101208C
:104570007801012070B5EFF3108272B60C4C206800
:1045800080B10C4E00254369236073B19D6102B96F
:1045900062B6836845779847EFF3108272B6206859
:1045A0000028F0D102B962B670BD3360EFE700BFFA
:1045B000700101206C010120FFF7DCBF0449054AAE
:1045C0004968054B1960136801331360704700BFD9
:1045D000001000E0401D0120381D01200846FFF7B3
:1045E000C9BE00BF054B022888BF034610B41C6833
:1045F000184663685DF8044B184700BF68E6002062
:1046000001F1FF3C70B56646002400E00134B0FBC8
:10461000F2F502FB1503092B03F1370E03F130030A
:104620005FFA8EFE98BF5FFA83FE9042284606F836
:1046300001EFEBD2631C0022C818CA547CB1624659
:104640001CF8015F10F8016DA1EB0C0302328CF82D
:104650000060013B521A057023449A42EFDB084682
:1046600070BD00BF00230F2248F2B82C194610B5C8
:104670004FF470444FF4806EA0F88C414FF46044C6
:10468000A0F88E210A46A0F89031B0F888319BB28C
:1046900043F0F003A0F8883101EB4103013100EB56
:1046A000431304299C80A3F806E05A841A865A8092
:1046B0005A81A3F80EC05A82DA825A83DA83EBD188
:1046C000B0F888319BB243F00F03A0F88831B0F8FE
:1046D00088319BB243F47063A0F8883110BD00BFED
:1046E000374B384A996F384841F47F0170B5996764
:1046F00041F20106D3F8801045F6C05543F2260476
:104700000A43C3F88020FFF7ADFF00F58040FFF7B4
:10471000A9FF00F58040FFF7A5FF00F58040FFF7F7
:10472000A1FF0022A0F503104FF00F0E114600EB81
:1047300042134FEA421C01329981042A5981A3F89D
:104740000EE09E82DD8020F80C1019829C81EED153
:1047500000221E484FF00F0E41F20106114645F6A9
:10476000C05543F2260400EB42134FEA421C0132CB
:104770009981042A5981A3F80EE09E82DD8020F8F9
:104780000C1019829C81EED1002211480F2641F2B3
:104790000105114645F6C05443F2260E00EB4213C4
:1047A0004FEA421C01329981042A5981DE819D829F
:1047B000DC8020F80C101982A3F80CE0EED170BD5B
:1047C00000C00F40000003FC00C03D4000001E4040
:1047D00000401E4008B5D0E900325BB1BAB10F4BC2
:1047E000A3FB0213DB0803EB4303B2EB83030AD101
:1047F000012008BD094BA3FB0213DB0803EB4303B5
:10480000B2EB830301D0D21A4260F02AF0D802F052
:1048100011FF1C22034600201A6008BDABAAAAAAF9
:1048200070B5044638B319B1B2FA82F67609A2B966
:10483000206800B36268F2B1184B194902FB03F318
:10484000B1EBB30F17D3A368E3B9002201232260B1
:104850006260A260E260184670BD1D46049BC0E91C
:104860000012C360FFF7B6FF03460028F3D06DB90E
:104870000123184670BD02F0DDFE162200230260FF
:10488000184670BD002103F069FBDEE7626831461F
:104890002068A56003F062FB0123DCE7ABAAAAAAAB
:1048A00055555515FFF71EBDFFF7EEBCFFF752BD7E
:1048B000FFF70CBDFFF7A8BDFFF77EBD0846114608
:1048C000FFF76EBD08B52DED028BB0EE408A00F00B
:1048D000FFF9B4EE488AF1EE10FA06D6DFED098A48
:1048E000B4EEE88AF1EE10FA02D4BDEC028B08BDFA
:1048F00002F0A0FE88EEA80ABDEC028B2123036023
:1049000008BD00BF0000000010EE103A114A23F06D
:104910000043934218DDB3F1FF4F02DB30EE400A53
:10492000704700B583B0684600F0CEFD400000F04F
:104930000200DDED010A9DED000AC0F1010000F06A
:104940000FF803B05DF804FBDFED030A012000F06F
:1049500007B800BFDA0F493F0000000000F0E2B8DE
:1049600008B510EE103A23F00042B2F1465FF0EEC7
:10497000407A0FDABDEEC07A17EE101AF9B9431C6F
:10498000134300F09F80012803D0BFEE007A87EE2A
:10499000270A08BD50498A4211DB9FED507ADFEDAE
:1049A000506A002BBCBFF1EE600AF1EE407A77EE60
:1049B000677A36EEE07ADFED4B0A77EE277A67EE1C
:1049C000A76ADFED494ADFED495A9FED495A9FED4D
:1049D000496A414926EEA67A8A42E7EE245AA7EEB2
:1049E000056ADFED454A9FED455AE5EE874AA6EE9A
:1049F000075ADFED435A9FED436AE4EE875AA5EE6E
:104A0000076ADFED414A9FED415AE5EE874AA6EE7F
:104A1000075A9FED3F6ADFED3F5AA4EE876AE5EE45
:104A2000075AB0EE467AA5EEA67A27EEA65AB0EE61
:104A3000606AA7EE056ADFED384AE6EE260AE5EE83
:104A4000240A37EEA00A1FDA0128A2D0BFEE007AAE
:104A5000C7EE006A314B10EE102A1A4006EE102AFB
:104A600016EE902A76EE677A134000EE103AB7EE13
:104A7000007A70EEE70AF0EE477AE6EE007AE0EEB2
:104A8000807AA7EEA60A08BD07EE100AB8EEC77A2C
:104A900060EE006A30EE070A9B1786EE806A03F02C
:104AA0000203C3F10103F0EE005A36EE606A06EE2F
:104AB000903A77EEC67AF8EEE66AA7EEE57A26EE49
:104AC000870A08BD00F0FCF8B7EE007AF0EE407AF5
:104AD00087EE270A08BD00BF40A12C3FDA0F493FEF
:104AE00068212233000000005FAE9BB745F4A33875
:104AF0008453D9377AC09538C8261A3AB9378139DC
:104B000016696B3B48DEBE3AA427B33C1F37113C05
:104B10008988083ED10D5D3DABAAAA3E00F0FFFF9B
:104B2000000000002DE9F04151EC110B4342614CB3
:104B300021F00046034346EAD37382B0A3428DEDD1
:104B4000000B3CD8DDE900E7CEF1000343EA0E0399
:104B500027F0004848EAD373A34230D801F140431C
:104B600003F58013034311EE102A3DD08D1705F095
:104B7000020558EA0E0E45EAD77529D0324338D0DF
:104B8000A64244D0A04534D0A8EB0608B8F1747F03
:104B90004FEA285338DA002945DA3C3343DA9FEDEF
:104BA000370B012D53D0022D48D075B19FED356BD9
:104BB0009FED367B30EE460B30EE470B05E09DED6A
:104BC000006B41EC170B37EE060B02B0BDE8F0812D
:104BD000022D16D09DED007B9FED2E0B032D00FEC8
:104BE000070B02B0BDE8F08102B0BDE8F04100F073
:104BF0009DBD9FED2A0B9FED2B7B002F20FE070B09
:104C0000E3E79FED220BE0E79FED240BC9E7B045FA
:104C100005F1FF3524D0022D2AD8274B03EBC5031D
:104C200093ED000BD1E79DED007B41EC160B87EE79
:104C3000060B00F081FE00F079FDB2E79FED116BED
:104C40009FED127B30EE460B37EE400BBDE710EECA
:104C5000901A53EC102B01F1004343EC102BB4E7F6
:104C6000022D08D8154B03EBC50393ED000BACE701
:104C70009FED020BA9E79FED0D0BA6E700000000DA
:104C800000000000075C143326A6A13C182D4454F4
:104C9000FB210940182D4454FB2109C0182D445410
:104CA000FB21F93F182D4454FB21F9BF182D445422
:104CB000FB21E93F0000F07F9802002080020020E5
:104CC00010EE103A23F0004300EE103A704700BF98
:104CD000B1EEC00A704700BF10EE101AC1F3C75200
:104CE0000029A2F17F0CB4BF4FF0FF300120BCF1CE
:104CF0001E0F0FDCBCF1000F1DDBC1F31603BCF16E
:104D0000160F43F400030ADD963A03FA02F202FB9F
:104D100000F07047FDEEC07A17EE900A70474FF42E
:104D2000800242FA0CF21A44CCF1170C22FA0CF26F
:104D300002FB00F07047BCF1FF3F18BF0020704736
:104D40000000000030B410EE103A2DED028BA3F5F8
:104D5000000110EE902AB1F1FE4F10EE104A82B021
:104D60004FEA42017CD201F1FF3C6FF08070844534
:104D700080F0F780002004F1404303F54D03C3F3B6
:104D8000C342DB0DDB05E11ADB1507EE903AB14BB0
:104D900003EB021292ED003B04EE101AB7EEE06A4C
:104DA000B7EEC44ABFEE000BA3EE040B93ED443BF9
:104DB00020EE001B93ED464B93ED402BA0EE034BF2
:104DC00093ED425B93ED483BA0EE025B21EE012B9D
:104DD00092ED028BB8EEE77B37EE087BA0EE037B0B
:104DE000A1EE047BA5EE027B26EE077B17EE903A40
:104DF00048F2BF01C3F3CF338B4250D2B7EE000B62
:104E0000954B93ED402B37EE023B13EE102A33EE19
:104E1000423B02F01F01821803EBC10093ED424BAD
:104E200037EE437B53F83140456893ED446B93ED87
:104E3000465BA7EE046B27EE074B0023181905EB22
:104E4000C231A7EE050B41EC170BA6EE040B20EECA
:104E5000070BB7EEC00B02B0BDEC028B30BC704745
:104E60004D1E6FF08070854280F0CE8059004D1E3F
:104E7000854280F09280002B55DB0020B4F5000FB6
:104E8000BFF479AFDFED757A07EE103A67EE277A57
:104E900017EE904A24F00044A4F138646BE79FEDCC
:104EA000656BB4EEC67BF1EE10FA15DC9FED636B1B
:104EB000B4EEC67BF1EE10FA20DD4FF04C5388B112
:104EC0000193DDED016ABFEE006A76EE666AF4EEEC
:104ED000466AF1EE10FA11D002B0BDEC028B30BC84
:104EE00000F0CABA0093DDED006AB7EE006A76EE14
:104EF000866AF4EE466AF1EE10FAEDD19FED516B41
:104F0000B4EEC67BF1EE10FA57D99FED506BB4EEBC
:104F1000C67BF1EE10FA7FF571AF02B0BDEC028BEB
:104F200030BC00F0A3BAC2F3C7517E2911DD962927
:104F300054DC0120C1F1960100FA01F1481E104233
:104F400007D1114214BF01200020000424F00044C6
:104F500094E700EE103A02B0BDEC028B30BC00F0DA
:104F6000A3BA002952D0B3F17E5F2CD06400B4F113
:104F70007F4F2ED8B1F17F4F2BD1B4F1FE4F4BD0E4
:104F8000B4F1FE4F6FEA020234BF00240124D20FB5
:104F900094424CD09FED320A5DE7002B20EE000AD0
:104FA0001EDB002000293AD1002ABFF654AF02B020
:104FB000BDEC028B30BC00F065BA02B0BDEC028BD8
:104FC00030BC00F04DBA82F48002520012F5000F9E
:104FD00022D907EE903A37EEA00A3CE70020B5E769
:104FE000C2F3C753A3F17F001728DAD8C3F19600A4
:104FF000012303FA00F0441E1442D2D11040D1D054
:10500000B1EE400A1846CDE70029AFD184F4800202
:10501000520012F5000FDCD8B7EE000A1BE7002A99
:10502000BFF619AFF7EE007A87EE800A13E720EE9D
:10503000A00A10E771D5D1FFFFFF5F40E2AAA3FFEE
:10504000FFFF5F400000000000C062C000000000E1
:1050500000A062C0F8030020B00200200000004B56
:105060000000000030B510EE104AC4F30A53B3F547
:105070007D7FB7EEC06A83B01BD226EE065BB3F528
:10508000667F6ED326EE052B25EE021B734B93ED48
:105090001A3B93ED187B93ED164BA5EE037BA2EE26
:1050A000046BB0EE460BA7EE010BB7EEC00B03B0DE
:1050B00030BD40F22E4293425ED8684991ED087BA4
:1050C00026EE077BFDEEC77B91ED0A5B17EE903A6B
:1050D00003F500031B1613F0020F07EE903A01F1DF
:1050E000700208BF0A46D807B8EEE77BA7EE456B0B
:1050F00026EE067B1BD403F0030301EBC30192ED04
:105100001A4B91ED002B92ED185B26EE026B92ED9F
:10511000163BA7EE045B26EE074B27EE047BA4EEBE
:10512000036BA5EE076BB7EEC60B03B030BD92ED77
:10513000142B27EE075B92ED126B92ED0E3BA7EE60
:10514000026B92ED0C0B92ED104BA7EE030B27EECA
:10515000057BA5EE040BA6EE070BB7EEC00B03B064
:1051600030BD220D12F4FF6FDFD1B7EEC55B00EE4C
:10517000104A8DED015AD8E7B3F5FF6F4BD2384B8B
:10518000C4F3836203EB820053F822200569C4F361
:105190001603C4F3C25143F400038B40016A03FBBE
:1051A00002F2A3FB0110E3FB050202F100518D0F97
:1051B00001F04041511A01F03BF92A4B9FED257B4C
:1051C00005EBD47441EC160B14F0020FA3F170023E
:1051D00008BF1346E90726EE077B27EE076B1FD4AF
:1051E00004F0030402EBC40293ED1A4B92ED002B82
:1051F00093ED185B27EE027B93ED163BA6EE045B66
:1052000027EE064B26EE046BA4EE037BA5EE067B91
:10521000B7EEC70B89E703B0BDE8304000F044B9F2
:1052200093ED142B26EE065B93ED127B93ED0E3B74
:10523000A6EE027B93ED0C0B93ED104BA6EE030B49
:1052400026EE056BA5EE040BA7EE060BB7EEC00B22
:105250006BE700BF182D4454FB21193C20050020AA
:1052600030090020900500200000000038B510EE45
:10527000104AC4F30A53B3F57D7FB7EEC07A1ED24D
:1052800027EE077BB3F5667F6FD327EE071B634BD3
:1052900093ED142B93ED125B93ED0E3BA7EE025BA7
:1052A00093ED0C0B93ED104BA7EE030B27EE017B58
:1052B000A1EE040BA5EE070BB7EEC00B38BD40F214
:1052C0002E42934254D8554991ED086B27EE066B58
:1052D000FDEEC66B91ED0A5B16EE903A03F5000306
:1052E0001B1613F0020F06EE903A01F1700208BF90
:1052F0000A46D807B8EEE66BA6EE457B27EE076BAD
:105300001AD503F0030301EBC30191ED002B92EDDD
:105310001A4B92ED185B92ED163BA6EE045B27EE5E
:10532000027B27EE064B26EE046BA4EE037BA5EE74
:10533000067BB7EEC70B38BD92ED142B92ED127BB6
:1053400092ED0E3B92ED0C0B92ED104B26EE065BB0
:10535000A6EE027BA6EE030B26EE056BA5EE040B74
:10536000A7EE060BB7EEC00B38BDB7EE000A38BD8E
:10537000B3F5FF6F3DD22A4BC4F3836203EB820087
:1053800053F822200569C4F31603C4F3C25143F451
:1053900000038B40016A03FB02F2A3FB0110E3FB55
:1053A000050202F100518D0F01F04041511A01F048
:1053B0003FF81C4B9FED177B05EBD47441EC160BAB
:1053C00014F0020FA3F1700208BF1346E90726EE9E
:1053D000077B27EE076B10D504F0030402EBC40231
:1053E00092ED002B93ED1A4B93ED185B93ED163B6A
:1053F00093E7BDE8384000F057B893ED142B93EDD8
:10540000127B93ED0E3B93ED0C0B93ED104B9DE750
:10541000AFF30080182D4454FB21193C20050020D7
:10542000300900209005002010B582B08DED010AF2
:10543000044602F0FFF89DED010A046002B010BDC1
:1054400030B1F1EE407A27EE800A2220FFF7ECBF60
:10545000F0EE407A27EE800A2220FFF7E5BF00BF7A
:105460009FED010AFFF7ECBF000000109FED010A5D
:10547000FFF7E6BF0000201A9FED010AFFF7E0BF2B
:10548000000000709FED070AFFEE007AB7EE007A89
:1054900000284FF0220047FE277A87EE800AFFF7A8
:1054A000C3BF00BF0000000070EE407AB4EE400AB7
:1054B00087EEA77AF1EE10FAB0EE470A02D6212065
:1054C000FFF7B2BF704700BF70B510EE103A884AC0
:1054D00023F00044944286B0054670DD854A94422C
:1054E00010EE106A22DC002BDFED837A834A24F071
:1054F0000F04B0EE407A40F3E280944270EE677A97
:1055000009BFDFED7F6A9FED7F7A9FED7F7A77EEAF
:10551000E67A012077EEC76A77EEE67AC5ED006A93
:1055200077EEC77AC5ED017A06B070BD774A94422E
:1055300054DDB4F1FF4F49DAE215863AA4EBC253C9
:1055400007EE903ABDEEE77ADFED716AB8EEC77A02
:1055500077EEC77A8DED037A67EEA67ABDEEE77A2D
:10556000B8EEC77A77EEC77A8DED047A67EEA67A41
:10557000F5EE407AF1EE10FACDED057A40F08E802E
:10558000B5EE407AF1EE10FA14BF0223012361490F
:1055900001910221009103A8294600F0D7F9002EBD
:1055A000C2DA95ED007AD5ED017AB1EE477AF1EEE7
:1055B000677A85ED007AC5ED017A4042B4E70022B2
:1055C00085ED000A4260002006B070BD70EE407AA2
:1055D0000020C5ED017AC5ED007AA5E7FFF770FB65
:1055E0009FED4D7A9FED446AF6EE007AE0EE077A81
:1055F0009FED447AFDEEE77A17EE900AF8EEE76A3F
:105600001F28A6EEC60A66EE877AB1EE666A1EDC31
:10561000424A411E24F0FF0352F82120934216D043
:1056200030EE677A85ED007A30EE470A002E30EED4
:10563000670A85ED010ABFF677AFB1EE477AB1EEA2
:10564000400A85ED007A85ED010A40426CE730EEB4
:10565000677AE21517EE103AC3F3C753C3EBD4537E
:10566000082BDFDD9FED267A9FED275AF0EE405A9A
:10567000E6EE075A70EE657AE6EE077AD6EE857AA0
:1056800035EEE77A17EE103AC3F3C753D21A192A48
:1056900006DCB0EE650A85ED007AC5E7032376E700
:1056A0009FED1F7A9FED1F5AB0EE650AA6EE070A1E
:1056B00075EEC07AE6EE077AD6EE857AB0E79442C8
:1056C00070EE277A09BFDFED0E6A9FED0E7A9FED2F
:1056D0000E7A77EEA67A4FF0FF3077EE876A77EE94
:1056E000E67AC5ED006A77EE877AC5ED017A1BE7A9
:1056F000D80F493FE3CB1640800FC93FD00FC93FB9
:10570000004435374344353708A3852E800F49437D
:1057100000008043F4E0002084F9223FD47C002084
:1057200000A3852E32318D240000000038B5B0EE84
:10573000407B17EE905A794B25F000449C422DEDAA
:105740000C8B16DD764B9C420EDC09D09FED577B0F
:105750009FED580B002D37FE000BBDEC0C8B38BDB8
:1057600010EE103A002BF1D037EE070BBDEC0C8B8E
:1057700038BD6C4B9C425CDCA3F1DE739C424CDD7B
:105780004FF0FF339FED4DAB27EE075B25EE056B2A
:105790009FED4C8B9FED4D1BA6EE0A8B9FED4D3B75
:1057A000A8EE061B9FED4DBBA1EE063B9FED4DDB2A
:1057B000A3EE06BB9FED4D9BABEE06DB2DEE05DBAE
:1057C0009FED4C0B9FED4D2BA6EE090B9FED4D4B26
:1057D000A0EE062B9FED4DCBA2EE064B5A1CA4EE7D
:1057E00006CB2CEE06CB39D03DEE0CDB4E494F4AB2
:1057F00001EBC30102EBC30391ED006B93ED000BD2
:105800009DEE076B36EE477B002D30EE470BA4DA9A
:10581000B1EE400BBDEC0C8B38BD9FED3E6BB7EE8F
:10582000005B30EE066BB4EEC56BF1EE10FAA7DD4F
:1058300093E700F081F83E4B9C4218DCA3F550231F
:105840009C4229DCB0EE007BBFEE006B30EE075BC4
:10585000A0EE076B002386EE057B93E73DEE0CDBA5
:10586000ADEE477BBDEC0C8BB0EE470B38BD314B3A
:105870009C420BDAB7EE087BB7EE006B30EE475B6D
:10588000A0EE076B022385EE067B7BE7BFEE006B85
:10589000032386EE007B75E7B7EE007B012330EE35
:1058A000475B30EE070B85EE007B6BE7182D445409
:1058B000FB21F93F182D4454FB21F9BF11DA22E3F3
:1058C0003AAD903FEB0D76244B7BA93F513DD0A0E4
:1058D000660DB13F6E204CC5CD45B73FFF830092AA
:1058E0002449C23F0D5555555555D53F2F6C6A2C4F
:1058F00044B4A2BF9AFDDE522DDEADBF6D9A74AFE7
:10590000F2B0B3BF711623FEC671BCBFC4EB989949
:105910009999C9BF9C7500883CE4377EFFFF0F440E
:105920000000F07FFFFFDB3F200600200006002084
:10593000FFFFF23F0080034051EC100B10EE102AE5
:1059400021F0004343EC102B704700BF2DE9F04FCE
:105950002DED048BDBB01C4603930691A04B689998
:10596000089253F82150111D824604F1FF38C0F20D
:105970009882D31E48BF131DDB1002930133DB0056
:105980000793DDE907239B1A0593029B15EB08019A
:10599000A3EB080316D401319FED927A699819445C
:1059A0001EAA002BA4BF50F8234007EE904A03F133
:1059B0000103ACBFF8EEE77AF0EE477A8B42E2ECF7
:1059C000017AEED1002DC0F2DB82039B1EAA02EB0E
:1059D000830446AE4FEA830C4046EF180AEB83017E
:1059E000B8F1000FDFED7F7A09DB22465346F3EC76
:1059F000016A32ED017A8B42E6EE877AF7D1013007
:105A0000B842E6EC017A04F10404E9D10AAF07EBED
:105A10008503043B9FED759ADFED738A0598049327
:105A20000AEB0C0407EB850946AE00955AAB03EB75
:105A30008503002D13ED140A4FEA850B16DD06EBE6
:105A400085033A4660EE097AB0EE407AFDEEE77AD9
:105A500073ED016AF8EEE77AB342A7EEE87A37EE23
:105A6000A60ABDEEC77AA2EC017AEBD1019000F054
:105A7000DFFAB0EE408AB4EE000A28EE000A00F029
:105A800091FAF2EE007AA0EE678A01980028FDEE06
:105A9000C89AF8EEE97A38EE678A76DD05F1FF3EBE
:105AA000C0F1080357F82E2042FA03FC0CFA03F366
:105AB000D31AC0F1070119EE902A47F82E300B4196
:105AC0006244002B09EE902A67DCB5EE408AF1EEC5
:105AD00010FA40F0BE80009A05F1FF3B5A450EDCFB
:105AE0004FEA850C07EB850200219E4652F8043DE3
:105AF0004A4541EA0301F9D1002940F0F180009BB9
:105B0000013B57F82330002B40F0E680049B4FF018
:105B1000010C53F8042D0CF1010C002AF9D06B1C78
:105B2000AC449E460299039A01EB030B0BF1804BA8
:105B300069992A440BF1FF3B06EB83051EAB01EB91
:105B40008B0B03EB8201DBED017A9FED267AF8EEF9
:105B5000E77AB8F1000F0BF1040BC1ED007A0A46A9
:105B600001F1040109DB534601E072ED017AF3EC27
:105B7000016AA342A6EEA77AF7D10EF1010EE6451F
:105B8000A5EC017ADFDD654650E740F09B806B1E97
:105B900057F82330DB11002B97DD19EE902A002DEA
:105BA00002F1010209EE902A40F39181396800293F
:105BB0007ED1012D26D03A464FF0010C52F8041F39
:105BC000002979D00CF10102C1F58071954247F8A6
:105BD0002C1016DD57F82210BB4407EB82020AE0B6
:105BE0003C7C002000000000000080430000803B5F
:105BF0000000C93F1168C1F1FF0142F8041B5A457A
:105C0000F8D1012100280CDD012800F04181022893
:105C100007D105F1FF3C57F82C2002F03F0247F86E
:105C20002C20022B7FF451AFB7EE000A30EE488AE9
:105C300000293FF44AAF0993019000F0F9F938EEDA
:105C4000408A099B0198B5EE408AF1EE10FA3FF4C4
:105C500042AF9846DDE90732B0EE480A981A01953E
:105C6000009D00F0E5F91FED207A019BB4EEC70A14
:105C7000F1EE10FAC0F255815FED247A059A60EEDC
:105C8000277A0832FDEEE77A0592F8EEE77A03F11B
:105C9000010BA7EEC70AFDEEE77ABDEEC00A10EED3
:105CA000102A47F8232017EE903A47F82B302BE0C4
:105CB00001224FF0000C87E70CF1010CAC457FF49A
:105CC0007DAF9FE7F6EE007AB4EEE78AF1EE10FAC8
:105CD00080F2EC800023F8E66B1C9E469C4621E790
:105CE000059B009DA3F1080257F82B300592F04662
:105CF00053B9ACF104033B4453F8041D0BF1FF3BD3
:105D0000083A0029F8D005920598B7EE000A00F08D
:105D10008FF9BBF1000FC0F229810BF1010646AAF1
:105D20001FED4E7A4FEA860C07EB860302EB8602E4
:105D300073ED017AF8EEE77ABB4267EE807A20EEE7
:105D4000070A62ED017AF3D1ACF1040346AA002DF3
:105D50001FED596A02EB03044FF0000022DB8F496C
:105D6000DFED8F7AB0EE467A2246002303E09842B8
:105D700008DBB1EC017AF2EC016A01339D42E6EEF8
:105D8000877AF4DA5AAB03EB8003584543ED287A5F
:105D90004FEA800100F10102A4F1040405D0002DB6
:105DA0001046DCDADFED7E7AECE7689A022A1DDC29
:105DB000002A00F38E8010D132ABDFED797A9C445B
:105DC0003CED017A634577EE877AF9D143460BB112
:105DD000F1EE677A069BC3ED007A19EE903A03F074
:105DE00007005BB0BDEC048BBDE8F08F689A032A16
:105DF000F3D1BBF1000F00F0CB8032A813ED287A6D
:105E000000EB8B020BF1804372ED017AF0EE476AF2
:105E100037EE277A904277EEC77A82ED007A77EEF6
:105E2000A67AC2ED017AEFD1BBF1010F40F3B08049
:105E300001F5B4720DEB020111ED287A9A0033A935
:105E400000EB830373ED017AF0EE476A37EE277AB1
:105E5000994277EEC77A83ED007A77EEA67AC3EDA2
:105E6000017AEFD1131DDFED4E7A0344083033ED94
:105E7000017A984277EE877AF9D14346002B58D1C0
:105E80000699329A339B0A604B60C1ED027AA4E70F
:105E900005F1FF3C57F82C2002F07F0247F82C2038
:105EA000BFE608230793002302936AE519EE903AB0
:105EB000002D03F1010309EE903AC8BF02233FF71A
:105EC00075AEF7EE007A37EEC88A0223FDE50021B1
:105ED00098E632ABDFED327A03EB860636ED017AD7
:105EE000B34277EE877AF9D143469DED327A93BB80
:105EF000069BBBF1000FC3ED007A77EE677A0CDDED
:105F000033AA0123B2EC017A01339B4577EE877AFD
:105F1000F8DA43460BB1F1EE677A069BC3ED017ADE
:105F20005BE7BDEEC00A9B4610EE102A47F823201F
:105F3000EAE6DDED326A9DED337A069BF1EE666AA4
:105F4000B1EE477AF1EE677AC3ED006A83ED017A2C
:105F5000C3ED027A41E7069BF1EE676ABBF1000FE1
:105F600077EE677AC3ED006ACADCD4E7689B022B40
:105F70000ADC002B0FDC7FF430AFDFED097A25E778
:105F8000039B4FEA830C41E5689B032B7FF425AF0D
:105F9000DFED037A71E7DFED027AA5E70008002064
:105FA0000000000010EE102AC2F3C7537F3B162BEF
:105FB00022F000412ADC002B10EE100A18DB1949F0
:105FC00019410A4221D0DFED187A70EE277AF5EEFA
:105FD000C07AF1EE10FA18DD002A04DA4FF400025C
:105FE00042FA03F3184420EA010300EE103A704726
:105FF000DFED0D7A70EE277AF5EEC07AF1EE10FA49
:1060000003DD002A08DB9FED090A7047B1F1FF4F5D
:10601000FBD330EE000A7047FFEE007A002900FE45
:10602000270A7047FFFF7F00CAF249710000000095
:1060300010EE103A33F0004110EE102A27D0B1F1E3
:10604000FF4F21D213F0FF4F22D1DFED2B7A2B4AE5
:1060500060EE277A904217EE903A33DB4CF2503CD8
:10606000C3F3C751604517EE902AA1F1190115DD60
:10607000DFED237ADFED236AB0EE677A002B67FE4F
:10608000A67A27EE870A704730EE000A70477047FD
:106090004CF2503C60454FEAD151E9DC0144FE2905
:1060A000E6DC002915DC11F1160F19DB193122F09D
:1060B000FF4242EAC15207EE902A9FED130A27EEF3
:1060C000800A7047DFED117A07EE103A27EE270AB3
:1060D000704722F0FF4242EAC15300EE103A704787
:1060E000DFED0A7ADFED0A6AB0EE677A002B67FE11
:1060F000A67A27EE870A70470000004CB03CFFFFED
:10610000CAF24971CAF249F1000000336042A20D9F
:106110006042A28D81F0004102E000BF83F00043A5
:1061200030B54FEA41044FEA430594EA050F08BF32
:1061300090EA020F1FBF54EA000C55EA020C7FEAF6
:10614000645C7FEA655C00F0E2804FEA5454D4EB73
:106150005555B8BF6D420CDD2C4480EA020281EA3D
:10616000030382EA000083EA010180EA020281EA75
:106170000303362D88BF30BD11F0004F4FEA0131C7
:106180004FF4801C4CEA113102D0404261EB4101D6
:1061900013F0004F4FEA03334CEA133302D052425C
:1061A00063EB430394EA050F00F0A780A4F1010418
:1061B000D5F1200E0DDB02FA0EFC22FA05F2801852
:1061C00041F1000103FA0EF2801843FA05F3594138
:1061D0000EE0A5F120050EF1200E012A03FA0EFCB7
:1061E00028BF4CF0020C43FA05F3C01851EBE371E1
:1061F00001F0004507D54FF0000EDCF1000C7EEBFE
:1062000000006EEB0101B1F5801F1BD3B1F5001F3B
:106210000CD349085FEA30004FEA3C0C04F101045A
:106220004FEA445212F5800F80F09A80BCF1004F83
:1062300008BF5FEA500C50F1000041EB045141EA05
:10624000050130BD5FEA4C0C404141EB0101013CCE
:1062500028BFB1F5801FE9D291F0000F04BF0146BD
:106260000020B1FA81F308BF2033A3F10B03B3F18F
:1062700020020CDA0C3208DD02F1140CC2F10C021F
:1062800001FA0CF021FA02F10CE002F11402D8BF7D
:10629000C2F1200C01FA02F120FA0CFCDCBF41EA49
:1062A0000C019040E41AA2BF01EB0451294330BD18
:1062B0006FEA04041F3C1CDA0C340EDC04F11404F5
:1062C000C4F1200220FA04F001FA02F340EA0300CC
:1062D00021FA04F345EA030130BDC4F10C04C4F112
:1062E000200220FA02F001FA04F340EA03002946F2
:1062F00030BD21FA04F0294630BD94F0000F83F43C
:10630000801306BF81F480110134013D4EE77FEA1E
:10631000645C18BF7FEA655C29D094EA050F08BF6A
:1063200090EA020F05D054EA000C04BF194610464B
:1063300030BD91EA030F1EBF0021002030BD5FEA8F
:10634000545C05D14000494128BF41F0004130BDB7
:1063500014F580043CBF01F5801130BD01F000450B
:1063600045F0FE4141F470014FF0000030BD7FEA7E
:10637000645C1ABF194610467FEA655C1CBF0B4679
:10638000024650EA013406BF52EA033591EA030F90
:1063900041F4002130BD00BF90F0000F04BF002188
:1063A000704730B54FF4806404F132044FF00005BB
:1063B0004FF0000150E700BF90F0000F04BF002134
:1063C000704730B54FF4806404F1320410F000459A
:1063D00048BF40424FF000013EE700BF42004FEA95
:1063E000E2014FEA31014FEA02701FBF12F07F4312
:1063F00093F07F4F81F06051704732F07F4208BFC9
:10640000704793F07F4F04BF41F40021704730B5CF
:106410004FF4607401F0004521F000411CE700BF1B
:1064200050EA010208BF704730B54FF000050AE09E
:1064300050EA010208BF704730B511F0004502D59F
:10644000404261EB41014FF4806404F132045FEAA1
:10645000915C3FF4D8AE4FF003025FEADC0C18BF4A
:1064600003325FEADC0C18BF033202EBDC02C2F13C
:10647000200300FA03FC20FA02F001FA03FE40EACE
:106480000E0021FA02F11444BDE600BF53B94AB927
:10649000002908BF00281CBF4FF0FF314FF0FF302C
:1064A00000F070B9ADF1080C6DE904CE00F006F80B
:1064B000DDF804E0DDE9022304B070472DE9F04780
:1064C000089E0D4604460F46002B4AD18A42944648
:1064D00065D9B2FA82F343B102FA03FCC3F1200298
:1064E0009F4020FA02F217439C404FEA1C4E1FFACD
:1064F0008CF5B7FBFEF1220C0EFB117742EA074246
:1065000001FB05F090420AD91CEB020201F1FF37B2
:1065100080F01C81904240F2198102396244121AC3
:10652000A4B2B2FBFEF00EFB102244EA024400FBD0
:1065300005F5A5420AD91CEB040400F1FF3280F0F6
:106540000781A54240F204816444023840EA0140D8
:10655000641B00211EB1DC400023C6E90043BDE8F6
:10656000F0878B4208D9002E00F0ED800021C6E9AB
:1065700000050846BDE8F087B3FA83F1002949D148
:10658000AB4202D3824200F2F880841A65EB030228
:1065900001201746002EE2D0C6E90047DFE702B926
:1065A000FFDEB2FA82F3002B40F090808A1A4FEAA5
:1065B0001C471FFA8CFE0121B2FBF7F507FB1520E3
:1065C000220C42EA00420EFB05F0904208D91CEB77
:1065D000020205F1FF3802D2904200F2CB8045461C
:1065E000121AA4B2B2FBF7F007FB102244EA0244ED
:1065F0000EFB00FEA64508D91CEB040400F1FF3297
:1066000002D2A64500F2BB801046A4EB0E0440EA7D
:1066100005409FE7C1F120078B4022FA07FC4CEAB6
:10662000030C05FA01F420FA07F3FD404FEA1C4978
:106630002343B5FBF9F81FFA8CFE09FB18551C0C17
:1066400044EA054408FB0EF5A54202FA01F200FAFD
:1066500001F00BD91CEB040408F1FF3A80F08880AC
:10666000A54240F28580A8F102086444641B9DB2F3
:10667000B4FBF9F309FB134445EA044403FB0EFEA3
:10668000A64508D91CEB040403F1FF356CD2A645DE
:106690006AD9023B644443EA0843A3FB0295A4EB96
:1066A0000E04AC42C846AE4656D353D056B1B0EBFA
:1066B000080264EB0E0404FA07F7CA40CC40174303
:1066C000C6E9007418460021BDE8F087C3F1200137
:1066D00002FA03FC20FA01F225FA01F19D402A4357
:1066E0004FEA1C471FFA8CFEB1FBF7F007FB1015B1
:1066F000110C41EA054100FB0EF58D4204FA03F44A
:1067000008D91CEB010100F1FF382FD28D422DD9A1
:1067100002386144491B92B2B1FBF7F507FB151132
:1067200042EA014205FB0EF1914208D91CEB02023C
:1067300005F1FF3816D2914214D9023D6244521A33
:1067400045EA004138E73146304608E73946E6E693
:106750001046FBE64845A9D2B9EB020865EB0C0EE2
:10676000013BA3E74546EAE72B4694E74046D1E7DD
:10677000D0467BE7023D624432E708460AE76444BC
:10678000023842E7704700BF3AB330B50244144DB7
:10679000044605E0BCEB030C1DD1CBB1944218D0EC
:1067A00014F8010B2B5C03F00303012B11F8013BE0
:1067B00015F803E00EF0030E844608BF00F1200C2C
:1067C000BEF1010F1846E5D12033BCEB0300E5D044
:1067D00030BD002030BD604630BD1046704700BF60
:1067E000F1090020002A3ED040EA01039B0730B5A2
:1067F00084462FD1032A2DD90B4608E0043A84465B
:10680000194625D01EF0803F22D1032A22D90468E0
:10681000194653F8045BA4F1013EAC4284462EEACB
:10682000040E00F10400E9D09CF800000C78A042AE
:106830001BD1E64668B11EF8010F11F8014FA2EB1B
:106840000E03A04203F1FF330FD11CEB0303F1D180
:10685000002030BD9CF800000C78844205D1012A4C
:10686000F6D0E646E6E710467047001B30BD00BF95
:1068700040EA01039B0730B501D1032A0FD88446B3
:1068800001F1FF3E07E01EF8011F03F8011B541E33
:10689000C1B19C4622466346002AF4D130BD0B4666
:1068A0008446194653F8045BA5F1013424EA050433
:1068B00014F0803FE4D1043A032A4CF8045B1946F3
:1068C000EFD8DDE79444002CE8D003F8011B6345C2
:1068D000FBD130BD024B1968703100F0D3BA00BF54
:1068E00004EC002010B50C46B1F90E1003F0A2FC28
:1068F000002803DB236D0344236510BDA38923F423
:106900008053A38110BD00BF002070472DE9F041E6
:106910000C46B1F90C101F46CB05054616460BD4A4
:1069200021F48051A1813B46B4F90E10324628462D
:10693000BDE8F04100F068BEB4F90E100223002259
:1069400003F062FCB4F90C10EAE700BF10B50C4686
:10695000B1F90E1003F058FCA389421C0EBF23F4BA
:10696000805343F480532065A38110BDB1F90E100C
:1069700002F0E8BB38B511F0FF040CD00346002547
:1069800001E0431C05461846214601F0DBFF0028C4
:10699000F7D1284638BD2146BDE8384001F0D2BFC6
:1069A00041EA00039B0715D10B68A3F1013222EAEB
:1069B000030212F0803F0DD101F1040C40F8043BBA
:1069C00061465CF8043BA3F1013222EA030212F0B3
:1069D000803FF3D0034611F8012B184603F8012B32
:1069E000002AF8D1704700BF024A126801235032D2
:1069F00000F002B804EC0020F0B4074610B33E46A5
:106A00008C4616F8010B01E0A04216D01CF8014B91
:106A1000002CF9D1D8B116F8015B0C4601E0002B2F
:106A2000F9D014F8013B9D42F9D14DB1002306F88D
:106A3000013C16603846F0BC70475BB13746DEE774
:106A40002E46F6E71768002FD9D13846F3E7F0BC99
:106A500010607047166038463B70ECE701292DE95D
:106A6000F0415BD94FF00108C64600244FF0FF35D6
:106A7000434608E0A3EB05081C464FF0010E04EB6B
:106A80000E038B4210D200EB0E0CC75C1CF80560A5
:106A9000B742EFD332D04FF001082546C6464444F2
:106AA00004EB0E038B42EED30127C2F80080BE46F2
:106AB00000244FF0FF363B4607E09F1B1C464FF07B
:106AC000010E04EB0E038B4210D200EB060C10F803
:106AD00003801CF80EC0E045EFD817D001272646EA
:106AE000BE463C4404EB0E038B42EED30136681CD9
:106AF000864201D317603046BDE8F081C6450ABF23
:106B000074440EF1010E4FF0010EB8E7BE450ABF06
:106B100074440EF1010E4FF0010ED2E7012700265A
:106B2000E8E700BF2DE9F04F9246ADF21C4D05AAF3
:106B300081460F46504619461D46FFF78FFF134604
:106B400083460DF2144243F8045F9342FBD1002DBB
:106B500000F0DF806C1E06AE0AF1FF320AEB040083
:106B6000009612F8011FAB1A013B5344824246F8CB
:106B70002130F6D105995A465144504601F0F8F8B3
:106B800000286FD10BF1FF330393CBF10103804653
:106B90000646019309EB060E009A1EF8043052F8DF
:106BA0002330DBB1B8F1000F03D0059A9A4200D927
:106BB000AB1A1E444FF000087B1B9E42EAD909EB3A
:106BC000070045F4006103F03DFA07447B1B9E4239
:106BD000E0D900200DF21C4DBDE8F08FC3455B46A7
:106BE00038BF4346A34210D2591EF21851444A44BA
:106BF00002E00133A34208D212F8010B11F801CFD1
:106C00008445F6D0019A1644D3E7C345039B7ED949
:106C100006EB0B024A440AEB0B01029602E04345E5
:106C200015D0034612F8010D11F8016D864203F1EB
:106C3000010C03F1FF30F2D0029E634608F1010817
:106C400098450AD8059B1E44A5EB0308B4E74346C4
:106C500008F101089845029EF4D970460DF21C4DCA
:106C6000BDE8F08FA5EB0B035B4538BF5B460133F6
:106C700005930BF1FF330193CBF10103002602933F
:106C800045F4006809EB0601009A0B5D52F82330C9
:106C90006BB11E447B1BB342F4D209EB07004146A3
:106CA00003F0D0F907447B1BB342EBD291E7A34535
:106CB00014D2019B0BEB06020AEB030C4A445B4621
:106CC00002E00133A34209D212F8010B1CF801EFD4
:106CD0008645F6D0029A16441E44DBE7BBF1000F4E
:106CE00010D00BEB060048440AEB0B0201E05345C1
:106CF00008D012F801ED10F801CDE6451346F6D0A4
:106D0000059BC6E708460DF21C4DBDE8F08F5B46BB
:106D100094E706AB4FF0FF3400932BE72DE9F041E9
:106D20000D46097890B00446002954D06A78002AAC
:106D300000F08380AB78002B51D0E8782E680028D3
:106D400000F082802B79002B57D0284602F032FBCE
:106D5000064640F40071204603F074F986425BD881
:106D6000FE2E00F28680801B27184022711C684688
:106D700001F0F4F87EB16A1E5FFA86FC901912F8F1
:106D8000013F03F03F0340336B44A91A6144824240
:106D900003F8401CF3D1013CA35D03F03F034033F3
:106DA0006B4413F8403C1C44A74203D239E04444EE
:106DB000A74236D314F806C00CF03F0C0CF1400388
:106DC0000DEB030C2046324629461CF8408C00F09F
:106DD000CFFF0028EBD1204610B0BDE8F08100784D
:106DE00042EA014200E00C4640EA0343611C98B1CC
:106DF0009A426078F7D1013CEDE7227862B131BA6E
:106E000001E099421ED042EA0323204614F8012FE4
:106E1000002AF6D1994215D00024204610B0BDE8D2
:106E2000F081BB5DB819002BF6D04FF4006103F080
:106E300009F90744BC42AED9EEE710B0BDE8F04115
:106E400001F080BDC41EC6E7120442EA016242EAB4
:106E500003232178024600E02C4641EA0200651C2B
:106E600002020029D8D0B3EB002F6178F4D1023CA4
:106E7000B1E7014633462A46204610B0BDE8F0414E
:106E8000FFF750BEF8B55F4A0C460023D0E9000179
:106E900006F006FD002AC0F2AB8000F52F2000F6B8
:106EA0006C205949A1FB0251C90A4FF4616303FBED
:106EB0001122564BA160A3FB02135B096360C3EB75
:106EC0000313A2EB8302524B2260C11C83FB013CE3
:106ED0008C44CB17C3EBAC03C3EBC303CB1A48BF43
:106EE00007330028A3614B4B78DBC11783FB0023DA
:106EF000C1EBE331484B494A03FB01008308A2FB85
:106F00000352474D00EBD222A5FB0363454EA2EB93
:106F1000D3120309A6FB0363A2EB1312424BA3FB9C
:106F20000263D61A03EB560C9308A5FB03533F4D9F
:106F30004FEA1C22A5FB0265DB09C3EB5513034492
:106F400040F26D1000FB123303EB830E38480EF154
:106F5000020EA0FB0E0C4FEADC1C40F2F9550CEBC4
:106F6000CC00AE4500EB0010324D00F10200A5FB55
:106F700000504FF4C87694BF02256FF0090506FB58
:106F800001216544012D98BF01315E1CB3F5997F45
:106F9000A6EB90000BD3A3F59973A1F26C71E3619A
:106FA0000023E060C4E9045123622046F8BD96073F
:106FB0000BD0214E06FB02F2204EB6EB321F2CBF47
:106FC000012200223B331344E7E71B4E1C4F02FB18
:106FD00006F6B7EBB60FECD20122F3E7A0F50E31BF
:106FE000A1F52C7183FB0123C917C1EBE33181E7C4
:106FF00002F5A83200F52F2002F5C07200F66B20D2
:107000004FE700BF80510100C5B3A29189888888ED
:1070100093244992BD066B394FC5FDFF7F206B3924
:10702000D97CC65941D6720061F319671F85EB51AF
:10703000D7802BD6CDCCCCCC295C8FC20AD7A3006D
:10704000285C8F022DE9F04101683B2982B004469B
:1070500000F2CD8041683B2900F2B780A168172972
:1070600000F2A18021690B2900F28B8063699A07E5
:107070003FD16F486F4A704D00FB0326B5EBB60F4A
:107080006FD2E2686D48002A4FF01D0C37DC684E65
:10709000684D694FDFF8A8E107E0012914BF50F8F7
:1070A000213063461A44002A1EDC0139F5D2616999
:1070B0004B1E13F0030F636160D106FB0353B7EB64
:1070C000B30FC0F0A68001F26B7106FB0151BEEB5D
:1070D000311F34BF4FF01C0C4FF01D0C1F231A44FE
:1070E000002A4FF00B01E0DDC4E9032102B0BDE846
:1070F000F0814FF01C0CE2685048002AC7DD4C4F6D
:107100004C4EDFF834E1DFF8388100254B1C0AE0F3
:1071100051F8041C9142A2EB0102E7DA0C2BC4E9FE
:1071200003230BD00133022B00EB8301F0D19445F4
:10713000A2EB0C02DADAC4E90323F3E76169256103
:107140004B1C13F0030F636103D04FF01C0C0021A4
:10715000DCE707FB0363BEEBB30F5DD24FF01D0C02
:10716000F5E703F26C7300FB0322354BB3EB321FE0
:1071700034BF4FF01C0C4FF01D0CBCE74FF01C0C43
:10718000ACE70C22684601F08BFCDDE90021636965
:10719000002913446361BDBF0C3103F1FF33C4E91F
:1071A0000413216163E71822684601F079FCDDE9E8
:1071B0000012E368002A0B44E360BDBF183203F1FC
:1071C000FF33C4E90223A2604CE73C22684601F089
:1071D00067FCDDE90023A168002B1144A160BDBF5D
:1071E0003C3301F1FF31C4E90131636037E73C22F0
:1071F000684601F055FCDDE900236168002B11446D
:107200006160BDBF3C3301F1FF31C4E9003123604F
:1072100021E74FF01D0C61E701F26D7307FB03637B
:10722000B8EB331F34BF4FF01C0C4FF01D0C8EE732
:10723000295C8FC250B81E05285C8F02CC07002045
:107240000AD7A3002DE9F04F89B0054603F008F8EE
:1072500080462846FFF7F6FED5E90063C3EB03132B
:1072600006EB8306A1492B69EC6851F82310AA6844
:107270006F69013C0C44012B4FF4616101FB026614
:1072800002DDB90700F0D08007F51C53103344F637
:1072900020629342EC6100F29E81462F00F3A380AE
:1072A00044D0452F00F0148191489249DFF848C23C
:1072B000DFF84892452340F26D1E12E0BCEBB20F9E
:1072C00003F26C7200FB0212C0F0EC80B9EB321FCB
:1072D00034BF72464FF4B772013BBB42A4EB0204C9
:1072E0000BD013F0030F00FB0312E7D0013B40F279
:1072F0006D12BB42A4EB0204F3D1B80740F0E88062
:107300007B4A7C4B7C4902FB0730B1EBB00FC0F0ED
:10731000E2807A4907F26C7002FB0033B1EB331F55
:1073200040F26D1328BF4FF4B773E41A744B4FEA61
:10733000E679C4FB036900F04FFA00F0A7FE714B39
:10734000D3F800A0BAF1000F00F08C802B6A6869B6
:1073500006931A46D8F80430012A00F26C70A8BFD0
:1073600001228342924602D000F06AF958B3D8F85D
:107370005020D8F82030D8F84CE09B1A0493D8E974
:10738000093C63EBE2730593D8F848300193B3EB03
:107390000C016EEBEC7003908E42079103994FEA5B
:1073A000E2704FEAEC7379EB01010290934660467C
:1073B000009346DB019BD1179B1A6EEB010E9E4298
:1073C00079EB0E0E3DDABAF1010F4BD1D8F85030FF
:1073D0009B46DB170293029B16EB0B0649EB03015E
:1073E0004FF0010A46E04249DFF80CC1DFF80C918A
:1073F000462340F26D1E10E003F26C72BCEBB00F3E
:1074000001FB02F21AD3B9EB321F34BF72464FF4BC
:10741000B7720133BB42144488D09A0701FB03F0D2
:10742000EAD040F26D12F4E7314A324B324902FBA6
:107430000730B1EBB00F38D2013425E74FF4B77203
:10744000E7E7D8F800A0049BBAF1000F37D09E42BE
:10745000059B79EB030341DA069B002B5FDC4FF0C1
:10746000000A03E0D8F82800C3170093009B3618E1
:1074700049EB0301009100F0B5F9234A0099C5F8E2
:1074800020A0043482FB04322244E317C3EBA2039E
:10749000C3EBC303E31A48BF0733AB61304609B0FF
:1074A000BDE8F08F4FF4B77216E707F26C7102FB7C
:1074B0000133124AB2EB331FFFF4E6AEBCE79E4243
:1074C000059B79EB030321DB069B002B83D160E056
:1074D00040F26D1329E74FF4B77326E7079B9E42EE
:1074E000039B79EB0303B7DAEEE700BF280800201F
:1074F000295C8FC250B81E05285C8F020AD7A300F2
:10750000805101003003012093244992079B9E4241
:10751000039B79EB0303069B38DB002BA6DDA2EB74
:107520000C024FF0000A2B68D5F80CB013449619E2
:107530002B60284649EBE279FFF784FDEA68B2EB5D
:107540000B023FF440AF012A41DD4FF0FF32EB69FF
:107550001444D21822D4BB0741D12749274B2848CD
:1075600001FB073CB0EBBC0F3FD307F26C7701FB8C
:1075700007332449B1EB331F40F26D1328BF4FF49A
:10758000B7739A42A8BFD21AEA611CE7002B7FF4B6
:1075900022AFACEB02024FF0010AC4E77B1E9A0750
:1075A00020D11549154A164801FB0323B0EBB30F50
:1075B0001ED3144B07F26B7701FB0722B3EB321F8C
:1075C00040F26D1338BF4FF4B673EB61FBE6911CCC
:1075D000D8BF0122BBE74FF0FF3631465EE740F2ED
:1075E0006D13CEE74FF4B673EFE74FF4B773C8E708
:1075F00040F26D13E9E700BF295C8FC250B81E0549
:10760000285C8F020AD7A30038B50C46084D844683
:10761000114620461A4600232B606446FCF7E2FF21
:10762000431C00D038BD2B68002BFBD0236038BD35
:107630005C050120014B1868704700BF04EC002076
:107640002DE9F04F83B0044602F00AFE40F2B17318
:107650009C4240F3AC805C4A446082FB04516FF46E
:10766000F663E517C5EBE11704EB030CC5EB6115F9
:107670004FF4C871A4F2B276A4F26D7301FB174700
:107680004FEAAC0C40F26D1101FB06CC82FB0361AA
:10769000DB17A3EB61139C44B7FA87F35B0903EB99
:1076A00043031B016FF4C86101936318A2FB03231A
:1076B0000CEBD31C454E642303FB154504F003017A
:1076C000024600F15008137A4A2B22D0442B30D1C5
:1076D00053690CEB03049369D2F828904FEAE37ED8
:1076E000C4FB063E13EB09034EEBE974C2E9083410
:1076F00028329045E7D1046A816C436AC26C8C429F
:107700009341B4BF012300230360012003B0BDE80F
:10771000F08F546904EB0C0329B925B13B2CC8BF89
:1077200001335C1ED7E7002FFBD13B2CC8BF0133D0
:10773000F7E700293FD0DDF804A0254B9A44D36831
:10774000012B3FDD4FEA830BABF10809D144AAF1CD
:1077500004046346964654F8042FA1451344FAD115
:10776000ABF1040B7246DA441A4C03F1040984FBB2
:10777000094ECE444FEAE974C4EBAE04C4EBC40432
:10778000A9EB04095469DAF800E0B4EB09091469BB
:1077900004F1FF3448BF09F10709C4EBC4044C44A9
:1077A000744502DB073C7445FCDA1C4493E7002077
:1077B00003B0BDE8F08F019B002D0CBF9A464FF03F
:1077C000300ABAE76346CFE71F85EB5180510100CD
:1077D0009009002093244992014800F0C9BE00BFDF
:1077E000A4010120014800F0C7BE00BFA401012090
:1077F000024B0146186800F00BB800BF04EC0020F3
:10780000024B0146186802F0C3B800BF04EC002028
:107810002DE9F04F01F10B06162E83B0044624D853
:10782000102900F2BA8001F081F8102618220220F7
:10783000B54F3A44A2F1080153688B4200F0BA8078
:107840005A68D96822F003021A449D68E9608D6085
:10785000516841F001012046516003F1080501F033
:107860006BF8284603B0BDE8F08F36F0070600F14C
:107870009480B14200F2918001F058F8B6F5FC7F97
:10788000C0F09A81730A00F08F80042B00F26F81A0
:10789000B30903F1390003F1380CC3009A4F3B449C
:1078A000A3F108055B689D4206D10CE0002980F237
:1078B0002781DB689D4206D05A6822F00302911BA3
:1078C0000F29F3DD60463D69DFF850C265457CD085
:1078D0006A6822F00302931B0F2B00F37B81002BBD
:1078E000C7E904CC80F26C81B2F5007F80F01A8188
:1078F000D308796801334FEA521E012202FA0EF2D0
:107900000A4357F833E0C5F808E007EBC30108392C
:10791000E9607A6047F83350CEF80C5083100121AB
:107920009940914257D8114206D120F003004900F6
:10793000114200F10400FAD007EBC0094D4686461B
:10794000D5F80C80454508D11DE1002B80F224813B
:10795000D8F80C80454500F01681D8F8042022F0B4
:107960000302931B0F2BF0DD2046D8E9025408EBED
:10797000060146F00106C8F80460EC60A56043F01B
:107980000104C7E90411C1E902CC4C6048F8023097
:1079900000F0D2FF08F1080502E00C232360002567
:1079A000284603B0BDE8F08F4FF4007340204FF03D
:1079B0003F0C73E7D3689A4208BF02307FF440AFB0
:1079C0003D69DFF858C1654582D17A68831001218D
:1079D00099409142A7D9BD686B6823F003094E45D1
:1079E00003D8A9EB06030F2B7ADCDFF834B1474B41
:1079F000DBF800201B680132334405EB090A00F074
:107A0000338103F580530F3323F47F6828F00F0888
:107A10004146204602F092FC411C024600F0F380F1
:107A2000824500F2EE803A4B1968414419600846DD
:107A300000F04E81DBF80010019301311BBFA2EB77
:107A40000A010918CBF80020196012F0070B00F0AA
:107A50001781CBF108010A44CBF5805190440831DD
:107A6000A1EB0801C1F30B0A51462046009202F037
:107A700065FC421CDDE9002300F04F81801A00EB19
:107A80000A081968BA6048F001005144BD425060CC
:107A9000196000F02981B9F10F0F40F22781686861
:107AA000A9F10C0C2CF0070C00F0010040EA0C00CE
:107AB00068604FF0050E05EB0C00BCF10F0FC0E93C
:107AC00001EE00F2328150681546124B1A688A4264
:107AD00038BF1960104B1A688A4238BF196094E0A9
:107AE000AA1943F0010346F001066E602046BA6011
:107AF000536000F021FF0835284603B0BDE8F08F41
:107B0000D9681A44A1E600BFE8E70020D8010120A7
:107B1000A8010120D0010120D4010120F0E70020BC
:107B2000F0EB0020B2F5206F4FEA522363D3142B01
:107B300000F2B78003F15C01C9005B3307EB010E73
:107B40007958AEF1080E8E4500F091804B6823F015
:107B50000303934202D989688E45F7D1D1F80CE02E
:107B60007A68C5E9021ECEF80850CD60D6E6142B1F
:107B700059D9542B00F29D80330B03F16F0003F1B0
:107B80006E0CC3008AE60EF1010E1EF0030F05F124
:107B900008057FF4D5AE51E0424445465368D8F815
:107BA0000C1043F00103536055F8083F2046D9609C
:107BB0008B6000F0C1FEF3E6F00806F1080237E63C
:107BC0002A442046536843F001035360083500F00F
:107BD000B3FEE5E6A919204646F0010643F001048C
:107BE0006E60C7E90411C1E902CC4C60AB5000F0F3
:107BF000A3FE0835D4E6930903F13901C9003833EF
:107C00009CE7BD425FD0BD68686820F00308464528
:107C1000A8EB060302D80F2B3FF762AF204600F017
:107C20008BFE0025BCE603F15C0003F15B0CC30096
:107C300034E659F808394B4540F0968010F0030FB0
:107C400000F1FF30F5D17B6823EA01037B60490036
:107C500099423FF6C0AE19B9BDE649000EF1040ED7
:107C60001942FAD0704667E603F11008D0E69A1080
:107C70004FF001087B6808FA02F21A437A6070E755
:107C800002EB08014942C1F30B0A5146204600921B
:107C900002F054FB431CDDE900237FF4EFAEDA462B
:107CA000EFE6542B25D8130B03F16F01C9006E3397
:107CB00044E7B3F5AA7F25D8F30B03F1780003F16D
:107CC000770CC300EAE5294B186840441860B1E618
:107CD000CAF30B0CBCF1000F7FF4ACAEBD68C84416
:107CE00048F001006860F0E61546EEE601235360B7
:107CF00094E7B3F5AA7F23D8D30B03F17801C90029
:107D000077331BE740F25452934223D8B30C03F16C
:107D10007D0003F17C0CC300C0E5ABF1080BD84437
:107D2000A8EB02084FF0000AABE605F10801204677
:107D3000009301F02DFEBD68009B68681968C4E6D9
:107D400040F254518B420BD8930C03F17D01C900D2
:107D50007C33F3E64FF47E737F204FF07E0C9DE57D
:107D60004FF47E717E23E9E67B6870E7A80101206D
:107D7000032A70B514D940EA01039B0722D10446B7
:107D80000B46194620460E680568B54204F1040406
:107D900003F1040316D1043A032A20461946F0D809
:107DA000541E9AB1421E013901E0C3180CD012F8DA
:107DB00001EF11F801CFE645A4EB0203F5D0AEEBDD
:107DC0000C0070BD541EEDE7184670BD104670BD26
:107DD00070B582B00446069D55B16AB10F48009552
:107DE000D0F8E4602046B047431C10D002B070BD0C
:107DF00000F1F405002AF1D1084B0095D3F8E460B6
:107E000011460123064A2046B047431CEED100220A
:107E10008A232A60236002B070BD00BF7CE6002088
:107E20005086002088420DD98B1883420AD900EB76
:107E3000020CBAB1624613F801CD02F801CD9942A5
:107E4000F9D170470F2A0ED8034602F1FF3C4AB120
:107E50000CF1010C013B8C4411F8012B03F8012FAC
:107E60006145F9D1704740EA01039B0750D1A2F167
:107E7000100370B501F1200C23F00F0501F1100E75
:107E800000F11004AC441B095EF8105C44F8105C6F
:107E90005EF80C5C44F80C5C5EF8085C44F8085C26
:107EA0005EF8045C44F8045C0EF1100EE64504F143
:107EB0001004E9D1013312F00C0F01EB031102F0B1
:107EC0000F0400EB031327D0043C24F003064FEA11
:107ED000940C1E441C1F8E465EF8045B44F8045F3D
:107EE000B442F9D10CF1010402F0030203EB840364
:107EF00001EB840102F1FF3C4AB10CF1010C013BA2
:107F00008C4411F8012B03F8012F6145F9D170BDA4
:107F100002F1FF3C03469BE72246EBE700B50B4C22
:107F200025681446EE681A4685B003460D464CB1E6
:107F300007490095CDE901143046064902F094F94D
:107F4000FBF728FA04490C46F3E700BF04EC0020D5
:107F5000800800209008002050860020830730B55C
:107F600048D0541E002A3FD0CAB2034601E0013C6B
:107F70003AD303F8012B9D07F9D1032C2DD9CDB2AB
:107F800045EA05250F2C45EA054536D9A4F110022E
:107F900022F00F0C03F1200EE6444FEA121C03F10D
:107FA000100242E9045542E9025510327245F8D1F7
:107FB0000CF1010214F00C0F03EB021204F00F0C91
:107FC00013D0ACF1040323F003030433134442F849
:107FD000045B9342FBD10CF003042CB1C9B21C44E6
:107FE00003F8011B9C42FBD130BD64461346002CB4
:107FF000F4D1F9E703461446BFE71A46A446E0E782
:10800000830710B5044610D10268A2F1013323EAB8
:10801000020313F0803F08D150F8042FA2F101337E
:1080200023EA020313F0803FF6D003781BB110F867
:10803000013F002BFBD100F01BFC204610BD00BF10
:1080400070B5054684B05BB11C4669B10E4B28463D
:10805000D3F8E0602346B047431C0FD004B070BD96
:1080600000F582740029F1D1074A2346D2F8E06076
:1080700028460A4601A9B047431CEFD100228A23B3
:1080800022602B6004B070BD7CE60020014B1868B4
:1080900000F002B804EC00202DE9F04F8FB0054647
:1080A00002F0DEF8BD490446284601F00BFF804689
:1080B000002800F04781BA4E316829B100F06EFA0D
:1080C000002800F0208131680846FFF799FB404600
:1080D00001F070F9411C2846FFF79AFB306010B19F
:1080E000414600F0C5FBAF4EAF4FB04D0023C4E991
:1080F0000333C4E90533C4E90D33C4E90F333360F6
:108100003B60A3622365AA4BC5E900334A2323726F
:1081100084F8303000220023C4E90823C4E9122384
:1081200098F800303A2B04BF98F8013008F10108A4
:108130003C2B00F0EB800DF1300B9E4A9E495B46D4
:10814000404602F031F9002840F3DD800C98C21E51
:10815000072A00F2D88018F800202D2A804400F069
:10816000EC802B2A08BF08F101084FF0010A0AAB86
:10817000002202930DF126030093ADF82620ADF8FE
:1081800028208E49CDF80CB0CDF804B05B4609AA82
:10819000404602F009F9002840F3B580BDF82620DA
:1081A000BDF828900C99C2EB021209EB8209BDF8C8
:1081B00024204FF4616000FB029918F801203C2A4A
:1081C0000AFB09F9884400F001817D4A7A495B463F
:1081D000404602F0E9F8002840F311810C9AD11EC4
:1081E000072900F2908018F802102D29904400F021
:1081F000CC802B2908BF08F101084FF0010A0AAB17
:108200000022CDE901B30DF126030093ADF824203F
:10821000ADF82620ADF828200C926849CDF80CB0B6
:108220005B4609AA404602F0BFF8002840F3FC80F4
:10823000BDF82620C2EB0211BDF8282002EB810216
:10824000BDF824104FF4616000FB01220AFB02F329
:1082500007930C9A0023CDE905399044A14698F87C
:1082600000A0BAF12C0F04BF98F801A008F1010892
:10827000BAF14D0F00F0DC80BAF14A0F08BF08F1E7
:1082800001084FF00A020DA9404618BF4FF0440AFA
:1082900001F0CAFD0D9BADF82E00434500F0B780FC
:1082A00080B289F808A0C9F8140098464FF0000A77
:1082B0000223ADF826A0ADF828A0CDF830A0ADF887
:1082C000243098F800302F2B00F0DF804FF4E1537A
:1082D000C9F81830059B09F12809002B5AD0079BD3
:1082E0002365344BDDF818902B60354B6B6060686C
:1082F000C4F82890FFF7A4F9A26A236D32609B1A94
:1083000018BF01233B600FB0BDE8F08F08F10109F1
:108310000DF1300B274A2B495B46484602F044F8E2
:108320000028F0DD0C98C21E072AECD819F80020AE
:108330003E2AE8D108F102080DE708F101084FF0E4
:10834000FF3A14E74A22227284F83020164A174B6B
:1083500010601D4A1349124DA062C3E90022002299
:108360000023C4E90300C4E90500C4E90D00C4E921
:108370000F0020650860C4E90823C4E912232868B7
:10838000FFF73EFAC5F80080BDE708F101084FF09D
:10839000FF3A34E70123059361E700BF180B002083
:1083A000DC0E0120340301203003012008EC002002
:1083B0005086002024030120340B0020440B0020B1
:1083C00018030120200B00201C0B002008F1010ADB
:1083D0004E4A4F495B46504601F0E6FF00280ADD51
:1083E0000C9AD11E07298ED81AF802103E298AD17C
:1083F00008F10208F7E698F801203E2AF0D1454B33
:10840000C4F82890C5E90033C6F800907BE7059AC8
:10841000002A5BD04D2284F830200B210122C4E9D0
:108420000D120022E26340E7A9F56163079310E7AC
:108430000DF12E0302930BAB00933749CDF80CB02E
:10844000CDF804B05B460DF12A02404601F0ACFFC6
:1084500003287FF458AFBDF82A305A1E0B2A3FF686
:1084600052AFBDF82C20511E04293FF64CAFBDF889
:108470002E1006293FF647AFC9E9033289F808A054
:10848000C9F814100C9B984410E70AABCDE901B36E
:108490000DF1260300932149CDF80CB05B4609AAE3
:1084A000404601F081FF504518DDBDF826300C999B
:1084B000C3EB0312BDF8283003EB8203BDF8242080
:1084C00088444FF4616101FB023301E762614D2290
:1084D000227203200222C4E90302E6E64A230020B6
:1084E0000021C4E90801C4E91201C4E903AAC4E9EE
:1084F00005AAC4E90DAAC4E90FAA2372C4F828A0EA
:1085000084F83030C4F850A0FDE600BF1803012005
:10851000200B002024030120580B00206C0B0020AE
:1085200070B50D4E0D4D761BB61006D0002455F8D3
:10853000043B01349847A642F9D1094E094D761BF8
:1085400005F004FAB61006D0002455F8043B0134B7
:108550009847A642F9D170BDA0340060A0340060F5
:10856000A4340060A0340060704700BF704700BFB3
:10857000704700BF704700BF704700BF704700BF23
:10858000014B93F8280170477CE6002000487047B3
:108590006CE70020A2EB0300704700BF02780B7865
:1085A000012A28BF9A42F5D16DE9044540EA010449
:1085B000CDE902676FF0000C4FEA447212B380EA13
:1085C000010414F0070F6AD100F0070420F007003F
:1085D00004F0030521F007014FEAC505F0E8042384
:1085E00014F0040FF1E804670CFA05F462EA0402DF
:1085F00066EA04060AD063EA0403624667EA0407EF
:10860000664603E0F0E80423F1E8046782FA4CF5DB
:1086100082EA0604A4FA8CF46CBB83FA4CF583EA74
:108620000705A5FA8CF595B950E9022351E90267CF
:1086300082FA4CF582EA0604A4FA8CF483FA4CF52B
:1086400083EA0705A5FA8CF52543DBD09CB92DBA42
:10865000B5FA85F424F0070427FA04F1DDE902678E
:1086600023FA04F303F0FF0001F0FF01FDE80445E5
:10867000A0EB0100704724BAB4FA84F424F0070494
:1086800026FA04F1DDE9026722FA04F202F0FF00A3
:1086900001F0FF01FDE80445A0EB0100704714F074
:1086A000030F3CD110F0030428D150F8082B51F8E7
:1086B000083B82FA4CF582EA0305A5FA8CF55DB910
:1086C00050F8042C51F8043C82FA4CF582EA030578
:1086D000A5FA8CF5002DE8D02DBAB5FA85F424F072
:1086E000070423FA04F122FA04F202F0FF0001F079
:1086F000FF01FDE80445A0EB010070474FEAC40408
:1087000020F0030050F8082B21F0030151F8083B3A
:108710000CFA04F462EA040263EA0403C9E710F005
:1087200003041AD0A1EB040120F00300E40750F881
:10873000042B06D00FD28B785FFAA2F4E41A06D18C
:108740002BB1CB785FFAB2F4E41A00D11BB9204602
:108750005DF8104B704701F1040150F8042BCC0771
:1087600021F0030151F8043B48D824D222F07F4481
:1087700082FA4CF594EA1325A5FA8CF50AD165B96D
:1087800051F8043B84EA0204B4EB036F0ED150F8B5
:10879000042BEBE74FEA132355E035F07F454DD12D
:1087A0000878FDE80445C0F1000070474FEA126206
:1087B00003F0FF0347E002EA1C4482FA4CF594EA16
:1087C0001345A5FA8CF50AD165B951F8043B84EA42
:1087D0000204B4EB034F0CD150F8042BEBE74FEA43
:1087E000134330E015EA1C4528D10B884FEA1242AA
:1087F00029E04FEA124203EA1C4324E002F0FF049E
:1088000082FA4CF594EA1365A5FA8CF50AD165B99C
:1088100051F8043B84EA0204B4EB032F09D150F869
:10882000042BEBE74FEA13630DE015F0FF0F05D1C2
:108830000B684FEA122223F07F4304E04FF0000060
:10884000FDE80445704712BA1BBA82FA4CF482EA7A
:108850000304A4FA8CF5B5FA85F402FA04F203FADB
:1088600004F34FEA1260FDE80445A0EB1360704783
:1088700080EA0102844612F0030F4FD111F0030F7A
:1088800032D14DF8044D11F0040F51F8043B0BD0D8
:10889000A3F101329A4312F0803F04BF4CF8043B2D
:1088A00051F8043B16D100BF51F8044BA3F101323B
:1088B0009A4312F0803FA4F101320BD14CF8043BF3
:1088C000A24312F0803F04BF51F8043B4CF8044B24
:1088D000EAD023460CF8013B13F0FF0F4FEA332395
:1088E000F8D15DF8044B704711F0010F06D011F874
:1088F000012B0CF8012B002A08BF704711F0020F62
:10890000BFD031F8022B12F0FF0F16BF2CF8022B4C
:108910008CF8002012F47F4FB3D1704711F8012B6F
:108920000CF8012B002AF9D1704700BF0148FFF76E
:1089300021BE00BF9C0101200148FFF71FBE00BF00
:108940009C01012011F0FF01034644D0820732D17F
:1089500010B5046841EA012E4EEA0E4E8EEA04027A
:10896000A2F1013323EA0203A4F1013222EA040254
:10897000134313F0803F0FD150F8044F84EA0E0CDC
:10898000A4F10133ACF1013223EA040322EA0C0220
:10899000134313F0803FEFD0037823B936E010F88B
:1089A000013F002B32D09942F9D110BD8A4211D03B
:1089B0009A071846CCD0184613F8012B002AF5D197
:1089C000104670479907184607D0184601330278B9
:1089D000002AF7D170478207F7D10268A2F101336C
:1089E00023EA020313F0803F08D150F8042FA2F1CC
:1089F000013323EA020313F0803FF6D00378002B03
:108A0000E8D010F8013F002BFBD17047184610BD8D
:108A100010B4044C03460A4620685DF8044B19461E
:108A200000F002B804EC002038B5A1FB02148CBBA6
:108A3000FEF7EEFE0546E0B150F8042C22F00302EA
:108A4000043A242A17D8132A1AD91B2AC0E9004449
:108A50001DD9242A14BF00F1100200F118024FF0B2
:108A60000003C0E9024404BF04614461C2E9003369
:108A70009360284638BD2146FFF770FA284638BD76
:108A800002460023C2E900339360284638BD00F156
:108A90000802F6E7FEF7CEFD0C2300250360E8E7A9
:108AA000002910B491FBF2F302FB13140DDB002C30
:108AB00004DBC0E900345DF8044B7047A41A0133AD
:108AC000C0E900345DF8044B7047002CC4BFA41803
:108AD00003F1FF33C0E900345DF8044B704700BF79
:108AE00010B4044C03460A4620685DF8044B19464E
:108AF00000F012BD04EC002010B582B0049CCDE95A
:108B000000344FF0FF3304F02BFB02B010BD00BF68
:108B10002DE9F04F9BB08346019210464BEA0202CA
:108B20009A469307049140F0B182B0F1040918BF4E
:108B30004FF00109019B9A0802925B000022059206
:108B400007934F465646049B062B40F2DB80049B5E
:108B5000019A4FEA5308072B02FB08B800F0DB81AB
:108B6000049A0199531E282A01FB03BA00F20E82CF
:108B700054465D4641462846B047002821464046B7
:108B8000C0F2F881B047002854DD002F5BD1019B73
:108B9000DBF80020D8F80010CBF800105B44C8F8D0
:108BA00000200893089B0993534562D8019A0693C5
:108BB0001C46002355465946C2F10009D3469A4641
:108BC00020460391B04700280399A04640F34E8108
:108BD000A345C0F0EE80A846039455468A460DE0B2
:108BE000DBF80010D8F80030CBF80030C8F80010DF
:108BF000C8440125CB44A345C0F09B82514658464A
:108C0000B0470028C0F2C080F4D1002FE8D0012F77
:108C100000F00E81019A41465B460BEB020C08788E
:108C20001A7803F8010B01F8012BACEB0302002AC0
:108C3000F5DCDDE721462846B04715EA200838BFB5
:108C4000A046002FA3D0012F00F01082019B0BEB58
:108C500003005A46089098F80010137802F8011B98
:108C600008F8013B831A002BF5DC089B0993534558
:108C70009CD9049A019B03FB02B4089A944231D90F
:108C8000DDF824805D42C34528D2C24609E0D9F808
:108C90000030DAF80020C9F80020CAF80030DA45C0
:108CA0001CD9D146AA4449465046B047002815DD94
:108CB000002FECD0012F00F0FA80079A53460AEB00
:108CC0000200197899F8002009F8011B03F8012B1C
:108CD000A0EB0902002AF4DCDA45E2D8019B9844B3
:108CE0004445D0D8059B002B4BD0059B1AAA013BCD
:108CF000059302EBC30353E910B30493049B062BC3
:108D00003FF625AF019B049A0BEB030503FB02B86A
:108D1000A845E7D9DDF81C90CDF80C805C42AB4546
:108D200027D2AA4609E0D8F80030DAF80020C8F8BF
:108D30000020CAF80030DA451BD9D046A24441468B
:108D40005046B047002814DD002FECD0012F00F072
:108D5000BB8053460AEB0900197898F8002008F800
:108D6000011B03F8012BA0EB0802002AF4DCDA4512
:108D7000E3D8019B1D44039BAB42D0D8059B002B3D
:108D8000B3D11BB0BDE8F08F45465146DDF80C80ED
:108D9000002F5AD1019B2268DBF800002060CBF83D
:108DA00000201C44CB44A0464FF0010AA345BFF469
:108DB00007AF5246DA468B46002A3FF45AAF049B6F
:108DC000019A02FB03B4069BA8EB0309A3EB0B0279
:108DD0004A45A8BF4A46002A40F0A2800199621B7A
:108DE000A5EB0A03521A9A4228BF1A46002A40F0FD
:108DF0001B8199454D46A4EB030004D25A461D46FB
:108E000083464B461046019A93426AD90599072931
:108E100000F2FB80B3FBF2F3B5FBF2F504931AAB5F
:108E200003EBC10343E910B54B1C059383468AE667
:108E3000029945465846013903682A6840F8042BD0
:108E4000002945F8043BF6DCD2E6012F1FD0019B38
:108E50005A461C44107898F8003008F8010B02F8C4
:108E6000013BA4EB0803002BF4DC9BE70BD1002FA4
:108E700040D1069B20681A6818602260019A9818F1
:108E800006904FF0010A019B1C44A0468EE7029A0F
:108E9000DC46013AD8F80030DCF8000048F8040B52
:108EA000002A4CF8043BF4DC019B1C447AE7029B4B
:108EB0005146013BD9F80020086849F8040B002B03
:108EC00041F8042BF5DCEAE6029B5146013BD8F859
:108ED0000020086848F8040B002B41F8042BF5DC4F
:108EE00029E7019B9D427FF6FDAE019BB5FBF3F3A5
:108EF000049328E6012F00F0A780069A019BD01862
:108F000098F800C0137802F801CB08F8013B831AE7
:108F1000002BF5DCB4E7079B13440BEB430A34E664
:108F2000022FA8EB020140F0C5805A44584691F840
:108F300000C0037800F801CB01F8013B131A002BA5
:108F4000F5DC0199621BA5EB0A03521A9A4228BF6D
:108F50001A46002A3FF44DAFA01A4244057898F80B
:108F6000001008F8015B00F8011BA2EB08010029C2
:108F7000F4DC3EE7B0470028FFF607AE214628465E
:108F8000B04714EA200838BFA846FEE5D20801FB26
:108F900002F30BEB0305294658461C460393B047E2
:108FA0004FEA440900280BEB440421462846C0F24E
:108FB0009B80B047002875DD039BA8EB0304414666
:108FC0002046B047039B002808EB0301069140466A
:108FD000C0F2A280B04700285BDD039CAAEB090920
:108FE0004C4421464846B047002851462046C0F22E
:108FF0008780B04700283FF7BDAD51464846B0478F
:1090000019EA200438BF5446B4E5019CB3FBF4F1DF
:1090100022463346FFF77CFDA5427FF666AE019BF4
:10902000B5FBF3F304938EE5022FA4EB020094D07A
:109030009208013AD8F80010056848F8045B002A45
:1090400040F8041BF5DCD4E6DDF818C0029ADCF821
:109050000030D8F800004CF8040B013A002A48F818
:10906000043BF4DC0698019B184409E7029A584631
:10907000013A0368D8F8001040F8041B002A48F8A9
:10908000043BF5DC019B5B4408938BE54FF0020940
:1090900050E506992046B047069914EA200838BFE3
:1090A00088469AE721465846B0471BEA200538BF54
:1090B000254681E792085846A446013A03680C68A1
:1090C00040F8044B002A41F8043BF6DC0199644661
:1090D000621BA5EB0A03521A9A4228BF1A46002ABD
:1090E0003FF487AEA01AA3E7B0470028FFF664AFAD
:1090F00021465846B04714EA200538BF5D465BE775
:10910000B0470028FFF636AD51464846B0471AEA48
:10911000200438BF4C462DE5B0470028FFF65DAF70
:1091200006992046B047069911EA200838BFA046A4
:1091300053E753462A46DA4645469B46DDF80C80FF
:109140003AE600BF38B5074D0022044608462A60BB
:10915000FAF710F9431C00D038BD2B68002BFBD068
:10916000236038BD5C050120024A0349034801F031
:10917000F7B800BFF8EB0020796B0200E8E40020AC
:109180000C4B4168994210B5044601D003F02EFE05
:10919000A168094B994202D0204603F027FEE168FE
:1091A000064B994204D02046BDE8104003F01EBE95
:1091B00010BD00BFDC01012044020120AC020120EF
:1091C0002DE9F8432A4C2B4B2B48DFF8C090DFF8F1
:1091D000C0802A4F1860002504230822294604F184
:1091E0005C00274E6566C4E90253C4E90055C4E932
:1091F0000455A561FEF7B2FE224B6367082229469B
:1092000004F1C400C4E90749C4E90987C4E91A554F
:10921000C4E91E55C4F8CC502567C4F88050E662F6
:10922000FEF79CFE184BC4F8DC30294604F16803B5
:10923000082204F59670C4F88430C4E92298C4E981
:109240002476C4E93455C4E93855C4F83451C4F817
:10925000D850C4F8E850FEF781FE04F1D003C4E909
:109260003C98C4E93E76C4F8EC30BDE8F88300BF12
:10927000DC01012014030120F52E0200D9060200B2
:10928000F906020009000100120002007106020046
:109290009906020010B504460A48FFF76BF9636BA4
:1092A00023B9094B094A1B68626323B1BDE810402A
:1092B0000448FFF763B9FFF783FFBDE8104001489A
:1092C000FFF75CB9A0010120140301200D2F02005B
:1092D0000148FFF74FB900BFA00101200148FFF787
:1092E0004DB900BFA00101200000000000000000F7
:1092F0000000000001F0FF01102A2BDB10F0070F27
:1093000008D010F8013B013A8B422DD010F0070F26
:1093100042B3F6D1F0B441EA012141EA014122F021
:1093200007047FF000070023F0E80256083C85EAB6
:10933000010586EA010685FA47F5A3FA87F586FA5C
:1093400047F6A5FA87F68EB9EED1F0BC01F0FF0121
:1093500002F0070232B110F8013B013A83EA01033F
:1093600013B1F8D10020704701387047002D06BFB7
:1093700035460338073815F0010F07D1013015F4D1
:10938000807F02BF013015F4C03F0130F0BC0138CE
:10939000704700BF00000000000000000000000057
:1093A00000000000000000000000000000000000BD
:1093B0000000000090F800F06DE9024520F0070180
:1093C0006FF0000C10F0070491F820F040F0498095
:1093D0004FF000046FF00700D1E9002391F840F04E
:1093E00000F1080082FA4CF2A4FA8CF283FA4CF3F2
:1093F000A2FA8CF34BBBD1E9022382FA4CF200F1C2
:109400000800A4FA8CF283FA4CF3A2FA8CF3E3B9C5
:10941000D1E9042382FA4CF200F10800A4FA8CF29C
:1094200083FA4CF3A2FA8CF37BB9D1E9062301F15C
:10943000200182FA4CF200F10800A4FA8CF283FABF
:109440004CF3A2FA8CF3002BC6D0002A04BF0430E0
:109450001A4612BAB2FA82F2FDE8024500EBD200D7
:109460007047D1E9002304F00305C4F100004FEA7E
:10947000C50514F0040F91F840F00CFA05F562EA06
:1094800005021CBF63EA050362464FF00004A9E72A
:1094900070B50C785E2C86461ED00022481C94467F
:1094A0000EF1FF330EF1FF0103F8012F8B42FBD1C8
:1094B00084B18CF001010EF80410451C15F8013C34
:1094C0002D2B0ED05D2B03D01BB11C462846F2E796
:1094D000284670BD013870BD01224C78881C944626
:1094E000DEE790F801C0BCF15D0FEED06445ECDC26
:1094F000661C02300EEB060202F8011BA2EB0E0303
:10950000013B9C45F8DCACEB0403013B6445A8BF80
:10951000002302359C19D1E72DE9F84F17460029A1
:1095200000F098800C4607F10B058046FFF7FEF926
:10953000162D54F8041C5BD810252A46AF425CD87F
:1095400021F003069642A4F1080962DABC4BD3F875
:1095500008C009EB0600844500F09780D0F804C0ED
:109560002CF0010303445B68DB0768D42CF0030C88
:1095700006EB0C03934247DACB0710D454F8083CAF
:10958000A9EB030ADAF8043023F003018C44B44455
:10959000944580F211817318934280F2E880394635
:1095A0004046FEF735F90746E0B154F8043C23F095
:1095B00001034B44A0F10802934200F0D280321F15
:1095C000242A00F2F580132A00F2AC8003462246DA
:1095D000116819605168596092689A602146404646
:1095E00000F0D6F94046FFF7A7F93846BDE8F88FF6
:1095F00025F00705002D2A46A0DA0C23C8F8003014
:1096000000273846BDE8F88F1E46D0E90223D36014
:109610009A60731B0F2B22D8D9F8043003F0010392
:1096200033434E44C9F80430736843F00103736058
:1096300040462746FFF780F93846BDE8F88FC9074E
:10964000ADD454F8083CA9EB030ADAF8041021F071
:109650000301A0E7BDE8F84F1146FEF7D9B8D9F8E5
:10966000042009EB050102F001024E4443F001031E
:109670002A43C9F804204B60736843F001030831A2
:109680007360404600F084F9D2E7DCF8040020F073
:10969000030B06EB0B0C05F1100084454DDAC907EE
:1096A0003FF57DAF54F8081CA9EB010ADAF8041065
:1096B00021F003018B44B34458453FF76CAF574644
:1096C000DAF80C1057F8080F321F242AC16088609E
:1096D00000F2DB80132A40F2D6802168CAF8081015
:1096E0006168CAF80C101B2A00F2DF8008340AF106
:1096F00010022168116061685160A16891600AEBF5
:109700000501ABEB050242F0010299604A60DAF80C
:10971000043003F001032B434046CAF80430FFF73E
:109720000BF96EE723680360636843601B2A68D8FF
:1097300004F1080200F108034AE709EB05029A6008
:10974000ACEB050343F00103536054F8043C03F011
:1097500001032B43404644F8043CFFF7EDF827464D
:109760004FE750F8043C23F003031E4451E75746EB
:10977000DAF80C1057F8080F321F242AC1608860ED
:109780004CD8132A48D92168CAF808106168CAF869
:109790000C101B2A56D808340AF110021E46236802
:1097A000136063685360A3689360D1463C4630E71A
:1097B0002146FEF737FB11E7D0E902135746CB608D
:1097C000996057F8081FDAF80C30CB60321F242A52
:1097D00099602DD8132A29D92368CAF808306368FC
:1097E000CAF80C301B2A42D808340AF11003226848
:1097F0001A6062685A60A2689A606646D1463C4622
:1098000007E7A3688360E368C360242A26D004F1D5
:10981000100200F11003DBE63A46BFE72146384666
:109820001E46D146FEF7FEFA3C46F2E63B46DEE730
:10983000214638466646D146FEF7F4FA3C46E8E64D
:10984000E8E70020A168CAF81010E168CAF814100F
:10985000242A20D010340AF118029FE723690361FB
:109860006169416104F1180200F11803B0E6A368D0
:10987000CAF81030E368CAF81430242A21D0103412
:109880000AF11803B3E73A4633E721463846FEF7B4
:10989000C9FA164B33E72269CAF818206269CAF878
:1098A0001C2018340AF1200278E7A168CAF81010C9
:1098B000E168CAF81410242A0DD010340AF11802F5
:1098C00017E72369CAF818306369CAF81C301834DE
:1098D0000AF120038BE72269CAF818206269CAF8E6
:1098E0001C2018340AF1200203E700BFE8E700203B
:1098F000F8B5244F0C460646FFF718F8BB685D68BC
:10990000C4F57E610F3125F003054B1923F47F6305
:1099100023F00F03A3F58054B4F5805F07DB00212B
:10992000304600F00BFDBB682B44984204D0304613
:10993000FFF702F80020F8BD6142304600F0FEFC5F
:1099400001300DD0104ABB682D1B45F001055D604C
:10995000136830461B1B1360FEF7EEFF0120F8BDB5
:109960000021304600F0EAFCBA68831A0F2BDEDDD6
:1099700043F001035360054B03491B68C01A08609C
:10998000D5E700BFE8E70020A8010120F0EB0020A8
:10999000002961D0F8B50C460646FEF7C7FF54F81B
:1099A000042C7B4FA4F1080522F0010105EB010C0A
:1099B000B868DCF80430604523F0030300F08B80C6
:1099C000D207CCF8043032D454F8082CAD1A114424
:1099D000AA6807F1080082426AD00CEB0304D4F8AD
:1099E00004E0EC68D4601EF0010FA26000F09780E4
:1099F00041F001036B60CCF80010B1F5007F35D267
:109A00007868CB080122490901338A40024357F89C
:109A100033107A6007EBC302083AC5E9021247F82F
:109A20003350CD603046BDE8F840FEF785BF0CEB03
:109A300003025268D00710D4194407F10800DCF87B
:109A40000830834273D0DCF80C20DA60936041F078
:109A500001036B606950D0E7704741F00103B1F535
:109A6000007F44F8043CCCF80010C9D3B1F5206F56
:109A70004FEA512348D28B0903F1390003F1380230
:109A8000C300F818FB580838984259D05A6822F099
:109A900003028A4202D99B689842F7D1D868C5E987
:109AA00002308560DD603046BDE8F840FEF744BF17
:109AB0000CEB03025268D20763D40B44DCE90212B8
:109AC000CA60916043F001026A603046EB50BDE825
:109AD000F840FEF731BF0B44D10707D454F8082CE7
:109AE000AD1A1344D5E90212CA60916043F0010235
:109AF0006A60284ABD6012689A4293D8264B304665
:109B00001968FFF7F5FE8DE7142B0AD9542B1FD8DF
:109B10000B0B03F16F0003F16E02C300B1E71944B0
:109B20008DE703F15C0003F15B02C300A9E741F09C
:109B30000103C7E90455C5E902006B60695071E78C
:109B400079689210012404FA02F20A437A60A6E7C7
:109B5000B3F5AA7F06D8CB0B03F1780003F17702A7
:109B6000C3008EE740F25452934206D88B0C03F1A7
:109B70007D0003F17C02C30083E74FF47E737E22F5
:109B80007FE741F001036B60CCF800104AE700BFAB
:109B9000E8E70020F4EB0020D8010120012B2DE99B
:109BA000F84F40D0242B98463DD84C4D8E467646F3
:109BB0001EF801BB15F80B4014F00804F7D1BBF1F7
:109BC0002D0F72D0BBF12B0F08BF9EF800B06FF0C5
:109BD000004908BF06F1020E002B42D0102B57D0CF
:109BE000B9FBF8F700252E4608FB179A05E033D09D
:109BF00008FB06C601251EF801BBABF1300CBCF119
:109C0000090F06D9ABF1410CBCF1190F12D8ABF119
:109C1000370C634517DDB5F1FF3FECD0B742E6D214
:109C20004FF0FF35E7E7FDF705FD16230360002041
:109C3000BDE8F88FABF1610CBCF1190F03D8ABF1A3
:109C4000570C6345E7DC6B1C27D08CB90AB1A5BB68
:109C500011603046BDE8F88FE245C9DA4FF0FF35B4
:109C6000C9E7BBF1300F05D04FF00A084346B7E70C
:109C70007642EBE79EF8003003F0DF03582B21D14A
:109C80004FF010089EF801B043460EF1020EA7E710
:109C9000BBF1300F1AD09846A2E72223036072B1BD
:109CA0000EF1FF314E461160D3E79EF800B04FF041
:109CB000004906F1020E01248EE7B146F0E74E4658
:109CC0003046C7E74FF00808434689E79EF8005042
:109CD00005F0DF05582DD3D0984681E7F109002023
:109CE000FFF75CBF2DE9F04707464C480E46354666
:109CF00016F801EB10F80EC01CF0080CF7D1BEF1FD
:109D00002D0F5AD0BEF12B0F03BF96F800E064462A
:109D1000AE1C64465BB1102B54D04FF0FF38B8FB3B
:109D2000F3F803FB08FA6FEA0A0A994608E0BEF165
:109D3000300F5AD00A23DFF8E8804FF0050A994621
:109D40000025284605E02CD009FB00C0012516F8A7
:109D500001EBAEF1300CBCF1090F06D9AEF1410CAC
:109D6000BCF1190F0BD8AEF1370C634510DDB5F11E
:109D7000FF3FECD04045E6D94FF0FF35E7E7AEF1C5
:109D8000610CBCF1190F03D8AEF1570C6345EEDC42
:109D90006B1C0BD004B140420AB165B91160BDE83B
:109DA000F087D445D0DD4FF0FF35D0E722233B606C
:109DB0002846002AF3D0711EF0E796F800E001244F
:109DC000AE1CA7E7BEF1300F21D1307800F0DF00E4
:109DD000582816D14FF0100996F801E04FF00F0AFD
:109DE00002366FF070484B46AAE7337803F0DF0382
:109DF000582BEFD008234FF0070A6FF060489946C0
:109E00009EE799466FF070484FF00F0A98E74FF0C1
:109E10000F0A6FF07048994692E700BFF1090020E1
:109E200099999919FFF75EBF10B4054C8446134603
:109E300020685DF8044B0A466146FFF753BF00BF38
:109E400004EC00202DE9F047DFF8748006468946CF
:109E5000174603F059FAD8F8005055B199F8003078
:109E60001C4673B14C4602E014F8013F3BB13D2B58
:109E7000FAD1304603F04EFA0020BDE8F087A4EB9B
:109E8000090428680028F4D022464946FCF7AAFCB9
:109E900028B92B681A5D3D2A03EB040A04D055F853
:109EA000040F0028F0D1E4E7D8F80030EB1A9B103B
:109EB00030463B6003F02EFA0AF10100BDE8F0875E
:109EC0004CEE002000B583B001AAFFF7BBFF03B042
:109ED0005DF804FB2DE9F04F85B01F46574B03900A
:109EE0008A4600920D462A4615F8014B1E5D16F073
:109EF0000806F8D12D2C75D02B2C05BF2C78029696
:109F00000296951C4FF0FF366FF0004B2FB1102FCB
:109F10006FD0B8464FEAE77905E0302C74D04FF0A7
:109F20000A08B946474642464B4630465946FCF772
:109F3000ADFA0023019284460A461846194611E0FC
:109F40008A4208BF84453DD000FB09F308FB01337A
:109F5000A0FB08010B441EEB000043EBEE71012354
:109F600015F8014BA4F1300EBEF1090F06D9A4F18A
:109F7000410EBEF1190F0CD8A4F1370E774511DD53
:109F80005C1CEDD0844572EB0103D9D24FF0FF3356
:109F9000E6E7A4F1610EBEF1190F03D8A4F1570E44
:109FA0007745EDDC5A1C13D0029A12B1404261EBA6
:109FB0004101009A1AB1A3BB009BC3F800A005B0F1
:109FC000BDE8F08F019B7345BEDA4FF0FF33C7E762
:109FD000039A22231360009B33B305F1FF3A304606
:109FE0005946E9E701232C780293951C4FF0004B6A
:109FF0008CE7302C04D12B7803F0DF03582B08D0EA
:10A00000B8464FF000098EE72B7803F0DF03582B9A
:10A010000FD14FF010086C784FF000090235474619
:10A0200081E706468B46D8E73046594605B0BDE87D
:10A03000F08F4FF00808B946474674E7F109002051
:10A04000FFF748BF71B1034600EB010C01E0634527
:10A0500006D01A46013311780029F8D1101A70473A
:10A06000181A7047084670472DE9F04F85B08B46A7
:10A070000192624A03901E460D46294615F8014B8F
:10A08000135D13F00803F8D12D2C00F082802B2CE7
:10A0900003BF2C7802938D1C0293BEB1102E7DD08D
:10A0A0004FEAE67A324653464FF0FF304FF0FF3129
:10A0B000FCF7ECF932460746884653464FF0FF302E
:10A0C0004FF0FF31B146FCF7E1F90AE0302C79D0CE
:10A0D0004FF00A09DFF82881B24605224FF0993780
:10A0E0004E464FF0000C6046614611E0414508BF06
:10A0F000B8423ED000FB0AF409FB0141A0FB090471
:10A100002144181841EBE3714FF0010C15F8014B95
:10A11000A4F13003092B05D9A4F14103192B0DD863
:10A12000A4F137039E4211DDBCF1FF3FEED0874220
:10A1300078EB0104DAD24FF0FF3CE7E7A4F16103CA
:10A14000192B03D8A4F157039E42EDDCBCF1FF3F6D
:10A1500014D0029B13B1404261EB4101019B2BB132
:10A16000BCF1000F12D1019BC3F800B005B0BDE8EF
:10A17000F08F9342BEDD4FF0FF3CC7E7039A2223E6
:10A180001360019B60466146002BEFD005F1FF3B59
:10A19000E9E701232C7802938D1C7EE7302C23D134
:10A1A0002B7803F0DF03582B1BD14FF010096C788C
:10A1B0000F2202354FF0FF376FF070484FF0000A62
:10A1C0004E468EE72B7803F0DF03582BEDD04FF08F
:10A1D0000809B24607224FF0FF376FF060484E463D
:10A1E0007FE74FF0000A5DE70F224FF0FF376FF077
:10A1F0007048B1464FF0000A73E700BFF109002034
:10A2000099999919FFF730BF38B50C46084D844627
:10A21000114620461A4600232B606446F9F7B6F82B
:10A22000431C00D038BD2B68002BFBD0236038BD09
:10A230005C05012038B50C46084D84461146204681
:10A240001A4600232B606446F9F792F8431C00D0AD
:10A2500038BD2B68002BFBD0236038BD5C05012086
:10A260000048704708E600200EB410B583B005AB77
:10A27000064C53F8042B01930146206801F09AFD27
:10A2800003B0BDE8104003B0704700BF04EC0020ED
:10A29000002100F001B800BF10B500F04BF90446F2
:10A2A00000F01CF8A0F11A03DBB2022B06D9A4F1CE
:10A2B000090004288CBF0020012010BD012010BD22
:10A2C00049B1FF2A02D80A70012070478A2303602F
:10A2D0004FF0FF3070470846704700BF154B98425B
:10A2E00023D870B5144E4FF0000E40F6DB0403E0A7
:10A2F00002F1010EA64516DC04EB0E0222F001036A
:10A3000003EB620306EB4303521059785D88B3F800
:10A3100004C041EA05218C446045E9D8884206D250
:10A32000541EA645E8DDFF2070BDFF207047187859
:10A3300070BD00BFEF010E004426002038B5074D68
:10A340000022044608462A60F8F7F8FF431C00D0B4
:10A3500038BD2B68002BFBD0236038BD5C05012085
:10A360002DE9F84380460F4616464FF00009D6E91E
:10A370000154013D11D4A389012B05F1FF3508D902
:10A38000B4F90E300133214603D04046B84749EABC
:10A3900000096B1C04F16804EDD13668002EE6D18B
:10A3A0004846BDE8F88300BF0EB410B59FB021AC9D
:10A3B0004FF4017154F8042B0192ADF81C10049075
:10A3C0000890FEF7F7FF059009900B480B490C9198
:10A3D00000234FF6FF7C10931593019A0068ADF8A7
:10A3E0001EC0234604A9039400F070F91FB0BDE815
:10A3F000104003B0704700BF04EC00209506020037
:10A40000022932D00329C0F307231DBFA0F1800227
:10A4100083F08003D2B2C2B203F15001C9B21F2946
:10A4200006D84CF6D371884269D94FF0FF30704797
:10A4300003F13001C9B224290ED84FF2A641884257
:10A44000F3D8D03BC3EBC313A2F1A10000EB430050
:10A45000304A32F810007047A13B072BE5D8DFE8FF
:10A4600003F0483E342E29252119C2B29E2AC0F39A
:10A4700007210BD92332D2B280239F2994BF703990
:10A48000503103EB410303F0FF03C5E77E3AD2B23C
:10A490007F23F2E7C02AC8D81F4BA2F1A10033F8EE
:10A4A00010007047F12AC0D81C4B19E0D82ABCD83C
:10A4B0001B4B15E0F62AB8D802F540507047F32A36
:10A4C000B3D802F53E5020307047164B134413F8B2
:10A4D000A13C002BA9D002F57E4060307047124BA2
:10A4E000A2F1A10033F81000002808BF4FF0FF30A0
:10A4F00070470E4BA2F1A10033F810007047B03B3B
:10A50000C3EBC313A2F1A10000EB4300084A32F8E9
:10A51000100070476C5B0020980E0020F40D0020A6
:10A52000840D0020280D00206C0C0020B00B0020B2
:10A53000E40E002038B50546B9B101F5957412490D
:10A540002046FEF72BF828B928460121BDE83840FF
:10A55000FFF756BF0D492046FEF720F838B92846C8
:10A560000221BDE83840FFF74BBF094CE7E7094936
:10A570002046FEF713F828B928460321BDE83840E5
:10A58000FFF73EBF284638BD040B0020080B002013
:10A59000A6E70020100B002038B54B1C1AD0938979
:10A5A0001446126B23F02003A381CDB2AAB16268D6
:10A5B000636B9A4209DA23685A1E226003F8015C31
:10A5C000636801336360284638BD214602F05AFFB4
:10A5D0000028F0D04FF0FF35F5E7236922682BB152
:10A5E000934203D212F8013CAB420FD06168E163A1
:10A5F0002346A26304F1400103226263216303F84E
:10A60000425F0122C4E90032284638BD6368013A3E
:10A610000133C4E90023D6E72DE9F04F85B0CDE939
:10A62000023202FB03F30E9C0193A3B3D4F804A0FF
:10A63000019B53458B4646D9A046019D58F8401BC7
:10A640000746002652465846F8F7E2FC2368226B7C
:10A650005344A946C4E9003611463846D344A5EB15
:10A660000A05E2B1424501D0FFF792F9E36B266398
:10A670006360A3B1A16B2160AB429A46E2D3029B17
:10A6800001932A465846F8F7C3FCD4E90032521B1E
:10A690002B44C4E90032019805B0BDE8F08F019A5F
:10A6A000039B5244A2EB0902B2FBF3F30193A3898B
:10A6B0002269019843F02003A3810023C4E9002309
:10A6C00005B0BDE8F08F21681D46D8E72DE9F04FB1
:10A6D0002DED028BE3B08846B1F90C1002AF824633
:10A6E000880491463B6209D4D8F8643041F40051A3
:10A6F00023F40053A8F80C10C8F8643000231C465B
:10A700000822194607F140007B61A346FDF726FCAD
:10A710003C63BC61FC62BC62A84BD3F8E440FDF72B
:10A720002FFF07F140020346009207F13C014A4621
:10A730005046A047041E38DBFB6BA1442646002B85
:10A7400000F0C180012C3ED0252B46D0002CE3D058
:10A75000A9EB0606D8F8043008F140021946134662
:10A76000751E4A469946002940F3BD80D8F800304E
:10A77000697893F800E0A81C0BEB000C8E4503F100
:10A780000103A0EB060005F10105ACEB060C40F05F
:10A790009A80D8F80410C8F800300139A042C8F8EF
:10A7A0000410E0DB9146E346B6E74FF6FD7308225E
:10A7B000002107F14000FB63FDF7D0FBFB6B09F1C3
:10A7C0000109002B7FD07E4AD25C110700F1B780CF
:10A7D000252B40F0A28001242646002599F8002070
:10A7E0007D63A2F1250309F10101552B6BD8DFE848
:10A7F00013F09B026A006A006A006A008F026A0016
:10A800006A006A006A006A00D800D800D800D80040
:10A81000D800D800D800D800D800D8006A006A0054
:10A820006A006A006A006A006A006A006A00380208
:10A830003F026A006A006A006A006A006A006A00F1
:10A8400098006A006A00BE016A006A006A00580245
:10A850006A006A006A006A00E9006A006A004F0242
:10A860006A006A006A006A006A006A006A00990267
:10A870004E086A006A006A007502810298006A0048
:10A880001E022A0263029D0248026A006A004C020C
:10A89000A00088026A006A00E9006A00A000D8F8F7
:10A8A0001010B8F80C300022C8E9001243F0200361
:10A8B000A8F80C30BB6A002B01F03180B8F80C30DE
:10A8C0005A0601F12C803B6B2BB13B6B1D6815B117
:10A8D0002846FCF795FFB86A07F5C277BD46BDEC80
:10A8E000028BBDE8F08FD8F8303050461946002B67
:10A8F000D5D04B4503D07A63FFF74AF87A6BD8F886
:10A900003C30C8F804300021C8F83010002BC6D005
:10A91000D8F83830C8F800302AE709F1FF360124AA
:10A9200018E72A07CFD199F8012045F0020589469A
:10A9300057E72B07C7D199F80120894651E7D8F886
:10A94000042008F14005002410E0D8F800301A78FF
:10A950001B498A5C120703F101037FF5DDAED8F8CD
:10A960000420013AC8E900320BF1010B002AECDCAB
:10A97000D8F8303050461946002B00F0D987AB424A
:10A9800001D0FFF705F8D8F83C30C8F83040C8F8D7
:10A990000430002B00F0CC87D8F83830C8F80030ED
:10A9A000D5E715F08F0F8ED17B6B03EB830302EBA2
:10A9B0004302A2F130037B63BDE700BF7CE60020C9
:10A9C000F1090020F96145F40075B84B7B61102353
:10A9D000FB620324D8F80430002B40F3D68015F036
:10A9E000400600F0F080022C00F0AD81032C00F056
:10A9F0002683012C00F036827E6B012E38BF0126A3
:10AA000015F0010400F0838415F010037B6240F020
:10AA10003A862A0640F1B587D7F8209059F8043BCA
:10AA20003B61002B3FF44FAF8020FCF7E1FE054671
:10AA3000002801F001813B6918603B6BDC889A8833
:10AA4000944280F0858618683B6940F824303B6B5F
:10AA5000C7F820900134DC802023BD60FB60D7F86C
:10AA60001890C7F834B00024FDF78AFDA0423FF4E7
:10AA700021AFD8E9001307F1580211F8010B105566
:10AA8000013BB9F1030F04F1010BC8E9001307F111
:10AA9000500402D12268042A04D008220021204652
:10AAA000FDF75CFA00945B4607F1580229465046D0
:10AAB000FDF78EF9B0F1FF3F81463FF4FBAE78BB66
:10AAC0007B6A03B92B607B6B5B447B63013E7B6AD3
:10AAD0004BB93B6933B1BB68EC1AFB68B3EBA40F0D
:10AAE00040F2C4840435D8F80430002B4FF0000441
:10AAF0001FDD002EB8D1D7F834B0C7F818903B69E5
:10AB000033B1BB68E91AFB68B3EBA10F00F2FD8615
:10AB10007B6A13B9BB6A0133BB62D7F81C90FBE5B3
:10AB200010F1020F40F00481D8F8041000295C46AF
:10AB30009ADCD8F83010002900F0A98708F140030A
:10AB4000994202D05046FEF723FF0023C8F8303068
:10AB5000D8F83C30C8F80430002B00F09887D8F8BB
:10AB60003830C8F80030002E7FF47EAFC3E7F961BB
:10AB700045F001054D4B7B610823FB62D8F804309A
:10AB8000002B4FF003043FF72AAFD8F8301000290C
:10AB90003FF485AE08F14003994202D05046FEF7DB
:10ABA000F7FED8F83C30C8F804300022C8F830204E
:10ABB000002B3FF474AED8F83830C8F8003015F0E8
:10ABC00040067FF410AFD8F8002039491378CB5CE9
:10ABD00018077FF508AF08F1400908E00132C8F80E
:10ABE000002033491378CB5C19077FF5FCAED8F809
:10ABF0000430013B002B0BF1010BC8F80430EDDCF5
:10AC0000D8F8303050461946002B3FF448AE4B453B
:10AC100001D0FEF7BDFED8F83C30C8F83060C8F867
:10AC20000430002B3FF43BAED8F83820D7E72B0791
:10AC30007FF449AE99F801206C2A00F0068645F0B1
:10AC400001058946CDE515F08F037FF43CAE3A6BE4
:10AC5000002A00F0A08699F8012045F08005894679
:10AC6000BFE5F96145F0010545F040050024B1E676
:10AC7000F96145F001050F4B7B610A23FB62032458
:10AC8000A8E6F96145F408759FE6F9610224A1E69A
:10AC900007F18000FEF7FCFB45F04005F861012458
:10ACA00098E6F96145F00105022493E6B13B020004
:10ACB000F10900206D3A0200E806F9613FF52DAF79
:10ACC0002A0700F100866B0740F18787D7E90793D1
:10ACD00053F8042B3B62A2F800B01DE528077FF46F
:10ACE000F2AD99F80120682A00F0B78545F0040517
:10ACF000894676E5584B7B610023F961FB620324AA
:10AD000068E6564B7B610A23F961FB62032461E626
:10AD10007B6B2B437B637FF4D6AD99F80120102524
:10AD200089465EE5F9619FE789460FE5F96121E70C
:10AD30007B6B03285B447B637FF4C8AE2368042BE2
:10AD40007FF4C4AEC3E67B6B002B08BF4FF0FF332C
:10AD5000E8077B6340F11C8315F010037B6240F031
:10AD6000E484290640F103863E6A56F8049BB9F153
:10AD7000000F3FF4A8AD8020FCF73AFD05460028FF
:10AD800000F05A873A6BC9F80000D48893889C4237
:10AD900080F00C8510683B6B40F824900134DC8017
:10ADA00020233E62FD603B61D8F800302C4A1B78BE
:10ADB000D35C13F0080440F08083BE69C7F80890A4
:10ADC000D146A246FDF7DCFB50453FF473ADD8E910
:10ADD000003207F1580013F8011B00F80A10013A7D
:10ADE000032EC8E900320AF1010A07F1500402D12A
:10ADF0002368042B04D0082200212046FDF7AEF87A
:10AE000007F158020094534629464846FCF7E0FFF4
:10AE1000421C06463FF44EAD002840F037832860C0
:10AE2000FFF736FA002840F05D85D3447B6B013B89
:10AE30007B637B6A002B40F07786BB680435002B70
:10AE400000F07286FB68EC1A3B69B3EBA40F40F28A
:10AE5000FC86D7F824A01CE36D3A0200B13B020047
:10AE6000F10900207B6B002B08BF4FF0FF3315F07A
:10AE700001067B6300F0BC8115F010033B6140F0DC
:10AE80005C84280640F163853D6A55F8043BFB600D
:10AE9000002B3FF418AD8020FCF7AAFC8146002867
:10AEA00000F0CA86FB683A6B1860D48893889C428D
:10AEB00080F092841068FB6840F824303B6B3D6260
:10AEC0000134DC802023C7F808907B60BE69C7F896
:10AED00024B00025FDF754FBA8423FF4EBACD8E9C1
:10AEE000003207F1580013F8011B4155013A032EB7
:10AEF000C8E9003205F1010507F1480B03D1DBF881
:10AF00000030042B04D0082200215846FDF726F813
:10AF10004946CDF800B02B4607F158025046FCF7E1
:10AF200057FF411C06463FF4C5AC00285CD1C9F868
:10AF30000000044607F15003082200211846BB61B7
:10AF4000FDF70CF89049BB69D1F8E0102246504655
:10AF50000C4607F13801A047012868D0002207F10C
:10AF600080039B5C002B00F0C9857B6A032E2B4479
:10AF70007B625FD07B6B013B7B633B695BB9FB68AA
:10AF800009F104093BB1BB68A9EB03057B68B3EB8E
:10AF9000A50F40F2AF82D8F80430002B4FF0000527
:10AFA0002ADD7B6B002B95D1D7F824B0BE613B69BD
:10AFB000002B7FF4B2ADC9F80030FB68002B3FF4E2
:10AFC000A9ADBB687A68A9EB03018B1001339A42E3
:10AFD0007FF6A0ADFC6804312068FDF781FD0028F4
:10AFE0003FF498AD206095E5821C40F08E86D8F83D
:10AFF0000430002B3FF76EAFD8F83010002900F076
:10B00000658508F14003994202D05046FEF7C0FC26
:10B010000023C8F83030D8F83C30C8F80430002B92
:10B0200000F05485D8F83830C8F80030B9E797F800
:10B03000382094E7DBF80030042B9BD19DE77A6B36
:10B04000531E262B40F26081A2F127033B61272388
:10B050007B634FF0000908F140034E467B624B468C
:10B06000D7F8349045F4586407F15805D8F8001023
:10B0700091F800E0AEF12B0CBCF14D0F3CD8DFE8AD
:10B080000CF07D3B7D3B3B8F696969696969698724
:10B09000873B3B3B3B3B3B3B2727272727273B3B2C
:10B0A0003B3B3B3B3B3B3B3B3B3B3B3B3B3B3B71BA
:10B0B0003B3B3B3B3B3B3B3B2727272727273B3B58
:10B0C0003B3B3B3B3B3B3B3B3B3B3B3B3B3B3B719A
:10B0D000FA6A0A2A10DD24F4386405F801EBD8F87E
:10B0E000040001380028C8F8040067DD0131B9F117
:10B0F0000109C8F80010B9D19946E10509D507F151
:10B1000058039D4200F2478207F158039D423FF4E5
:10B11000DAAB14F0100214D1FB6A7E692A7007F1D1
:10B1200058015046B047A20600F1F481230740F1D0
:10B1300067833B6A53F8042B3B621070BB6A013390
:10B14000BB6207F15803ED1A4D44AB44D7F81C908D
:10B15000FFF7E2BAFA6A0D4830F91220FA6224F4D5
:10B160003864BAE704F4C06CBCF5007FC4D124F4A1
:10B170000074102244F4A064FA62AEE72006BBD546
:10B1800024F08004A9E700BF7CE600201026002000
:10B19000F86AB44A32F91000F86208289BDCABE781
:10B1A00020059AD5FA6A1AB9082244F40074FA62A2
:10B1B000620540F1CD8124F4B0648EE7D8F83010F8
:10B1C000002900F0CC84786A814205D050467B6328
:10B1D000FEF7DEFB7B6B0026D8F83C10C8F8306029
:10B1E000C8F80410002900F0BA84D8F838107EE7B7
:10B1F000EB0600F14E8215F0800400F0B2833C6A49
:10B2000054F8045B3D61002D3FF45DAB2020FCF75A
:10B21000EFFA0646002800F0F0843B6B2860B3F894
:10B2200006909A88914580F0AB8218683B6940F897
:10B2300029303B6B3C6209F10109A3F806902024F8
:10B24000D8F8001007F180090B7819F80330002BAB
:10B250003FF439AB08F1400308EE10AAC7F80CB070
:10B26000D7F810A07B62CB463546D7F834903246EB
:10B2700007E0D8F8001008781BF80000002800F05C
:10B280004F81D8F804000138C8F80400481CC8F8F9
:10B290000000097802F8011BBAF1000F02D0561B1A
:10B2A000A64224D2B9F1010900F03A81D8F804107D
:10B2B0000029DEDCD8F83010002900F038847B6AE1
:10B2C000994205D018EE100A7A63FEF761FB7A6B9B
:10B2D000D8F83C10C8F804100023C8F83030002912
:10B2E00000F02584D8F83810C8F80010C3E76400CF
:10B2F00028462146FDF7F4FB0546002800F07D8432
:10B300008219CAF80000CDE700233B61A1E6EB06F5
:10B3100000F17E812C0640F125813B6A53F8045BE5
:10B320007D627B63002D3FF4CEAA3046FCF760FAC5
:10B330000446002800F061843A6B2860B2F8069059
:10B340009388994580F0A68215687B6A45F8293074
:10B350003B6B09F101091FFA89F9A3F80690214610
:10B36000CDF80080334601225046FFF755F90446D8
:10B37000002800F0C084864240F203817D6A2146A5
:10B380002868FDF7ADFB002800F0FB802860F8E09E
:10B39000E90600F12F8315F0800400F04C823C6A2E
:10B3A00054F8043B7B62002B3FF48DAA2020FCF76D
:10B3B0001FFA0646002800F02084396B7B6AB1F83A
:10B3C00006908A881860914580F0ED8008683A6B95
:10B3D00040F8293009F10109A2F806903C624FF0CB
:10B3E0002009D8F80000204902788A5C12F008028F
:10B3F00040F0AC8108F140013A61344679625A4626
:10B40000D8F804100139C8F80410411CC8F800101D
:10B41000017806F8011B23B1A6EB040BCB4580F0A5
:10B420002482796B013979630BD0D8F80410002994
:10B4300040F3C282D8F800000B4D0178695C0D071B
:10B44000DED5311B93468B4401310022327013B19B
:10B45000894500F2A782BB6AD7F81C900133BB6212
:10B46000FFF75AB910260020F1090020B868D9006A
:10B47000FDF736FBB860002800F0DE83FB683A6910
:10B480005B0005191060FB60FFF72CBB831C40F0CC
:10B490004584D8F80430002B40F38583D8F8003079
:10B4A0001B78B64AD35C180703D47B6B002B7FF460
:10B4B00089ACCA46D7F80890BE617B6A002B7FF43E
:10B4C0002CAB2B60B9F1000F3FF424ABFB683A6959
:10B4D000E91A8B1001339A427FF61CABD9F80000B1
:10B4E0000431FDF7FDFA00283FF414ABC9F8000061
:10B4F000FFF710BBB868D9001C46FDF7F1FAB86039
:10B50000002800F09983FA68630000EB05091060D9
:10B510007B6040E53B6A53F8042B10603B620DE60C
:10B52000D7F80CB018EE10AA1646751B3FF4CBA93D
:10B53000002333703B691BB1691C8C4200F2BD8251
:10B54000BB6AD7F81C900133AB44BB62FFF7E4B889
:10B550003A6924F460741AB1013A3A6109F10109B7
:10B560000133BCE53D6A33462968CDF800800122ED
:10B570005046FFF751F8044600283FF49BA90435D4
:10B580007D63BB6AD7F81C900133BB627B6B3B6267
:10B59000A344FFF7C1B815F8011C42465046013DCF
:10B5A000FEF7FAFFB0E54FF6F6718A4200F27183BA
:10B5B0003B623B6B08321D6892B2910028467A626A
:10B5C000FDF78EFA58B13B6B7A6A9A8018603B6A35
:10B5D000FDE63B6BDB881A463B6B1D689146B9F173
:10B5E000000F0DD000242E1FA04656F8043F186807
:10B5F000FCF706F9013433684C45C3F80080F4D1F8
:10B600004FF0FF33BB62002D7FF462A9FFF763B9EF
:10B61000D8E90012964240F33A83D8F83030C7F8A0
:10B6200024B008F1400925461144C8F800107C6395
:10B63000B346194650461444B61A002B00F09F82B8
:10B640004B4501D0FEF7A4F9D8F83C20C8F830509B
:10B65000C8F80420002A00F09282D8F83810C8F800
:10B66000001096424FF00003DEDC7B6B5C46D7F89F
:10B6700024B01C44921B3144C8E90012D7F81C9036
:10B68000A344FFF749B80025C7E902553D61FFF71C
:10B69000E6B9D8F8003007F180091A7819F80220C5
:10B6A000002A3FF410A901337A6BC8F80030D8F8AB
:10B6B0000430012A03F1FF33C8F80430DED008F16A
:10B6C0004005C7F834B0AB46154613E0D8F8003053
:10B6D000197819F801100133002900F0B380C8F877
:10B6E0000030D8F804300134013BAC42C8F80430D3
:10B6F00000F0A880002BE9DCD8F83030504619461D
:10B70000002B00F089825B4501D0FEF741F9D8F8A3
:10B710003C30C8F83060C8F80430002B00F07C8260
:10B72000D8F83830C8F80030D2E70023C7E903332F
:10B73000994607F13C05FFF737BB0023C7E9013302
:10B74000FB6007F13C039946FFF7C0BB01217CE693
:10B750004FF6F6718A4200F29882083293B23A6B41
:10B760007B6399001068FDF7BBF97B6B00283FF401
:10B7700030AF3A6B93801060FFF766B9F109002093
:10B780004FF6F6718A4200F28482083293B23A6B25
:10B790007B62156899002846FDF7A2F900283FF45E
:10B7A0001EAF3A6B7B6A938010603FE54FF6F672EE
:10B7B000934200F26A823A6B08339BB29900106898
:10B7C0003B62FDF78DF93B6A00283FF402AF3A6B0C
:10B7D00093801060FFF7DFBA4FF6F672934200F2E3
:10B7E000548208339EB23B6BB1001868FDF778F9BC
:10B7F0003B6B00283FF4EEAE9E801860FFF75BBB0A
:10B80000660769D414F001027FF484AEA1077FF5C6
:10B8100081AEC34B796999425046FB6A07F15801E2
:10B8200000F03A82FEF70CFC3B6A53F8042B3B62B3
:10B83000C2E9000182E43B6A53F8046B3B62A14613
:10B840002346CEE5D7F834B018E799F8022045F042
:10B85000020509F10209FEF7C4BF99F8022045F07C
:10B86000080509F10209FEF7BCBF4FEA4909204665
:10B870004946C7E90232FDF733F90446002800F0D3
:10B88000BC81BB68FA68186000EB0B06C9E5F9617A
:10B89000FFF7F1B94FF6F672934200F2FA810833DE
:10B8A0009AB23B6B3A611B683B6218469100FDF708
:10B8B00017F93B6A0546002800F01B823B6B3A698A
:10B8C0009A80186041E53B6A53F8042B3B62894635
:10B8D00082F800B0FEF720BF3B6A53F8042B3B62AE
:10B8E00010802BE4BE615646CA46D7F80890002E59
:10B8F0003FF4E3AD013E07F158034246995D5046DF
:10B90000FEF74AFE002EF5D1D7E53C692068FDF729
:10B91000E7F800283FF4FCA82060FFF7F9B83B6B7C
:10B92000002B00F08D813B6B1D68B3F8069056E646
:10B93000B8F80C3043F02003A8F80C30D8F81030D9
:10B94000C8F800300023C8F80430FEF7E5BE3B6AB3
:10B950003A6953F8049B7A60C7E902223B62FFF719
:10B96000B5BA3B6A3C6153F8046B3B6268E4D7E9C3
:10B97000083253F8045B3A613B62FA609146FFF784
:10B9800013BAD7E9083253F8045BFA603B62BA6035
:10B990003A61FFF764B882B0CDE9023302AB3B6392
:10B9A000FFF759B918687B63FDF79AF800283FF450
:10B9B00052AD7B6B18604EE5D8F83010002900F0CE
:10B9C0006E81786A814206D05046C7E90232FDF79F
:10B9D000DFFFD7E902323969C8F83010D8F83C10D7
:10B9E000C8F80410002900F05A81D8F83800C8F8C7
:10B9F000000021E5D8F800304A491A788D5C15F02E
:10BA000008057FF48AA801337A6BC8F80030D8F8AB
:10BA10000430012A03F1FF33C8F8043008BF0BF1EA
:10BA2000010B3FF47AA8D7F83490012408F14006BE
:10BA300012E0D8F800301A783A498A5C120703F10C
:10BA4000010358D4C8F80030D8F804300134013B61
:10BA50004C45C8F804304ED0002BEADCD8F8303022
:10BA600050461946002B00F00081B34201D0FDF78B
:10BA70008FFFD8F83C30C8F83050C8F80430002B9D
:10BA800000F0F380D8F83830C8F80030D3E7B8F8C1
:10BA90000C30D7F834B0C7F8189043F02003A8F85A
:10BAA0000C30D8F81030C8F800300023C8F8043043
:10BAB000002C3FF424A8FEF7FDBE18681C46FDF7D5
:10BAC0000FF800283FF43CAD206039E5B8F80C30A1
:10BAD000D7F824B0BE6143F02003A8F80C30D8F8A2
:10BAE0001030C8F800300023C8F80430002D3FF4AF
:10BAF0005EAAFEF7DFBEA344FFF70FB8D7F824B065
:10BB0000BE61002D3FF453AA013D07F158034246A0
:10BB1000595D5046FEF740FD002DF5D1FFF747BABD
:10BB2000B13B0200F10900204FF0000AB1E4B8F87F
:10BB30000C30D7F80CB043F02003A8F80C30D8F83C
:10BB40001030C8F80030AA424FF0000318EE10AAD7
:10BB50001646C8F804307FF4E8ACFEF7ABBE994651
:10BB6000B8F80C3043F02003A8F80C30D8F81030A7
:10BB7000C8F800300023C8F80430FFF7BEBAB8F8A0
:10BB80000C30D7F824B043F02003A8F80C30D8F8D4
:10BB90001030C8F800300023C8F80430002C7FF4BF
:10BBA0006DADFEF787BED8F83010002900F08A800E
:10BBB00008F14003994202D04846FDF7E9FE002310
:10BBC000C8F83030D8F83C30C8F80430002B79D0B1
:10BBD000D8F83830C8F8003062E4EE0713D4AC0768
:10BBE00011D5D7E9079353F8042B3B624FEAEB7367
:10BBF000C2F800B05360FEF78FBD3B6B03B31D6806
:10BC0000B3F80690EBE4D7E9079353F8042BC2F896
:10BC100000B03B62FEF780BDB8F80C30D7F834B006
:10BC200043F02003A8F80C30D8F81030C8F80030E2
:10BC30000023C8F8043021E53B6B002B7FF4CAAC2D
:10BC40004FF0FF33BB62FEF746BEF868D900FCF741
:10BC500047FFF8600028EFD03B69BA68D7F824A006
:10BC600010605B0005193B6113E4B8F80C3043F039
:10BC70002003A8F80C30D8F81030C8F800300023A2
:10BC8000A344C8F80430FEF748BF2246A4E4344673
:10BC9000F0E43B6B1D68A2E4FEF7B4FAC4E59346FA
:10BCA000B8F80C2042F02002A8F80C20D8F8102098
:10BCB000C8F80020311B00228B44C8F80420013151
:10BCC000FFF7C3BBB8F80C20BE6142F02002A8F811
:10BCD0000C20D8F81020C8F8002056460022CA468A
:10BCE000C8F80420D7F80890002E7EF4E3ADFFF7E3
:10BCF000E4BB1D4673E4BB6A002B3FF470ACB8F89C
:10BD00000C305B067EF5E1AD0DE6D9F800301C463F
:10BD100001337FF40FA92246FFF721B92868FEF707
:10BD2000B7FA00287FF4DEAD032ED3447FF47EA85B
:10BD30002368042B7FF47AA8FFF77BB82DE9F84F2E
:10BD40004B6E9C0490462DD59368126843B38B4686
:10BD5000064602F1080959E9025A5FEA9A0715D026
:10BD6000043D002401E0A7420ED055F8041F5A46B6
:10BD7000304601F053FB431C04F10104F3D10023CE
:10BD8000C8E90133BDE8F88FD8F808302AF0030A73
:10BD9000A3EB0A03C8F8083009F10809002BDAD12F
:10BDA0000020ECE701F0AAFB0023C8E90133BDE85D
:10BDB000F88F00BF2DE9F04F2DED028BC5B00DF1CE
:10BDC000500A834608EE101A1646002108225046F3
:10BDD0001C460793FCF7C2F8BBF1000F04D0DBF858
:10BDE0003430002B00F0A08618EE102A536EDB07CB
:10BDF00040F11385B2F90C108AB295040BD418EEF9
:10BE0000103A41F4005199815B6E8AB218EE101A13
:10BE100023F400534B66100740F1058118EE103AE9
:10BE20001B69002B00F0FF8002F01A030A2B00F0C0
:10BE30000A810023CDE91933CDE90D331BAA0C93F8
:10BE4000189291460B930593B0464446A84BD3F8FD
:10BE5000E450FCF795FB2246034612A9CDF800A05A
:10BE60005846A847002800F04581C0F23981129A4F
:10BE7000252A034601D01C44E8E7B4EB0806054632
:10BE800040F03C81002361788DF8433004F10108D3
:10BE900006934FF0FF371E462B2408F10108A1F14D
:10BEA00020035A2B00F27881DFE813F0B502760107
:10BEB0007601B0027601760176016A00760176019C
:10BEC0007D028D02760188029702760192025B0064
:10BED0005B005B005B005B005B005B005B005B008A
:10BEE000760176017601760176017601760176019A
:10BEF00076015C0284007601760176017601760196
:10BF000076017601760176017601E8007601760108
:10BF1000760133027601DA02760176018B0576012D
:10BF20007601760176017601760176017601760159
:10BF300076015C028600760176017601CD028600EC
:10BF40007F007601C0027601FD02EA00ED027F006B
:10BF5000760133027C006905760176016B05760176
:10BF60007C00A1F13003002218F8011B02EB8202D1
:10BF700003EB4202A1F13003092BF5D906928EE7BB
:10BF80005846FCF703FB43680D931846FDF712FA79
:10BF90000E9005465846FCF7F9FA83680B93002D7E
:10BFA00040F0D68498F8001077E798F8001046F033
:10BFB000200672E746F01006B40640F18E81079B1A
:10BFC000073323F007031A46596852F8083B0792D3
:10BFD0000A460029C0F27084791C00F0A28526F080
:10BFE0008001039153EA020100F03F840A2B72F1B1
:10BFF000000180F0418530338DF80F31039E01231D
:10C0000004930DF20F14049BBB42B8BF3B4603934D
:10C01000002308939DF84330002B00F0CB80039B56
:10C0200001330393C6E018EE101A584618EE105A62
:10C0300000F040FF002840F05286AA8902F01A035F
:10C040000A2B7FF4F6AE18EE101AB1F90E30002B61
:10C05000FFF6EFAE4B6EDB0702D4970540F1128678
:10C0600018EE101A23463246584600F069FE059035
:10C07000059845B0BDEC028BBDE8F08F46F0100688
:10C0800016F0200200F03681079B073323F00703E8
:10C0900019465A6851F8083B079126F480610391CC
:10C0A000002100208DF84300781C00F010820398D6
:10C0B00020F0800653EA020040F00882002F40F092
:10C0C0003885002940F0D583039B13F001030493C6
:10C0D00000F0118430238DF80F310DF20F1492E728
:10C0E000082200215046FBF739FF01231C44ADE62E
:10C0F0007CE60020B4EB080605461BD0199B1A9A73
:10C1000001333244072BC9E900861A9219931CDDCA
:10C11000002A00F0A68318EE101A18AA5846FFF756
:10C120000DFE20BB0DF16C09059B33440593002DDA
:10C130007FF4A8AE1A9B002B40F0C18518EE103A90
:10C140000022B3F90C30199215E009F10809EBE768
:10C1500018EE101A18AA5846FFF7F0FD002800F054
:10C16000A680089B1BB108995846FDF711FC18EEF4
:10C17000103AB3F90C3018EE102A526E12F0010F7B
:10C180009AB200F0A080500600F1B285059845B043
:10C19000BDEC028BBDE8F08F0029CBD000238DF8D9
:10C1A00043300123CDE903338DF8AC102BAC0023D1
:10C1B00008931F4616F00203099302D0039B023333
:10C1C000039316F084030A9305D1069B039A9D1AE4
:10C1D000002D00F37B82DDE91903411C9DF843200B
:10C1E00082B101220133C9F8042007290DF143026D
:10C1F000CDE91913C9F8002000F34A82084609F175
:10C2000008090131099AE2B111AA0233C9F80020E4
:10C2100007294FF00202CDE91913C9F8042040F3B1
:10C220005082002B00F0438318EE101A18AA5846CB
:10C23000FFF784FD002894D1DDE919030DF16C09A5
:10C24000411C0A9A802A00F08481049ABD1A002DAC
:10C2500000F3D781049AC9F8004013440729CDE9B7
:10C260001913C9F8042040F36E81002B00F0758289
:10C2700018EE101A18AA5846FFF760FD00287FF440
:10C2800070AF1A9B0DF16C09750705D5069A0399D5
:10C29000541A002C00F36B82DDE9052103988142DA
:10C2A000ACBF521812180592002B7FF451AF0899B9
:10C2B00000231993002900F049815846FDF768FBD7
:10C2C0000DF16C09C1E59C053FF55DAF18EE104A14
:10C2D000A06DFCF753F9A28955E7F006079A00F123
:10C2E0001F83710640F1198332F9043B0792DA1774
:10C2F00011466EE616F01003079940F0098316F018
:10C30000400000F001831A4651F8043B07919BB2AC
:10C31000C3E6079B1A4600238DF84330134653F8B3
:10C32000044B0393002C00F01284532900F0658322
:10C3300016F0100540F061837B1C00F0B3843A4690
:10C3400029462046FCF7D6FF0890002800F09F847D
:10C35000031B039A049323EAE3732F460792039384
:10C36000089557E6432902D0F50640F12D83079D35
:10C370000822002116A82BACFBF7F0FD16AB55F8F0
:10C38000042B21465846FBF75BFE0346013304901D
:10C3900000F0B384049B079523EAE373039300231F
:10C3A0008DF8433003E7079B53F8042B0692002ACD
:10C3B00080F29C82069A5242CDE9062398F800103A
:10C3C00046F0040669E598F800108DF8434064E5EE
:10C3D00098F8001046F080065FE5424612F8011B0F
:10C3E0002A2900F09684A1F13003092B90464FF0E2
:10C3F00000073FF654AD18F8011B07EB870703EB66
:10C400004707A1F13003092BF5D948E598F800104A
:10C4100046F0010641E59DF84330002B7FF4C2ADA4
:10C42000202398F800108DF8433036E598F8001076
:10C430006C2903BF98F8011046F0200608F10108A6
:10C4400046F0100629E598F80010682903BF98F80F
:10C45000011046F4007608F1010846F040061CE59C
:10C4600046F010030393039B13F0200200F00682B2
:10C47000079B073323F0070319465A6851F8083B16
:10C48000079101210DE6079A46F00203039352F843
:10C49000043B079247F63002ADF84420B84A0C92AC
:10C4A00002210022FDE5B70600F14882F50600F101
:10C4B0004683740600F1D583B00540F14083079BA5
:10C4C000059953F8042B07931170BEE403960129D4
:10C4D0003FF48CAD022944AC11D10C9803F00F014C
:10C4E0001B09415C04F8011D43EA0273120953EA77
:10C4F0000201F3D1039E44AB1B1B049383E503F0BD
:10C500000701DB0843EA4273D208303153EA0205DF
:10C51000204604F8011DF2D1039EF307EBD5302924
:10C52000E8D03023023804F8013C44AB1B1A039EC8
:10C530000493044667E5049B1B9401221C931A9301
:10C5400019920DF16C0909F108099DE60DF16C09CC
:10C550007BE4069A039D551B002D7FF776AE102DC8
:10C5600040F3BB83099418EE104A07E000F1020C77
:10C5700009F108091046103D102D1EDD8149C9F84A
:10C580000010421C10331021072ACDE91923C9F8E5
:10C590000410EBDD18AA002B74D0214658460DF18B
:10C5A0006C09FFF7CBFB00287FF4DBADDDE9190355
:10C5B000103D102D00F1010CE0DC099C714AC9F816
:10C5C00004502B44BCF1070FCDE919C3C9F8002072
:10C5D00040F39481002B00F01F8318EE101A18AA64
:10C5E0005846FFF7ABFB00287FF4BBAD049ADDE9AA
:10C5F0001903BD1A002D00F101010DF16C097FF73F
:10C6000029AE102D29DD0994102718EE104A07E0F5
:10C6100000F1020C09F108091046103D102D1ADD39
:10C62000421C58491033072AC9E90017CDE91923DC
:10C63000EEDD18AA03B3214658460DF16C09FFF749
:10C640007DFB00287FF48DADDDE91903103D102D31
:10C6500000F1010CE4DC099C61464A4AC9F8045027
:10C660002B440729CDE91913C9F8002000F3E7800E
:10C6700009F108090131EDE54FF0010C18460DF103
:10C680006C09CAE74FF0010C18460DF16C0972E70E
:10C69000002B00F0048118EE101A18AA5846FFF774
:10C6A0004DFB00287FF45DADDDE919030DF16C0948
:10C6B000411CA7E5022311AA1C931B9201210DF135
:10C6C0006C09084609F10809411CBAE5102D40F330
:10C6D000E582DDE919130F94084618EE104A07E0C9
:10C6E00000F1020C09F108091046103D102D1DDD66
:10C6F0002549C9F80010421C10331021072ACDE942
:10C700001923C9F80410EBDD18AA03B321465846D3
:10C710000DF16C09FFF712FB00287FF422ADDDE973
:10C720001903103D102D00F1010CE1DC0F9C604657
:10C73000154AC9F804502B440728CDE91903C9F854
:10C74000002000F3C18009F10809411C46E51846A4
:10C750004FF0010C0DF16C09C7E77607199353D51B
:10C76000069A0399541A002C4EDD0DF16C09102C19
:10C7700040F3B082199918EE106A10250DE000BF41
:10C78000940B0020D4E4002034260020881C09F1FA
:10C7900008091146103C102C1ADD4A1CB34810330E
:10C7A000072AC9E90005CDE91923EFDD18AA33B33B
:10C7B00031465846FFF7C2FA00287FF4D2ACDDE9D3
:10C7C0001913103C102C01F101000DF16C09E4DC8F
:10C7D000A64AC9F8044023440728CDE91903C9F83B
:10C7E00000207FF759AD7BB118EE101A18AA5846F1
:10C7F000FFF7A4FA00287FF4B4AC1A9B4CE50120A3
:10C8000019460DF16C09C5E7DDE9053203998A4245
:10C81000ACBF9B185B18059349E5B2F90C108F0566
:10C8200018EE103A8AB23FF5E8AA18EE105A986D41
:10C83000FBF7A0FEB5F90C108AB2FFF7DEBA002BA9
:10C840003FF479AE18EE101A18AA5846FFF776FA98
:10C8500000287FF486AC19991A9B01310DF16C09FF
:10C86000F8E419920DF16C095EE4002F7FF4C3AB7C
:10C87000039E0027049744ACFFF7C5BB039B13F04E
:10C88000100354D1039A12F0400000F06B81079915
:10C890001A4651F8043B07919BB2012101E4099A21
:10C8A000002A64D1184601210DF16C09C9E4012167
:10C8B00018460DF16C09C4E45B4262EB4202039638
:10C8C0002D200121FFF7EEBB002B00F0888018EE31
:10C8D000101A18AA5846FFF731FA00287FF441AC25
:10C8E000DDE919030DF16C09411C77E498F800109B
:10C8F0000793FFF7D2BA44ACFFF785BB09F10809EB
:10C900000CF101016046A0E416F4007240F097813A
:10C9100051F8043B0791FFF7C0BBB30500F18881D4
:10C9200052F8043B0792DA171146FFF752BB0799FA
:10C9300051F8043B07910121FFF7B3BB079B059812
:10C9400053F8041B0793C217C1E90002FFF77DBA31
:10C950000B9B002B3FF426AB0B9B1B78002B3FF46B
:10C9600021AB98F8001046F48066FFF796BA0223D0
:10C9700011AA1C931B9201200DF16C09A2E60396EB
:10C9800071E53B4B0C9316F0200259D0079B0733FF
:10C9900023F0070318465A6850F8083B0790F4073D
:10C9A00009D553EA020006D08DF84510302146F033
:10C9B00002068DF8441026F4806103910221FFF7EE
:10C9C00070BB2C4B0C93DEE7079B012153F8042B23
:10C9D00003918DF8AC20079304912BACDFE49DF814
:10C9E0004320002A40F03281099A002A7FF462AE87
:10C9F000184601210DF16C0927E40021082216A830
:10CA00001394FBF7ABFA791C00F0BC800025079467
:10CA10002C460CE02BA95846FBF712FB421C204485
:10CA200000F06B81B84208DC00F070810446139A74
:10CA3000525916AB0435002AECD10494079CAFE0A0
:10CA400016F0100307980CD116F0400405D01A46D2
:10CA500050F8043B07909BB2A1E716F4007240F037
:10CA6000E18050F8043B079099E700BF342600208E
:10CA7000940B0020800B00200399049744AC9E4641
:10CA800008EE90BA01F480664FF0000C234606E0F1
:10CA9000BEF10A0F72F1000239D3A6462A46A64912
:10CAA0001EEB020040F100000F46A1FB001424F031
:10CAB000030101EB9401401ABEEB00014FF0CC35AD
:10CAC00062F1000405FB01F507FB0455A1FB0741DA
:10CAD0000D44052704F00101A1FB071B0918640898
:10CAE000303103F8011C44EAC5740CF1010C013B20
:10CAF0006D08002ECCD00B9909786145C8D1BCF1E6
:10CB0000FF0FC5D0BEF10A0F72F100026CD21C46B5
:10CB100044AB1B1B049F039E049318EE90BAFFF7CF
:10CB200072BA0396FFF762BA5846FCF7B3FBFFF7F9
:10CB30005BB9012903967FF4CDACFFF75CBA079B84
:10CB4000059953F8042B11600793FFF77EB9062F60
:10CB50003B46039A794C079228BF0623049303931C
:10CB6000FFF725BB039B079913F4007214BF51F81C
:10CB7000043B51F8043B07911CBF0246DBB2012184
:10CB8000FFF78FBA16AB00930023194613AA584635
:10CB9000FBF7B2FF03460133049000F0AE8013941C
:10CBA000049B002B30D0632B63DC002308932BAC59
:10CBB0000822002116A8FBF7D1F9049D16AB0093BB
:10CBC00013AA2B4621465846FBF796FF854240F0B4
:10CBD000AB80039B049A07930023A3541F4622EAC9
:10CBE000E2730393FFF716BA0E9A0D999B1A184633
:10CBF0000893F9F73DFE0B99089B4A780AB1013179
:10CC00000B914FF0000C48E7039B0793049B0393A1
:10CC10001F460893FFF7FEB9012118460DF16C0974
:10CC2000FFF713BB50F8043B07902246DBB2B6E691
:10CC300012F9043B0792DA171146FFF7CAB951F807
:10CC4000043B07910246DBB2FFF727BA01231C938E
:10CC500001210DF143031B930DF16C090B46FFF706
:10CC6000CDBA079B059953F8042B07931180FFF762
:10CC7000ECB8591C5846FAF7CBFD044600283CD0C6
:10CC8000089095E7886DFBF779FCFFF7E9B9039BFE
:10CC90000793CDE90377089FFFF7BCB919981A9B52
:10CCA000013045E5039B07932046FCF783FB20EA10
:10CCB000E0732F46049003930895FFF7ABB918EE85
:10CCC000101A18AA5846FFF739F800283FF436AA78
:10CCD000FFF74DBA199801307AE58C466EE46B6E19
:10CCE000D90705D4AB899A0502D4A86DFBF746FC99
:10CCF0004FF0FF330593FFF749BA18EE102AB2F947
:10CD00000C3043F040039381FFF735BA079C04973A
:10CD100046E7079B98F8011053F8047B0793904669
:10CD200047EAE777FFF7B9B818EE102A938943F07E
:10CD300040039381FFF715BACDCCCCCCA80B0020D3
:10CD400070B50C468989ADF58E6D21F00201ADF804
:10CD50001410616E1B91E189ADF81610E16909911B
:10CD6000616A0B911CA9029106914FF480610646FD
:10CD70000491079118A80021CDE900320891FBF732
:10CD8000F3FBDDE9003202A93046FFF713F8051E78
:10CD900007DB02A9304600F08DFA002818BF4FF0DB
:10CDA000FF35BDF814305B0603D5A38943F040037B
:10CDB000A3811898FBF7DAFB28460DF58E6D70BD40
:10CDC00082B049B15AB16BB113780B601278101E62
:10CDD00018BF012002B0704701A9002AF3D1104604
:10CDE00002B070476FF00100F4E700BF70B5002992
:10CDF0004BD006460C4610B1436B002B48D0636EF7
:10CE0000D80734D5B4F90C30002B3ED0214630463B
:10CE100000F0B8F9E36A054633B1E1693046984756
:10CE20000028B8BF4FF0FF35A3891A063CD4216B08
:10CE300041B104F14003994202D03046FCF7A8FD0D
:10CE400000232363616C21B13046FCF7A1FD002370
:10CE50006364FCF73DFA636E0022DB07A2811FD5F5
:10CE6000A06DFBF783FBFCF739FA284670BDA38958
:10CE70009905CBD4A06DFBF77DFBB4F90C30002BEA
:10CE8000C4D1656E15F0010505D00025284670BD9A
:10CE9000FCF700FAB3E7A06DFBF770FB284670BD06
:10CEA000A06DFBF76BFBDBE721693046FCF770FDFB
:10CEB000BDE700BF38B5314B1B6805460C4613B1C2
:10CEC0005A6B002A4ED0B4F90C3018079AB21CD510
:10CED000216929B312F0010007D00020A060606929
:10CEE0004042A06139B1002038BD950758BF606944
:10CEF000A0600029F7D1120658BF0846F4D543F0C8
:10CF00004003A3814FF0FF3038BDD1062ED5520724
:10CF100014D4216943F00803A3819AB20029D9D11E
:10CF200002F42070B0F5007FD4D02146284600F0EE
:10CF300027F8B4F90C3021699AB2CBE7216B51B1D3
:10CF400004F14002914204D02846FCF721FDB4F9D7
:10CF50000C300022226321690022C4E9001223F070
:10CF60002403D7E71846FCF795F9ACE7092243F00C
:10CF700040032A604FF0FF30A38138BD04EC00204D
:10CF80002DE9F0418B890C46990796B008D504F13C
:10CF900043030122C4E90432236016B0BDE8F081E6
:10CFA000B4F90E100029064625DB6A4600F0B8F9F0
:10CFB00000281FDB019D05F47045A5F50055B5FA65
:10CFC00085F54FF480686D094FF40067414630469F
:10CFD000FAF71EFCE0B1B4F90C30C4F8148043F049
:10CFE000800320602061A38135BB3B43A38116B041
:10CFF000BDE8F081A38913F0800519D04FF04008F7
:10D000000025414630462F46FAF702FC0028E2D1BF
:10D01000B4F90C309A05C0D423F0030304F14302A1
:10D0200043F002030121C4E90421A3812260B4E793
:10D030004FF480682F46C9E7B4F90E10304600F06F
:10D0400085F910B9B4F90C30CFE7A38923F00303B5
:10D0500043F001031BB2C8E72DE9F04F8BB0DDE9C7
:10D06000158A149F0391814605921E46B8F1000F60
:10D070005CD0039B002B5ED0059B1D68002F6AD0FF
:10D08000741E4EB3039B0493043D002601950BE0F0
:10D09000039B2BBB019B1A68002A3AD0BC455CD28B
:10D0A000013C631C664617D0D8F800300293019B00
:10D0B000DAF8E05053F8042F019307A94346484695
:10D0C000D8F804B0A847421C3AD000EB060CBC4587
:10D0D000DED9029BC8E9003B30460BB0BDE8F08FBB
:10D0E00000280EDD049B019D18445A1E07A900F17B
:10D0F000FF3E11F8013B02F8013F7245F9D101955D
:10D100000490059B1A6804321A60019B1A68002A71
:10D11000C4D1039B0BB1059B1A600CF1FF360022B2
:10D120003046C8F800200BB0BDE8F08F039B00F537
:10D130008678002BA0D1059B4FF0FF371D689FE735
:10D1400006468A2100223046C9F80010C8F800209F
:10D150000BB0BDE8F08F3E46BEE76646BCE700BFB9
:10D1600010B584B0054C06980090079801900448CB
:10D1700000680294FFF770FF04B010BD7CE6002049
:10D1800004EC0020B1F90C202DE9F0410C46110708
:10D19000804647D4636842F40062002BA2815EDDC2
:10D1A000A56A002D58D00023D8F80060C8F80030D8
:10D1B00093B212F4805256D10123E1694046A84748
:10D1C000431C67D0A389A56A5F0705D56368C01AA9
:10D1D000236B0BB1E36BC01AE169024600234046A2
:10D1E000A847411C41D1D8F80030002B3DD01D2B61
:10D1F00001D0162B56D1A3892269226023F4006343
:10D2000000216160A381216BC8F8006021B304F1A3
:10D210004003994202D04046FCF7BAFB002020634D
:10D22000BDE8F0812669BEB193B2256826609A07F1
:10D230000CBF63690023AD1BA3600BE02B46324695
:10D24000E169676A4046B847B0F1000CA5EB0C05F0
:10D25000664417DD002DF1DC0020BDE8F081E36BB2
:10D26000002B9DDCF8E7206DAEE7B4F90C302269A5
:10D27000226023F40063A3810022DB046260C2D534
:10D280002065C0E7A38943F040034FF0FF30A3813E
:10D29000BDE8F081D8F80030002B93D01D2B06D0CC
:10D2A000162B04D0A38943F04003A381D5E7C8F827
:10D2B0000060D1E738B50C46054608B1436B03B3AF
:10D2C000B4F90C0088B1636EDB0701D481050FD57A
:10D2D00028462146FFF756FF636EDA07054602D45B
:10D2E000A3899B0508D5284638BD0546284638BD84
:10D2F000A06DFBF73FF9EBE7A06DFBF73FF9284680
:10D3000038BDFBF7C7FFDBE70148FBF733B900BFC8
:10D31000980101200148FBF731B900BF98010120B5
:10D3200070B50C46084D03460026204611461C46A3
:10D330002E60F6F723F8431C00D070BD2B68002B3D
:10D34000FBD0236070BD00BF5C05012038B5074DE0
:10D350000022044608462A60F6F716F8431C00D05F
:10D3600038BD2B68002BFBD0236038BD5C05012045
:10D370002DE9F04782B0824688461446FBF700F953
:10D38000012803D108F1FF33FE2B36D90DF1040932
:10D39000424604F15C0349465046FAF751FE421CEE
:10D3A000064632D020B39DF804C0002509E023686A
:10D3B0005A1C226083F800C00135B54218D219F812
:10D3C00001CFA368013B002BA360F0DAA769BB4241
:10D3D00061462246504602DBBCF10A0FE7D100F05D
:10D3E00007FA431CE8D10646304602B0BDE8F08794
:10D3F0004646304602B0BDE8F0875FFA88FC8DF8FB
:10D4000004C006460DF10409CFE7A389304643F076
:10D410004003A38102B0BDE8F08700BF30B5536E72
:10D4200013F0010FB2F90C30144683B005469AB2DE
:10D4300001D198051CD5900406D4626E43F40053C4
:10D4400042F40052A381626622462846FFF790FF0D
:10D45000636EDA07054602D4A3899B0502D52846E8
:10D4600003B030BDA06DFBF789F8284603B030BD8E
:10D47000A06D0191FBF77EF8B4F90C3001999AB2D6
:10D48000D9E700BF01F140032DE9F0410C46096BDB
:10D49000994214D0666B77003A46FCF73DF8054692
:10D4A00040B300EB0608014632464046F5F7B0FDB2
:10D4B000C4E90C57C4F800800020BDE8F0814FF4A7
:10D4C0008061FAF7A5F9A8B194F842304FF4806270
:10D4D000C4E90C0280F8FF3394F8413080F8FE3341
:10D4E00094F8402080F8FD2300F2FD3323600020F3
:10D4F000BDE8F0814FF0FF30DFE700BF9368002BFD
:10D5000000F085802DE9F04FB1F90C300C46190779
:10D51000804683B0174698B225D523691BB310F017
:10D5200002033D682DD04FF0000ADFF8C0B2564626
:10D53000B9465E453346524628BF5B464046002EFC
:10D5400052D0E169676AB847002856DDD9F808303B
:10D550001B1A8244361AC9F80830002BE9D1002082
:10D5600003B0BDE8F08F21464046FFF7A3FC00283A
:10D5700040F03881B4F90C303D6898B210F00203E5
:10D58000D1D110F0010944D14E46009746B382052F
:10D59000D4F808B040F18580B3455A4600F2B48013
:10D5A00010F4906F40F0C180206801924946FAF76C
:10D5B00039FCA368019AA3EB0B012368A160134413
:10D5C000B24623600026009A9368A3EB0A03D14475
:10D5D0009360002BC3D0B4F90C0080B2002ED6D1DA
:10D5E000D5E900960835D1E7D5E900A60835A0E7CA
:10D5F00021464046FFF75EFE88B3B4F90C3043F095
:10D6000040034FF0FF30A38103B0BDE8F08F00204E
:10D6100070471E46BA469946184600951F4666B39F
:10D62000002832D04A46D4E904132068A568B242E3
:10D6300028BF3246884204D905EB030B5A4500F354
:10D64000A780934264DCE169656A3A464046A84790
:10D65000B0F1000BD1DDB9EB0B09C9D00120DAF82C
:10D660000830A3EB0B035F44A6EB0B06CAF80830A7
:10D67000002B3FF474AF002ED2D1009A56681346A7
:10D6800008320092002EF8D01F6832460A21384630
:10D69000FBF730FE002800F09C800130A0EB07096A
:10D6A000C0E720682369984216D86269B24213D84D
:10D6B0006FF00043B34228BF3346E16993FBF2F3B6
:10D6C000676A02FB03F340464A46B847B0F1000AD6
:10D6D00093DDA6EB0A0676E7B345DA4628BFB246E5
:10D6E00052464946FAF79EFBA3682268A3EB0A0359
:10D6F0005244A3602260002BEBD121464046FFF745
:10D70000D9FD0028E5D078E72068B34632464CE7DB
:10D7100039460192FAF786FB019AA3689B1AA36027
:10D72000236813442360934695E723682169A3EB9C
:10D73000010B636903EB430A0AEBDA7A0BF101038D
:10D740004FEA6A0A33445345524684BF9A465246CA
:10D7500043052CD511464046FAF75AF800283BD02D
:10D760005A4621690190F5F753FCA289019B22F4E6
:10D77000906242F08002A28103EB0B002361AAEBCE
:10D780000B03C4F814A0A3602060B34632460CE734
:10D7900039465A46FAF746FB23685B442360214624
:10D7A0004046FFF787FD00283FF455AF25E7404688
:10D7B000FBF7B2FE03460028DED121694046FCF7A4
:10D7C000E7F8B4F90C300C2223F08003C8F80020ED
:10D7D00015E7721C914626E70C22B4F90C30C8F804
:10D7E00000200CE74FF0FF30BAE600BF00FCFF7FDF
:10D7F000F8B50D461446064610B1436B002B4CD0CD
:10D80000B4F90C20A369A360170790B21BD5236954
:10D81000CBB1EDB281042F4622D522686169D31ABB
:10D82000994229DD0133A1680139A160511C2160B1
:10D83000157062699A4227D0A389DB0701D50A2DAA
:10D8400022D03846F8BD21463046FFF733FB08BBEF
:10D85000B4F90C20236990B2EDB281042F46DCD4D8
:10D8600042F40052A281626E616922F40052626643
:10D870002268D31A9942D5DC21463046FFF71AFDBB
:10D8800040B922680123CEE721463046FFF712FD5A
:10D890000028D6D04FF0FF37D3E7FBF7FBFCAFE70C
:10D8A0007BB972B90029BEBF00204FF0004106E0ED
:10D8B00008BF00281CBF6FF000414FF0FF30F8F7A1
:10D8C00061BFADF1080C6DE904CE002909DB002B26
:10D8D0001ADBF8F7F3FDDDF804E0DDE9022304B01C
:10D8E0007047404261EB4101002B1BDBF8F7E6FD7E
:10D8F000DDF804E0DDE9022304B0404261EB4101C0
:10D90000524263EB43037047524263EB4303F8F721
:10D91000D5FDDDF804E0DDE9022304B0404261EB0F
:10D9200041017047524263EB4303F8F7C7FDDDF84E
:10D9300004E0DDE9022304B0524263EB4303704785
:10D94000000000005FF800F0C13200605FF800F0F6
:10D95000693300605FF800F0D12800605FF800F0E4
:04D960003D1E006008
:04D96400F8B500BF53
:08D96800548BFF7F0100000059
:10D9700000000000000000000000000000000000A7
:10D980000000000000000000000000000000000097
:10D990000000000000000000000000000000000087
:10D9A0000000000000000000000000000000000077
:10D9B0000000000000000000000000000000000067
:10D9C0000000000000000000000000000000000057
:10D9D0000000000000000000000000000000000047
:10D9E0000000000000000000000000000000000037
:10D9F0000000000000000000000000000000000027
:10DA00000000000000000000000000000000000016
:10DA10000000000000000000000000000000000006
:10DA200000000000000000000000000000000000F6
:10DA300000000000000000000000000000000000E6
:10DA400000000000000000000000000000000000D6
:10DA500000000000000000000000000000000000C6
:10DA600000000000000000000000000000000000B6
:10DA700000000000000000000000000000000000A6
:10DA80000000000000000000000000000000000096
:10DA90000000000000000000000000000000000086
:10DAA0000000000000000000000000000000000076
:10DAB0000000000000000000000000000000000066
:10DAC0000000000000000000000000000000000056
:10DAD0000000000000000000000000000000000046
:10DAE0000000000000000000000000000000000036
:10DAF0000000000000000000000000000000000026
:10DB00000000000000000000000000000000000015
:10DB10000000000000000000000000000000000005
:10DB200000000000000000000000000000000000F5
:10DB300000000000000000000000000000000000E5
:10DB400000000000000000000000000000000000D5
:10DB500000000000000000000000000000000000C5
:10DB600000000000000000000000000000000000B5
:10DB700000000000000000000000000000000000A5
:10DB80000000000000000000000000000000000095
:10DB90000000000000000000000000000000000085
:10DBA0000000000000000000000000000000000075
:10DBB0000000000000000000000000000000000065
:10DBC0000000000000000000000000000000000055
:10DBD0000000000000000000000000000000000045
:10DBE0000000000000000000000000000000000035
:10DBF000182D4454FB21E9BFD221337F7CD9024048
:10DC0000D221337F7CD902C00000000000000080D8
:10DC1000182D4454FB210940182D4454FB2109C000
:10DC2000000000000000F03F748515D3B0D9EF3F2D
:10DC30000F89F96C58B5EF3F515B12D00193EF3F5C
:10DC40007B517D3CB872EF3FAAB968318754EF3FF2
:10DC50003862756E7A38EF3FE1DE1FF59D1EEF3FAB
:10DC600015B7310AFE06EF3FCBA93A37A7F1EE3FD1
:10DC70002234124CA6DEEE3F2D89616008CEEE3FC5
:10DC8000272A36D5DABFEE3F824F9D562BB4EE3FA2
:10DC9000295448DD07ABEE3F85553AB07EA4EE3FF0
:10DCA000CD3B7F669EA0EE3F745FECE8759FEE3F34
:10DCB0008701EB7314A1EE3F13CE4C9989A5EE3F7B
:10DCC000DBA02A42E5ACEE3FE5C5CDB037B7EE3F6D
:10DCD00090F0A38291C4EE3F5D253EB203D5EE3FA6
:10DCE000ADD35A999FE8EE3F475EFBF276FFEE3FD9
:10DCF0009C5285DD9B19EF3F6990EFDC2037EF3FA9
:10DD000087A4FBDC1858EF3F5F9B7B33977CEF3F8A
:10DD1000DA90A4A2AFA4EF3F40456E5B76D0EF3F10
:10DD2000000000000000E8429423914BF86AAC3FE9
:10DD3000F3C4FA50CEBFCE3FD6520CFF422EE63F80
:10DD40000000000000003843FE822B654715474065
:10DD50009423914BF86ABC3EF3C4FA50CEBF2E3FD9
:10DD6000D6520CFF422E963FBEF3F879EC61F63F97
:10DD70001930965BC6FEDEBF3D88AF4AED71F53FB8
:10DD8000A4FCD432680BDBBFB010F0F03995F43F3F
:10DD90007BB71F0A8B41D7BF8503B8B095C9F33F46
:10DDA0007BCF6D1AE99DD3BFA564880C190DF33F95
:10DDB00031B6F2F39B1DD0BFA08E0B7B225EF23FEB
:10DDC000F07A3B1B1D7CC9BF3F341A4A4ABBF13F66
:10DDD0009F3CAF93E3F9C2BFBAE58AF05823F13F05
:10DDE0005C8D78BFCB60B9BFA70099413F95F03FEC
:10DDF000CE5F47B69D6FAABF000000000000F03F55
:10DE00000000000000000000AC479AFD8C60EE3F6F
:10DE10003DF5249FCA38B33FA06A021FB3A4EC3F6C
:10DE2000BA913854A976C43FE6FC6A573620EB3FD6
:10DE3000D2E4C44A0B84CE3F2DAAA163D1C2E93FEC
:10DE40001C65C6F04506D43FED417803E686E83F01
:10DE5000F89F1B2C9C8ED83F624853F5DC67E73F48
:10DE6000CC7BB14EA4E0DC3F0B6E49C91676D23FA5
:10DE70007AC675A06919D7BFDDBAA76C0AC7DE3F9D
:10DE8000C8F6BE484715E7BF2BB82A654715F73FC8
:10DE9000000000000000F03F000000000000F0BFA4
:10DEA000000000000000F0BF000000000000F03F94
:10DEB00083C8C96D305F6441182D4454FB21F93F7C
:10DEC000000000000000F03F1C620CFDFFFFDFBF00
:10DED000198F06E15355A53F9D359AE887C056BF77
:10DEE000C3F87B024393F93E03A695595455C5BF29
:10DEF000C40B23057610813F24CF7437EB9429BFE0
:10DF0000000000000000F03F000000000000F0BF33
:10DF1000000000000000F0BF000000000000F03F23
:10DF200083C8C96D305F6441182D4454FB21F93F0B
:10DF3000000000000000F0BF1C620CFDFFFFDF3F8F
:10DF4000198F06E15355A5BF9D359AE887C0563F06
:10DF5000C3F87B024393F9BE03A695595455C5BF38
:10DF6000C40B23057610813F24CF7437EB9429BF6F
:10DF70004FBB610567ACDD3F182D4454FB21E93FE1
:10DF80009BF681D20B73EF3F182D4454FB21F93FD0
:10DF9000E2652F227F2B7A3C075C143326A6813C56
:10DFA000BDCBF07A8807703C075C143326A6913C01
:10DFB000F88E0020008F0020088F0020108F002096
:10DFC000BC940020EC940020049500201C950020B7
:10DFD000349500204C950020649500207C9500200D
:10DFE000F08E0020F48E002050300050310050326E
:10DFF0000050330050340050350050360050370088
:10E00000503800503900503130005031310050311B
:10E01000320050313300503134005031350050312E
:10E02000360050313700503138005031390050320D
:10E030003000503231005032320050323300000094
:10E040004530004531004532004533004534004538
:10E050003500453600453700453800453900453123
:10E060003000453131004531320045313300453112
:10E0700034004531350000009894002094A9002018
:10E080009C90002098A90020C40401207DB40100C8
:10E0900045B60100B9B40100FDB501007DB2010033
:10E0A00050030120EDB7010085B70100ADB70100B5
:10E0B0005DB801004C96002084A900205087002004
:10E0C00088A90020C8860020C88600208CA90020CE
:10E0D0009C7F0020C8860020C8860020C8860020BB
:10E0E000C8860020C8860020C8860020C886002078
:10E0F00090A90020C8860020C8860020C88600207D
:10E10000C8860020C8860020C8860020C886002057
:10E11000C8860020C8860020C8860020C886002047
:10E12000C8860020C8860020C88600205C97002092
:10E1300080A90020EC7D00205C9600201F000000DC
:10E140001C0000001F0000001E0000001F00000057
:10E150001E0000001F0000001F0000001E00000045
:10E160001F0000001E0000001F0000000000C93F4B
:10E170000000F0390000DA370000A2330000842EDE
:10E180000000502B0000C2270000D0220000C41F56
:10E190000000C61B00004417000000001F00000024
:10E1A0003B0000005A0000007800000097000000CB
:10E1B000B5000000D4000000F300000011010000D1
:10E1C000300100004E0100000000000000000000CF
:10E1D00069E3010049E6010045E6010041E601006E
:10E1E0003DE6010039E6010035E6010031E60100B7
:10E1F0002C2066756E6374696F6E3A200000000013
:10E20000617373657274696F6E20222573222066B4
:10E2100061696C65643A2066696C65202225732209
:10E220002C206C696E65202564257325730A000017
:10E2300073657474696E67735F726561645F636F41
:10E240006F72645F646174610000000073657474D0
:10E25000696E67735F77726974655F636F6F72640D
:10E260005F6461746100000073657474696E677344
:10E270005F726561645F737461727475705F6C69FD
:10E280006E65000073657474696E67735F77726999
:10E2900074655F737461727475705F6C696E65002C
:10E2A000A2000000F9A2000083F9A2006E83F9A287
:10E2B0004E6E83F9444E6E8315444E6E2915444EBE
:10E2C000FC29154427FC29155727FC29D15727FC81
:10E2D000F5D1572734F5D157DD34F5D1C0DD34F50C
:10E2E000DBC0DD3462DBC0DD9562DBC0999562DBAB
:10E2F0003C999562433C999590433C994190433CAD
:10E300001F0000001C0000001F0000001E00000095
:10E310001F0000001E0000001F0000001F00000082
:10E320001E0000001F0000001E0000001F00000073
:10E330001F0000001D0000001F0000001E00000064
:10E340001F0000001E0000001F0000001F00000052
:10E350001E0000001F0000001E0000001F00000043
:10E3600000202020202020202020282828282820A5
:10E37000202020202020202020202020202020209D
:10E380002088101010101010101010101010101005
:10E3900010040404040404040404041010101010F5
:10E3A00010104141414141410101010101010101BF
:10E3B0000101010101010101010101011010101011
:10E3C0001010424242424242020202020202020291
:10E3D00002020202020202020202020210101010E5
:10E3E000200000000000000000000000000000000D
:10E3F000000000000000000000000000000000001D
:10E40000000000000000000000000000000000000C
:10E4100000000000000000000000000000000000FC
:10E4200000000000000000000000000000000000EC
:10E4300000000000000000000000000000000000DC
:10E4400000000000000000000000000000000000CC
:10E4500000000000000000000000000000000000BC
:10E460000000000041757820000000002C41757804
:10E47000200000004A495300534A4953000000005D
:10E480004555434A50000000545A0000474D54007F
:10E490002531315B2D2B302D39412D5A612D7A5D7F
:10E4A000256E00002531315B412D5A612D7A5D25A5
:10E4B0006E000000256875256E3A256875256E3A50
:10E4C000256875256E0000004D256875256E2E2582
:10E4D0006875256E2E256875256E00002F256875D8
:10E4E000256E3A256875256E3A256875256E0000FB
:10E4F000303132333435363738394142434445467A
:10E50000000000003031323334353637383961623B
:10E510006364656600000000286E756C6C2900005D
:10E520000030013002300CFF0EFFFB301AFF1BFFE2
:10E530001FFF01FF9B309C30B40040FFA8003EFF4E
:10E540003E203FFFFD30FE309D309E300330DD4EDB
:10E55000053006300730FC30142010200FFF3CFF40
:10E560001C3016205CFF26202520182019201C2096
:10E570001D2008FF09FF143015303BFF3DFF5BFFF6
:10E580005DFF083009300A300B300C300D300E3092
:10E590000F30103011300BFF1222B100D700F700FE
:10E5A0001DFF60221CFF1EFF662267221E223422EE
:10E5B00042264026B000322033200321A50004FF6C
:10E5C000A200A30005FF03FF06FF0AFF20FFA7002C
:10E5D00006260526CB25CF25CE25C725C625A12570
:10E5E000A025B325B225BD25BC253B2012309221A4
:10E5F00090219121932113300000000000000000C1
:10E6000000000000000000000000000000000822E0
:10E610000B2286228722822283222A22292200009C
:10E6200000000000000000000000000000002722A1
:10E630002822AC00D221D42100220322292200006A
:10E6400000000000000000000000000000000000CA
:10E6500000002022A5221223022207226122522238
:10E660006A226B221A223D221D2235222B222C22C5
:10E6700000000000000000000000000000002B214E
:10E6800030206F266D266A2620202120B6002C22FD
:10E69000000000000000EF25000000000000000066
:10E6A0000000000000000001010101010101010161
:10E6B0000100000000000000010101010101010151
:10E6C000010101010101010101010101010101013A
:10E6D0000101000000000000000101010101010131
:10E6E000010101010101010101010101010101011A
:10E6F0000101010091039203930394039503960390
:10E700009703980399039A039B039C039D039E031D
:10E710009F03A003A103A303A403A503A603A703C8
:10E72000A803A90300000000000000000000000092
:10E7300000000000B103B203B303B403B503B60392
:10E74000B703B803B903BA03BB03BC03BD03BE03DD
:10E75000BF03C003C103C303C403C503C603C70388
:10E76000C803C9031004110412041304140415048B
:10E77000010416041704180419041A041B041C04C9
:10E780001D041E041F042004210422042304240465
:10E79000250426042704280429042A042B042C0415
:10E7A0002D042E042F0400000000000000000000D3
:10E7B0000000000000000000000000000000000059
:10E7C0000000000030043104320433043404350402
:10E7D000510436043704380439043A043B043C0439
:10E7E0003D043E043F044004410442044304440405
:10E7F000450446044704480449044A044B044C04B5
:10E800004D044E044F040000002502250C25102560
:10E81000182514251C252C25242534253C250125C7
:10E8200003250F2513251B251725232533252B25E8
:10E830003B254B2520252F25282537253F251D2520
:10E840003025252538254225BC930020C89300207B
:10E8500028D200209C4E1655035A3F96C0541B6187
:10E860002863F659229075841C83507AAA60E1636C
:10E87000256EED656684A682F59B93682757A16592
:10E8800071629B5BD0597B86F498627DBE7D8E9BC6
:10E8900016629F7CB788895BB55E09639766486896
:10E8A000C7958D974F67E54E0A4F4D4F9D4F495085
:10E8B000F2563759D459015A095CDF600F61706113
:10E8C00013660569BA704F757075FB79AD7DEF7D84
:10E8D000C3800E846388028B55907A903B53954E8B
:10E8E000A54EDF57B280C190EF78004EF158A26E6E
:10E8F0003890327A28838B822F9C41517053BD54BB
:10E90000E154E056FB59155FF298EB6DE4802D85DC
:10E9100062967096A096FB970B54F353875BCF706B
:10E92000BD7FC28FE8966F535C9DBA7A114E937883
:10E93000FC81266E185604551D6B1A853B9CE559C3
:10E94000A953666DDC748F954256914E4B90F296AA
:10E950004F830C99E153B655305B715F2066F366C7
:10E960000468386CF36C296D5B74C8764E7A349801
:10E97000F1825B88608AED92B26DAB75CA76C599FB
:10E98000A660018B8A8DB2958E69AD538651125760
:10E9900030584459B45BF65E2860A963F463BF6CD9
:10E9A000146F8E7014715971D5713F73017E768228
:10E9B000D182978560905B921B9D6958BC655A6CAB
:10E9C0002575F9512E596559805FDC5FBC62FA6587
:10E9D0002A6A276BB46B8B73C17F56892C9D0E9D61
:10E9E000C49EA15C966C7B8304514B5CB661C6816E
:10E9F00076686172594EFA4F78536960296E4F7A82
:10EA0000F3970B4E1653EE4E554F3D4FA14F734F9C
:10EA1000A052EF5309560F59C15AB65BE15BD17949
:10EA200087669C67B6674C6BB36C6B70C2738D79ED
:10EA3000BE793C7A877BB182DB8204837783EF8364
:10EA4000D3836687B28A2956A88CE68F4E901E978C
:10EA50008A86C44FE85C116259723B75E581BD82BC
:10EA6000FE86C08CC5961399D599CB4E1A4FE38973
:10EA7000DE564A58CA58FB5EEB5F2A6094606260BB
:10EA8000D0611262D0623965419B6666B068776D6D
:10EA900070704C758676757DA582F9878B958E96FC
:10EAA0009D8CF151BE521659B354B35B165D68612B
:10EAB0008269AF6D8D78CB845788728AA793B89A94
:10EAC0006C6DA899D986A357FF67CE860E928352A4
:10EAD00087560454D35EE162B9643C683868BB6B06
:10EAE0007273BA786B7A9A89D2896B8D038FED90A5
:10EAF000A39594966997665BB35C7D694D984E9833
:10EB00009B63207B2B6A7F6AB6680D9C5F6F725295
:10EB10009D557060EC623B6D076ED16E5B84108911
:10EB2000448F144E399CF6531B693A6A84972A68BD
:10EB30005C51C37AB284DC918C935B56289D226829
:10EB400005833184A57C0852C582E6747E4E834FCE
:10EB5000A051D25B0A52D852E752FB5D9A552A580F
:10EB6000E6598C5B985BDB5B725E795EA3601F612C
:10EB70006361BE61DB636265D1675368FA683E6BAF
:10EB8000536B576C226F976F456FB0741875E376AF
:10EB90000B77FF7AA17B217CE97D367FF07F9D801A
:10EBA00066829E83B389CC8AAB8C84905194939572
:10EBB0009195A2956596D39728991882384E2B5433
:10EBC000B85CCC5DA9734C763C77A95CEB7F0B8D70
:10EBD000C196119854985898014F0E4F71539C55F7
:10EBE0006856FA574759095BC45B905C0C5E7E5EC1
:10EBF000CC5FEE633A67D765E2651F67CB68C46890
:10EC00005F6A305EC56B176C7D6C7F754879635B9E
:10EC1000007A007DBD5F8F89188AB48C778DCC8E89
:10EC20001D8FE2980E9A3C9B804E7D500051935967
:10EC30009C5B2F628062EC643A6BA072917547799D
:10EC4000A97FFB87BC8A708BAC63CA83A0970954E9
:10EC50000354AB555468586A708A27787567CD9EFF
:10EC60007453A25B1A8150860690184E454EC74ECB
:10EC7000114FCA533854AE5B135F256051653D6731
:10EC8000426C726CE36C78700374767AAE7A087BAF
:10EC90001A7DFE7C667DE7655B72BB53455CE85D73
:10ECA000D262E0621963206E5A86318ADD8DF89255
:10ECB000016FA6795A9BA84EAB4EAC4E9B4FA04F0E
:10ECC000D1504751F67A7151F651545321537F5325
:10ECD000EB53AC558358E15C375F4A5F2F6050605F
:10ECE0006D601F6359654B6AC16CC272ED72EF773C
:10ECF000F880058108824E85F790E193FF97579938
:10ED00005A9AF04EDD512D5C81666D69405CF26669
:10ED1000756989735068817CC550E4524757FE5D20
:10ED20002693A465236B3D6B34748179BD794B7B4D
:10ED3000CA7DB982CC837F885F89398BD18FD1918D
:10ED40001F5480925D4E3650E5533A53D7729673F6
:10ED5000E977E682AF8EC699C899D29977511A6140
:10ED60005E86B0557A7A7650D35B47908596324E60
:10ED7000DB6AE791515C485C98639F7A936C749767
:10ED8000618FAA7A8A718896827C1768707E516832
:10ED90006C93F2521B54AB85138AA47FCD8EE19005
:10EDA000665388884179C24FBE5011524451535521
:10EDB0002D57EA738B575159625F845F7560766196
:10EDC0006761A961B2633A646C656F664268136EED
:10EDD00066753D7AFB7C4C7D997D4B7E6B7F0E8307
:10EDE0004A83CD86088A638A668BFD8E1A988F9D2A
:10EDF000B882CE8FE89B87521F628364C06F99965A
:10EE000041689150206B7A6C546F747A507D4088C1
:10EE1000238A0867F64E3950265065507C51385287
:10EE20006352A7550F570558CC5AFA5EB261F86184
:10EE3000F36272631C69296A7D72AC722E73147856
:10EE40006F78797D0C77A9808B89198BE28CD28EB3
:10EE5000639075937A965598139A789E43519F5371
:10EE6000B3537B5E265F1B6E906E8473FE73437D8F
:10EE70003782008AFA8A50964E4E0B50E4537C54E7
:10EE8000FA56D159645BF15DAB5E275F3862456528
:10EE9000AF67566ED072CA7CB488A180E180F083DF
:10EEA0004E86878AE88D3792C7966798139F944E4F
:10EEB000924E0D4F485349543E542F5A8C5FA15FD8
:10EEC0009F60A7688E6A5A7481789E8AA48A778B1D
:10EED00090915E4EC99BA44E7C4FAF4F1950165077
:10EEE00049516C519F52B952FE529A53E3531154F7
:10EEF0000E5489555157A2577D59545B5D5B8F5B0A
:10EF0000E55DE75DF75D785E835E9A5EB75E185FEC
:10EF100052604C619762D862A7633B6502664366A4
:10EF2000F4666D6721689768CB695F6C2A6D696DBF
:10EF30002F6E9D6E327587766C783F7AE07C057D0A
:10EF4000187D5E7DB17D15800380AF80B1805481D6
:10EF50008F812A8252834C8861881B8BA28CFC8C07
:10EF6000CA90759171923F78FC92A4954D96059840
:10EF70009999D89A3B9D5B52AB52F7530854D55898
:10EF8000F762E06F6A8C5F8FB99E4B513B524A54D7
:10EF9000FD56407A7791609DD29E4473096F7081CF
:10EFA0001175FD5FDA60A89ADB72BC8F646B039801
:10EFB000CA4EF0566457BE585A5A6860C7610F6609
:10EFC00006663968B168F76DD5753A7D6E82429BE9
:10EFD0009B4E504FC95306556F5DE65DEE5DFB6776
:10EFE000996C73740278508A9693DF885057A75EA5
:10EFF0002B63B550AC508D510067C9545E58BB5956
:10F00000B05B695F4D62A1633D68736B086E7D7094
:10F01000C7918072157826786D798E65307DDC8396
:10F02000C188098F9B966452285750676A7FA18CCC
:10F03000B45142572A963A588A69B480B2540E5D48
:10F04000FC579578FA9D5C4F4A528B543E64286673
:10F050001467F567847A567B227D2F935C68AD9B9D
:10F06000397B19538A513752DF5BF662AE64E6642E
:10F070002D67BA6BA985D1969076D69B4C63069383
:10F08000AB9BBF765266094E9850C253715CE860E4
:10F09000926463655F68E671CA732375977B827EAD
:10F0A0009586838BDB8C78911099AC65AB668B6B06
:10F0B000D54ED44E3A4F7F4F3A52F853F253E35560
:10F0C000DB56EB58CB59C959FF59505B4D5C025E7A
:10F0D0002B5ED75F1D6007632F655C5BAF65BD6509
:10F0E000E8659D67626B7B6B0F6C45734979C179ED
:10F0F000F87C197D2B7DA2800281F38196895E8A3E
:10F10000698A668A8C8AEE8AC78CDC8CCC96FC98DD
:10F110006F6B8B4E3C4F8D4F5051575BFA5B486184
:10F1200001634266216BCB6EBB6C3E72BD74D475BD
:10F13000C1783A790C803380EA8194849E8F506C38
:10F140007F9E0F5F588B2B9DFA7AF88E8D5BEB9626
:10F15000034EF153F7573159C95AA45B89607F6E4A
:10F16000066FBE75EA8C9F5B0085E07B7250F4678A
:10F170009D82615C4A851E7E0E829951045C6863A3
:10F18000668D9C656E713E79177D05801D8BCA8EDC
:10F190006E90C786AA901F50FA523A5C53677C70F3
:10F1A00035724C91C8912B93E582C25B315FF96057
:10F1B0003B4ED653885B4B6231678A6BE972E073D2
:10F1C0002E7A6B81A38D529196991251D7536A541E
:10F1D000FF5B8863396AAC7D0097DA56CE5368547A
:10F1E000975B315CDE5DEE4F0161FE62326DC0798E
:10F1F000CB79427D4D7ED27FED811F8290844688FF
:10F200007289908B748E2F8F31904B916C91C69632
:10F210009C91C04E4F4F45514153935F0E62D4674E
:10F22000416C0B6E6373267ECD918392D453195932
:10F23000BF5BD16D5D792E7E9B7C7E589F71FA51AC
:10F240005388F08FCA4FFB5C2566AC77E37A1C824B
:10F25000FF99C651AA5FEC656F69896BF36D966E75
:10F26000646FFE76147DE15D759087910698E65196
:10F270001D5240629166D9661A6EB65ED27D727F6B
:10F28000F866AF85F785F88AA952D95373598F5E0E
:10F29000905F5560E4926496B7501F51DD52205341
:10F2A0004753EC53E8544655315517566859BE59E3
:10F2B0003C5AB55B065C0F5C115C1A5C845E8A5E2E
:10F2C000E05E705F7F628462DB628C6377630766F7
:10F2D0000C662D6676667E67A2681F6A356ABC6C0E
:10F2E000886D096E586E3C7126716771C77501771C
:10F2F0005D7801796579F079E07A117BA77C397DB9
:10F300009680D6838B8449855D88F3881F8A3C8AE2
:10F31000548A738A618CDE8CA49166927E931894D1
:10F320009C9698970A4E084E1E4E574E9751705213
:10F33000CE573458CC58225B385EC560FE64616796
:10F340005667446DB6727375637AB884728BB891E0
:10F3500020933156F457FE98ED620D69966BED716E
:10F36000547E77807282E689DF985587B18F3B5C47
:10F37000384FE14FB54F0755205ADD5BE95BC35F5E
:10F380004E612F63B0654B66EE689B69786DF16DD9
:10F390003375B9751F775E79E679337DE381AF8286
:10F3A000AA85AA893A8AAB8E9B8F3290DD91079706
:10F3B000BA4EC14E03527558EC580B5C1A753D5C41
:10F3C0004E810A8AC58F63966D97257BCF8A0898F0
:10F3D0006291F356A853179039548257255EA8635B
:10F3E000346C8A7061778B7CE07F70884290549196
:10F3F000109318938F965E74C49A075D695D70656B
:10F40000A267A88DDB966E6349671969C583179853
:10F41000C096FE88846F7A64F85B164E2C705D751A
:10F420002F66C4513652E252D359815F2760106271
:10F430003F6574651F667466F2681668636B056ED7
:10F4400072721F75DB76BE7C5680F058FD887F890E
:10F45000A08A938ACB8A1D90929152975997896579
:10F460000E7A0681BB962D5EDC601A62A565146675
:10F470009067F3774D7A4D7C3E7E0A81AC8C648D2B
:10F48000E18D5F8EA9780752D962A56342649862C4
:10F490002D8A837AC07BAC8AEA96767D0C82498776
:10F4A000D94E485143536053A35B025C165CDD5D4B
:10F4B00026624762B06413683468C96C456D176D85
:10F4C000D3675C6F4E717D71CB657F7AAD7BDA7DE2
:10F4D0004A7EA87F7A811B823982A6856E8ACE8C6D
:10F4E000F58D78907790AD9291928395AE9B4D5229
:10F4F0008455386F367168518579557EB381CE7CDD
:10F500004C565158A85CAA63FE66FD665A69D972CA
:10F510008F758E750E795679DF79977C207D447DC5
:10F520000786348A3B966190209FE7507552CC53F2
:10F53000E2530950AA55EE584F593D728B5B645CFB
:10F540001D53E360F3605C6383633F63BB63CD641F
:10F55000E965F966E35DCD69FD69156FE571894E71
:10F56000E975F876937ADF7CCF7D9C7D6180498355
:10F5700058836C84BC84FB85C588708D01906D9028
:10F5800097931C97129ACF5097588E61D3813585E7
:10F59000088D2090C34F7450475273536F60496376
:10F5A0005F672C6EB38D1F90D74F5E5CCA8CCF65A2
:10F5B0009A7D525396887651C363585B6B5B0A5CA5
:10F5C0000D6451675C90D64E1A592A59706C518A55
:10F5D0003E551558A559F0605362C167358255698B
:10F5E0004096C499289A534F0658FE5B1080B15C30
:10F5F0002F5E855F20604B613462FF66F06CDE6ECB
:10F60000CE807F81D4828B88B88C00902E908A9691
:10F61000DB9EDB9BE34EF05327592C7B8D914C985E
:10F62000F99DDD6E277053534455855B58629E6289
:10F63000D362A26CEF6F2274178A3894C16FFE8A6E
:10F640003883E751F886EA53E953464F5490B08F18
:10F650006A593181FD5DEA7ABF8FDA68378CF872BA
:10F66000489C3D6AB08A394E585306566657C56263
:10F67000A263E6654E6BE16D5B6EAD70ED77EF7A80
:10F68000AA7BBB7D3D80C680CB86958A5B93E35683
:10F69000C7583E5FAD659666806AB56B3775C78A99
:10F6A0002450E57730571B5F65607A66606CF475AF
:10F6B0001A7A6E7FF48118874590B399C97B5C757F
:10F6C000F97A517BC4841090E979927A3683E15AB1
:10F6D00040772D4EF24E995BE05FBD623C66F1676C
:10F6E000E86C6B8677883B8A4E91F392D099176AC3
:10F6F00026702A73E7825784AF8C014E4651CB5156
:10F700008B55F55B165E335E815E145F355F6B5F14
:10F71000B45FF2611163A2661D676E6F52723A7533
:10F720003A777480398178817687BF8ADC8A858DC3
:10F73000F38D9A9277950298E59CC5525763F476BB
:10F740001567886CCD73C38CAE937396256D9C58EA
:10F750000E69CC69FD8F9A93DB751A905A5802682E
:10F76000B463FB69434F2C6FD867BB8F2685B47D8C
:10F7700054933F69706F6A57F7582C5B2C7D2A723F
:10F780000A54E391B49DAD4E4E4F5C5075504352B8
:10F790009E8C485424589A5B1D5E955EAD5EF75E64
:10F7A0001F5F8C60B5623A63D063AF68406C877846
:10F7B0008E790B7AE07D4782028AE68A448E139026
:10F7C000B8902D91D8910E9FE56C5864E2647565F0
:10F7D000F46E84761B7B6990D193BA6EF254B95F54
:10F7E000A4644D8FED8F449278516B582959555C24
:10F7F000975EFB6D8F7E1C75BC8CE28E5B98B9703A
:10F800001D4FBF6BB16F3075FB964E51105435587C
:10F810005758AC59605C925F97655C67216E7B7648
:10F82000DF83ED8C1490FD904D9325783A78AA52A1
:10F83000A65E1F577459126012505A51AC51CD51E7
:10F8400000521055545858585759955BF65C8B5DCB
:10F85000BC6095622D6471674368BC68DF68D776C9
:10F86000D86D6F6E9B6D6F70C871535FD875777967
:10F87000497B547B527BD67C717D30526384698591
:10F88000E4850E8A048B468C0F8E03900F9019949A
:10F8900076962D98309AD895CD50D5520C54025862
:10F8A0000E5CA7619E641E6DB377E57AF4800484D4
:10F8B00053908592E05C079D3F53975FB35F9C6DCB
:10F8C00079726377BF79E47BD26BEC72AD8A03689F
:10F8D000616AF851817A34694A5CF69CEB82C55BB7
:10F8E00049911E7078566F5CC76066658C6C5A8C47
:10F8F000419013985154C7660D924859A390855171
:10F900004D4EEA5199850E8B58707A634B9362691C
:10F91000B499047E777557536069DF8EE3965D6C0A
:10F920008C4E3C5C105FE98F0253D18C89807986C4
:10F93000FF5EE565734E655182593F5CEE97FB4E65
:10F940008A59CD5F8D8AE16FB0796279E75B718406
:10F950002B73B171745EF55F7B639A64C371987C9D
:10F96000434EFC5E4B4EDC57A256A960C36F0D7D23
:10F97000FD803381BF81B28F9789A486F45D8A624E
:10F98000AD6487897767E26C3E6D36743478465A89
:10F99000757FAD82AC99F34FC35EDD6292635765AC
:10F9A0006F67C3764C72CC80BA80298F4D910D5011
:10F9B000F957925A856873696471FD72B78CF25871
:10F9C000E08C6A9619907F87E479E77729842F4F36
:10F9D00065525A53CD62CF67CA6C7D76947B957C15
:10F9E00036828485EB8FDD66206F06721B7EAB83CB
:10F9F000C199A69EFD51B17B7278B87B8780487B08
:10FA0000E86A615E8C80517560756B5162928C6E94
:10FA10007A769791EA9A104F707F9C624F7BA595FA
:10FA2000E99C7A565958E486BC96344F24524A537E
:10FA3000CD53DB53065E2C6491657F673E6C4E6C44
:10FA40004872AF72ED735475417E2C82E985A98CA2
:10FA5000C47BC69169711298EF983D6369666A75B7
:10FA6000E476D0784385EE862A5351532654835941
:10FA7000875E7C5FB26049627962AB629065D46BED
:10FA8000CC6CB275AE769178D879CB7D777FA58036
:10FA9000AB88B98ABB8C7F905E97DB980B6A387C09
:10FAA00099503E5CAE5F8767D86B357409778E7F5F
:10FAB0003B9FCA67177A39538B75ED9A665F9D81B4
:10FAC000F18398803C5FC55F6275467B3C906768B8
:10FAD000EB599B5A107D7E762C8BF54F6A5F196A25
:10FAE000376C026FE27468796888558A798CDF5EBA
:10FAF000CF63C575D279D7822893F2929C84ED8624
:10FB00002D9CC1546C5F8C655C6D1570A78CD38C7B
:10FB10003B984F65F6740D4ED84EE0572B59665AF8
:10FB2000CC5BA851035E9C5E166076627765A76524
:10FB30006E666E6D3672267B50819A8199825C8BDF
:10FB4000A08CE68C748D1C964496AE4FAB64666BAD
:10FB50001E8261846A85E890015C5369A8987A8462
:10FB600057850F4F6F52A95F455E0D678F79798179
:10FB700007898689F56D175F5562B86CCF4E69723B
:10FB8000929B06523B547456B358A4616E621A712C
:10FB90006E59897CDE7C1B7DF09687655E80194EF0
:10FBA000754F75514058635E735E0A5FC467264E99
:10FBB0003D8589955B96737C0198FB50C1585676BC
:10FBC000A7782552A5771185867B4F500959477232
:10FBD000C77BE87DBA8FD48F4D90BF4FC952295A49
:10FBE000015FAD97DD4F1782EA9203575563696B4A
:10FBF0002B75DC88148F427ADF52935855610A6264
:10FC0000AE66CD6B3F7CE9832350F84F05534654D5
:10FC1000315849599D5BF05CEF5C295D965EB1629D
:10FC200067633E65B9650B67D56CE16CF970327836
:10FC30002B7EDE80B3820C84EC84028712892A8AB0
:10FC40004A8CA690D292FD98F39C6C9D4F4EA14E8B
:10FC50008D5056524A57A8593D5ED85FD95F3F62D2
:10FC6000B4661B67D067D2689251217DAA80A881B3
:10FC7000008B8C8CBF8C7E92329620542C9817531C
:10FC8000D5505C53A858B264346767726677467A79
:10FC9000E691C352A16C866B00584C5E54592C6798
:10FCA000FB7FE151C6766964E878549BBB9ECB57D5
:10FCB000B95927669A67CE6BE954D969555E9C811C
:10FCC0009567AA9BFE67529C5D68A64EE34FC8539A
:10FCD000B9622B67AB6CC48FAD4F6D7EBF9E074E74
:10FCE0006261806E2B6F138573542A67459BF35DA9
:10FCF000957BAC5CC65B1C874A6ED184147A088104
:10FD000099598D7C116C2077D952225921715F72DB
:10FD1000DB772797619D0B697F5A185AA5510D54BF
:10FD20007D540E66DF76F78F9892F49CEA595D72E7
:10FD3000C56E4D51C968BF7DEC7D6297BA9E7864EF
:10FD4000216A028384595F5BDB6B1B73F276B27DA1
:10FD50001780998432512867D99EEE766267FF52E8
:10FD60000599245C3B627E7CB08C4F55B6600B7D60
:10FD7000809501535F4EB6511C593A723680CE9130
:10FD8000255FE2778453795F047DAC85338A8D8E5D
:10FD90005697F367AE85539409610861B96C527642
:10FDA000ED8A388F2F55514F2A51C752CB53A55B3F
:10FDB0007D5EA0608261D6630967DA67676E8C6DCD
:10FDC0003673377331755079D588988A4A909190F7
:10FDD000F590C4968D871559884E594F0E4E898AD5
:10FDE0003F8F1098AD507C5E9659B95BB85EDA6370
:10FDF000FA63C164DC664A69D8690B6DB66E9471AA
:10FE00002875AF7A8A7F00804984C9848189218BD3
:10FE10000A8E65907D960A997E619162326B836C41
:10FE2000746DCC7FFC7FC06D857FBA87F88865676D
:10FE3000B1833C98F7961B6D617D3D846A91714E4C
:10FE40007553505D046BEB6FCD852D86A7892952C4
:10FE50000F54655C4E67A86806748374E275CF889A
:10FE6000E188CC91E29678968B5F8773CB7A4E844B
:10FE7000A06365758952416D9C6E097459756B78E4
:10FE8000927C8696DC7A8D9FB64F6E61C5655C86E6
:10FE9000864EAE4EDA50214ECC51EE5B99658168AC
:10FEA000BC6D1F734276AD771C7AE77C6F82D28A75
:10FEB0007C90CF91759618989B52D17D2B5098537A
:10FEC0009767CB6DD0713374E8812A8FA396579CC6
:10FED0009F9E60744158996D2F7D5E98E44E364F19
:10FEE0008B4FB751B152BA5D1C60B2733C79D3826B
:10FEF0003492B796F6960A97979E629FA666746BA1
:10FF00001752A352C870C288C95E4B609061236FBC
:10FF100049713E7CF47D6F80EE8423902C93425493
:10FF20006F9BD36A8970C28CEF8D3297B452415A5D
:10FF3000CA5E045F17677C6994696A6D0F6F6272AD
:10FF4000FC72ED7B01807E804B87CE906D51939E3D
:10FF500084798B803293D68A2D508C54718A6A6B47
:10FF6000C48C0781D160A067F29D994E984E109C79
:10FF70006B8AC185688500697E6E9778558100001F
:10FF80000A0001000200030004000500060007004B
:10FF9000080009000A000B000C000D000E000F0005
:10FFA00010000000202020202020202020202020C1
:10FFB00020202020000000001F001C200000000066
:10FFC0001421000002001624000000001425000087
:10FFD0000200152800000000112900000000142A6A
:10FFE00000000000182B00000000142C000000008E
:10FFF000102D00000000142E000001000C30000045
:02000004600397
:100000000900143A00000100183C00000200143FEF
:1000100000000100034100001900155B0000000012
:10002000145C00000000115D00000000175E00007D
:1000300000000F5F00000000176000000000036177
:1000400000001900157B00000000187C0000000073
:10005000117D00000000187E00000000007F0000FD
:1000600020001CA00000000014A10000000016A247
:100070000000030019A60000000014A70000000003
:1000800017A80000000019A90000000006AA00003F
:10009000000013AB0000000018AC0000000001AD30
:1000A0000000000019AE0000000017AF00000000C3
:1000B00019B00000000018B1000000000EB20000EE
:1000C000010017B40000000003B50000000014B6E2
:1000D0000000010017B8000000000EB90000000089
:1000E00006BA0000000012BB000000000EBC0000B9
:1000F000020014BF0000000003C00000160018D763
:100100000000000003D80000060004DF000000002B
:1001100003E00000160018F70000000003F80000DC
:100120003F00043801000000033901000F000449BA
:1001300001000000034A01004200048D010000009C
:10014000038E01000C00049B01000000039C0100D1
:100150000D0004AA0100010003AC01000D0004BA67
:100160000100000006BB0100000003BC010001000B
:1001700004BE0100000003BF0100000006C0010032
:10018000030003C40100000007C50100000003C60E
:100190000100010007C80100000003C901000100BF
:1001A00007CB0100000003CC0100230004F0010094
:1001B000000003F10100000007F20100000003F35A
:1001C00001002D00042102000000032202001100A2
:1001D000043402000500033A02001A00045502002C
:1001E00000000356020001000458020000000359F9
:1001F00002000000045A02000000035B020001003C
:10020000045D0200020003600200010004620200BB
:1002100000000363020000000464020000000365A4
:1002200002000100046702000000036802000400ED
:10023000046D02000100036F020000000470020060
:100240000000037102000100047302000100037545
:1002500002000000047602000600037D0200000098
:10026000047E0200010003800200000004810200FD
:1002700000000382020001000484020002000387E0
:1002800002000500048D0200040003920200000039
:10029000049302000000069402000000049502008E
:1002A0000700039D02000100049F0200100005B03A
:1002B0000200110017C20200030005C602000B0075
:1002C00017D202000D0005E00200040017E502004D
:1002D000060005EC0200000017ED0200000005EE2C
:1002E0000200000017EF020010000B0003006F0077
:1002F000037003000300057403000000177503007A
:100300000000037603000100057A03000000037B70
:1003100003000200147E03000000037F03000000BE
:100320001784030001000386030000001487030004
:100330000000038803000200038C03000000038E0A
:10034000030001000490030000000391030010006B
:1003500003A303000C0004B00300000003B103007A
:10036000200008D20300020003D50300200018F685
:100370000300000003F70300040004FC0300000076
:1003800003FD030084001982040000000B830400B5
:1003900004000A8804000100038A0400A500033158
:1003A00005002500055905000000145A0500050048
:1003B00004600500000003610500250004870500B6
:1003C0000100148905000000108A05000000198D45
:1003D00005000100168F050000000B9105002C00A0
:1003E00010BE050000000BBF0500000014C0050092
:1003F00000000BC10500010014C3050000000BC480
:100400000500010014C6050000000BC70500000030
:1004100006D005001A0006EF0500030014F30500DE
:10042000010001000600050018060600020014097C
:1004300006000100160B06000000140C0600010067
:10044000190E060001000B1006000A00141B06001E
:100450000000011C06000000141D0600020006201A
:1004600006001F00054006000000064106000900C6
:100470000B4B060014000C6006000900146A06000D
:100480000300066E060001000B70060000000671F6
:100490000600620014D40600000006D50600000025
:1004A0000BD60600060001DD0600000019DE06007E
:1004B00000000BDF0600050005E5060001000BE764
:1004C0000600010019E9060000000BEA060003001F
:1004D00006EE060001000CF00600090006FA060010
:1004E000020019FD0600010006FF060000001400CE
:1004F00007000D00010F07000000061007000000B4
:100500000B1107000000061207001D000B3007004A
:100510001A00064D070058000BA607000A0006B196
:10052000070000000CC00700090006CA07002000F1
:100530000BEB0700080005F40700010019F607009F
:10054000000014F70700020005FA070000000BFD89
:100550000700000016FE0700010006000800150055
:100560000B1608000300051A080000000B1B08000A
:1005700008000524080000000B25080002000528DB
:10058000080000000B2908000400143008000E00C9
:100590000640080018000B5908000200145E08000D
:1005A0000000066008000A0006700800170017889F
:1005B00008000000068908000500019008000100FD
:1005C0000B980800070006A00800280005C90800CD
:1005D00000000BCA0800170001E2080000000BE34E
:1005E00008001F0009030900000006040900350087
:1005F0000B3A09000000093B090000000B3C090010
:100600000000063D09000000093E090002000B4100
:10061000090007000949090003000B4D090000000B
:10062000094E090001000650090000000B510900A5
:1006300006000658090009000B6209000100146455
:10064000090001000C66090009001470090000008F
:10065000057109000000067209000E000B810900F7
:100660000000098209000100068509000700068FC5
:100670000900010006930900150006AA09000600FA
:1006800006B20900000006B6090003000BBC090011
:10069000000006BD0900000009BE090002000BC1F0
:1006A0000900030009C70900010009CB0900010086
:1006B0000BCD0900000006CE0900000009D7090093
:1006C000000006DC0900010006DF090002000BE261
:1006D000090001000CE60900090006F0090001000C
:1006E00016F2090001000EF40900050019FA0900CC
:1006F000000016FB0900000006FC0900000014FDC4
:10070000090000000BFE090000000B010A000100B7
:1007100009030A00000006050A000500060F0A008A
:10072000010006130A001500062A0A000600063218
:100730000A00010006350A00010006380A0001001F
:100740000B3C0A000000093E0A0002000B410A00AF
:1007500001000B470A0001000B4B0A0002000B517D
:100760000A00000006590A000300065E0A000000A5
:100770000C660A0009000B700A00010006720A00EC
:1007800002000B750A00000014760A0000000B81BD
:100790000A00010009830A00000006850A0008001B
:1007A000068F0A00020006930A00150006AA0A0036
:1007B000060006B20A00010006B50A0004000BBCE0
:1007C0000A00000006BD0A00000009BE0A0002007F
:1007D0000BC10A0004000BC70A00010009C90A0086
:1007E000000009CB0A0001000BCD0A00000006D072
:1007F0000A00000006E00A0001000BE20A00010006
:100800000CE60A00090014F00A00000016F10A00C4
:10081000000006F90A0000000BFA0A0005000B01AF
:100820000B00000009020B00010006050B00070089
:10083000060F0B00010006130B001500062A0B0023
:10084000060006320B00010006350B0004000B3CCD
:100850000B000000063D0B000000093E0B000000ED
:100860000B3F0B00000009400B0000000B410B0088
:10087000030009470B000100094B0B0001000B4D61
:100880000B0000000B550B00010009570B00000086
:10089000065C0B000100065F0B0002000B620B0000
:1008A00001000C660B00090019700B0000000671B6
:1008B0000B0000000E720B0005000B820B00000005
:1008C00006830B00000006850B000500068E0B005A
:1008D000020006920B00030006990B000100069C23
:1008E0000B000000069E0B00010006A30B00010098
:1008F00006A80B00020006AE0B000B0009BE0B00A1
:1009000001000BC00B00000009C10B00010009C66B
:100910000B00020009CA0B0002000BCD0B00000007
:1009200006D00B00000009D70B0000000CE60B00FE
:1009300009000EF00B00020019F30B00050016F978
:100940000B00000019FA0B0000000B000C00000067
:1009500009010C0002000B040C00000006050C004D
:100960000700060E0C00020006120C001600062AF4
:100970000C000F000B3C0C000000063D0C000000BA
:100980000B3E0C00020009410C0003000B460C005A
:1009900002000B4A0C0003000B550C000100065826
:1009A0000C000200065D0C00000006600C00010057
:1009B0000B620C0001000C660C00090014770C009F
:1009C00000000E780C000600197F0C000000068065
:1009D0000C0000000B810C00000009820C000100DB
:1009E00014840C00000006850C000700068E0C0025
:1009F000020006920C00160006AA0C00090006B5BB
:100A00000C0004000BBC0C00000006BD0C00000034
:100A100009BE0C0000000BBF0C00000009C00C0058
:100A200004000BC60C00000009C70C00010009CA35
:100A30000C0001000BCC0C00010009D50C000100DA
:100A400006DD0C00010006E00C0001000BE20C00CA
:100A500001000CE60C00090006F10C0001000B007F
:100A60000D00010009020D00010006040D00080040
:100A7000060E0D00020006120D0028000B3B0D00B3
:100A80000100063D0D000000093E0D0002000B4173
:100A90000D00030009460D000200094A0D00020086
:100AA0000B4D0D000000064E0D000000194F0D000B
:100AB000000006540D00020009570D0000000E58FA
:100AC0000D000600065F0D0002000B620D00010024
:100AD0000C660D0009000E700D00080019790D005C
:100AE0000000067A0D0005000B810D000000098250
:100AF0000D00010006850D001100069A0D0017007B
:100B000006B30D00080006BD0D00000006C00D0074
:100B100006000BCA0D00000009CF0D0002000BD229
:100B20000D0002000BD60D00000009D80D000700D3
:100B30000CE60D00090009F20D00010014F40D008F
:100B4000000006010E002F000B310E0000000632DF
:100B50000E0001000B340E000600163F0E000000D0
:100B600006400E00050005460E0000000B470E0073
:100B70000700144F0E0000000C500E000900145A1C
:100B80000E00010006810E00010006840E00000028
:100B900006860E000400068C0E00170006A50E0047
:100BA000000006A70E0009000BB10E00000006B2FF
:100BB0000E0001000BB40E00080006BD0E00000080
:100BC00006C00E00040005C60E0000000BC80E0093
:100BD00005000CD00E00090006DC0E000300060024
:100BE0000F00000019010F00020014040F000E0096
:100BF00019130F00000014140F00000019150F0046
:100C000002000B180F000100191A0F0005000C203C
:100C10000F0009000E2A0F00090019340F00000010
:100C20000B350F00000019360F0000000B370F00C6
:100C3000000019380F0000000B390F000000153AB2
:100C40000F000000113B0F000000153C0F000000DA
:100C5000113D0F000000093E0F00010006400F008B
:100C6000070006490F0023000B710F000D00097FDC
:100C70000F0000000B800F00040014850F0000001F
:100C80000B860F00010006880F0004000B8D0F007B
:100C90000A000B990F00230019BE0F0007000BC6B6
:100CA0000F00000019C70F00050019CE0F0001004A
:100CB00014D00F00040019D50F00030014D90F0041
:100CC0000100060010002A00092B100001000B2D66
:100CD000100003000931100000000B321000050065
:100CE0000938100000000B3910000100093B10000A
:100CF00001000B3D10000100063F100000000C40F9
:100D000010000900144A10000500065010000500EC
:100D10000956100001000B5810000100065A10007F
:100D200003000B5E10000200066110000000096263
:100D3000100002000665100001000967100006009F
:100D4000066E100002000B71100003000675100003
:100D50000C000B82100000000983100001000B85BD
:100D6000100001000987100005000B8D1000000025
:100D7000068E10000000098F100000000C9010007B
:100D80000900099A100002000B9D10000000199E36
:100D90001000010003A01000250003C71000000090
:100DA00003CD1000000003D010002A0014FB100037
:100DB000000005FC1000000003FD1000020006000A
:100DC00011004801064A12000300065012000600F6
:100DD000065812000000065A1200030006601200B6
:100DE0002800068A1200030006901200200006B2B6
:100DF0001200030006B81200060006C01200000030
:100E000006C21200030006C812000E0006D8120027
:100E100038000612130003000618130042000B5D91
:100E2000130002001460130008000E691300130081
:100E3000068013000F0019901300090003A013008F
:100E4000550003F81300050010001400000006010F
:100E500014006B02196D16000000146E16000000DD
:100E6000066F160010001C80160000000681160098
:100E70001900159B16000000119C1600000006A02A
:100E800016004A0014EB160002000DEE16000200D8
:100E900006F1160007000600170011000B121700DC
:100EA0000200091517000000061F170012000B3280
:100EB0001700010009341700000014351700010065
:100EC0000640170011000B521700010006601700C2
:100ED0000C00066E170002000B721700010006805E
:100EE000170033000BB41700010009B6170000000B
:100EF0000BB71700060009BE170007000BC6170046
:100F0000000009C7170001000BC917000A0014D41C
:100F10001700020005D71700000014D817000200C0
:100F200016DB1700000006DC170000000BDD1700C1
:100F300000000CE0170009000EF017000900140073
:100F40001800050010061800000014071800030020
:100F50000B0B18000200010E180000000B0F180008
:100F600000000C101800090006201800220005439C
:100F70001800000006441800340006801800040021
:100F80000B85180001000687180021000BA9180026
:100F9000000006AA1800000006B018004500060070
:100FA00019001E000B20190002000923190003007C
:100FB0000B27190001000929190002000930190046
:100FC00001000B32190000000933190005000B392C
:100FD0001900020019401900000014441900010012
:100FE0000C4619000900065019001D000670190072
:100FF0000400068019002B0006B0190019000CD05F
:10100000190009000EDA1900000019DE190021008C
:1010100006001A0016000B171A00010009191A0021
:1010200001000B1B1A000000141E1A00010006200C
:101030001A00340009551A0000000B561A0000006F
:1010400009571A0000000B581A0006000B601A001E
:10105000000009611A0000000B621A000000096319
:101060001A0001000B651A000700096D1A0005003F
:101070000B731A0009000B7F1A0000000C801A0085
:1010800009000C901A00090014A01A00060005A718
:101090001A00000014A81A0005000BB01A000D0079
:1010A0000ABE1A0000000BBF1A000F000B001B0045
:1010B000030009041B00000006051B002E000B3472
:1010C0001B00000009351B0000000B361B0004004C
:1010D000093B1B0000000B3C1B000000093D1B00EE
:1010E00004000B421B00000009431B0001000645E1
:1010F0001B0007000C501B000900145A1B000600BF
:1011000019611B0009000B6B1B00080019741B0000
:101110000800147D1B0001000B801B0001000982E8
:101120001B00000006831B001D0009A11B0000001E
:101130000BA21B00030009A61B0001000BA81B004B
:10114000010009AA1B0000000BAB1B00020006AE49
:101150001B0001000CB01B00090006BA1B002B008D
:101160000BE61B00000009E71B0000000BE81B005A
:10117000010009EA1B0002000BED1B00000009EE54
:101180001B0000000BEF1B00020009F21B00010016
:1011900014FC1B00030006001C00230009241C0093
:1011A00007000B2C1C00070009341C0001000B3643
:1011B0001C000100143B1C0004000C401C00090032
:1011C000064D1C0002000C501C000900065A1C00B1
:1011D0001D0005781C000500147E1C000100038022
:1011E0001C00080003901C002A0003BD1C00020024
:1011F00014C01C0007000BD01C00020014D31C00FC
:1012000000000BD41C000C0009E11C0000000BE2E4
:101210001C00060006E91C0003000BED1C0000008A
:1012200006EE1C0005000BF41C00000006F51C0077
:10123000010009F71C0000000BF81C00010006FA71
:101240001C00000004001D002B00052C1D003E00AA
:10125000046B1D000C0005781D00000003791D00C3
:101260000000047A1D000200037D1D000000047EC2
:101270001D000F00038E1D000000048F1D000B00D9
:10128000059B1D0024000BC01D003F0003001E0035
:10129000950004961E000400039B1E000000049CA1
:1012A0001E000100039E1E000000049F1E0000009F
:1012B00003A01E00750003181F00050003201F0077
:1012C000250003481F00050004501F0000000351C3
:1012D0001F00000004521F00000003531F00000005
:1012E00004541F00000003551F00000004561F0097
:1012F000000003571F00000003591F000000035B9C
:101300001F000000035D1F000000035F1F001E00A0
:1013100003801F00070007881F00070003901F00BD
:10132000070007981F00070003A01F00070007A879
:101330001F00070003B01F00010004B21F000000DF
:1013400003B31F00000004B41F00000004B61F0018
:10135000010003B81F00030007BC1F00000017BDF9
:101360001F00000003BE1F00000017BF1F00020087
:1013700004C21F00000003C31F00000004C41F00BC
:10138000000004C61F00010003C81F00030007CCB3
:101390001F00000017CD1F00020003D01F00010036
:1013A00004D21F00010004D61F00010003D81F0053
:1013B000030017DD1F00020003E01F00010004E22C
:1013C0001F00020003E51F00000004E61F000100EB
:1013D00003E81F00040017ED1F00020004F21F00C5
:1013E000000003F31F00000004F41F00000004F6D7
:1013F0001F00010003F81F00030007FC1F0000008E
:1014000017FD1F0001001C0020000A00010B200036
:10141000040010102000050014162000010013180D
:1014200020000000121920000000151A2000000002
:10143000131B20000100121D20000000151E2000BB
:101440000000131F200000001420200007001A28AD
:10145000200000001B2920000000012A20000400B9
:101460001C2F200000001430200008001339200039
:101470000000123A20000000143B200003000F3F40
:101480002000010014412000020018442000000048
:1014900015452000000011462000000014472000E0
:1014A0000A001852200000001453200000000F54BE
:1014B000200000001455200009001C5F20000000DF
:1014C0000160200004000166200009000E70200069
:1014D00000000571200000000E7420000500187A3D
:1014E00020000200157D20000000117E2000000079
:1014F000057F200000000E8020000900188A2000CF
:101500000200158D20000000118E200000000590C3
:1015100020000C0016A0200020000BD020000C00A2
:101520000ADD200003000BE1200000000AE2200099
:1015300002000BE520000B00190021000100080249
:10154000210000001903210003000807210000000A
:10155000190821000100040A21000000080B2100E5
:101560000200040E210001000810210002000413F3
:1015700021000000191421000000081521000000BE
:101580001916210001001818210000000819210077
:101590000400191E2100050008242100000019255F
:1015A000210000000326210000001927210000006F
:1015B000082821000000192921000000032A210029
:1015C0000100082C21000100192E21000000042F29
:1015D000210000000830210001000332210000003A
:1015E00008332100000004342100000006352100EA
:1015F0000300043921000000193A21000100043CD5
:1016000021000100083E21000100184021000400D3
:10161000084521000000044621000300194A21006A
:101620000000184B21000000194C21000100034E5E
:1016300021000000194F210000000E5021000F0072
:101640000D60210022000383210001000D8521008F
:1016500003000E8921000000198A21000100189062
:1016600021000400199521000400189A21000100AE
:10167000199C2100030018A02100000019A12100DD
:10168000010018A32100000019A42100010018A6E0
:101690002100000019A72100060018AE210000005B
:1016A00019AF21001E0018CE2100010019D0210021
:1016B000010018D22100000019D32100000018D425
:1016C0002100000019D521001E0018F421000B0193
:1016D000190023000700150823000000110923004A
:1016E0000000150A23000000110B23000000190C54
:1016F00023001300182023000100192223000600F4
:10170000152923000000112A23000000192B2300B3
:101710005000187C23000000197D23001D00189B39
:101720002300180019B42300270018DC230005004B
:1017300019E223004400194024000A000E6024002E
:101740003B00199C24004D000EEA240015001900EE
:101750002500B60018B72500000019B825000800BC
:1017600018C12500000019C22500350018F8250011
:101770000700190026006E00186F2600000019707F
:101780002600F700156827000000116927000000F7
:10179000156A27000000116B27000000156C270058
:1017A0000000116D27000000156E27000000116F6A
:1017B00027000000157027000000117127000000AD
:1017C0001572270000001173270000001574270010
:1017D00000001175270000000E7627001D001994E7
:1017E00027002B0018C02700040015C527000000A3
:1017F00011C62700000018C727001E0015E62700A5
:10180000000011E72700000015E82700000011E99B
:101810002700000015EA2700000011EB2700000058
:1018200015EC2700000011ED2700000015EE270041
:10183000000011EF2700000018F027000F0019002A
:101840002800FF00180029008200158329000000ED
:101850001184290000001585290000001186290047
:101860000000158729000000118829000000158953
:1018700029000000118A29000000158B29000000B2
:10188000118C29000000158D29000000118E2900FF
:101890000000158F2900000011902900000015910B
:1018A0002900000011922900000015932900000072
:1018B00011942900000015952900000011962900B7
:1018C00000001597290000001198290000001899C0
:1018D00029003E0015D82900000011D92900000078
:1018E00015DA2900000011DB2900000018DC2900AE
:1018F0001F0015FC2900000011FD2900000018FE42
:101900002900010119002B002F0018302B001400B2
:1019100019452B00010018472B000500194D2B001D
:10192000260019762B001F0019972B006800030072
:101930002C00700004712C00000003722C000100C8
:1019400004742C00000003752C00010004772C00A7
:101950000400057C2C000100037E2C00650004E4DB
:101960002C00000019E52C00050003EB2C000300FF
:101970000BEF2C00020003F22C00010014F92C00E4
:1019800003000EFD2C00000014FE2C0001000300DB
:101990002D00250003272D000000032D2D00000041
:1019A00006302D003700056F2D00000014702D004B
:1019B00000000B7F2D00000006802D00160006A001
:1019C0002D00060006A82D00060006B02D0006001A
:1019D00006B82D00060006C02D00060006C82D0022
:1019E000060006D02D00060006D82D0006000BE0EC
:1019F0002D001F0014002E00010013022E00000015
:101A000012032E00000013042E00000012052E0009
:101A1000000014062E00020013092E000000120A16
:101A20002E000000140B2E000000130C2E000000EE
:101A3000120D2E000000140E2E00080010172E00AC
:101A4000000014182E000100101A2E000000141BB4
:101A50002E000000131C2E000000121D2E0000009E
:101A6000141E2E00010013202E00000012212E0053
:101A7000000015222E00000011232E000000152466
:101A80002E00000011252E00000015262E0000005B
:101A900011272E00000015282E00000011292E000D
:101AA0000000142A2E000400052F2E000000143020
:101AB0002E000900103A2E000100143C2E000300F5
:101AC00010402E00000014412E00000015422E0090
:101AD000000014432E000C0019502E000100145277
:101AE0002E00020015552E00000011562E00000099
:101AF00015572E00000011582E00000015592E0019
:101B00000000115A2E000000155B2E000000115C31
:101B10002E000000105D2E00000019802E0019001C
:101B2000199B2E00580019002F00D50019F02F0026
:101B30000B001C00300000001401300002001904EA
:101B400030000000050530000000060630000000EF
:101B50000D073000000015083000000011093000AA
:101B60000000150A30000000110B30000000150CB9
:101B700030000000110D30000000150E3000000094
:101B8000110F30000000151030000000111130005E
:101B9000000019123000010015143000000011156A
:101BA0003000000015163000000011173000000052
:101BB000151830000000111930000000151A30000F
:101BC0000000111B30000000101C30000000151D2B
:101BD00030000000111E300001001920300000000C
:101BE0000D21300008000B2A30000300092E3000C0
:101BF00001001030300000000531300004001936BB
:101C0000300001000D3830000200053B30000000BC
:101C1000063C30000000143D30000000193E30004A
:101C200001000641300055000B9930000100179B60
:101C300030000100059D30000100069F30000000CB
:101C400010A03000000006A13000590014FB300045
:101C5000000005FC3000020006FF30000000060511
:101C600031002A00063131005D0019903100010079
:101C70000E923100030019963100090006A03100D0
:101C80001F0019C03100230006F031000F001900B9
:101C900032001E000E2032000900192A32001D00F9
:101CA0000E48320007001950320000000E51320079
:101CB0000E00196032001F000E8032000900198AE0
:101CC000320026000EB132000E0019C032003F0172
:101CD00006003400BF1919C04D003F0006004E0039
:101CE00014520515A00000000616A00076041990F5
:101CF000A400360006D0A400270005F8A4000500C3
:101D000014FEA40001000600A5000B01050CA600AE
:101D10000000140DA60002000610A6000F000C2003
:101D2000A6000900062AA60001000340A6002D0017
:101D3000066EA60000000B6FA60000000A70A60049
:101D400002001473A60000000B74A6000900147EA4
:101D5000A6000000057FA60000000380A6001B006F
:101D6000059CA60001000B9EA600010006A0A6008F
:101D700045000DE6A60009000BF0A600010014F2D4
:101D8000A60005001700A70016000517A700080009
:101D90001720A70001000322A7000D000430A700B0
:101DA00001000332A7003D000570A7000000047188
:101DB000A70007000379A7000E000588A700000010
:101DC0001789A7000100038BA7000200048EA7005B
:101DD0000000068FA70000000390A70004000495F0
:101DE000A70000000396A700180004AFA70000009A
:101DF00003B0A7001A0003D0A700010004D3A70076
:101E0000000004D5A700000003D6A700030005F2D8
:101E1000A700020003F5A700010006F7A7000000D5
:101E200005F8A700010004FAA700000006FBA700C0
:101E300006000B02A80000000603A80002000B0623
:101E4000A80000000607A80003000B0BA800000074
:101E5000060CA80016000923A80001000B25A80005
:101E600001000927A80000001928A80003000B2C76
:101E7000A80000000E30A80005001936A8000100D7
:101E80001638A80000001939A80000000640A80074
:101E900033001474A80003000980A8000100068222
:101EA000A800310009B4A8000F000BC4A80001006D
:101EB00014CEA80001000CD0A80009000BE0A80077
:101EC000110006F2A800050014F8A800020006FBA5
:101ED000A800000014FCA800000006FDA8000100F6
:101EE0000BFFA80000000C00A9000900060AA900C9
:101EF0001B000B26A9000700142EA90001000630C4
:101F0000A90016000B47A9000A000952A900010008
:101F1000145FA90000000660A9001C000B80A90046
:101F200002000983A90000000684A9002E000BB35B
:101F3000A900000009B4A90001000BB6A900030024
:101F400009BAA90001000BBCA900010009BEA90043
:101F5000020014C1A9000C0005CFA90000000CD09C
:101F6000A900090014DEA900010006E0A900040090
:101F70000BE5A900000005E6A900000006E7A9009E
:101F800008000CF0A900090006FAA90004000600E8
:101F9000AA0028000B29AA000500092FAA000100A9
:101FA0000B31AA0001000933AA0001000B35AA0079
:101FB00001000640AA0002000B43AA0000000644EC
:101FC000AA0007000B4CAA000000094DAA0000005F
:101FD0000C50AA000900145CAA0003000660AA00C5
:101FE0000F000570AA0000000671AA00050019770D
:101FF000AA000200067AAA000000097BAA000000DD
:102000000B7CAA000000097DAA000000067EAA0041
:1020100031000BB0AA00000006B1AA0000000BB20C
:10202000AA00020006B5AA0001000BB7AA00010031
:1020300006B9AA0004000BBEAA00010006C0AA004F
:1020400000000BC1AA00000006C2AA00000006DBC7
:10205000AA00010005DDAA00000014DEAA000100AC
:1020600006E0AA000A0009EBAA0000000BECAA0097
:10207000010009EEAA00010014F0AA00010006F216
:10208000AA00000005F3AA00010009F5AA0000005B
:102090000BF6AA0000000601AB0005000609AB0024
:1020A00005000611AB0005000620AB00060006285F
:1020B000AB0006000430AB0022000353AB0000006D
:1020C0000454AB000600175BAB000000055CAB00DE
:1020D00003000460AB0008000569AB000000176A4C
:1020E000AB0001000370AB004F0006C0AB00220044
:1020F00009E3AB0001000BE5AB00000009E6AB0013
:1021000001000BE8AB00000009E9AB00010014EB93
:10211000AB00000009ECAB0000000BEDAB000000D1
:102120000CF0AB0009000600AC00A32B06B0D700F2
:10213000160006CBD70030000200D800FF070600CB
:10214000F9006D010670FA0069000400FB0006004A
:102150000413FB000400061DFB0000000B1EFB0027
:102160000000061FFB0009001829FB000000062ADA
:10217000FB000C000638FB000400063EFB000000DC
:102180000640FB0001000643FB0001000646FB0081
:102190006B0017B2FB00100006D3FB006A01113E72
:1021A000FD000000153FFD0000001940FD000F007C
:1021B0000650FD003F000692FD00350019CFFD00DE
:1021C000000006F0FD000B0016FCFD00000019FDEC
:1021D000FD0002000B00FE000F001410FE000600C0
:1021E0001517FE0000001118FE0000001419FE0073
:1021F00000000B20FE000F001430FE000000103124
:10220000FE0001000F33FE0001001535FE00000046
:102210001136FE0000001537FE0000001138FE00E8
:1022200000001539FE000000113AFE000000153BC9
:10223000FE000000113CFE000000153DFE00000005
:10224000113EFE000000153FFE0000001140FE00A0
:1022500000001541FE0000001142FE000000154381
:10226000FE0000001144FE0000001445FE000100C5
:102270001547FE0000001148FE0000001449FE0052
:1022800003000F4DFE0002001450FE000200145423
:10229000FE0003001058FE0000001559FE0000006B
:1022A000115AFE000000155BFE000000115CFE00EC
:1022B0000000155DFE000000115EFE000000145FCE
:1022C000FE0002001862FE0000001063FE00000025
:1022D0001864FE0002001468FE0000001669FE008B
:1022E0000000146AFE0001000670FE00040006767D
:1022F000FE00860001FFFE0000001401FF00020046
:102300001604FF0000001405FF0002001508FF007E
:1023100000001109FF000000140AFF000000180B64
:10232000FF000000140CFF000000100DFF00000073
:10233000140EFF0001000C10FF000900141AFF002A
:102340000100181CFF000200141FFF000100032100
:10235000FF001900153BFF000000143CFF000000C7
:10236000113DFF000000173EFF0000000F3FFF007F
:1023700000001740FF0000000341FF001900155B3B
:10238000FF000000185CFF000000115DFF0000006E
:10239000185EFF000000155FFF0000001160FF00E5
:1023A00000001461FF0000001562FF0000001163CF
:1023B000FF0000001464FF0001000666FF00090032
:1023C0000570FF0000000671FF002C00059EFF0055
:1023D000010006A0FF001E0006C2FF00050006CA9D
:1023E000FF00050006D2FF00050006DAFF0002002C
:1023F00016E0FF00010018E2FF00000017E3FF00F5
:10240000000019E4FF00000016E5FF00010019E8D4
:10241000FF00000018E9FF00030019EDFF000100B4
:1024200001F9FF00020019FCFF0001000600000195
:102430000B00060D00011900062800011200063CE1
:1024400000010100063F00010E00065000010D00D2
:10245000068000017A001400010102000E0701014C
:102460002C001937010108000D40010134000E75E0
:10247000010103001979010110000E8A0101010018
:10248000198C01010200199001010C0019A0010131
:10249000000019D001012C000BFD01010000068095
:1024A00002011C0006A0020130000BE00201000046
:1024B0000EE102011A00060003011F000E200301B5
:1024C0000300062D030113000D4103010000064225
:1024D000030107000D4A0301000006500301250017
:1024E0000B7603010400068003011D00149F030105
:1024F000000006A00301230006C80301070014D052
:10250000030100000DD103010400030004014F008A
:10251000065004014D000CA00401090003B00401A1
:10252000230003D80401230006000501270006301C
:1025300005013300146F05010000037005010A0056
:10254000037C05010E00038C0501060003940501C0
:102550000100039705010A0003A305010E0003B360
:102560000501060003BB0501010006000601360156
:1025700006400701150006600701070005800701F6
:10258000050005870701290005B2070108000600BC
:1025900008010500060808010000060A08012B00D2
:1025A000063708010100063C08010000063F08014B
:1025B00016001457080100000E58080107000660B5
:1025C000080116001977080101000E7908010600BC
:1025D000068008011E000EA70801080006E0080199
:1025E000120006F4080101000EFB080104000600B9
:1025F000090115000E1609010500141F090100004C
:10260000062009011900143F090100000680090194
:1026100037000EBC0901010006BE090101000EC011
:1026200009010F000ED209012D0006000A01000069
:102630000B010A0102000B050A0101000B0C0A0143
:10264000030006100A01030006150A01020006191C
:102650000A011C000B380A0102000B3F0A010000AE
:102660000E400A01080014500A01080006600A0121
:102670001C000E7D0A010100147F0A010000068083
:102680000A011C000E9D0A01020006C00A01070093
:1026900019C80A01000006C90A011B000BE50A015E
:1026A00001000EEB0A01040014F00A010600060006
:1026B0000B01350014390B01060006400B01150013
:1026C0000E580B01070006600B0112000E780B017B
:1026D000070006800B01110014990B0103000EA9DD
:1026E0000B01060006000C01480003800C013200BB
:1026F00003C00C0132000EFA0C01050006000D01AA
:1027000023000B240D0103000C300D0109000E60A5
:102710000E011E0006800E0129000BAB0E01010008
:1027200010AD0E01000006B00E01010006000F0101
:102730001C000E1D0F01090006270F0100000630C6
:102740000F0115000B460F010A000E510F01030087
:1027500014550F01040006700F0111000B820F01C8
:10276000030014860F01030006B00F0114000EC50C
:102770000F01060006E00F0116000900100100001D
:102780000B011001000009021001000006031001F6
:1027900034000B3810010E001447100106000E52D1
:1027A000100113000C66100109000B7010010000ED
:1027B0000671100101000B73100101000675100174
:1027C00000000B7F10010200098210010000068347
:1027D00010012C0009B0100102000BB3100103001E
:1027E00009B7100101000BB91001010014BB100161
:1027F000010001BD1001000014BE100103000BC256
:102800001001000001CD1001000006D010011800D9
:102810000CF0100109000B00110102000603110168
:1028200023000B2711010400092C110100000B2DBE
:10283000110107000C3611010900144011010300B9
:10284000064411010000094511010100064711016C
:1028500000000650110122000B73110100001474D6
:10286000110101000676110100000B801101010029
:10287000098211010000068311012F0009B3110123
:1028800002000BB61101080009BF1101010006C1C9
:102890001101030014C5110103000BC9110103004C
:1028A00014CD1101000009CE110100000BCF110160
:1028B00000000CD01101090006DA1101000014DB40
:1028C0001101000006DC1101000014DD11010200FD
:1028D0000EE111011300060012011100061312018E
:1028E0001800092C120102000B2F120102000932FC
:1028F000120101000B341201000009351201000021
:102900000B36120101001438120105000B3E1201B2
:102910000000068012010600068812010000068AE7
:1029200012010300068F12010E00069F120109001A
:1029300014A91201000006B012012E000BDF1201D3
:10294000000009E0120102000BE3120107000CF085
:10295000120109000B00130101000902130101001B
:10296000060513010700060F1301010006131301EA
:102970001500062A13010600063213010100063570
:10298000130104000B3B13010100063D130100007D
:10299000093E130101000B4013010000094113011E
:1029A0000300094713010100094B130102000650FF
:1029B00013010000095713010000065D1301040014
:1029C0000962130101000B66130106000B7013016D
:1029D00004000600140134000935140102000B380C
:1029E000140107000940140101000B421401020008
:1029F0000945140100000B461401000006471401AC
:102A00000300144B140104000C5014010900145A63
:102A100014010100145D140100000B5E140100009C
:102A2000065F14010200068014012F0009B0140192
:102A300002000BB31401050009B9140100000BBA20
:102A40001401000009BB140103000BBF14010100B5
:102A500009C1140100000BC21401010006C41401D5
:102A6000010014C61401000006C7140100000CD0B8
:102A700014010900068015012E0009AF150102009E
:102A80000BB21501030009B8150103000BBC1501B9
:102A9000010009BE150100000BBF1501010014C1A2
:102AA0001501160006D8150103000BDC1501010005
:102AB000060016012F000930160102000B33160123
:102AC0000700093B160101000B3D16010000093EFD
:102AD000160100000B3F160101001441160102000F
:102AE0000644160100000C5016010900146016017E
:102AF0000C00068016012A000BAB1601000009AC81
:102B0000160100000BAD1601000009AE1601010010
:102B10000BB01601050009B6160100000BB716012F
:102B2000000006B81601000014B9160100000CC020
:102B300016010900060017011A000B1D17010200FB
:102B40000920170101000B221701030009261701B4
:102B500000000B27170104000C30170109000E3A82
:102B600017010100143C17010200193F1701000072
:102B7000064017010600060018012B00092C180159
:102B800002000B2F180108000938180100000B394A
:102B900018010100143B1801000003A018013F00B8
:102BA0000CE0180109000EEA1801080006FF1801E0
:102BB0000700060919010000060C19010700061597
:102BC0001901010006181901170009301901050043
:102BD0000937190101000B3B19010100093D1901D9
:102BE00000000B3E19010000063F190100000940DA
:102BF00019010000064119010000094219010000F5
:102C00000B43190100001444190102000C50190172
:102C1000090006A01901070006AA1901260009D11A
:102C2000190102000BD4190103000BDA190101008C
:102C300009DC190103000BE01901000006E119018C
:102C4000000014E21901000006E31901000009E484
:102C50001901000006001A0100000B011A01090009
:102C6000060B1A0127000B331A01050009391A0156
:102C70000000063A1A0100000B3B1A010300143F42
:102C80001A0107000B471A01000006501A01000044
:102C90000B511A01050009571A0101000B591A01BD
:102CA0000200065C1A012D000B8A1A010C0009971C
:102CB0001A0100000B981A010100149A1A0102006F
:102CC000069D1A010000149E1A01040006B01A01A4
:102CD000480006001C010800060A1C012400092FF8
:102CE0001C0100000B301C0106000B381C01050004
:102CF000093E1C0100000B3F1C01000006401C01A6
:102D0000000014411C0104000C501C0109000E5A63
:102D10001C01120014701C01010006721C011D0030
:102D20000B921C01150009A91C0100000BAA1C0133
:102D3000060009B11C0100000BB21C01010009B41E
:102D40001C0100000BB51C01010006001D0106005E
:102D500006081D010100060B1D0125000B311D0198
:102D600005000B3A1D0100000B3C1D0101000B3F4B
:102D70001D01060006461D0100000B471D01000055
:102D80000C501D01090006601D01050006671D01AC
:102D90000100066A1D011F00098A1D0104000B9035
:102DA0001D01010009931D0101000B951D0100008B
:102DB00009961D0100000B971D01000006981D01DA
:102DC00000000CA01D01090006E01E0112000BF31B
:102DD0001E01010009F51E01010014F71E0101008A
:102DE00006B01F0100000EC01F01140019D51F01FD
:102DF000070016DD1F01030019E11F01100014FF79
:102E00001F0100000600200199030D0024016E003F
:102E100014702401040006802401C30006902F01D1
:102E2000600014F12F010100060030012E04013072
:102E30003401080006004401460206006801380219
:102E400006406A011E000C606A010900146E6A01E6
:102E5000010006706A014E000CC06A01090006D02C
:102E60006A011D000BF06A01040014F56A010000FC
:102E700006006B012F000B306B01060014376B014D
:102E80000400193C6B01030005406B01030014446E
:102E90006B01000019456B0100000C506B0109002B
:102EA0000E5B6B01060006636B011400067D6B016F
:102EB000120003406E013F000E806E011600149751
:102EC0006E01030006006F014A000B4F6F01000006
:102ED00006506F01000009516F0136000B8F6F0122
:102EE000030005936F010C0005E06F01010014E27F
:102EF0006F01000005E36F0100000BE46F010000AB
:102F000009F06F01010006007001F7170600880143
:102F1000D50406008D01080005F0AF01030005F59A
:102F2000AF01060005FDAF0101000600B00122015E
:102F30000650B10102000664B10103000670B10140
:102F40008B010600BC016A000670BC010C00068003
:102F5000BC0108000690BC010900199CBC010000DE
:102F60000B9DBC010100149FBC01000001A0BC012D
:102F700003000B00CF012D000B30CF0116001950BC
:102F8000CF0173001900D001F5001900D10126000E
:102F90001929D1013B000965D10101000B67D1015D
:102FA0000200196AD1010200096DD1010500017307
:102FB000D10107000B7BD10107001983D10101006A
:102FC0000B85D1010600198CD1011D000BAAD1017E
:102FD000030019AED1013C001900D20141000B429F
:102FE000D20102001945D20100000EE0D201130007
:102FF0001900D30156000E60D30118000800D40157
:103000001900041AD40119000834D4011900044E1F
:10301000D40106000456D40111000868D401190037
:103020000482D4011900089CD4010000089ED40138
:10303000010008A2D401000008A5D401010008A9DC
:10304000D401030008AED401070004B6D401030084
:1030500004BBD401000004BDD401060004C5D401A2
:103060000A0008D0D401190004EAD40119000804A8
:10307000D50101000807D5010300080DD50107009F
:103080000816D5010600041ED50119000838D5011F
:103090000100083BD50103000840D50104000846A3
:1030A000D5010000084AD50106000452D5011900D7
:1030B000086CD50119000486D501190008A0D501B6
:1030C000190004BAD501190008D4D501190004EE7D
:1030D000D50119000808D60119000422D6011900EB
:1030E000083CD60119000456D60119000870D60113
:1030F0001900048AD6011B0008A8D601180018C1BF
:10310000D601000004C2D601180018DBD601000069
:1031100004DCD601050008E2D601180018FBD60130
:10312000000004FCD60118001815D7010000041691
:10313000D7010500081CD70118001835D701000079
:103140000436D7011800184FD70100000450D701EA
:1031500005000856D7011800186FD7010000047049
:10316000D70118001889D7010000048AD70105008B
:103170000890D701180018A9D701000004AAD701A8
:10318000180018C3D701000004C4D701050008CAFD
:10319000D701000004CBD70100000CCED7013100CD
:1031A0001900D801FF010B00DA0136001937DA01E6
:1031B00003000B3BDA013100196DDA0107000B75D2
:1031C000DA0100001976DA010D000B84DA01000043
:1031D0001985DA0101001487DA0104000B9BDA017A
:1031E00004000BA1DA010E000400DF010900060A49
:1031F000DF010000040BDF0113000B00E0010600FB
:103200000B08E00110000B1BE00106000B23E0019E
:1032100001000B26E00104000600E1012C000B3048
:10322000E10106000537E10106000C40E10109005B
:10323000064EE1010000194FE10100000690E20195
:103240001D000BAEE201000006C0E2012B000BECFA
:10325000E20103000CF0E201090016FFE2010000A8
:1032600006E0E701060006E8E701030006EDE701D6
:10327000010006F0E7010E000600E801C4000EC7D9
:10328000E80108000BD0E80106000300E901430053
:103290000B44E9010600054BE90100000C50E9016F
:1032A0000900145EE90101000E71EC013A0019AC4D
:1032B000EC0100000EADEC01020016B0EC010000C4
:1032C0000EB1EC0103000E01ED012C00192EED01F1
:1032D00000000E2FED010E000600EE0103000605B2
:1032E000EE011A000621EE0101000624EE010000A5
:1032F0000627EE0100000629EE0109000634EE0162
:1033000003000639EE010000063BEE010000064214
:10331000EE0100000647EE0100000649EE01000044
:10332000064BEE010000064DEE0102000651EE01D3
:1033300001000654EE0100000657EE010000065998
:10334000EE010000065BEE010000065DEE010000EC
:10335000065FEE0100000661EE0101000664EE0169
:1033600000000667EE010300066CEE01060006741D
:10337000EE0103000679EE010300067EEE01000077
:103380000680EE010900068BEE01100006A1EE0199
:10339000020006A5EE01040006ABEE01100018F0D5
:1033A000EE0101001900F0012B001930F00163005B
:1033B00019A0F0010E0019B1F0010E0019C1F001C1
:1033C0000E0019D1F00124000E00F1010C00190DBE
:1033D000F101A00019E6F1011C001910F2012B0007
:1033E0001940F20108001950F20101001960F201C0
:1033F00005001900F301FA0017FBF301040019009E
:10340000F401D70219DDF6010F0019F0F6010C00E6
:103410001900F70173001980F701580019E0F7014E
:103420000B0019F0F70100001900F8010B0019104A
:10343000F80137001950F80109001960F801270058
:103440001990F8011D0019B0F80101001900F901E7
:1034500053011960FA010D001970FA01040019787E
:10346000FA0104001980FA0106001990FA011C0003
:1034700019B0FA010A0019C0FA01050019D0FA01C1
:10348000090019E0FA01070019F0FA010600190015
:10349000FB0192001994FB0136000CF0FB010900BE
:1034A00006000002DFA60600A70238100640B70299
:1034B000DD000620B802811606B0CE02301D0600DF
:1034C000F8021D02060000034A130101000E00006D
:1034D0000120000E5F000B00010EEF000C5F104E8C
:1034E000154E2A4E314E364E3C4E3F4E424E564EB3
:1034F000584E824E854E6B8C8A4E12820D5F8E4ED8
:103500009E4E9F4EA04EA24EB04EB34EB64ECE4EE5
:10351000CD4EC44EC64EC24ED74EDE4EED4EDF4EA1
:10352000F74E094F5A4F304F5B4F5D4F574F474F44
:10353000764F884F8F4F984F7B4F694F704F914F09
:103540006F4F864F964F1851D44FDF4FCE4FD84F05
:10355000DB4FD14FDA4FD04FE44FE54F1A50285090
:1035600014502A50255005501C4FF64F2150295019
:103570002C50FE4FEF4F11500650435047500367F9
:103580005550505048505A5056506C5078508050BA
:103590009A508550B450B250C950CA50B350C2501E
:1035A000D650DE50E550ED50E350EE50F950F55056
:1035B0000951015102511651155114511A512151FD
:1035C0003A5137513C513B513F51405152514C516E
:1035D00054516251F87A69516A516E518051825149
:1035E000D8568C5189518F51915193519551965183
:1035F000A451A651A251A951AA51AB51B351B151F5
:10360000B251B051B551BD51C551C951DB51E05115
:103610005586E951ED51F051F551FE5104520B52CE
:1036200014520E5227522A522E52335239524F52AE
:1036300044524B524C525E5254526A527452695226
:1036400073527F527D528D529452925271528852CF
:103650009152A88FA78FAC52AD52BC52B552C152F5
:10366000CD52D752DE52E352E652ED98E052F35279
:10367000F552F852F9520653085338750D5310534A
:103680000F5315531A5323532F5331533353385376
:10369000405346534553174E49534D53D6515E53ED
:1036A00069536E5318597B53775382539653A053E3
:1036B000A653A553AE53B053B653C353127CD996F9
:1036C000DF53FC66EE71EE53E853ED53FA530154A9
:1036D0003D5440542C542D543C542E5436542954AB
:1036E0001D544E548F5475548E545F5471547754F6
:1036F000705492547B54805476548454905486541D
:10370000C754A254B854A554AC54C454C854A85473
:10371000AB54C254A454BE54BC54D854E554E654DB
:103720000F551455FD54EE54ED54FA54E2543955E6
:10373000405563554C552E555C5545555655575576
:10374000385533555D5599558055AF548A559F5519
:103750007B557E5598559E55AE557C558355A9553C
:103760008755A855DA55C555DF55C455DC55E45580
:10377000D4551456F7551656FE55FD551B56F9559A
:103780004E565056DF7134563656325638566B56B2
:1037900064562F566C566A56865680568A56A056E0
:1037A00094568F56A556AE56B656B456C256BC560B
:1037B000C156C356C056C856CE56D156D356D75604
:1037C000EE56F9560057FF560457095708570B573E
:1037D0000D57135718571657C7551C5726573757A5
:1037E00038574E573B5740574F576957C057885720
:1037F00061577F5789579357A057B357A457AA5774
:10380000B057C357C657D457D257D3570A58D6576D
:10381000E3570B5819581D587258215862584B5885
:103820007058C06B52583D5879588558B9589F58B0
:10383000AB58BA58DE58BB58B858AE58C558D358CC
:10384000D158D758D958D858E558DC58E458DF58DB
:10385000EF58FA58F958FB58FC58FD5802590A59C4
:1038600010591B59A66825592C592D5932593859C8
:103870003E59D27A555950594E595A595859625948
:10388000605967596C596959785981599D595E4FEA
:10389000AB4FA359B259C659E859DC598D59D9597A
:1038A000DA59255A1F5A115A1C5A095A1A5A405A9B
:1038B0006C5A495A355A365A625A6A5A9A5ABC5AF6
:1038C000BE5ACB5AC25ABD5AE35AD75AE65AE95A97
:1038D000D65AFA5AFB5A0C5B0B5B165B325BD05A1A
:1038E0002A5B365B3E5B435B455B405B515B555BF4
:1038F0005A5B5B5B655B695B705B735B755B785B9D
:1039000088657A5B805B835BA65BB85BC35BC75BE8
:10391000C95BD45BD05BE45BE65BE25BDE5BE55BF3
:10392000EB5BF05BF65BF35B055C075C085C0D5CD6
:10393000135C205C225C285C385C395C415C465C32
:103940004E5C535C505C4F5C715B6C5C6E5C624EB9
:10395000765C795C8C5C915C945C9B59AB5CBB5CE9
:10396000B65CBC5CB75CC55CBE5CC75CD95CE95C42
:10397000FD5CFA5CED5C8C5DEA5C0B5D155D175DD2
:103980005C5D1F5D1B5D115D145D225D1A5D195D3F
:10399000185D4C5D525D4E5D4B5D6C5D735D765D9B
:1039A000875D845D825DA25D9D5DAC5DAE5DBD5D4C
:1039B000905DB75DBC5DC95DCD5DD35DD25DD65D0B
:1039C000DB5DEB5DF25DF55D0B5E1A5E195E115E0F
:1039D0001B5E365E375E445E435E405E4E5E575E03
:1039E000545E5F5E625E645E475E755E765E7A5EC2
:1039F000BC9E7F5EA05EC15EC25EC85ED05ECF5ED2
:103A0000D65EE35EDD5EDA5EDB5EE25EE15EE85ED0
:103A1000E95EEC5EF15EF35EF05EF45EF85EFE5E23
:103A2000035F095F5D5F5C5F0B5F115F165F295F7E
:103A30002D5F385F415F485F4C5F4E5F2F5F515F86
:103A4000565F575F595F615F6D5F735F775F835F3D
:103A5000825F7F5F8A5F885F915F875F9E5F995F0C
:103A6000985FA05FA85FAD5FBC5FD65FFB5FE45F60
:103A7000F85FF15FDD5FB360FF5F21606060196038
:103A8000106029600E6031601B6015602B6026603D
:103A90000F603A605A6041606A6077605F604A60B8
:103AA00046604D6063604360646042606C606B6060
:103AB000596081608D60E76083609A6084609B607C
:103AC000966097609260A7608B60E160B860E0608C
:103AD000D360B460F05FBD60C660B560D8604D6112
:103AE00015610661F660F7600061F460FA600361D9
:103AF0002161FB60F1600D610E6147613E612861EB
:103B000027614A613F613C612C6134613D614261E2
:103B1000446173617761586159615A616B61746185
:103B20006F61656171615F615D615361756199612B
:103B300096618761AC6194619A618A619161AB61C0
:103B4000AE61CC61CA61C961F761C861C361C66118
:103B5000BA61CB61797FCD61E661E361F661FA61BB
:103B6000F461FF61FD61FC61FE610062086209624F
:103B70000D620C6214621B621E6221622A622E6256
:103B800030623262336241624E625E6263625B62E5
:103B9000606268627C62826289627E629262936223
:103BA0009662D46283629462D762D162BB62CF6252
:103BB000FF62C662D464C862DC62CC62CA62C2625E
:103BC000C7629B62C9620C63EE62F16227630263A3
:103BD0000863EF62F56250633E634D631C644F639C
:103BE00096638E638063AB637663A3638F6389633D
:103BF0009F63B5636B636963BE63E963C063C66358
:103C0000E363C963D263F663C46316643464066411
:103C10001364266436641D65176428640F64676442
:103C20006F6476644E642A6595649364A564A964A0
:103C30008864BC64DA64D264C564C764BB64D86455
:103C4000C264F164E7640982E064E164AC62E36445
:103C5000EF642C65F664F464F264FA640065FD6454
:103C600018651C650565246523652B653465356518
:103C70003765366538654B754865566555654D65DC
:103C800058655E655D6572657865826583658A8B5A
:103C90009B659F65AB65B765C365C665C165C46552
:103CA000CC65D265DB65D965E065E165F165726774
:103CB0000A660366FB6573673566366634661C669E
:103CC0004F664466496641665E665D666466676621
:103CD00068665F6662667066836688668E668966F9
:103CE000846698669D66C166B966C966BE66BC662E
:103CF000C466B866D666DA66E0663F66E666E9667A
:103D0000F066F566F7660F6716671E672667276712
:103D100038972E673F67366741673867376746676A
:103D20005E67606759676367646789677067A967DB
:103D30007C676A678C678B67A667A1678567B767CB
:103D4000EF67B467EC67B367E967B867E467DE6796
:103D5000DD67E267EE67B967CE67C667E7679C6AAB
:103D60001E684668296840684D6832684E68B368C6
:103D70002B685968636877687F689F688F68AD684B
:103D800094689D689B688368AE6AB9687468B56812
:103D9000A068BA680F698D687E680169CA68086999
:103DA000D86822692669E1680C69CD68D468E7683B
:103DB000D568366912690469D768E3682569F968C6
:103DC000E068EF6828692A691A6923692169C66869
:103DD000796977695C6978696B6954697E696E692C
:103DE000396974693D695969306961695E695D69FC
:103DF00081696A69B269AE69D069BF69C169D3690D
:103E0000BE69CE69E85BCA69DD69BB69C369A76938
:103E10002E6A9169A0699C699569B469DE69E8694F
:103E2000026A1B6AFF690A6BF969F269E769056A48
:103E3000B1691E6AED69146AEB690A6A126AC16A9D
:103E4000236A136A446A0C6A726A366A786A476A35
:103E5000626A596A666A486A386A226A906A8D6A32
:103E6000A06A846AA26AA36A976A1786BB6AC36A51
:103E7000C26AB86AB36AAC6ADE6AD16ADF6AAA6AE1
:103E8000DA6AEA6AFB6A056B1686FA6A126B166BC7
:103E9000319B1F6B386B376BDC76396BEE98476B59
:103EA000436B496B506B596B546B5B6B5F6B616B16
:103EB000786B796B7F6B806B846B836B8D6B986B8E
:103EC000956B9E6BA46BAA6BAB6BAF6BB26BB16B5C
:103ED000B36BB76BBC6BC66BCB6BD36BDF6BEC6B35
:103EE000EB6BF36BEF6BBE9E086C136C146C1B6C6E
:103EF000246C236C5E6C556C626C6A6C826C8D6C8D
:103F00009A6C816C9B6C7E6C686C736C926C906C20
:103F1000C46CF16CD36CBD6CD76CC56CDD6CAE6CD5
:103F2000B16CBE6CBA6CDB6CEF6CD96CEA6C1F6D5B
:103F30004D88366D2B6D3D6D386D196D356D336D5A
:103F4000126D0C6D636D936D646D5A6D796D596D65
:103F50008E6D956DE46F856DF96D156E0A6EB56D9C
:103F6000C76DE66DB86DC66DEC6DDE6DCC6DE86D40
:103F7000D26DC56DFA6DD96DE46DD56DEA6DEE6DDE
:103F80002D6E6E6E2E6E196E726E5F6E3E6E236EAD
:103F90006B6E2B6E766E4D6E1F6E436E3A6E4E6E6E
:103FA000246EFF6E1D6E386E826EAA6E986EC96E9C
:103FB000B76ED36EBD6EAF6EC46EB26ED46ED56E7C
:103FC0008F6EA56EC26E9F6E416F116F4C70EC6E5E
:103FD000F86EFE6E3F6FF26E316FEF6E326FCC6E29
:103FE0003E6F136FF76E866F7A6F786F816F806F99
:103FF0006F6F5B6FF36F6D6F826F7C6F586F8E6F3B
:10400000916FC26F666FB36FA36FA16FA46FB96F2B
:10401000C66FAA6FDF6FD56FEC6FD46FD86FF16F7B
:10402000EE6FDB6F09700B70FA6F117001700F701B
:10403000FE6F1B701A70746F1D7018701F703070D7
:104040003E7032705170637099709270AF70F17001
:10405000AC70B870B370AE70DF70CB70DD70D970BB
:104060000971FD701C7119716571557188716671E6
:1040700062714C7156716C718F71FB7184719571A5
:10408000A871AC71D771B971BE71D271C971D47197
:10409000CE71E071EC71E771F571FC71F971FF712E
:1040A0000D7210721B7228722D722C723072327265
:1040B0003B723C723F72407246724B72587274721D
:1040C0007E7282728172877292729672A272A772E7
:1040D000B972B272C372C672C472CE72D272E27216
:1040E000E072E172F972F7720F5017730A731C7362
:1040F00016731D7334732F73297325733E734E73B8
:104100004F73D89E57736A7368737073787375733F
:104110007B737A73C873B373CE73BB73C073E57369
:10412000EE73DE73A27405746F742574F8733274C1
:104130003A7455743F745F74597441745C74697453
:10414000707463746A7476747E748B749E74A774CE
:10415000CA74CF74D474F173E074E374E774E974CF
:10416000EE74F274F074F174F874F77404750375F6
:1041700005750C750E750D75157513751E752675FF
:104180002C753C7544754D754A7549755B7546755A
:104190005A756975647567756B756D757875767523
:1041A0008675877574758A758975827594759A7523
:1041B0009D75A575A375C275B375C375B575BD75C8
:1041C000B875BC75B175CD75CA75D275D975E375FD
:1041D000DE75FE75FF75FC750176F075FA75F27582
:1041E000F3750B760D7609761F7627762076217685
:1041F00022762476347630763B7647764876467655
:104200005C76587661766276687669766A766776E5
:104210006C7670767276767678767C768076837633
:1042200088768B768E769676937699769A76B07631
:10423000B476B876B976BA76C276CD76D676D276B8
:10424000DE76E176E576E776EA762F86FB76087706
:1042500007770477297724771E77257726771B77CA
:104260003777387747775A7768776B775B776577F3
:104270007F777E7779778E778B779177A0779E7728
:10428000B077B677B977BF77BC77BD77BB77C7779D
:10429000CD77D777DA77DC77E377EE77FC770C7832
:1042A0001278267920782A7945788E7874788678FD
:1042B0007C789A788C78A378B578AA78AF78D1781A
:1042C000C678CB78D478BE78BC78C578CA78EC78D4
:1042D000E778DA78FD78F478077912791179197925
:1042E0002C792B794079607957795F795A795579AA
:1042F00053797A797F798A799D79A7794B9FAA79C1
:10430000AE79B379B979BA79C979D579E779EC79A0
:10431000E179E379087A0D7A187A197A207A1F7A86
:104320008079317A3B7A3E7A377A437A577A497A7A
:10433000617A627A697A9D9F707A797A7D7A887AD1
:10434000977A957A987A967AA97AC87AB07AB67A6C
:10435000C57AC47ABF7A8390C77ACA7ACD7ACF7A7F
:10436000D57AD37AD97ADA7ADD7AE17AE27AE67A9C
:10437000ED7AF07A027B0F7B0A7B067B337B187B1E
:10438000197B1E7B357B287B367B507B7A7B047BBD
:104390004D7B0B7B4C7B457B757B657B747B677BA7
:1043A000707B717B6C7B6E7B9D7B987B9F7B8D7B19
:1043B0009C7B9A7B8B7B927B8F7B5D7B997BCB7B82
:1043C000C17BCC7BCF7BB47BC67BDD7BE97B117C67
:1043D000147CE67BE57B607C007C077C137CF37BB4
:1043E000F77B177C0D7CF67B237C277C2A7C1F7C4B
:1043F000377C2B7C3D7C4C7C437C547C4F7C407CCC
:10440000507C587C5F7C647C567C657C6C7C757CC5
:10441000837C907CA47CAD7CA27CAB7CA17CA87CC2
:10442000B37CB27CB17CAE7CB97CBD7CC07CC57CED
:10443000C27CD87CD27CDC7CE27C3B9BEF7CF27C37
:10444000F47CF67CFA7C067D027D1C7D157D0A7D60
:10445000457D4B7D2E7D327D3F7D357D467D737D57
:10446000567D4E7D727D687D6E7D4F7D637D937D33
:10447000897D5B7D8F7D7D7D9B7DBA7DAE7DA37DBE
:10448000B57DC77DBD7DAB7D3D7EA27DAF7DDC7DF5
:10449000B87D9F7DB07DD87DDD7DE47DDE7DFB7DBB
:1044A000F27DE17D057E0A7E237E217E127E317EB5
:1044B0001F7E097E0B7E227E467E667E3B7E357E9B
:1044C000397E437E377E327E3A7E677E5D7E567EC3
:1044D0005E7E597E5A7E797E6A7E697E7C7E7B7E98
:1044E000837ED57D7D7EAE8F7F7E887E897E8C7E2D
:1044F000927E907E937E947E967E8E7E9B7E9C7E28
:10450000387F3A7F457F4C7F4D7F4E7F507F517F74
:10451000557F547F587F5F7F607F687F697F677FAB
:10452000787F827F867F837F887F877F8C7F947F61
:104530009E7F9D7F9A7FA37FAF7FB27FB97FAE7F43
:10454000B67FB87F718BC57FC67FCA7FD57FD47F8A
:10455000E17FE67FE97FF37FF97FDC9806800480C6
:104560000B801280188019801C80218028803F8059
:104570003B804A804680528058805A805F806280AB
:104580006880738072807080768079807D807F8083
:104590008480868085809B8093809A80AD809051B6
:1045A000AC80DB80E580D980DD80C480DA80D68075
:1045B0000981EF80F1801B81298123812F814B812B
:1045C0008B9646813E8153815181FC8071816E8141
:1045D000658166817481838188818A8180818281FD
:1045E000A0819581A481A3815F819381A981B081FC
:1045F000B581BE81B881BD81C081C281BA81C981C6
:10460000CD81D181D981D881C881DA81DF81E081F2
:10461000E781FA81FB81FE810182028205820782A5
:104620000A820D821082168229822B82388233827E
:104630004082598258825D825A825F82648262829D
:1046400068826A826B822E827182778278827E8211
:104650008D829282AB829F82BB82AC82E182E382B6
:10466000DF82D282F482F382FA8293830383FB8215
:10467000F982DE820683DC820983D9823583348322
:1046800016833283318340833983508345832F835C
:104690002B831783188385839A83AA839F83A2839E
:1046A000968323838E8387838A837C83B5837383F6
:1046B0007583A0838983A883F4831384EB83CE83DB
:1046C000FD830384D8830B84C183F7830784E0834D
:1046D000F2830D8422842084BD8338840685FB8385
:1046E0006D842A843C845A85848477846B84AD8469
:1046F0006E848284698446842C846F8479843584B2
:10470000CA846284B984BF849F84D984CD84BB84E5
:10471000DA84D084C184C684D684A1842185FF84B0
:10472000F484178518852C851F8515851485FC84D0
:104730004085638558854885418502864B8555852A
:104740008085A485888591858A85A8856D859485D1
:104750009B85EA8587859C8577857E859085C9853B
:10476000BA85CF85B985D085D585DD85E585DC859C
:10477000F9850A8613860B86FE85FA8506862286CB
:104780001A8630863F864D86554E54865F866786EC
:1047900071869386A386A986AA868B868C86B68622
:1047A000AF86C486C686B086C9862388AB86D48683
:1047B000DE86E986EC86DF86DB86EF861287068753
:1047C000088700870387FB86118709870D87F9868D
:1047D0000A8734873F8737873B87258729871A874A
:1047E00060875F8778874C874E877487578768878D
:1047F0006E875987538763876A870588A2879F8753
:104800008287AF87CB87BD87C087D087D696AB8797
:10481000C487B387C787C687BB87EF87F287E087E0
:104820000F880D88FE87F687F7870E88D287118854
:104830001688158822882188318836883988278803
:104840003B8844884288528859885E8862886B8891
:1048500081887E889E8875887D88B58872888288E0
:1048600097889288AE889988A2888D88A488B08815
:10487000BF88B188C388C488D488D888D988DD889F
:10488000F9880289FC88F488E888F28804890C8910
:104890000A89138943891E8925892A892B89418997
:1048A00044893B89368938894C891D8960895E89AC
:1048B000668964896D896A896F89748977897E8937
:1048C000838988898A8993899889A189A989A689F0
:1048D000AC89AF89B289BA89BD89BF89C089DA89B3
:1048E000DC89DD89E789F489F889038A168A108AC8
:1048F0000C8A1B8A1D8A258A368A418A5B8A528ADB
:10490000468A488A7C8A6D8A6C8A628A858A828A0B
:10491000848AA88AA18A918AA58AA68A9A8AA38A61
:10492000C48ACD8AC28ADA8AEB8AF38AE78AE48A61
:10493000F18A148BE08AE28AF78ADE8ADB8A0C8BA2
:10494000078B1A8BE18A168B108B178B208B338B7E
:10495000AB97268B2B8B3E8B288B418B4C8B4F8BB5
:104960004E8B498B568B5B8B5A8B6B8B5F8B6C8B17
:104970006F8B748B7D8B808B8C8B8E8B928B938BC0
:10498000968B998B9A8B3A8C418C3F8C488C4C8CB3
:104990004E8C508C558C628C6C8C788C7A8C828C82
:1049A000898C858C8A8C8D8C8E8C948C7C8C988C4C
:1049B0001D62AD8CAA8CBD8CB28CB38CAE8CB68CC7
:1049C000C88CC18CE48CE38CDA8CFD8CFA8CFB8C6B
:1049D000048D058D0A8D078D0F8D0D8D108D4E9FC9
:1049E000138DCD8C148D168D678D6D8D718D738D9E
:1049F000818D998DC28DBE8DBA8DCF8DDA8DD68D7C
:104A0000CC8DDB8DCB8DEA8DEB8DDF8DE38DFC8D39
:104A1000088E098EFF8D1D8E1E8E108E1F8E428E6B
:104A2000358E308E348E4A8E478E498E4C8E508E07
:104A3000488E598E648E608E2A8E638E558E768E49
:104A4000728E7C8E818E878E858E848E8B8E8A8EE2
:104A5000938E918E948E998EAA8EA18EAC8EB08EEE
:104A6000C68EB18EBE8EC58EC88ECB8EDB8EE38E8B
:104A7000FC8EFB8EEB8EFE8E0A8F058F158F128FAC
:104A8000198F138F1C8F1F8F1B8F0C8F268F338FC7
:104A90003B8F398F458F428F3E8F4C8F498F468F8A
:104AA0004E8F578F5C8F628F638F648F9C8F9F8F29
:104AB000A38FAD8FAF8FB78FDA8FE58FE28FEA8F3D
:104AC000EF8F8790F48F0590F98FFA8F11901590E2
:104AD00021900D901E9016900B9027903690359057
:104AE0003990F88F4F905090519052900E9049907D
:104AF0003E90569058905E9068906F907690A896F1
:104B0000729082907D90819080908A9089908F9011
:104B1000A890AF90B190B590E290E4904862DB909D
:104B2000029112911991329130914A915691589176
:104B3000639165916991739172918B918991829141
:104B4000A291AB91AF91AA91B591B491BA91C09154
:104B5000C191C991CB91D091D691DF91E191DB9137
:104B6000FC91F591F6911E92FF9114922C92159260
:104B700011925E9257924592499264924892959210
:104B80003F924B9250929C92969293929B925A9201
:104B9000CF92B992B792E9920F93FA9244932E93DF
:104BA000199322931A9323933A9335933B935C93EF
:104BB00060937C936E935693B093AC93AD93949320
:104BC000B993D693D793E893E593D893C393DD93A2
:104BD000D093C893E4931A94149413940394079471
:104BE000109436942B94359421943A944194529491
:104BF00044945B94609462945E946A942992709455
:104C0000759477947D945A947C947E9481947F9447
:104C1000829587958A959495969598959995A0955E
:104C2000A895A795AD95BC95BB95B995BE95CA9528
:104C3000F66FC395CD95CC95D595D495D695DC9545
:104C4000E195E595E295219628962E962F96429627
:104C50004C964F964B9677965C965E965D965F96D1
:104C6000669672966C968D96989695969796AA9655
:104C7000A796B196B296B096B496B696B896B996EF
:104C8000CE96CB96C996CD964D89DC960D97D59646
:104C9000F99604970697089713970E9711970F9711
:104CA0001697199724972A97309739973D973E97EB
:104CB000449746974897429749975C9760976497BF
:104CC00066976897D2526B977197799785977C977B
:104CD00081977A9786978B978F9790979C97A897AD
:104CE000A697A397B397B497C397C697C897CB9740
:104CF000DC97ED974F9FF297DF7AF697F5970F982D
:104D00000C9838982498219837983D9846984F9851
:104D10004B986B986F987098719874987398AA983C
:104D2000AF98B198B698C498C398C698E998EB988C
:104D30000399099912991499189921991D991E9905
:104D4000249920992C992E993D993E9942994999F7
:104D5000459950994B99519952994C9955999799D0
:104D60009899A599AD99AE99BC99DF99DB99DD9990
:104D7000D899D199ED99EE99F199F299FB99F89911
:104D8000019A0F9A059AE299199A2B9A379A459A9D
:104D9000429A409A439A3E9A559A4D9A5B9A579AEC
:104DA0005F9A629A659A649A699A6B9A6A9AAD9ABE
:104DB000B09ABC9AC09ACF9AD19AD39AD49ADE9AD2
:104DC000DF9AE29AE39AE69AEF9AEB9AEE9AF49ACD
:104DD000F19AF79AFB9A069B189B1A9B1F9B229BA2
:104DE000239B259B279B289B299B2A9B2E9B2F9BA4
:104DF000329B449B439B4F9B4D9B4E9B519B589B8F
:104E0000749B939B839B919B969B979B9F9BA09B43
:104E1000A89BB49BC09BCA9BB99BC69BCF9BD19BB5
:104E2000D29BE39BE29BE49BD49BE19B3A9CF29B4D
:104E3000F19BF09B159C149C099C139C0C9C069C5C
:104E4000089C129C0A9C049C2E9C1B9C259C249CC8
:104E5000219C309C479C329C469C3E9C5A9C609C6A
:104E6000679C769C789CE79CEC9CF09C099D089D37
:104E7000EB9C039D069D2A9D269DAF9D239D1F9D16
:104E8000449D159D129D419D3F9D3E9D469D489D83
:104E90005D9D5E9D649D519D509D599D729D899D16
:104EA000879DAB9D6F9D7A9D9A9DA49DA99DB29D66
:104EB000C49DC19DBB9DB89DBA9DC69DCF9DC29D01
:104EC000D99DD39DF89DE69DED9DEF9DFD9D1A9E7C
:104ED0001B9E1E9E759E799E7D9E819E889E8B9EAA
:104EE0008C9E929E959E919E9D9EA59EA99EB89EEB
:104EF000AA9EAD9E6197CC9ECE9ECF9ED09ED49E04
:104F0000DC9EDE9EDD9EE09EE59EE89EEF9EF49E8A
:104F1000F69EF79EF99EFB9EFC9EFD9E079F089FB6
:104F2000B776159F219F2C9F3E9F4A9F529F549F6B
:104F3000639F5F9F609F619F669F679F6C9F6A9F53
:104F4000779F729F769F959F9C9FA09F2F58C769C0
:104F500059906474DC51997100000042C8801F4070
:104F6000B8821F400800000000000042C4801F40BB
:104F7000B4821F400400000000C0004224801F4093
:104F800014821F401000000000C0004228801F4013
:104F900018821F402000000000C000422C801F40EB
:104FA0001C821F404000000000C0004234801F40AF
:104FB00024821F40000100000040004264811F4025
:104FC00054831F40000400000040004280811F40C5
:104FD00070831F4000000200004000427C811F409F
:104FE0006C831F40000001000040004268811F40A8
:104FF00058831F4000080000004000423C811F40D1
:105000002C831F40010000000040004244811F40EB
:1050100034831F40040000000040004240811F40D4
:1050200030831F40020000000040004248811F40C2
:1050300038831F40080000000000004204811F4028
:10504000F4821F40000004000000004208811F405D
:10505000F8821F40000008000000004218811F4035
:1050600008831F40000080000000004214811F40A0
:1050700004831F40000040000000004200811F40E8
:10508000F0821F400000020000000042FC801F4030
:10509000EC821F40000001000000004224811F40FC
:1050A00014831F40000000040000004228811F40BC
:1050B00018831F4000000008000000421C811F40B0
:1050C0000C831F40000000010000004220811F40AF
:1050D00010831F400000000200000042EC801F40CF
:1050E000DC821F400010000000000042F0801F40E2
:1050F000E0821F40002000000000004234811F4079
:1051000024831F40000000400000004238811F40FF
:1051100028831F40000000800080004294801F40D0
:1051200084821F400000040000C0004290801F40A5
:1051300080821F400000008000800042A8801F4045
:1051400098821F400000800000800042A4801F4021
:1051500094821F4000004000004000426C811F40CC
:105160005C831F400010000000C0004230801F40E0
:1051700020821F408000000000400042B0811F409C
:10518000A0831F400000002000400042AC811F406F
:105190009C831F40000000100040004284811F409B
:1051A00074831F40000004000040004288811F40BB
:1051B00078831F4000000800000000422C811F403F
:1051C0001C831F40000000100000004230811F407F
:1051D00020831F4000000020000000420C811F407F
:1051E000FC821F40000010000000004210811F40A0
:1051F00000831F400000200000800042C8811F4043
:10520000B8831F400080000000800042C4811F401E
:10521000B4831F400040000000800042C0811F4056
:10522000B0831F400020000000800042BC811F406E
:10523000AC831F400010000000800042D0811F405E
:10524000C0831F400000020000800042CC811F404C
:10525000BC831F400000010000C0004274801F405A
:1052600064821F400000000100C0004280801F4097
:1052700070821F400000000800C0004284801F4070
:1052800074821F400000001000C000426C801F406C
:105290005C821F400000400000C000427C801F4034
:1052A0006C821F400000000400C0004278801F4054
:1052B00068821F400000000200C0004288801F403A
:1052C00078821F4000000020456E746572696E6729
:1052D00020626F6F746C6F61646572000000003F44
:1052E000CDCC4C3D0AD7A33B6F12033A17B75138C8
:1052F000ACC5A736BD37063595BF563377CCAB3135
:105300005F700930FFE65B2E5F76616C75650000AB
:105310005F76616C75655F72657475726E65640049
:105320004D53472C000000002448202D20686F6D4D
:105330006520636F6E666967757265642061786564
:10534000732E0D0A0000000024483C617869736CDC
:1053500065747465723E202D20686F6D65207369D9
:105360006E676C6520617869732E0D0A000000007D
:105370006F757470757420617578696C6961727984
:105380002070696E2073746174657300656E756D4D
:1053900065726174652070696E2062696E64696E01
:1053A000677300007265626F6F74202868617264B1
:1053B0002072657365742920636F6E74726F6C6CF4
:1053C00065720000245253543D2A202D20726573CB
:1053D000746F72652F726573657420616C6C2073D5
:1053E000657474696E67732E0D0A0000245253545D
:1053F0003D24202D20726573746F7265206465668C
:1054000061756C742073657474696E67732E0D0A10
:1054100000000000245253543D26202D2072657355
:10542000746F72652064726976657220616E6420A3
:10543000706C7567696E2064656661756C74207345
:10544000657474696E67732E0D0A000024525354FC
:105450003D23202D207265736574206F6666736529
:10546000747320616E6420746F6F6C20646174616A
:105470002E0D0A00245253543D23202D20726573B3
:105480006574206F6666736574732E0D0A000000E4
:1054900024525443202D206F7574707574206375E9
:1054A0007272656E742074696D652E0D0A000000BD
:1054B000245254433D3C49534F38363031206461C7
:1054C000746574696D653E202D2073657420637565
:1054D0007272656E742074696D652E0D0A0000008D
:1054E000245352202D207265736574207370696E89
:1054F000646C6520656E636F6465722064617461BD
:105500002E0D0A00245344202D206F75747075747D
:10551000207370696E646C6520656E636F6465727C
:1055200020646174612E0D0A000000006F757470B4
:105530007574207374657070657220647269766525
:10554000722073746174757300000000746F676774
:105550006C6520626C6F636B2064656C657465209C
:105560007377697463680000746F67676C65206F98
:105570007074696F6E616C2073746F7020737769DB
:1055800074636820284D312900000000746F67673C
:105590006C652073696E676C6520737465707069E3
:1055A0006E67207377697463680000000400000070
:1055B0000700000009000000001200006CA4002099
:1055C00000000000720112003CA400200000000056
:1055D00001000000C0F600200000000000000000F4
:1055E00001000000BD7500008D7C0000457C0000BE
:1055F000000000007401120054A40020000000000C
:10560000010000009CF700200000000000000000E6
:1056100001000000BD7500008D7C0000457C00008D
:1056200000000000720100000CA4002074010000C2
:1056300024A400205F667265655F6D656D6F727989
:1056400000000000000FC93F000F494000CB96400A
:10565000000FC9400053FB4000CB164100ED2F4125
:10566000000F49410031624100537B41003A8A41B9
:1056700000CB9641005CA34100EDAF41007EBC41F0
:10568000000FC94100A0D5410031E24100C2EE4106
:105690000053FB4100F20342003A0A4200831042E9
:1056A00000CB164200141D42005C234200A5294293
:1056B00000ED2F4200363642007E3C4200C7424297
:1056C000000F494200000000000000000000000040
:1056D0004E6F7420656E6F75676820686561702015
:1056E000666F72204E5653206275666665722100A1
:1056F00053657474696E6773207772697465206688
:1057000061696C6564210000506C616E6E65722089
:105710006275666665722073697A652077617320A9
:105720007265647563656421000000005B414C4153
:10573000524D434F44453A005B50494E53544154F7
:10574000453A41494E7C00007C7C7C005B50494ED0
:1057500053544154453A414F55547C004400000095
:105760005B50494E53544154453A44494E7C0000E5
:10577000490000004E0000005B50494E5354415414
:10578000453A444F55547C005B4552524F52434F6B
:1057900044453A006772626C48414C3A20706F771A
:1057A0006572206F6E2073656C662D74657374204E
:1057B00028504F5329206661696C6564210D0A00E9
:1057C0003D4E2F410D0A00005B53455454494E474E
:1057D00047524F55503A000022242D436F646522F2
:1057E0002C222053657474696E67222C2220556E1A
:1057F000697473222C222053657474696E67204487
:1058000065736372697074696F6E220D0A0000001F
:10581000242D436F64650953657474696E67095577
:105820006E697473094461746174797065094461C7
:10583000746120666F726D61740953657474696E6A
:1058400067204465736372697074696F6E094D698E
:105850006E094D61780D0A005265626F6F74696E52
:105860006720636F6E74726F6C6C65722C20636F4F
:105870006D6D756E69636174696F6E206D617920FD
:105880006265206C6F73740022416C61726D2043FD
:105890006F646520696E2076312E312B222C2220F8
:1058A000416C61726D204D65737361676520696E2F
:1058B0002076312E302D222C2220416C61726D20F9
:1058C0004465736372697074696F6E220D0A00001B
:1058D000414C41524D3A00002020202000000000A1
:1058E000202800002B2C00002D2C00004154433DAB
:1058F000302C000054432C004154433D312C000017
:10590000454550524F4D0000464C41534800000061
:105910004652414D000000005B5645523A312E314F
:10592000662E00005B4F50543A0000005B41585314
:105930003A0000005B4E45574F50543A454E554D86
:10594000532C525400000000484F4D452C000000DD
:105950004E4F50524F42452C0000000050524F42D3
:1059600045533D0050432C004F532C0042442C0023
:1059700045532C004D50472C000000004C4154482A
:10598000452C00005050492C000000005245424F69
:105990004F542C0053532C005345442C000000005E
:1059A0005254432C0000000043414E2C00000000E4
:1059B0005B4649524D574152453A6772626C4841C5
:1059C0004C5D0D0A000000005B5349474E414C53AB
:1059D0003A0000005B4E56532053544F5241474506
:1059E0003A0000002A0000004B0000005B465245D0
:1059F00045204D454D4F52593A0000004B5D0D0A70
:105A0000000000005B4452495645523A0000000035
:105A10005B4452495645522056455253494F4E3ADF
:105A2000000000005B445249564552204F505449F3
:105A30004F4E533A000000005B424F4152443A003F
:105A40005B4D4158205354455020524154453A0033
:105A500020487A5D0D0A00005B41555820494F3AB5
:105A6000000000003A4800003A4C00005B484F4DEF
:105A700045533A005B4C494D4954533A00000000ED
:105A8000466174616C3A20496E636F6D7061746930
:105A9000626C6520647269766572202800000000DF
:105AA00029000000224572726F7220436F646520E6
:105AB000696E2076312E312B222C224572726F7244
:105AC000204D65737361676520696E2076312E30D5
:105AD0002D222C224572726F7220446573637269A5
:105AE0007074696F6E220D0A000000003E00000015
:105AF00061ED000085ED0000BD02010079060100A6
:105B000021F200009D0101002047370020473800A6
:105B100020473230000000002047323100000000F2
:105B200020473931000000002047393000000000D4
:105B300020473937000000002047393600000000B8
:105B40002E3100002E3200002047393900000000BD
:105B500020473938000000005B47433A4700000007
:105B600033382E0020473932000000002047000063
:105B70002047343900000000204734330000000083
:105B8000204735313A000000204735300000000042
:105B9000204D3000204D3100204D3200204D33305B
:105BA00000000000204D363000000000204D38007D
:105BB000204D3900204D353000000000204D35319A
:105BC00000000000204D353300000000204D353628
:105BD0000000000020540000204600002053000078
:105BE0000D0A2D2D2D2D20003A0D0A0048656C70F0
:105BF00020746F706963733A0D0A000020436F6D63
:105C00006D616E64730D0A002053657474696E676C
:105C1000730D0A00434F4D4D414E445300000000A8
:105C200053455454494E4753000000000D0A4E2F6F
:105C3000410D0A005B484C503A24242024232024A0
:105C40004720244920244E2024783D76616C20246E
:105C50004E783D6C696E6520244A3D6C696E652006
:105C600024534C50202443202458202448202442EC
:105C7000207E2021203F206374726C2D785D0D0AF8
:105C8000000000005B484F4D453A00000D0A4C53A0
:105C90002D4D434220322E302E30205B27242720EA
:105CA0006F7220272448454C502720666F72206869
:105CB000656C705D0D0A00005B4C415354455645C0
:105CC0004E54533A000000005B4D53473A00000029
:105CD000496E666F3A2000005761726E696E673ACE
:105CE000200000004572726F723A200044656275B0
:105CF000673A20005B504152414D3A003D4E2F41E2
:105D0000000000005B4735313A0000005B470000AF
:105D100032380000333000005B543A007C362C30BF
:105D20002C307C005B544C523A00000039323A006F
:105D30005B50494E3A0000005B504F52543A00000D
:105D400042547C7C00000000554152547C7C000091
:105D50002C500000383700004E454F4D53000000D6
:105D6000464300005B5052423A0000007C4D506FA9
:105D7000733A00007C57506F733A00007C41523AEE
:105D8000000000007C4152007C4D50473A31000039
:105D90007C4D50473A3000007C443A31000000000E
:105DA0007C443A30000000003C00000049646C650F
:105DB0000000000052756E003A320000486F6C64BB
:105DC0003A0000004A6F6700486F6D6500000000F0
:105DD000416C61726D3A0000416C61726D000000AF
:105DE000436865636B000000446F6F723A00000007
:105DF000536C656570000000546F6F6C000000000C
:105E00007C42663A000000007C4C6E3A00000000C4
:105E10007C4454473A0000007C46533A000000009E
:105E20007C463A007C57434F3A0000007C5743536E
:105E30003A0000007C4F763A000000007C53633A41
:105E4000000000007C483A007C543A007C503A0044
:105E50007C544C523A0000007C496E3A000000002D
:105E60007C496E3A2D3100007C46573A6772626C6D
:105E700048414C007C24433A310000003E0D0A00AA
:105E80007C506E3A000000003D000000240000003D
:105E90005B53455454494E4744455343523A0000DE
:105EA0000D0A0D0A5265626F6F7420726571756913
:105EB0007265642E000000002C207265626F6F74A2
:105EC0002072657175697265640000005C6E5C6EBD
:105ED0004E4F54453A2041206861726420726573C8
:105EE0006574206F662074686520636F6E74726FCE
:105EF0006C6C657220697320726571756972656476
:105F0000206166746572206368616E67696E6720E0
:105F1000746869732073657474696E672E0000007D
:105F20000D0A240020617320617869736D61736BC1
:105F30000000000020617320626F6F6C65616E006D
:105F4000206173206269746669656C643A000000C0
:105F5000206173206269746669656C642077686586
:105F600072652073657474696E672062697420308D
:105F700020656E61626C657320746865207265735C
:105F8000743A000020617320495020616464726596
:105F90007373000020696E20000000002C207261E5
:105FA0006E67653A200000002C206D696E3A200073
:105FB0002C206D61783A20005C6E00000D0A0D0AFD
:105FC000000000005B53455454494E473A0000001E
:105FD0005D000000222C000009000000696E74655D
:105FE00067657200666C6F6174000000626F6F6CB1
:105FF000000000006269746669656C64000000005E
:10600000786269746669656C640000007261646935
:106010006F627574746F6E7300000000697076347F
:106020000000000070617373776F726400000000FD
:1060300061786573000000002D0000005B5350493B
:106040004E444C453A0000007C0000005D0D0A0003
:10605000202D20005B5350494E444C45454E434F44
:106060004445523A000000004E6F207370696E6420
:106070006C657320726567697374657265642E0D53
:106080000A000000244E00006F6B0D0A00000000A3
:106090006572726F723A00005B4D4F544F52574118
:1060A000524E494E473A00005B4D4F544F524641C5
:1060B000554C543A000000005B5254433A00000033
:1060C000540000005B544C4F3A0000002A2A2A2A50
:1060D0002A2A2A2A000000002C4E2F41000000002E
:1060E0001F0000006964203C3D204E5F436F6F72CB
:1060F00064696E61746553797374656D7300000033
:10610000696478203C204E5F535441525455505F8F
:106110004C494E45000000002F686F6D652F727569
:106120006E6E65722F776F726B2F6772626C68612B
:106130006C2D6C732D6C617365722F6772626C6865
:10614000616C2D6C732D6C617365722F7372632F8C
:106150006772626C2F73657474696E67732E630067
:10616000524853444C54454F464D20512020502016
:10617000000000000000000000000000050000001A
:10618000000000000000000000000000000000000F
:106190000000000000000000195D01001D5D01000D
:1061A000295D0100255D01002D5D0100000000005A
:1061B00000000000000000004E554C4C00000000A4
:1061C0005553422E32200000694D5852543130361A
:1061D000320000003235313230370000687474709C
:1061E000733A2F2F6769746875622E636F6D2F671E
:1061F00072626C48414C2F694D58525431303632DE
:10620000000000005434315535584242000000006F
:1062100068747470733A2F2F6769746875622E639F
:106220006F6D2F7068696C2D626172726574742F66
:106230006772626C2D7465656E73792D3400000091
:10624000424C0000656E74657220626F6F746C6FF3
:10625000616465720000000048617264206C696DC1
:10626000697420686173206265656E207472696765
:1062700067657265642E204D616368696E65207084
:106280006F736974696F6E206973206C696B656CDC
:1062900079206C6F73742064756520746F2073753A
:1062A0006464656E2068616C742E2052652D686F81
:1062B0006D696E6720697320686967686C79207200
:1062C00065636F6D6D656E6465642E00536F6674F3
:1062D000206C696D697420616C61726D2E20472D90
:1062E000636F6465206D6F74696F6E20746172678F
:1062F00065742065786365656473206D61636869A2
:106300006E652074726176656C2E204D61636869DC
:106310006E6520706F736974696F6E207265746149
:10632000696E65642E20416C61726D206D6179200B
:10633000626520736166656C7920756E6C6F636B46
:1063400065642E0052657365742F452D73746F70EC
:10635000207768696C6520696E206D6F74696F6E57
:106360002E204D616368696E6520706F7369746972
:106370006F6E206973206C696B656C79206C6F732C
:10638000742064756520746F2073756464656E2075
:1063900068616C742E2052652D686F6D696E672080
:1063A000697320686967686C79207265636F6D6DC9
:1063B000656E6465642E000050726F6265206661D0
:1063C000696C2E2050726F6265206973206E6F7445
:1063D00020696E20746865206578706563746564F3
:1063E00020696E697469616C2073746174652062E0
:1063F00065666F7265207374617274696E67207070
:10640000726F6265206379636C65207768656E20C2
:106410004733382E3220616E64204733382E3320C4
:106420006973206E6F742074726967676572656442
:1064300020616E64204733382E3420616E6420471B
:1064400033382E3520697320747269676765726509
:10645000642E000050726F6265206661696C2E20A8
:1064600050726F626520646964206E6F7420636F80
:106470006E746163742074686520776F726B7069E5
:106480006563652077697468696E2074686520703B
:10649000726F6772616D6D65642074726176656C90
:1064A00020666F72204733382E3220616E64204799
:1064B00033382E342E000000486F6D696E672066F9
:1064C00061696C2E2054686520616374697665206B
:1064D000686F6D696E67206379636C65207761739F
:1064E0002072657365742E00486F6D696E67206653
:1064F00061696C2E2053616665747920646F6F72D8
:1065000020776173206F70656E65642064757269B1
:106510006E6720686F6D696E67206379636C652EA6
:1065200000000000486F6D696E67206661696C2E1F
:106530002050756C6C206F66662074726176656C95
:10654000206661696C656420746F20636C6561729C
:10655000206C696D6974207377697463682E2054A8
:10656000727920696E6372656173696E67207075F8
:106570006C6C2D6F66662073657474696E67206F2E
:106580007220636865636B20776972696E672E009D
:10659000486F6D696E67206661696C2E20436F7568
:1065A0006C64206E6F742066696E64206C696D691E
:1065B00074207377697463682077697468696E20E2
:1065C0007365617263682064697374616E63657377
:1065D0002E2054727920696E6372656173696E67EB
:1065E000206D61782074726176656C2C206465631F
:1065F00072656173696E672070756C6C2D6F66666D
:106600002064697374616E63652C206F7220636807
:1066100065636B20776972696E672E004553746FEE
:10662000702061737365727465642E20436C6561BC
:106630007220616E6420726573657400486F6D69C5
:106640006E672072657175697265642E2045786584
:106650006375746520686F6D696E6720636F6D6D1B
:10666000616E64202824482920746F20636F6E7443
:10667000696E75652E0000004C696D697420737732
:106680006974636820656E67616765642E20436C7A
:10669000656172206265666F726520636F6E7469F2
:1066A0006E75696E672E000050726F6265207072A1
:1066B0006F74656374696F6E207472696767657261
:1066C00065642E20436C656172206265666F726539
:1066D00020636F6E74696E75696E672E000000002E
:1066E0005370696E646C65206174207370656564B5
:1066F0002074696D656F75742E20436C656172201E
:106700006265666F726520636F6E74696E75696E1F
:10671000672E0000486F6D696E67206661696C2E98
:1067200020436F756C64206E6F742066696E642000
:106730007365636F6E64206C696D6974207377692B
:1067400074636820666F72206175746F2073717551
:106750006172656420617869732077697468696E15
:10676000207365617263682064697374616E636528
:10677000732E2054727920696E6372656173696E3D
:1067800067206D61782074726176656C2C20646579
:106790006372656173696E672070756C6C2D6F66CE
:1067A000662064697374616E63652C206F72206368
:1067B0006865636B20776972696E672E0000000060
:1067C000506F776572206F6E2073656C66746573A9
:1067D000742028504F5329206661696C65642E002F
:1067E0004D6F746F72206661756C742E000000002E
:1067F000486F6D696E67206661696C2E2042616426
:1068000020636F6E66696775726174696F6E2E00C2
:106810004D6F6462757320657863657074696F6E1F
:106820002E2054696D656F7574206F72206D6573CD
:1068300073616765206572726F722E00492F4F2059
:10684000657870616E64657220636F6D6D756E69D9
:10685000636174696F6E206661696C65642E000007
:1068600032340000333200005541525431000000F0
:10687000554152543200000055415254330000003B
:106880005541525434000000526573657400000095
:106890004665656420686F6C640000004379636C32
:1068A0006520737461727400426C6F636B20646561
:1068B0006C6574650000000053746F702064697328
:1068C00061626C6500000000456D657267656E630E
:1068D000792073746F70000050726F626520646974
:1068E00073636F6E6E656374000000004D6F746FAC
:1068F00072206661756C74004D6F746F72207761E1
:10690000726E696E670000004C696D697473206F68
:10691000766572726964650053696E676C652062A2
:106920006C6F636B0000000050726F6265206F76C1
:10693000657274726176656C0000000050726F625F
:106940006500000058206D6F746F72206661756C71
:106950007400000059206D6F746F72206661756C51
:10696000740000005A206D6F746F72206661756C40
:106970007400000058206D6F746F72206661756C32
:106980007420320059206D6F746F72206661756CCF
:10699000742032005A206D6F746F72206661756CBE
:1069A0007420320050726F626520320050726F6244
:1069B000652032206F76657274726176656C0000B6
:1069C000546F6F6C7365747465720000546F6F6CF4
:1069D000736574746572206F766572747261766522
:1069E0006C0000004D5047206D6F64652073656C2E
:1069F0006563740058206C696D6974206D696E0060
:106A000058206C696D6974206D696E203200000039
:106A100058206C696D6974206D6178005820686F2A
:106A20006D6500005820686F6D6520320000000021
:106A300059206C696D6974206D696E0059206C690C
:106A40006D6974206D696E203200000059206C69F8
:106A50006D6974206D6178005920686F6D65000064
:106A60005920686F6D652032000000005A206C6963
:106A70006D6974206D696E005A206C696D697420AF
:106A80006D696E20320000005A206C696D697420B7
:106A90006D6178005A20686F6D6500005A20686F3C
:106AA0006D652032000000005370696E646C6520D3
:106AB000696E6465780000005370696E646C6520CF
:106AC00070756C736500000041757820696E203028
:106AD0000000000041757820696E20310000000040
:106AE00041757820696E20320000000041757820E1
:106AF000696E20330000000041757820696E2034F3
:106B00000000000041757820696E2035000000000B
:106B100041757820696E20360000000041757820AC
:106B2000696E20370000000041757820696E2038BA
:106B30000000000041757820696E203900000000D7
:106B400041757820696E2031300000004175782051
:106B5000696E20313100000041757820696E203166
:106B60003200000041757820696E2031330000004A
:106B700041757820696E203134000000417578201D
:106B8000696E20313500000041757820696E203132
:106B90003600000041757820696E20313700000012
:106BA00041757820696E20313800000041757820E9
:106BB000696E20313900000041757820696E2032FD
:106BC0003000000041757820696E203231000000ED
:106BD00041757820696E20323200000041757820BE
:106BE000696E20323300000041757820616E616C5F
:106BF0006F6720696E20300041757820616E616C8E
:106C00006F6720696E20310041757820616E616C7C
:106C10006F6720696E20320041757820616E616C6B
:106C20006F6720696E20330041757820616E616C5A
:106C30006F6720696E20340041757820616E616C49
:106C40006F6720696E20350041757820616E616C38
:106C50006F6720696E20360041757820616E616C27
:106C60006F6720696E2037005820737465700000CC
:106C70005832207374657000592073746570000079
:106C800059322073746570005A2073746570000067
:106C90005A322073746570005820646972000000D5
:106CA0005832206469720000592064697200000043
:106CB00059322064697200005A2064697200000031
:106CC0005A322064697200005374657070657220D6
:106CD000706F776572000000537465707065727331
:106CE00020656E61626C65005820656E61626C653E
:106CF000000000005920656E61626C6500000000B4
:106D00005A20656E61626C6500000000585920656C
:106D10006E61626C650000004D6F746F72204353AA
:106D2000000000004D6F746F722043535800000044
:106D30004D6F746F72204353590000004D6F746F94
:106D4000722043535A0000004D6F746F72204353FA
:106D50004D3300004D6F746F722043534D3400006B
:106D60004D6F746F722043534D3500004D6F746F3B
:106D7000722043534D3600004D6F746F72204353A1
:106D80004D3700005370696E646C65206F6E0000B3
:106D90005370696E646C6520646972656374696FB1
:106DA0006E0000005370696E646C652050574D0092
:106DB0005370696E646C652032206F6E00000000B5
:106DC0005370696E646C6520322064697265637407
:106DD000696F6E005370696E646C65203220505785
:106DE0004D0000004D69737400000000466C6F6F29
:106DF00064000000417578206F7574203000000039
:106E0000417578206F75742031000000417578203D
:106E10006F75742032000000417578206F75742002
:106E200033000000417578206F7574203400000035
:106E3000417578206F757420350000004175782009
:106E40006F75742036000000417578206F757420CE
:106E500037000000417578206F75742038000000FD
:106E6000417578206F7574203900000041757820D5
:106E70006F75742031300000417578206F75742073
:106E800031310000417578206F7574203132000077
:106E9000417578206F75742031330000417578207A
:106EA0006F75742031340000417578206F7574203F
:106EB00031350000417578206F757420313600003F
:106EC000417578206F757420313700004175782046
:106ED0006F75742031380000417578206F7574200B
:106EE00031390000417578206F7574203230000010
:106EF000417578206F75742032310000417578201B
:106F00006F75742032320000417578206F757420DF
:106F10003233000041757820616E616C6F67206FBD
:106F2000757420300000000041757820616E616C3E
:106F30006F67206F75742031000000004175782064
:106F4000616E616C6F67206F757420320000000005
:106F500041757820616E616C6F67206F75742033A6
:106F60000000000041757820616E616C6F67206FD2
:106F7000757420340000000041757820616E616CEA
:106F80006F67206F75742035000000004175782010
:106F9000616E616C6F67206F7574203600000000B1
:106FA00041757820616E616C6F67206F7574203752
:106FB000000000004C4544004C45442052000000B5
:106FC0004C454420470000004C454420420000004E
:106FD0004C454420570000004C45442061647265D4
:106FE000737361626C6500004C4544206164726596
:106FF000737361626C65203100000000436F507252
:107000006F6320526573657400000000436F507217
:107010006F6320426F6F7430000000004D49534F82
:10702000000000004D4F534900000000535049201C
:10703000434C4B005350492043530000466C61734E
:1070400068204353000000005344206361726420B1
:107050004353000053442063617264206465746587
:10706000637400005350492072657365740000001A
:1070700053504920495251004932432053434B0059
:1070800049324320534441004B6579706164207359
:1070900074726F6265000000493243207374726F2E
:1070A00062650000525800005458000052545300CA
:1070B00052533438352052582F5458206469726521
:1070C0006374696F6E000000514549204100000063
:1070D00051454920420000005145492073656C65C7
:1070E0006374000051454920696E646578000000B2
:1070F0005669727475616C005541525420580000F5
:10710000554152542059000055415254205A000014
:1071100055415254204D330055415254204D3400B6
:1071200055415254204D350055415254204D3600A2
:1071300055415254204D3700472D636F64652077C9
:107140006F72647320636F6E73697374206F66204F
:1071500061206C657474657220616E6420612076B4
:10716000616C75652E204C6574746572207761734F
:10717000206E6F7420666F756E642E004D69737398
:10718000696E6720746865206578706563746564EE
:1071900020472D636F646520776F72642076616C81
:1071A0007565206F72206E756D65726963207661FA
:1071B0006C756520666F726D6174206973206E6FE7
:1071C000742076616C69642E00000000272427205B
:1071D00073797374656D20636F6D6D616E64207774
:1071E0006173206E6F74207265636F676E697A6574
:1071F00064206F7220737570706F727465642E00F6
:107200004E656761746976652076616C756520727C
:107210006563656976656420666F7220616E2065BE
:107220007870656374656420706F736974697665DE
:107230002076616C75652E00486F6D696E672063FE
:1072400079636C65206661696C7572652E20486F84
:107250006D696E67206973206E6F7420636F6E6650
:1072600069677572656420766961207365747469F5
:107270006E67732E00000000537465702070756C8B
:1072800073652074696D65206D7573742062652067
:1072900067726561746572206F7220657175616CCB
:1072A00020746F2032206D6963726F7365636F6E37
:1072B00064732E00412073657474696E6773207265
:1072C000656164206661696C65642E204175746F28
:1072D0002D726573746F72696E672061666665638F
:1072E0007465642073657474696E677320746F20AD
:1072F00064656661756C742076616C7565732E00CB
:1073000027242720636F6D6D616E642063616E6E4C
:107310006F74206265207573656420756E6C65738B
:107320007320636F6E74726F6C6C6572207374611E
:1073300074652069732049444C452E20456E737551
:1073400072657320736D6F6F7468206F7065726102
:1073500074696F6E20647572696E672061206A6F50
:10736000622E0000472D636F646520636F6D6D6151
:107370006E647320617265206C6F636B6564206F4F
:10738000757420647572696E6720616C61726D201E
:107390006F72206A6F672073746174652E0000003D
:1073A000536F6674206C696D6974732063616E6ECF
:1073B0006F7420626520656E61626C656420776918
:1073C00074686F757420686F6D696E6720616C7387
:1073D0006F20656E61626C65642E00004D617820DF
:1073E0006368617261637465727320706572206C8A
:1073F000696E652065786365656465642E205265F5
:1074000063656976656420636F6D6D616E64206C81
:10741000696E6520776173206E6F7420657865638F
:10742000757465642E00000027242720736574742A
:10743000696E672076616C75652063617573652080
:107440007468652073746570207261746520746F50
:107450002065786365656420746865206D6178696E
:107460006D756D20737570706F727465642E000099
:1074700053616665747920646F6F7220646574650A
:1074800063746564206173206F70656E656420614C
:107490006E6420646F6F7220737461746520696E0E
:1074A000697469617465642E000000004275696C3E
:1074B0006420696E666F206F7220737461727475D8
:1074C00070206C696E65206578636565646564200D
:1074D0006C696E65206C656E677468206C696D6997
:1074E000742E204C696E65206E6F742073746F72F9
:1074F00065642E004A6F6720746172676574206549
:10750000786365656473206D616368696E65207476
:10751000726176656C2E204A6F6720636F6D6D61B6
:107520006E6420686173206265656E2069676E6FA6
:107530007265642E000000004A6F6720636F6D6DF6
:10754000616E6420686173206E6F20273D27206F75
:107550007220636F6E7461696E732070726F6869F8
:10756000626974656420672D636F64652E00000096
:107570004C61736572206D6F646520726571756909
:107580007265732050574D206F75747075742E009E
:10759000526573657420617373657274656400006D
:1075A0004E6F6E20706F7369746976652076616CBA
:1075B00075650000556E737570706F727465642028
:1075C0006F7220696E76616C696420672D636F64E9
:1075D0006520636F6D6D616E6420666F756E6420EB
:1075E000696E20626C6F636B2E0000004D6F7265D8
:1075F000207468616E206F6E6520672D636F64650F
:1076000020636F6D6D616E642066726F6D207361B3
:107610006D65206D6F64616C2067726F7570206698
:107620006F756E6420696E20626C6F636B2E000054
:1076300046656564207261746520686173206E6FB1
:107640007420796574206265656E20736574206F9F
:107650007220697320756E646566696E65642E00BC
:10766000472D636F646520636F6D6D616E64206983
:107670006E20626C6F636B207265717569726573E1
:1076800020616E20696E74656765722076616C7525
:10769000652E00004D6F7265207468616E206F6EFC
:1076A0006520672D636F646520636F6D6D616E6427
:1076B00020746861742072657175697265732061E8
:1076C00078697320776F72647320666F756E6420BB
:1076D000696E20626C6F636B2E00000052657065EE
:1076E0006174656420672D636F646520776F7264D1
:1076F00020666F756E6420696E20626C6F636B2EFE
:10770000000000004E6F206178697320776F72640B
:107710007320666F756E6420696E20626C6F636B98
:1077200020666F7220672D636F646520636F6D6DD7
:10773000616E64206F722063757272656E74206D65
:107740006F64616C20737461746520776869636825
:10775000207265717569726573207468656D2E009D
:107760004C696E65206E756D6265722076616C7510
:107770006520697320696E76616C69642E00000073
:10778000472D636F646520636F6D6D616E64206962
:1077900073206D697373696E6720612072657175FE
:1077A000697265642076616C756520776F72642EEE
:1077B000000000004735392E7820776F726B206308
:1077C0006F6F7264696E6174652073797374656D2F
:1077D0007320617265206E6F7420737570706F72A4
:1077E0007465642E00000000473533206F6E6C799D
:1077F00020616C6C6F77656420776974682047300E
:1078000020616E64204731206D6F74696F6E206D4A
:107810006F6465732E0000004178697320776F7282
:10782000647320666F756E6420696E20626C6F638E
:107830006B207768656E206E6F20636F6D6D616E73
:1078400064206F722063757272656E74206D6F6450
:10785000616C20737461746520757365732074683E
:10786000656D2E00473220616E64204733206172BF
:1078700063732072657175697265206174206C652F
:10788000617374206F6E6520696E2D706C616E651A
:10789000206178697320776F72642E004D6F746970
:1078A0006F6E20636F6D6D616E64207461726765C9
:1078B0007420697320696E76616C69642E00000023
:1078C000417263207261646975732076616C7565BD
:1078D00020697320696E76616C69642E0000000077
:1078E000473220616E6420473320617263732072D7
:1078F000657175697265206174206C6561737420AF
:107900006F6E6520696E2D706C616E65206F6666A6
:1079100073657420776F72642E000000556E757366
:1079200065642076616C756520776F72647320667C
:107930006F756E6420696E20626C6F636B2E000041
:107940004734332E312064796E616D696320746F22
:107950006F6C206C656E677468206F666673657403
:10796000206973206E6F742061737369676E65643C
:1079700020746F20636F6E6669677572656420742A
:107980006F6F6C206C656E67746820617869732E08
:1079900000000000546F6F6C206E756D6265722080
:1079A00067726561746572207468616E206D6178BC
:1079B00020737570706F727465642076616C756584
:1079C000206F7220756E646566696E656420746FE1
:1079D0006F6C2073656C65637465642E0000000035
:1079E00056616C7565206F7574206F662072616ECC
:1079F00067652E00472D636F646520636F6D6D6151
:107A00006E64206E6F7420616C6C6F776564207794
:107A100068656E20746F6F6C206368616E676520A7
:107A200069732070656E64696E672E005370696EAD
:107A3000646C65206E6F742072756E6E696E67205F
:107A40007768656E206D6F74696F6E20636F6D6D02
:107A5000616E64656420696E20435353206F722009
:107A60007370696E646C652073796E63206D6F64EA
:107A7000652E0000506C616E65206D757374206218
:107A800065205A5820666F72207468726561646957
:107A90006E672E004D61782E2066656564207261E8
:107AA00074652065786365656465642E0000000078
:107AB00052504D206F7574206F662072616E67653D
:107AC0002E0000004F6E6C7920686F6D696E672024
:107AD000697320616C6C6F776564207768656E20D0
:107AE00061206C696D6974207377697463682069BB
:107AF0007320656E67616765642E0000486F6D6571
:107B0000206D616368696E6520746F20636F6E74A9
:107B1000696E75652E0000004154433A206375720A
:107B200072656E7420746F6F6C206973206E6F7451
:107B3000207365742E205365742063757272656EB0
:107B40007420746F6F6C2077697468204D36312E05
:107B50000000000056616C756520776F72642063C9
:107B60006F6E666C6963742E00000000506F77655D
:107B700072206F6E2073656C662074657374206666
:107B800061696C65642E20412068617264207265B1
:107B90007365742069732072657175697265642EEE
:107BA00000000000456D657267656E63792073742F
:107BB0006F70206163746976652E0000536574747C
:107BC000696E672076616C7565206973206F7574C6
:107BD000206F662072616E67652E000053657474B5
:107BE000696E67206973206E6F7420617661696CBD
:107BF00061626C652C20706F737369626C792064AC
:107C0000756520746F206C696D6974656420647299
:107C10006976657220737570706F72742E00000043
:107C20005265747261637420706F736974696F6EEA
:107C3000206973206C657373207468616E206472B0
:107C4000696C6C2064657074682E00004174746502
:107C50006D707420746F20686F6D652074776F206D
:107C60006175746F207371756172656420617865E8
:107C700073206174207468652073616D6520746978
:107C80006D652E00436F6F7264696E617465207359
:107C9000797374656D206973206C6F636B65642EF6
:107CA00000000000556E6578706563746564206639
:107CB000696C652064656D6172636174696F6E2EB5
:107CC00000000000506F7274206973206E6F742082
:107CD000617661696C61626C650000004175746871
:107CE000656E7469636174696F6E20726571756920
:107CF0007265642E00000000416363657373206445
:107D0000656E6965642E00004E6F7420616C6C6F47
:107D1000776564207768696C65206372697469634C
:107D2000616C206576656E74206973206163746987
:107D300076652E00436F756C64206E6F74206F70D3
:107D4000656E2066696C652E0000000055736572D3
:107D500020646566696E6564206572726F72206F5B
:107D60006363757265642E00506F727420697320AE
:107D70006E6F7420757361626C652E00496E766556
:107D8000727420494F506F727420696E70757473ED
:107D90002E000000496E7665727420494F506F7254
:107DA00074206F75747075742E000000496E7665CE
:107DB000727420492F4F20506F727420696E707555
:107DC00074730000496E7665727420492F4F2050FD
:107DD0006F7274206F7574707574730041757820BC
:107DE000706F727473000000526573657420746F55
:107DF00020636F6E74696E75650000002724482744
:107E00007C2724582720746F20756E6C6F636B007D
:107E100043617574696F6E3A20556E6C6F636B6564
:107E200064000000456E61626C65640044697361C2
:107E3000626C656400000000436865636B20446FFA
:107E40006F720000436865636B204C696D697473E1
:107E50000000000050676D20456E64005265737429
:107E60006F72696E672064656661756C747300007B
:107E7000526573746F72696E67207370696E646C9B
:107E800065000000536C656570696E670000000056
:107E9000456D657267656E63792073746F70202D10
:107EA00020636C6561722C207468656E2072657346
:107EB000657420746F20636F6E74696E7565000061
:107EC000486F6D696E67206379636C6520726571B8
:107ED0007569726564000000507265737320637980
:107EE000636C6520737461727420746F20726572A4
:107EF000756E206A6F6200005265666572656E631A
:107F00006520746F6F6C206C656E677468206F6697
:107F1000667365742065737461626C697368656407
:107F2000000000004D6F746F72206661756C7420E4
:107F30002D20636C6561722C207468656E207265FB
:107F400073657420746F20636F6E74696E7565005D
:107F50005072657373206379636C6520737461720A
:107F60007420746F20636F6E74696E75652E0000E7
:107F700052656D6F766520616E7920746F756368E8
:107F800020706C61746520616E642070726573731B
:107F9000206379636C6520737461727420746F2040
:107FA000636F6E74696E75652E00000050726F62AB
:107FB00065206661696C65642C2074727920616744
:107FC00061696E2E00000000506572666F726D2050
:107FD000612070726F626520776974682024545044
:107FE00057206669727374210000000050726F623E
:107FF000652070726F74656374696F6E206163745D
:108000006976617465642E005072657373206379BC
:10801000636C6520737461727420746F20706F7369
:108020006974696F6E20666F7220746F7563682D56
:108030006F66662E000000005F766D616A6F7200E9
:108040005F766D696E6F72005F6C696E650000002F
:108050005F6D6F74696F6E5F6D6F64650000000027
:108060005F706C616E6500005F63636F6D70000030
:108070005F6D6574726963005F696D7065726961D7
:108080006C0000005F6162736F6C757465000000C6
:108090005F696E6372656D656E74616C00000000EF
:1080A0005F696E76657273655F74696D6500000067
:1080B0005F756E6974735F7065725F6D696E7574FC
:1080C000650000005F756E6974735F7065725F7242
:1080D000657600005F636F6F72645F7379737465B8
:1080E0006D0000005F746F6F6C5F6F666673657420
:1080F000000000005F726574726163745F725F708C
:108100006C616E65000000005F726574726163747B
:108110005F6F6C645F7A00005F7370696E646C659A
:108120005F72706D5F6D6F64650000005F737069F2
:108130006E646C655F6373735F6D6F6465000000F0
:108140005F696A6B5F6162736F6C7574655F6D6F99
:10815000646500005F6C617468655F6469616D658A
:108160007465725F6D6F6465000000005F6C617420
:1081700068655F7261646975735F6D6F6465000047
:108180005F7370696E646C655F6F6E005F737069BA
:108190006E646C655F6377005F6D697374000000E7
:1081A0005F666C6F6F6400005F73706565645F6F1E
:1081B00076657272696465005F666565645F6F7697
:1081C00065727269646500005F61646170746976EC
:1081D000655F6665656400005F666565645F686F1E
:1081E0006C6400005F666565640000005F72706D1E
:1081F000000000005F6162735F7800005F6162737E
:108200005F7900005F6162735F7A00005F61627393
:108210005F6100005F6162735F6200005F616273B3
:108220005F6300005F6162735F7500005F6162738E
:108230005F7600005F6162735F7700005F63757255
:1082400072656E745F746F6F6C0000005F637572AF
:1082500072656E745F706F636B6574005F73656CDD
:1082600065637465645F746F6F6C00005F73656C49
:1082700065637465645F706F636B65740000000014
:108280005F63616C6C5F6C6576656C005F70726FCC
:1082900062655F7374617465000000005F70726FE7
:1082A0006265325F73746174650000005F746F6FA4
:1082B0006C7365747465725F73746174650000003B
:1082C0005F686F6D65645F737461746500000000C2
:1082D0005F686F6D65645F61786573005F746F6F71
:1082E0006C5F7461626C655F73697A6500000000A1
:1082F000550000004600000043000000450000005B
:108300004C000000312E3500302E3500537465705E
:108310002070756C7365206C656E67746820696E7B
:10832000206D6963726F7365636F6E64732E5C6E2C
:108330004D696E696D756D20646570656E6473203E
:108340006F6E207468652070726F636573736F72EF
:1083500020616E64206973207479706963616C6C4C
:108360007920696E207468652072616E6765206F80
:10837000662031202D20322E352E5C6E5C6E5468C6
:1083800065206C656E6774682068617320746F2067
:10839000626520726564756365642066726F6D2026
:1083A0007468652064656661756C742076616C75AF
:1083B00065206F662035207768656E206D61782EA8
:1083C00020737465702072617465206578636565DB
:1083D0006420617070726F78696D6174656C79206A
:1083E000313430206B487A2E0000000053657473DE
:1083F00020612073686F727420686F6C64206465FC
:108400006C6179207768656E2073746F7070696E27
:108410006720746F206C65742064796E616D696388
:108420007320736574746C65206265666F72652075
:1084300064697361626C696E6720737465707065DE
:1084400072732E2056616C756520323535206B6550
:10845000657073206D6F746F727320656E61626CEE
:1084600065642E00496E76657274732074686520A9
:1084700073746570207369676E616C732028616323
:1084800074697665206C6F77292E0000496E7665D9
:108490007274732074686520646972656374696FAF
:1084A0006E207369676E616C7320286163746976EE
:1084B00065206C6F77292E00496E76657274732083
:1084C0007468652073746570706572206472697673
:1084D000657220656E61626C65207369676E616CA0
:1084E000732E204D6F7374206472697665727320E9
:1084F0007573657320616374697665206C6F77208E
:10850000656E61626C6520726571756972696E670E
:1085100020696E76657273696F6E2E5C6E5C6E4E4E
:108520004F54453A2049662074686520737465701D
:108530007065722064726976657273207368617207
:108540006573207468652073616D6520656E616276
:108550006C65207369676E616C206F6E6C79205852
:1085600020697320757365642E000000496E76657E
:10857000727473207468652061786973206C696D0A
:10858000697420696E707574207369676E616C73AD
:108590002E000000496E7665727473207468652041
:1085A00070726F626520696E707574207369676E92
:1085B000616C2873292E0000456E61626C65206332
:1085C0006F6E74726F6C732050574D206F7574709E
:1085D000757420617661696C6162696C6974792E69
:1085E0005C6E5768656E206052504D20636F6E74EC
:1085F000726F6C73207370696E646C6520656E6158
:10860000626C65207369676E616C602069732063BA
:108610006865636B656420616E64204D33206F7202
:10862000204D34206973206163746976652053306E
:10863000207377697463686573206974206F666658
:1086400020616E642053203E20302073776974636C
:10865000686573206974206F6E2E0000496E766520
:108660007274732074686520646972656374696FDD
:108670006E207369676E616C7320666F7220746818
:1086800065207365636F6E64206D6F746F72207503
:1086900073656420666F722067616E676564206130
:1086A0007865732E5C6E5C6E4E4F54453A2054686C
:1086B000697320696E76657273696F6E2077696C75
:1086C0006C206265206170706C69656420696E2041
:1086D0006164646974696F6E20746F2074686520CA
:1086E000696E76657273696F6E2066726F6D207346
:1086F000657474696E672024332E000053706563BF
:108700006966696573206F7074696F6E616C20644F
:1087100061746120696E636C7564656420696E20A4
:10872000737461747573207265706F7274732061F5
:108730006E64206966207265706F727420697320A0
:1087400073656E74207768656E20686F6D696E67FB
:108750002E5C6E49662052756E207375627374616B
:1087600074757320697320656E61626C656420693D
:1087700074206D6179206265207573656420666F71
:10878000722073696D706C652070726F6265207005
:10879000726F74656374696F6E2E5C6E5C6E4E4FA3
:1087A00054453A2050617273657220737461746528
:1087B0002077696C6C2062652073656E7420736528
:1087C0007061726174656C79206166746572207481
:1087D000686520737461747573207265706F72744C
:1087E00020616E64206F6E6C79206F6E206368610B
:1087F0006E6765732E0000005365747320686F7791
:108800002066617374206772626C48414C207472F8
:108810006176656C73207468726F75676820636F2A
:108820006E7365637574697665206D6F74696F6EBC
:10883000732E204C6F7765722076616C756520739E
:108840006C6F777320697420646F776E2E00000060
:10885000536574732074686520473220616E64200C
:108860004733206172632074726163696E672061AF
:1088700063637572616379206261736564206F6EF2
:108880002072616469616C206572726F722E204281
:1088900065776172653A2041207665727920736D43
:1088A000616C6C2076616C7565206D617920656600
:1088B0006665637420706572666F726D616E636564
:1088C0002E000000456E61626C657320696E6368FE
:1088D00020756E697473207768656E207265747593
:1088E000726E696E6720616E7920706F736974694A
:1088F0006F6E20616E6420726174652076616C75A4
:10890000652074686174206973206E6F7420612023
:1089100073657474696E67732076616C75652E007B
:10892000496E76657274732074686520636F6E7427
:10893000726F6C207369676E616C73202861637459
:10894000697665206C6F77292E5C6E4E4F54453AE0
:1089500020426C6F636B2064656C6574652C204FDE
:108960007074696F6E616C2073746F702C20455346
:10897000746F7020616E642050726F626520636F47
:108980006E6E656374656420617265206F707469D2
:108990006F6E616C207369676E616C732C206176F9
:1089A00061696C6162696C697479206973206472B1
:1089B0006976657220646570656E64656E742E00FC
:1089C000496E76657274732074686520636F6F6C8E
:1089D000616E7420616E64206D69737420736967C1
:1089E0006E616C732028616374697665206C6F77A3
:1089F000292E0000496E76657274732074686520B4
:108A00007370696E646C65206F6E2C20636F756E79
:108A1000746572636C6F636B7769736520616E64F4
:108A20002050574D207369676E616C732028616315
:108A300074697665206C6F77292E00004469736134
:108A4000626C652074686520636F6E74726F6C2051
:108A50007369676E616C732070756C6C75702072D1
:108A600065736973746F72732E20506F74656E74C2
:108A700069616C6C7920656E61626C6573207075DC
:108A80006C6C646F776E207265736973746F72209B
:108A9000696620617661696C61626C652E5C6E4E00
:108AA0004F54453A20426C6F636B2064656C65746B
:108AB000652C204F7074696F6E616C2073746F70D9
:108AC00020616E64204553746F7020617265206F61
:108AD0007074696F6E616C207369676E616C732C62
:108AE00020617661696C6162696C6974792069736F
:108AF0002064726976657220646570656E64656E67
:108B0000742E000044697361626C6520746865208E
:108B10006C696D6974207369676E616C7320707520
:108B20006C6C7570207265736973746F72732E202C
:108B3000506F74656E7469616C6C7920656E6162EA
:108B40006C65732070756C6C646F776E20726573E2
:108B50006973746F727320696620617661696C61F4
:108B6000626C652E0000000044697361626C6520D0
:108B70007468652070726F6265207369676E616CDE
:108B80002070756C6C7570207265736973746F7288
:108B90002873292E20506F74656E7469616C6C792E
:108BA00020656E61626C65732070756C6C646F77A4
:108BB0006E207265736973746F72287329206966F9
:108BC00020617661696C61626C652E00456E616240
:108BD0006C657320736F6674206C696D69747320A3
:108BE000636865636B732077697468696E206D6173
:108BF0006368696E652074726176656C20616E646D
:108C0000207365747320616C61726D207768656E86
:108C10002065786365656465642E205265717569A9
:108C200072657320686F6D696E672E005768656E98
:108C300020656E61626C656420696D6D6564696153
:108C400074656C792068616C7473206D6F74696FE2
:108C50006E20616E64207468726F777320616E207D
:108C6000616C61726D207768656E2061206C696D42
:108C700069742073776974636820697320747269FA
:108C80006767657265642E20496E2073747269632C
:108C900074206D6F6465206F6E6C7920686F6D69EC
:108CA0006E6720697320706F737369626C652077DB
:108CB00068656E206120737769746368206973202A
:108CC000656E67616765642E00000000456E616235
:108CD0006C657320686F6D696E67206379636C657E
:108CE0002E205265717569726573206C696D6974A7
:108CF000207377697463686573206F6E206178658F
:108D00007320746F206265206175746F6D61746982
:108D100063616C6C7920686F6D65642E5C6E5C6E4F
:108D20005768656E2060456E61626C652073696E80
:108D3000676C65206178697320636F6D6D616E6427
:108D4000736020697320636865636B65642C2073AE
:108D5000696E676C65206178697320686F6D696EF4
:108D6000672063616E20626520706572666F726D48
:108D700065642062792024483C61786973206C65C1
:108D8000747465723E20636F6D6D616E64732E5CEA
:108D90006E5C6E5768656E2060416C6C6F77206DFD
:108DA000616E75616C6020697320636865636B65D3
:108DB000642C2061786573206E6F7420686F6D6518
:108DC00064206175746F6D61746963616C6C792086
:108DD0006D617920626520686F6D6564206D616EDC
:108DE00075616C6C79206279202448206F72202490
:108DF000483C61786973206C65747465723E2063C9
:108E00006F6D6D616E64732E5C6E5C6E604F766527
:108E10007272696465206C6F636B73602069732084
:108E2000666F7220616C6C6F77696E67206120736A
:108E30006F667420726573657420746F2064697343
:108E400061626C652060486F6D696E67206F6E208F
:108E5000737461727475702072657175697265647E
:108E6000602E0000486F6D696E67207365617263E4
:108E700068657320666F7220612073776974636818
:108E800020696E2074686520706F736974697665F7
:108E900020646972656374696F6E2E205365742057
:108EA000617869732062697420746F2073656172E0
:108EB000636820696E206E656761746976652064F9
:108EC0006972656374696F6E2E00000046656564A3
:108ED000207261746520746F20736C6F776C7920D9
:108EE000656E67616765206C696D69742073776969
:108EF00074636820746F2064657465726D696E6553
:108F000020697473206C6F636174696F6E20616394
:108F10006375726174656C792E0000005365656B32
:108F2000207261746520746F20717569636B6C7950
:108F30002066696E6420746865206C696D697420B0
:108F4000737769746368206265666F726520746800
:108F50006520736C6F776572206C6F636174696EE6
:108F6000672070686173652E00000000536574739C
:108F700020612073686F72742064656C617920626F
:108F800065747765656E20706861736573206F66C0
:108F900020686F6D696E67206379636C6520746FFC
:108FA000206C657420612073776974636820646540
:108FB000626F756E63652E00526574726163742012
:108FC00064697374616E6365206166746572207490
:108FD000726967676572696E672073776974636821
:108FE00020746F20646973656E67616765206974BA
:108FF0002E20486F6D696E672077696C6C20666102
:10900000696C206966207377697463682069736E80
:10901000277420636C65617265642E0047373320C6
:10902000726574726163742064697374616E6365E0
:109030002028666F72206368697020627265616BB8
:10904000696E67206472696C6C696E67292E000016
:10905000537465702070756C73652064656C6179FC
:109060002E5C6E5C6E5768656E20736574203E20C2
:109070003020616E64206C657373207468616E20AB
:1090800032207468652076616C7565206973207282
:109090006F756E64656420757020746F2032206D6A
:1090A0006963726F7365636F6E64732E00000000F6
:1090B0004D6178696D756D207370696E646C6520A3
:1090C00073706565642C2063616E206265206F7625
:1090D000657272696464656E206279207370696E6E
:1090E000646C6520706C7567696E732E00000000FB
:1090F0004D696E696D756D207370696E646C652065
:1091000073706565642C2063616E206265206F76E4
:10911000657272696464656E206279207370696E2D
:10912000646C6520706C7567696E732E5C6E5C6E26
:109130005768656E20736574203E203020243335D7
:10914000202850574D206D696E2076616C75652919
:10915000206D6179206861766520746F20626520DA
:1091600073657420746F206765742074686520636C
:109170006F6E666967757265642052504D2E0000EF
:109180004C61736572206D6F64653A20636F6E7316
:10919000656375746976652047312F322F332063FC
:1091A0006F6D6D616E64732077696C6C206E6F7487
:1091B0002068616C74207768656E207370696E64D6
:1091C0006C65207370656564206973206368616EE7
:1091D0006765642E5C6E4C61746865206D6F6465B4
:1091E0003A20616C6C6F777320757365206F662011
:1091F00047372C2047382C2047393620616E6420B1
:109200004739372E000000005370696E646C65208A
:1092100050574D206672657175656E63792E00003A
:109220005370696E646C652050574D206F666620E0
:1092300076616C756520696E2070657263656E7409
:10924000202864757479206379636C65292E000089
:109250005370696E646C652050574D206D696E20A7
:1092600076616C756520696E2070657263656E74D9
:10927000202864757479206379636C65292E000059
:109280005370696E646C652050574D206D61782075
:1092900076616C756520696E2070657263656E74A9
:1092A000202864757479206379636C65292E000029
:1092B00053706563696669657320776869636820C0
:1092C0007374657070657273206E6F7420746F2094
:1092D00064697361626C65207768656E2073746F72
:1092E000707065642E0000005370696E646C6520B8
:1092F000656E636F6465722070756C736573207042
:109300006572207265766F6C7574696F6E2E0000E1
:10931000456E61626C657320226E6F726D616C22A6
:109320002070726F63657373696E67206F66203F8C
:109330002C202120616E64207E206368617261634D
:1093400074657273207768656E2070617274206F27
:109350006620242D73657474696E67206F722063B4
:109360006F6D6D656E742E2049662064697361624D
:109370006C6564207468656E20746865792061721C
:109380006520616464656420746F20746865206979
:109390006E70757420737472696E6720696E737471
:1093A0006561642E000000004C696D6974206A6F6D
:1093B0006720636F6D6D616E647320746F206D61E3
:1093C0006368696E6520776F726B73706163652087
:1093D000666F7220686F6D656420617865732E001A
:1093E000456E61626C6573207061726B696E672097
:1093F0006379636C652C2072657175697265732081
:109400007061726B696E67206178697320686F6D37
:1094100065642E00446566696E65207768696368D7
:109420002061786973207468617420706572666F5A
:10943000726D7320746865207061726B696E67204D
:109440006D6F74696F6E2E004E756D626572206F60
:109450006620686F6D696E67207061737365732E27
:10946000204D696E696D756D20312C206D617869B4
:109470006D756D203132382E000000004178657323
:1094800020746F20686F6D6520696E206669727345
:10949000742070686173652E000000004178657368
:1094A00020746F20686F6D6520696E207365636F2F
:1094B0006E642070686173652E00000041786573EA
:1094C00020746F20686F6D6520696E207468697202
:1094D000642070686173652E00000000537465702D
:1094E000206A6F6767696E672073706565642069BD
:1094F0006E206D696C6C696D657465727320706542
:1095000072206D696E7574652E000000536C6F7764
:10951000206A6F6767696E6720737065656420698C
:109520006E206D696C6C696D657465727320706511
:1095300072206D696E7574652E000000466173744B
:10954000206A6F6767696E6720737065656420695C
:109550006E206D696C6C696D6574657273207065E1
:1095600072206D696E7574652E0000004A6F672069
:1095700064697374616E636520666F722073696ECF
:10958000676C652073746570206A6F6767696E67C2
:109590002E0000004A6F672064697374616E636512
:1095A000206265666F7265206175746F6D617469A4
:1095B000632073746F702E005370696E646C652045
:1095C00070756C6C2D6F757420616E6420706C7595
:1095D0006E67652064697374616E636520696E20CF
:1095E0006D6D2E496E6372656D656E74616C20647D
:1095F000697374616E63652E000000005370696EBC
:10960000646C652070756C6C2D6F75742F706C7543
:109610006E676520736C6F77206665656420726184
:10962000746520696E206D6D2F6D696E2E000000CF
:109630005061726B696E6720617869732074617222
:109640006765742E20496E206D6D2C206173206D2E
:10965000616368696E6520636F6F7264696E6174BF
:1096600065205B2D6D61785F74726176656C2C206E
:10967000305D2E005061726B696E67206661737495
:10968000207261746520746F207461726765742044
:1096900061667465722070756C6C2D6F75742069CD
:1096A0006E206D6D2F6D696E2E0000005265737413
:1096B0006F7265206F766572726964657320746F6E
:1096C0002064656661756C742076616C75657320C5
:1096D00061742070726F6772616D20656E642E0018
:1096E00049676E6F7265207768656E2069646C6586
:1096F0003A2064697372656761726420646F6F7287
:10970000207369676E616C20696E2049444C452066
:10971000737461746520746F20616C6C6F77206A5C
:109720006F6767696E67206574632E204176616993
:109730006C61626C65207768656E20636F6E747211
:109740006F6C6C65722068617320646F6F72206942
:109750006E7075742E0A4B65657020636F6F6C6157
:109760006E74207374617465206F6E206F70656E07
:109770003A20646F206E6F74207475726E206F666D
:109780006620636F6F6C616E74206966206F6E2E49
:1097900000000000456E61626C6520736C65657049
:1097A000206D6F64652E0000416374696F6E7320D5
:1097B00074616B656E20647572696E67206665659D
:1097C0006420686F6C6420616E64206F6E20726527
:1097D00073756D652066726F6D20666565642068BF
:1097E0006F6C642E00000000537461727420696E07
:1097F00020616C61726D206D6F64652061667465B7
:1098000072206120636F6C642072657365742E0032
:10981000416C6C6F772066656564206F7665727247
:1098200069646520647572696E672070726F626921
:109830006E6720616E642F6F72206C696D69742091
:1098400070726F62696E6720636F6D6D616E6473B5
:1098500020746F206D616368696E6520776F726B2D
:10986000737061636520666F7220686F6D65642038
:10987000617865732E0000005370696E646C65201A
:1098800073796E6320504944206D617820696E744D
:1098900065677261746F72206572726F722E00005C
:1098A00054726176656C207265736F6C7574696F44
:1098B0006E20696E20737465707320706572206D00
:1098C000696C6C696D657465722E00005472617606
:1098D000656C207265736F6C7574696F6E20696E4C
:1098E000207374657073207065722064656772659B
:1098F000652E00004D6178696D756D20726174652B
:109900002E2055736564206173204730207261708A
:10991000696420726174652E000000004163636514
:109920006C65726174696F6E2E2055736564206674
:109930006F72206D6F74696F6E20706C616E6E69EE
:109940006E6720746F206E6F742065786365656440
:10995000206D6F746F7220746F7271756520616E07
:1099600064206C6F73652073746570732E00000043
:109970004D6178696D756D206178697320747261CD
:1099800076656C2064697374616E63652066726FBE
:109990006D20686F6D696E67207377697463682ED8
:1099A0002044657465726D696E65732076616C69BB
:1099B00064206D616368696E652073706163652002
:1099C000666F7220736F66742D6C696D6974732095
:1099D000616E6420686F6D696E6720736561726384
:1099E000682064697374616E6365732E0000000003
:1099F0004261636B6C6173682064697374616E6348
:109A00006520746F20636F6D70656E73617465207F
:109A1000666F722E000000004F66667365742062E8
:109A200065747765656E20736964657320746F2053
:109A3000636F6D70656E7361746520666F72206808
:109A40006F6D696E672073776974636865732069E9
:109A50006E616363757261636965732E0000000057
:109A60005370696E646C6520617420737065656401
:109A700020746F6C6572616E636520617320706520
:109A80007263656E74616765206465766961746987
:109A90006F6E2066726F6D2070726F6772616D6D90
:109AA00065642073706565642C2073657420746F21
:109AB000203020746F2064697361626C652E5C6E67
:109AC0004966206E6F742077697468696E20746FC0
:109AD0006C6572616E63652061667465722074697D
:109AE0006D656F7574207365742062792073706979
:109AF0006E646C65206F6E2064656C61792028242B
:109B00003339342920616C61726D203134206973DE
:109B1000207261697365642E5C6E4E4F54453A2025
:109B2000696620746865207370696E646C65206F67
:109B30006E2064656C61792069732073657420748C
:109B40006F2030207468652074696D656F757420AE
:109B500064656661756C747320746F206F6E652028
:109B60006D696E7574652E004E6F726D616C3A2072
:109B7000616C6C6F7773206A6F6767696E672066C8
:109B80006F72206D616E75616C20746F75636820F3
:109B90006F66662E20536574206E657720706F7334
:109BA0006974696F6E206D616E75616C6C792E5C85
:109BB0006E5C6E4D616E75616C20746F75636820AC
:109BC0006F66663A2072617069647320746F2074E6
:109BD0006F6F6C206368616E676520706F73697466
:109BE000696F6E2C20757365206A6F6767696E6791
:109BF000206F72202454505720666F7220746F7546
:109C00006368206F66662E5C6E5C6E4D616E75617A
:109C10006C20746F756368206F666620402047353E
:109C2000392E333A2072617069647320746F207426
:109C30006F6F6C206368616E676520706F73697405
:109C4000696F6E2C206166746572206368616E674F
:109C50006520746F204735392E3320706F73697417
:109C6000696F6E20666F72206D616E75616C207415
:109C70006F756368206F66662E20557365206A6F66
:109C80006767696E67206F72202454505720666F93
:109C90007220746F756368206F66662E5C6E5C6EF2
:109CA0004175746F6D6174696320746F75636820AA
:109CB0006F66662040204735392E333A2072617036
:109CC00069647320746F20746F6F6C206368616EB9
:109CD000676520706F736974696F6E2C206166749C
:109CE0006572206368616E676520746F204735393F
:109CF0002E3320706F736974696F6E20666F7220E7
:109D00006175746F6D6174696320746F7563682029
:109D10006F66662E5C6E5C6E446570656E64696E1F
:109D200067206F6E2073657474696E677320746842
:109D30006520746F6F6C2028636F6E74726F6C6C2B
:109D4000656420706F696E74292077696C6C20627D
:109D500065206D6F766564206261636B20746F208F
:109D600074686520746F206F726967696E616C201A
:109D7000706F736974696F6E2061667465722074A8
:109D80006F756368206F66662E2022746F6F6C207B
:109D90006368616E676520706F736974696F6E22A6
:109DA0002069732065697468657220746F6F6C2018
:109DB0006178697320686F6D652C204735392E33C3
:109DC000206F722047333020706F736974696F6E33
:109DD00020646570656E64696E67206F6E207365C0
:109DE0007474696E67732E004D6178696D756D20AE
:109DF00070726F62696E672064697374616E636507
:109E000020666F72206175746F6D61746963206F75
:109E100072202454505720746F756368206F6666F3
:109E20002E00000046656564207261746520746FC1
:109E300020736C6F776C7920656E6761676520743D
:109E40006F6F6C206368616E67652073656E736FFA
:109E50007220746F2064657465726D696E6520741C
:109E6000686520746F6F6C206F666673657420611F
:109E7000636375726174656C792E00005365656B60
:109E8000207261746520746F20717569636B6C79E1
:109E90002066696E642074686520746F6F6C20633F
:109EA00068616E67652073656E736F7220626566A8
:109EB0006F72652074686520736C6F776572206CB3
:109EC0006F636174696E672070686173652E00004E
:109ED00050756C6C2D6F6666207261746520666FBC
:109EE00072207468652072657472616374206D6F8E
:109EF0007665206265666F72652074686520736C94
:109F00006F776572206C6F636174696E672070682B
:109F10006173652E00000000526573746F726520D6
:109F2000706F736974696F6E206166746572204D1D
:109F3000363A207768656E207365742074686520F2
:109F40007370696E646C65206973206D6F766564EB
:109F500020736F20746861742074686520636F6E6D
:109F600074726F6C6C656420706F696E74202874F5
:109F70006F6F6C2074697029206973207468652084
:109F800073616D65206173206265666F7265207410
:109F90006865204D3620636F6D6D616E642C696657
:109FA000206E6F7420746865207370696E646C65D0
:109FB000206973206F6E6C79206D6F7665642074F4
:109FC0006F20746865205A20686F6D6520706F730C
:109FD0006974696F6E2E5C6E5C6E4368616E676556
:109FE00020746F6F6C206174204733303A2077689B
:109FF000656E207365742072617069647320746F7C
:10A00000207468652047333020706F736974696FFE
:10A010006E2076696120746F6F6C2061786973209F
:10A02000686F6D652E205265717569726573206168
:10A0300078657320746F20626520686F6D65642E8B
:10A040005C6E5C6E466173742070726F6265207026
:10A05000756C6C6F66663A20757365204733382ED1
:10A0600034207374796C652070726F62696E67203A
:10A07000666F722066617374657220746F756368B1
:10A08000206F66662E0000004475616C206178695F
:10A0900073206C656E677468206661696C20696EF8
:10A0A0002070657263656E74206F662061786973D5
:10A0B000206D61782074726176656C2E000000005E
:10A0C0004475616C2061786973206C656E67746893
:10A0D000206661696C206D696E696D756D206469BB
:10A0E0007374616E63652E004475616C20617869DC
:10A0F00073206C656E677468206661696C206D61A1
:10A1000078696D756D2064697374616E63652E0086
:10A1100044697361626C657320736176652F726543
:10A1200073746F7265206F6620473932206F6666E0
:10A1300073657420746F206E6F6E2D766F6C617412
:10A14000696C652073746F7261676520284E565381
:10A15000292E000044656C617920746F20616C6C5D
:10A160006F77207370696E646C6520746F207370F4
:10A17000696E207570206166746572207361666512
:10A18000747920646F6F7220697320636C6F7365DC
:10A1900064206F72206F6E20726573756D65206626
:10A1A000726F6D207061726B2E00000044656C61EF
:10A1B0007920746F20616C6C6F7720636F6F6C61B6
:10A1C0006E7420746F20726573746172742061669E
:10A1D0007465722073616665747920646F6F722094
:10A1E000697320636C6F736564206F72206F6E20DB
:10A1F000726573756D652066726F6D207061726B2C
:10A200002E00000044656C617920746F20616C6CD5
:10A210006F77207370696E646C6520746F20737043
:10A22000696E2075702E2030206F7220302E352000
:10A230002D203230735C6E4966207370696E646CD9
:10A240006520737570706F7274732022617420734F
:10A2500070656564222066756E6374696F6E616CEB
:10A260006974792069742069732074686520746941
:10A270006D6520746F2077616974206265666F7206
:10A280006520616C61726D203134206973207261C8
:10A29000697365642E0000005370696E646C6520FC
:10A2A00073656C6563746564206F6E20737461728E
:10A2B0007475702E000000004E756D626572206F1F
:10A2C0006620626C6F636B7320696E207468652012
:10A2D000706C616E6E6572206275666665722E00C6
:10A2E000496E74657276616C207468652072656170
:10A2F0006C2074696D65207265706F727420776967
:10A300006C6C2062652073656E742C2073657420FC
:10A31000746F203020746F2064697361626C652EE5
:10A32000000000004F666673657420696E20686FD8
:10A330007572732066726F6D205554432E000000B5
:10A3400049662073657420756E6C6F636B2028629C
:10A35000792073656E64696E6720245829206973BB
:10A36000207265717569726564206166746572201A
:10A37000726573657474696E67206120636C6561D2
:10A3800072656420452D53746F7020636F6E64692D
:10A3900074696F6E2E0000004C6F636B20636F6FEB
:10A3A0007264696E6174652073797374656D73206E
:10A3B000616761696E7374206163636964656E745B
:10A3C000616C206368616E6765732E0044656C6123
:10A3D0007920746F20616C6C6F77207370696E6484
:10A3E0006C6520746F207370696E20646F776E2EB9
:10A3F0002030206F7220302E35202D203230735CBB
:10A400006E4966207370696E646C65207375707038
:10A410006F727473202261742073706565642220EA
:10A4200066756E6374696F6E616C697479206974A6
:10A43000206973207468652074696D6520746F20CD
:10A4400077616974206265666F726520616C617204
:10A450006D203134206973207261697365642E0048
:10A4600053706563696669657320776869636820FE
:10A470007370696E646C6520686173207468652010
:10A48000656E636F6465722061747461636865648E
:10A490002E0000004175746F206D6F756E7420532F
:10A4A000442063617264206F6E20737461727475EE
:10A4B000702E0000496E7665727473207468652092
:10A4C0006178697320686F6D6520696E707574209E
:10A4D0007369676E616C732E0000000044656C61E7
:10A4E0007920746F20616C6C6F7720636F6F6C6183
:10A4F0006E7420746F2073746172742E2030206F1C
:10A500007220302E35202D203230732E00000000B6
:10A51000436F6E74726F6C7320616374696F6E73D6
:10A520002074616B656E206F6E206120736F66749E
:10A530002072657365742E0044656C6179206672C3
:10A540006F6D207374657070657220656E61626CEA
:10A550006520746F2066697273742073746570204F
:10A560006F75747075742E205468652064726976F6
:10A570006572207479706963616C6C7920616464C0
:10A5800073207E326D7320746F20746869732E009F
:10A59000537465702070756C73652074696D650007
:10A5A0006D6963726F7365636F6E647300000000A2
:10A5B000537465702069646C652064656C61790012
:10A5C0006D696C6C697365636F6E64730000000085
:10A5D00023232323300000003635353335000000B7
:10A5E000537465702070756C736520696E76657242
:10A5F0007400000053746570206469726563746947
:10A600006F6E20696E76657274000000496E766523
:10A610007274207374657070657220656E61626C0F
:10A6200065206F757470757428732900496E76659E
:10A630007274206C696D697420696E707574730032
:10A64000496E766572742070726F626520696E70F3
:10A6500075747300446570726563617465640000AD
:10A6600047616E676564206178657320646972650F
:10A670006374696F6E20696E766572740000000005
:10A6800050574D207370696E646C65206F707469EB
:10A690006F6E7300456E61626C652C52504D206385
:10A6A0006F6E74726F6C73207370696E646C65206A
:10A6B000656E61626C65207369676E616C2C4469BC
:10A6C0007361626C65206C61736572206D6F646587
:10A6D000206361706162696C69747900537461749C
:10A6E0007573207265706F7274206F7074696F6E0D
:10A6F00073000000506F736974696F6E20696E207B
:10A700006D616368696E6520636F6F7264696E6105
:10A7100074652C4275666665722073746174652C6D
:10A720004C696E65206E756D626572732C46656549
:10A730006420262073706565642C50696E207374E4
:10A740006174652C576F726B20636F6F7264696EF2
:10A75000617465206F66667365742C4F76657272DE
:10A76000696465732C50726F626520636F6F7264E9
:10A77000696E617465732C427566666572207379C3
:10A780006E63206F6E2057434F206368616E67656C
:10A790002C5061727365722073746174652C416C06
:10A7A00061726D207375627374617475732C527568
:10A7B0006E207375627374617475732C456E61627B
:10A7C0006C65207768656E20686F6D696E672C44D4
:10A7D000697374616E63652D746F2D676F0000007F
:10A7E0004A756E6374696F6E206465766961746919
:10A7F0006F6E00006D6D00002323232323302E3065
:10A800003030000041726320746F6C6572616E635A
:10A81000650000005265706F727420696E20696E69
:10A820006368657300000000496E7665727420638A
:10A830006F6E74726F6C20696E70757473000000B7
:10A84000496E7665727420636F6F6C616E74206FF1
:10A850007574707574730000496E76657274207338
:10A8600070696E646C65207369676E616C7300005B
:10A8700050756C6C75702064697361626C652063DF
:10A880006F6E74726F6C20696E7075747300000067
:10A8900050756C6C75702064697361626C65206CB6
:10A8A000696D697420696E707574730050756C6C95
:10A8B00075702064697361626C652070726F626587
:10A8C00020696E7075747300536F6674206C696DC7
:10A8D00069747320656E61626C6500004861726422
:10A8E000206C696D69747320656E61626C6500002F
:10A8F000456E61626C652C537472696374206D6F70
:10A9000064650000486F6D696E67206379636C65EC
:10A9100000000000486F6D696E67206469726563AE
:10A9200074696F6E20696E7665727400486F6D6928
:10A930006E67206C6F636174652066656564207264
:10A94000617465006D6D2F6D696E000023232323F4
:10A9500023302E3000000000486F6D696E67207351
:10A960006561726368207365656B20726174650050
:10A97000486F6D696E6720737769746368206465DA
:10A98000626F756E63652064656C6179000000001C
:10A9900023233000486F6D696E6720737769746395
:10A9A000682070756C6C2D6F6666206469737461C5
:10A9B0006E6365004737332052657472616374209B
:10A9C00064697374616E63650000000050756C7398
:10A9D000652064656C6179004D6178696D756D20E5
:10A9E0007370696E646C6520737065656400000047
:10A9F00052504D004D696E696D756D207370696EB2
:10AA0000646C652073706565640000004D6F64655B
:10AA1000206F66206F7065726174696F6E00000050
:10AA20004E6F726D616C2C4C61736572206D6F643A
:10AA3000652C4C61746865206D6F646500000000D2
:10AA40005370696E646C652050574D206672657155
:10AA500075656E6379000000487A00002323232384
:10AA6000233000005370696E646C652050574D2090
:10AA70006F66662076616C756500000070657263B4
:10AA8000656E74002323302E30000000313030001A
:10AA90005370696E646C652050574D206D696E204F
:10AAA00076616C75650000005370696E646C65209A
:10AAB00050574D206D61782076616C7565000000FF
:10AAC000537465707065727320746F206B65657068
:10AAD00020656E61626C6564000000005370696EF1
:10AAE000646C652070756C7365732070657220727C
:10AAF00065766F6C7574696F6E202850505229000E
:10AB00002323233000000000456E61626C65206CD9
:10AB1000656761637920525420636F6D6D616E6467
:10AB2000730000004C696D6974206A6F6720636F61
:10AB30006D6D616E647300005061726B696E6720A9
:10AB40006379636C65000000456E61626C652C443E
:10AB50006561637469766174652075706F6E2069D4
:10AB60006E69742C456E61626C65207061726B69F0
:10AB70006E67206F7665727269646520636F6E74AC
:10AB8000726F6C005061726B696E672061786973D7
:10AB900000000000582C592C5A000000486F6D69C5
:10ABA0006E67207061737365730000003132380086
:10ABB0004178657320686F6D696E672C20666972D5
:10ABC00073742070686173650000000041786573DC
:10ABD00020686F6D696E672C207365636F6E6420EB
:10ABE00070686173650000004178657320686F6D5F
:10ABF000696E672C2074686972642070686173657F
:10AC0000000000005061726B696E672070756C6C9B
:10AC10002D6F75742064697374616E636500000044
:10AC2000232323302E3000005061726B696E672041
:10AC300070756C6C2D6F7574207261746500000006
:10AC40005061726B696E6720746172676574000091
:10AC50002D232323302E30002D3130303030300082
:10AC60005061726B696E67206661737420726174E3
:10AC700065000000526573746F7265206F766572AF
:10AC800072696465730000005361666574792064BD
:10AC90006F6F72206F7074696F6E7300536C6565AF
:10ACA0007020656E61626C65000000004665656439
:10ACB00020686F6C6420616374696F6E73000000BC
:10ACC00044697361626C65206C61736572206475A0
:10ACD00072696E6720686F6C642C526573746F7252
:10ACE00065207370696E646C6520616E6420636FAB
:10ACF0006F6C616E74207374617465206F6E207266
:10AD00006573756D65000000466F72636520696E3E
:10AD1000697420616C61726D0000000050726F6296
:10AD2000696E67206F7074696F6E73005370696E1F
:10AD3000646C652073796E6320502D6761696E00C5
:10AD4000232323302E303030000000005370696E12
:10AD5000646C652073796E6320492D6761696E00AC
:10AD60005370696E646C652073796E6320442D673F
:10AD700061696E005370696E646C652073796E63EF
:10AD800020504944206D61782049206572726F72AD
:10AD9000000000002D617869732074726176656C23
:10ADA000207265736F6C7574696F6E0023232323A3
:10ADB00023302E3030302323000000002D617869CD
:10ADC00073206D6178696D756D2072617465000026
:10ADD0002D6178697320616363656C657261746964
:10ADE0006F6E00002D61786973206D6178696D75F3
:10ADF0006D2074726176656C000000002D617869C9
:10AE000073206261636B6C61736820636F6D706542
:10AE10006E736174696F6E002D617869732064755B
:10AE2000616C2061786973206F66667365740000D9
:10AE30002D302E30303000002D3130002D617869FA
:10AE40007320686F6D696E67206C6F636174652035
:10AE50006665656420726174650000002D61786923
:10AE60007320686F6D696E67207365617263682017
:10AE70007365656B20726174650000005370696EC4
:10AE8000646C6520617420737065656420746F6CF8
:10AE90006572616E63650000546F6F6C206368615A
:10AEA0006E6765206D6F6465000000004E6F726D07
:10AEB000616C2C4D616E75616C20746F75636820D8
:10AEC0006F66662C4D616E75616C20746F7563687A
:10AED000206F66662040204735392E332C4175742B
:10AEE0006F6D6174696320746F756368206F666647
:10AEF0002040204735392E332C49676E6F7265200C
:10AF00004D360000546F6F6C206368616E6765207A
:10AF100070726F62696E672064697374616E6365D5
:10AF200000000000546F6F6C206368616E676520DD
:10AF30006C6F636174652066656564207261746519
:10AF400000000000546F6F6C206368616E676520BD
:10AF5000736561726368207365656B2072617465E7
:10AF600000000000546F6F6C206368616E6765209D
:10AF700070726F62652070756C6C2D6F66662072E2
:10AF800061746500546F6F6C206368616E67652043
:10AF90006F7074696F6E7300526573746F726520A1
:10AFA000706F736974696F6E206166746572204D8D
:10AFB000362C4368616E676520746F6F6C20617416
:10AFC000204733302C466173742070726F626520A5
:10AFD00070756C6C206F6666000000004475616CD3
:10AFE0002061786973206C656E677468206661699A
:10AFF0006C0000004475616C2061786973206C6599
:10B000006E677468206661696C206D696E0000006F
:10B010004475616C2061786973206C656E67746833
:10B02000206661696C206D6178000000446973617D
:10B03000626C65204739322070657273697374657C
:10B040006E6365005370696E646C65206F6E20647A
:10B05000656C617900000000436F6F6C616E742055
:10B060006F6E2064656C6179000000004465666164
:10B07000756C74207370696E646C6500506C616EE1
:10B080006E65722062756666657220626C6F636BB6
:10B090007300000031303030000000004175746FE3
:10B0A0007265706F727420696E74657276616C007F
:10B0B0006D730000556E6C6F636B207265717569FE
:10B0C00072656420616674657220452D53746F70DB
:10B0D000000000004B65657020746F6F6C206E750A
:10B0E0006D626572206F766572207265626F6F7433
:10B0F000000000004C6F636B20636F6F7264696EB9
:10B100006174652073797374656D73004735392EEA
:10B11000312C4735392E322C4735392E330000007B
:10B12000456E636F646572207370696E646C650050
:10B130005370696E646C65206F66662064656C612F
:10B140007900000046696C652073797374656D73CE
:10B15000206F7074696F6E7300000000496E766531
:10B16000727420686F6D6520696E7075747300006D
:10B170004D6F746F72207761726E696E6720696EB1
:10B180007075747320656E61626C6500496E7665DA
:10B190007274206D6F746F72207761726E696E6762
:10B1A00020696E70757473004D6F746F72206661E4
:10B1B000756C7420696E7075747320656E61626C55
:10B1C00065000000496E76657274206D6F746F7251
:10B1D000206661756C7420696E7075747300000070
:10B1E000526573657420616374696F6E730000004B
:10B1F000436C65617220686F6D656420737461745F
:10B20000757320696620706F736974696F6E20773B
:10B210006173206C6F73742C436C656172206F6670
:10B220006673657473202865786365707420473988
:10B2300032292C436C6561722072617069647320DD
:10B240006F766572726964652C436C656172206605
:10B25000656564206F766572726964650000000040
:10B260005374657070657220656E61626C652064F0
:10B27000656C61790000000035303000526F6F74EA
:10B280000000000047656E6572616C00436F6E746C
:10B29000726F6C207369676E616C73004C696D69C5
:10B2A000747300004475616C20617869730000005C
:10B2B000436F6F6C616E74005370696E646C6500EF
:10B2C0005370696E646C652073796E6300000000D2
:10B2D000546F6F6C206368616E676500486F6D69BD
:10B2E0006E67000050726F62696E67005061726B2A
:10B2F000696E672F53616665747920646F6F7200A1
:10B300004A6F6767696E6700537465707065720095
:10B31000537465707065722064726976657200009E
:10B320004178697300000000582D6178697300004E
:10B33000592D6178697300005A2D61786973000096
:10B340006F75747075742070617273657220737498
:10B35000617465004A000000244A3D3C67636F64E5
:10B36000653E202D206A6F67206D616368696E6598
:10B3700000000000230000006F7574707574206F6A
:10B380006666736574732C20746F6F6C20746162D1
:10B390006C652C2070726F62696E6720616E64202C
:10B3A000686F6D6520706F736974696F6E0D0A2424
:10B3B000233D3C6E3E202D206F7574707574207691
:10B3C000616C756520666F7220706172616D657465
:10B3D0006572203C6E3E0000243C6E3E202D206FA6
:10B3E00075747075742073657474696E67203C6E33
:10B3F0003E2076616C75650D0A243C6E3E3D3C76C0
:10B40000616C75653E202D2061737369676E203C09
:10B4100076616C75653E20746F2073657474696E17
:10B420006773203C6E3E0D0A2424202D206F757416
:10B4300070757420616C6C2073657474696E67201C
:10B4400076616C7565730D0A24243D3C6E3E202D9B
:10B45000206F75747075742073657474696E6720DD
:10B4600064657461696C7320666F722073657474AF
:10B47000696E67203C6E3E002B0000006F75747093
:10B48000757420616C6C2073657474696E672076C6
:10B49000616C7565730000005345440024534544B6
:10B4A0003D3C6E3E202D206F757470757420736561
:10B4B0007474696E6773206465736372697074690C
:10B4C0006F6E20666F722073657474696E67203CBE
:10B4D0006E3E00004F000000656E61626C65206387
:10B4E0006865636B206D6F64652C203C52657365E5
:10B4F000743E20746F20657869740000756E6C6FFF
:10B50000636B206D616368696E65000048580000D8
:10B5100048590000485A0000485353007265706F44
:10B52000727420686F6D696E6720737769746368E1
:10B530006573207374617475730000002448454C72
:10B5400050202D206F75747075742068656C7020A4
:10B55000746F706963730D0A2448454C50203C7425
:10B560006F7069633E202D206F757470757420684C
:10B57000656C7020666F72203C746F7069633E006A
:10B580005350494E444C455300000000656E756DA4
:10B590006572617465207370696E646C65732C20CC
:10B5A00068756D616E207265616461626C65000032
:10B5B0005350494E444C455348000000656E756D2C
:10B5C0006572617465207370696E646C65732C209C
:10B5D0006D616368696E65207265616461626C6546
:10B5E00000000000534C5000656E74657220736C4F
:10B5F000656570206D6F646500000000544C52005A
:10B6000073657420746F6F6C206F66667365742049
:10B610007265666572656E63650000005450570080
:10B6200070726F626520746F6F6C20706C617465EE
:10B63000000000006F757470757420737973746501
:10B640006D20696E666F726D6174696F6E0D0A248C
:10B65000493D3C737472696E673E202D207365749A
:10B66000206275696C6420696E666F2073747269FC
:10B670006E670000492B00006F757470757420654B
:10B680007874656E6465642073797374656D206980
:10B690006E666F726D6174696F6E00005253540074
:10B6A0006F75747075742073746172747570206C2A
:10B6B000696E6573000000004E3000004E303D3C66
:10B6C00067636F64653E202D207365742073746119
:10B6D00072747570206C696E652030004E31000008
:10B6E0004E313D3C67636F64653E202D2073657469
:10B6F0002073746172747570206C696E65203100FE
:10B7000045410000656E756D657261746520616C00
:10B7100061726D730000000045414700656E756DF4
:10B72000657261746520616C61726D732C20477263
:10B73000626C20666F726D61747465640000000055
:10B7400045450000656E756D6572617465207374A2
:10B750006174757320636F6465730000454547002D
:10B76000656E756D6572617465207374617475734F
:10B7700020636F6465732C204772626C20666F7261
:10B780006D6174746564000045470000656E756DF9
:10B7900065726174652073657474696E6720677281
:10B7A0006F7570730000000045530000656E756D85
:10B7B00065726174652073657474696E67730000E7
:10B7C00045534700656E756D6572617465207365DC
:10B7D0007474696E67732C204772626C20666F7296
:10B7E0006D6174746564000045534800656E756D45
:10B7F00065726174652073657474696E67732C205B
:10B800006772626C48414C20666F726D617474653A
:10B8100064000000452A0000656E756D65726174F4
:10B820006520616C61726D732C2073746174757323
:10B8300020636F64657320616E642073657474693E
:10B840006E67730050494E530000000050494E533C
:10B850005441544500000000504F52545300000022
:10B86000656E756D65726174652073657269616C72
:10B870002028554152542920706F727473000000C3
:10B880004C4556006F7574707574206C617374202C
:10B89000636F6E74726F6C207369676E616C206584
:10B8A00076656E74730000004C494D006F757470BE
:10B8B00075742063757272656E74206C696D69743D
:10B8C0002070696E73000000534400005352000062
:10B8D000534453005245424F4F54000052544300CA
:10B8E00044574E4752440000746F67676C6520737D
:10B8F000657474696E6720666C61677320666F7229
:10B9000020646F776E677261646500004C435F432B
:10B910004F4C4C41544500004C435F4354595045F3
:10B92000000000004C435F4D4F4E455441525900BA
:10B930004C435F4E554D4552494300004C435F54C4
:10B94000494D45004C435F4D4553534147455300D6
:10B95000070000002D890100598901006989010053
:10B960000000000065890100798901002589010036
:10B9700065C8000065C80000858901007189010063
:10B980006D890100718901006189010061890100EF
:10B9900065C800007589010000000000000000007B
:10B9A00000000000000000005072696D6172792093
:10B9B000554152540000000053455249414C205318
:10B9C000545245414D204143544956450000000022
:10B9D00054454C4E45542053545245414D2041430B
:10B9E0005449564500000000574542534F434B45CC
:10B9F000542053545245414D20414354495645002B
:10BA0000424C5545544F4F54482053545245414D94
:10BA1000204143544956450048454C500000000021
:10BA200001000000000202000E0202011C020202DC
:10BA30002A020203380202044602020554020206E8
:10BA400062020207700202087E0202098C02020AE8
:10BA50009A02020B260303006E030301B7030400DE
:10BA600000000000A2000000F900000083000000B8
:10BA70006E0000004E0000004400000015000000B1
:10BA800029000000FC000000270000005700000013
:10BA9000D1000000F500000034000000DD000000CF
:10BAA000C0000000DB000000620000009500000004
:10BAB000990000003C0000004300000090000000DE
:10BAC00041000000FE000000510000006300000083
:10BAD000AB000000DE000000BB000000C50000005D
:10BAE00061000000B7000000240000006E000000AC
:10BAF0003A000000420000004D000000D2000000AB
:10BB0000E000000006000000490000002E000000D8
:10BB1000EA00000009000000D100000092000000CF
:10BB20001C000000FE0000001D000000EB000000F3
:10BB30001C000000B100000029000000A700000068
:10BB40003E000000E8000000820000003500000018
:10BB5000F50000002E000000BB00000044000000C3
:10BB600084000000E90000009C000000700000005C
:10BB700026000000B40000005F0000007E0000000E
:10BB8000410000003900000091000000D6000000D4
:10BB9000390000008300000053000000390000005D
:10BBA000F40000009C000000840000005F00000022
:10BBB0008B000000BD000000F9000000280000001C
:10BBC0003B0000001F000000F8000000970000008C
:10BBD000FF000000DE0000000500000098000000EB
:10BBE0000F000000EF0000002F0000001100000017
:10BBF0008B0000005A0000000A0000006D000000E9
:10BC00001F0000006D000000360000007E000000F4
:10BC1000CF00000027000000CB000000090000005A
:10BC2000B70000004F000000460000003F00000089
:10BC3000660000009E0000005F000000EA000000B7
:10BC40002D0000007500000027000000BA00000071
:10BC5000C7000000EB000000E5000000F10000005C
:10BC60007B0000003D0000000700000039000000DC
:10BC7000F70000008A00000052000000920000005F
:10BC8000EA0000006B000000FB0000005F00000005
:10BC9000B10000001F0000008D0000005D000000EA
:10BCA0000800000056000000030000003000000003
:10BCB00046000000FC0000007B0000006B0000005C
:10BCC000AB000000F0000000CF000000BC0000004E
:10BCD000200000009A000000F40000003600000080
:10BCE0001D000000A9000000E3000000910000001A
:10BCF000610000005E000000E60000001B00000084
:10BD000008000000650000009900000085000000A8
:10BD10005F00000014000000A000000068000000A8
:10BD2000400000008D000000FF000000D80000006F
:10BD3000800000004D00000073000000270000009C
:10BD400031000000060000000600000015000000A1
:10BD500056000000CA00000073000000A8000000A8
:10BD6000C900000060000000E20000007B0000004D
:10BD7000C00000008C0000006B0000000080194033
:10BD800074C00F40C000000019000000EDBB0100AE
:10BD9000000000000200000050851F40010000006C
:10BDA0000100000002000000000000000000000090
:10BDB00000010000F8ED0020120000000006000065
:10BDC000686200600A000000000200000462006077
:10BDD0006200000000070000A06100606200000037
:10BDE000EE03000044F2002012000000000004EE08
:10BDF0001CF2002028000000000300009C6100608D
:10BE000000000000010309048461006000000000DC
:10BE1000020309046C6100600000000003030904D0
:10BE2000E8F9002000000000000000000000000011
:10BE3000000000007C000000220000004E2F4100A6
:10BE40003F00000030303030303030303030303073
:10BE5000303030300000000000000000DC01012024
:10BE600044020120AC02012000000000000000009C
:10BE700000000000000000000000000000000000C2
:10BE800000000000000000000000000000000000B2
:10BE900000000000000000000000000000000000A2
:10BEA0000000000000000000000000000000000092
:10BEB0000000000000000000000000000000000082
:10BEC0000000000000000000000000000000000072
:10BED0000000000000000000000000000000000062
:10BEE0000000000000000000000000000000000052
:10BEF00001000000000000000E33CDAB34126DE6EF
:10BF0000ECDE05000B000000000000000000000057
:10BF10000000000000000000000000000000000021
:10BF20000000000000000000000000000000000011
:10BF30000000000000000000000000000000000001
:10BF400000000000000000000000000000000000F1
:10BF500000000000000000000000000000000000E1
:10BF600000000000000000000000000000000000D1
:10BF700000000000000000000100000000000000C0
:10BF80004A00000000000000000000000000000067
:10BF900000000000000000000000000000000000A1
:10BFA00000000000000000004A0000000000000047
:10BFB0000000000000000000000000000000000081
:10BFC0000000000000000000000000000000000071
:10BFD0000029DE07007B9A1760080020000000009F
:10BFE000E803000000000000C041202043000000E2
:10BFF0000000000000000000000000000000000041
:10C0000000000000000000000000000043000000ED
:10C010000000000000000000000000000000000020
:10C0200000000000000000000000000043000000CD
:10C030000000000000000000000000000000000000
:10C0400000000000000000000000000043000000AD
:10C0500000000000000000000000000000000000E0
:10C06000000000000000000000000000430000008D
:10C0700000000000000000000000000000000000C0
:10C08000000000000000000000000000430000006D
:10C0900000000000000000000000000000000000A0
:10C0A000000000000000000000000000430000004D
:10C0B0000000000000000000000000000000000080
:10C0C0000000000000000000000000004D400200E1
:10C0D0004D6B020000000000F0090020448B00209E
:10C0E0005086002050860020508600205086002078
:10C0F0005086002050860020508600205086002068
:10C1000050860020FFFFFFFFFFFFFFFFFFFFFFFF45
:10C11000FFFF0000010041534349490000000000B7
:10C12000000000000000000000000000000000000F
:10C130000000000000004153434949000000000096
:10C1400000000000000000000000000000000000EF
:10C1500000000000000000000000000000000000DF
:10C16000E8E70020E8E70020F0E70020F0E7002003
:10C17000F8E70020F8E7002000E8002000E80020B1
:10C1800008E8002008E8002010E8002010E800205F
:10C1900018E8002018E8002020E8002020E800200F
:10C1A00028E8002028E8002030E8002030E80020BF
:10C1B00038E8002038E8002040E8002040E800206F
:10C1C00048E8002048E8002050E8002050E800201F
:10C1D00058E8002058E8002060E8002060E80020CF
:10C1E00068E8002068E8002070E8002070E800207F
:10C1F00078E8002078E8002080E8002080E800202F
:10C2000088E8002088E8002090E8002090E80020DE
:10C2100098E8002098E80020A0E80020A0E800208E
:10C22000A8E80020A8E80020B0E80020B0E800203E
:10C23000B8E80020B8E80020C0E80020C0E80020EE
:10C24000C8E80020C8E80020D0E80020D0E800209E
:10C25000D8E80020D8E80020E0E80020E0E800204E
:10C26000E8E80020E8E80020F0E80020F0E80020FE
:10C27000F8E80020F8E8002000E9002000E90020AC
:10C2800008E9002008E9002010E9002010E900205A
:10C2900018E9002018E9002020E9002020E900200A
:10C2A00028E9002028E9002030E9002030E90020BA
:10C2B00038E9002038E9002040E9002040E900206A
:10C2C00048E9002048E9002050E9002050E900201A
:10C2D00058E9002058E9002060E9002060E90020CA
:10C2E00068E9002068E9002070E9002070E900207A
:10C2F00078E9002078E9002080E9002080E900202A
:10C3000088E9002088E9002090E9002090E90020D9
:10C3100098E9002098E90020A0E90020A0E9002089
:10C32000A8E90020A8E90020B0E90020B0E9002039
:10C33000B8E90020B8E90020C0E90020C0E90020E9
:10C34000C8E90020C8E90020D0E90020D0E9002099
:10C35000D8E90020D8E90020E0E90020E0E9002049
:10C36000E8E90020E8E90020F0E90020F0E90020F9
:10C37000F8E90020F8E9002000EA002000EA0020A7
:10C3800008EA002008EA002010EA002010EA002055
:10C3900018EA002018EA002020EA002020EA002005
:10C3A00028EA002028EA002030EA002030EA0020B5
:10C3B00038EA002038EA002040EA002040EA002065
:10C3C00048EA002048EA002050EA002050EA002015
:10C3D00058EA002058EA002060EA002060EA0020C5
:10C3E00068EA002068EA002070EA002070EA002075
:10C3F00078EA002078EA002080EA002080EA002025
:10C4000088EA002088EA002090EA002090EA0020D4
:10C4100098EA002098EA0020A0EA0020A0EA002084
:10C42000A8EA0020A8EA0020B0EA0020B0EA002034
:10C43000B8EA0020B8EA0020C0EA0020C0EA0020E4
:10C44000C8EA0020C8EA0020D0EA0020D0EA002094
:10C45000D8EA0020D8EA0020E0EA0020E0EA002044
:10C46000E8EA0020E8EA0020F0EA0020F0EA0020F4
:10C47000F8EA0020F8EA002000EB002000EB0020A2
:10C4800008EB002008EB002010EB002010EB002050
:10C4900018EB002018EB002020EB002020EB002000
:10C4A00028EB002028EB002030EB002030EB0020B0
:10C4B00038EB002038EB002040EB002040EB002060
:10C4C00048EB002048EB002050EB002050EB002010
:10C4D00058EB002058EB002060EB002060EB0020C0
:10C4E00068EB002068EB002070EB002070EB002070
:10C4F00078EB002078EB002080EB002080EB002020
:10C5000088EB002088EB002090EB002090EB0020CF
:10C5100098EB002098EB0020A0EB0020A0EB00207F
:10C52000A8EB0020A8EB0020B0EB0020B0EB00202F
:10C53000B8EB0020B8EB0020C0EB0020C0EB0020DF
:10C54000C8EB0020C8EB0020D0EB0020D0EB00208F
:10C55000D8EB0020D8EB0020E0EB0020E0EB00203F
:10C56000FFFFFFFF000002000000000003000000CA
:10C57000DC010120E8E400201C0B00201C0B002043
:10C5800006FF03004000000000000000180000004B
:10C59000000000000000000001FF03000200000096
:10C5A0000000000019000000000000000000000072
:10C5B00002FF03000400000000000000170000005C
:10C5C000000000000000000003FF0300080000005E
:10C5D000000000002100000000000000000000003A
:10C5E0000AFF00000004000000000000FF0000003F
:10C5F000000000000100000089FF000000000000B2
:10C6000028000000000000008BFF00000000000078
:10C610000D000000000000008AFF00000000000084
:10C62000140000000000000090FF00000000000067
:10C6300013000000000000008FFF00000000000059
:10C6400012000000000000006D6D2F7365635E3204
:10C65000000000006D6D00006D6D2F6D696E0000B3
:10C66000737465702F6D6D00000000000100000004
:10C67000E83400600000000000000000FFFFFFFF42
:10C68000D0ED002052657365742C466565642068A2
:10C690006F6C642C4379636C652073746172742CC5
:10C6A00053616665747920646F6F722C426C6F639E
:10C6B0006B2064656C6574652C4F7074696F6E6176
:10C6C0006C2073746F702C4553746F702C50726FA4
:10C6D000626520646973636F6E6E65637465642C54
:10C6E0004D6F746F72206661756C742C4D6F746F32
:10C6F00072207761726E696E672C4C696D69747314
:10C70000206F766572726964652C53696E676C651B
:10C71000207374657020626C6F636B732C546F6F41
:10C720006C736574746572206F766572747261766D
:10C73000656C0000466C6F6F642C4D69737400006B
:10C7400030000000185B00600000000000000000E6
:10C7500014000000F83400600000000041000000F8
:10C76000383B00600000000012010002EF020140AF
:10C77000C0168304800201020301000049676E6F46
:10C780007265207768656E2069646C652C4B656501
:10C790007020636F6F6C616E7420737461746520B8
:10C7A0006F6E20646F6F72206F70656E0000000006
:10C7B000FF000000BDE70000BDE70000D00A012037
:10C7C0004175746F206D6F756E74205344206361E2
:10C7D00072642C48696465204C6974746C654653B6
:10C7E0002C48696572617263686963616C206C6969
:10C7F0007374696E67000000582D417869732C5975
:10C800002D417869732C5A2D41786973000000001E
:10C81000456E61626C652C456E61626C6520736962
:10C820006E676C65206178697320636F6D6D616EF2
:10C8300064732C486F6D696E67206F6E207374612E
:10C84000727475702072657175697265642C5365B8
:10C8500074206D616368696E65206F726967696EC7
:10C8600020746F20302C54776F207377697463685D
:10C87000657320736861726573206F6E6520696EE1
:10C880007075742C416C6C6F77206D616E75616C86
:10C890002C4F76657272696465206C6F636B732CC4
:10C8A0004E2F412C557365206C696D697420737728
:10C8B0006974636865732C506572206178697320B0
:10C8C0006665656472617465732C52756E2073744D
:10C8D00061727475702073637269707473206F6E07
:10C8E0006C79206F6E20686F6D696E6720636F6D65
:10C8F000706C6574656400001E000000000000009C
:10C9000000001F00000000000002000038010120AC
:10C910000000000000000000000000000000000017
:10C9200000000000230000000000000000001E00C6
:10C930000000000000020000400101200000000093
:10C9400000000000000000000000000000000000E7
:10C95000240000000000000000001C000000000097
:10C96000000200004801012000000000000000005B
:10C97000000000000000000000000000280000008F
:10C980000000000000001D00000000000002000088
:10C990005001012000000000000000000000000025
:10C9A00000000000000000003E0000000000000049
:10C9B000000024000000000000001000880001209A
:10C9C0000000000000000000000000000000000067
:10C9D000000000003F0000000000000000002700F1
:10C9E0000000000000001000900001200000000086
:10C9F0000000000000000000000000000000000037
:10CA000040000000000000000000220000000000C4
:10CA100000001000A0000120000000000000000045
:10CA200000000000000000000000000041000000C5
:10CA300000000000000023000000000000001000C3
:10CA4000A80001200000000000000000000000001D
:10CA50000000000000000000420000000000000094
:10CA6000000029000000000000001000B0000120BC
:10CA700000000000000000000000000000000000B6
:10CA8000000000004300000000000000000026003D
:10CA90000000000000001000B800012000000000AD
:10CAA0000000000000000000000000000000000086
:10CAB0004400000000000000000021000000000011
:10CAC00000001000C0000120000000000000000075
:10CAD0000000000000000000000000004500000011
:10CAE0000000000000000F00000000000000100027
:10CAF000C80001200000000000000000000000004D
:10CB000000000000000000004600000000000000DF
:10CB1000000018000000000000001000D0000120FC
:10CB20000000000000000000000000000000000005
:10CB30000000000047000000000000000000190095
:10CB40000000000000001000D800012000000000DC
:10CB500000000000000000000000000000000000D5
:10CB60004800000000000000000017000000000066
:10CB700000001000980001200000000000000000EC
:10CB8000000000000000000000000000280000007D
:10CB900000010400010000000000000002015749EC
:10CBA0004E5553420000000000000000000000004D
:10CBB0000000000012034D005300460054003100F5
:10CBC00030003000F80000000700000007000000FF
:10CBD00001000000085B0060000000000000000091
:10CBE0000008000006000000000000000000000037
:10CBF0000000000000000000000000000000000035
:10CC00000000000000000000000000000000000024
:10CC10000000000000000000000000000000000014
:10CC20000000000000000000000000000000000004
:10CC30000000000000000000000000005E00000096
:10CC4000E01B0120050000000700000000000000BC
:10CC5000000000000000000060000000E81B012050
:10CC600002000000070000000000000000000000BB
:10CC70000000000062000000F81B01200900000015
:10CC8000070000000000000000000000000000009D
:10CC900061000000F01B01200700000007000000F9
:10CCA000000000000000000000000000690000001B
:10CCB000CC04012004000000080000000000000077
:10CCC00000000000000000006B000000D404012000
:10CCD0000300000008000000000000000000000049
:10CCE000000000006D000000E404012008000000C6
:10CCF000080000000000000000000000000000002C
:10CD00006C000000DC0401200600000008000000A8
:10CD10000000000000000000000000007F00000094
:10CD2000200501200A0000000600000000000000AD
:10CD30000000000000000000800000002805012025
:10CD40000B000000060000000000000000000000D2
:10CD50000000000081000000380501200E000000E6
:10CD600006000000000000000000000000000000BD
:10CD700080000000300501200C00000006000000CB
:10CD80000000000000000000000000009100000012
:10CD9000E000012016000000090000000000000073
:10CDA000000000000000000092000000E8000120E8
:10CDB0001A00000009000000000000000000000050
:10CDC0000000000093000000F00001201B000000A4
:10CDD000090000000000000000000000000000004A
:10CDE00094000000F8000120280000000900000065
:10CDF000000000000000000000000000950000009E
:10CE000000010120140000000900000000000000E3
:10CE10000000000000000000960000000801012052
:10CE20000D000000090000000000000000000000EC
:10CE30000000000097000000100101201300000016
:10CE400009000000000000000000000000000000D9
:10CE500098000000180101201200000009000000E5
:10CE600000000000000000000000000000000000C2
:10CE700000000000000000000000000000000000B2
:10CE800000000000000000000000000000000000A2
:10CE90000000000000000000000000000000000092
:10CEA0000000000000000000000000000000000082
:10CEB0000000000000000000000000000000000072
:10CEC0000000000000000000000000000000000062
:10CED0000000000000000000000000000000000052
:10CEE0000000000000000000000000000000000042
:10CEF0000000000000000000000000000000000032
:10CF00000000000000000000000000000000000021
:10CF10000000000000000000000000000000000011
:10CF20000700FFFFFFFF00000800565D0000000043
:10CF300000000000000000000000000000000000F1
:10CF400000000000000000000100000000000000E0
:10CF500000000000000000000000000000000000D1
:10CF600000000000000000000000000000000000C1
:10CF700000000000000000000000000000000000B1
:10CF800000000000000000000000000000000000A1
:10CF90000000000000000000000000000000000091
:10CFA0000000000000000000000000000000000081
:10CFB0000000000000000000000000000000000071
:10CFC0000000000000000000000000000000000061
:10CFD0000000000000000000000000000000000051
:10CFE0000000000000000000000000000000000041
:10CFF0000000000000000000000000000700FFFF2C
:10D00000FFFF00000800A9B00000000000000000C1
:10D010000000000000000000000000000000000010
:10D0200000000000020000000000000000000000FE
:10D0300000000000000000000000000000000000F0
:10D0400000000000000000000000000000000000E0
:10D0500000000000000000000000000000000000D0
:10D0600000000000000000000000000000000000C0
:10D0700000000000000000000000000000000000B0
:10D0800000000000000000000000000000000000A0
:10D090000000000000000000000000000000000090
:10D0A0000000000000000000000000000000000080
:10D0B0000000000000000000000000000000000070
:10D0C0000000000000000000000000000000000060
:10D0D00000000000000000001700FFFFFFFF00003D
:10D0E00018003E5500000000000000000000000095
:10D0F0000000000000000000000000000000000030
:10D10000030000000000000000000000000000001C
:10D11000000000000000000000000000000000000F
:10D1200000000000000000000000000000000000FF
:10D1300000000000000000000000000000000000EF
:10D1400000000000000000000000000000000000DF
:10D1500000000000000000000000000000000000CF
:10D1600000000000000000000000000000000000BF
:10D1700000000000000000000000000000000000AF
:10D18000000000000000000000000000000000009F
:10D19000000000000000000000000000000000008F
:10D1A000000000000000000000000000000000007F
:10D1B000000000001700FFFFFFFF0000180091A80B
:10D1C000000000000000000000000000000000005F
:10D1D00000000000000000000000000050726F62BC
:10D1E000652C546F6F6C7365747465722C50726F1C
:10D1F0006265203200000000416C6C6F772066652C
:10D200006564206F766572726964652C4170706C1C
:10D210007920736F6674206C696D6974732C4E2F5E
:10D22000412C4175746F2073656C65637420746F55
:10D230006F6C7365747465722C4175746F207365BF
:10D240006C6563742070726F626520322C50726F4F
:10D2500062652070726F74656374696F6E000000A0
:10D260000000000000000000000000000000803FFF
:10D270000000803F0000803F00001500E92A0060A8
:10D2800021BA010001BA010000011500792A0060ED
:10D2900021BA010001BA010001130000245A006004
:10D2A00064000000644700606600000034440060D1
:10D2B0000000000000000000D14601000000000056
:10D2C000000000000000000000000000010100005C
:10D2D000487C002002000000547C00200200000076
:10D2E000B47C00200000000000000000D1460100D6
:10D2F000000000000000000000000000000000002E
:10D3000028F900205370696E646C6520656E616257
:10D310006C652C5370696E646C652064697265631A
:10D3200074696F6E2C50574D000000005972010057
:10D330000000000000C2010000000000000000002A
:10D3400000C201000000000060F2002002000000A6
:10D3500008F90020000000000C030000000000009D
:10D360000000000000000000000000000000FF00BE
:10D3700000000000000000000000000000000000AD
:10D38000000000000000000000000000000000009D
:10D39000000000000000000000000000000000008D
:10D3A000000000000000000000000000000000007D
:10D3B000000000000000000000000000000000006D
:10D3C000000000000000000000000000000000005D
:10D3D000000000000000000000000000000000004D
:10D3E000000000000000000000000000000000003D
:10D3F000000000000000000000000000000000002D
:10D40000000000000000000000000000000000001C
:10D41000000000000000000000000000000000000C
:10D4200000000000000000000000000000000000FC
:10D4300000000000000000000000000000000000EC
:10D4400000000000000000000000000000000000DC
:10D4500000000000000000000000000000000000CC
:10D4600000000000000000000000000000000000BC
:10D4700000000000000000000000000000000000AC
:10D48000000000000000000000000000000000009C
:10D49000000000000000000000000000000000008C
:10D4A000000000000000000000000000000000007C
:10D4B000000000000000000000000000000000006C
:10D4C000000000000000000000000000000000005C
:10D4D000000000000000000000000000000000004C
:10D4E000000000000000000000000000000000003C
:10D4F000000000000000000000000000000000002C
:10D50000000000000000000000000000000000001B
:10D51000000000000000000000000000000000000B
:10D5200000000000000000000000000000000000FB
:10D5300000000000000000000000000000000000EB
:10D5400000000000000000000000000000000000DB
:10D5500000000000000000000000000000000000CB
:10D5600000000000000000000000000000000000BB
:10D5700000000000000000000000000000000000AB
:10D58000000000000000000000000000000000009B
:10D59000000000000000000000000000000000008B
:10D5A000000000000000000000000000000000007B
:10D5B000000000000000000000000000000000006B
:10D5C000000000000000000000000000000000005B
:10D5D000000000000000000000000000000000004B
:10D5E000000000000000000000000000000000003B
:10D5F000000000000000000000000000000000002B
:10D60000000000000000000000000000000000001A
:10D61000000000000000000000000000000000000A
:10D6200000000000000000000000000000000000FA
:10D6300000000000000000000000000000000000EA
:10D6400000000000000000000000000000000000DA
:10D6500000000000000000000000000000000000CA
:10D6600000000000000000000000000000000000BA
:10D6700000000000000000000000000000000000AA
:10D68000000000000000000000000000000000009A
:10D69000000000000000000000000000000000008A
:10D6A000000000000000000000000000000000007A
:10D6B000000000000000000000000000000000006A
:10D6C000000000000000000000000000000000005A
:10D6D000000000000000000000000000000000004A
:10D6E000000000000000000000000000000000003A
:10D6F000000000000000000000000000000000002A
:10D700000000000000000000000000000000000019
:10D710000000000000000000000000000000000009
:10D7200000000000000000000000000000000000F9
:10D7300000000000000000000000000000000000E9
:10D7400000000000000000000000000000000000D9
:10D7500000000000000000000000000000000000C9
:10D7600000000000000000000000000000000000B9
:10D7700000000000000000000000000000000000A9
:10D780000000000000000000000000000000000099
:10D790000000000000000000000000000000000089
:10D7A0000000000000000000000000000000000079
:10D7B0000000000000000000000000000000000069
:10D7C0000000000000000000000000000000000059
:10D7D0000000000000000000000000000000000049
:10D7E0000000000000000000000000000000000039
:10D7F0000000000000000000000000000000000029
:10D800000000000000000000000000000000000018
:10D810000000000000000000000000000000000008
:10D8200000000000000000000000000000000000F8
:10D83000FFFFFFFFFFFFFFFFFFFFFFFFFFFFFFFFF8
:10D84000FFFFFFFFFFFFFFFFFFFFFFFFFFFFFFFFE8
:10D85000FFFFFFFFFFFFFFFFFFFFFFFFFFFFFFFFD8
:10D86000FFFFFFFFFFFFFFFFFFFFFFFFFFFFFFFFC8
:10D87000FFFFFFFFFFFFFFFFFFFFFFFFFFFFFFFFB8
:10D88000FFFFFFFFFFFFFFFFFFFFFFFFFFFFFFFFA8
:10D89000FFFFFFFFFFFFFFFFFFFFFFFFFFFFFFFF98
:10D8A000FFFFFFFFFFFFFFFFFFFFFFFFFFFFFFFF88
:10D8B000FFFFFFFFFFFFFFFFFFFFFFFFFFFFFFFF78
:10D8C000FFFFFFFFFFFFFFFFFFFFFFFFFFFFFFFF68
:10D8D000FFFFFFFFFFFFFFFFFFFFFFFFFFFFFFFF58
:10D8E000FFFFFFFFFFFFFFFFFFFFFFFFFFFFFFFF48
:10D8F000FFFFFFFFFFFFFFFFFFFFFFFFFFFFFFFF38
:10D90000FFFFFFFFFFFFFFFFFFFFFFFFFFFFFFFF27
:10D91000FFFFFFFFFFFFFFFFFFFFFFFFFFFFFFFF17
:10D92000FFFFFFFFFFFFFFFFFFFFFFFFFFFFFFFF07
:10D93000FFFFFFFFFFFFFFFFFFFFFFFFFFFFFFFFF7
:10D94000FFFFFFFFFFFFFFFFFFFFFFFFFFFFFFFFE7
:10D95000FFFFFFFFFFFFFFFFFFFFFFFFFFFFFFFFD7
:10D96000FFFFFFFFFFFFFFFFFFFFFFFFFFFFFFFFC7
:10D97000FFFFFFFFFFFFFFFFFFFFFFFFFFFFFFFFB7
:10D98000FFFFFFFFFFFFFFFFFFFFFFFFFFFFFFFFA7
:10D99000FFFFFFFFFFFFFFFFFFFFFFFFFFFFFFFF97
:10D9A000FFFFFFFFFFFFFFFFFFFFFFFFFFFFFFFF87
:10D9B000FFFFFFFFFFFFFFFFFFFFFFFFFFFFFFFF77
:10D9C000FFFFFFFFFFFFFFFFFFFFFFFFFFFFFFFF67
:10D9D000FFFFFFFFFFFFFFFFFFFFFFFFFFFFFFFF57
:10D9E000FFFFFFFFFFFFFFFFFFFFFFFFFFFFFFFF47
:10D9F000FFFFFFFFFFFFFFFFFFFFFFFFFFFFFFFF37
:10DA0000FFFFFFFFFFFFFFFFFFFFFFFFFFFFFFFF26
:10DA1000FFFFFFFFFFFFFFFFFFFFFFFFFFFFFFFF16
:10DA2000FFFFFFFFFFFFFFFFFFFFFFFFFFFFFFFF06
:10DA3000FFFFFFFFFFFFFFFFFFFFFFFFFFFFFFFFF6
:10DA4000FFFFFFFFFFFFFFFFFFFFFFFFFFFFFFFFE6
:10DA5000FFFFFFFFFFFFFFFFFFFFFFFFFFFFFFFFD6
:10DA6000FFFFFFFFFFFFFFFFFFFFFFFFFFFFFFFFC6
:10DA7000FFFFFFFFFFFFFFFFFFFFFFFFFFFFFFFFB6
:10DA8000FFFFFFFFFFFFFFFFFFFFFFFFFFFFFFFFA6
:10DA9000FFFFFFFFFFFFFFFFFFFFFFFFFFFFFFFF96
:10DAA000FFFFFFFFFFFFFFFFFFFFFFFFFFFFFFFF86
:10DAB000FFFFFFFFFFFFFFFFFFFFFFFFFFFFFFFF76
:10DAC000FFFFFFFFFFFFFFFFFFFFFFFFFFFFFFFF66
:10DAD000FFFFFFFFFFFFFFFFFFFFFFFFFFFFFFFF56
:10DAE000FFFFFFFFFFFFFFFFFFFFFFFFFFFFFFFF46
:10DAF000FFFFFFFFFFFFFFFFFFFFFFFFFFFFFFFF36
:10DB0000FFFFFFFFFFFFFFFFFFFFFFFFFFFFFFFF25
:10DB1000FFFFFFFFFFFFFFFFFFFFFFFFFFFFFFFF15
:10DB2000FFFFFFFFFFFFFFFFFFFFFFFFFFFFFFFF05
:10DB3000FFFFFFFFFFFFFFFFFFFFFFFFFFFFFFFFF5
:10DB4000FFFFFFFFFFFFFFFFFFFFFFFFFFFFFFFFE5
:10DB5000FFFFFFFFFFFFFFFFFFFFFFFFFFFFFFFFD5
:10DB6000FFFFFFFFFFFFFFFFFFFFFFFFFFFFFFFFC5
:10DB7000FFFFFFFFFFFFFFFFFFFFFFFFFFFFFFFFB5
:10DB8000FFFFFFFFFFFFFFFFFFFFFFFFFFFFFFFFA5
:10DB9000FFFFFFFFFFFFFFFFFFFFFFFFFFFFFFFF95
:10DBA000FFFFFFFFFFFFFFFFFFFFFFFFFFFFFFFF85
:10DBB000FFFFFFFFFFFFFFFFFFFFFFFFFFFFFFFF75
:10DBC000FFFFFFFFFFFFFFFFFFFFFFFFFFFFFFFF65
:10DBD000FFFFFFFFFFFFFFFFFFFFFFFFFFFFFFFF55
:10DBE000FFFFFFFFFFFFFFFFFFFFFFFFFFFFFFFF45
:10DBF000FFFFFFFFFFFFFFFFFFFFFFFFFFFFFFFF35
:10DC00000000000000000000000000000000000014
:10DC10000000000000000000000000000000000004
:10DC200000000000000000000000000000000000F4
:10DC300000000000000000000000000000000000E4
:10DC400000000000000000000000000000000000D4
:10DC500000000000000000000000000000000000C4
:10DC600000000000000000000000000000000000B4
:10DC700000000000000000000000000000000000A4
:10DC80000000000000000000000000000000000094
:10DC90000000000000000000000000000000000084
:10DCA0000000000000000000000000000000000074
:10DCB0000000000000000000000000000000000064
:10DCC0000000000000000000000000000000000054
:10DCD0000000000000000000000000000000000044
:10DCE0000000000000000000000000000000000034
:10DCF0000000000000000000000000000000000024
:10DD00000000000000000000000000000000000013
:10DD10000000000000000000000000000000000003
:10DD200000000000000000000000000000000000F3
:10DD300000000000000000000000000000000000E3
:10DD400000000000000000000000000000000000D3
:10DD500000000000000000000000000000000000C3
:10DD600000000000000000000000000000000000B3
:10DD700000000000000000000000000000000000A3
:10DD80000000000000000000000000000000000093
:10DD90000000000000000000000000000000000083
:10DDA0000000000000000000000000000000000073
:10DDB0000000000000000000000000000000000063
:10DDC0000000000000000000000000000000000053
:10DDD0000000000000000000000000000000000043
:10DDE0000000000000000000000000000000000033
:10DDF0000000000000000000000000000000000023
:10DE00000000000000000000000000000000000012
:10DE10000000000000000000000000000000000002
:10DE200000000000000000000000000000000000F2
:10DE300000000000000000000000000000000000E2
:10DE400000000000000000000000000000000000D2
:10DE500000000000000000000000000000000000C2
:10DE600000000000000000000000000000000000B2
:10DE700000000000000000000000000000000000A2
:10DE80000000000000000000000000000000000092
:10DE90000000000000000000000000000000000082
:10DEA0000000000000000000000000000000000072
:10DEB0000000000000000000000000000000000062
:10DEC0000000000000000000000000000000000052
:10DED0000000000000000000000000000000000042
:10DEE0000000000000000000000000000000000032
:10DEF0000000000000000000000000000000000022
:10DF00000000000000000000000000000000000011
:10DF10000000000000000000000000000000000001
:10DF200000000000000000000000000000000000F1
:10DF300000000000000000000000000000000000E1
:10DF400000000000000000000000000000000000D1
:10DF500000000000000000000000000000000000C1
:10DF600000000000000000000000000000000000B1
:10DF700000000000000000000000000000000000A1
:10DF80000000000000000000000000000000000091
:10DF90000000000000000000000000000000000081
:10DFA0000000000000000000000000000000000071
:10DFB0000000000000000000000000000000000061
:10DFC0000000000000000000000000000000000051
:10DFD0000000000000000000000000000000000041
:10DFE0000000000000000000000000000000000031
:10DFF0000000000000000000000000000000000021
:10E000000000000000000000000000000000000010
:10E010000000000000000000000000000000000000
:10E0200000000000000000000000000000000000F0
:10E0300000000000000000000000000000000000E0
:10E0400000000000000000000000000000000000D0
:10E0500000000000000000000000000000000000C0
:10E0600000000000000000000000000000000000B0
:10E0700000000000000000000000000000000000A0
:10E080000000000000000000000000000000000090
:10E090000000000000000000000000000000000080
:10E0A0000000000000000000000000000000000070
:10E0B0000000000000000000000000000000000060
:10E0C0000000000000000000000000000000000050
:10E0D0000000000000000000000000000000000040
:10E0E0000000000000000000000000000000000030
:10E0F0000000000000000000000000000000000020
:10E10000000000000000000000000000000000000F
:10E1100000000000000000000000000000000000FF
:10E1200000000000000000000000000000000000EF
:10E1300000000000000000000000000000000000DF
:10E1400000000000000000000000000000000000CF
:10E1500000000000000000000000000000000000BF
:10E1600000000000000000000000000000000000AF
:10E17000000000000000000000000000000000009F
:10E18000000000000000000000000000000000008F
:10E19000000000000000000000000000000000007F
:10E1A000000000000000000000000000000000006F
:10E1B000000000000000000000000000000000005F
:10E1C000000000000000000000000000000000004F
:10E1D000000000000000000000000000000000003F
:10E1E000000000000000000000000000000000002F
:10E1F000000000000000000000000000000000001F
:10E20000000000000000000000000000000000000E
:10E2100000000000000000000000000000000000FE
:10E2200000000000000000000000000000000000EE
:10E2300000000000000000000000000000000000DE
:10E2400000000000000000000000000000000000CE
:10E2500000000000000000000000000000000000BE
:10E2600000000000000000000000000000000000AE
:10E27000000000000000000000000000000000009E
:10E28000000000000000000000000000000000008E
:10E29000000000000000000000000000000000007E
:10E2A000000000000000000000000000000000006E
:10E2B000000000000000000000000000000000005E
:10E2C000000000000000000000000000000000004E
:10E2D000000000000000000000000000000000003E
:10E2E000000000000000000000000000000000002E
:10E2F000000000000000000000000000000000001E
:10E30000000000000000000000000000000000000D
:10E3100000000000000000000000000000000000FD
:10E3200000000000000000000000000000000000ED
:10E3300000000000000000000000000000000000DD
:10E3400000000000000000000000000000000000CD
:10E3500000000000000000000000000000000000BD
:10E3600000000000000000000000000000000000AD
:10E37000000000000000000000000000000000009D
:10E38000000000000000000000000000000000008D
:10E39000000000000000000000000000000000007D
:10E3A000000000000000000000000000000000006D
:10E3B000000000000000000000000000000000005D
:10E3C000000000000000000000000000000000004D
:10E3D000000000000000000000000000000000003D
:10E3E000000000000000000000000000000000002D
:10E3F000000000000000000000000000000000001D
:10E40000000000000000000000000000000000000C
:10E4100000000000000000000000000000000000FC
:10E4200000000000000000000000000000000000EC
:10E4300000000000000000000000000000000000DC
:10E4400000000000000000000000000000000000CC
:10E4500000000000000000000000000000000000BC
:10E4600000000000000000000000000000000000AC
:10E47000000000000000000000000000000000009C
:10E48000000000000000000000000000000000008C
:10E49000000000000000000000000000000000007C
:10E4A000000000000000000000000000000000006C
:10E4B000000000000000000000000000000000005C
:10E4C000000000000000000000000000000000004C
:10E4D000000000000000000000000000000000003C
:10E4E000000000000000000000000000000000002C
:10E4F000000000000000000000000000000000001C
:10E50000000000000000000000000000000000000B
:10E5100000000000000000000000000000000000FB
:10E5200000000000000000000000000000000000EB
:10E5300000000000000000000000000000000000DB
:10E5400000000000000000000000000000000000CB
:10E5500000000000000000000000000000000000BB
:10E5600000000000000000000000000000000000AB
:10E57000000000000000000000000000000000009B
:10E58000000000000000000000000000000000008B
:10E59000000000000000000000000000000000007B
:10E5A000000000000000000000000000000000006B
:10E5B000000000000000000000000000000000005B
:10E5C000000000000000000000000000000000004B
:10E5D000000000000000000000000000000000003B
:10E5E000000000000000000000000000000000002B
:10E5F000000000000000000000000000000000001B
:10E60000000000000000000000000000000000000A
:10E6100000000000000000000000000000000000FA
:10E6200000000000000000000000000000000000EA
:10E6300000000000000000000000000000000000DA
:10E6400000000000000000000000000000000000CA
:10E6500000000000000000000000000000000000BA
:10E6600000000000000000000000000000000000AA
:10E67000000000000000000000000000000000009A
:10E68000000000000000000000000000000000008A
:10E69000000000000000000000000000000000007A
:10E6A000000000000000000000000000000000006A
:10E6B000000000000000000000000000000000005A
:10E6C000000000000000000000000000000000004A
:10E6D000000000000000000000000000000000003A
:10E6E000000000000000000000000000000000002A
:10E6F000000000000000000000000000000000001A
:10E700000000000000000000000000000000000009
:10E7100000000000000000000000000000000000F9
:10E7200000000000000000000000000000000000E9
:10E7300000000000000000000000000000000000D9
:10E7400000000000000000000000000000000000C9
:10E7500000000000000000000000000000000000B9
:10E7600000000000000000000000000000000000A9
:10E770000000000000000000000000000000000099
:10E780000000000000000000000000000000000089
:10E790000000000000000000000000000000000079
:10E7A0000000000000000000000000000000000069
:10E7B0000000000000000000000000000000000059
:10E7C0000000000000000000000000000000000049
:10E7D0000000000000000000000000000000000039
:10E7E0000000000000000000000000000000000029
:10E7F0000000000000000000000000000000000019
:040000056000100087
:00000001FF
